CODGEO,etiquette_dpe,etiquette_ges,type_batiment,annee_construction,surface_habitable_logement,consommation_energie_primaire,date_reception_dpe,region,region_code,est_passoire
77131,F,D,appartement,1953,60.2,337.0,2021-07-01,Île-de-France,11,1
77140,E,G,maison,1982,31.6,360.0,2021-07-01,Île-de-France,11,0
91015,E,G,appartement,1982,48.9,648.0,2021-07-01,Île-de-France,11,0
78346,C,G,appartement,1997,54.9,298.0,2021-07-01,Île-de-France,11,0
93186,B,E,maison,1990,45.0,131.0,2021-07-02,Île-de-France,11,0
92077,F,D,maison,1932,86.5,340.0,2021-07-02,Île-de-France,11,1
92102,D,D,maison,1991,54.3,248.0,2021-07-02,Île-de-France,11,0
94387,D,D,appartement,1979,82.9,231.0,2021-07-02,Île-de-France,11,0
78318,C,E,maison,2015,59.0,163.0,2021-07-03,Île-de-France,11,0
93361,D,G,maison,1980,119.1,289.0,2021-07-03,Île-de-France,11,0
92051,D,D,maison,1980,76.3,298.0,2021-07-03,Île-de-France,11,0
91342,E,F,maison,1985,62.2,339.0,2021-07-03,Île-de-France,11,0
94339,F,D,maison,1937,247.9,629.0,2021-07-04,Île-de-France,11,1
75019,E,C,appartement,1985,60.2,532.0,2021-07-04,Île-de-France,11,0
95215,D,E,appartement,1992,94.2,202.0,2021-07-04,Île-de-France,11,0
93379,C,G,appartement,1994,90.9,242.0,2021-07-04,Île-de-France,11,0
91197,E,G,appartement,1976,52.8,644.0,2021-07-05,Île-de-France,11,0
94251,D,E,appartement,1966,66.6,325.0,2021-07-05,Île-de-France,11,0
94280,B,D,appartement,1985,103.0,128.0,2021-07-05,Île-de-France,11,0
94300,E,E,appartement,1989,33.8,655.0,2021-07-05,Île-de-France,11,0
78369,D,D,maison,1983,54.9,156.0,2021-07-06,Île-de-France,11,0
92278,C,E,maison,1992,61.5,182.0,2021-07-06,Île-de-France,11,0
91161,B,D,maison,1998,124.5,105.0,2021-07-06,Île-de-France,11,0
95297,D,D,maison,1972,58.9,215.0,2021-07-06,Île-de-France,11,0
78009,B,C,maison,1991,79.6,113.0,2021-07-07,Île-de-France,11,0
91138,E,D,maison,1981,41.9,532.0,2021-07-07,Île-de-France,11,0
92095,B,D,immeuble,1996,27.6,96.0,2021-07-07,Île-de-France,11,0
92274,D,E,maison,1990,49.2,298.0,2021-07-07,Île-de-France,11,0
91363,D,D,maison,1971,84.0,209.0,2021-07-08,Île-de-France,11,0
95159,C,D,maison,1988,75.9,301.0,2021-07-08,Île-de-France,11,0
95386,D,B,maison,1978,59.4,260.0,2021-07-08,Île-de-France,11,0
94109,D,D,appartement,1972,119.1,263.0,2021-07-08,Île-de-France,11,0
91159,A,E,appartement,2010,51.9,92.0,2021-07-09,Île-de-France,11,0
92367,F,G,appartement,1969,27.4,465.0,2021-07-09,Île-de-France,11,1
78333,C,D,appartement,2000,56.3,178.0,2021-07-09,Île-de-France,11,0
75052,C,D,maison,1993,75.3,318.0,2021-07-09,Île-de-France,11,0
92051,E,G,appartement,1975,76.7,561.0,2021-07-10,Île-de-France,11,0
91063,B,D,appartement,2007,106.1,90.0,2021-07-10,Île-de-France,11,0
91033,D,B,appartement,1966,62.0,157.0,2021-07-10,Île-de-France,11,0
94235,D,F,immeuble,1980,148.3,239.0,2021-07-10,Île-de-France,11,0
92040,D,E,maison,1984,99.1,170.0,2021-07-11,Île-de-France,11,0
95124,G,A,maison,1925,49.4,416.0,2021-07-11,Île-de-France,11,1
93244,E,F,maison,1968,108.9,572.0,2021-07-11,Île-de-France,11,0
94262,D,F,appartement,1994,41.7,299.0,2021-07-12,Île-de-France,11,0
94369,F,C,immeuble,1935,85.3,354.0,2021-07-12,Île-de-France,11,1
95377,F,C,appartement,1954,54.8,356.0,2021-07-12,Île-de-France,11,1
77247,C,F,maison,1995,48.4,308.0,2021-07-12,Île-de-France,11,0
93015,D,F,appartement,1977,37.1,162.0,2021-07-13,Île-de-France,11,0
94238,C,G,maison,2016,42.1,272.0,2021-07-13,Île-de-France,11,0
78322,D,G,appartement,1980,92.5,316.0,2021-07-13,Île-de-France,11,0
95220,G,F,appartement,1957,40.5,543.0,2021-07-13,Île-de-France,11,1
92136,D,D,maison,1986,134.8,264.0,2021-07-14,Île-de-France,11,0
91084,D,F,appartement,1967,149.3,162.0,2021-07-14,Île-de-France,11,0
94160,F,C,appartement,1966,101.1,347.0,2021-07-14,Île-de-France,11,1
93365,G,E,appartement,1929,56.0,566.0,2021-07-14,Île-de-France,11,1
95051,C,F,maison,2001,44.3,283.0,2021-07-15,Île-de-France,11,0
78395,E,G,appartement,1992,83.6,687.0,2021-07-15,Île-de-France,11,0
91328,B,G,maison,1989,28.6,98.0,2021-07-15,Île-de-France,11,0
91206,C,F,maison,1995,72.0,284.0,2021-07-15,Île-de-France,11,0
95141,D,G,maison,1966,98.8,221.0,2021-07-16,Île-de-France,11,0
94042,E,D,immeuble,1993,117.8,542.0,2021-07-16,Île-de-France,11,0
92359,D,F,appartement,1978,65.6,281.0,2021-07-16,Île-de-France,11,0
92386,C,A,maison,2006,85.8,166.0,2021-07-16,Île-de-France,11,0
75015,C,D,maison,1993,48.6,248.0,2021-07-17,Île-de-France,11,0
94155,F,D,appartement,1938,18.0,468.0,2021-07-17,Île-de-France,11,1
95081,E,E,appartement,1994,113.1,691.0,2021-07-17,Île-de-France,11,0
93298,G,F,appartement,1949,124.7,523.0,2021-07-17,Île-de-France,11,1
91390,D,B,maison,1977,91.2,250.0,2021-07-18,Île-de-France,11,0
77089,D,E,appartement,1965,111.7,298.0,2021-07-18,Île-de-France,11,0
77385,F,F,maison,1954,71.6,430.0,2021-07-18,Île-de-France,11,1
95339,E,F,maison,1987,42.5,420.0,2021-07-18,Île-de-France,11,0
77188,D,G,maison,1979,25.9,250.0,2021-07-19,Île-de-France,11,0
91120,D,B,maison,1974,55.5,284.0,2021-07-19,Île-de-France,11,0
94034,C,D,appartement,1988,75.5,193.0,2021-07-19,Île-de-France,11,0
95152,F,D,appartement,1923,91.5,522.0,2021-07-19,Île-de-France,11,1
93076,C,A,appartement,2019,58.2,175.0,2021-07-20,Île-de-France,11,0
94349,D,F,appartement,1994,25.1,223.0,2021-07-20,Île-de-France,11,0
93296,D,E,appartement,1994,32.6,198.0,2021-07-20,Île-de-France,11,0
91348,C,D,appartement,2008,147.9,274.0,2021-07-20,Île-de-France,11,0
93327,F,D,maison,1960,54.0,577.0,2021-07-21,Île-de-France,11,1
93206,D,D,appartement,1970,90.1,308.0,2021-07-21,Île-de-France,11,0
92228,G,F,maison,1923,61.1,656.0,2021-07-21,Île-de-France,11,1
94328,F,D,maison,1960,50.3,544.0,2021-07-21,Île-de-France,11,1
94080,D,B,maison,1975,33.2,250.0,2021-07-22,Île-de-France,11,0
77189,A,C,maison,1988,49.0,133.0,2021-07-22,Île-de-France,11,0
78250,B,E,appartement,1985,75.4,87.0,2021-07-22,Île-de-France,11,0
94186,F,D,maison,1924,62.8,607.0,2021-07-23,Île-de-France,11,1
78266,D,F,maison,1993,64.7,327.0,2021-07-23,Île-de-France,11,0
93156,B,D,appartement,2017,103.1,143.0,2021-07-23,Île-de-France,11,0
91344,C,D,appartement,2010,64.3,176.0,2021-07-23,Île-de-France,11,0
95056,C,C,appartement,2018,83.4,215.0,2021-07-24,Île-de-France,11,0
95169,G,G,appartement,1958,64.9,423.0,2021-07-24,Île-de-France,11,1
92304,F,E,appartement,1967,164.9,527.0,2021-07-24,Île-de-France,11,1
93272,C,D,immeuble,2009,95.1,210.0,2021-07-24,Île-de-France,11,0
77158,B,E,appartement,2013,31.8,68.0,2021-07-25,Île-de-France,11,0
93081,E,F,appartement,1974,114.7,677.0,2021-07-25,Île-de-France,11,0
95224,E,E,appartement,1976,37.6,637.0,2021-07-25,Île-de-France,11,0
94155,E,E,maison,1987,23.5,574.0,2021-07-25,Île-de-France,11,0
78127,F,D,appartement,1966,61.9,471.0,2021-07-26,Île-de-France,11,1
77260,G,C,appartement,1954,81.4,354.0,2021-07-26,Île-de-France,11,1
95390,D,C,maison,1988,40.0,183.0,2021-07-26,Île-de-France,11,0
93210,F,D,maison,1959,61.8,562.0,2021-07-26,Île-de-France,11,1
91119,D,D,maison,1979,22.5,304.0,2021-07-27,Île-de-France,11,0
95169,E,G,maison,1967,89.7,349.0,2021-07-27,Île-de-France,11,0
91101,C,A,appartement,2006,25.6,298.0,2021-07-27,Île-de-France,11,0
78249,C,D,appartement,2013,70.3,245.0,2021-07-27,Île-de-France,11,0
77386,C,E,maison,1989,45.7,259.0,2021-07-28,Île-de-France,11,0
78110,C,D,appartement,2013,97.5,320.0,2021-07-28,Île-de-France,11,0
94385,A,C,appartement,2016,71.3,68.0,2021-07-28,Île-de-France,11,0
93367,E,F,appartement,1992,70.4,621.0,2021-07-28,Île-de-France,11,0
94378,F,E,appartement,1948,39.4,359.0,2021-07-29,Île-de-France,11,1
93009,C,A,appartement,2015,48.4,318.0,2021-07-29,Île-de-France,11,0
92320,F,E,appartement,1933,115.9,458.0,2021-07-29,Île-de-France,11,1
75132,D,G,maison,1991,32.3,205.0,2021-07-29,Île-de-France,11,0
77324,C,F,maison,2011,39.0,322.0,2021-07-30,Île-de-France,11,0
95242,B,E,maison,1987,54.5,123.0,2021-07-30,Île-de-France,11,0
91216,D,D,appartement,1986,72.2,260.0,2021-07-30,Île-de-France,11,0
75052,E,B,maison,1973,31.2,541.0,2021-07-30,Île-de-France,11,0
78095,D,C,appartement,1974,64.1,205.0,2021-07-31,Île-de-France,11,0
77304,E,D,maison,1992,49.2,476.0,2021-07-31,Île-de-France,11,0
95328,G,E,appartement,1937,42.3,511.0,2021-07-31,Île-de-France,11,1
77138,D,G,maison,1970,59.1,262.0,2021-07-31,Île-de-France,11,0
75080,D,G,maison,1974,39.5,316.0,2021-08-01,Île-de-France,11,0
95377,D,B,appartement,1983,64.2,284.0,2021-08-01,Île-de-France,11,0
93105,G,D,appartement,1948,75.3,684.0,2021-08-01,Île-de-France,11,1
75117,A,E,maison,1985,141.7,148.0,2021-08-01,Île-de-France,11,0
77040,C,D,appartement,1990,56.4,322.0,2021-08-02,Île-de-France,11,0
93037,B,D,maison,1999,80.0,139.0,2021-08-02,Île-de-France,11,0
91388,D,D,maison,1968,92.4,327.0,2021-08-02,Île-de-France,11,0
77220,D,B,maison,1967,64.9,192.0,2021-08-03,Île-de-France,11,0
78231,E,D,maison,1981,63.7,686.0,2021-08-03,Île-de-France,11,0
93360,B,E,maison,2013,116.2,65.0,2021-08-03,Île-de-France,11,0
93155,A,F,maison,1990,63.1,121.0,2021-08-03,Île-de-France,11,0
95085,E,E,maison,1969,60.6,577.0,2021-08-04,Île-de-France,11,0
93274,F,E,maison,1961,37.3,417.0,2021-08-04,Île-de-France,11,1
94248,D,G,appartement,1991,32.9,209.0,2021-08-04,Île-de-France,11,0
95075,C,C,appartement,2011,50.3,157.0,2021-08-04,Île-de-France,11,0
93151,C,F,appartement,2003,29.4,212.0,2021-08-05,Île-de-France,11,0
94280,D,C,appartement,1986,101.6,260.0,2021-08-05,Île-de-France,11,0
95008,D,F,appartement,1981,72.5,186.0,2021-08-05,Île-de-France,11,0
92169,E,E,maison,1983,115.3,422.0,2021-08-05,Île-de-France,11,0
78349,E,D,maison,1970,25.0,479.0,2021-08-06,Île-de-France,11,0
93007,B,C,maison,2018,50.1,88.0,2021-08-06,Île-de-France,11,0
94015,C,E,maison,2005,93.6,325.0,2021-08-06,Île-de-France,11,0
91157,G,G,maison,1948,65.0,561.0,2021-08-06,Île-de-France,11,1
94391,D,C,maison,1969,127.0,266.0,2021-08-07,Île-de-France,11,0
93023,E,G,appartement,1973,82.8,665.0,2021-08-07,Île-de-France,11,0
92224,C,B,maison,2018,37.5,282.0,2021-08-07,Île-de-France,11,0
92148,E,F,appartement,1966,78.4,634.0,2021-08-07,Île-de-France,11,0
91205,F,B,maison,1951,36.1,566.0,2021-08-08,Île-de-France,11,1
78143,A,D,maison,1996,47.1,144.0,2021-08-08,Île-de-France,11,0
95285,C,G,maison,1986,106.8,225.0,2021-08-08,Île-de-France,11,0
92017,D,G,maison,1983,68.1,265.0,2021-08-08,Île-de-France,11,0
77374,D,F,maison,1973,40.1,326.0,2021-08-09,Île-de-France,11,0
94364,D,D,appartement,1968,52.8,246.0,2021-08-09,Île-de-France,11,0
94151,E,F,maison,1992,126.6,383.0,2021-08-09,Île-de-France,11,0
77344,G,E,maison,1943,61.2,694.0,2021-08-09,Île-de-France,11,1
77099,D,G,maison,1979,72.7,213.0,2021-08-10,Île-de-France,11,0
78158,A,G,maison,2001,67.3,136.0,2021-08-10,Île-de-France,11,0
91048,B,C,appartement,2016,75.4,87.0,2021-08-10,Île-de-France,11,0
78252,D,D,appartement,1982,81.8,329.0,2021-08-10,Île-de-France,11,0
93033,E,C,maison,1974,48.3,609.0,2021-08-11,Île-de-France,11,0
77185,F,E,immeuble,1931,29.4,419.0,2021-08-11,Île-de-France,11,1
92094,C,C,maison,2004,60.4,328.0,2021-08-11,Île-de-France,11,0
95362,D,D,immeuble,1965,208.4,224.0,2021-08-11,Île-de-France,11,0
78222,D,F,maison,1991,77.6,256.0,2021-08-12,Île-de-France,11,0
77248,F,D,appartement,1958,118.9,450.0,2021-08-12,Île-de-France,11,1
94013,E,E,appartement,1968,27.4,511.0,2021-08-12,Île-de-France,11,0
91267,G,D,maison,1971,79.8,568.0,2021-08-12,Île-de-France,11,1
95383,E,F,appartement,1992,110.3,534.0,2021-08-13,Île-de-France,11,0
91187,A,D,appartement,2016,30.7,126.0,2021-08-13,Île-de-France,11,0
92197,G,D,maison,1926,102.8,487.0,2021-08-13,Île-de-France,11,1
94367,G,E,appartement,1921,59.5,446.0,2021-08-14,Île-de-France,11,1
77391,D,D,maison,1974,44.9,295.0,2021-08-14,Île-de-France,11,0
93375,E,G,maison,1971,25.9,350.0,2021-08-14,Île-de-France,11,0
93368,E,G,appartement,1990,269.1,557.0,2021-08-14,Île-de-France,11,0
93192,G,D,maison,1934,91.4,611.0,2021-08-15,Île-de-France,11,1
95064,F,F,maison,1920,46.0,605.0,2021-08-15,Île-de-France,11,1
77079,F,G,maison,1972,160.4,458.0,2021-08-15,Île-de-France,11,1
91349,F,E,maison,1968,76.5,508.0,2021-08-15,Île-de-France,11,1
77133,D,C,maison,1969,39.1,201.0,2021-08-16,Île-de-France,11,0
92200,E,C,maison,1994,44.0,565.0,2021-08-16,Île-de-France,11,0
94155,G,F,appartement,1957,76.8,689.0,2021-08-16,Île-de-France,11,1
95088,C,C,maison,2000,39.0,203.0,2021-08-16,Île-de-France,11,0
91269,D,E,appartement,1965,18.6,242.0,2021-08-17,Île-de-France,11,0
95347,C,F,maison,1992,53.0,175.0,2021-08-17,Île-de-France,11,0
94177,D,B,maison,1982,107.9,272.0,2021-08-17,Île-de-France,11,0
92027,C,C,appartement,2016,61.4,168.0,2021-08-17,Île-de-France,11,0
95207,D,E,appartement,1969,111.4,310.0,2021-08-18,Île-de-France,11,0
91385,C,E,maison,1987,78.2,259.0,2021-08-18,Île-de-France,11,0
77362,D,A,appartement,1984,62.9,195.0,2021-08-18,Île-de-France,11,0
78338,C,F,appartement,1998,81.6,158.0,2021-08-18,Île-de-France,11,0
95137,G,E,immeuble,1922,52.5,469.0,2021-08-19,Île-de-France,11,1
78182,D,E,maison,1970,198.8,276.0,2021-08-19,Île-de-France,11,0
93270,D,G,maison,1987,39.7,204.0,2021-08-19,Île-de-France,11,0
92076,E,B,immeuble,1974,136.5,424.0,2021-08-19,Île-de-France,11,0
94233,G,C,maison,1953,26.9,408.0,2021-08-20,Île-de-France,11,1
92300,E,F,appartement,1980,72.5,564.0,2021-08-20,Île-de-France,11,0
92081,B,E,maison,2008,31.4,147.0,2021-08-20,Île-de-France,11,0
95037,F,F,appartement,1934,62.3,539.0,2021-08-20,Île-de-France,11,1
78031,D,B,appartement,1973,87.7,288.0,2021-08-21,Île-de-France,11,0
95185,D,F,appartement,1994,68.4,260.0,2021-08-21,Île-de-France,11,0
94308,F,E,immeuble,1938,107.3,475.0,2021-08-21,Île-de-France,11,1
93354,C,F,appartement,2010,51.9,249.0,2021-08-21,Île-de-France,11,0
91305,F,D,appartement,1962,57.5,370.0,2021-08-22,Île-de-France,11,1
92356,C,B,maison,1994,82.4,166.0,2021-08-22,Île-de-France,11,0
95245,F,G,appartement,1966,48.6,512.0,2021-08-22,Île-de-France,11,1
91284,D,E,maison,1976,80.5,200.0,2021-08-22,Île-de-France,11,0
95395,E,C,appartement,1984,112.9,490.0,2021-08-23,Île-de-France,11,0
93156,D,E,maison,1981,43.9,172.0,2021-08-23,Île-de-France,11,0
92002,D,D,maison,1976,59.3,276.0,2021-08-23,Île-de-France,11,0
78247,F,E,maison,1942,98.7,472.0,2021-08-23,Île-de-France,11,1
95342,E,F,immeuble,1989,50.5,653.0,2021-08-24,Île-de-France,11,0
94212,C,E,maison,2006,117.4,220.0,2021-08-24,Île-de-France,11,0
95372,D,C,appartement,1978,180.9,273.0,2021-08-24,Île-de-France,11,0
77125,E,G,appartement,1973,60.7,368.0,2021-08-25,Île-de-France,11,0
93029,E,D,appartement,1974,87.0,454.0,2021-08-25,Île-de-France,11,0
93062,E,F,maison,1990,73.5,359.0,2021-08-25,Île-de-France,11,0
78257,A,D,maison,2011,163.1,132.0,2021-08-25,Île-de-France,11,0
94348,E,F,maison,1985,55.9,459.0,2021-08-26,Île-de-France,11,0
77029,B,D,appartement,2011,72.6,133.0,2021-08-26,Île-de-France,11,0
93381,G,E,maison,1959,84.5,460.0,2021-08-26,Île-de-France,11,1
91317,C,D,maison,2014,55.0,323.0,2021-08-26,Île-de-France,11,0
93354,G,E,appartement,1937,56.9,378.0,2021-08-27,Île-de-France,11,1
78006,D,G,maison,1981,102.6,326.0,2021-08-27,Île-de-France,11,0
77328,F,C,appartement,1959,26.2,494.0,2021-08-27,Île-de-France,11,1
93063,E,E,appartement,1988,107.2,547.0,2021-08-27,Île-de-France,11,0
77382,G,E,maison,1955,76.7,562.0,2021-08-28,Île-de-France,11,1
77338,A,F,maison,2015,65.5,141.0,2021-08-28,Île-de-France,11,0
77103,D,F,maison,1983,27.2,224.0,2021-08-28,Île-de-France,11,0
77047,D,C,maison,1974,86.7,212.0,2021-08-28,Île-de-France,11,0
92396,C,C,immeuble,1996,140.3,202.0,2021-08-29,Île-de-France,11,0
91303,E,E,maison,1992,43.3,554.0,2021-08-29,Île-de-France,11,0
91001,B,E,appartement,1985,150.6,132.0,2021-08-29,Île-de-France,11,0
94175,C,B,appartement,2000,54.0,215.0,2021-08-29,Île-de-France,11,0
92305,D,G,maison,1982,42.6,191.0,2021-08-30,Île-de-France,11,0
93343,A,C,maison,2012,35.8,111.0,2021-08-30,Île-de-France,11,0
77030,F,C,maison,1965,40.1,462.0,2021-08-30,Île-de-France,11,1
94388,F,G,maison,1972,21.0,584.0,2021-08-30,Île-de-France,11,1
95359,C,D,maison,1990,95.6,226.0,2021-08-31,Île-de-France,11,0
92050,C,G,immeuble,2013,186.6,168.0,2021-08-31,Île-de-France,11,0
93361,E,B,appartement,1976,22.6,476.0,2021-08-31,Île-de-France,11,0
93312,F,C,appartement,1921,62.3,408.0,2021-08-31,Île-de-France,11,1
77028,F,D,maison,1971,64.7,401.0,2021-09-01,Île-de-France,11,1
91139,D,D,maison,1988,38.4,275.0,2021-09-01,Île-de-France,11,0
95268,C,F,maison,1996,108.4,237.0,2021-09-01,Île-de-France,11,0
95336,C,C,maison,1995,29.4,214.0,2021-09-01,Île-de-France,11,0
78096,G,F,maison,1934,56.9,536.0,2021-09-02,Île-de-France,11,1
78084,C,G,appartement,2000,86.0,247.0,2021-09-02,Île-de-France,11,0
91209,D,E,appartement,1970,61.8,327.0,2021-09-02,Île-de-France,11,0
93313,E,C,maison,1979,24.9,526.0,2021-09-02,Île-de-France,11,0
95363,A,G,maison,2009,95.2,117.0,2021-09-03,Île-de-France,11,0
95198,E,F,immeuble,1991,41.2,530.0,2021-09-03,Île-de-France,11,0
91005,C,G,immeuble,1999,41.7,216.0,2021-09-03,Île-de-France,11,0
92274,A,B,maison,1993,43.2,109.0,2021-09-03,Île-de-France,11,0
78059,C,E,maison,2006,51.0,304.0,2021-09-04,Île-de-France,11,0
95058,C,D,maison,2004,103.4,185.0,2021-09-04,Île-de-France,11,0
93089,D,C,maison,1983,198.7,151.0,2021-09-04,Île-de-France,11,0
95224,D,F,maison,1982,36.6,299.0,2021-09-05,Île-de-France,11,0
93212,G,D,immeuble,1951,54.4,591.0,2021-09-05,Île-de-France,11,1
77297,D,F,appartement,1965,41.4,259.0,2021-09-05,Île-de-France,11,0
95206,D,F,maison,1989,93.4,290.0,2021-09-05,Île-de-France,11,0
93217,B,D,maison,2001,80.1,142.0,2021-09-06,Île-de-France,11,0
75067,C,G,appartement,2015,55.9,247.0,2021-09-06,Île-de-France,11,0
91023,F,D,maison,1939,60.9,511.0,2021-09-06,Île-de-France,11,1
78261,C,B,appartement,2019,54.7,282.0,2021-09-06,Île-de-France,11,0
91003,C,C,immeuble,2005,42.9,249.0,2021-09-07,Île-de-France,11,0
77335,D,B,maison,1987,42.2,208.0,2021-09-07,Île-de-France,11,0
77150,G,F,appartement,1951,71.6,553.0,2021-09-07,Île-de-France,11,1
93158,E,D,appartement,1989,36.0,398.0,2021-09-07,Île-de-France,11,0
78048,D,A,maison,1987,141.2,178.0,2021-09-08,Île-de-France,11,0
93167,F,D,appartement,1942,29.1,456.0,2021-09-08,Île-de-France,11,1
91303,D,E,appartement,1977,109.1,189.0,2021-09-08,Île-de-France,11,0
91295,E,D,appartement,1970,54.3,386.0,2021-09-08,Île-de-France,11,0
95270,E,G,appartement,1967,139.2,686.0,2021-09-09,Île-de-France,11,0
75119,D,B,maison,1985,98.6,181.0,2021-09-09,Île-de-France,11,0
92272,E,C,appartement,1979,36.6,382.0,2021-09-09,Île-de-France,11,0
94325,C,E,maison,2015,33.1,268.0,2021-09-09,Île-de-France,11,0
77060,B,C,maison,1989,93.3,102.0,2021-09-10,Île-de-France,11,0
77208,E,E,appartement,1981,36.9,465.0,2021-09-10,Île-de-France,11,0
77127,E,E,maison,1976,118.6,594.0,2021-09-10,Île-de-France,11,0
94229,C,G,appartement,1989,67.6,200.0,2021-09-10,Île-de-France,11,0
77384,F,G,appartement,1968,89.9,598.0,2021-09-11,Île-de-France,11,1
93129,B,D,maison,2000,34.8,96.0,2021-09-11,Île-de-France,11,0
94205,E,F,maison,1980,98.0,445.0,2021-09-11,Île-de-France,11,0
94020,G,F,appartement,1945,81.7,332.0,2021-09-11,Île-de-France,11,1
93237,C,D,appartement,1985,48.8,218.0,2021-09-12,Île-de-France,11,0
91029,D,E,appartement,1972,76.2,162.0,2021-09-12,Île-de-France,11,0
94201,C,E,appartement,2008,67.7,201.0,2021-09-12,Île-de-France,11,0
93089,E,D,appartement,1970,65.5,662.0,2021-09-12,Île-de-France,11,0
92370,F,F,appartement,1958,27.1,402.0,2021-09-13,Île-de-France,11,1
93321,D,E,maison,1981,85.6,328.0,2021-09-13,Île-de-France,11,0
95028,C,E,appartement,2009,44.0,190.0,2021-09-13,Île-de-France,11,0
91363,B,G,maison,1992,56.9,65.0,2021-09-13,Île-de-France,11,0
92390,D,F,appartement,1971,52.6,303.0,2021-09-14,Île-de-France,11,0
91154,D,C,appartement,1973,258.0,169.0,2021-09-14,Île-de-France,11,0
95170,F,E,immeuble,1951,93.5,412.0,2021-09-14,Île-de-France,11,1
92097,F,G,appartement,1964,66.9,671.0,2021-09-14,Île-de-France,11,1
78201,E,G,appartement,1965,74.6,695.0,2021-09-15,Île-de-France,11,0
92270,D,B,appartement,1972,44.9,153.0,2021-09-15,Île-de-France,11,0
92149,G,G,maison,1964,86.8,687.0,2021-09-15,Île-de-France,11,1
93042,E,E,maison,1978,119.7,626.0,2021-09-16,Île-de-France,11,0
92055,E,E,maison,1976,80.1,378.0,2021-09-16,Île-de-France,11,0
78090,D,G,maison,1977,165.3,265.0,2021-09-16,Île-de-France,11,0
95323,E,F,maison,1966,101.3,359.0,2021-09-16,Île-de-France,11,0
92150,E,E,appartement,1972,46.5,649.0,2021-09-17,Île-de-France,11,0
92051,D,E,immeuble,1978,47.5,280.0,2021-09-17,Île-de-France,11,0
92077,D,C,appartement,1988,79.9,200.0,2021-09-17,Île-de-France,11,0
92299,E,D,maison,1966,58.6,354.0,2021-09-17,Île-de-France,11,0
92380,G,C,appartement,1969,57.8,693.0,2021-09-18,Île-de-France,11,1
77381,D,D,appartement,1973,54.4,182.0,2021-09-18,Île-de-France,11,0
93173,D,G,appartement,1981,35.8,205.0,2021-09-18,Île-de-France,11,0
77342,C,F,appartement,1995,85.9,199.0,2021-09-18,Île-de-France,11,0
93130,C,C,maison,2011,56.1,280.0,2021-09-19,Île-de-France,11,0
77150,D,C,maison,1994,52.8,201.0,2021-09-19,Île-de-France,11,0
93146,C,D,maison,1996,24.4,298.0,2021-09-19,Île-de-France,11,0
77180,B,G,maison,1997,36.7,55.0,2021-09-19,Île-de-France,11,0
77054,B,D,immeuble,2011,92.1,108.0,2021-09-20,Île-de-France,11,0
78217,E,F,maison,1988,63.2,680.0,2021-09-20,Île-de-France,11,0
94335,D,G,appartement,1990,87.6,239.0,2021-09-20,Île-de-France,11,0
95112,B,E,appartement,2013,41.5,122.0,2021-09-20,Île-de-France,11,0
91059,C,F,appartement,1993,52.0,157.0,2021-09-21,Île-de-France,11,0
93362,F,C,maison,1947,33.8,467.0,2021-09-21,Île-de-France,11,1
95394,G,C,immeuble,1940,52.3,345.0,2021-09-21,Île-de-France,11,1
78190,C,G,appartement,1998,97.2,160.0,2021-09-21,Île-de-France,11,0
94074,C,D,appartement,2010,45.5,205.0,2021-09-22,Île-de-France,11,0
95212,A,F,maison,2006,61.4,77.0,2021-09-22,Île-de-France,11,0
92113,B,B,appartement,2012,136.5,55.0,2021-09-22,Île-de-France,11,0
93065,C,F,appartement,1986,158.9,181.0,2021-09-22,Île-de-France,11,0
77315,C,F,appartement,2006,99.7,191.0,2021-09-23,Île-de-France,11,0
92389,D,F,appartement,1984,100.1,316.0,2021-09-23,Île-de-France,11,0
93120,D,F,maison,1983,77.8,264.0,2021-09-23,Île-de-France,11,0
93248,D,D,maison,1984,154.3,266.0,2021-09-23,Île-de-France,11,0
92102,D,C,maison,1989,78.1,261.0,2021-09-24,Île-de-France,11,0
91303,E,F,appartement,1988,71.1,578.0,2021-09-24,Île-de-France,11,0
78070,C,G,immeuble,2018,49.6,222.0,2021-09-24,Île-de-France,11,0
93345,F,E,maison,1951,57.4,466.0,2021-09-24,Île-de-France,11,1
94028,D,E,appartement,1984,76.0,173.0,2021-09-25,Île-de-France,11,0
77193,C,F,appartement,1998,82.5,207.0,2021-09-25,Île-de-France,11,0
77199,C,E,immeuble,2014,128.0,294.0,2021-09-25,Île-de-France,11,0
75139,D,F,appartement,1975,90.1,306.0,2021-09-25,Île-de-France,11,0
78179,D,D,maison,1973,100.5,316.0,2021-09-26,Île-de-France,11,0
92321,D,F,maison,1991,39.1,191.0,2021-09-26,Île-de-France,11,0
92388,G,E,maison,1963,39.2,405.0,2021-09-26,Île-de-France,11,1
77171,C,D,maison,1986,50.8,326.0,2021-09-27,Île-de-France,11,0
95225,D,F,appartement,1965,67.0,199.0,2021-09-27,Île-de-France,11,0
91240,C,G,appartement,2002,72.0,182.0,2021-09-27,Île-de-France,11,0
92153,C,D,appartement,2008,30.5,292.0,2021-09-27,Île-de-France,11,0
91148,C,E,appartement,2012,57.6,265.0,2021-09-28,Île-de-France,11,0
78039,C,F,maison,1985,132.4,290.0,2021-09-28,Île-de-France,11,0
94200,F,G,appartement,1956,42.6,559.0,2021-09-28,Île-de-France,11,1
77151,C,C,appartement,1993,32.7,299.0,2021-09-28,Île-de-France,11,0
78217,C,D,appartement,2002,144.6,179.0,2021-09-29,Île-de-France,11,0
91330,D,G,maison,1975,129.2,191.0,2021-09-29,Île-de-France,11,0
95322,C,E,appartement,2008,47.6,307.0,2021-09-29,Île-de-France,11,0
91196,G,E,appartement,1934,64.1,507.0,2021-09-29,Île-de-France,11,1
94035,C,E,appartement,2001,45.5,219.0,2021-09-30,Île-de-France,11,0
78203,F,D,appartement,1956,84.1,379.0,2021-09-30,Île-de-France,11,1
94146,C,C,maison,1987,83.4,160.0,2021-09-30,Île-de-France,11,0
92192,E,G,appartement,1990,77.0,428.0,2021-09-30,Île-de-France,11,0
95050,D,D,maison,1981,63.3,216.0,2021-10-01,Île-de-France,11,0
91095,D,F,appartement,1991,85.3,207.0,2021-10-01,Île-de-France,11,0
93026,C,D,appartement,2001,40.6,153.0,2021-10-01,Île-de-France,11,0
94142,G,G,appartement,1922,26.2,432.0,2021-10-01,Île-de-France,11,1
91366,C,E,appartement,2007,32.6,203.0,2021-10-02,Île-de-France,11,0
93218,E,F,appartement,1984,86.3,372.0,2021-10-02,Île-de-France,11,0
95225,F,E,appartement,1961,48.4,391.0,2021-10-02,Île-de-France,11,1
75113,C,G,maison,2016,88.5,217.0,2021-10-02,Île-de-France,11,0
93183,B,E,maison,2004,53.1,102.0,2021-10-03,Île-de-France,11,0
75024,C,D,appartement,2007,67.0,154.0,2021-10-03,Île-de-France,11,0
94321,C,E,appartement,1992,75.4,152.0,2021-10-03,Île-de-France,11,0
95099,C,F,appartement,1995,21.1,218.0,2021-10-03,Île-de-France,11,0
91302,C,E,maison,1986,67.4,254.0,2021-10-04,Île-de-France,11,0
95116,B,E,appartement,2009,36.8,81.0,2021-10-04,Île-de-France,11,0
77130,F,B,appartement,1968,107.2,520.0,2021-10-04,Île-de-France,11,1
78227,E,G,maison,1965,117.5,584.0,2021-10-04,Île-de-France,11,0
94338,E,D,appartement,1980,201.4,497.0,2021-10-05,Île-de-France,11,0
77243,B,F,appartement,1997,82.1,79.0,2021-10-05,Île-de-France,11,0
78317,D,D,appartement,1994,40.3,212.0,2021-10-05,Île-de-France,11,0
92305,E,E,maison,1994,55.4,385.0,2021-10-05,Île-de-France,11,0
95287,F,A,immeuble,1972,90.9,354.0,2021-10-06,Île-de-France,11,1
93265,D,E,appartement,1966,73.8,268.0,2021-10-06,Île-de-France,11,0
93026,B,G,maison,1986,116.7,76.0,2021-10-06,Île-de-France,11,0
93322,C,E,maison,2009,68.2,300.0,2021-10-06,Île-de-France,11,0
91042,E,E,appartement,1971,66.5,439.0,2021-10-07,Île-de-France,11,0
92200,B,E,maison,1988,67.1,102.0,2021-10-07,Île-de-France,11,0
93169,E,E,appartement,1979,32.2,481.0,2021-10-07,Île-de-France,11,0
78211,F,E,appartement,1926,69.0,630.0,2021-10-08,Île-de-France,11,1
93038,D,E,maison,1978,56.8,170.0,2021-10-08,Île-de-France,11,0
77287,E,E,maison,1972,129.6,570.0,2021-10-08,Île-de-France,11,0
94221,G,D,maison,1947,26.2,571.0,2021-10-08,Île-de-France,11,1
94092,G,G,appartement,1973,69.6,357.0,2021-10-09,Île-de-France,11,1
95267,C,B,maison,2013,116.1,268.0,2021-10-09,Île-de-France,11,0
93279,F,G,appartement,1931,52.1,676.0,2021-10-09,Île-de-France,11,1
95333,E,F,maison,1990,50.8,696.0,2021-10-09,Île-de-France,11,0
94374,D,E,appartement,1988,79.5,155.0,2021-10-10,Île-de-France,11,0
93301,D,F,appartement,1972,64.2,156.0,2021-10-10,Île-de-France,11,0
92021,D,F,maison,1994,29.5,312.0,2021-10-10,Île-de-France,11,0
77043,C,E,immeuble,2002,121.3,209.0,2021-10-10,Île-de-France,11,0
92073,D,D,appartement,1990,62.4,297.0,2021-10-11,Île-de-France,11,0
78203,F,E,appartement,1934,86.7,650.0,2021-10-11,Île-de-France,11,1
95115,C,F,maison,1988,38.5,237.0,2021-10-11,Île-de-France,11,0
92178,D,E,maison,1971,89.2,193.0,2021-10-11,Île-de-France,11,0
94157,E,E,maison,1988,82.5,645.0,2021-10-12,Île-de-France,11,0
78254,E,E,appartement,1968,101.7,346.0,2021-10-12,Île-de-France,11,0
92261,F,D,immeuble,1944,102.2,487.0,2021-10-12,Île-de-France,11,1
75066,D,F,appartement,1986,84.8,300.0,2021-10-12,Île-de-France,11,0
91272,D,C,appartement,1978,107.2,221.0,2021-10-13,Île-de-France,11,0
94050,B,D,immeuble,2017,69.2,119.0,2021-10-13,Île-de-France,11,0
93045,B,D,maison,1996,43.2,107.0,2021-10-13,Île-de-France,11,0
91330,D,E,appartement,1973,80.7,171.0,2021-10-13,Île-de-France,11,0
93183,C,D,appartement,2018,44.7,312.0,2021-10-14,Île-de-France,11,0
78084,G,C,appartement,1931,144.4,390.0,2021-10-14,Île-de-France,11,1
92189,E,F,maison,1978,88.9,546.0,2021-10-14,Île-de-France,11,0
92259,D,D,maison,1965,154.3,239.0,2021-10-14,Île-de-France,11,0
95225,D,G,appartement,1986,48.4,223.0,2021-10-15,Île-de-France,11,0
92312,C,E,appartement,1988,72.1,248.0,2021-10-15,Île-de-France,11,0
91210,D,E,maison,1965,94.2,279.0,2021-10-15,Île-de-France,11,0
91183,D,D,maison,1985,110.2,185.0,2021-10-15,Île-de-France,11,0
94107,G,D,appartement,1929,51.0,352.0,2021-10-16,Île-de-France,11,1
95330,D,D,appartement,1969,85.8,308.0,2021-10-16,Île-de-France,11,0
91152,C,D,maison,2015,98.4,323.0,2021-10-16,Île-de-France,11,0
78219,E,A,appartement,1991,93.3,374.0,2021-10-16,Île-de-France,11,0
93294,F,C,appartement,1974,133.6,527.0,2021-10-17,Île-de-France,11,1
93327,G,B,appartement,1926,51.4,472.0,2021-10-17,Île-de-France,11,1
95378,E,D,appartement,1984,52.5,623.0,2021-10-17,Île-de-France,11,0
91233,F,B,maison,1960,114.6,660.0,2021-10-17,Île-de-France,11,1
94178,B,E,maison,1999,85.1,93.0,2021-10-18,Île-de-France,11,0
77191,D,E,maison,1969,131.7,312.0,2021-10-18,Île-de-France,11,0
95337,D,F,appartement,1979,31.3,220.0,2021-10-18,Île-de-France,11,0
92104,D,E,maison,1993,40.4,289.0,2021-10-19,Île-de-France,11,0
92286,F,G,appartement,1968,75.7,535.0,2021-10-19,Île-de-France,11,1
91041,B,E,immeuble,1999,56.9,82.0,2021-10-19,Île-de-France,11,0
92269,E,F,maison,1971,86.1,410.0,2021-10-19,Île-de-France,11,0
75006,G,E,maison,1943,87.1,539.0,2021-10-20,Île-de-France,11,1
77337,C,F,appartement,1996,40.3,165.0,2021-10-20,Île-de-France,11,0
78379,C,G,maison,2013,74.9,210.0,2021-10-20,Île-de-France,11,0
94370,D,G,maison,1971,95.5,155.0,2021-10-20,Île-de-France,11,0
95385,E,D,maison,1972,164.8,559.0,2021-10-21,Île-de-France,11,0
95163,E,D,maison,1969,72.6,345.0,2021-10-21,Île-de-France,11,0
78146,E,G,maison,1978,128.3,342.0,2021-10-21,Île-de-France,11,0
78117,C,D,maison,2001,89.8,264.0,2021-10-21,Île-de-France,11,0
92233,D,D,maison,1984,135.6,174.0,2021-10-22,Île-de-France,11,0
95197,B,B,appartement,2016,85.9,133.0,2021-10-22,Île-de-France,11,0
77142,D,B,maison,1965,52.0,241.0,2021-10-22,Île-de-France,11,0
95373,C,D,maison,2002,126.2,193.0,2021-10-22,Île-de-France,11,0
95202,D,E,maison,1985,52.6,240.0,2021-10-23,Île-de-France,11,0
75056,C,E,maison,2016,76.5,206.0,2021-10-23,Île-de-France,11,0
92373,G,C,maison,1939,61.9,517.0,2021-10-23,Île-de-France,11,1
78013,E,F,immeuble,1973,46.2,449.0,2021-10-23,Île-de-France,11,0
91002,C,E,appartement,2018,41.0,163.0,2021-10-24,Île-de-France,11,0
77004,D,D,maison,1983,36.3,279.0,2021-10-24,Île-de-France,11,0
94180,C,E,appartement,1992,29.8,229.0,2021-10-24,Île-de-France,11,0
91060,C,E,maison,2000,52.1,217.0,2021-10-24,Île-de-France,11,0
75011,D,C,immeuble,1969,95.3,205.0,2021-10-25,Île-de-France,11,0
77355,D,E,maison,1987,74.4,291.0,2021-10-25,Île-de-France,11,0
94104,F,C,appartement,1938,35.7,623.0,2021-10-25,Île-de-France,11,1
94103,E,E,appartement,1968,46.2,502.0,2021-10-25,Île-de-France,11,0
94061,D,G,appartement,1976,40.7,296.0,2021-10-26,Île-de-France,11,0
95174,E,D,appartement,1984,37.6,611.0,2021-10-26,Île-de-France,11,0
91298,E,D,appartement,1982,21.3,642.0,2021-10-26,Île-de-France,11,0
92003,E,G,appartement,1976,36.1,598.0,2021-10-26,Île-de-France,11,0
75005,D,A,maison,1990,43.2,288.0,2021-10-27,Île-de-France,11,0
92088,E,D,appartement,1978,41.2,594.0,2021-10-27,Île-de-France,11,0
93201,C,E,appartement,2001,87.5,240.0,2021-10-27,Île-de-France,11,0
75027,E,G,appartement,1971,97.6,617.0,2021-10-27,Île-de-France,11,0
93040,C,D,maison,1996,35.7,312.0,2021-10-28,Île-de-France,11,0
77314,C,F,appartement,1989,56.0,203.0,2021-10-28,Île-de-France,11,0
91033,G,B,appartement,1941,116.2,509.0,2021-10-28,Île-de-France,11,1
91062,D,D,maison,1966,56.8,257.0,2021-10-28,Île-de-France,11,0
77084,E,C,maison,1971,97.1,427.0,2021-10-29,Île-de-France,11,0
95028,E,D,maison,1984,133.5,517.0,2021-10-29,Île-de-France,11,0
94019,E,G,appartement,1976,50.9,439.0,2021-10-29,Île-de-France,11,0
92329,D,F,appartement,1982,40.5,256.0,2021-10-30,Île-de-France,11,0
75031,F,A,appartement,1967,141.1,420.0,2021-10-30,Île-de-France,11,1
91170,C,G,maison,2005,125.4,274.0,2021-10-30,Île-de-France,11,0
91298,D,G,maison,1966,78.3,284.0,2021-10-30,Île-de-France,11,0
91104,B,D,maison,2000,77.0,60.0,2021-10-31,Île-de-France,11,0
95285,D,F,immeuble,1988,65.2,168.0,2021-10-31,Île-de-France,11,0
95134,C,F,maison,2018,47.4,240.0,2021-10-31,Île-de-France,11,0
93202,D,G,maison,1987,89.6,299.0,2021-10-31,Île-de-France,11,0
91209,E,F,appartement,1987,60.2,369.0,2021-11-01,Île-de-France,11,0
93330,C,E,maison,1995,156.1,275.0,2021-11-01,Île-de-France,11,0
92327,B,B,maison,2019,48.3,94.0,2021-11-01,Île-de-France,11,0
77180,F,C,maison,1972,150.9,646.0,2021-11-01,Île-de-France,11,1
75112,E,D,appartement,1987,32.6,526.0,2021-11-02,Île-de-France,11,0
77106,C,G,appartement,2004,55.1,244.0,2021-11-02,Île-de-France,11,0
94117,C,F,immeuble,2000,92.1,328.0,2021-11-02,Île-de-France,11,0
77162,E,D,appartement,1982,30.9,447.0,2021-11-02,Île-de-France,11,0
93303,C,G,immeuble,1995,134.3,161.0,2021-11-03,Île-de-France,11,0
91290,G,C,maison,1934,32.2,442.0,2021-11-03,Île-de-France,11,1
91176,E,C,maison,1986,103.3,669.0,2021-11-03,Île-de-France,11,0
77348,F,F,appartement,1933,33.3,500.0,2021-11-03,Île-de-France,11,1
95195,E,D,maison,1977,23.4,550.0,2021-11-04,Île-de-France,11,0
93090,C,E,maison,1997,43.8,282.0,2021-11-04,Île-de-France,11,0
77078,C,D,immeuble,1997,117.6,320.0,2021-11-04,Île-de-France,11,0
95088,E,D,maison,1981,74.8,393.0,2021-11-04,Île-de-France,11,0
77129,C,F,appartement,1994,61.1,262.0,2021-11-05,Île-de-France,11,0
77077,D,E,maison,1986,98.3,287.0,2021-11-05,Île-de-France,11,0
94023,F,E,maison,1930,55.8,561.0,2021-11-05,Île-de-France,11,1
94113,E,D,appartement,1976,66.4,502.0,2021-11-05,Île-de-France,11,0
94142,F,D,maison,1936,130.1,526.0,2021-11-06,Île-de-France,11,1
78253,E,F,appartement,1965,65.2,573.0,2021-11-06,Île-de-France,11,0
95239,E,C,appartement,1984,47.5,428.0,2021-11-06,Île-de-France,11,0
95191,D,E,maison,1986,71.7,249.0,2021-11-06,Île-de-France,11,0
94243,C,B,appartement,2009,91.4,154.0,2021-11-07,Île-de-France,11,0
95309,D,D,maison,1977,21.1,166.0,2021-11-07,Île-de-France,11,0
91187,F,D,maison,1953,42.9,341.0,2021-11-07,Île-de-France,11,1
77332,D,E,appartement,1994,90.9,279.0,2021-11-07,Île-de-France,11,0
77169,C,D,maison,2011,60.9,169.0,2021-11-08,Île-de-France,11,0
77355,D,C,maison,1989,92.6,250.0,2021-11-08,Île-de-France,11,0
78380,E,F,maison,1988,88.8,469.0,2021-11-08,Île-de-France,11,0
75140,D,C,appartement,1990,87.1,161.0,2021-11-08,Île-de-France,11,0
95172,A,F,appartement,2000,92.4,73.0,2021-11-09,Île-de-France,11,0
93138,D,F,maison,1977,87.3,174.0,2021-11-09,Île-de-France,11,0
91360,F,F,appartement,1934,52.6,437.0,2021-11-09,Île-de-France,11,1
77122,A,A,maison,2009,44.6,138.0,2021-11-10,Île-de-France,11,0
92062,E,E,maison,1984,103.2,608.0,2021-11-10,Île-de-France,11,0
91089,E,C,maison,1986,32.3,640.0,2021-11-10,Île-de-France,11,0
93301,C,D,maison,2015,37.2,246.0,2021-11-10,Île-de-France,11,0
91190,C,C,appartement,1999,43.2,215.0,2021-11-11,Île-de-France,11,0
78005,E,E,appartement,1981,45.7,686.0,2021-11-11,Île-de-France,11,0
93293,C,G,maison,1999,77.2,307.0,2021-11-11,Île-de-France,11,0
95392,G,F,maison,1967,80.8,544.0,2021-11-11,Île-de-France,11,1
77368,C,D,appartement,2017,136.9,267.0,2021-11-12,Île-de-France,11,0
95128,D,D,maison,1993,146.3,211.0,2021-11-12,Île-de-France,11,0
93310,C,C,appartement,1986,108.0,300.0,2021-11-12,Île-de-France,11,0
95273,D,E,appartement,1973,66.9,282.0,2021-11-12,Île-de-France,11,0
91095,G,C,maison,1940,72.6,415.0,2021-11-13,Île-de-France,11,1
93109,D,E,maison,1988,78.5,228.0,2021-11-13,Île-de-France,11,0
78071,D,D,appartement,1991,23.9,223.0,2021-11-13,Île-de-France,11,0
91268,E,C,maison,1991,61.9,474.0,2021-11-13,Île-de-France,11,0
77055,A,B,appartement,1997,29.4,127.0,2021-11-14,Île-de-France,11,0
93027,D,C,maison,1990,33.2,194.0,2021-11-14,Île-de-France,11,0
78306,C,G,appartement,1994,52.5,247.0,2021-11-14,Île-de-France,11,0
94377,F,D,maison,1973,57.2,383.0,2021-11-14,Île-de-France,11,1
77020,C,D,appartement,2014,63.5,199.0,2021-11-15,Île-de-France,11,0
95179,F,E,maison,1960,122.4,351.0,2021-11-15,Île-de-France,11,1
94207,E,G,appartement,1968,42.0,411.0,2021-11-15,Île-de-France,11,0
91207,E,E,appartement,1985,51.5,634.0,2021-11-15,Île-de-France,11,0
77266,A,F,maison,2006,81.5,129.0,2021-11-16,Île-de-France,11,0
91246,C,F,maison,2005,27.9,248.0,2021-11-16,Île-de-France,11,0
93075,C,F,appartement,1986,112.5,195.0,2021-11-16,Île-de-France,11,0
92032,F,E,appartement,1964,91.0,610.0,2021-11-16,Île-de-France,11,1
94228,D,E,maison,1983,71.0,296.0,2021-11-17,Île-de-France,11,0
95173,E,D,appartement,1973,47.0,573.0,2021-11-17,Île-de-France,11,0
91319,C,D,appartement,1995,43.3,250.0,2021-11-17,Île-de-France,11,0
91289,B,E,maison,1988,162.5,129.0,2021-11-17,Île-de-France,11,0
95186,D,E,appartement,1966,108.7,313.0,2021-11-18,Île-de-France,11,0
94281,D,C,appartement,1977,69.9,275.0,2021-11-18,Île-de-France,11,0
93035,E,D,appartement,1965,99.8,615.0,2021-11-18,Île-de-France,11,0
91190,E,C,appartement,1994,146.0,380.0,2021-11-18,Île-de-France,11,0
75057,D,B,appartement,1967,44.6,301.0,2021-11-19,Île-de-France,11,0
91222,C,E,appartement,1994,71.7,302.0,2021-11-19,Île-de-France,11,0
92247,E,E,maison,1990,59.0,639.0,2021-11-19,Île-de-France,11,0
94044,C,F,appartement,2018,64.1,152.0,2021-11-19,Île-de-France,11,0
78302,C,G,appartement,1995,26.7,326.0,2021-11-20,Île-de-France,11,0
94155,D,F,maison,1973,56.3,257.0,2021-11-20,Île-de-France,11,0
95158,D,G,maison,1976,79.1,251.0,2021-11-20,Île-de-France,11,0
78334,D,F,appartement,1980,90.7,217.0,2021-11-21,Île-de-France,11,0
92285,D,E,maison,1990,90.8,189.0,2021-11-21,Île-de-France,11,0
78333,D,E,appartement,1992,82.1,169.0,2021-11-21,Île-de-France,11,0
78240,G,C,appartement,1965,144.7,363.0,2021-11-21,Île-de-France,11,1
92099,E,B,maison,1968,44.7,611.0,2021-11-22,Île-de-France,11,0
94224,E,E,maison,1975,90.5,581.0,2021-11-22,Île-de-France,11,0
75008,G,G,appartement,1941,45.9,603.0,2021-11-22,Île-de-France,11,1
77066,C,E,immeuble,2005,50.1,163.0,2021-11-22,Île-de-France,11,0
91222,E,B,maison,1994,50.1,332.0,2021-11-23,Île-de-France,11,0
92108,D,G,appartement,1988,140.7,278.0,2021-11-23,Île-de-France,11,0
95205,D,E,maison,1969,88.6,153.0,2021-11-23,Île-de-France,11,0
93251,D,C,appartement,1965,40.6,300.0,2021-11-23,Île-de-France,11,0
94100,D,E,maison,1990,91.5,327.0,2021-11-24,Île-de-France,11,0
95070,E,E,maison,1982,128.5,618.0,2021-11-24,Île-de-France,11,0
95358,C,F,maison,1987,29.0,190.0,2021-11-24,Île-de-France,11,0
93231,C,F,maison,2004,192.9,320.0,2021-11-24,Île-de-France,11,0
93313,C,E,maison,2018,80.1,216.0,2021-11-25,Île-de-France,11,0
78271,G,F,appartement,1925,72.0,489.0,2021-11-25,Île-de-France,11,1
91035,D,E,maison,1969,96.5,318.0,2021-11-25,Île-de-France,11,0
91264,D,A,appartement,1986,42.2,272.0,2021-11-25,Île-de-France,11,0
92034,E,E,maison,1992,111.9,645.0,2021-11-26,Île-de-France,11,0
95346,D,C,maison,1987,110.9,179.0,2021-11-26,Île-de-France,11,0
91011,E,E,maison,1971,55.4,465.0,2021-11-26,Île-de-France,11,0
77105,A,E,appartement,2015,93.0,58.0,2021-11-26,Île-de-France,11,0
77307,D,D,appartement,1973,42.7,209.0,2021-11-27,Île-de-France,11,0
95351,E,F,appartement,1966,188.7,356.0,2021-11-27,Île-de-France,11,0
91307,E,G,maison,1993,40.8,505.0,2021-11-27,Île-de-France,11,0
91089,C,D,appartement,2016,28.6,205.0,2021-11-27,Île-de-France,11,0
77016,C,F,maison,1989,64.7,234.0,2021-11-28,Île-de-France,11,0
91108,D,D,maison,1991,136.1,269.0,2021-11-28,Île-de-France,11,0
78243,D,C,appartement,1968,136.8,174.0,2021-11-28,Île-de-France,11,0
95148,D,C,appartement,1987,78.6,318.0,2021-11-28,Île-de-France,11,0
95246,G,E,maison,1939,18.0,656.0,2021-11-29,Île-de-France,11,1
93308,B,F,appartement,2009,40.3,121.0,2021-11-29,Île-de-France,11,0
91233,E,D,maison,1992,36.6,356.0,2021-11-29,Île-de-France,11,0
93208,D,A,appartement,1975,74.1,258.0,2021-11-29,Île-de-France,11,0
94345,G,E,maison,1945,214.4,697.0,2021-11-30,Île-de-France,11,1
95222,E,F,maison,1986,120.8,372.0,2021-11-30,Île-de-France,11,0
75121,E,D,appartement,1973,59.2,468.0,2021-11-30,Île-de-France,11,0
93229,B,C,maison,1989,70.8,50.0,2021-11-30,Île-de-France,11,0
78159,D,F,appartement,1986,79.4,234.0,2021-12-01,Île-de-France,11,0
92104,F,D,appartement,1939,48.9,567.0,2021-12-01,Île-de-France,11,1
95226,D,E,appartement,1984,56.2,308.0,2021-12-01,Île-de-France,11,0
93255,F,E,maison,1948,107.2,437.0,2021-12-02,Île-de-France,11,1
78231,F,G,maison,1938,167.8,422.0,2021-12-02,Île-de-France,11,1
92084,D,G,appartement,1990,72.6,279.0,2021-12-02,Île-de-France,11,0
91309,G,D,maison,1962,25.7,544.0,2021-12-02,Île-de-France,11,1
91200,E,C,appartement,1981,74.0,426.0,2021-12-03,Île-de-France,11,0
77036,E,C,appartement,1967,207.2,387.0,2021-12-03,Île-de-France,11,0
95106,E,F,appartement,1967,36.6,474.0,2021-12-03,Île-de-France,11,0
93142,C,F,appartement,2012,56.2,267.0,2021-12-03,Île-de-France,11,0
78373,B,F,maison,2005,85.3,113.0,2021-12-04,Île-de-France,11,0
91195,D,E,appartement,1994,78.3,180.0,2021-12-04,Île-de-France,11,0
92329,F,D,maison,1948,31.1,665.0,2021-12-04,Île-de-France,11,1
94055,F,D,appartement,1966,171.9,514.0,2021-12-04,Île-de-France,11,1
91349,F,E,appartement,1958,56.9,457.0,2021-12-05,Île-de-France,11,1
95303,D,F,appartement,1990,49.6,290.0,2021-12-05,Île-de-France,11,0
92160,E,D,maison,1966,58.8,571.0,2021-12-05,Île-de-France,11,0
78070,E,E,appartement,1968,34.5,414.0,2021-12-05,Île-de-France,11,0
94225,E,D,appartement,1970,89.4,475.0,2021-12-06,Île-de-France,11,0
91323,F,B,maison,1969,74.6,384.0,2021-12-06,Île-de-France,11,1
92303,D,E,immeuble,1980,27.6,258.0,2021-12-06,Île-de-France,11,0
94043,F,B,maison,1943,137.2,343.0,2021-12-06,Île-de-France,11,1
93311,G,E,maison,1937,168.3,349.0,2021-12-07,Île-de-France,11,1
77257,F,F,appartement,1932,22.6,477.0,2021-12-07,Île-de-France,11,1
77095,C,G,appartement,1986,26.2,241.0,2021-12-07,Île-de-France,11,0
91082,C,D,appartement,2010,233.8,261.0,2021-12-07,Île-de-France,11,0
95132,F,E,maison,1970,51.8,471.0,2021-12-08,Île-de-France,11,1
77356,E,C,maison,1973,39.8,529.0,2021-12-08,Île-de-France,11,0
78051,G,C,maison,1920,157.5,611.0,2021-12-08,Île-de-France,11,1
77231,C,E,appartement,1986,23.2,252.0,2021-12-08,Île-de-France,11,0
93251,D,E,appartement,1969,96.9,165.0,2021-12-09,Île-de-France,11,0
77284,D,D,appartement,1978,70.9,248.0,2021-12-09,Île-de-France,11,0
78181,D,F,appartement,1976,35.9,158.0,2021-12-09,Île-de-France,11,0
95382,C,A,appartement,1995,68.8,220.0,2021-12-09,Île-de-France,11,0
91357,B,D,maison,2013,69.4,106.0,2021-12-10,Île-de-France,11,0
91065,F,D,maison,1960,70.0,334.0,2021-12-10,Île-de-France,11,1
91185,E,G,appartement,1994,49.0,584.0,2021-12-10,Île-de-France,11,0
94066,C,F,maison,1989,80.5,286.0,2021-12-10,Île-de-France,11,0
95051,B,D,appartement,2014,38.5,62.0,2021-12-11,Île-de-France,11,0
78245,F,C,maison,1947,110.0,582.0,2021-12-11,Île-de-France,11,1
78039,D,E,appartement,1992,71.2,301.0,2021-12-11,Île-de-France,11,0
95255,D,C,appartement,1985,98.7,277.0,2021-12-12,Île-de-France,11,0
93052,A,A,appartement,2003,48.9,74.0,2021-12-12,Île-de-France,11,0
92090,C,C,maison,2012,103.8,327.0,2021-12-12,Île-de-France,11,0
75032,D,E,appartement,1975,83.1,287.0,2021-12-12,Île-de-France,11,0
92242,E,G,maison,1986,63.8,496.0,2021-12-13,Île-de-France,11,0
93156,D,C,appartement,1991,140.8,172.0,2021-12-13,Île-de-France,11,0
95301,B,A,maison,1999,96.5,130.0,2021-12-13,Île-de-France,11,0
95084,D,F,maison,1965,95.5,186.0,2021-12-13,Île-de-France,11,0
93265,B,F,maison,2007,66.5,71.0,2021-12-14,Île-de-France,11,0
75147,F,G,appartement,1965,22.9,453.0,2021-12-14,Île-de-France,11,1
78237,C,E,maison,2014,54.0,246.0,2021-12-14,Île-de-France,11,0
78221,D,G,maison,1979,102.4,183.0,2021-12-14,Île-de-France,11,0
95016,F,C,appartement,1970,56.6,676.0,2021-12-15,Île-de-France,11,1
78342,D,D,maison,1987,24.5,207.0,2021-12-15,Île-de-France,11,0
93157,C,B,maison,2016,64.6,188.0,2021-12-15,Île-de-France,11,0
93318,G,F,maison,1945,88.3,693.0,2021-12-15,Île-de-France,11,1
95240,D,C,maison,1981,64.9,156.0,2021-12-16,Île-de-France,11,0
95147,D,C,appartement,1975,40.8,157.0,2021-12-16,Île-de-France,11,0
93271,D,D,maison,1988,51.1,250.0,2021-12-16,Île-de-France,11,0
92364,E,F,appartement,1979,105.2,599.0,2021-12-16,Île-de-France,11,0
92093,F,G,maison,1969,44.9,474.0,2021-12-17,Île-de-France,11,1
78379,E,E,maison,1973,127.8,575.0,2021-12-17,Île-de-France,11,0
78095,D,G,maison,1986,25.6,237.0,2021-12-17,Île-de-France,11,0
92395,D,D,appartement,1973,79.3,311.0,2021-12-17,Île-de-France,11,0
93342,G,E,maison,1948,69.3,332.0,2021-12-18,Île-de-France,11,1
95336,C,E,maison,1987,29.9,287.0,2021-12-18,Île-de-France,11,0
77276,F,D,appartement,1922,93.1,444.0,2021-12-18,Île-de-France,11,1
75016,F,C,appartement,1970,63.3,475.0,2021-12-18,Île-de-France,11,1
78243,C,C,appartement,2014,96.1,239.0,2021-12-19,Île-de-France,11,0
78344,C,D,appartement,2019,42.5,299.0,2021-12-19,Île-de-France,11,0
93011,E,F,appartement,1970,53.3,405.0,2021-12-19,Île-de-France,11,0
78339,B,F,maison,2009,79.9,72.0,2021-12-19,Île-de-France,11,0
94231,D,F,immeuble,1983,49.3,187.0,2021-12-20,Île-de-France,11,0
77109,D,D,maison,1992,123.4,172.0,2021-12-20,Île-de-France,11,0
78064,E,G,maison,1973,82.5,562.0,2021-12-20,Île-de-France,11,0
94255,E,F,maison,1989,58.9,351.0,2021-12-20,Île-de-France,11,0
94119,C,F,immeuble,1991,111.4,212.0,2021-12-21,Île-de-France,11,0
75034,F,D,maison,1950,69.2,372.0,2021-12-21,Île-de-France,11,1
92238,F,E,maison,1927,18.0,639.0,2021-12-21,Île-de-France,11,1
75102,E,G,appartement,1983,49.7,585.0,2021-12-21,Île-de-France,11,0
75076,C,D,maison,1994,77.3,203.0,2021-12-22,Île-de-France,11,0
94215,C,C,appartement,1994,69.7,303.0,2021-12-22,Île-de-France,11,0
92331,D,F,maison,1979,63.5,194.0,2021-12-22,Île-de-France,11,0
92262,D,D,maison,1988,37.2,156.0,2021-12-23,Île-de-France,11,0
77070,B,D,maison,1992,90.5,104.0,2021-12-23,Île-de-France,11,0
77342,E,C,maison,1991,153.7,350.0,2021-12-23,Île-de-France,11,0
92237,C,D,maison,2009,108.3,248.0,2021-12-23,Île-de-France,11,0
94037,E,F,maison,1994,82.3,399.0,2021-12-24,Île-de-France,11,0
77367,D,A,appartement,1972,31.8,194.0,2021-12-24,Île-de-France,11,0
95287,C,E,maison,2012,90.1,322.0,2021-12-24,Île-de-France,11,0
78248,D,F,maison,1994,68.8,309.0,2021-12-24,Île-de-France,11,0
94030,F,C,maison,1928,76.8,353.0,2021-12-25,Île-de-France,11,1
91030,D,E,appartement,1984,84.0,191.0,2021-12-25,Île-de-France,11,0
75100,D,B,maison,1983,43.6,313.0,2021-12-25,Île-de-France,11,0
95105,C,D,appartement,1985,44.6,160.0,2021-12-25,Île-de-France,11,0
95189,D,G,maison,1992,64.7,307.0,2021-12-26,Île-de-France,11,0
75075,A,C,immeuble,1994,43.6,149.0,2021-12-26,Île-de-France,11,0
94050,A,F,maison,2015,40.8,65.0,2021-12-26,Île-de-France,11,0
95126,D,D,maison,1992,129.4,262.0,2021-12-26,Île-de-France,11,0
92002,D,G,immeuble,1970,56.2,197.0,2021-12-27,Île-de-France,11,0
92250,D,F,maison,1994,107.7,167.0,2021-12-27,Île-de-France,11,0
93097,B,D,appartement,1985,45.9,82.0,2021-12-27,Île-de-France,11,0
78180,E,E,appartement,1986,122.3,581.0,2021-12-27,Île-de-France,11,0
93050,E,C,appartement,1976,48.2,530.0,2021-12-28,Île-de-France,11,0
93220,D,F,appartement,1982,107.5,246.0,2021-12-28,Île-de-France,11,0
77234,D,F,appartement,1965,58.4,318.0,2021-12-28,Île-de-France,11,0
77177,E,F,maison,1970,200.2,492.0,2021-12-28,Île-de-France,11,0
93225,D,E,appartement,1971,67.6,269.0,2021-12-29,Île-de-France,11,0
91160,E,F,maison,1976,44.4,443.0,2021-12-29,Île-de-France,11,0
95369,D,E,appartement,1984,113.5,161.0,2021-12-29,Île-de-France,11,0
75057,C,F,appartement,1985,58.2,154.0,2021-12-29,Île-de-France,11,0
91381,C,C,maison,2007,63.4,216.0,2021-12-30,Île-de-France,11,0
95011,C,D,appartement,2003,113.3,299.0,2021-12-30,Île-de-France,11,0
91374,D,E,appartement,1978,48.6,227.0,2021-12-30,Île-de-France,11,0
92275,E,D,maison,1968,52.9,359.0,2021-12-30,Île-de-France,11,0
91147,D,E,maison,1989,76.7,213.0,2021-12-31,Île-de-France,11,0
95141,F,C,appartement,1961,125.7,466.0,2021-12-31,Île-de-France,11,1
77028,C,C,maison,2012,151.9,211.0,2021-12-31,Île-de-France,11,0
94283,E,E,appartement,1992,48.3,354.0,2021-12-31,Île-de-France,11,0
93251,C,D,appartement,2000,57.0,255.0,2022-01-01,Île-de-France,11,0
77336,E,F,appartement,1984,35.9,409.0,2022-01-01,Île-de-France,11,0
92268,D,C,appartement,1975,117.2,179.0,2022-01-01,Île-de-France,11,0
77137,A,G,appartement,1995,61.3,69.0,2022-01-01,Île-de-France,11,0
92096,D,G,maison,1967,102.1,326.0,2022-01-02,Île-de-France,11,0
95255,D,C,appartement,1978,30.7,288.0,2022-01-02,Île-de-France,11,0
91097,E,C,maison,1971,43.7,591.0,2022-01-02,Île-de-France,11,0
77050,C,C,appartement,2018,79.1,247.0,2022-01-03,Île-de-France,11,0
93161,E,D,maison,1965,33.5,335.0,2022-01-03,Île-de-France,11,0
78379,D,E,immeuble,1981,59.5,257.0,2022-01-03,Île-de-France,11,0
92070,F,E,maison,1943,70.4,688.0,2022-01-03,Île-de-France,11,1
94146,D,F,maison,1990,58.4,207.0,2022-01-04,Île-de-France,11,0
92381,B,D,maison,2009,87.8,73.0,2022-01-04,Île-de-France,11,0
78141,E,E,maison,1978,102.6,436.0,2022-01-04,Île-de-France,11,0
78130,G,F,appartement,1932,83.0,417.0,2022-01-04,Île-de-France,11,1
94291,C,F,appartement,1988,37.6,215.0,2022-01-05,Île-de-France,11,0
94203,D,E,immeuble,1973,59.7,317.0,2022-01-05,Île-de-France,11,0
92355,G,F,appartement,1948,74.5,415.0,2022-01-05,Île-de-France,11,1
93342,D,D,maison,1971,53.1,244.0,2022-01-05,Île-de-France,11,0
77074,E,D,maison,1975,77.5,530.0,2022-01-06,Île-de-France,11,0
77301,E,F,appartement,1993,71.3,530.0,2022-01-06,Île-de-France,11,0
91355,F,B,appartement,1948,72.1,436.0,2022-01-06,Île-de-France,11,1
92255,E,C,appartement,1971,41.3,380.0,2022-01-06,Île-de-France,11,0
91231,D,F,appartement,1985,83.7,256.0,2022-01-07,Île-de-France,11,0
77159,D,G,maison,1970,75.8,262.0,2022-01-07,Île-de-France,11,0
93167,E,E,appartement,1994,18.8,666.0,2022-01-07,Île-de-France,11,0
91244,D,E,maison,1972,36.9,221.0,2022-01-07,Île-de-France,11,0
91021,E,D,appartement,1985,57.4,559.0,2022-01-08,Île-de-France,11,0
77355,C,E,appartement,2011,27.8,279.0,2022-01-08,Île-de-France,11,0
92246,B,E,maison,1998,36.0,52.0,2022-01-08,Île-de-France,11,0
75037,E,E,appartement,1988,70.4,657.0,2022-01-08,Île-de-France,11,0
78119,G,F,immeuble,1970,55.1,491.0,2022-01-09,Île-de-France,11,1
92117,D,C,appartement,1968,55.6,217.0,2022-01-09,Île-de-France,11,0
92098,D,F,appartement,1980,102.0,166.0,2022-01-09,Île-de-France,11,0
94280,C,D,appartement,1989,99.1,229.0,2022-01-09,Île-de-France,11,0
77210,B,A,appartement,1985,84.8,115.0,2022-01-10,Île-de-France,11,0
95294,C,F,immeuble,2016,40.2,195.0,2022-01-10,Île-de-France,11,0
93389,F,A,maison,1948,66.0,607.0,2022-01-10,Île-de-France,11,1
77284,E,G,maison,1978,141.7,621.0,2022-01-10,Île-de-France,11,0
95094,A,D,maison,2011,78.2,71.0,2022-01-11,Île-de-France,11,0
78381,E,D,maison,1975,46.1,415.0,2022-01-11,Île-de-France,11,0
91296,C,G,maison,1987,123.5,252.0,2022-01-11,Île-de-France,11,0
95163,C,F,appartement,1991,68.2,225.0,2022-01-11,Île-de-France,11,0
77155,G,G,appartement,1963,30.0,675.0,2022-01-12,Île-de-France,11,1
92062,F,C,maison,1962,46.8,386.0,2022-01-12,Île-de-France,11,1
95275,C,E,immeuble,1988,91.9,268.0,2022-01-12,Île-de-France,11,0
92286,F,E,appartement,1956,64.4,526.0,2022-01-12,Île-de-France,11,1
91118,E,E,maison,1965,60.4,344.0,2022-01-13,Île-de-France,11,0
91281,B,B,maison,2000,59.1,97.0,2022-01-13,Île-de-France,11,0
75086,E,E,appartement,1982,109.9,630.0,2022-01-13,Île-de-France,11,0
78347,E,D,maison,1989,90.7,550.0,2022-01-14,Île-de-France,11,0
92309,D,G,maison,1973,63.5,230.0,2022-01-14,Île-de-France,11,0
94011,D,E,appartement,1988,36.3,209.0,2022-01-14,Île-de-France,11,0
93218,E,C,maison,1980,74.1,486.0,2022-01-14,Île-de-France,11,0
91218,A,F,immeuble,2011,34.2,79.0,2022-01-15,Île-de-France,11,0
92197,C,D,appartement,1985,92.0,317.0,2022-01-15,Île-de-France,11,0
92024,C,F,maison,2018,65.4,305.0,2022-01-15,Île-de-France,11,0
93169,G,G,maison,1961,37.0,523.0,2022-01-15,Île-de-France,11,1
92291,B,F,appartement,2011,40.0,139.0,2022-01-16,Île-de-France,11,0
95110,B,G,maison,1985,31.2,83.0,2022-01-16,Île-de-France,11,0
91183,D,E,maison,1993,28.6,189.0,2022-01-16,Île-de-France,11,0
95351,B,E,appartement,2000,67.8,146.0,2022-01-16,Île-de-France,11,0
78017,E,D,immeuble,1976,66.2,673.0,2022-01-17,Île-de-France,11,0
91284,G,F,maison,1923,18.0,603.0,2022-01-17,Île-de-France,11,1
94361,A,D,maison,1987,56.9,53.0,2022-01-17,Île-de-France,11,0
78145,F,E,appartement,1973,87.7,341.0,2022-01-17,Île-de-France,11,1
78384,D,D,appartement,1987,76.8,256.0,2022-01-18,Île-de-France,11,0
94370,D,E,maison,1984,80.0,232.0,2022-01-18,Île-de-France,11,0
75135,E,E,maison,1984,66.8,620.0,2022-01-18,Île-de-France,11,0
93244,F,B,maison,1928,115.5,434.0,2022-01-18,Île-de-France,11,1
94380,C,F,appartement,1993,46.8,242.0,2022-01-19,Île-de-France,11,0
77310,D,E,appartement,1977,24.9,259.0,2022-01-19,Île-de-France,11,0
92215,D,E,appartement,1980,79.1,199.0,2022-01-19,Île-de-France,11,0
77245,E,E,maison,1971,48.7,456.0,2022-01-19,Île-de-France,11,0
77081,B,E,appartement,2011,44.1,140.0,2022-01-20,Île-de-France,11,0
78125,C,E,maison,2014,25.4,211.0,2022-01-20,Île-de-France,11,0
75129,G,C,maison,1961,120.1,502.0,2022-01-20,Île-de-France,11,1
94009,E,E,maison,1990,102.4,653.0,2022-01-20,Île-de-France,11,0
78002,A,A,appartement,1994,69.3,126.0,2022-01-21,Île-de-France,11,0
77042,D,D,maison,1991,42.8,255.0,2022-01-21,Île-de-France,11,0
92298,F,E,maison,1946,76.9,596.0,2022-01-21,Île-de-France,11,1
77338,D,C,appartement,1992,76.3,234.0,2022-01-21,Île-de-France,11,0
94164,D,F,immeuble,1982,42.0,250.0,2022-01-22,Île-de-France,11,0
78302,D,C,appartement,1981,56.0,184.0,2022-01-22,Île-de-France,11,0
92088,G,F,appartement,1921,191.6,445.0,2022-01-22,Île-de-France,11,1
95169,E,E,maison,1975,76.0,432.0,2022-01-22,Île-de-France,11,0
78220,G,D,maison,1926,53.9,400.0,2022-01-23,Île-de-France,11,1
91348,D,E,maison,1989,146.1,256.0,2022-01-23,Île-de-France,11,0
95360,C,C,appartement,1985,31.0,303.0,2022-01-23,Île-de-France,11,0
92007,D,E,maison,1978,88.7,192.0,2022-01-23,Île-de-France,11,0
75063,D,E,appartement,1965,162.3,170.0,2022-01-24,Île-de-France,11,0
92259,C,D,appartement,1998,91.7,203.0,2022-01-24,Île-de-France,11,0
77118,E,G,maison,1983,125.5,355.0,2022-01-24,Île-de-France,11,0
93364,C,E,maison,2016,18.0,261.0,2022-01-25,Île-de-France,11,0
92111,D,D,appartement,1974,50.4,309.0,2022-01-25,Île-de-France,11,0
94283,A,E,appartement,1999,68.6,92.0,2022-01-25,Île-de-France,11,0
93181,D,D,appartement,1978,154.3,278.0,2022-01-25,Île-de-France,11,0
94270,D,D,maison,1982,45.0,292.0,2022-01-26,Île-de-France,11,0
93198,C,B,maison,1994,37.8,281.0,2022-01-26,Île-de-France,11,0
95256,F,F,appartement,1935,55.4,692.0,2022-01-26,Île-de-France,11,1
75059,G,E,maison,1953,109.1,404.0,2022-01-26,Île-de-France,11,1
95358,D,F,appartement,1972,79.2,246.0,2022-01-27,Île-de-France,11,0
92362,B,B,appartement,1992,53.4,51.0,2022-01-27,Île-de-France,11,0
94017,D,G,appartement,1965,42.0,324.0,2022-01-27,Île-de-France,11,0
77384,F,E,appartement,1938,177.8,621.0,2022-01-27,Île-de-France,11,1
91185,C,E,maison,2001,203.7,284.0,2022-01-28,Île-de-France,11,0
93004,E,C,appartement,1967,88.3,404.0,2022-01-28,Île-de-France,11,0
95192,B,E,appartement,2006,100.8,53.0,2022-01-28,Île-de-France,11,0
91377,D,F,appartement,1989,58.7,163.0,2022-01-28,Île-de-France,11,0
92336,E,D,maison,1981,41.4,665.0,2022-01-29,Île-de-France,11,0
93214,D,F,maison,1967,97.2,222.0,2022-01-29,Île-de-France,11,0
91185,E,B,appartement,1988,47.4,673.0,2022-01-29,Île-de-France,11,0
91163,D,D,appartement,1990,56.4,323.0,2022-01-29,Île-de-France,11,0
93334,D,G,immeuble,1970,115.1,193.0,2022-01-30,Île-de-France,11,0
95018,D,E,maison,1987,48.3,257.0,2022-01-30,Île-de-France,11,0
94248,C,E,maison,1997,43.9,223.0,2022-01-30,Île-de-France,11,0
75127,C,D,maison,2011,100.4,304.0,2022-01-30,Île-de-France,11,0
75107,C,D,maison,1989,93.0,204.0,2022-01-31,Île-de-France,11,0
75051,E,D,maison,1978,120.7,519.0,2022-01-31,Île-de-France,11,0
75032,F,D,maison,1951,34.8,359.0,2022-01-31,Île-de-France,11,1
77214,G,E,maison,1955,69.6,596.0,2022-01-31,Île-de-France,11,1
92021,E,C,maison,1992,104.8,660.0,2022-02-01,Île-de-France,11,0
95268,E,D,maison,1983,36.7,615.0,2022-02-01,Île-de-France,11,0
94021,E,D,maison,1970,127.6,419.0,2022-02-01,Île-de-France,11,0
91320,D,B,appartement,1966,67.3,174.0,2022-02-01,Île-de-France,11,0
78072,E,D,appartement,1966,72.5,637.0,2022-02-02,Île-de-France,11,0
93294,D,E,appartement,1979,86.1,275.0,2022-02-02,Île-de-France,11,0
93087,C,G,appartement,2012,88.7,268.0,2022-02-02,Île-de-France,11,0
94005,D,E,maison,1976,56.8,266.0,2022-02-02,Île-de-France,11,0
92053,F,E,appartement,1969,56.6,688.0,2022-02-03,Île-de-France,11,1
75097,E,G,maison,1983,63.8,554.0,2022-02-03,Île-de-France,11,0
78197,F,G,maison,1954,52.6,408.0,2022-02-03,Île-de-France,11,1
94350,E,D,maison,1982,103.9,404.0,2022-02-03,Île-de-France,11,0
91269,F,E,maison,1955,88.2,368.0,2022-02-04,Île-de-France,11,1
91257,D,B,maison,1994,36.4,252.0,2022-02-04,Île-de-France,11,0
91238,C,F,appartement,1994,56.8,217.0,2022-02-04,Île-de-France,11,0
77121,G,B,maison,1957,57.1,608.0,2022-02-05,Île-de-France,11,1
95344,E,D,appartement,1981,139.2,475.0,2022-02-05,Île-de-France,11,0
95260,C,E,maison,2004,57.7,203.0,2022-02-05,Île-de-France,11,0
77180,E,F,appartement,1967,126.7,655.0,2022-02-05,Île-de-France,11,0
91129,D,E,maison,1982,86.0,277.0,2022-02-06,Île-de-France,11,0
75022,C,B,appartement,2017,25.0,195.0,2022-02-06,Île-de-France,11,0
91260,B,E,appartement,2011,134.6,85.0,2022-02-06,Île-de-France,11,0
92381,G,C,appartement,1927,42.1,385.0,2022-02-06,Île-de-France,11,1
78139,D,D,immeuble,1967,54.2,257.0,2022-02-07,Île-de-France,11,0
94262,C,D,maison,2004,91.9,297.0,2022-02-07,Île-de-France,11,0
94155,C,F,maison,2005,46.9,253.0,2022-02-07,Île-de-France,11,0
94042,C,C,appartement,2019,23.6,268.0,2022-02-07,Île-de-France,11,0
92274,F,B,maison,1923,93.5,665.0,2022-02-08,Île-de-France,11,1
77321,C,F,appartement,1997,56.4,163.0,2022-02-08,Île-de-France,11,0
91081,F,F,appartement,1939,77.9,386.0,2022-02-08,Île-de-France,11,1
91205,C,E,maison,2015,123.1,275.0,2022-02-08,Île-de-France,11,0
93143,E,E,appartement,1983,75.8,649.0,2022-02-09,Île-de-France,11,0
91393,D,G,maison,1969,38.6,178.0,2022-02-09,Île-de-France,11,0
92183,F,F,appartement,1973,67.5,575.0,2022-02-09,Île-de-France,11,1
92062,E,D,maison,1994,132.7,462.0,2022-02-09,Île-de-France,11,0
92102,B,E,appartement,2007,39.1,64.0,2022-02-10,Île-de-France,11,0
95288,C,B,appartement,1989,44.2,306.0,2022-02-10,Île-de-France,11,0
78193,C,D,maison,2007,72.3,296.0,2022-02-10,Île-de-France,11,0
78058,E,F,appartement,1994,91.1,608.0,2022-02-10,Île-de-France,11,0
78278,C,D,maison,1996,79.5,172.0,2022-02-11,Île-de-France,11,0
78020,B,F,maison,2016,127.8,133.0,2022-02-11,Île-de-France,11,0
78148,F,D,maison,1949,105.1,504.0,2022-02-11,Île-de-France,11,1
91208,E,E,maison,1981,37.3,367.0,2022-02-11,Île-de-France,11,0
78270,D,G,appartement,1974,115.6,219.0,2022-02-12,Île-de-France,11,0
78059,F,E,maison,1928,71.9,629.0,2022-02-12,Île-de-France,11,1
75057,C,F,maison,1997,104.1,227.0,2022-02-12,Île-de-France,11,0
93348,D,B,appartement,1987,225.1,297.0,2022-02-12,Île-de-France,11,0
92048,D,F,maison,1991,400.0,208.0,2022-02-13,Île-de-France,11,0
93274,E,G,appartement,1987,74.6,533.0,2022-02-13,Île-de-France,11,0
93324,E,D,maison,1989,52.2,659.0,2022-02-13,Île-de-France,11,0
92360,D,D,maison,1983,90.0,328.0,2022-02-13,Île-de-France,11,0
94035,C,E,appartement,1999,89.5,242.0,2022-02-14,Île-de-France,11,0
94058,F,D,maison,1974,70.7,354.0,2022-02-14,Île-de-France,11,1
93332,D,F,appartement,1965,78.4,326.0,2022-02-14,Île-de-France,11,0
78252,F,D,appartement,1946,40.7,359.0,2022-02-14,Île-de-France,11,1
93221,C,F,appartement,2018,45.9,221.0,2022-02-15,Île-de-France,11,0
94165,D,D,maison,1983,40.9,263.0,2022-02-15,Île-de-France,11,0
93303,E,F,maison,1971,38.0,413.0,2022-02-15,Île-de-France,11,0
77324,B,C,maison,2005,57.5,83.0,2022-02-16,Île-de-France,11,0
93081,E,F,maison,1987,81.4,366.0,2022-02-16,Île-de-France,11,0
94181,C,D,appartement,2002,29.0,223.0,2022-02-16,Île-de-France,11,0
95131,F,G,maison,1952,182.1,552.0,2022-02-16,Île-de-France,11,1
92111,E,D,appartement,1994,18.0,599.0,2022-02-17,Île-de-France,11,0
93288,F,D,maison,1927,46.4,621.0,2022-02-17,Île-de-France,11,1
91145,C,D,appartement,2017,55.4,173.0,2022-02-17,Île-de-France,11,0
94293,D,C,appartement,1978,54.5,210.0,2022-02-17,Île-de-France,11,0
93212,B,E,appartement,2017,67.4,102.0,2022-02-18,Île-de-France,11,0
91266,E,B,maison,1985,103.6,564.0,2022-02-18,Île-de-France,11,0
92235,E,E,appartement,1993,36.2,637.0,2022-02-18,Île-de-France,11,0
92046,E,B,appartement,1970,132.7,528.0,2022-02-18,Île-de-France,11,0
77228,G,C,maison,1945,35.0,677.0,2022-02-19,Île-de-France,11,1
78299,C,C,maison,2011,218.5,187.0,2022-02-19,Île-de-France,11,0
95035,D,E,maison,1967,48.0,154.0,2022-02-19,Île-de-France,11,0
95399,F,D,appartement,1945,103.2,559.0,2022-02-19,Île-de-France,11,1
92245,C,D,appartement,2017,150.6,253.0,2022-02-20,Île-de-France,11,0
91328,C,G,maison,1987,35.3,298.0,2022-02-20,Île-de-France,11,0
95278,F,D,appartement,1956,60.4,507.0,2022-02-20,Île-de-France,11,1
92280,D,A,maison,1968,33.4,307.0,2022-02-20,Île-de-France,11,0
92350,D,C,appartement,1987,65.2,161.0,2022-02-21,Île-de-France,11,0
77084,D,C,immeuble,1981,38.4,260.0,2022-02-21,Île-de-France,11,0
92287,D,G,maison,1977,180.3,286.0,2022-02-21,Île-de-France,11,0
91079,G,D,maison,1957,50.3,398.0,2022-02-21,Île-de-France,11,1
94045,D,F,maison,1972,77.0,160.0,2022-02-22,Île-de-France,11,0
77397,D,C,maison,1989,55.2,161.0,2022-02-22,Île-de-France,11,0
92020,D,D,maison,1969,83.8,174.0,2022-02-22,Île-de-France,11,0
77349,E,E,appartement,1970,63.2,657.0,2022-02-22,Île-de-France,11,0
93070,E,D,appartement,1991,80.0,466.0,2022-02-23,Île-de-France,11,0
95141,E,B,appartement,1972,40.7,478.0,2022-02-23,Île-de-France,11,0
95232,C,C,appartement,1997,27.9,321.0,2022-02-23,Île-de-France,11,0
77198,E,F,maison,1975,71.0,385.0,2022-02-23,Île-de-France,11,0
95160,D,C,appartement,1982,59.9,180.0,2022-02-24,Île-de-France,11,0
77372,E,D,appartement,1992,34.2,641.0,2022-02-24,Île-de-France,11,0
77237,E,E,maison,1977,42.4,481.0,2022-02-24,Île-de-France,11,0
92223,E,C,appartement,1966,35.6,596.0,2022-02-24,Île-de-France,11,0
95393,D,F,appartement,1972,53.7,243.0,2022-02-25,Île-de-France,11,0
78086,D,C,appartement,1984,49.4,211.0,2022-02-25,Île-de-France,11,0
78347,E,C,appartement,1983,56.0,341.0,2022-02-25,Île-de-France,11,0
78276,E,D,appartement,1977,55.5,604.0,2022-02-25,Île-de-France,11,0
92391,G,D,maison,1970,51.3,561.0,2022-02-26,Île-de-France,11,1
94130,E,E,maison,1989,158.6,370.0,2022-02-26,Île-de-France,11,0
78226,D,E,maison,1978,46.3,201.0,2022-02-26,Île-de-France,11,0
93331,E,F,maison,1968,66.3,552.0,2022-02-27,Île-de-France,11,0
78280,F,F,immeuble,1974,74.3,521.0,2022-02-27,Île-de-France,11,1
78224,E,D,appartement,1983,322.5,523.0,2022-02-27,Île-de-France,11,0
93203,A,F,maison,2006,96.5,89.0,2022-02-27,Île-de-France,11,0
94092,E,G,maison,1990,57.9,585.0,2022-02-28,Île-de-France,11,0
93014,E,F,maison,1966,40.3,474.0,2022-02-28,Île-de-France,11,0
78211,E,D,immeuble,1977,111.5,523.0,2022-02-28,Île-de-France,11,0
91324,A,F,maison,2010,44.9,60.0,2022-02-28,Île-de-France,11,0
92014,D,F,appartement,1967,42.8,229.0,2022-03-01,Île-de-France,11,0
77194,B,G,appartement,1990,137.2,121.0,2022-03-01,Île-de-France,11,0
91371,E,F,maison,1970,58.9,410.0,2022-03-01,Île-de-France,11,0
91019,F,C,maison,1928,70.9,640.0,2022-03-01,Île-de-France,11,1
93160,B,F,maison,2010,67.6,69.0,2022-03-02,Île-de-France,11,0
94025,D,C,appartement,1978,40.7,280.0,2022-03-02,Île-de-France,11,0
95341,E,E,maison,1965,61.1,336.0,2022-03-02,Île-de-France,11,0
78268,C,D,maison,2013,27.9,207.0,2022-03-02,Île-de-France,11,0
93262,C,F,appartement,2011,38.1,273.0,2022-03-03,Île-de-France,11,0
91381,E,D,maison,1990,76.2,507.0,2022-03-03,Île-de-France,11,0
93326,F,C,maison,1922,165.6,656.0,2022-03-03,Île-de-France,11,1
78224,E,D,appartement,1994,41.6,504.0,2022-03-03,Île-de-France,11,0
78396,D,D,appartement,1974,77.2,239.0,2022-03-04,Île-de-France,11,0
92180,G,E,maison,1965,43.4,584.0,2022-03-04,Île-de-France,11,1
91309,F,D,maison,1945,38.0,388.0,2022-03-04,Île-de-France,11,1
91019,D,F,appartement,1971,74.0,322.0,2022-03-04,Île-de-France,11,0
77204,F,F,maison,1943,147.2,366.0,2022-03-05,Île-de-France,11,1
95076,E,C,maison,1975,53.2,689.0,2022-03-05,Île-de-France,11,0
77104,D,D,maison,1972,39.4,202.0,2022-03-05,Île-de-France,11,0
92272,E,D,appartement,1992,52.3,661.0,2022-03-05,Île-de-France,11,0
93060,F,E,maison,1950,56.7,633.0,2022-03-06,Île-de-France,11,1
78278,E,C,appartement,1978,51.5,647.0,2022-03-06,Île-de-France,11,0
78219,F,F,maison,1974,114.6,344.0,2022-03-06,Île-de-France,11,1
78310,C,E,immeuble,1997,68.4,158.0,2022-03-06,Île-de-France,11,0
94139,D,D,immeuble,1987,120.2,327.0,2022-03-07,Île-de-France,11,0
94298,C,E,maison,1996,93.5,166.0,2022-03-07,Île-de-France,11,0
92382,E,F,appartement,1967,101.3,429.0,2022-03-07,Île-de-France,11,0
77219,D,D,appartement,1972,68.5,213.0,2022-03-07,Île-de-France,11,0
77022,E,C,immeuble,1979,103.8,467.0,2022-03-08,Île-de-France,11,0
91046,A,F,maison,2004,48.6,50.0,2022-03-08,Île-de-France,11,0
93061,D,C,maison,1975,128.7,244.0,2022-03-08,Île-de-France,11,0
92026,E,D,appartement,1986,65.3,515.0,2022-03-08,Île-de-France,11,0
78315,C,D,immeuble,2014,68.2,305.0,2022-03-09,Île-de-France,11,0
92160,E,E,maison,1994,55.6,680.0,2022-03-09,Île-de-France,11,0
95223,B,A,maison,2015,31.0,59.0,2022-03-09,Île-de-France,11,0
75024,F,D,appartement,1930,65.1,432.0,2022-03-10,Île-de-France,11,1
95340,E,D,maison,1981,71.9,664.0,2022-03-10,Île-de-France,11,0
78032,F,E,appartement,1957,78.6,466.0,2022-03-10,Île-de-France,11,1
92114,C,E,maison,1988,96.8,230.0,2022-03-10,Île-de-France,11,0
93377,F,E,maison,1967,37.1,608.0,2022-03-11,Île-de-France,11,1
77006,D,D,appartement,1987,66.5,267.0,2022-03-11,Île-de-France,11,0
75014,F,F,maison,1958,110.5,667.0,2022-03-11,Île-de-France,11,1
91052,D,G,appartement,1972,95.2,276.0,2022-03-11,Île-de-France,11,0
91323,E,C,immeuble,1981,18.2,375.0,2022-03-12,Île-de-France,11,0
95258,B,E,appartement,2006,47.9,121.0,2022-03-12,Île-de-France,11,0
78153,C,D,appartement,1998,80.0,224.0,2022-03-12,Île-de-France,11,0
77278,G,C,maison,1968,87.7,667.0,2022-03-12,Île-de-France,11,1
92396,D,C,maison,1987,40.0,293.0,2022-03-13,Île-de-France,11,0
92395,G,E,maison,1928,60.2,370.0,2022-03-13,Île-de-France,11,1
77017,D,C,appartement,1989,113.5,328.0,2022-03-13,Île-de-France,11,0
77007,D,F,appartement,1979,102.2,153.0,2022-03-13,Île-de-France,11,0
91190,A,B,appartement,1990,51.7,84.0,2022-03-14,Île-de-France,11,0
93126,G,E,appartement,1931,95.6,516.0,2022-03-14,Île-de-France,11,1
78386,B,E,appartement,2003,74.8,80.0,2022-03-14,Île-de-France,11,0
93276,E,E,appartement,1993,78.1,340.0,2022-03-14,Île-de-France,11,0
92050,C,A,maison,2011,75.3,232.0,2022-03-15,Île-de-France,11,0
94280,E,F,appartement,1966,82.3,650.0,2022-03-15,Île-de-France,11,0
77303,B,G,appartement,1997,80.2,139.0,2022-03-15,Île-de-France,11,0
91305,F,C,maison,1954,76.5,696.0,2022-03-15,Île-de-France,11,1
95308,C,C,appartement,2019,79.3,282.0,2022-03-16,Île-de-France,11,0
94079,C,D,maison,2004,18.0,222.0,2022-03-16,Île-de-France,11,0
77177,D,B,appartement,1988,124.7,268.0,2022-03-16,Île-de-France,11,0
78245,B,E,appartement,1997,64.2,103.0,2022-03-16,Île-de-France,11,0
78329,D,E,maison,1981,58.8,279.0,2022-03-17,Île-de-France,11,0
78306,E,F,appartement,1990,87.2,483.0,2022-03-17,Île-de-France,11,0
78349,B,E,maison,2000,45.8,102.0,2022-03-17,Île-de-France,11,0
92174,E,F,appartement,1994,35.1,644.0,2022-03-17,Île-de-France,11,0
94397,E,D,maison,1973,66.5,481.0,2022-03-18,Île-de-France,11,0
94192,F,C,maison,1972,78.2,670.0,2022-03-18,Île-de-France,11,1
95390,G,C,maison,1920,80.2,411.0,2022-03-18,Île-de-France,11,1
78024,D,E,appartement,1991,67.1,255.0,2022-03-18,Île-de-France,11,0
78266,D,C,maison,1988,44.2,281.0,2022-03-19,Île-de-France,11,0
75004,F,E,appartement,1965,76.0,429.0,2022-03-19,Île-de-France,11,1
95348,D,B,appartement,1984,60.6,228.0,2022-03-19,Île-de-France,11,0
95170,B,G,maison,1997,71.7,53.0,2022-03-19,Île-de-France,11,0
92277,D,B,appartement,1983,226.1,278.0,2022-03-20,Île-de-France,11,0
78259,G,E,maison,1963,61.9,551.0,2022-03-20,Île-de-France,11,1
75010,E,E,appartement,1994,120.0,510.0,2022-03-20,Île-de-France,11,0
75135,A,F,maison,2003,89.5,125.0,2022-03-21,Île-de-France,11,0
95238,F,E,appartement,1937,89.8,535.0,2022-03-21,Île-de-France,11,1
91038,B,E,maison,2001,46.6,82.0,2022-03-21,Île-de-France,11,0
93032,D,F,appartement,1973,42.5,286.0,2022-03-21,Île-de-France,11,0
91393,F,D,appartement,1937,116.1,544.0,2022-03-22,Île-de-France,11,1
77144,E,B,maison,1994,50.7,414.0,2022-03-22,Île-de-France,11,0
94154,G,D,maison,1959,61.0,686.0,2022-03-22,Île-de-France,11,1
78097,C,D,maison,1996,65.0,214.0,2022-03-22,Île-de-France,11,0
93086,D,E,appartement,1978,83.6,291.0,2022-03-23,Île-de-France,11,0
77387,B,D,maison,2010,85.8,103.0,2022-03-23,Île-de-France,11,0
91043,C,E,appartement,2008,81.4,185.0,2022-03-23,Île-de-France,11,0
95131,D,B,immeuble,1984,79.1,225.0,2022-03-23,Île-de-France,11,0
77275,C,E,maison,1989,120.5,325.0,2022-03-24,Île-de-France,11,0
77271,E,D,appartement,1989,74.5,630.0,2022-03-24,Île-de-France,11,0
93140,E,D,immeuble,1991,49.2,547.0,2022-03-24,Île-de-France,11,0
77109,C,D,maison,2000,80.2,258.0,2022-03-24,Île-de-France,11,0
94308,E,D,maison,1989,52.4,559.0,2022-03-25,Île-de-France,11,0
77322,C,D,maison,1991,52.0,288.0,2022-03-25,Île-de-France,11,0
93183,D,F,maison,1972,22.8,237.0,2022-03-25,Île-de-France,11,0
77135,D,D,appartement,1978,102.9,288.0,2022-03-25,Île-de-France,11,0
91052,D,F,maison,1990,136.0,283.0,2022-03-26,Île-de-France,11,0
91217,F,D,appartement,1938,31.0,334.0,2022-03-26,Île-de-France,11,1
91117,G,E,maison,1948,73.8,384.0,2022-03-26,Île-de-France,11,1
93261,G,C,maison,1968,65.0,512.0,2022-03-26,Île-de-France,11,1
93277,A,E,appartement,1989,91.9,82.0,2022-03-27,Île-de-France,11,0
95208,C,F,maison,1996,45.0,312.0,2022-03-27,Île-de-France,11,0
93171,D,D,maison,1982,96.5,232.0,2022-03-27,Île-de-France,11,0
93283,E,D,appartement,1966,80.7,670.0,2022-03-27,Île-de-France,11,0
78070,C,D,maison,1985,50.0,287.0,2022-03-28,Île-de-France,11,0
95238,D,E,appartement,1975,67.0,201.0,2022-03-28,Île-de-France,11,0
95166,C,D,maison,1988,150.5,266.0,2022-03-28,Île-de-France,11,0
95249,D,E,maison,1993,38.5,303.0,2022-03-28,Île-de-France,11,0
95392,D,E,maison,1984,94.2,248.0,2022-03-29,Île-de-France,11,0
92147,E,G,maison,1966,87.9,419.0,2022-03-29,Île-de-France,11,0
78282,C,C,maison,1996,193.8,254.0,2022-03-29,Île-de-France,11,0
95350,F,G,maison,1972,27.5,551.0,2022-03-29,Île-de-France,11,1
75072,B,D,immeuble,2014,44.7,133.0,2022-03-30,Île-de-France,11,0
93274,D,E,maison,1981,57.7,325.0,2022-03-30,Île-de-France,11,0
77163,D,F,maison,1989,36.1,197.0,2022-03-30,Île-de-France,11,0
75009,D,E,appartement,1973,82.1,170.0,2022-03-30,Île-de-France,11,0
93328,C,D,appartement,1994,56.2,250.0,2022-03-31,Île-de-France,11,0
77015,G,C,maison,1956,140.7,490.0,2022-03-31,Île-de-France,11,1
77197,C,D,appartement,2011,93.3,244.0,2022-03-31,Île-de-France,11,0
95212,E,G,maison,1982,104.4,430.0,2022-04-01,Île-de-France,11,0
94038,C,E,maison,1997,99.1,199.0,2022-04-01,Île-de-France,11,0
95164,E,D,maison,1971,29.0,332.0,2022-04-01,Île-de-France,11,0
78274,C,E,immeuble,1987,262.4,325.0,2022-04-01,Île-de-France,11,0
77011,F,E,maison,1969,47.7,567.0,2022-04-02,Île-de-France,11,1
93127,B,E,appartement,2007,147.7,86.0,2022-04-02,Île-de-France,11,0
75011,D,F,appartement,1977,79.3,261.0,2022-04-02,Île-de-France,11,0
94086,G,D,maison,1950,110.7,651.0,2022-04-02,Île-de-France,11,1
94300,G,G,maison,1934,55.8,488.0,2022-04-03,Île-de-France,11,1
93223,C,F,appartement,2001,73.9,294.0,2022-04-03,Île-de-France,11,0
78312,C,E,maison,1997,37.7,160.0,2022-04-03,Île-de-France,11,0
91261,D,E,appartement,1975,53.8,281.0,2022-04-03,Île-de-France,11,0
94031,D,F,maison,1990,176.3,279.0,2022-04-04,Île-de-France,11,0
94341,E,G,appartement,1991,72.2,670.0,2022-04-04,Île-de-France,11,0
93148,E,C,maison,1978,92.4,476.0,2022-04-04,Île-de-France,11,0
91185,C,G,appartement,1994,74.7,275.0,2022-04-04,Île-de-France,11,0
78005,E,F,maison,1977,141.4,654.0,2022-04-05,Île-de-France,11,0
78060,E,E,maison,1971,40.5,640.0,2022-04-05,Île-de-France,11,0
92167,D,G,maison,1992,104.4,301.0,2022-04-05,Île-de-France,11,0
92065,E,E,appartement,1973,37.3,697.0,2022-04-05,Île-de-France,11,0
92288,D,F,maison,1993,129.1,313.0,2022-04-06,Île-de-France,11,0
95248,F,F,appartement,1942,40.4,487.0,2022-04-06,Île-de-France,11,1
92167,F,D,maison,1962,56.0,529.0,2022-04-06,Île-de-France,11,1
93304,E,A,appartement,1994,58.5,349.0,2022-04-06,Île-de-France,11,0
95039,D,A,appartement,1981,41.1,251.0,2022-04-07,Île-de-France,11,0
95259,E,B,appartement,1972,48.1,537.0,2022-04-07,Île-de-France,11,0
77071,D,D,maison,1966,228.0,245.0,2022-04-07,Île-de-France,11,0
75006,C,G,maison,2019,195.2,226.0,2022-04-07,Île-de-France,11,0
77014,A,E,maison,2019,91.1,119.0,2022-04-08,Île-de-France,11,0
78275,F,A,maison,1958,42.1,637.0,2022-04-08,Île-de-France,11,1
92111,D,C,maison,1986,94.0,224.0,2022-04-08,Île-de-France,11,0
91189,B,D,maison,2006,54.9,117.0,2022-04-08,Île-de-France,11,0
78160,E,E,appartement,1992,73.7,513.0,2022-04-09,Île-de-France,11,0
78363,B,C,maison,2002,70.0,69.0,2022-04-09,Île-de-France,11,0
91206,E,C,maison,1973,68.3,382.0,2022-04-09,Île-de-France,11,0
94315,F,D,maison,1933,160.3,616.0,2022-04-09,Île-de-France,11,1
95038,E,D,maison,1977,128.8,535.0,2022-04-10,Île-de-France,11,0
93222,F,E,appartement,1938,64.2,393.0,2022-04-10,Île-de-France,11,1
91165,C,F,appartement,1997,51.8,329.0,2022-04-10,Île-de-France,11,0
94294,D,F,maison,1989,18.3,270.0,2022-04-10,Île-de-France,11,0
91313,G,B,appartement,1974,131.7,514.0,2022-04-11,Île-de-France,11,1
92303,D,G,appartement,1980,81.2,329.0,2022-04-11,Île-de-France,11,0
92352,B,E,maison,2019,92.1,112.0,2022-04-11,Île-de-France,11,0
95188,F,E,appartement,1927,133.0,401.0,2022-04-12,Île-de-France,11,1
95307,E,B,maison,1989,39.2,624.0,2022-04-12,Île-de-France,11,0
93386,B,F,maison,1999,31.6,136.0,2022-04-12,Île-de-France,11,0
77121,C,E,maison,2016,55.2,320.0,2022-04-12,Île-de-France,11,0
77392,G,G,appartement,1924,68.1,430.0,2022-04-13,Île-de-France,11,1
94160,D,B,appartement,1987,72.1,174.0,2022-04-13,Île-de-France,11,0
78138,E,E,appartement,1992,31.4,600.0,2022-04-13,Île-de-France,11,0
92099,E,F,appartement,1992,62.0,540.0,2022-04-13,Île-de-France,11,0
92119,E,E,maison,1984,96.9,560.0,2022-04-14,Île-de-France,11,0
77151,C,G,immeuble,2005,39.3,301.0,2022-04-14,Île-de-France,11,0
77014,C,F,maison,2018,72.7,230.0,2022-04-14,Île-de-France,11,0
75067,E,D,appartement,1972,100.5,351.0,2022-04-14,Île-de-France,11,0
78387,E,E,appartement,1971,149.8,587.0,2022-04-15,Île-de-France,11,0
94380,C,F,maison,2009,90.0,225.0,2022-04-15,Île-de-France,11,0
92229,C,G,appartement,2003,99.2,229.0,2022-04-15,Île-de-France,11,0
94232,C,E,maison,2008,38.6,278.0,2022-04-15,Île-de-France,11,0
78108,E,E,maison,1990,126.6,580.0,2022-04-16,Île-de-France,11,0
94326,E,C,appartement,1965,119.9,474.0,2022-04-16,Île-de-France,11,0
77311,D,E,appartement,1991,110.6,276.0,2022-04-16,Île-de-France,11,0
91390,E,G,maison,1982,82.9,409.0,2022-04-16,Île-de-France,11,0
91347,E,G,appartement,1977,51.6,610.0,2022-04-17,Île-de-France,11,0
94247,D,C,maison,1988,39.4,312.0,2022-04-17,Île-de-France,11,0
94353,C,F,maison,2012,123.3,265.0,2022-04-17,Île-de-France,11,0
93054,E,F,maison,1980,70.8,602.0,2022-04-17,Île-de-France,11,0
93004,A,D,maison,1991,33.9,142.0,2022-04-18,Île-de-France,11,0
77003,E,G,appartement,1968,42.5,526.0,2022-04-18,Île-de-France,11,0
93210,C,D,maison,1997,37.7,227.0,2022-04-18,Île-de-France,11,0
91193,E,E,maison,1985,103.3,345.0,2022-04-18,Île-de-France,11,0
95158,D,E,appartement,1967,109.5,284.0,2022-04-19,Île-de-France,11,0
78328,D,B,appartement,1975,141.9,313.0,2022-04-19,Île-de-France,11,0
75016,A,C,appartement,2005,53.0,76.0,2022-04-19,Île-de-France,11,0
91399,B,E,maison,2005,31.0,95.0,2022-04-19,Île-de-France,11,0
77059,D,E,maison,1971,80.5,169.0,2022-04-20,Île-de-France,11,0
91252,D,C,maison,1983,54.9,315.0,2022-04-20,Île-de-France,11,0
77303,D,E,maison,1990,28.1,233.0,2022-04-20,Île-de-France,11,0
95031,D,E,maison,1974,71.3,178.0,2022-04-20,Île-de-France,11,0
77354,A,B,maison,1993,44.8,112.0,2022-04-21,Île-de-France,11,0
77328,B,C,appartement,2001,153.9,53.0,2022-04-21,Île-de-France,11,0
91167,B,E,maison,1988,68.8,67.0,2022-04-21,Île-de-France,11,0
91270,E,C,maison,1967,93.0,638.0,2022-04-21,Île-de-France,11,0
93236,D,B,maison,1966,54.3,233.0,2022-04-22,Île-de-France,11,0
75050,D,E,appartement,1969,71.5,153.0,2022-04-22,Île-de-France,11,0
93364,B,E,appartement,1988,110.2,69.0,2022-04-22,Île-de-France,11,0
92375,E,C,maison,1980,74.3,472.0,2022-04-23,Île-de-France,11,0
92143,C,B,appartement,2018,62.4,201.0,2022-04-23,Île-de-France,11,0
78077,D,F,appartement,1966,52.6,186.0,2022-04-23,Île-de-France,11,0
93318,G,F,maison,1935,71.8,622.0,2022-04-23,Île-de-France,11,1
78010,B,F,maison,2001,39.7,78.0,2022-04-24,Île-de-France,11,0
75129,C,B,maison,2017,111.9,172.0,2022-04-24,Île-de-France,11,0
94204,A,B,appartement,1988,19.6,53.0,2022-04-24,Île-de-France,11,0
93101,D,D,appartement,1972,39.1,267.0,2022-04-24,Île-de-France,11,0
92373,G,E,maison,1925,48.3,552.0,2022-04-25,Île-de-France,11,1
95357,F,C,maison,1936,81.7,691.0,2022-04-25,Île-de-France,11,1
78088,A,D,maison,2010,54.7,119.0,2022-04-25,Île-de-France,11,0
95058,C,G,maison,1987,46.7,330.0,2022-04-25,Île-de-France,11,0
77388,G,B,appartement,1957,55.6,629.0,2022-04-26,Île-de-France,11,1
92302,D,F,maison,1987,92.3,319.0,2022-04-26,Île-de-France,11,0
94328,F,G,appartement,1954,87.5,407.0,2022-04-26,Île-de-France,11,1
95197,F,F,appartement,1951,46.0,691.0,2022-04-26,Île-de-France,11,1
78145,D,F,maison,1969,100.7,164.0,2022-04-27,Île-de-France,11,0
95082,G,D,appartement,1939,108.0,561.0,2022-04-27,Île-de-France,11,1
75086,D,C,maison,1970,120.4,272.0,2022-04-27,Île-de-France,11,0
78312,F,F,appartement,1958,77.2,489.0,2022-04-27,Île-de-France,11,1
92275,C,C,appartement,1997,71.8,254.0,2022-04-28,Île-de-France,11,0
92131,E,E,maison,1987,55.4,393.0,2022-04-28,Île-de-France,11,0
95304,B,F,maison,2016,59.3,65.0,2022-04-28,Île-de-France,11,0
91379,F,E,appartement,1943,40.5,556.0,2022-04-28,Île-de-France,11,1
93283,B,D,appartement,2018,22.6,147.0,2022-04-29,Île-de-France,11,0
77326,G,D,appartement,1945,47.5,699.0,2022-04-29,Île-de-France,11,1
77206,D,B,maison,1975,54.3,197.0,2022-04-29,Île-de-France,11,0
77160,F,E,maison,1958,168.4,441.0,2022-04-29,Île-de-France,11,1
77063,C,D,appartement,1992,29.7,288.0,2022-04-30,Île-de-France,11,0
93080,D,E,maison,1969,91.1,197.0,2022-04-30,Île-de-France,11,0
93273,D,A,appartement,1976,157.9,234.0,2022-04-30,Île-de-France,11,0
91358,E,E,maison,1978,105.4,425.0,2022-04-30,Île-de-France,11,0
93190,G,C,maison,1929,41.0,487.0,2022-05-01,Île-de-France,11,1
93398,F,D,maison,1966,51.6,618.0,2022-05-01,Île-de-France,11,1
78116,D,E,maison,1982,87.8,218.0,2022-05-01,Île-de-France,11,0
77013,D,D,appartement,1978,128.4,195.0,2022-05-01,Île-de-France,11,0
78026,D,E,appartement,1988,45.8,240.0,2022-05-02,Île-de-France,11,0
92179,A,D,maison,1994,96.7,83.0,2022-05-02,Île-de-France,11,0
94144,G,E,maison,1929,34.3,468.0,2022-05-02,Île-de-France,11,1
94071,C,A,maison,1994,141.4,237.0,2022-05-02,Île-de-France,11,0
77397,F,D,appartement,1935,82.6,499.0,2022-05-03,Île-de-France,11,1
75051,E,B,maison,1975,47.1,560.0,2022-05-03,Île-de-France,11,0
77354,F,D,appartement,1965,23.5,491.0,2022-05-03,Île-de-France,11,1
77010,C,D,maison,1993,81.7,253.0,2022-05-04,Île-de-France,11,0
91107,G,E,appartement,1946,83.2,638.0,2022-05-04,Île-de-France,11,1
77038,B,E,maison,2010,70.6,95.0,2022-05-04,Île-de-France,11,0
95288,D,D,appartement,1990,44.0,286.0,2022-05-04,Île-de-France,11,0
91316,A,E,maison,1989,18.0,141.0,2022-05-05,Île-de-France,11,0
91250,D,F,immeuble,1975,26.9,162.0,2022-05-05,Île-de-France,11,0
91262,C,C,maison,2002,83.1,182.0,2022-05-05,Île-de-France,11,0
75060,G,G,appartement,1963,20.5,629.0,2022-05-05,Île-de-France,11,1
91048,E,G,appartement,1968,61.9,406.0,2022-05-06,Île-de-France,11,0
93294,D,D,appartement,1965,68.9,315.0,2022-05-06,Île-de-France,11,0
91297,F,G,appartement,1943,50.7,421.0,2022-05-06,Île-de-France,11,1
78386,C,B,maison,2000,88.5,299.0,2022-05-06,Île-de-France,11,0
93084,F,F,appartement,1945,54.6,484.0,2022-05-07,Île-de-France,11,1
91345,D,D,maison,1973,34.3,299.0,2022-05-07,Île-de-France,11,0
94068,E,D,appartement,1975,39.2,354.0,2022-05-07,Île-de-France,11,0
95360,F,E,maison,1954,128.8,416.0,2022-05-07,Île-de-France,11,1
91195,D,D,maison,1994,88.5,233.0,2022-05-08,Île-de-France,11,0
92163,B,D,maison,1997,67.4,80.0,2022-05-08,Île-de-France,11,0
78216,B,G,maison,2018,69.9,58.0,2022-05-08,Île-de-France,11,0
92282,D,D,appartement,1980,131.4,210.0,2022-05-08,Île-de-France,11,0
75131,G,E,maison,1957,82.9,571.0,2022-05-09,Île-de-France,11,1
78341,F,F,maison,1926,66.9,557.0,2022-05-09,Île-de-France,11,1
91178,B,C,maison,2010,35.0,136.0,2022-05-09,Île-de-France,11,0
95216,E,G,maison,1974,95.2,468.0,2022-05-09,Île-de-France,11,0
78366,D,F,immeuble,1967,130.3,325.0,2022-05-10,Île-de-France,11,0
94393,F,E,maison,1964,168.7,696.0,2022-05-10,Île-de-France,11,1
93181,F,F,appartement,1974,109.2,685.0,2022-05-10,Île-de-France,11,1
93239,D,E,appartement,1965,38.1,207.0,2022-05-10,Île-de-France,11,0
77097,C,D,maison,1998,150.9,312.0,2022-05-11,Île-de-France,11,0
91020,D,E,maison,1981,87.6,185.0,2022-05-11,Île-de-France,11,0
91360,D,G,maison,1982,56.1,165.0,2022-05-11,Île-de-France,11,0
92080,D,F,maison,1974,37.3,327.0,2022-05-11,Île-de-France,11,0
95261,A,D,maison,2012,64.1,146.0,2022-05-12,Île-de-France,11,0
93191,D,G,maison,1971,56.0,214.0,2022-05-12,Île-de-France,11,0
93265,G,E,appartement,1962,19.9,543.0,2022-05-12,Île-de-France,11,1
95350,D,C,appartement,1989,38.2,199.0,2022-05-12,Île-de-France,11,0
77275,B,F,appartement,2002,79.5,146.0,2022-05-13,Île-de-France,11,0
75094,C,G,maison,2005,64.2,274.0,2022-05-13,Île-de-France,11,0
77232,D,E,appartement,1994,95.9,314.0,2022-05-13,Île-de-France,11,0
93250,E,D,appartement,1965,78.9,539.0,2022-05-13,Île-de-France,11,0
95103,C,D,maison,2006,124.9,231.0,2022-05-14,Île-de-France,11,0
95354,D,G,appartement,1971,38.1,312.0,2022-05-14,Île-de-France,11,0
92196,E,G,appartement,1988,102.4,367.0,2022-05-14,Île-de-France,11,0
93280,D,G,maison,1968,46.3,229.0,2022-05-15,Île-de-France,11,0
95141,G,E,appartement,1928,78.5,392.0,2022-05-15,Île-de-France,11,1
77150,D,D,appartement,1973,84.1,260.0,2022-05-15,Île-de-France,11,0
95080,G,B,appartement,1951,32.6,531.0,2022-05-15,Île-de-France,11,1
93304,F,F,appartement,1974,62.5,626.0,2022-05-16,Île-de-France,11,1
94295,B,F,maison,1992,53.6,62.0,2022-05-16,Île-de-France,11,0
95057,G,F,appartement,1947,38.8,350.0,2022-05-16,Île-de-France,11,1
94247,E,E,appartement,1971,58.9,508.0,2022-05-16,Île-de-France,11,0
94238,F,E,maison,1923,127.7,354.0,2022-05-17,Île-de-France,11,1
92344,D,E,immeuble,1982,45.6,279.0,2022-05-17,Île-de-France,11,0
75137,E,E,appartement,1988,76.2,353.0,2022-05-17,Île-de-France,11,0
94209,E,E,maison,1982,99.6,497.0,2022-05-17,Île-de-France,11,0
77069,D,C,appartement,1968,59.6,242.0,2022-05-18,Île-de-France,11,0
95094,B,F,maison,2019,69.3,55.0,2022-05-18,Île-de-France,11,0
94074,C,E,maison,2015,101.8,216.0,2022-05-18,Île-de-France,11,0
93007,F,A,immeuble,1961,63.7,536.0,2022-05-18,Île-de-France,11,1
78313,E,D,maison,1976,72.8,568.0,2022-05-19,Île-de-France,11,0
95390,E,A,maison,1991,55.6,445.0,2022-05-19,Île-de-France,11,0
91059,G,G,appartement,1955,75.5,617.0,2022-05-19,Île-de-France,11,1
78240,F,C,maison,1962,86.6,372.0,2022-05-19,Île-de-France,11,1
77120,G,G,appartement,1943,42.4,698.0,2022-05-20,Île-de-France,11,1
93347,D,F,appartement,1983,90.2,220.0,2022-05-20,Île-de-France,11,0
95004,F,C,maison,1970,118.5,612.0,2022-05-20,Île-de-France,11,1
77219,E,F,maison,1986,28.7,629.0,2022-05-20,Île-de-France,11,0
91127,D,G,immeuble,1978,112.0,173.0,2022-05-21,Île-de-France,11,0
94297,A,C,appartement,2007,107.7,144.0,2022-05-21,Île-de-France,11,0
77011,F,F,appartement,1974,68.0,564.0,2022-05-21,Île-de-France,11,1
78347,D,G,appartement,1968,56.3,284.0,2022-05-21,Île-de-France,11,0
93180,C,E,appartement,1997,45.5,215.0,2022-05-22,Île-de-France,11,0
92065,G,D,appartement,1967,79.2,437.0,2022-05-22,Île-de-France,11,1
94022,E,C,immeuble,1990,80.9,635.0,2022-05-22,Île-de-France,11,0
94121,A,E,maison,2007,81.8,105.0,2022-05-22,Île-de-France,11,0
91128,D,G,maison,1973,140.2,313.0,2022-05-23,Île-de-France,11,0
91140,D,E,maison,1982,77.6,177.0,2022-05-23,Île-de-France,11,0
94341,D,F,maison,1965,46.7,169.0,2022-05-23,Île-de-France,11,0
93320,D,E,immeuble,1971,164.5,280.0,2022-05-23,Île-de-France,11,0
93164,C,E,appartement,1992,50.1,187.0,2022-05-24,Île-de-France,11,0
77116,E,G,maison,1981,62.6,372.0,2022-05-24,Île-de-France,11,0
95226,E,C,maison,1984,44.4,510.0,2022-05-24,Île-de-France,11,0
78153,D,D,appartement,1975,81.4,231.0,2022-05-25,Île-de-France,11,0
92225,D,C,maison,1986,52.8,222.0,2022-05-25,Île-de-France,11,0
78147,D,E,maison,1985,30.2,167.0,2022-05-25,Île-de-France,11,0
91295,D,D,appartement,1978,69.0,263.0,2022-05-25,Île-de-France,11,0
95332,F,G,maison,1952,39.2,649.0,2022-05-26,Île-de-France,11,1
91390,E,E,maison,1977,83.3,646.0,2022-05-26,Île-de-France,11,0
92044,D,A,immeuble,1976,31.6,307.0,2022-05-26,Île-de-France,11,0
95365,C,D,appartement,2013,35.8,252.0,2022-05-26,Île-de-France,11,0
78198,C,E,maison,2010,53.8,232.0,2022-05-27,Île-de-France,11,0
93036,D,D,maison,1980,74.5,172.0,2022-05-27,Île-de-France,11,0
93325,C,D,appartement,1987,54.5,314.0,2022-05-27,Île-de-France,11,0
91319,B,E,maison,2006,101.4,123.0,2022-05-27,Île-de-France,11,0
78252,C,F,appartement,2018,26.8,330.0,2022-05-28,Île-de-France,11,0
77005,E,G,appartement,1965,105.9,658.0,2022-05-28,Île-de-France,11,0
77104,E,D,immeuble,1975,69.9,378.0,2022-05-28,Île-de-France,11,0
95260,D,C,appartement,1980,39.7,172.0,2022-05-28,Île-de-France,11,0
77028,E,C,appartement,1965,39.0,367.0,2022-05-29,Île-de-France,11,0
77290,C,F,appartement,2007,61.2,283.0,2022-05-29,Île-de-France,11,0
77085,D,C,appartement,1976,77.2,169.0,2022-05-29,Île-de-France,11,0
91390,G,F,appartement,1962,61.1,589.0,2022-05-29,Île-de-France,11,1
95362,D,D,maison,1990,114.4,306.0,2022-05-30,Île-de-France,11,0
91399,C,C,maison,1988,34.2,260.0,2022-05-30,Île-de-France,11,0
93132,C,G,maison,1995,47.2,298.0,2022-05-30,Île-de-France,11,0
94175,C,D,maison,1993,80.9,191.0,2022-05-30,Île-de-France,11,0
94336,D,D,appartement,1985,52.6,223.0,2022-05-31,Île-de-France,11,0
92317,F,E,appartement,1973,61.1,466.0,2022-05-31,Île-de-France,11,1
77386,F,D,appartement,1968,76.4,677.0,2022-05-31,Île-de-France,11,1
78342,C,F,appartement,1991,60.1,198.0,2022-05-31,Île-de-France,11,0
94099,D,E,appartement,1979,125.1,180.0,2022-06-01,Île-de-France,11,0
78010,E,F,maison,1970,44.5,500.0,2022-06-01,Île-de-France,11,0
93394,E,E,appartement,1978,37.7,609.0,2022-06-01,Île-de-France,11,0
95293,F,E,immeuble,1925,43.2,422.0,2022-06-01,Île-de-France,11,1
94177,A,C,appartement,1999,140.6,148.0,2022-06-02,Île-de-France,11,0
94274,G,C,appartement,1939,34.0,604.0,2022-06-02,Île-de-France,11,1
77016,G,D,maison,1960,51.8,507.0,2022-06-02,Île-de-France,11,1
94301,C,D,maison,1997,133.5,159.0,2022-06-02,Île-de-France,11,0
94060,D,F,appartement,1986,35.2,200.0,2022-06-03,Île-de-France,11,0
77224,D,D,maison,1971,171.7,245.0,2022-06-03,Île-de-France,11,0
93240,D,E,immeuble,1971,91.3,195.0,2022-06-03,Île-de-France,11,0
92234,C,G,maison,2014,69.3,165.0,2022-06-03,Île-de-France,11,0
92309,E,C,maison,1978,68.9,387.0,2022-06-04,Île-de-France,11,0
95087,F,E,appartement,1936,78.1,363.0,2022-06-04,Île-de-France,11,1
78205,F,E,appartement,1926,54.5,351.0,2022-06-04,Île-de-France,11,1
78308,D,F,maison,1987,63.6,266.0,2022-06-05,Île-de-France,11,0
92066,F,E,appartement,1967,65.9,419.0,2022-06-05,Île-de-France,11,1
78091,D,D,maison,1989,31.7,306.0,2022-06-05,Île-de-France,11,0
94105,G,D,maison,1944,54.2,494.0,2022-06-05,Île-de-France,11,1
94152,D,D,maison,1981,140.6,295.0,2022-06-06,Île-de-France,11,0
77169,E,E,appartement,1987,33.4,677.0,2022-06-06,Île-de-France,11,0
78046,C,F,maison,1996,25.2,210.0,2022-06-06,Île-de-France,11,0
77006,F,E,appartement,1965,72.1,659.0,2022-06-06,Île-de-France,11,1
75139,D,F,maison,1991,61.6,230.0,2022-06-07,Île-de-France,11,0
91078,C,E,maison,2007,110.7,169.0,2022-06-07,Île-de-France,11,0
78337,E,E,maison,1967,71.1,534.0,2022-06-07,Île-de-France,11,0
94278,F,E,maison,1972,48.4,429.0,2022-06-07,Île-de-France,11,1
78263,D,A,appartement,1982,31.6,300.0,2022-06-08,Île-de-France,11,0
92044,F,B,appartement,1945,127.4,592.0,2022-06-08,Île-de-France,11,1
77054,C,F,appartement,2014,96.4,322.0,2022-06-08,Île-de-France,11,0
77324,G,G,immeuble,1965,53.0,679.0,2022-06-08,Île-de-France,11,1
91185,D,E,appartement,1979,61.3,220.0,2022-06-09,Île-de-France,11,0
77024,F,F,appartement,1947,74.8,437.0,2022-06-09,Île-de-France,11,1
92290,E,C,appartement,1994,73.8,346.0,2022-06-09,Île-de-France,11,0
77013,C,G,maison,2000,90.8,272.0,2022-06-09,Île-de-France,11,0
93124,B,C,maison,1986,47.3,125.0,2022-06-10,Île-de-France,11,0
91079,C,D,appartement,2016,73.1,262.0,2022-06-10,Île-de-France,11,0
78130,E,F,maison,1992,28.0,460.0,2022-06-10,Île-de-France,11,0
93033,E,F,immeuble,1990,21.0,414.0,2022-06-10,Île-de-France,11,0
91243,B,E,maison,2005,77.3,80.0,2022-06-11,Île-de-France,11,0
75002,E,G,maison,1987,85.7,675.0,2022-06-11,Île-de-France,11,0
75116,E,F,maison,1966,202.2,501.0,2022-06-11,Île-de-France,11,0
78214,F,F,appartement,1932,138.3,465.0,2022-06-11,Île-de-France,11,1
93139,E,C,maison,1970,106.6,669.0,2022-06-12,Île-de-France,11,0
75126,C,F,maison,1986,66.5,220.0,2022-06-12,Île-de-France,11,0
91158,A,G,maison,1999,88.9,99.0,2022-06-12,Île-de-France,11,0
95155,F,F,appartement,1956,46.2,577.0,2022-06-12,Île-de-France,11,1
78266,D,E,appartement,1968,149.5,177.0,2022-06-13,Île-de-France,11,0
77019,E,E,appartement,1992,45.4,610.0,2022-06-13,Île-de-France,11,0
94381,F,F,appartement,1928,48.2,384.0,2022-06-13,Île-de-France,11,1
78075,F,G,maison,1963,99.7,388.0,2022-06-13,Île-de-France,11,1
92191,G,D,appartement,1921,54.9,569.0,2022-06-14,Île-de-France,11,1
93393,E,E,maison,1968,68.2,389.0,2022-06-14,Île-de-France,11,0
92349,C,E,maison,1987,28.3,251.0,2022-06-14,Île-de-France,11,0
94156,E,B,appartement,1981,60.3,562.0,2022-06-14,Île-de-France,11,0
92096,E,D,appartement,1990,38.5,412.0,2022-06-15,Île-de-France,11,0
94096,B,C,appartement,2013,116.2,107.0,2022-06-15,Île-de-France,11,0
78373,E,E,maison,1965,74.8,524.0,2022-06-15,Île-de-France,11,0
94036,G,E,maison,1939,70.0,483.0,2022-06-16,Île-de-France,11,1
78053,F,E,appartement,1941,99.5,505.0,2022-06-16,Île-de-France,11,1
95144,A,D,appartement,2000,99.5,65.0,2022-06-16,Île-de-France,11,0
92207,D,C,maison,1990,129.8,177.0,2022-06-16,Île-de-France,11,0
78060,D,E,appartement,1971,76.7,280.0,2022-06-17,Île-de-France,11,0
94262,D,D,appartement,1967,119.3,268.0,2022-06-17,Île-de-France,11,0
92392,E,E,maison,1980,54.8,632.0,2022-06-17,Île-de-France,11,0
78137,G,B,appartement,1939,56.9,402.0,2022-06-17,Île-de-France,11,1
78277,F,D,appartement,1974,59.0,634.0,2022-06-18,Île-de-France,11,1
95173,E,D,appartement,1994,44.0,517.0,2022-06-18,Île-de-France,11,0
78195,C,E,maison,1996,68.1,282.0,2022-06-18,Île-de-France,11,0
77253,G,E,maison,1972,73.1,429.0,2022-06-18,Île-de-France,11,1
93008,C,D,maison,2017,47.6,280.0,2022-06-19,Île-de-France,11,0
93246,E,B,maison,1966,73.5,517.0,2022-06-19,Île-de-France,11,0
91280,F,F,appartement,1954,53.3,479.0,2022-06-19,Île-de-France,11,1
91244,E,D,appartement,1974,69.9,581.0,2022-06-19,Île-de-France,11,0
94283,D,F,appartement,1984,29.3,262.0,2022-06-20,Île-de-France,11,0
77291,G,E,appartement,1949,86.8,643.0,2022-06-20,Île-de-France,11,1
91022,A,G,maison,2019,48.1,57.0,2022-06-20,Île-de-France,11,0
77024,E,E,appartement,1980,72.9,352.0,2022-06-20,Île-de-France,11,0
94019,F,C,maison,1926,131.2,688.0,2022-06-21,Île-de-France,11,1
95255,C,D,maison,2008,72.7,226.0,2022-06-21,Île-de-France,11,0
78221,E,C,appartement,1973,46.4,610.0,2022-06-21,Île-de-France,11,0
95357,B,B,maison,1995,40.3,94.0,2022-06-21,Île-de-France,11,0
95218,D,F,maison,1990,73.4,226.0,2022-06-22,Île-de-France,11,0
95364,E,D,appartement,1985,39.2,362.0,2022-06-22,Île-de-France,11,0
95377,F,B,appartement,1960,29.3,447.0,2022-06-22,Île-de-France,11,1
94184,D,D,maison,1970,25.0,240.0,2022-06-22,Île-de-France,11,0
95138,G,A,appartement,1964,77.6,494.0,2022-06-23,Île-de-France,11,1
94319,E,D,immeuble,1981,68.9,493.0,2022-06-23,Île-de-France,11,0
93335,C,E,maison,2014,103.6,321.0,2022-06-23,Île-de-France,11,0
78375,C,F,appartement,2002,217.6,220.0,2022-06-23,Île-de-France,11,0
93131,E,D,maison,1985,34.7,664.0,2022-06-24,Île-de-France,11,0
77249,F,B,maison,1967,53.4,652.0,2022-06-24,Île-de-France,11,1
77311,D,C,maison,1976,127.3,279.0,2022-06-24,Île-de-France,11,0
91101,D,D,maison,1994,71.8,224.0,2022-06-24,Île-de-France,11,0
92359,F,D,appartement,1927,108.5,360.0,2022-06-25,Île-de-France,11,1
78269,D,C,appartement,1970,358.6,325.0,2022-06-25,Île-de-France,11,0
95002,B,E,maison,1989,32.3,86.0,2022-06-25,Île-de-France,11,0
93251,C,A,appartement,2003,81.8,158.0,2022-06-25,Île-de-France,11,0
94261,D,A,appartement,1977,98.3,187.0,2022-06-26,Île-de-France,11,0
92188,D,D,appartement,1989,171.1,229.0,2022-06-26,Île-de-France,11,0
95013,D,C,maison,1966,79.4,164.0,2022-06-26,Île-de-France,11,0
92251,B,E,appartement,2003,34.9,97.0,2022-06-27,Île-de-France,11,0
93145,F,C,maison,1969,36.4,578.0,2022-06-27,Île-de-France,11,1
77273,F,D,maison,1947,81.1,604.0,2022-06-27,Île-de-France,11,1
78247,D,D,appartement,1989,75.0,245.0,2022-06-27,Île-de-France,11,0
92319,B,E,maison,2016,134.4,122.0,2022-06-28,Île-de-France,11,0
78393,F,G,appartement,1926,54.8,531.0,2022-06-28,Île-de-France,11,1
77327,F,E,appartement,1971,127.1,613.0,2022-06-28,Île-de-France,11,1
78270,G,E,maison,1946,117.1,403.0,2022-06-28,Île-de-France,11,1
91194,G,D,maison,1937,54.7,526.0,2022-06-29,Île-de-France,11,1
94033,F,F,maison,1953,40.1,610.0,2022-06-29,Île-de-France,11,1
78301,D,E,maison,1969,71.0,193.0,2022-06-29,Île-de-France,11,0
93016,D,E,maison,1991,47.6,276.0,2022-06-29,Île-de-France,11,0
94263,E,C,maison,1971,98.3,587.0,2022-06-30,Île-de-France,11,0
91020,D,F,maison,1983,221.5,214.0,2022-06-30,Île-de-France,11,0
78321,F,G,maison,1930,95.2,497.0,2022-06-30,Île-de-France,11,1
91003,C,G,appartement,1992,125.9,153.0,2022-06-30,Île-de-France,11,0
93177,B,D,appartement,2014,53.0,104.0,2022-07-01,Île-de-France,11,0
77101,E,F,appartement,1989,84.2,363.0,2022-07-01,Île-de-France,11,0
94245,D,D,maison,1987,53.3,314.0,2022-07-01,Île-de-France,11,0
77337,C,G,maison,1997,51.7,228.0,2022-07-01,Île-de-France,11,0
92187,F,C,appartement,1953,30.2,494.0,2022-07-02,Île-de-France,11,1
77147,E,C,appartement,1976,71.7,510.0,2022-07-02,Île-de-France,11,0
95100,F,F,maison,1961,76.3,469.0,2022-07-02,Île-de-France,11,1
92192,D,F,appartement,1980,41.2,207.0,2022-07-02,Île-de-France,11,0
94225,G,F,maison,1929,53.4,402.0,2022-07-03,Île-de-France,11,1
77259,E,D,appartement,1983,204.3,638.0,2022-07-03,Île-de-France,11,0
78137,E,D,maison,1991,51.2,587.0,2022-07-03,Île-de-France,11,0
93034,C,D,appartement,2011,83.7,295.0,2022-07-03,Île-de-France,11,0
94395,F,F,maison,1974,79.0,464.0,2022-07-04,Île-de-France,11,1
78169,B,D,maison,1998,54.3,136.0,2022-07-04,Île-de-France,11,0
95179,D,F,appartement,1978,46.8,252.0,2022-07-04,Île-de-France,11,0
95345,D,B,maison,1988,182.6,183.0,2022-07-04,Île-de-France,11,0
77108,D,F,maison,1988,114.2,277.0,2022-07-05,Île-de-France,11,0
77119,B,G,appartement,2014,59.0,125.0,2022-07-05,Île-de-France,11,0
77246,B,B,maison,2005,55.9,67.0,2022-07-05,Île-de-France,11,0
77026,F,D,appartement,1936,108.6,437.0,2022-07-05,Île-de-France,11,1
92303,C,C,immeuble,2010,210.6,181.0,2022-07-06,Île-de-France,11,0
93317,C,D,appartement,2003,63.2,250.0,2022-07-06,Île-de-France,11,0
92382,B,F,maison,2011,30.4,61.0,2022-07-06,Île-de-France,11,0
78166,D,E,appartement,1983,23.6,244.0,2022-07-06,Île-de-France,11,0
77153,F,B,appartement,1966,44.2,345.0,2022-07-07,Île-de-France,11,1
93076,E,G,maison,1982,91.5,489.0,2022-07-07,Île-de-France,11,0
95377,D,E,maison,1974,32.8,311.0,2022-07-07,Île-de-France,11,0
95248,G,G,appartement,1950,50.4,681.0,2022-07-08,Île-de-France,11,1
94078,D,D,appartement,1977,99.6,160.0,2022-07-08,Île-de-France,11,0
78284,E,E,maison,1973,39.1,412.0,2022-07-08,Île-de-France,11,0
95138,D,G,maison,1970,102.8,294.0,2022-07-08,Île-de-France,11,0
94038,B,F,maison,2018,32.4,51.0,2022-07-09,Île-de-France,11,0
92189,D,E,appartement,1982,143.6,270.0,2022-07-09,Île-de-France,11,0
77272,D,F,maison,1989,64.0,286.0,2022-07-09,Île-de-France,11,0
94399,D,C,maison,1972,53.5,206.0,2022-07-09,Île-de-France,11,0
94094,C,C,appartement,1987,90.0,249.0,2022-07-10,Île-de-France,11,0
95034,G,F,appartement,1967,60.1,687.0,2022-07-10,Île-de-France,11,1
91264,D,C,appartement,1987,62.3,307.0,2022-07-10,Île-de-France,11,0
91048,E,D,maison,1994,83.8,669.0,2022-07-10,Île-de-France,11,0
75047,E,G,maison,1972,97.2,339.0,2022-07-11,Île-de-France,11,0
91392,D,E,maison,1988,98.3,191.0,2022-07-11,Île-de-France,11,0
94201,F,F,maison,1947,43.0,530.0,2022-07-11,Île-de-France,11,1
78373,C,F,maison,2010,115.6,252.0,2022-07-11,Île-de-France,11,0
78077,F,E,maison,1947,53.6,531.0,2022-07-12,Île-de-France,11,1
95020,E,E,appartement,1982,93.4,378.0,2022-07-12,Île-de-France,11,0
77266,E,E,appartement,1985,54.5,587.0,2022-07-12,Île-de-France,11,0
92069,E,B,appartement,1986,40.5,660.0,2022-07-12,Île-de-France,11,0
92310,D,E,maison,1987,82.6,276.0,2022-07-13,Île-de-France,11,0
78263,D,D,appartement,1984,110.0,265.0,2022-07-13,Île-de-France,11,0
91212,F,G,appartement,1924,173.7,527.0,2022-07-13,Île-de-France,11,1
93087,G,F,maison,1963,49.8,634.0,2022-07-13,Île-de-France,11,1
77309,E,E,maison,1991,98.2,520.0,2022-07-14,Île-de-France,11,0
77061,C,F,maison,2015,67.7,312.0,2022-07-14,Île-de-France,11,0
95124,C,E,maison,1986,87.2,263.0,2022-07-14,Île-de-France,11,0
94028,D,E,maison,1981,95.4,263.0,2022-07-14,Île-de-France,11,0
91319,D,F,maison,1969,39.1,319.0,2022-07-15,Île-de-France,11,0
94198,C,F,immeuble,2001,31.8,297.0,2022-07-15,Île-de-France,11,0
92071,E,C,maison,1990,43.7,332.0,2022-07-15,Île-de-France,11,0
93061,E,D,immeuble,1994,29.2,350.0,2022-07-15,Île-de-France,11,0
93138,D,E,maison,1984,79.0,174.0,2022-07-16,Île-de-France,11,0
94297,E,D,maison,1966,49.3,457.0,2022-07-16,Île-de-France,11,0
77225,D,F,maison,1986,150.6,193.0,2022-07-16,Île-de-France,11,0
93034,E,D,appartement,1991,84.6,624.0,2022-07-16,Île-de-France,11,0
94282,D,C,appartement,1980,39.5,270.0,2022-07-17,Île-de-France,11,0
78329,E,E,appartement,1966,34.4,609.0,2022-07-17,Île-de-France,11,0
78116,G,D,maison,1974,140.0,694.0,2022-07-17,Île-de-France,11,1
94241,D,D,appartement,1991,43.6,303.0,2022-07-17,Île-de-France,11,0
78067,E,G,maison,1983,144.8,413.0,2022-07-18,Île-de-France,11,0
93074,C,E,maison,1993,43.5,268.0,2022-07-18,Île-de-France,11,0
77366,D,F,maison,1994,76.8,317.0,2022-07-18,Île-de-France,11,0
92285,B,G,maison,1996,71.5,81.0,2022-07-19,Île-de-France,11,0
93259,C,D,maison,2009,80.9,163.0,2022-07-19,Île-de-France,11,0
77212,E,F,maison,1994,131.6,426.0,2022-07-19,Île-de-France,11,0
95090,E,E,appartement,1975,93.8,377.0,2022-07-19,Île-de-France,11,0
78325,E,F,maison,1976,123.5,482.0,2022-07-20,Île-de-France,11,0
77178,C,E,appartement,1985,81.3,282.0,2022-07-20,Île-de-France,11,0
94310,E,B,appartement,1992,50.1,404.0,2022-07-20,Île-de-France,11,0
94207,F,B,maison,1941,237.1,458.0,2022-07-20,Île-de-France,11,1
91364,D,G,appartement,1989,157.1,204.0,2022-07-21,Île-de-France,11,0
78236,F,F,appartement,1923,67.7,491.0,2022-07-21,Île-de-France,11,1
94289,D,C,maison,1983,75.7,270.0,2022-07-21,Île-de-France,11,0
92377,D,E,maison,1985,37.2,321.0,2022-07-21,Île-de-France,11,0
92388,D,A,appartement,1986,33.8,187.0,2022-07-22,Île-de-France,11,0
91071,C,D,maison,2000,64.6,317.0,2022-07-22,Île-de-France,11,0
93286,E,E,maison,1991,37.4,538.0,2022-07-22,Île-de-France,11,0
95237,F,D,appartement,1969,33.6,472.0,2022-07-22,Île-de-France,11,1
94242,C,D,appartement,2009,80.3,209.0,2022-07-23,Île-de-France,11,0
91235,D,C,appartement,1979,110.3,191.0,2022-07-23,Île-de-France,11,0
94111,C,G,maison,2008,47.1,251.0,2022-07-23,Île-de-France,11,0
92217,F,G,appartement,1943,27.4,441.0,2022-07-23,Île-de-France,11,1
94312,E,G,maison,1965,26.0,569.0,2022-07-24,Île-de-France,11,0
77047,D,G,appartement,1994,56.5,205.0,2022-07-24,Île-de-France,11,0
77378,E,G,appartement,1981,82.7,614.0,2022-07-24,Île-de-France,11,0
78051,E,E,maison,1966,53.6,396.0,2022-07-24,Île-de-France,11,0
92270,G,C,maison,1973,51.8,539.0,2022-07-25,Île-de-France,11,1
77256,B,B,appartement,1996,132.8,110.0,2022-07-25,Île-de-France,11,0
95318,B,D,maison,1998,18.0,115.0,2022-07-25,Île-de-France,11,0
78173,A,F,maison,2001,42.7,126.0,2022-07-25,Île-de-France,11,0
91396,D,F,maison,1971,118.0,245.0,2022-07-26,Île-de-France,11,0
95135,D,C,maison,1971,118.1,284.0,2022-07-26,Île-de-France,11,0
93161,E,D,immeuble,1975,209.2,655.0,2022-07-26,Île-de-France,11,0
75095,C,E,appartement,2009,83.5,224.0,2022-07-26,Île-de-France,11,0
94229,D,E,appartement,1967,78.6,253.0,2022-07-27,Île-de-France,11,0
94327,G,B,appartement,1967,80.7,378.0,2022-07-27,Île-de-France,11,1
93229,C,F,maison,2007,68.5,156.0,2022-07-27,Île-de-France,11,0
78241,B,E,maison,2005,49.5,92.0,2022-07-27,Île-de-France,11,0
91118,F,E,appartement,1927,86.5,560.0,2022-07-28,Île-de-France,11,1
93342,C,E,maison,2016,45.4,180.0,2022-07-28,Île-de-France,11,0
91318,D,D,appartement,1991,75.8,312.0,2022-07-28,Île-de-France,11,0
91253,C,G,appartement,1995,47.6,164.0,2022-07-28,Île-de-France,11,0
94273,E,F,appartement,1972,88.6,522.0,2022-07-29,Île-de-France,11,0
95117,D,G,appartement,1982,239.3,292.0,2022-07-29,Île-de-France,11,0
95095,F,E,maison,1933,61.1,452.0,2022-07-29,Île-de-France,11,1
77336,C,G,appartement,2014,62.4,303.0,2022-07-30,Île-de-France,11,0
93068,C,C,maison,1996,64.9,233.0,2022-07-30,Île-de-France,11,0
75009,C,G,appartement,1993,52.0,198.0,2022-07-30,Île-de-France,11,0
95010,D,D,appartement,1989,46.9,214.0,2022-07-30,Île-de-France,11,0
78109,B,E,appartement,1990,97.4,111.0,2022-07-31,Île-de-France,11,0
93199,G,F,maison,1920,92.2,481.0,2022-07-31,Île-de-France,11,1
95362,B,C,maison,1998,49.9,133.0,2022-07-31,Île-de-France,11,0
94293,E,A,appartement,1976,26.7,562.0,2022-07-31,Île-de-France,11,0
94136,D,A,appartement,1977,19.2,206.0,2022-08-01,Île-de-France,11,0
75113,B,D,maison,2013,72.9,116.0,2022-08-01,Île-de-France,11,0
78014,F,D,appartement,1922,86.0,640.0,2022-08-01,Île-de-France,11,1
78188,D,F,maison,1976,105.5,189.0,2022-08-01,Île-de-France,11,0
95267,F,F,appartement,1974,66.7,561.0,2022-08-02,Île-de-France,11,1
94072,D,D,appartement,1975,108.5,219.0,2022-08-02,Île-de-France,11,0
94248,G,F,maison,1945,47.3,505.0,2022-08-02,Île-de-France,11,1
92082,C,G,appartement,2006,80.3,297.0,2022-08-02,Île-de-France,11,0
95109,B,F,maison,2010,102.9,115.0,2022-08-03,Île-de-France,11,0
94168,C,E,maison,2005,101.4,268.0,2022-08-03,Île-de-France,11,0
77161,D,E,appartement,1978,109.7,254.0,2022-08-03,Île-de-France,11,0
95145,D,G,maison,1969,77.4,205.0,2022-08-03,Île-de-France,11,0
78046,D,F,appartement,1976,63.8,171.0,2022-08-04,Île-de-France,11,0
94200,D,D,appartement,1980,47.2,296.0,2022-08-04,Île-de-France,11,0
93156,F,F,appartement,1920,65.6,479.0,2022-08-04,Île-de-France,11,1
94048,A,B,appartement,1985,70.9,143.0,2022-08-04,Île-de-France,11,0
91239,E,E,appartement,1982,303.9,335.0,2022-08-05,Île-de-France,11,0
77122,E,C,maison,1991,61.8,463.0,2022-08-05,Île-de-France,11,0
77306,E,D,appartement,1983,91.0,456.0,2022-08-05,Île-de-France,11,0
75108,D,G,maison,1974,72.6,232.0,2022-08-05,Île-de-France,11,0
91074,D,G,maison,1988,49.9,274.0,2022-08-06,Île-de-France,11,0
95243,D,F,maison,1974,53.7,231.0,2022-08-06,Île-de-France,11,0
78191,D,D,maison,1974,18.8,163.0,2022-08-06,Île-de-France,11,0
77290,D,B,appartement,1981,123.2,231.0,2022-08-06,Île-de-France,11,0
93377,C,D,appartement,1987,32.7,262.0,2022-08-07,Île-de-France,11,0
93169,F,G,maison,1955,81.1,626.0,2022-08-07,Île-de-France,11,1
93055,G,D,immeuble,1953,33.1,352.0,2022-08-07,Île-de-France,11,1
95350,D,C,appartement,1987,22.5,251.0,2022-08-07,Île-de-France,11,0
95368,D,D,maison,1975,75.4,174.0,2022-08-08,Île-de-France,11,0
77364,E,E,appartement,1966,35.1,552.0,2022-08-08,Île-de-France,11,0
75064,E,D,maison,1973,75.4,593.0,2022-08-08,Île-de-France,11,0
93258,F,E,maison,1936,197.5,542.0,2022-08-08,Île-de-France,11,1
94370,B,F,appartement,1987,119.2,115.0,2022-08-09,Île-de-France,11,0
93301,D,G,appartement,1985,66.2,209.0,2022-08-09,Île-de-France,11,0
91381,C,F,maison,2016,158.8,177.0,2022-08-09,Île-de-France,11,0
94205,C,F,appartement,1997,40.3,330.0,2022-08-10,Île-de-France,11,0
94273,D,D,maison,1987,216.3,289.0,2022-08-10,Île-de-France,11,0
93228,D,A,maison,1979,32.8,184.0,2022-08-10,Île-de-France,11,0
94218,D,C,appartement,1985,53.9,249.0,2022-08-10,Île-de-France,11,0
77128,E,G,maison,1965,184.3,571.0,2022-08-11,Île-de-France,11,0
92386,C,E,appartement,1999,35.3,316.0,2022-08-11,Île-de-France,11,0
75077,G,C,maison,1940,65.8,418.0,2022-08-11,Île-de-France,11,1
92033,D,F,appartement,1992,33.3,162.0,2022-08-11,Île-de-France,11,0
93216,D,E,maison,1979,69.0,187.0,2022-08-12,Île-de-France,11,0
94117,B,E,appartement,1995,124.5,97.0,2022-08-12,Île-de-France,11,0
91335,C,D,maison,2006,178.7,290.0,2022-08-12,Île-de-France,11,0
93362,E,D,maison,1977,185.6,481.0,2022-08-12,Île-de-France,11,0
95255,D,D,maison,1983,41.6,249.0,2022-08-13,Île-de-France,11,0
77172,E,E,appartement,1981,63.7,607.0,2022-08-13,Île-de-France,11,0
77095,B,E,maison,2014,106.4,79.0,2022-08-13,Île-de-France,11,0
92207,D,E,appartement,1993,43.6,234.0,2022-08-13,Île-de-France,11,0
77133,E,D,appartement,1994,64.1,597.0,2022-08-14,Île-de-France,11,0
94258,E,D,appartement,1982,194.6,417.0,2022-08-14,Île-de-France,11,0
93302,C,E,maison,1988,61.8,222.0,2022-08-14,Île-de-France,11,0
77303,D,D,appartement,1968,96.5,189.0,2022-08-14,Île-de-France,11,0
93319,C,C,appartement,2011,43.2,316.0,2022-08-15,Île-de-France,11,0
78126,D,D,maison,1970,88.5,225.0,2022-08-15,Île-de-France,11,0
78366,D,E,appartement,1981,26.8,278.0,2022-08-15,Île-de-France,11,0
91267,D,D,appartement,1987,69.2,182.0,2022-08-15,Île-de-France,11,0
95346,E,D,appartement,1988,103.7,517.0,2022-08-16,Île-de-France,11,0
78227,C,D,appartement,2010,71.2,183.0,2022-08-16,Île-de-France,11,0
92093,E,C,appartement,1966,108.2,365.0,2022-08-16,Île-de-France,11,0
94041,G,E,appartement,1974,42.8,480.0,2022-08-16,Île-de-France,11,1
91299,C,D,maison,1998,24.1,207.0,2022-08-17,Île-de-France,11,0
78004,G,E,maison,1941,73.8,424.0,2022-08-17,Île-de-France,11,1
92092,E,D,appartement,1992,31.3,559.0,2022-08-17,Île-de-France,11,0
77259,E,D,maison,1974,75.6,619.0,2022-08-17,Île-de-France,11,0
91013,B,D,appartement,2003,52.0,81.0,2022-08-18,Île-de-France,11,0
91358,E,F,appartement,1979,29.0,488.0,2022-08-18,Île-de-France,11,0
77376,D,F,maison,1985,61.6,237.0,2022-08-18,Île-de-France,11,0
92165,C,F,maison,2002,69.9,233.0,2022-08-18,Île-de-France,11,0
92004,C,E,appartement,2007,65.0,300.0,2022-08-19,Île-de-France,11,0
93209,F,E,maison,1927,147.6,585.0,2022-08-19,Île-de-France,11,1
95236,E,E,maison,1992,111.1,486.0,2022-08-19,Île-de-France,11,0
94003,C,D,appartement,2009,73.2,259.0,2022-08-19,Île-de-France,11,0
78315,D,D,appartement,1981,56.5,237.0,2022-08-20,Île-de-France,11,0
91134,F,E,maison,1942,126.7,626.0,2022-08-20,Île-de-France,11,1
78177,D,F,appartement,1984,35.5,153.0,2022-08-20,Île-de-France,11,0
92302,D,E,immeuble,1988,114.7,279.0,2022-08-21,Île-de-France,11,0
78258,E,B,appartement,1976,81.1,491.0,2022-08-21,Île-de-France,11,0
92058,C,F,appartement,2010,104.5,268.0,2022-08-21,Île-de-France,11,0
78291,C,E,maison,1995,63.7,159.0,2022-08-21,Île-de-France,11,0
94325,F,E,maison,1941,126.7,396.0,2022-08-22,Île-de-France,11,1
91136,E,E,appartement,1976,65.3,487.0,2022-08-22,Île-de-France,11,0
77350,F,F,appartement,1940,71.6,456.0,2022-08-22,Île-de-France,11,1
92303,F,F,appartement,1973,90.8,676.0,2022-08-22,Île-de-France,11,1
95338,D,F,maison,1970,103.1,207.0,2022-08-23,Île-de-France,11,0
77011,E,B,appartement,1980,37.7,608.0,2022-08-23,Île-de-France,11,0
77287,A,E,appartement,2009,77.2,124.0,2022-08-23,Île-de-France,11,0
75054,E,E,maison,1992,62.3,455.0,2022-08-23,Île-de-France,11,0
78016,B,G,maison,1992,39.0,110.0,2022-08-24,Île-de-France,11,0
91334,E,F,maison,1978,84.1,469.0,2022-08-24,Île-de-France,11,0
75042,D,D,maison,1972,49.0,319.0,2022-08-24,Île-de-France,11,0
77209,D,G,maison,1978,125.8,197.0,2022-08-24,Île-de-France,11,0
78132,E,E,appartement,1978,103.4,490.0,2022-08-25,Île-de-France,11,0
92317,F,E,appartement,1953,66.3,537.0,2022-08-25,Île-de-France,11,1
77074,F,G,appartement,1962,29.8,661.0,2022-08-25,Île-de-France,11,1
77318,D,E,maison,1989,120.1,172.0,2022-08-25,Île-de-France,11,0
75049,A,D,appartement,1995,111.3,127.0,2022-08-26,Île-de-France,11,0
77137,G,F,appartement,1923,74.2,607.0,2022-08-26,Île-de-France,11,1
95074,D,E,maison,1966,33.9,233.0,2022-08-26,Île-de-France,11,0
93132,F,F,appartement,1955,28.4,341.0,2022-08-26,Île-de-France,11,1
94153,D,F,appartement,1970,43.0,235.0,2022-08-27,Île-de-France,11,0
95056,E,D,appartement,1991,41.8,331.0,2022-08-27,Île-de-France,11,0
95204,B,D,maison,2018,53.2,104.0,2022-08-27,Île-de-France,11,0
95032,E,B,appartement,1982,78.1,539.0,2022-08-27,Île-de-France,11,0
91133,D,G,maison,1974,60.6,287.0,2022-08-28,Île-de-France,11,0
93198,E,C,appartement,1990,71.6,574.0,2022-08-28,Île-de-France,11,0
93057,C,F,maison,2003,117.9,212.0,2022-08-28,Île-de-France,11,0
94062,F,F,maison,1947,57.0,523.0,2022-08-28,Île-de-France,11,1
77087,E,G,maison,1976,45.9,407.0,2022-08-29,Île-de-France,11,0
93102,D,F,maison,1971,54.3,254.0,2022-08-29,Île-de-France,11,0
95265,G,F,maison,1921,136.0,636.0,2022-08-29,Île-de-France,11,1
95358,B,D,maison,1986,136.9,51.0,2022-08-29,Île-de-France,11,0
75042,E,E,maison,1989,195.4,383.0,2022-08-30,Île-de-France,11,0
75066,D,D,appartement,1987,92.5,234.0,2022-08-30,Île-de-France,11,0
77227,E,B,appartement,1993,90.0,404.0,2022-08-30,Île-de-France,11,0
78129,F,G,appartement,1937,71.1,578.0,2022-08-30,Île-de-France,11,1
77009,D,D,appartement,1967,57.1,225.0,2022-08-31,Île-de-France,11,0
93365,D,E,maison,1984,149.7,248.0,2022-08-31,Île-de-France,11,0
94225,C,E,maison,1999,223.4,323.0,2022-08-31,Île-de-France,11,0
94099,B,C,appartement,2013,50.2,60.0,2022-09-01,Île-de-France,11,0
93332,D,D,maison,1977,67.9,214.0,2022-09-01,Île-de-France,11,0
77240,D,F,appartement,1989,38.1,276.0,2022-09-01,Île-de-France,11,0
91332,C,D,appartement,1995,28.1,200.0,2022-09-01,Île-de-France,11,0
78372,E,C,maison,1967,135.1,384.0,2022-09-02,Île-de-France,11,0
91308,F,D,maison,1967,48.1,664.0,2022-09-02,Île-de-France,11,1
92133,F,F,appartement,1967,220.4,678.0,2022-09-02,Île-de-France,11,1
92275,E,G,maison,1970,44.9,517.0,2022-09-02,Île-de-France,11,0
95289,F,D,appartement,1927,69.3,504.0,2022-09-03,Île-de-France,11,1
94253,C,G,appartement,2014,119.8,284.0,2022-09-03,Île-de-France,11,0
94078,F,F,appartement,1925,67.4,697.0,2022-09-03,Île-de-France,11,1
78270,F,D,maison,1962,115.8,461.0,2022-09-03,Île-de-France,11,1
93345,D,D,appartement,1990,51.6,225.0,2022-09-04,Île-de-France,11,0
77395,E,F,appartement,1991,37.6,337.0,2022-09-04,Île-de-France,11,0
91338,E,G,maison,1990,47.8,501.0,2022-09-04,Île-de-France,11,0
78225,F,G,maison,1950,233.3,584.0,2022-09-04,Île-de-France,11,1
91329,C,G,maison,2006,48.0,240.0,2022-09-05,Île-de-France,11,0
94030,D,F,appartement,1985,59.6,306.0,2022-09-05,Île-de-France,11,0
95318,D,E,maison,1966,94.0,246.0,2022-09-05,Île-de-France,11,0
78126,E,C,maison,1967,49.5,677.0,2022-09-05,Île-de-France,11,0
78324,D,E,maison,1993,122.3,287.0,2022-09-06,Île-de-France,11,0
91149,C,C,appartement,2015,59.1,276.0,2022-09-06,Île-de-France,11,0
92215,G,D,appartement,1966,55.4,603.0,2022-09-06,Île-de-France,11,1
94364,G,E,maison,1963,27.9,342.0,2022-09-06,Île-de-France,11,1
93210,F,C,maison,1947,107.7,380.0,2022-09-07,Île-de-France,11,1
95178,B,D,maison,2014,136.6,113.0,2022-09-07,Île-de-France,11,0
78063,D,D,maison,1974,59.1,213.0,2022-09-07,Île-de-France,11,0
94083,C,E,appartement,2000,98.1,316.0,2022-09-07,Île-de-France,11,0
78063,E,G,appartement,1989,65.6,380.0,2022-09-08,Île-de-France,11,0
92324,E,G,maison,1978,80.5,609.0,2022-09-08,Île-de-France,11,0
93312,E,D,appartement,1992,27.2,671.0,2022-09-08,Île-de-France,11,0
92009,D,D,immeuble,1985,202.1,282.0,2022-09-08,Île-de-France,11,0
92367,D,E,maison,1975,45.3,319.0,2022-09-09,Île-de-France,11,0
77310,D,D,appartement,1976,89.9,322.0,2022-09-09,Île-de-France,11,0
91146,F,C,maison,1961,92.6,411.0,2022-09-09,Île-de-France,11,1
78116,D,E,maison,1980,38.1,215.0,2022-09-09,Île-de-France,11,0
91247,B,E,appartement,1991,105.0,149.0,2022-09-10,Île-de-France,11,0
78223,F,E,appartement,1955,58.8,356.0,2022-09-10,Île-de-France,11,1
78044,F,G,immeuble,1924,30.9,648.0,2022-09-10,Île-de-France,11,1
91023,C,F,appartement,1995,56.3,167.0,2022-09-10,Île-de-France,11,0
77394,F,F,appartement,1967,135.4,429.0,2022-09-11,Île-de-France,11,1
77161,D,F,maison,1979,45.6,242.0,2022-09-11,Île-de-France,11,0
95215,D,C,appartement,1974,68.2,224.0,2022-09-11,Île-de-France,11,0
91238,G,F,appartement,1944,52.5,466.0,2022-09-12,Île-de-France,11,1
93026,D,C,appartement,1974,48.2,249.0,2022-09-12,Île-de-France,11,0
93246,D,G,maison,1977,49.5,216.0,2022-09-12,Île-de-France,11,0
75086,C,F,appartement,2005,87.4,308.0,2022-09-12,Île-de-France,11,0
94348,G,D,appartement,1963,127.1,698.0,2022-09-13,Île-de-France,11,1
93183,E,D,appartement,1966,80.0,581.0,2022-09-13,Île-de-France,11,0
77152,G,D,appartement,1935,97.8,496.0,2022-09-13,Île-de-France,11,1
77119,E,D,maison,1976,38.5,481.0,2022-09-13,Île-de-France,11,0
93050,D,D,maison,1971,136.4,264.0,2022-09-14,Île-de-France,11,0
77022,D,G,maison,1990,26.5,293.0,2022-09-14,Île-de-France,11,0
78110,B,E,appartement,1989,28.4,53.0,2022-09-14,Île-de-France,11,0
92033,A,E,maison,2003,28.3,107.0,2022-09-14,Île-de-France,11,0
91268,C,C,maison,2019,22.2,209.0,2022-09-15,Île-de-France,11,0
95167,F,D,appartement,1964,109.4,542.0,2022-09-15,Île-de-France,11,1
92352,E,D,maison,1986,38.1,493.0,2022-09-15,Île-de-France,11,0
78154,C,E,maison,1985,59.1,234.0,2022-09-15,Île-de-France,11,0
92359,F,E,maison,1962,87.1,496.0,2022-09-16,Île-de-France,11,1
75042,B,D,maison,2013,136.9,148.0,2022-09-16,Île-de-France,11,0
94178,D,F,appartement,1983,113.2,210.0,2022-09-16,Île-de-France,11,0
93334,E,F,immeuble,1975,98.7,442.0,2022-09-16,Île-de-France,11,0
93043,C,D,immeuble,2016,70.2,165.0,2022-09-17,Île-de-France,11,0
78153,E,E,appartement,1966,45.7,697.0,2022-09-17,Île-de-France,11,0
77140,D,F,maison,1970,118.8,225.0,2022-09-17,Île-de-France,11,0
78231,C,D,appartement,1999,101.5,152.0,2022-09-17,Île-de-France,11,0
75118,E,G,maison,1977,45.2,440.0,2022-09-18,Île-de-France,11,0
95231,D,D,appartement,1967,87.7,206.0,2022-09-18,Île-de-France,11,0
75013,C,G,appartement,2008,68.6,177.0,2022-09-18,Île-de-France,11,0
91011,D,C,maison,1983,45.7,191.0,2022-09-18,Île-de-France,11,0
77001,C,E,appartement,2012,79.4,298.0,2022-09-19,Île-de-France,11,0
95237,B,D,maison,2018,49.3,80.0,2022-09-19,Île-de-France,11,0
92202,F,E,appartement,1934,36.3,425.0,2022-09-19,Île-de-France,11,1
93072,F,D,appartement,1931,36.1,536.0,2022-09-19,Île-de-France,11,1
75102,D,E,maison,1990,33.4,178.0,2022-09-20,Île-de-France,11,0
95226,B,E,maison,2012,52.1,147.0,2022-09-20,Île-de-France,11,0
92164,B,E,maison,2014,127.7,144.0,2022-09-20,Île-de-France,11,0
94029,B,E,appartement,1993,41.8,60.0,2022-09-20,Île-de-France,11,0
94325,F,E,appartement,1928,28.5,696.0,2022-09-21,Île-de-France,11,1
95269,C,G,maison,2019,65.4,189.0,2022-09-21,Île-de-France,11,0
75010,F,D,maison,1969,81.2,616.0,2022-09-21,Île-de-France,11,1
77203,E,E,maison,1989,110.1,653.0,2022-09-21,Île-de-France,11,0
92251,D,C,maison,1968,88.3,310.0,2022-09-22,Île-de-France,11,0
78067,D,C,appartement,1969,42.6,312.0,2022-09-22,Île-de-France,11,0
95337,D,G,immeuble,1977,97.1,261.0,2022-09-22,Île-de-France,11,0
94065,E,D,appartement,1976,79.4,544.0,2022-09-23,Île-de-France,11,0
94229,F,G,immeuble,1920,50.2,484.0,2022-09-23,Île-de-France,11,1
77212,B,G,maison,2001,37.7,146.0,2022-09-23,Île-de-France,11,0
94343,E,F,maison,1991,51.8,695.0,2022-09-23,Île-de-France,11,0
93021,G,D,appartement,1973,56.0,486.0,2022-09-24,Île-de-France,11,1
94201,C,G,maison,1990,27.6,317.0,2022-09-24,Île-de-France,11,0
91327,G,E,maison,1950,42.4,655.0,2022-09-24,Île-de-France,11,1
94259,B,D,appartement,2007,45.1,134.0,2022-09-24,Île-de-France,11,0
78356,E,D,maison,1978,90.9,362.0,2022-09-25,Île-de-France,11,0
92187,D,F,appartement,1965,88.8,302.0,2022-09-25,Île-de-France,11,0
77388,B,G,appartement,1986,211.4,118.0,2022-09-25,Île-de-France,11,0
91231,D,F,maison,1965,127.8,276.0,2022-09-25,Île-de-France,11,0
95062,C,G,maison,2004,54.1,251.0,2022-09-26,Île-de-France,11,0
77352,C,E,maison,2011,47.9,264.0,2022-09-26,Île-de-France,11,0
95380,D,D,maison,1977,116.8,254.0,2022-09-26,Île-de-France,11,0
92308,E,E,appartement,1978,83.8,614.0,2022-09-26,Île-de-France,11,0
91122,E,D,maison,1989,96.5,414.0,2022-09-27,Île-de-France,11,0
78209,F,D,appartement,1974,64.0,354.0,2022-09-27,Île-de-France,11,1
92005,D,G,appartement,1987,63.2,154.0,2022-09-27,Île-de-France,11,0
91057,C,F,appartement,2015,38.0,152.0,2022-09-27,Île-de-France,11,0
95197,E,B,appartement,1984,38.1,600.0,2022-09-28,Île-de-France,11,0
91120,D,F,appartement,1969,63.5,305.0,2022-09-28,Île-de-France,11,0
78131,C,F,appartement,1994,113.1,166.0,2022-09-28,Île-de-France,11,0
91108,F,C,maison,1971,32.7,402.0,2022-09-28,Île-de-France,11,1
91319,G,G,maison,1967,147.8,446.0,2022-09-29,Île-de-France,11,1
91328,C,G,maison,2000,82.7,168.0,2022-09-29,Île-de-France,11,0
75023,C,B,appartement,1997,116.2,155.0,2022-09-29,Île-de-France,11,0
78171,D,E,maison,1973,92.9,231.0,2022-09-29,Île-de-France,11,0
95289,C,D,appartement,1995,91.7,201.0,2022-09-30,Île-de-France,11,0
92160,G,F,appartement,1940,96.6,344.0,2022-09-30,Île-de-France,11,1
92375,A,B,appartement,2014,55.1,108.0,2022-09-30,Île-de-France,11,0
95281,C,C,maison,1985,38.8,300.0,2022-09-30,Île-de-France,11,0
78130,D,D,appartement,1967,105.2,170.0,2022-10-01,Île-de-France,11,0
78292,D,F,appartement,1992,70.7,297.0,2022-10-01,Île-de-France,11,0
92314,D,F,maison,1971,71.6,277.0,2022-10-01,Île-de-France,11,0
94175,E,B,appartement,1986,162.5,672.0,2022-10-01,Île-de-France,11,0
95110,F,F,maison,1958,83.6,482.0,2022-10-02,Île-de-France,11,1
91256,E,F,appartement,1984,59.0,651.0,2022-10-02,Île-de-France,11,0
75087,C,E,appartement,2018,81.6,159.0,2022-10-02,Île-de-France,11,0
91233,G,D,appartement,1941,56.1,473.0,2022-10-02,Île-de-France,11,1
94291,F,B,appartement,1970,31.8,497.0,2022-10-03,Île-de-France,11,1
91033,C,C,appartement,1990,41.3,255.0,2022-10-03,Île-de-France,11,0
94297,E,G,maison,1973,21.4,667.0,2022-10-03,Île-de-France,11,0
77263,D,C,maison,1979,96.2,220.0,2022-10-04,Île-de-France,11,0
94333,C,G,appartement,2003,88.9,224.0,2022-10-04,Île-de-France,11,0
94273,C,F,maison,1996,78.0,217.0,2022-10-04,Île-de-France,11,0
92021,G,F,appartement,1942,46.2,388.0,2022-10-04,Île-de-France,11,1
78392,E,D,appartement,1965,24.3,550.0,2022-10-05,Île-de-France,11,0
94046,F,E,appartement,1959,50.1,417.0,2022-10-05,Île-de-France,11,1
91217,F,D,maison,1947,82.6,405.0,2022-10-05,Île-de-France,11,1
93116,C,F,appartement,2013,111.0,311.0,2022-10-05,Île-de-France,11,0
95292,E,F,appartement,1969,105.6,440.0,2022-10-06,Île-de-France,11,0
77106,D,E,maison,1994,57.2,225.0,2022-10-06,Île-de-France,11,0
92118,F,G,immeuble,1953,64.0,626.0,2022-10-06,Île-de-France,11,1
95301,D,E,maison,1968,94.4,152.0,2022-10-06,Île-de-France,11,0
77247,F,E,maison,1940,59.1,693.0,2022-10-07,Île-de-France,11,1
78074,E,F,maison,1984,40.3,616.0,2022-10-07,Île-de-France,11,0
77329,F,B,appartement,1964,60.7,369.0,2022-10-07,Île-de-France,11,1
92384,G,F,appartement,1958,99.9,440.0,2022-10-07,Île-de-France,11,1
93177,C,E,maison,2016,50.7,173.0,2022-10-08,Île-de-France,11,0
94263,F,E,appartement,1944,65.9,555.0,2022-10-08,Île-de-France,11,1
78200,F,F,appartement,1973,52.1,589.0,2022-10-08,Île-de-France,11,1
77254,D,G,maison,1993,184.4,319.0,2022-10-08,Île-de-France,11,0
92131,C,C,maison,2019,25.7,313.0,2022-10-09,Île-de-France,11,0
91003,C,E,maison,2019,38.0,280.0,2022-10-09,Île-de-France,11,0
94129,E,D,maison,1967,61.1,454.0,2022-10-09,Île-de-France,11,0
91287,D,F,maison,1971,47.9,327.0,2022-10-09,Île-de-France,11,0
95398,B,G,appartement,1997,195.4,100.0,2022-10-10,Île-de-France,11,0
94023,C,F,appartement,2019,77.9,191.0,2022-10-10,Île-de-France,11,0
94104,D,D,maison,1986,126.4,156.0,2022-10-10,Île-de-France,11,0
78163,D,D,maison,1986,48.8,223.0,2022-10-10,Île-de-France,11,0
91208,F,G,maison,1929,33.8,677.0,2022-10-11,Île-de-France,11,1
93130,F,G,appartement,1954,35.3,628.0,2022-10-11,Île-de-France,11,1
78377,C,E,appartement,1989,37.6,180.0,2022-10-11,Île-de-France,11,0
93119,D,G,appartement,1977,63.4,247.0,2022-10-11,Île-de-France,11,0
94360,D,E,immeuble,1970,89.1,170.0,2022-10-12,Île-de-France,11,0
91103,D,F,appartement,1969,34.1,164.0,2022-10-12,Île-de-France,11,0
77070,F,D,maison,1959,110.9,631.0,2022-10-12,Île-de-France,11,1
94326,E,D,appartement,1980,55.0,425.0,2022-10-12,Île-de-France,11,0
92052,D,G,maison,1981,47.8,227.0,2022-10-13,Île-de-France,11,0
78127,C,D,appartement,2011,20.2,173.0,2022-10-13,Île-de-France,11,0
92016,G,F,appartement,1925,61.0,354.0,2022-10-13,Île-de-France,11,1
92043,C,D,maison,1990,60.1,290.0,2022-10-13,Île-de-France,11,0
94105,F,D,maison,1944,19.1,572.0,2022-10-14,Île-de-France,11,1
78286,C,F,appartement,1991,72.5,170.0,2022-10-14,Île-de-France,11,0
93290,F,D,maison,1945,71.2,510.0,2022-10-14,Île-de-France,11,1
93335,E,E,appartement,1972,186.2,604.0,2022-10-15,Île-de-France,11,0
78351,E,G,maison,1981,60.2,690.0,2022-10-15,Île-de-France,11,0
94070,G,E,maison,1937,64.1,364.0,2022-10-15,Île-de-France,11,1
92380,D,E,maison,1985,52.7,251.0,2022-10-15,Île-de-France,11,0
92247,E,D,appartement,1980,51.7,514.0,2022-10-16,Île-de-France,11,0
95303,C,E,maison,1999,77.0,295.0,2022-10-16,Île-de-France,11,0
91159,G,F,maison,1927,78.1,534.0,2022-10-16,Île-de-France,11,1
92150,D,G,maison,1981,132.0,301.0,2022-10-16,Île-de-France,11,0
78231,D,D,maison,1980,48.7,295.0,2022-10-17,Île-de-France,11,0
77082,G,F,maison,1936,71.6,614.0,2022-10-17,Île-de-France,11,1
95189,D,F,maison,1983,90.8,283.0,2022-10-17,Île-de-France,11,0
78146,F,C,maison,1928,32.1,363.0,2022-10-17,Île-de-France,11,1
95292,A,D,appartement,2000,51.9,107.0,2022-10-18,Île-de-France,11,0
78319,F,E,appartement,1957,66.0,671.0,2022-10-18,Île-de-France,11,1
78065,E,E,maison,1984,105.4,621.0,2022-10-18,Île-de-France,11,0
91378,D,D,maison,1975,70.3,167.0,2022-10-18,Île-de-France,11,0
95138,E,B,appartement,1978,68.2,335.0,2022-10-19,Île-de-France,11,0
93103,F,F,maison,1925,160.9,450.0,2022-10-19,Île-de-France,11,1
77231,G,E,maison,1933,143.6,453.0,2022-10-19,Île-de-France,11,1
91370,A,C,appartement,2000,53.7,72.0,2022-10-19,Île-de-France,11,0
95198,D,F,maison,1973,49.7,200.0,2022-10-20,Île-de-France,11,0
92284,D,G,maison,1971,52.3,160.0,2022-10-20,Île-de-France,11,0
95231,E,G,maison,1965,68.2,565.0,2022-10-20,Île-de-France,11,0
94013,F,F,appartement,1939,57.9,395.0,2022-10-20,Île-de-France,11,1
75008,A,D,appartement,2008,66.6,145.0,2022-10-21,Île-de-France,11,0
91003,G,C,appartement,1928,101.1,472.0,2022-10-21,Île-de-France,11,1
93007,D,D,appartement,1972,43.2,206.0,2022-10-21,Île-de-France,11,0
94079,D,F,maison,1983,95.6,216.0,2022-10-21,Île-de-France,11,0
93085,D,F,appartement,1987,90.1,199.0,2022-10-22,Île-de-France,11,0
77022,C,F,maison,2008,118.8,286.0,2022-10-22,Île-de-France,11,0
93092,G,F,maison,1922,44.9,641.0,2022-10-22,Île-de-France,11,1
95291,D,C,maison,1982,91.2,157.0,2022-10-22,Île-de-France,11,0
94168,D,F,maison,1987,105.3,210.0,2022-10-23,Île-de-France,11,0
94033,D,E,appartement,1965,48.6,284.0,2022-10-23,Île-de-France,11,0
91295,C,D,appartement,2004,81.0,235.0,2022-10-23,Île-de-France,11,0
93267,F,C,appartement,1956,90.5,602.0,2022-10-23,Île-de-France,11,1
77243,C,C,appartement,2015,105.9,281.0,2022-10-24,Île-de-France,11,0
92086,C,F,appartement,2004,44.2,193.0,2022-10-24,Île-de-France,11,0
95282,F,F,appartement,1970,27.7,442.0,2022-10-24,Île-de-France,11,1
78206,B,C,maison,1993,84.5,81.0,2022-10-25,Île-de-France,11,0
93169,D,G,maison,1975,56.0,235.0,2022-10-25,Île-de-France,11,0
91225,C,E,maison,2012,110.7,217.0,2022-10-25,Île-de-France,11,0
77319,D,B,immeuble,1971,84.4,224.0,2022-10-25,Île-de-France,11,0
92208,F,D,maison,1940,229.2,413.0,2022-10-26,Île-de-France,11,1
78050,B,C,maison,1989,77.3,117.0,2022-10-26,Île-de-France,11,0
92250,E,G,appartement,1972,92.2,674.0,2022-10-26,Île-de-France,11,0
94031,F,C,maison,1938,67.5,647.0,2022-10-26,Île-de-France,11,1
94040,E,F,maison,1968,37.3,395.0,2022-10-27,Île-de-France,11,0
93329,D,F,immeuble,1981,136.3,257.0,2022-10-27,Île-de-France,11,0
78179,C,F,maison,2011,56.2,263.0,2022-10-27,Île-de-France,11,0
78082,C,G,maison,2019,150.8,257.0,2022-10-27,Île-de-France,11,0
93226,C,G,maison,1998,71.6,163.0,2022-10-28,Île-de-France,11,0
77023,B,D,maison,2016,20.7,66.0,2022-10-28,Île-de-France,11,0
93332,D,D,appartement,1984,50.0,185.0,2022-10-28,Île-de-France,11,0
91393,F,E,appartement,1932,63.5,619.0,2022-10-28,Île-de-France,11,1
94146,D,F,maison,1991,63.9,230.0,2022-10-29,Île-de-France,11,0
77010,E,F,appartement,1980,72.8,443.0,2022-10-29,Île-de-France,11,0
92290,G,F,maison,1937,121.0,572.0,2022-10-29,Île-de-France,11,1
78084,B,C,maison,2017,50.4,75.0,2022-10-29,Île-de-France,11,0
77036,C,E,maison,1994,112.1,258.0,2022-10-30,Île-de-France,11,0
94399,G,F,maison,1927,67.5,547.0,2022-10-30,Île-de-France,11,1
77216,D,F,maison,1993,54.8,225.0,2022-10-30,Île-de-France,11,0
77129,E,G,maison,1989,41.6,450.0,2022-10-30,Île-de-France,11,0
91047,D,D,appartement,1990,65.0,203.0,2022-10-31,Île-de-France,11,0
94310,B,D,maison,1992,54.2,67.0,2022-10-31,Île-de-France,11,0
95280,C,B,appartement,2010,73.8,243.0,2022-10-31,Île-de-France,11,0
78188,C,D,maison,1996,75.4,174.0,2022-10-31,Île-de-France,11,0
95173,C,F,appartement,2004,79.2,163.0,2022-11-01,Île-de-France,11,0
75019,E,F,maison,1966,107.3,410.0,2022-11-01,Île-de-France,11,0
95211,F,C,maison,1948,45.0,333.0,2022-11-01,Île-de-France,11,1
78206,F,B,appartement,1960,105.3,697.0,2022-11-01,Île-de-France,11,1
92152,E,B,maison,1967,78.0,451.0,2022-11-02,Île-de-France,11,0
77192,F,D,appartement,1949,41.3,610.0,2022-11-02,Île-de-France,11,1
94212,E,E,maison,1986,53.6,349.0,2022-11-02,Île-de-France,11,0
92257,G,D,maison,1934,72.5,482.0,2022-11-02,Île-de-France,11,1
93257,C,D,appartement,1998,73.9,186.0,2022-11-03,Île-de-France,11,0
92391,D,E,appartement,1975,140.7,259.0,2022-11-03,Île-de-France,11,0
94379,E,D,maison,1975,144.0,545.0,2022-11-03,Île-de-France,11,0
93254,C,D,maison,2012,69.9,256.0,2022-11-03,Île-de-France,11,0
95353,B,D,appartement,1995,89.2,104.0,2022-11-04,Île-de-France,11,0
94397,D,G,maison,1965,87.0,200.0,2022-11-04,Île-de-France,11,0
78027,C,F,maison,1991,43.4,319.0,2022-11-04,Île-de-France,11,0
91334,C,D,appartement,1985,78.3,173.0,2022-11-05,Île-de-France,11,0
92173,D,F,appartement,1989,62.2,224.0,2022-11-05,Île-de-France,11,0
94150,D,E,appartement,1994,92.5,184.0,2022-11-05,Île-de-France,11,0
91172,C,D,appartement,1997,81.3,228.0,2022-11-05,Île-de-France,11,0
78148,F,F,appartement,1955,60.2,531.0,2022-11-06,Île-de-France,11,1
95358,C,C,maison,2012,57.6,247.0,2022-11-06,Île-de-France,11,0
91074,C,C,maison,1988,91.0,315.0,2022-11-06,Île-de-France,11,0
91186,F,F,appartement,1957,85.3,695.0,2022-11-06,Île-de-France,11,1
95272,F,E,appartement,1967,71.6,456.0,2022-11-07,Île-de-France,11,1
77371,D,E,maison,1972,198.5,293.0,2022-11-07,Île-de-France,11,0
78241,C,C,maison,2006,56.0,170.0,2022-11-07,Île-de-France,11,0
78028,F,D,immeuble,1941,42.1,595.0,2022-11-07,Île-de-France,11,1
94353,D,F,maison,1984,68.3,293.0,2022-11-08,Île-de-France,11,0
92224,B,F,maison,2012,73.0,147.0,2022-11-08,Île-de-France,11,0
93031,F,E,appartement,1973,47.4,371.0,2022-11-08,Île-de-France,11,1
92149,D,F,maison,1984,59.6,316.0,2022-11-08,Île-de-France,11,0
91180,D,C,appartement,1974,113.4,228.0,2022-11-09,Île-de-France,11,0
92298,F,D,maison,1954,189.8,426.0,2022-11-09,Île-de-France,11,1
92373,C,E,maison,2002,45.2,203.0,2022-11-09,Île-de-France,11,0
95390,G,F,maison,1968,74.6,509.0,2022-11-09,Île-de-France,11,1
92281,F,B,maison,1963,88.9,392.0,2022-11-10,Île-de-France,11,1
94323,E,G,maison,1987,37.5,461.0,2022-11-10,Île-de-France,11,0
95380,D,C,appartement,1978,39.5,192.0,2022-11-10,Île-de-France,11,0
94174,G,F,maison,1956,157.7,664.0,2022-11-10,Île-de-France,11,1
94260,E,F,appartement,1976,169.1,577.0,2022-11-11,Île-de-France,11,0
77041,F,F,maison,1937,178.9,700.0,2022-11-11,Île-de-France,11,1
93089,F,B,appartement,1942,105.5,439.0,2022-11-11,Île-de-France,11,1
92022,F,G,maison,1929,86.1,638.0,2022-11-11,Île-de-France,11,1
77176,E,G,maison,1971,113.6,520.0,2022-11-12,Île-de-France,11,0
93092,C,C,maison,2006,44.5,255.0,2022-11-12,Île-de-France,11,0
77308,G,F,maison,1934,108.6,335.0,2022-11-12,Île-de-France,11,1
78257,D,E,maison,1982,53.9,196.0,2022-11-12,Île-de-France,11,0
78267,D,F,maison,1991,96.0,154.0,2022-11-13,Île-de-France,11,0
77080,C,D,maison,1988,65.0,167.0,2022-11-13,Île-de-France,11,0
94017,C,E,maison,2014,60.4,261.0,2022-11-13,Île-de-France,11,0
77123,D,G,maison,1979,53.5,219.0,2022-11-13,Île-de-France,11,0
93301,G,D,appartement,1922,75.5,690.0,2022-11-14,Île-de-France,11,1
92227,D,E,maison,1986,76.1,298.0,2022-11-14,Île-de-France,11,0
77216,D,C,maison,1974,57.3,256.0,2022-11-14,Île-de-France,11,0
94299,B,D,maison,2006,126.1,59.0,2022-11-14,Île-de-France,11,0
95074,C,E,maison,2008,82.4,309.0,2022-11-15,Île-de-France,11,0
95140,D,D,maison,1984,122.7,204.0,2022-11-15,Île-de-France,11,0
92336,F,G,appartement,1969,50.6,635.0,2022-11-15,Île-de-France,11,1
92016,F,E,appartement,1968,65.0,574.0,2022-11-16,Île-de-France,11,1
77182,A,G,maison,2006,71.7,118.0,2022-11-16,Île-de-France,11,0
94379,G,C,maison,1972,52.8,422.0,2022-11-16,Île-de-France,11,1
92023,F,A,appartement,1948,134.9,561.0,2022-11-16,Île-de-France,11,1
94061,D,F,appartement,1969,83.3,157.0,2022-11-17,Île-de-France,11,0
92387,C,E,appartement,2016,44.2,294.0,2022-11-17,Île-de-France,11,0
95146,C,A,maison,2014,67.0,173.0,2022-11-17,Île-de-France,11,0
94226,D,E,appartement,1994,28.3,219.0,2022-11-17,Île-de-France,11,0
78245,F,E,maison,1926,20.4,373.0,2022-11-18,Île-de-France,11,1
93196,C,G,immeuble,1989,57.2,327.0,2022-11-18,Île-de-France,11,0
78016,D,G,appartement,1974,71.5,175.0,2022-11-18,Île-de-France,11,0
91285,F,E,maison,1963,54.9,577.0,2022-11-18,Île-de-France,11,1
78351,D,D,maison,1992,90.8,258.0,2022-11-19,Île-de-France,11,0
94305,G,C,maison,1972,88.1,680.0,2022-11-19,Île-de-France,11,1
91365,C,B,maison,2012,87.1,203.0,2022-11-19,Île-de-France,11,0
77056,F,F,maison,1946,34.5,480.0,2022-11-19,Île-de-France,11,1
77346,D,F,maison,1977,38.8,170.0,2022-11-20,Île-de-France,11,0
92110,D,D,maison,1989,114.9,222.0,2022-11-20,Île-de-France,11,0
77241,E,F,appartement,1979,56.2,579.0,2022-11-20,Île-de-France,11,0
95340,E,E,appartement,1973,35.3,502.0,2022-11-20,Île-de-France,11,0
78345,F,F,maison,1943,76.1,368.0,2022-11-21,Île-de-France,11,1
75072,D,C,maison,1972,48.4,205.0,2022-11-21,Île-de-France,11,0
78079,B,G,appartement,2005,87.6,113.0,2022-11-21,Île-de-France,11,0
78321,D,D,appartement,1971,68.9,157.0,2022-11-21,Île-de-France,11,0
92339,D,G,appartement,1985,183.0,200.0,2022-11-22,Île-de-France,11,0
93350,E,G,maison,1974,50.6,429.0,2022-11-22,Île-de-France,11,0
93350,D,D,maison,1978,63.2,302.0,2022-11-22,Île-de-France,11,0
78383,E,D,appartement,1983,92.6,408.0,2022-11-22,Île-de-France,11,0
75011,C,D,appartement,2016,56.4,308.0,2022-11-23,Île-de-France,11,0
91392,G,F,appartement,1965,65.2,587.0,2022-11-23,Île-de-France,11,1
95132,C,E,maison,2013,220.5,183.0,2022-11-23,Île-de-France,11,0
94297,D,C,appartement,1972,85.2,279.0,2022-11-23,Île-de-France,11,0
77060,F,C,maison,1961,103.9,555.0,2022-11-24,Île-de-France,11,1
94203,D,D,immeuble,1989,18.5,236.0,2022-11-24,Île-de-France,11,0
92120,B,E,appartement,1991,44.3,68.0,2022-11-24,Île-de-France,11,0
78389,D,F,appartement,1979,181.9,227.0,2022-11-24,Île-de-France,11,0
93243,D,F,maison,1984,97.2,288.0,2022-11-25,Île-de-France,11,0
93193,F,C,maison,1938,85.3,404.0,2022-11-25,Île-de-France,11,1
91328,D,D,maison,1991,23.6,244.0,2022-11-25,Île-de-France,11,0
95307,F,D,maison,1929,134.3,436.0,2022-11-25,Île-de-France,11,1
92099,C,E,appartement,2016,24.7,236.0,2022-11-26,Île-de-France,11,0
91276,A,D,maison,2009,50.9,83.0,2022-11-26,Île-de-France,11,0
92236,F,E,maison,1948,108.3,684.0,2022-11-26,Île-de-France,11,1
77137,F,D,appartement,1948,44.2,600.0,2022-11-27,Île-de-France,11,1
92064,C,E,maison,2012,41.6,214.0,2022-11-27,Île-de-France,11,0
78112,F,F,maison,1948,98.6,563.0,2022-11-27,Île-de-France,11,1
91063,D,G,appartement,1987,72.0,185.0,2022-11-27,Île-de-France,11,0
77358,D,F,maison,1967,162.8,292.0,2022-11-28,Île-de-France,11,0
94203,B,E,immeuble,1985,61.2,72.0,2022-11-28,Île-de-France,11,0
95120,D,F,appartement,1992,43.1,327.0,2022-11-28,Île-de-France,11,0
77012,D,D,appartement,1973,104.7,208.0,2022-11-28,Île-de-France,11,0
77042,C,G,maison,1999,171.5,329.0,2022-11-29,Île-de-France,11,0
92234,E,E,appartement,1979,76.7,357.0,2022-11-29,Île-de-France,11,0
91231,E,C,appartement,1970,110.4,533.0,2022-11-29,Île-de-France,11,0
78353,F,D,maison,1950,40.7,544.0,2022-11-29,Île-de-France,11,1
78004,D,F,immeuble,1965,48.6,300.0,2022-11-30,Île-de-France,11,0
92362,E,F,appartement,1982,103.5,662.0,2022-11-30,Île-de-France,11,0
94193,C,F,maison,1986,49.4,314.0,2022-11-30,Île-de-France,11,0
93280,D,E,maison,1966,110.9,279.0,2022-11-30,Île-de-France,11,0
92012,A,D,appartement,2008,57.4,134.0,2022-12-01,Île-de-France,11,0
78049,D,B,maison,1974,108.1,184.0,2022-12-01,Île-de-France,11,0
77077,D,E,maison,1970,92.4,185.0,2022-12-01,Île-de-France,11,0
78055,F,F,appartement,1953,34.3,418.0,2022-12-01,Île-de-France,11,1
94142,A,C,maison,2018,89.3,55.0,2022-12-02,Île-de-France,11,0
91308,G,D,maison,1934,48.4,394.0,2022-12-02,Île-de-France,11,1
95180,D,C,maison,1984,80.0,318.0,2022-12-02,Île-de-France,11,0
93376,E,E,appartement,1989,25.5,512.0,2022-12-02,Île-de-France,11,0
78108,E,D,maison,1989,45.3,425.0,2022-12-03,Île-de-France,11,0
94019,D,F,appartement,1992,21.5,232.0,2022-12-03,Île-de-France,11,0
77091,D,B,appartement,1974,31.2,237.0,2022-12-03,Île-de-France,11,0
75043,D,D,appartement,1986,37.2,216.0,2022-12-03,Île-de-France,11,0
94305,G,B,appartement,1970,71.6,332.0,2022-12-04,Île-de-France,11,1
92204,E,D,appartement,1978,52.4,674.0,2022-12-04,Île-de-France,11,0
91083,F,E,appartement,1963,60.9,509.0,2022-12-04,Île-de-France,11,1
92384,E,E,appartement,1989,73.1,345.0,2022-12-04,Île-de-France,11,0
78121,F,E,appartement,1931,37.5,606.0,2022-12-05,Île-de-France,11,1
78195,D,D,appartement,1979,113.6,259.0,2022-12-05,Île-de-France,11,0
78152,D,C,appartement,1965,30.7,317.0,2022-12-05,Île-de-France,11,0
94264,E,F,appartement,1979,49.6,530.0,2022-12-05,Île-de-France,11,0
94087,D,G,maison,1991,74.9,159.0,2022-12-06,Île-de-France,11,0
93293,F,E,appartement,1933,74.2,421.0,2022-12-06,Île-de-France,11,1
91163,G,C,appartement,1924,70.8,581.0,2022-12-06,Île-de-France,11,1
77242,D,B,maison,1975,118.5,290.0,2022-12-06,Île-de-France,11,0
91085,G,C,appartement,1933,180.4,354.0,2022-12-07,Île-de-France,11,1
95272,G,C,immeuble,1937,104.5,549.0,2022-12-07,Île-de-France,11,1
95044,D,E,maison,1975,48.1,187.0,2022-12-07,Île-de-France,11,0
77316,F,C,maison,1972,133.1,541.0,2022-12-08,Île-de-France,11,1
94252,D,D,maison,1989,53.4,277.0,2022-12-08,Île-de-France,11,0
94189,D,A,immeuble,1966,86.4,185.0,2022-12-08,Île-de-France,11,0
92082,F,D,maison,1922,35.9,680.0,2022-12-08,Île-de-France,11,1
95277,C,G,maison,2007,58.0,238.0,2022-12-09,Île-de-France,11,0
95039,D,G,maison,1989,167.7,196.0,2022-12-09,Île-de-France,11,0
78133,A,F,appartement,1997,59.3,85.0,2022-12-09,Île-de-France,11,0
94370,D,C,appartement,1981,49.4,281.0,2022-12-09,Île-de-France,11,0
77193,F,D,maison,1965,53.8,557.0,2022-12-10,Île-de-France,11,1
91255,D,C,maison,1976,49.9,188.0,2022-12-10,Île-de-France,11,0
95074,F,D,immeuble,1962,106.3,540.0,2022-12-10,Île-de-France,11,1
78251,C,F,appartement,1986,75.4,268.0,2022-12-10,Île-de-France,11,0
92007,D,B,immeuble,1972,26.3,181.0,2022-12-11,Île-de-France,11,0
78355,D,G,appartement,1972,146.8,162.0,2022-12-11,Île-de-France,11,0
94322,F,C,appartement,1949,66.8,598.0,2022-12-11,Île-de-France,11,1
94060,F,E,maison,1969,127.8,630.0,2022-12-11,Île-de-France,11,1
77266,D,D,maison,1973,113.0,218.0,2022-12-12,Île-de-France,11,0
95089,A,E,maison,1995,33.7,62.0,2022-12-12,Île-de-France,11,0
77091,E,C,maison,1987,93.0,355.0,2022-12-12,Île-de-France,11,0
92061,D,D,appartement,1985,59.3,278.0,2022-12-12,Île-de-France,11,0
93337,E,F,appartement,1982,111.5,638.0,2022-12-13,Île-de-France,11,0
78109,F,E,maison,1972,18.0,676.0,2022-12-13,Île-de-France,11,1
91044,C,D,maison,1989,54.1,268.0,2022-12-13,Île-de-France,11,0
78330,B,G,appartement,2008,63.0,97.0,2022-12-13,Île-de-France,11,0
93121,F,E,maison,1940,41.6,426.0,2022-12-14,Île-de-France,11,1
92219,C,F,maison,2000,126.6,270.0,2022-12-14,Île-de-France,11,0
75087,F,D,appartement,1959,70.3,355.0,2022-12-14,Île-de-France,11,1
78036,B,F,appartement,2013,48.9,117.0,2022-12-14,Île-de-France,11,0
94207,E,D,maison,1974,34.7,521.0,2022-12-15,Île-de-France,11,0
77326,C,A,appartement,1991,102.4,301.0,2022-12-15,Île-de-France,11,0
94120,F,C,appartement,1937,40.4,686.0,2022-12-15,Île-de-France,11,1
78391,C,D,appartement,1994,60.4,247.0,2022-12-15,Île-de-France,11,0
92262,G,D,maison,1950,57.5,339.0,2022-12-16,Île-de-France,11,1
94324,C,A,appartement,2014,166.1,269.0,2022-12-16,Île-de-France,11,0
78125,D,G,appartement,1975,91.4,174.0,2022-12-16,Île-de-France,11,0
95016,F,D,appartement,1962,222.4,355.0,2022-12-16,Île-de-France,11,1
92237,A,F,appartement,2004,82.0,148.0,2022-12-17,Île-de-France,11,0
91009,D,B,maison,1980,153.4,278.0,2022-12-17,Île-de-France,11,0
94032,F,G,maison,1972,61.4,432.0,2022-12-17,Île-de-France,11,1
75119,E,C,appartement,1984,89.5,403.0,2022-12-17,Île-de-France,11,0
91148,F,F,maison,1939,50.5,673.0,2022-12-18,Île-de-France,11,1
91148,F,A,appartement,1969,92.5,628.0,2022-12-18,Île-de-France,11,1
77004,C,F,immeuble,2015,29.8,185.0,2022-12-18,Île-de-France,11,0
78090,F,E,maison,1937,71.4,551.0,2022-12-19,Île-de-France,11,1
78361,E,F,maison,1993,74.0,490.0,2022-12-19,Île-de-France,11,0
78039,E,F,maison,1991,37.8,495.0,2022-12-19,Île-de-France,11,0
93124,D,E,immeuble,1978,62.2,188.0,2022-12-19,Île-de-France,11,0
77159,C,C,maison,2013,58.6,310.0,2022-12-20,Île-de-France,11,0
92023,D,G,maison,1976,52.3,163.0,2022-12-20,Île-de-France,11,0
78230,A,G,appartement,1991,94.1,79.0,2022-12-20,Île-de-France,11,0
75136,D,D,maison,1987,147.4,312.0,2022-12-20,Île-de-France,11,0
92235,D,F,maison,1989,44.1,298.0,2022-12-21,Île-de-France,11,0
78010,A,G,appartement,1998,62.9,93.0,2022-12-21,Île-de-France,11,0
77085,F,F,appartement,1968,56.9,452.0,2022-12-21,Île-de-France,11,1
75130,A,E,appartement,1986,39.3,129.0,2022-12-21,Île-de-France,11,0
91398,F,E,appartement,1927,116.4,372.0,2022-12-22,Île-de-France,11,1
75102,F,A,maison,1936,46.6,409.0,2022-12-22,Île-de-France,11,1
77380,D,D,maison,1984,214.9,266.0,2022-12-22,Île-de-France,11,0
93241,C,D,maison,2002,70.7,205.0,2022-12-22,Île-de-France,11,0
92197,D,F,appartement,1988,34.4,218.0,2022-12-23,Île-de-France,11,0
91161,E,E,maison,1990,83.9,450.0,2022-12-23,Île-de-France,11,0
77097,C,C,appartement,2009,133.9,321.0,2022-12-23,Île-de-France,11,0
91291,B,G,appartement,2001,99.8,75.0,2022-12-23,Île-de-France,11,0
91077,G,D,maison,1944,54.7,486.0,2022-12-24,Île-de-France,11,1
77353,D,E,appartement,1981,36.9,229.0,2022-12-24,Île-de-France,11,0
92345,C,E,appartement,1997,41.4,290.0,2022-12-24,Île-de-France,11,0
91022,E,B,maison,1980,80.7,462.0,2022-12-24,Île-de-France,11,0
78002,D,E,maison,1977,73.1,231.0,2022-12-25,Île-de-France,11,0
94394,D,E,maison,1978,65.3,175.0,2022-12-25,Île-de-France,11,0
77060,F,E,maison,1930,52.0,481.0,2022-12-25,Île-de-France,11,1
94325,F,G,appartement,1951,50.3,352.0,2022-12-25,Île-de-France,11,1
95235,A,E,maison,1998,105.7,127.0,2022-12-26,Île-de-France,11,0
77080,E,F,maison,1989,83.0,662.0,2022-12-26,Île-de-France,11,0
94055,B,G,maison,2003,188.0,67.0,2022-12-26,Île-de-France,11,0
78171,B,D,maison,1986,89.8,101.0,2022-12-26,Île-de-France,11,0
77046,F,E,maison,1926,67.9,578.0,2022-12-27,Île-de-France,11,1
78321,F,D,appartement,1933,85.1,478.0,2022-12-27,Île-de-France,11,1
91108,F,D,maison,1940,30.5,464.0,2022-12-27,Île-de-France,11,1
94076,C,D,appartement,2003,64.7,176.0,2022-12-27,Île-de-France,11,0
78263,E,F,maison,1978,44.9,678.0,2022-12-28,Île-de-France,11,0
77080,C,F,appartement,1996,154.2,190.0,2022-12-28,Île-de-France,11,0
92313,G,D,maison,1956,118.5,510.0,2022-12-28,Île-de-France,11,1
94279,D,D,appartement,1978,65.7,223.0,2022-12-28,Île-de-France,11,0
78337,D,F,maison,1994,30.7,267.0,2022-12-29,Île-de-France,11,0
91093,B,B,appartement,2007,190.2,57.0,2022-12-29,Île-de-France,11,0
91204,C,C,maison,1991,52.3,288.0,2022-12-29,Île-de-France,11,0
77371,F,G,maison,1942,54.6,636.0,2022-12-30,Île-de-France,11,1
94017,A,E,maison,1994,64.1,67.0,2022-12-30,Île-de-France,11,0
78081,A,F,maison,2000,149.2,142.0,2022-12-30,Île-de-France,11,0
77120,G,G,maison,1965,77.9,574.0,2022-12-30,Île-de-France,11,1
78047,D,F,maison,1994,27.7,285.0,2022-12-31,Île-de-France,11,0
91041,F,C,appartement,1952,67.2,467.0,2022-12-31,Île-de-France,11,1
92381,D,E,appartement,1965,72.0,225.0,2022-12-31,Île-de-France,11,0
77077,G,F,appartement,1943,60.5,551.0,2022-12-31,Île-de-France,11,1
93161,E,F,appartement,1975,20.3,557.0,2023-01-01,Île-de-France,11,0
93211,D,F,maison,1984,56.2,298.0,2023-01-01,Île-de-France,11,0
77369,D,B,appartement,1978,69.7,202.0,2023-01-01,Île-de-France,11,0
75122,F,E,maison,1969,84.2,630.0,2023-01-01,Île-de-France,11,1
77004,F,E,immeuble,1928,65.3,543.0,2023-01-02,Île-de-France,11,1
78016,E,F,appartement,1978,145.6,647.0,2023-01-02,Île-de-France,11,0
95083,D,G,maison,1992,129.2,248.0,2023-01-02,Île-de-France,11,0
94071,E,D,appartement,1985,119.5,653.0,2023-01-02,Île-de-France,11,0
92272,C,G,maison,2005,95.8,197.0,2023-01-03,Île-de-France,11,0
93045,D,E,maison,1990,33.5,327.0,2023-01-03,Île-de-France,11,0
94329,F,C,appartement,1946,60.9,669.0,2023-01-03,Île-de-France,11,1
92054,D,D,appartement,1982,148.4,276.0,2023-01-03,Île-de-France,11,0
92360,D,E,maison,1985,21.7,266.0,2023-01-04,Île-de-France,11,0
93068,D,C,maison,1973,36.1,291.0,2023-01-04,Île-de-France,11,0
95048,G,E,appartement,1937,32.1,591.0,2023-01-04,Île-de-France,11,1
92347,E,E,maison,1990,69.8,541.0,2023-01-04,Île-de-France,11,0
91108,E,D,maison,1969,86.8,515.0,2023-01-05,Île-de-France,11,0
78014,G,C,maison,1964,49.4,509.0,2023-01-05,Île-de-France,11,1
95361,C,F,appartement,1994,112.5,278.0,2023-01-05,Île-de-France,11,0
95170,D,E,maison,1975,84.4,317.0,2023-01-05,Île-de-France,11,0
95077,B,C,appartement,2010,88.8,91.0,2023-01-06,Île-de-France,11,0
78164,E,C,appartement,1992,75.0,669.0,2023-01-06,Île-de-France,11,0
78084,E,A,appartement,1981,66.1,446.0,2023-01-06,Île-de-France,11,0
75136,E,D,appartement,1968,88.7,428.0,2023-01-06,Île-de-France,11,0
77197,A,G,appartement,2013,56.7,54.0,2023-01-07,Île-de-France,11,0
92025,D,E,maison,1965,74.4,198.0,2023-01-07,Île-de-France,11,0
91109,C,E,maison,2012,71.4,300.0,2023-01-07,Île-de-France,11,0
92242,D,B,maison,1970,70.3,224.0,2023-01-07,Île-de-France,11,0
94350,G,F,maison,1920,73.2,339.0,2023-01-08,Île-de-France,11,1
95067,B,C,appartement,2002,34.4,65.0,2023-01-08,Île-de-France,11,0
78104,E,D,maison,1994,81.0,371.0,2023-01-08,Île-de-France,11,0
95271,D,F,maison,1971,63.6,280.0,2023-01-08,Île-de-France,11,0
77128,E,E,appartement,1967,93.3,367.0,2023-01-09,Île-de-France,11,0
78169,F,C,appartement,1965,88.4,448.0,2023-01-09,Île-de-France,11,1
77139,E,C,appartement,1990,53.3,345.0,2023-01-09,Île-de-France,11,0
94317,F,E,maison,1941,61.9,415.0,2023-01-10,Île-de-France,11,1
94044,E,F,appartement,1972,130.8,425.0,2023-01-10,Île-de-France,11,0
94211,D,C,maison,1988,37.7,230.0,2023-01-10,Île-de-France,11,0
93168,D,E,appartement,1992,67.1,158.0,2023-01-10,Île-de-France,11,0
91359,D,F,maison,1966,65.1,253.0,2023-01-11,Île-de-France,11,0
95199,G,B,maison,1924,74.1,605.0,2023-01-11,Île-de-France,11,1
95012,A,F,appartement,1991,88.5,134.0,2023-01-11,Île-de-France,11,0
75008,D,E,maison,1994,63.8,316.0,2023-01-11,Île-de-France,11,0
78034,E,B,appartement,1965,90.1,392.0,2023-01-12,Île-de-France,11,0
95234,C,D,maison,1994,79.2,230.0,2023-01-12,Île-de-France,11,0
78156,F,F,maison,1942,133.6,331.0,2023-01-12,Île-de-France,11,1
91374,B,A,maison,1990,135.2,90.0,2023-01-12,Île-de-France,11,0
92321,G,C,appartement,1924,135.4,491.0,2023-01-13,Île-de-France,11,1
92151,C,B,maison,2019,106.3,154.0,2023-01-13,Île-de-France,11,0
94250,B,D,appartement,2008,69.9,76.0,2023-01-13,Île-de-France,11,0
94276,C,C,maison,1985,75.7,276.0,2023-01-13,Île-de-France,11,0
92137,C,D,maison,2008,55.7,245.0,2023-01-14,Île-de-France,11,0
78073,D,E,maison,1977,77.2,163.0,2023-01-14,Île-de-France,11,0
77294,D,C,appartement,1993,38.4,253.0,2023-01-14,Île-de-France,11,0
78286,D,E,maison,1978,116.3,328.0,2023-01-14,Île-de-France,11,0
92103,E,G,maison,1977,35.4,379.0,2023-01-15,Île-de-France,11,0
78335,G,D,maison,1935,64.7,349.0,2023-01-15,Île-de-France,11,1
95333,E,B,immeuble,1993,86.0,416.0,2023-01-15,Île-de-France,11,0
95116,G,G,maison,1925,35.8,694.0,2023-01-15,Île-de-France,11,1
75099,D,E,appartement,1968,39.8,247.0,2023-01-16,Île-de-France,11,0
91250,F,E,appartement,1974,55.4,349.0,2023-01-16,Île-de-France,11,1
78265,E,D,appartement,1971,70.1,434.0,2023-01-16,Île-de-France,11,0
93148,F,E,maison,1938,93.6,571.0,2023-01-16,Île-de-France,11,1
78275,E,F,appartement,1967,57.4,669.0,2023-01-17,Île-de-France,11,0
77247,D,C,maison,1978,108.7,307.0,2023-01-17,Île-de-France,11,0
94192,F,C,appartement,1960,210.2,644.0,2023-01-17,Île-de-France,11,1
91253,E,C,maison,1982,51.0,502.0,2023-01-17,Île-de-France,11,0
94250,D,G,maison,1986,57.4,161.0,2023-01-18,Île-de-France,11,0
95363,E,G,maison,1990,42.8,450.0,2023-01-18,Île-de-France,11,0
91067,B,E,appartement,1993,42.1,120.0,2023-01-18,Île-de-France,11,0
93058,F,D,appartement,1962,122.5,503.0,2023-01-18,Île-de-France,11,1
91058,D,E,appartement,1968,105.4,193.0,2023-01-19,Île-de-France,11,0
91267,E,E,appartement,1971,87.5,427.0,2023-01-19,Île-de-France,11,0
78108,C,E,maison,1990,60.2,263.0,2023-01-19,Île-de-France,11,0
92392,E,D,maison,1986,66.1,335.0,2023-01-19,Île-de-France,11,0
93196,F,E,maison,1926,53.9,662.0,2023-01-20,Île-de-France,11,1
93069,E,E,maison,1978,48.8,686.0,2023-01-20,Île-de-France,11,0
92286,G,A,appartement,1922,99.7,693.0,2023-01-20,Île-de-France,11,1
91322,B,D,maison,1998,206.1,81.0,2023-01-21,Île-de-France,11,0
77194,E,E,appartement,1967,59.4,405.0,2023-01-21,Île-de-France,11,0
78129,F,D,maison,1973,313.0,429.0,2023-01-21,Île-de-France,11,1
95315,D,F,maison,1972,72.2,232.0,2023-01-21,Île-de-France,11,0
94050,C,D,maison,1985,64.0,285.0,2023-01-22,Île-de-France,11,0
77142,B,E,appartement,2019,40.9,144.0,2023-01-22,Île-de-France,11,0
93249,E,F,immeuble,1966,87.6,584.0,2023-01-22,Île-de-France,11,0
77228,B,D,appartement,1999,257.8,51.0,2023-01-22,Île-de-France,11,0
91220,E,D,maison,1979,102.7,505.0,2023-01-23,Île-de-France,11,0
78054,G,G,appartement,1940,70.2,361.0,2023-01-23,Île-de-France,11,1
93379,E,B,appartement,1977,46.5,537.0,2023-01-23,Île-de-France,11,0
94071,A,D,maison,1986,93.7,66.0,2023-01-23,Île-de-France,11,0
95227,C,F,appartement,2011,54.1,243.0,2023-01-24,Île-de-France,11,0
94296,C,E,appartement,1995,84.1,312.0,2023-01-24,Île-de-France,11,0
93225,E,D,maison,1993,55.6,480.0,2023-01-24,Île-de-France,11,0
94311,G,C,maison,1966,44.9,554.0,2023-01-24,Île-de-France,11,1
75099,C,D,appartement,2003,42.9,323.0,2023-01-25,Île-de-France,11,0
78110,F,D,appartement,1944,49.8,633.0,2023-01-25,Île-de-France,11,1
78384,B,B,maison,1990,89.0,88.0,2023-01-25,Île-de-France,11,0
78292,D,F,appartement,1987,62.3,263.0,2023-01-25,Île-de-France,11,0
91241,F,C,appartement,1921,89.1,690.0,2023-01-26,Île-de-France,11,1
94047,C,E,appartement,2018,66.8,259.0,2023-01-26,Île-de-France,11,0
94001,C,D,appartement,2006,45.5,234.0,2023-01-26,Île-de-France,11,0
91251,E,F,maison,1965,46.4,525.0,2023-01-26,Île-de-France,11,0
91199,A,G,appartement,2012,68.1,71.0,2023-01-27,Île-de-France,11,0
78204,D,E,appartement,1971,40.9,304.0,2023-01-27,Île-de-France,11,0
93172,E,D,appartement,1993,50.9,570.0,2023-01-27,Île-de-France,11,0
75031,F,G,appartement,1953,59.6,504.0,2023-01-27,Île-de-France,11,1
77164,F,E,maison,1967,78.2,581.0,2023-01-28,Île-de-France,11,1
75099,F,E,appartement,1944,21.3,359.0,2023-01-28,Île-de-France,11,1
95087,G,E,appartement,1951,89.5,696.0,2023-01-28,Île-de-France,11,1
91096,D,D,appartement,1978,30.9,222.0,2023-01-28,Île-de-France,11,0
95075,D,E,appartement,1986,54.0,199.0,2023-01-29,Île-de-France,11,0
95230,B,D,immeuble,2008,68.2,132.0,2023-01-29,Île-de-France,11,0
95062,A,D,appartement,1988,90.4,135.0,2023-01-29,Île-de-France,11,0
77130,C,E,appartement,2002,88.6,262.0,2023-01-29,Île-de-France,11,0
78090,C,F,maison,2002,34.3,323.0,2023-01-30,Île-de-France,11,0
78275,F,B,appartement,1935,133.4,659.0,2023-01-30,Île-de-France,11,1
93003,E,D,maison,1979,49.3,550.0,2023-01-30,Île-de-France,11,0
92144,E,F,appartement,1992,72.9,335.0,2023-01-30,Île-de-France,11,0
93151,F,E,appartement,1952,82.8,331.0,2023-01-31,Île-de-France,11,1
91210,F,E,maison,1921,194.8,480.0,2023-01-31,Île-de-France,11,1
93365,C,D,appartement,2010,55.5,264.0,2023-01-31,Île-de-France,11,0
77073,E,D,maison,1982,131.1,525.0,2023-02-01,Île-de-France,11,0
91036,E,F,appartement,1973,61.3,664.0,2023-02-01,Île-de-France,11,0
95181,C,E,appartement,2013,193.5,262.0,2023-02-01,Île-de-France,11,0
92238,F,F,maison,1967,120.1,505.0,2023-02-01,Île-de-France,11,1
93163,D,F,appartement,1983,62.1,262.0,2023-02-02,Île-de-France,11,0
91221,F,D,immeuble,1967,52.1,537.0,2023-02-02,Île-de-France,11,1
92321,F,D,appartement,1943,39.0,667.0,2023-02-02,Île-de-France,11,1
77357,D,D,maison,1984,130.5,317.0,2023-02-02,Île-de-France,11,0
92091,D,F,maison,1965,49.3,212.0,2023-02-03,Île-de-France,11,0
91160,C,C,appartement,1987,162.9,278.0,2023-02-03,Île-de-France,11,0
75036,D,D,maison,1969,78.3,241.0,2023-02-03,Île-de-France,11,0
92170,G,E,appartement,1954,39.8,552.0,2023-02-03,Île-de-France,11,1
94255,D,B,appartement,1992,67.3,327.0,2023-02-04,Île-de-France,11,0
93205,E,D,maison,1994,85.3,590.0,2023-02-04,Île-de-France,11,0
92331,F,D,maison,1940,42.4,438.0,2023-02-04,Île-de-France,11,1
93181,E,C,immeuble,1973,61.4,409.0,2023-02-04,Île-de-France,11,0
91378,C,C,maison,2009,49.1,221.0,2023-02-05,Île-de-France,11,0
95379,A,F,maison,2010,92.6,140.0,2023-02-05,Île-de-France,11,0
91122,F,F,appartement,1954,85.1,473.0,2023-02-05,Île-de-France,11,1
93050,C,D,maison,2003,70.8,273.0,2023-02-05,Île-de-France,11,0
78086,B,F,appartement,1992,47.1,140.0,2023-02-06,Île-de-France,11,0
77131,D,E,appartement,1988,70.8,264.0,2023-02-06,Île-de-France,11,0
95354,C,C,appartement,2012,178.4,319.0,2023-02-06,Île-de-France,11,0
91041,F,C,appartement,1932,136.0,505.0,2023-02-06,Île-de-France,11,1
92166,D,F,maison,1987,53.4,185.0,2023-02-07,Île-de-France,11,0
93164,E,E,appartement,1990,70.1,650.0,2023-02-07,Île-de-France,11,0
92281,G,F,maison,1945,114.3,429.0,2023-02-07,Île-de-France,11,1
91340,E,F,maison,1980,40.1,617.0,2023-02-07,Île-de-France,11,0
77086,G,C,maison,1924,88.2,611.0,2023-02-08,Île-de-France,11,1
92265,D,B,appartement,1994,50.8,277.0,2023-02-08,Île-de-France,11,0
95221,A,F,appartement,1985,132.3,122.0,2023-02-08,Île-de-France,11,0
91369,C,F,appartement,2019,76.5,234.0,2023-02-08,Île-de-France,11,0
78368,G,D,appartement,1952,59.8,574.0,2023-02-09,Île-de-France,11,1
92072,B,F,maison,2005,102.6,148.0,2023-02-09,Île-de-France,11,0
92205,C,D,maison,1997,70.1,198.0,2023-02-09,Île-de-France,11,0
77083,G,D,appartement,1973,56.0,439.0,2023-02-09,Île-de-France,11,1
75044,C,E,appartement,2009,98.3,203.0,2023-02-10,Île-de-France,11,0
93306,C,C,immeuble,2005,112.0,305.0,2023-02-10,Île-de-France,11,0
95014,A,D,appartement,2013,63.2,87.0,2023-02-10,Île-de-France,11,0
92296,E,G,immeuble,1978,34.3,339.0,2023-02-10,Île-de-France,11,0
94286,A,D,maison,2010,51.6,125.0,2023-02-11,Île-de-France,11,0
93077,C,E,appartement,2006,70.2,163.0,2023-02-11,Île-de-France,11,0
91305,A,C,maison,2001,63.6,83.0,2023-02-11,Île-de-France,11,0
78195,D,C,appartement,1975,52.4,252.0,2023-02-12,Île-de-France,11,0
78109,B,C,maison,1993,92.7,117.0,2023-02-12,Île-de-France,11,0
92189,E,F,maison,1987,91.9,521.0,2023-02-12,Île-de-France,11,0
92014,G,F,maison,1941,99.0,645.0,2023-02-12,Île-de-France,11,1
92312,E,F,appartement,1993,46.1,525.0,2023-02-13,Île-de-France,11,0
95145,B,E,appartement,1987,59.4,123.0,2023-02-13,Île-de-France,11,0
95093,F,E,maison,1962,69.8,558.0,2023-02-13,Île-de-France,11,1
91125,E,C,maison,1983,49.4,574.0,2023-02-13,Île-de-France,11,0
78294,E,D,appartement,1994,57.8,558.0,2023-02-14,Île-de-France,11,0
75067,G,F,maison,1957,36.0,629.0,2023-02-14,Île-de-France,11,1
91033,D,F,appartement,1985,59.6,186.0,2023-02-14,Île-de-France,11,0
92091,D,E,maison,1971,115.8,193.0,2023-02-14,Île-de-France,11,0
95279,F,F,appartement,1936,77.9,448.0,2023-02-15,Île-de-France,11,1
95114,C,D,appartement,1986,48.6,152.0,2023-02-15,Île-de-France,11,0
77123,D,C,appartement,1982,77.5,257.0,2023-02-15,Île-de-France,11,0
91347,C,G,immeuble,2002,29.1,231.0,2023-02-15,Île-de-France,11,0
94377,D,E,appartement,1967,39.3,246.0,2023-02-16,Île-de-France,11,0
78244,D,C,immeuble,1967,82.0,189.0,2023-02-16,Île-de-France,11,0
94229,C,E,maison,2005,69.1,183.0,2023-02-16,Île-de-France,11,0
75129,G,D,appartement,1937,78.7,526.0,2023-02-16,Île-de-France,11,1
95115,G,E,maison,1949,124.5,689.0,2023-02-17,Île-de-France,11,1
91227,C,F,appartement,2018,43.6,177.0,2023-02-17,Île-de-France,11,0
93062,E,G,maison,1989,102.6,614.0,2023-02-17,Île-de-France,11,0
93076,E,D,maison,1980,90.4,462.0,2023-02-17,Île-de-France,11,0
94221,E,D,appartement,1971,76.0,594.0,2023-02-18,Île-de-France,11,0
95304,C,E,appartement,2011,49.6,308.0,2023-02-18,Île-de-France,11,0
91071,D,A,maison,1991,91.9,268.0,2023-02-18,Île-de-France,11,0
95387,C,G,maison,1997,142.3,213.0,2023-02-18,Île-de-France,11,0
77106,D,E,maison,1987,43.2,191.0,2023-02-19,Île-de-France,11,0
77253,F,D,maison,1920,79.1,352.0,2023-02-19,Île-de-France,11,1
92088,D,C,maison,1983,106.7,222.0,2023-02-19,Île-de-France,11,0
94257,F,E,maison,1969,203.4,562.0,2023-02-19,Île-de-France,11,1
92366,C,E,maison,2013,35.9,288.0,2023-02-20,Île-de-France,11,0
93194,C,G,maison,1995,18.0,182.0,2023-02-20,Île-de-France,11,0
78391,E,D,maison,1994,76.2,398.0,2023-02-20,Île-de-France,11,0
95193,B,D,maison,2007,53.6,64.0,2023-02-20,Île-de-France,11,0
91334,D,F,maison,1969,63.2,256.0,2023-02-21,Île-de-France,11,0
95367,C,C,appartement,1990,145.3,316.0,2023-02-21,Île-de-France,11,0
77276,E,F,maison,1965,63.9,396.0,2023-02-21,Île-de-France,11,0
94267,E,C,appartement,1980,42.7,345.0,2023-02-21,Île-de-France,11,0
77123,F,F,maison,1967,44.8,496.0,2023-02-22,Île-de-France,11,1
93197,D,C,appartement,1991,51.4,284.0,2023-02-22,Île-de-France,11,0
93333,E,F,maison,1991,97.0,698.0,2023-02-22,Île-de-France,11,0
91182,E,E,maison,1988,78.5,459.0,2023-02-23,Île-de-France,11,0
93068,D,D,appartement,1983,71.1,212.0,2023-02-23,Île-de-France,11,0
77276,E,C,maison,1965,35.7,586.0,2023-02-23,Île-de-France,11,0
78383,G,E,maison,1933,101.3,497.0,2023-02-23,Île-de-France,11,1
94310,E,E,appartement,1967,52.9,684.0,2023-02-24,Île-de-France,11,0
75099,D,D,appartement,1986,48.4,252.0,2023-02-24,Île-de-France,11,0
92150,E,E,appartement,1983,74.8,400.0,2023-02-24,Île-de-France,11,0
77182,G,D,appartement,1964,19.2,470.0,2023-02-24,Île-de-France,11,1
95108,C,G,appartement,1992,25.7,306.0,2023-02-25,Île-de-France,11,0
92378,E,E,maison,1974,64.0,566.0,2023-02-25,Île-de-France,11,0
93177,E,B,maison,1975,46.5,612.0,2023-02-25,Île-de-France,11,0
75018,E,F,maison,1976,390.3,460.0,2023-02-25,Île-de-France,11,0
95028,E,C,maison,1970,58.6,406.0,2023-02-26,Île-de-France,11,0
95301,C,E,maison,1995,52.4,203.0,2023-02-26,Île-de-France,11,0
78159,E,D,appartement,1974,123.8,531.0,2023-02-26,Île-de-France,11,0
75067,D,D,maison,1993,56.4,221.0,2023-02-26,Île-de-France,11,0
78067,C,E,maison,1985,59.6,235.0,2023-02-27,Île-de-France,11,0
91360,E,A,appartement,1991,32.3,545.0,2023-02-27,Île-de-France,11,0
78145,C,D,appartement,1986,59.3,273.0,2023-02-27,Île-de-France,11,0
75116,F,E,appartement,1927,46.4,411.0,2023-02-27,Île-de-France,11,1
93250,C,F,appartement,1985,41.6,183.0,2023-02-28,Île-de-France,11,0
95382,D,D,immeuble,1978,142.1,233.0,2023-02-28,Île-de-France,11,0
78107,D,E,appartement,1976,43.3,281.0,2023-02-28,Île-de-France,11,0
95064,F,E,maison,1927,53.7,359.0,2023-02-28,Île-de-France,11,1
95290,E,G,appartement,1990,35.5,341.0,2023-03-01,Île-de-France,11,0
78366,G,G,maison,1933,107.5,449.0,2023-03-01,Île-de-France,11,1
92022,C,E,maison,1995,79.6,272.0,2023-03-01,Île-de-France,11,0
95128,B,B,appartement,1988,154.3,76.0,2023-03-01,Île-de-France,11,0
92397,F,D,maison,1934,102.3,609.0,2023-03-02,Île-de-France,11,1
94304,C,E,maison,1990,35.5,301.0,2023-03-02,Île-de-France,11,0
77375,C,E,maison,2008,59.0,195.0,2023-03-02,Île-de-France,11,0
93157,F,E,immeuble,1922,54.9,530.0,2023-03-02,Île-de-France,11,1
77241,D,G,maison,1973,108.0,263.0,2023-03-03,Île-de-France,11,0
95024,C,E,appartement,1988,69.6,221.0,2023-03-03,Île-de-France,11,0
92132,C,E,maison,2019,41.6,201.0,2023-03-03,Île-de-France,11,0
93166,E,E,maison,1988,46.8,338.0,2023-03-03,Île-de-France,11,0
78288,F,G,appartement,1954,120.5,485.0,2023-03-04,Île-de-France,11,1
91171,E,D,maison,1965,127.1,485.0,2023-03-04,Île-de-France,11,0
91040,D,E,maison,1993,106.1,193.0,2023-03-04,Île-de-France,11,0
92272,E,G,immeuble,1994,61.3,341.0,2023-03-04,Île-de-France,11,0
95077,E,D,maison,1981,67.7,420.0,2023-03-05,Île-de-France,11,0
77239,D,A,maison,1973,26.1,243.0,2023-03-05,Île-de-France,11,0
95333,B,E,immeuble,1996,35.8,122.0,2023-03-05,Île-de-France,11,0
77033,E,F,appartement,1984,112.5,474.0,2023-03-06,Île-de-France,11,0
75125,C,F,maison,2018,93.1,166.0,2023-03-06,Île-de-France,11,0
77171,D,F,immeuble,1983,30.4,170.0,2023-03-06,Île-de-France,11,0
78123,C,E,maison,2005,90.2,228.0,2023-03-06,Île-de-France,11,0
91136,D,D,appartement,1994,86.8,238.0,2023-03-07,Île-de-France,11,0
91198,B,D,immeuble,2001,39.1,78.0,2023-03-07,Île-de-France,11,0
93200,D,D,appartement,1985,76.2,154.0,2023-03-07,Île-de-France,11,0
94251,D,A,maison,1986,207.9,295.0,2023-03-07,Île-de-France,11,0
77318,D,D,maison,1972,146.2,305.0,2023-03-08,Île-de-France,11,0
92024,D,E,appartement,1990,56.0,236.0,2023-03-08,Île-de-France,11,0
95346,C,B,appartement,1999,97.8,153.0,2023-03-08,Île-de-France,11,0
95253,D,G,appartement,1971,46.0,294.0,2023-03-08,Île-de-France,11,0
94205,D,E,maison,1986,78.9,265.0,2023-03-09,Île-de-France,11,0
78011,C,E,maison,1986,60.4,169.0,2023-03-09,Île-de-France,11,0
95156,C,B,maison,2000,113.6,264.0,2023-03-09,Île-de-France,11,0
94397,G,E,appartement,1937,179.3,658.0,2023-03-09,Île-de-France,11,1
77105,D,D,appartement,1987,63.9,267.0,2023-03-10,Île-de-France,11,0
95299,D,F,maison,1979,71.1,235.0,2023-03-10,Île-de-France,11,0
93388,E,D,maison,1978,62.7,354.0,2023-03-10,Île-de-France,11,0
92270,E,G,maison,1976,27.1,555.0,2023-03-10,Île-de-France,11,0
94074,F,F,maison,1943,40.2,680.0,2023-03-11,Île-de-France,11,1
78276,F,D,maison,1956,161.7,606.0,2023-03-11,Île-de-France,11,1
91116,C,B,appartement,1999,53.5,317.0,2023-03-11,Île-de-France,11,0
77274,E,E,appartement,1994,64.2,468.0,2023-03-11,Île-de-France,11,0
95127,D,E,appartement,1985,76.7,274.0,2023-03-12,Île-de-France,11,0
75061,F,D,appartement,1934,79.5,445.0,2023-03-12,Île-de-France,11,1
94116,D,D,appartement,1978,43.0,244.0,2023-03-12,Île-de-France,11,0
95209,D,D,immeuble,1971,97.6,235.0,2023-03-12,Île-de-France,11,0
78056,E,E,appartement,1983,101.1,560.0,2023-03-13,Île-de-France,11,0
94101,D,F,appartement,1981,35.7,299.0,2023-03-13,Île-de-France,11,0
94011,E,C,appartement,1968,50.7,411.0,2023-03-13,Île-de-France,11,0
92108,D,G,appartement,1983,40.6,238.0,2023-03-13,Île-de-France,11,0
95107,G,E,appartement,1943,96.8,488.0,2023-03-14,Île-de-France,11,1
78110,C,D,maison,2014,74.4,297.0,2023-03-14,Île-de-France,11,0
78016,G,G,maison,1974,29.3,695.0,2023-03-14,Île-de-France,11,1
93205,G,F,appartement,1943,134.0,416.0,2023-03-14,Île-de-France,11,1
95111,C,F,appartement,2006,87.9,319.0,2023-03-15,Île-de-France,11,0
77352,E,E,maison,1994,103.7,370.0,2023-03-15,Île-de-France,11,0
95318,C,B,maison,2005,18.0,242.0,2023-03-15,Île-de-France,11,0
95361,D,F,appartement,1972,104.0,300.0,2023-03-15,Île-de-France,11,0
78268,C,F,maison,2015,52.7,195.0,2023-03-16,Île-de-France,11,0
77014,B,E,maison,1989,224.9,80.0,2023-03-16,Île-de-France,11,0
92052,E,G,maison,1967,51.5,470.0,2023-03-16,Île-de-France,11,0
77291,D,D,maison,1982,93.3,153.0,2023-03-17,Île-de-France,11,0
91379,D,D,maison,1985,30.7,308.0,2023-03-17,Île-de-France,11,0
93051,G,E,appartement,1929,159.5,450.0,2023-03-17,Île-de-France,11,1
77010,E,E,appartement,1977,79.5,359.0,2023-03-17,Île-de-France,11,0
77064,D,B,maison,1982,96.0,202.0,2023-03-18,Île-de-France,11,0
95131,G,B,maison,1972,250.9,438.0,2023-03-18,Île-de-France,11,1
91313,E,C,appartement,1968,31.5,637.0,2023-03-18,Île-de-France,11,0
94063,C,D,appartement,1985,59.0,246.0,2023-03-18,Île-de-France,11,0
95347,G,E,appartement,1960,189.1,433.0,2023-03-19,Île-de-France,11,1
78232,C,E,maison,1985,54.3,151.0,2023-03-19,Île-de-France,11,0
93115,E,F,maison,1975,50.4,616.0,2023-03-19,Île-de-France,11,0
92301,C,G,appartement,1996,59.0,315.0,2023-03-19,Île-de-France,11,0
91106,F,F,maison,1920,72.9,491.0,2023-03-20,Île-de-France,11,1
91220,A,E,appartement,2001,164.1,135.0,2023-03-20,Île-de-France,11,0
77145,E,E,appartement,1966,47.4,397.0,2023-03-20,Île-de-France,11,0
92319,D,D,maison,1965,50.2,235.0,2023-03-20,Île-de-France,11,0
93093,D,F,appartement,1971,98.3,278.0,2023-03-21,Île-de-France,11,0
78249,C,E,immeuble,2005,105.8,323.0,2023-03-21,Île-de-France,11,0
95158,F,E,appartement,1962,166.5,402.0,2023-03-21,Île-de-France,11,1
94109,F,C,maison,1953,58.2,654.0,2023-03-21,Île-de-France,11,1
94340,E,D,maison,1994,77.8,432.0,2023-03-22,Île-de-France,11,0
95022,D,F,appartement,1984,99.8,162.0,2023-03-22,Île-de-France,11,0
92297,C,G,maison,1996,48.6,258.0,2023-03-22,Île-de-France,11,0
93232,C,D,maison,2005,105.1,253.0,2023-03-22,Île-de-France,11,0
92313,F,G,appartement,1926,68.3,364.0,2023-03-23,Île-de-France,11,1
78305,G,E,maison,1930,33.6,538.0,2023-03-23,Île-de-France,11,1
94223,E,G,maison,1994,87.3,618.0,2023-03-23,Île-de-France,11,0
95090,C,F,appartement,2014,24.8,209.0,2023-03-23,Île-de-France,11,0
93237,G,D,appartement,1952,84.1,463.0,2023-03-24,Île-de-France,11,1
94326,G,B,maison,1968,38.5,451.0,2023-03-24,Île-de-France,11,1
77127,D,E,appartement,1965,84.6,225.0,2023-03-24,Île-de-France,11,0
77314,E,E,appartement,1990,138.1,665.0,2023-03-24,Île-de-France,11,0
77148,D,F,maison,1969,114.7,329.0,2023-03-25,Île-de-France,11,0
77213,F,D,appartement,1942,171.6,677.0,2023-03-25,Île-de-France,11,1
94386,E,F,appartement,1973,93.6,645.0,2023-03-25,Île-de-France,11,0
78019,G,B,maison,1973,70.9,529.0,2023-03-25,Île-de-France,11,1
77116,E,D,maison,1976,87.1,543.0,2023-03-26,Île-de-France,11,0
75145,E,D,maison,1965,35.1,437.0,2023-03-26,Île-de-France,11,0
93278,F,F,immeuble,1929,70.3,444.0,2023-03-26,Île-de-France,11,1
91315,C,E,appartement,2004,23.5,183.0,2023-03-26,Île-de-France,11,0
92355,D,D,maison,1985,80.8,327.0,2023-03-27,Île-de-France,11,0
92059,D,E,appartement,1985,84.1,196.0,2023-03-27,Île-de-France,11,0
92210,E,B,appartement,1985,138.1,616.0,2023-03-27,Île-de-France,11,0
92205,E,F,maison,1973,74.2,581.0,2023-03-28,Île-de-France,11,0
92147,C,E,appartement,2009,33.5,286.0,2023-03-28,Île-de-France,11,0
91178,F,B,appartement,1951,119.5,579.0,2023-03-28,Île-de-France,11,1
77359,C,F,immeuble,2006,78.9,233.0,2023-03-28,Île-de-France,11,0
77222,D,E,appartement,1980,54.1,275.0,2023-03-29,Île-de-France,11,0
95127,F,D,maison,1950,92.5,521.0,2023-03-29,Île-de-France,11,1
93387,D,E,maison,1978,126.2,204.0,2023-03-29,Île-de-France,11,0
77014,D,G,maison,1978,44.3,273.0,2023-03-29,Île-de-France,11,0
92330,C,D,appartement,1987,76.1,202.0,2023-03-30,Île-de-France,11,0
95181,E,D,appartement,1986,47.9,430.0,2023-03-30,Île-de-France,11,0
95321,A,E,maison,2010,24.7,54.0,2023-03-30,Île-de-France,11,0
78201,G,A,appartement,1946,43.2,662.0,2023-03-30,Île-de-France,11,1
91259,D,D,appartement,1987,37.9,314.0,2023-03-31,Île-de-France,11,0
93094,E,F,maison,1986,161.6,631.0,2023-03-31,Île-de-France,11,0
91115,E,F,appartement,1988,85.9,406.0,2023-03-31,Île-de-France,11,0
75146,E,B,maison,1968,80.4,387.0,2023-03-31,Île-de-France,11,0
78305,C,B,maison,1996,112.6,204.0,2023-04-01,Île-de-France,11,0
94294,C,D,maison,2018,81.3,239.0,2023-04-01,Île-de-France,11,0
77147,C,E,appartement,1994,32.0,191.0,2023-04-01,Île-de-France,11,0
93230,C,C,maison,1996,56.0,289.0,2023-04-01,Île-de-France,11,0
75118,D,B,appartement,1985,114.1,278.0,2023-04-02,Île-de-France,11,0
77085,C,E,appartement,2010,108.3,282.0,2023-04-02,Île-de-France,11,0
78196,C,F,maison,2019,34.2,258.0,2023-04-02,Île-de-France,11,0
95030,E,C,appartement,1978,30.7,681.0,2023-04-02,Île-de-France,11,0
94268,G,G,appartement,1973,74.2,385.0,2023-04-03,Île-de-France,11,1
95186,A,E,maison,1986,59.9,53.0,2023-04-03,Île-de-France,11,0
75003,E,F,immeuble,1977,78.4,371.0,2023-04-03,Île-de-France,11,0
91058,D,F,appartement,1976,108.3,182.0,2023-04-03,Île-de-France,11,0
78094,E,E,maison,1987,29.5,381.0,2023-04-04,Île-de-France,11,0
78264,E,D,appartement,1966,186.7,559.0,2023-04-04,Île-de-France,11,0
91127,D,B,maison,1994,53.5,299.0,2023-04-04,Île-de-France,11,0
94318,G,E,maison,1943,53.4,597.0,2023-04-04,Île-de-France,11,1
77205,D,G,maison,1972,74.7,248.0,2023-04-05,Île-de-France,11,0
78308,C,E,appartement,2018,56.4,258.0,2023-04-05,Île-de-France,11,0
93336,F,E,appartement,1967,61.3,579.0,2023-04-05,Île-de-France,11,1
91108,F,C,appartement,1968,67.1,479.0,2023-04-05,Île-de-France,11,1
91383,B,D,appartement,1988,28.5,79.0,2023-04-06,Île-de-France,11,0
78211,E,E,appartement,1967,78.6,600.0,2023-04-06,Île-de-France,11,0
77221,F,D,maison,1965,61.2,378.0,2023-04-06,Île-de-France,11,1
78128,D,D,maison,1982,52.2,308.0,2023-04-07,Île-de-France,11,0
78118,B,E,appartement,1999,115.6,58.0,2023-04-07,Île-de-France,11,0
77267,E,F,appartement,1986,101.1,467.0,2023-04-07,Île-de-France,11,0
94233,F,G,maison,1940,104.4,515.0,2023-04-07,Île-de-France,11,1
93068,C,D,maison,2008,39.6,228.0,2023-04-08,Île-de-France,11,0
92057,E,F,appartement,1990,72.9,393.0,2023-04-08,Île-de-France,11,0
77307,E,B,maison,1965,32.2,336.0,2023-04-08,Île-de-France,11,0
78255,B,E,appartement,1999,48.8,130.0,2023-04-08,Île-de-France,11,0
93235,C,E,appartement,2012,44.2,323.0,2023-04-09,Île-de-France,11,0
78077,E,E,appartement,1990,145.0,432.0,2023-04-09,Île-de-France,11,0
92006,G,F,maison,1962,78.5,571.0,2023-04-09,Île-de-France,11,1
95075,E,G,appartement,1985,68.4,423.0,2023-04-09,Île-de-France,11,0
94342,D,G,appartement,1971,100.1,228.0,2023-04-10,Île-de-France,11,0
77176,C,D,maison,1995,109.2,305.0,2023-04-10,Île-de-France,11,0
95344,A,B,appartement,2018,40.4,120.0,2023-04-10,Île-de-France,11,0
92122,C,G,maison,1996,56.2,253.0,2023-04-10,Île-de-France,11,0
93379,C,E,appartement,2013,52.0,289.0,2023-04-11,Île-de-France,11,0
95264,D,D,maison,1977,38.0,247.0,2023-04-11,Île-de-France,11,0
92327,D,E,appartement,1993,76.6,310.0,2023-04-11,Île-de-France,11,0
78078,D,D,appartement,1989,43.5,247.0,2023-04-11,Île-de-France,11,0
91279,C,D,appartement,1994,62.6,189.0,2023-04-12,Île-de-France,11,0
91352,B,D,appartement,1991,82.5,119.0,2023-04-12,Île-de-France,11,0
91108,E,C,maison,1982,32.8,654.0,2023-04-12,Île-de-France,11,0
78186,D,D,appartement,1974,30.9,329.0,2023-04-12,Île-de-France,11,0
93398,D,G,maison,1975,35.0,323.0,2023-04-13,Île-de-France,11,0
78066,F,D,maison,1958,53.1,645.0,2023-04-13,Île-de-France,11,1
95369,D,E,appartement,1978,43.4,251.0,2023-04-13,Île-de-France,11,0
93083,F,G,appartement,1920,51.7,533.0,2023-04-13,Île-de-France,11,1
93167,E,G,maison,1984,55.5,433.0,2023-04-14,Île-de-France,11,0
78224,E,F,maison,1972,66.9,517.0,2023-04-14,Île-de-France,11,0
91195,C,F,appartement,2016,39.4,183.0,2023-04-14,Île-de-France,11,0
93068,E,F,maison,1985,29.4,641.0,2023-04-14,Île-de-France,11,0
78371,F,G,maison,1930,101.3,493.0,2023-04-15,Île-de-France,11,1
92299,E,F,maison,1971,34.2,519.0,2023-04-15,Île-de-France,11,0
95057,F,G,appartement,1924,103.7,562.0,2023-04-15,Île-de-France,11,1
93022,A,G,maison,1992,122.4,97.0,2023-04-15,Île-de-France,11,0
77373,D,E,appartement,1990,29.5,245.0,2023-04-16,Île-de-France,11,0
93347,E,E,maison,1987,69.6,439.0,2023-04-16,Île-de-France,11,0
91116,E,G,maison,1988,188.6,455.0,2023-04-16,Île-de-France,11,0
91286,F,E,appartement,1924,55.5,633.0,2023-04-16,Île-de-France,11,1
92168,F,C,appartement,1924,64.3,684.0,2023-04-17,Île-de-France,11,1
91377,E,G,appartement,1986,65.3,549.0,2023-04-17,Île-de-France,11,0
77249,E,G,appartement,1972,71.4,365.0,2023-04-17,Île-de-France,11,0
78265,C,D,maison,1987,66.2,223.0,2023-04-18,Île-de-France,11,0
92130,E,B,maison,1992,78.9,509.0,2023-04-18,Île-de-France,11,0
95217,G,D,appartement,1969,65.9,533.0,2023-04-18,Île-de-France,11,1
77221,E,D,maison,1975,33.6,624.0,2023-04-18,Île-de-France,11,0
94032,D,E,appartement,1980,267.3,288.0,2023-04-19,Île-de-France,11,0
78165,G,D,maison,1960,29.6,394.0,2023-04-19,Île-de-France,11,1
78341,E,A,appartement,1992,45.6,539.0,2023-04-19,Île-de-France,11,0
93298,A,C,maison,2017,62.7,146.0,2023-04-19,Île-de-France,11,0
95213,F,A,maison,1921,59.6,490.0,2023-04-20,Île-de-France,11,1
95098,D,B,maison,1986,67.9,162.0,2023-04-20,Île-de-France,11,0
91349,E,F,maison,1969,63.8,428.0,2023-04-20,Île-de-France,11,0
92274,D,D,maison,1993,41.4,312.0,2023-04-20,Île-de-France,11,0
78088,C,F,maison,2002,59.3,190.0,2023-04-21,Île-de-France,11,0
77303,A,C,appartement,2014,80.3,133.0,2023-04-21,Île-de-France,11,0
91185,E,G,maison,1991,86.8,400.0,2023-04-21,Île-de-France,11,0
78055,C,C,maison,2001,99.7,283.0,2023-04-21,Île-de-France,11,0
78068,C,G,appartement,1991,64.1,167.0,2023-04-22,Île-de-France,11,0
95326,D,D,maison,1967,18.0,187.0,2023-04-22,Île-de-France,11,0
75089,C,D,appartement,2001,101.7,325.0,2023-04-22,Île-de-France,11,0
92122,D,D,maison,1990,81.8,305.0,2023-04-22,Île-de-France,11,0
93330,D,C,maison,1994,70.0,228.0,2023-04-23,Île-de-France,11,0
93377,F,G,maison,1924,41.0,350.0,2023-04-23,Île-de-France,11,1
75078,E,E,appartement,1972,55.4,647.0,2023-04-23,Île-de-France,11,0
78009,D,F,appartement,1990,67.4,223.0,2023-04-23,Île-de-France,11,0
93020,E,F,appartement,1980,74.4,461.0,2023-04-24,Île-de-France,11,0
91050,C,C,maison,1989,56.8,275.0,2023-04-24,Île-de-France,11,0
77250,D,E,appartement,1978,66.7,329.0,2023-04-24,Île-de-France,11,0
94306,C,C,maison,1999,106.5,162.0,2023-04-24,Île-de-France,11,0
91028,E,F,appartement,1993,84.7,534.0,2023-04-25,Île-de-France,11,0
95098,D,C,maison,1983,211.0,162.0,2023-04-25,Île-de-France,11,0
91286,D,E,appartement,1987,162.1,204.0,2023-04-25,Île-de-France,11,0
93323,F,C,maison,1967,101.3,595.0,2023-04-25,Île-de-France,11,1
94011,C,G,immeuble,2016,58.1,318.0,2023-04-26,Île-de-France,11,0
92259,D,F,maison,1990,74.2,239.0,2023-04-26,Île-de-France,11,0
94226,C,F,maison,1992,44.9,238.0,2023-04-26,Île-de-France,11,0
92300,B,E,maison,1993,73.2,91.0,2023-04-26,Île-de-France,11,0
92246,E,C,appartement,1973,55.7,681.0,2023-04-27,Île-de-France,11,0
93271,G,C,appartement,1937,104.2,447.0,2023-04-27,Île-de-France,11,1
94326,B,G,appartement,2008,86.8,119.0,2023-04-27,Île-de-France,11,0
91016,D,F,immeuble,1968,30.3,221.0,2023-04-27,Île-de-France,11,0
94208,D,E,maison,1988,79.4,212.0,2023-04-28,Île-de-France,11,0
95117,C,D,maison,2005,78.1,293.0,2023-04-28,Île-de-France,11,0
91394,F,F,appartement,1932,41.0,692.0,2023-04-28,Île-de-France,11,1
94174,E,G,appartement,1980,122.7,442.0,2023-04-29,Île-de-France,11,0
94317,D,C,maison,1981,104.1,214.0,2023-04-29,Île-de-France,11,0
78108,E,F,appartement,1989,130.2,663.0,2023-04-29,Île-de-France,11,0
95053,F,E,immeuble,1957,203.6,382.0,2023-04-29,Île-de-France,11,1
93121,B,C,maison,2005,82.4,78.0,2023-04-30,Île-de-France,11,0
94243,D,E,maison,1975,31.9,220.0,2023-04-30,Île-de-France,11,0
91298,C,C,maison,2014,79.7,233.0,2023-04-30,Île-de-France,11,0
77375,F,B,maison,1943,179.9,504.0,2023-04-30,Île-de-France,11,1
91185,D,A,maison,1981,47.5,249.0,2023-05-01,Île-de-France,11,0
91017,D,F,appartement,1987,78.0,169.0,2023-05-01,Île-de-France,11,0
91279,C,D,maison,2011,75.7,316.0,2023-05-01,Île-de-France,11,0
75099,E,D,maison,1982,54.8,602.0,2023-05-01,Île-de-France,11,0
94360,E,G,maison,1989,142.7,700.0,2023-05-02,Île-de-France,11,0
93142,C,C,maison,2001,108.8,329.0,2023-05-02,Île-de-France,11,0
94070,F,F,maison,1938,55.7,536.0,2023-05-02,Île-de-France,11,1
77142,G,G,maison,1922,63.7,648.0,2023-05-02,Île-de-France,11,1
94222,B,A,maison,1993,48.0,122.0,2023-05-03,Île-de-France,11,0
94156,E,F,maison,1992,72.4,388.0,2023-05-03,Île-de-France,11,0
95036,D,G,maison,1973,29.1,232.0,2023-05-03,Île-de-France,11,0
93141,E,D,maison,1985,52.8,429.0,2023-05-03,Île-de-France,11,0
92243,B,C,maison,1991,87.0,61.0,2023-05-04,Île-de-France,11,0
77048,E,E,maison,1994,54.7,368.0,2023-05-04,Île-de-France,11,0
91381,F,E,immeuble,1920,71.1,437.0,2023-05-04,Île-de-France,11,1
93388,A,E,appartement,2008,85.5,106.0,2023-05-04,Île-de-France,11,0
92303,D,C,maison,1976,48.6,253.0,2023-05-05,Île-de-France,11,0
95323,E,F,appartement,1970,55.9,581.0,2023-05-05,Île-de-France,11,0
94184,D,F,maison,1994,38.8,246.0,2023-05-05,Île-de-France,11,0
93322,D,F,appartement,1980,47.7,203.0,2023-05-05,Île-de-France,11,0
78108,D,D,appartement,1983,45.8,323.0,2023-05-06,Île-de-France,11,0
93231,C,F,maison,2011,77.2,291.0,2023-05-06,Île-de-France,11,0
93162,D,F,maison,1971,77.4,306.0,2023-05-06,Île-de-France,11,0
95064,D,F,appartement,1976,77.5,163.0,2023-05-06,Île-de-France,11,0
93326,D,E,maison,1980,64.4,227.0,2023-05-07,Île-de-France,11,0
77229,B,F,appartement,2019,78.9,105.0,2023-05-07,Île-de-France,11,0
92011,C,F,maison,2019,98.4,309.0,2023-05-07,Île-de-France,11,0
93226,C,E,maison,1998,39.2,159.0,2023-05-07,Île-de-France,11,0
95122,D,D,appartement,1976,73.3,221.0,2023-05-08,Île-de-France,11,0
91085,E,F,appartement,1985,99.1,518.0,2023-05-08,Île-de-France,11,0
91284,F,F,immeuble,1961,115.7,335.0,2023-05-08,Île-de-France,11,1
94276,C,E,appartement,2005,86.4,260.0,2023-05-08,Île-de-France,11,0
95067,E,G,maison,1992,44.3,550.0,2023-05-09,Île-de-France,11,0
95160,C,C,maison,2011,72.6,183.0,2023-05-09,Île-de-France,11,0
77263,B,F,maison,2011,120.7,55.0,2023-05-09,Île-de-France,11,0
78261,C,F,maison,2005,90.6,167.0,2023-05-10,Île-de-France,11,0
93351,D,D,maison,1982,69.8,303.0,2023-05-10,Île-de-France,11,0
78101,E,F,appartement,1968,29.5,367.0,2023-05-10,Île-de-France,11,0
94347,D,E,maison,1986,54.2,244.0,2023-05-10,Île-de-France,11,0
78166,E,B,appartement,1975,51.6,366.0,2023-05-11,Île-de-France,11,0
92201,C,F,maison,2016,41.8,152.0,2023-05-11,Île-de-France,11,0
91235,F,F,maison,1973,114.5,444.0,2023-05-11,Île-de-France,11,1
95135,A,D,appartement,2008,160.1,117.0,2023-05-11,Île-de-France,11,0
78391,C,G,maison,2009,66.2,280.0,2023-05-12,Île-de-France,11,0
92382,E,E,immeuble,1968,53.3,553.0,2023-05-12,Île-de-France,11,0
91015,E,D,appartement,1975,52.5,540.0,2023-05-12,Île-de-France,11,0
77216,F,E,maison,1923,39.6,681.0,2023-05-12,Île-de-France,11,1
91282,G,F,appartement,1936,56.2,442.0,2023-05-13,Île-de-France,11,1
77276,A,G,maison,2009,47.4,110.0,2023-05-13,Île-de-France,11,0
92140,D,G,maison,1972,55.0,188.0,2023-05-13,Île-de-France,11,0
75081,E,D,appartement,1984,56.2,348.0,2023-05-13,Île-de-France,11,0
92325,F,C,maison,1944,97.2,414.0,2023-05-14,Île-de-France,11,1
94344,B,G,appartement,1997,60.1,128.0,2023-05-14,Île-de-France,11,0
77017,D,F,appartement,1989,132.5,216.0,2023-05-14,Île-de-France,11,0
91167,E,F,maison,1972,74.1,577.0,2023-05-14,Île-de-France,11,0
94256,D,D,immeuble,1985,36.6,329.0,2023-05-15,Île-de-France,11,0
94046,E,C,appartement,1972,25.1,558.0,2023-05-15,Île-de-France,11,0
95123,D,D,maison,1976,40.8,278.0,2023-05-15,Île-de-France,11,0
92176,A,D,maison,2018,48.5,140.0,2023-05-15,Île-de-France,11,0
92394,F,E,maison,1950,40.0,495.0,2023-05-16,Île-de-France,11,1
94343,F,F,maison,1924,97.4,490.0,2023-05-16,Île-de-France,11,1
75127,E,D,immeuble,1967,175.4,610.0,2023-05-16,Île-de-France,11,0
92025,E,C,immeuble,1981,85.7,510.0,2023-05-16,Île-de-France,11,0
94323,D,B,maison,1991,78.7,183.0,2023-05-17,Île-de-France,11,0
78256,C,C,maison,2012,95.9,272.0,2023-05-17,Île-de-France,11,0
92029,E,D,appartement,1968,59.4,462.0,2023-05-17,Île-de-France,11,0
91272,F,E,maison,1941,171.8,439.0,2023-05-17,Île-de-France,11,1
77381,G,G,maison,1946,36.5,635.0,2023-05-18,Île-de-France,11,1
93238,E,E,maison,1991,56.1,459.0,2023-05-18,Île-de-France,11,0
93330,C,C,maison,1990,68.5,272.0,2023-05-18,Île-de-France,11,0
92147,G,E,immeuble,1964,48.4,391.0,2023-05-18,Île-de-France,11,1
95239,D,E,appartement,1990,63.3,235.0,2023-05-19,Île-de-France,11,0
92036,F,E,appartement,1946,71.0,674.0,2023-05-19,Île-de-France,11,1
91038,A,F,maison,2012,49.8,93.0,2023-05-19,Île-de-France,11,0
78319,B,G,appartement,1987,115.0,78.0,2023-05-19,Île-de-France,11,0
92275,D,D,maison,1977,54.3,260.0,2023-05-20,Île-de-France,11,0
91217,D,F,appartement,1976,57.0,204.0,2023-05-20,Île-de-France,11,0
92124,D,E,appartement,1970,60.3,249.0,2023-05-20,Île-de-France,11,0
78384,E,F,appartement,1972,49.0,685.0,2023-05-21,Île-de-France,11,0
93392,D,E,appartement,1980,34.7,187.0,2023-05-21,Île-de-France,11,0
93315,E,E,maison,1967,21.4,669.0,2023-05-21,Île-de-France,11,0
78095,E,E,appartement,1976,65.2,643.0,2023-05-21,Île-de-France,11,0
95167,E,D,appartement,1987,44.8,526.0,2023-05-22,Île-de-France,11,0
91364,G,E,appartement,1924,135.9,377.0,2023-05-22,Île-de-France,11,1
91312,C,D,appartement,2007,52.0,240.0,2023-05-22,Île-de-France,11,0
78181,D,F,maison,1989,144.3,224.0,2023-05-22,Île-de-France,11,0
94102,G,E,maison,1953,77.7,388.0,2023-05-23,Île-de-France,11,1
95011,C,E,maison,2008,86.4,235.0,2023-05-23,Île-de-France,11,0
93308,C,D,appartement,2002,47.4,312.0,2023-05-23,Île-de-France,11,0
95295,D,A,appartement,1988,139.3,263.0,2023-05-23,Île-de-France,11,0
93392,C,D,maison,2014,103.8,301.0,2023-05-24,Île-de-France,11,0
95116,F,B,appartement,1921,27.1,438.0,2023-05-24,Île-de-France,11,1
93335,E,E,maison,1988,28.2,525.0,2023-05-24,Île-de-France,11,0
94266,D,E,maison,1984,159.4,324.0,2023-05-24,Île-de-France,11,0
78256,C,F,appartement,1995,52.4,300.0,2023-05-25,Île-de-France,11,0
93027,D,G,maison,1991,35.5,324.0,2023-05-25,Île-de-France,11,0
77336,B,E,appartement,2017,56.0,143.0,2023-05-25,Île-de-France,11,0
93012,E,G,appartement,1965,85.6,408.0,2023-05-25,Île-de-France,11,0
77031,E,D,appartement,1991,28.8,537.0,2023-05-26,Île-de-France,11,0
92319,D,F,maison,1994,89.2,325.0,2023-05-26,Île-de-France,11,0
75096,E,F,maison,1984,68.1,691.0,2023-05-26,Île-de-France,11,0
75146,F,E,maison,1930,205.4,690.0,2023-05-26,Île-de-France,11,1
93154,F,F,maison,1929,32.2,595.0,2023-05-27,Île-de-France,11,1
77308,E,D,appartement,1990,214.4,465.0,2023-05-27,Île-de-France,11,0
92026,G,D,appartement,1946,57.9,441.0,2023-05-27,Île-de-France,11,1
92295,E,F,maison,1990,68.9,691.0,2023-05-27,Île-de-France,11,0
93308,G,E,appartement,1948,49.4,372.0,2023-05-28,Île-de-France,11,1
92162,G,E,maison,1929,38.6,500.0,2023-05-28,Île-de-France,11,1
95096,B,E,maison,1997,66.4,134.0,2023-05-28,Île-de-France,11,0
77145,E,D,maison,1975,104.0,647.0,2023-05-28,Île-de-France,11,0
95134,E,C,maison,1975,125.8,537.0,2023-05-29,Île-de-France,11,0
95154,E,D,appartement,1978,61.5,675.0,2023-05-29,Île-de-France,11,0
94111,E,D,maison,1973,92.3,355.0,2023-05-29,Île-de-France,11,0
91265,C,F,maison,1995,60.5,250.0,2023-05-29,Île-de-France,11,0
78159,F,E,appartement,1923,97.6,624.0,2023-05-30,Île-de-France,11,1
91083,F,E,appartement,1955,205.3,332.0,2023-05-30,Île-de-France,11,1
77384,D,F,maison,1976,85.6,211.0,2023-05-30,Île-de-France,11,0
78224,D,C,appartement,1994,78.2,321.0,2023-05-30,Île-de-France,11,0
78131,F,E,maison,1959,18.0,351.0,2023-05-31,Île-de-France,11,1
75143,D,E,appartement,1990,35.3,293.0,2023-05-31,Île-de-France,11,0
78194,F,G,maison,1921,69.1,525.0,2023-05-31,Île-de-France,11,1
78069,F,E,maison,1942,26.9,509.0,2023-06-01,Île-de-France,11,1
92284,E,G,appartement,1984,85.8,356.0,2023-06-01,Île-de-France,11,0
94343,E,E,immeuble,1970,40.1,572.0,2023-06-01,Île-de-France,11,0
75130,F,E,appartement,1959,284.8,438.0,2023-06-01,Île-de-France,11,1
92056,D,F,appartement,1976,77.4,239.0,2023-06-02,Île-de-France,11,0
93036,F,G,maison,1958,34.6,666.0,2023-06-02,Île-de-France,11,1
78141,E,E,maison,1978,58.2,425.0,2023-06-02,Île-de-France,11,0
78333,D,F,appartement,1965,40.2,264.0,2023-06-02,Île-de-France,11,0
94366,A,G,appartement,1986,71.0,58.0,2023-06-03,Île-de-France,11,0
75014,E,D,appartement,1974,154.6,605.0,2023-06-03,Île-de-France,11,0
95196,E,C,appartement,1985,53.9,567.0,2023-06-03,Île-de-France,11,0
93016,F,F,maison,1946,83.3,379.0,2023-06-03,Île-de-France,11,1
94360,C,D,maison,2014,79.7,277.0,2023-06-04,Île-de-France,11,0
92013,D,D,maison,1984,69.9,227.0,2023-06-04,Île-de-France,11,0
93035,C,G,maison,1985,75.7,252.0,2023-06-04,Île-de-France,11,0
92094,E,E,maison,1989,45.1,448.0,2023-06-04,Île-de-France,11,0
77243,F,A,maison,1967,48.2,562.0,2023-06-05,Île-de-France,11,1
92059,C,A,appartement,1993,57.6,271.0,2023-06-05,Île-de-France,11,0
94095,F,E,appartement,1954,108.8,700.0,2023-06-05,Île-de-France,11,1
92106,G,F,maison,1974,49.8,575.0,2023-06-05,Île-de-France,11,1
92354,C,E,maison,2009,36.1,168.0,2023-06-06,Île-de-France,11,0
75071,C,D,appartement,2010,127.1,215.0,2023-06-06,Île-de-France,11,0
75044,C,D,immeuble,1996,58.3,205.0,2023-06-06,Île-de-France,11,0
75079,C,D,maison,2019,52.0,259.0,2023-06-06,Île-de-France,11,0
78020,C,F,appartement,1998,44.8,286.0,2023-06-07,Île-de-France,11,0
95386,C,C,appartement,1994,47.3,313.0,2023-06-07,Île-de-France,11,0
78028,D,C,maison,1993,81.4,273.0,2023-06-07,Île-de-France,11,0
92299,C,F,appartement,2005,64.4,228.0,2023-06-07,Île-de-France,11,0
92099,F,F,maison,1965,20.0,684.0,2023-06-08,Île-de-France,11,1
94118,E,C,appartement,1985,49.0,397.0,2023-06-08,Île-de-France,11,0
91372,B,B,maison,2015,105.4,55.0,2023-06-08,Île-de-France,11,0
78369,G,E,appartement,1944,73.1,437.0,2023-06-08,Île-de-France,11,1
91297,C,F,maison,1989,141.9,329.0,2023-06-09,Île-de-France,11,0
95191,B,F,maison,2002,115.3,88.0,2023-06-09,Île-de-France,11,0
93200,D,F,appartement,1981,180.1,195.0,2023-06-09,Île-de-France,11,0
93363,B,E,appartement,2019,78.5,103.0,2023-06-09,Île-de-France,11,0
92055,C,D,appartement,2015,87.9,276.0,2023-06-10,Île-de-France,11,0
93366,G,E,maison,1972,57.9,636.0,2023-06-10,Île-de-France,11,1
93093,G,A,maison,1921,67.8,668.0,2023-06-10,Île-de-France,11,1
95162,D,C,immeuble,1994,68.9,175.0,2023-06-10,Île-de-France,11,0
93260,B,E,maison,2012,39.6,62.0,2023-06-11,Île-de-France,11,0
91181,C,D,maison,1991,51.0,177.0,2023-06-11,Île-de-France,11,0
78241,D,G,maison,1966,134.4,166.0,2023-06-11,Île-de-France,11,0
78233,F,D,maison,1948,71.8,664.0,2023-06-12,Île-de-France,11,1
93176,D,F,maison,1990,100.0,183.0,2023-06-12,Île-de-France,11,0
91294,D,D,appartement,1967,68.5,195.0,2023-06-12,Île-de-France,11,0
93323,E,F,appartement,1989,42.5,661.0,2023-06-12,Île-de-France,11,0
93058,E,D,maison,1991,101.8,514.0,2023-06-13,Île-de-France,11,0
77341,C,D,maison,1997,59.8,294.0,2023-06-13,Île-de-France,11,0
92031,C,D,appartement,2012,82.7,274.0,2023-06-13,Île-de-France,11,0
95027,D,E,maison,1975,117.4,189.0,2023-06-13,Île-de-France,11,0
94231,D,A,appartement,1989,131.9,208.0,2023-06-14,Île-de-France,11,0
94324,E,E,maison,1966,40.9,420.0,2023-06-14,Île-de-France,11,0
78384,D,G,maison,1971,126.1,281.0,2023-06-14,Île-de-France,11,0
91147,F,F,appartement,1962,98.0,616.0,2023-06-14,Île-de-France,11,1
77243,D,E,appartement,1979,90.0,258.0,2023-06-15,Île-de-France,11,0
93190,F,D,appartement,1929,80.2,633.0,2023-06-15,Île-de-France,11,1
91260,G,C,maison,1952,97.6,627.0,2023-06-15,Île-de-France,11,1
77037,E,G,maison,1965,73.7,660.0,2023-06-15,Île-de-France,11,0
77061,E,F,maison,1982,81.0,674.0,2023-06-16,Île-de-France,11,0
95121,F,E,appartement,1920,157.8,476.0,2023-06-16,Île-de-France,11,1
93132,B,E,appartement,1994,43.6,71.0,2023-06-16,Île-de-France,11,0
77343,C,E,maison,2008,211.6,325.0,2023-06-16,Île-de-France,11,0
92019,D,C,immeuble,1977,28.7,319.0,2023-06-17,Île-de-France,11,0
92275,C,E,maison,2003,112.8,295.0,2023-06-17,Île-de-France,11,0
91122,A,C,maison,1985,92.3,94.0,2023-06-17,Île-de-France,11,0
78048,E,E,maison,1992,97.1,388.0,2023-06-17,Île-de-France,11,0
78152,C,F,maison,2018,132.2,309.0,2023-06-18,Île-de-France,11,0
78229,D,B,appartement,1994,42.7,305.0,2023-06-18,Île-de-France,11,0
92343,C,B,maison,1992,25.6,167.0,2023-06-18,Île-de-France,11,0
94222,A,E,appartement,2009,23.7,53.0,2023-06-18,Île-de-France,11,0
78107,B,F,appartement,2002,42.2,71.0,2023-06-19,Île-de-France,11,0
92273,F,B,appartement,1927,82.2,648.0,2023-06-19,Île-de-France,11,1
93139,D,B,appartement,1994,101.7,239.0,2023-06-19,Île-de-France,11,0
94149,F,C,maison,1958,53.3,559.0,2023-06-19,Île-de-France,11,1
91087,G,C,maison,1971,81.5,664.0,2023-06-20,Île-de-France,11,1
95112,D,C,maison,1965,65.7,329.0,2023-06-20,Île-de-France,11,0
95120,E,D,appartement,1981,162.6,366.0,2023-06-20,Île-de-France,11,0
78178,D,G,appartement,1971,39.6,248.0,2023-06-20,Île-de-France,11,0
91374,G,D,appartement,1924,42.9,558.0,2023-06-21,Île-de-France,11,1
93105,F,C,appartement,1947,58.5,609.0,2023-06-21,Île-de-France,11,1
77260,E,E,appartement,1977,58.4,590.0,2023-06-21,Île-de-France,11,0
94268,G,G,appartement,1946,69.9,507.0,2023-06-21,Île-de-France,11,1
91149,E,D,immeuble,1967,44.8,395.0,2023-06-22,Île-de-France,11,0
95031,F,G,appartement,1954,30.8,605.0,2023-06-22,Île-de-France,11,1
91034,B,C,appartement,1998,60.0,149.0,2023-06-22,Île-de-France,11,0
91049,D,A,maison,1967,63.9,279.0,2023-06-23,Île-de-France,11,0
91274,D,F,appartement,1967,52.8,166.0,2023-06-23,Île-de-France,11,0
93325,F,E,appartement,1955,30.3,675.0,2023-06-23,Île-de-France,11,1
92215,E,D,maison,1994,110.9,346.0,2023-06-23,Île-de-France,11,0
78190,D,E,maison,1994,30.6,255.0,2023-06-24,Île-de-France,11,0
95082,C,E,appartement,1996,20.8,179.0,2023-06-24,Île-de-France,11,0
77279,G,G,maison,1969,153.9,661.0,2023-06-24,Île-de-France,11,1
91211,D,C,maison,1989,74.5,191.0,2023-06-24,Île-de-France,11,0
78195,A,D,maison,2005,58.0,71.0,2023-06-25,Île-de-France,11,0
94172,C,D,appartement,2001,32.7,200.0,2023-06-25,Île-de-France,11,0
91387,D,G,appartement,1972,43.3,216.0,2023-06-25,Île-de-France,11,0
92369,C,C,appartement,1990,52.2,193.0,2023-06-25,Île-de-France,11,0
75147,B,C,appartement,2011,30.7,90.0,2023-06-26,Île-de-France,11,0
92253,C,F,immeuble,1991,48.4,191.0,2023-06-26,Île-de-France,11,0
91300,D,F,appartement,1984,52.4,263.0,2023-06-26,Île-de-France,11,0
91080,E,E,immeuble,1984,72.7,624.0,2023-06-26,Île-de-France,11,0
94345,E,F,maison,1993,104.5,440.0,2023-06-27,Île-de-France,11,0
78333,E,D,maison,1969,84.9,359.0,2023-06-27,Île-de-France,11,0
75100,E,F,maison,1969,58.4,552.0,2023-06-27,Île-de-France,11,0
78347,D,D,appartement,1985,70.2,181.0,2023-06-27,Île-de-France,11,0
77274,E,G,maison,1984,90.7,466.0,2023-06-28,Île-de-France,11,0
75117,F,D,maison,1923,37.9,661.0,2023-06-28,Île-de-France,11,1
93265,E,G,appartement,1991,139.8,674.0,2023-06-28,Île-de-France,11,0
92222,C,B,appartement,2006,102.2,305.0,2023-06-28,Île-de-France,11,0
95260,C,A,appartement,2014,90.2,253.0,2023-06-29,Île-de-France,11,0
95343,E,D,maison,1984,49.8,550.0,2023-06-29,Île-de-France,11,0
94205,D,G,appartement,1974,74.2,185.0,2023-06-29,Île-de-France,11,0
77332,F,C,appartement,1933,76.4,599.0,2023-06-29,Île-de-France,11,1
95135,C,F,maison,1986,101.6,204.0,2023-06-30,Île-de-France,11,0
94282,A,F,maison,2007,55.2,88.0,2023-06-30,Île-de-France,11,0
78393,E,F,maison,1981,122.0,626.0,2023-06-30,Île-de-France,11,0
78278,D,E,appartement,1965,58.7,282.0,2023-06-30,Île-de-France,11,0
75113,G,F,maison,1953,40.8,364.0,2023-07-01,Île-de-France,11,1
77119,G,D,maison,1972,63.2,619.0,2023-07-01,Île-de-France,11,1
92093,A,G,immeuble,2010,138.5,76.0,2023-07-01,Île-de-France,11,0
78039,C,F,maison,2001,39.1,157.0,2023-07-01,Île-de-France,11,0
94041,F,C,maison,1959,63.7,595.0,2023-07-02,Île-de-France,11,1
95288,D,D,immeuble,1980,45.0,224.0,2023-07-02,Île-de-France,11,0
78369,D,G,maison,1994,66.5,276.0,2023-07-02,Île-de-France,11,0
91019,G,C,maison,1969,59.9,370.0,2023-07-02,Île-de-France,11,1
78145,D,C,appartement,1990,102.1,200.0,2023-07-03,Île-de-France,11,0
93200,C,B,appartement,2006,42.6,223.0,2023-07-03,Île-de-France,11,0
92248,D,G,appartement,1985,74.3,157.0,2023-07-03,Île-de-France,11,0
91234,F,C,maison,1929,55.4,614.0,2023-07-04,Île-de-France,11,1
94215,E,D,maison,1990,40.0,495.0,2023-07-04,Île-de-France,11,0
94026,C,G,maison,1986,110.3,220.0,2023-07-04,Île-de-France,11,0
75030,C,D,appartement,2011,88.0,161.0,2023-07-04,Île-de-France,11,0
77303,E,E,maison,1965,76.1,560.0,2023-07-05,Île-de-France,11,0
78305,D,G,maison,1967,56.4,155.0,2023-07-05,Île-de-France,11,0
95099,B,D,maison,2017,88.5,110.0,2023-07-05,Île-de-France,11,0
77076,B,D,maison,1997,62.1,71.0,2023-07-05,Île-de-France,11,0
95070,D,B,appartement,1984,170.6,255.0,2023-07-06,Île-de-France,11,0
94111,D,G,appartement,1986,160.9,203.0,2023-07-06,Île-de-France,11,0
78152,G,D,appartement,1941,66.0,652.0,2023-07-06,Île-de-France,11,1
78385,B,E,maison,1996,153.4,54.0,2023-07-06,Île-de-France,11,0
78232,D,E,maison,1972,30.6,330.0,2023-07-07,Île-de-France,11,0
91294,D,E,maison,1973,56.9,256.0,2023-07-07,Île-de-France,11,0
93073,E,F,appartement,1988,156.8,449.0,2023-07-07,Île-de-France,11,0
91139,D,E,maison,1968,57.5,287.0,2023-07-07,Île-de-France,11,0
75137,D,D,appartement,1986,43.4,176.0,2023-07-08,Île-de-France,11,0
92054,F,D,immeuble,1924,127.7,332.0,2023-07-08,Île-de-France,11,1
77060,E,E,maison,1972,72.7,346.0,2023-07-08,Île-de-France,11,0
94276,E,E,appartement,1974,42.0,460.0,2023-07-08,Île-de-France,11,0
77150,A,E,maison,2013,35.4,142.0,2023-07-09,Île-de-France,11,0
91297,C,F,appartement,2017,122.1,223.0,2023-07-09,Île-de-France,11,0
92304,E,C,appartement,1993,69.2,676.0,2023-07-09,Île-de-France,11,0
93253,B,E,appartement,2009,83.0,128.0,2023-07-09,Île-de-France,11,0
92253,C,D,maison,2001,45.2,285.0,2023-07-10,Île-de-France,11,0
78238,B,E,maison,2000,97.1,104.0,2023-07-10,Île-de-France,11,0
95239,G,A,appartement,1958,49.8,684.0,2023-07-10,Île-de-France,11,1
92250,E,E,maison,1992,92.9,452.0,2023-07-10,Île-de-France,11,0
94187,D,E,appartement,1977,61.8,209.0,2023-07-11,Île-de-France,11,0
78075,D,G,maison,1974,95.6,310.0,2023-07-11,Île-de-France,11,0
77035,C,E,maison,2015,95.3,241.0,2023-07-11,Île-de-France,11,0
93237,D,D,immeuble,1973,45.6,164.0,2023-07-11,Île-de-France,11,0
78088,E,F,appartement,1974,102.8,499.0,2023-07-12,Île-de-France,11,0
93335,G,E,appartement,1942,160.9,466.0,2023-07-12,Île-de-France,11,1
93166,C,C,appartement,2007,63.9,323.0,2023-07-12,Île-de-France,11,0
93244,C,F,appartement,1991,44.0,314.0,2023-07-12,Île-de-France,11,0
93153,F,D,maison,1970,49.2,488.0,2023-07-13,Île-de-France,11,1
77200,F,G,appartement,1968,125.1,365.0,2023-07-13,Île-de-France,11,1
78208,D,E,appartement,1979,44.3,242.0,2023-07-13,Île-de-France,11,0
91239,E,D,maison,1981,106.1,578.0,2023-07-13,Île-de-France,11,0
95064,D,D,appartement,1994,118.8,308.0,2023-07-14,Île-de-France,11,0
95079,E,F,appartement,1982,35.7,576.0,2023-07-14,Île-de-France,11,0
94045,F,F,maison,1947,34.6,429.0,2023-07-14,Île-de-France,11,1
75010,E,E,maison,1980,95.5,607.0,2023-07-15,Île-de-France,11,0
78086,B,D,appartement,2018,125.5,101.0,2023-07-15,Île-de-France,11,0
91204,E,F,appartement,1992,35.1,439.0,2023-07-15,Île-de-France,11,0
77163,C,F,maison,1995,44.1,237.0,2023-07-15,Île-de-France,11,0
93305,D,F,maison,1985,108.1,244.0,2023-07-16,Île-de-France,11,0
94161,D,F,appartement,1988,93.4,167.0,2023-07-16,Île-de-France,11,0
95046,C,B,appartement,2011,60.2,153.0,2023-07-16,Île-de-France,11,0
95134,E,C,appartement,1994,122.4,483.0,2023-07-16,Île-de-France,11,0
78280,D,C,appartement,1975,44.5,263.0,2023-07-17,Île-de-France,11,0
92276,F,D,appartement,1971,67.6,333.0,2023-07-17,Île-de-France,11,1
78280,D,G,maison,1968,106.3,161.0,2023-07-17,Île-de-France,11,0
93296,F,B,appartement,1928,78.6,400.0,2023-07-17,Île-de-France,11,1
78125,E,E,appartement,1988,92.5,658.0,2023-07-18,Île-de-France,11,0
95027,F,C,appartement,1961,39.8,467.0,2023-07-18,Île-de-France,11,1
94114,F,C,maison,1946,127.7,515.0,2023-07-18,Île-de-France,11,1
91299,C,C,appartement,2010,56.7,252.0,2023-07-18,Île-de-France,11,0
78148,D,D,maison,1980,69.2,237.0,2023-07-19,Île-de-France,11,0
91210,D,F,maison,1974,39.0,224.0,2023-07-19,Île-de-France,11,0
91318,F,G,appartement,1928,99.2,430.0,2023-07-19,Île-de-France,11,1
95103,D,E,appartement,1978,49.8,225.0,2023-07-19,Île-de-France,11,0
94343,E,E,appartement,1973,49.9,404.0,2023-07-20,Île-de-France,11,0
77352,C,F,appartement,1996,67.0,163.0,2023-07-20,Île-de-France,11,0
77371,E,D,appartement,1976,98.8,641.0,2023-07-20,Île-de-France,11,0
77167,E,D,maison,1990,86.0,527.0,2023-07-20,Île-de-France,11,0
95294,C,C,appartement,2007,80.1,309.0,2023-07-21,Île-de-France,11,0
93149,E,F,appartement,1980,142.7,586.0,2023-07-21,Île-de-France,11,0
78127,D,G,maison,1991,65.5,306.0,2023-07-21,Île-de-France,11,0
92203,C,A,maison,2015,48.5,251.0,2023-07-21,Île-de-France,11,0
77301,D,F,appartement,1990,78.9,172.0,2023-07-22,Île-de-France,11,0
95009,C,F,maison,1995,59.7,156.0,2023-07-22,Île-de-France,11,0
94349,A,F,appartement,2010,109.7,89.0,2023-07-22,Île-de-France,11,0
95103,F,A,maison,1943,49.3,358.0,2023-07-22,Île-de-France,11,1
78281,D,D,maison,1978,157.3,218.0,2023-07-23,Île-de-France,11,0
93068,D,B,maison,1986,114.8,300.0,2023-07-23,Île-de-France,11,0
95020,F,D,maison,1961,47.0,538.0,2023-07-23,Île-de-France,11,1
94174,F,G,maison,1968,91.3,468.0,2023-07-23,Île-de-France,11,1
78112,B,F,appartement,2011,57.2,107.0,2023-07-24,Île-de-France,11,0
92060,F,D,maison,1961,56.0,395.0,2023-07-24,Île-de-France,11,1
95357,E,C,appartement,1971,51.5,394.0,2023-07-24,Île-de-France,11,0
95174,E,B,appartement,1976,80.3,527.0,2023-07-24,Île-de-France,11,0
78296,C,C,appartement,1991,76.2,194.0,2023-07-25,Île-de-France,11,0
92373,D,G,appartement,1987,130.2,163.0,2023-07-25,Île-de-France,11,0
78126,A,E,maison,2009,79.3,63.0,2023-07-25,Île-de-France,11,0
77085,B,E,maison,1988,94.4,65.0,2023-07-26,Île-de-France,11,0
78355,D,E,appartement,1977,68.2,210.0,2023-07-26,Île-de-France,11,0
92185,D,D,maison,1978,49.0,308.0,2023-07-26,Île-de-France,11,0
92216,F,D,appartement,1946,29.3,487.0,2023-07-26,Île-de-France,11,1
92321,D,C,appartement,1991,80.1,268.0,2023-07-27,Île-de-France,11,0
77291,D,F,appartement,1975,57.8,174.0,2023-07-27,Île-de-France,11,0
91076,E,F,maison,1966,46.0,600.0,2023-07-27,Île-de-France,11,0
91345,E,F,maison,1987,133.1,421.0,2023-07-27,Île-de-France,11,0
93013,E,F,appartement,1984,51.2,663.0,2023-07-28,Île-de-France,11,0
92304,F,E,maison,1921,74.3,536.0,2023-07-28,Île-de-France,11,1
92153,F,D,appartement,1974,82.8,405.0,2023-07-28,Île-de-France,11,1
92235,D,E,maison,1989,134.9,189.0,2023-07-28,Île-de-France,11,0
91019,E,C,maison,1989,31.6,629.0,2023-07-29,Île-de-France,11,0
93125,E,F,appartement,1970,101.8,389.0,2023-07-29,Île-de-France,11,0
92067,D,C,maison,1985,56.5,169.0,2023-07-29,Île-de-France,11,0
93330,E,G,maison,1985,143.1,601.0,2023-07-29,Île-de-France,11,0
91206,E,E,appartement,1990,50.6,523.0,2023-07-30,Île-de-France,11,0
78027,E,C,appartement,1980,43.4,570.0,2023-07-30,Île-de-France,11,0
91266,C,E,appartement,2012,91.2,222.0,2023-07-30,Île-de-France,11,0
95049,F,F,maison,1945,81.1,544.0,2023-07-30,Île-de-France,11,1
75136,E,E,maison,1994,103.8,364.0,2023-07-31,Île-de-France,11,0
95062,E,F,appartement,1994,125.2,403.0,2023-07-31,Île-de-France,11,0
92257,D,D,appartement,1979,62.9,287.0,2023-07-31,Île-de-France,11,0
93126,D,D,appartement,1977,64.8,166.0,2023-07-31,Île-de-France,11,0
91029,D,F,appartement,1976,23.4,228.0,2023-08-01,Île-de-France,11,0
94201,F,F,maison,1922,108.2,603.0,2023-08-01,Île-de-France,11,1
77365,E,G,appartement,1987,53.5,528.0,2023-08-01,Île-de-France,11,0
92393,D,F,appartement,1988,92.7,308.0,2023-08-01,Île-de-France,11,0
93187,C,D,appartement,2018,59.0,165.0,2023-08-02,Île-de-France,11,0
94319,E,E,maison,1967,38.2,611.0,2023-08-02,Île-de-France,11,0
93237,G,F,appartement,1922,46.8,606.0,2023-08-02,Île-de-France,11,1
78328,D,A,immeuble,1965,112.1,222.0,2023-08-02,Île-de-France,11,0
91184,C,G,maison,2005,129.5,218.0,2023-08-03,Île-de-France,11,0
77232,D,E,appartement,1992,93.1,231.0,2023-08-03,Île-de-France,11,0
77172,E,F,appartement,1967,66.9,565.0,2023-08-03,Île-de-France,11,0
92045,G,C,maison,1935,32.2,380.0,2023-08-03,Île-de-France,11,1
78285,C,E,appartement,1996,89.3,161.0,2023-08-04,Île-de-France,11,0
91083,F,E,maison,1966,45.6,652.0,2023-08-04,Île-de-France,11,1
95085,B,F,maison,2010,32.6,118.0,2023-08-04,Île-de-France,11,0
93121,D,E,maison,1967,73.4,165.0,2023-08-04,Île-de-France,11,0
94108,G,C,maison,1936,41.5,510.0,2023-08-05,Île-de-France,11,1
94263,C,G,maison,1987,65.8,234.0,2023-08-05,Île-de-France,11,0
77261,D,G,appartement,1985,43.4,206.0,2023-08-05,Île-de-France,11,0
92363,B,G,maison,2014,36.2,79.0,2023-08-06,Île-de-France,11,0
94099,D,G,maison,1976,59.6,207.0,2023-08-06,Île-de-France,11,0
78203,A,C,appartement,2017,127.5,148.0,2023-08-06,Île-de-France,11,0
77086,D,D,appartement,1992,41.0,286.0,2023-08-06,Île-de-France,11,0
94352,D,D,appartement,1992,55.2,207.0,2023-08-07,Île-de-France,11,0
94005,F,C,maison,1926,40.1,557.0,2023-08-07,Île-de-France,11,1
95203,F,D,appartement,1947,51.8,341.0,2023-08-07,Île-de-France,11,1
92154,F,D,appartement,1921,31.7,518.0,2023-08-07,Île-de-France,11,1
91100,E,E,maison,1994,59.9,399.0,2023-08-08,Île-de-France,11,0
92354,D,E,maison,1977,125.0,168.0,2023-08-08,Île-de-France,11,0
93051,E,E,appartement,1974,97.1,522.0,2023-08-08,Île-de-France,11,0
77168,E,D,maison,1972,55.5,674.0,2023-08-08,Île-de-France,11,0
77128,C,C,maison,2007,48.2,241.0,2023-08-09,Île-de-France,11,0
77198,C,F,appartement,1987,110.9,320.0,2023-08-09,Île-de-France,11,0
95014,D,F,maison,1970,75.7,212.0,2023-08-09,Île-de-France,11,0
95112,A,D,appartement,1993,67.4,98.0,2023-08-09,Île-de-France,11,0
77358,A,C,appartement,1988,32.8,100.0,2023-08-10,Île-de-France,11,0
92378,C,E,appartement,1986,53.5,180.0,2023-08-10,Île-de-France,11,0
94096,D,F,maison,1982,131.6,326.0,2023-08-10,Île-de-France,11,0
78321,C,B,immeuble,2013,80.6,247.0,2023-08-10,Île-de-France,11,0
94036,D,G,maison,1980,136.4,308.0,2023-08-11,Île-de-France,11,0
91013,D,C,appartement,1973,57.4,242.0,2023-08-11,Île-de-France,11,0
94232,G,E,maison,1967,54.6,462.0,2023-08-11,Île-de-France,11,1
91244,D,G,appartement,1974,65.2,208.0,2023-08-11,Île-de-France,11,0
77287,E,D,maison,1990,77.3,574.0,2023-08-12,Île-de-France,11,0
77154,B,C,appartement,2006,68.1,143.0,2023-08-12,Île-de-France,11,0
91033,F,F,appartement,1948,24.1,623.0,2023-08-12,Île-de-France,11,1
78321,E,E,appartement,1983,49.8,596.0,2023-08-12,Île-de-France,11,0
94246,F,F,maison,1940,60.9,605.0,2023-08-13,Île-de-France,11,1
91341,E,D,maison,1970,77.5,600.0,2023-08-13,Île-de-France,11,0
95034,E,G,appartement,1971,184.8,373.0,2023-08-13,Île-de-France,11,0
93395,D,C,maison,1970,65.9,256.0,2023-08-13,Île-de-France,11,0
92286,D,G,appartement,1971,43.4,327.0,2023-08-14,Île-de-France,11,0
93194,C,F,appartement,2003,58.8,155.0,2023-08-14,Île-de-France,11,0
77169,C,C,appartement,1996,93.4,231.0,2023-08-14,Île-de-France,11,0
94331,C,D,maison,2009,42.7,306.0,2023-08-14,Île-de-France,11,0
95373,C,F,appartement,2000,64.4,293.0,2023-08-15,Île-de-France,11,0
93153,B,E,appartement,2012,37.7,140.0,2023-08-15,Île-de-France,11,0
77180,D,D,maison,1972,166.0,275.0,2023-08-15,Île-de-France,11,0
78372,D,B,appartement,1967,95.7,307.0,2023-08-15,Île-de-France,11,0
77080,D,D,maison,1972,46.0,290.0,2023-08-16,Île-de-France,11,0
95017,E,D,appartement,1968,50.8,569.0,2023-08-16,Île-de-France,11,0
78367,D,E,appartement,1986,155.4,296.0,2023-08-16,Île-de-France,11,0
78123,C,G,appartement,2010,55.2,213.0,2023-08-17,Île-de-France,11,0
77297,D,C,appartement,1993,85.5,193.0,2023-08-17,Île-de-France,11,0
78049,A,E,maison,2015,43.5,107.0,2023-08-17,Île-de-France,11,0
78113,D,D,appartement,1965,54.6,193.0,2023-08-17,Île-de-France,11,0
77377,F,E,appartement,1923,40.6,592.0,2023-08-18,Île-de-France,11,1
94092,E,E,maison,1981,41.8,388.0,2023-08-18,Île-de-France,11,0
95081,D,C,maison,1975,78.2,251.0,2023-08-18,Île-de-France,11,0
92348,D,F,maison,1992,276.8,167.0,2023-08-18,Île-de-France,11,0
95123,F,E,maison,1927,61.8,570.0,2023-08-19,Île-de-France,11,1
95276,G,F,appartement,1943,63.9,351.0,2023-08-19,Île-de-France,11,1
78194,C,E,appartement,2019,71.3,329.0,2023-08-19,Île-de-France,11,0
91043,D,B,maison,1993,58.8,324.0,2023-08-19,Île-de-France,11,0
95100,F,A,maison,1953,206.7,515.0,2023-08-20,Île-de-France,11,1
95092,F,E,appartement,1971,118.4,429.0,2023-08-20,Île-de-France,11,1
93065,B,F,maison,1995,78.8,92.0,2023-08-20,Île-de-France,11,0
92116,D,G,appartement,1986,64.0,254.0,2023-08-20,Île-de-France,11,0
95001,D,E,appartement,1977,140.3,316.0,2023-08-21,Île-de-France,11,0
78036,C,E,immeuble,2001,76.2,321.0,2023-08-21,Île-de-France,11,0
77046,C,D,appartement,2016,41.7,228.0,2023-08-21,Île-de-France,11,0
93218,D,E,maison,1974,44.7,176.0,2023-08-21,Île-de-France,11,0
91117,E,C,maison,1985,40.9,600.0,2023-08-22,Île-de-France,11,0
93393,C,D,maison,2016,67.0,195.0,2023-08-22,Île-de-France,11,0
93193,D,G,appartement,1981,97.6,228.0,2023-08-22,Île-de-France,11,0
78231,D,F,appartement,1979,32.4,286.0,2023-08-22,Île-de-France,11,0
91120,B,F,appartement,2005,106.5,127.0,2023-08-23,Île-de-France,11,0
91016,E,D,appartement,1991,70.2,407.0,2023-08-23,Île-de-France,11,0
95019,C,F,appartement,2010,42.3,257.0,2023-08-23,Île-de-France,11,0
92257,F,E,maison,1935,59.3,530.0,2023-08-23,Île-de-France,11,1
93307,D,F,maison,1965,69.2,271.0,2023-08-24,Île-de-France,11,0
94185,A,B,maison,1992,71.5,94.0,2023-08-24,Île-de-France,11,0
91192,E,F,appartement,1969,68.7,588.0,2023-08-24,Île-de-France,11,0
91188,G,B,appartement,1940,46.9,596.0,2023-08-24,Île-de-France,11,1
94147,E,D,maison,1975,24.2,681.0,2023-08-25,Île-de-France,11,0
75124,C,A,maison,2014,166.8,303.0,2023-08-25,Île-de-France,11,0
77002,D,D,appartement,1967,55.0,218.0,2023-08-25,Île-de-France,11,0
94015,E,F,maison,1987,78.4,406.0,2023-08-25,Île-de-France,11,0
93221,D,E,maison,1982,254.7,271.0,2023-08-26,Île-de-France,11,0
77272,G,C,appartement,1934,147.9,660.0,2023-08-26,Île-de-France,11,1
93174,F,C,maison,1957,173.5,524.0,2023-08-26,Île-de-France,11,1
91133,E,D,maison,1975,59.0,557.0,2023-08-26,Île-de-France,11,0
77127,D,E,maison,1979,171.7,316.0,2023-08-27,Île-de-France,11,0
93254,G,G,appartement,1932,18.0,364.0,2023-08-27,Île-de-France,11,1
77269,F,C,appartement,1935,60.2,338.0,2023-08-27,Île-de-France,11,1
77235,G,E,maison,1940,108.4,690.0,2023-08-28,Île-de-France,11,1
92103,D,E,maison,1990,50.3,318.0,2023-08-28,Île-de-France,11,0
95123,E,E,maison,1978,53.9,452.0,2023-08-28,Île-de-France,11,0
92327,G,E,appartement,1950,69.0,393.0,2023-08-28,Île-de-France,11,1
78077,D,D,appartement,1972,240.1,176.0,2023-08-29,Île-de-France,11,0
93188,C,B,maison,1994,197.6,235.0,2023-08-29,Île-de-France,11,0
92334,F,E,appartement,1924,55.8,594.0,2023-08-29,Île-de-France,11,1
93174,C,C,appartement,1992,35.5,291.0,2023-08-29,Île-de-France,11,0
77159,E,G,maison,1976,95.8,642.0,2023-08-30,Île-de-France,11,0
77260,C,G,maison,2009,48.2,245.0,2023-08-30,Île-de-France,11,0
75049,C,D,appartement,1998,114.2,262.0,2023-08-30,Île-de-France,11,0
93144,E,D,appartement,1992,82.9,509.0,2023-08-30,Île-de-France,11,0
93052,D,G,immeuble,1970,87.3,164.0,2023-08-31,Île-de-France,11,0
94109,D,F,maison,1970,57.0,179.0,2023-08-31,Île-de-France,11,0
95079,B,E,appartement,1989,24.4,58.0,2023-08-31,Île-de-France,11,0
91110,E,E,appartement,1981,74.0,691.0,2023-08-31,Île-de-France,11,0
77140,C,E,maison,1990,26.9,297.0,2023-09-01,Île-de-France,11,0
95145,C,A,maison,2009,81.1,159.0,2023-09-01,Île-de-France,11,0
91117,E,B,appartement,1991,205.8,645.0,2023-09-01,Île-de-France,11,0
91068,G,D,maison,1931,71.1,425.0,2023-09-01,Île-de-France,11,1
93290,E,E,maison,1968,89.8,360.0,2023-09-02,Île-de-France,11,0
95339,C,D,immeuble,2006,49.3,201.0,2023-09-02,Île-de-France,11,0
78037,C,D,appartement,1987,37.9,157.0,2023-09-02,Île-de-France,11,0
93078,F,D,maison,1941,57.4,411.0,2023-09-02,Île-de-France,11,1
93194,D,A,appartement,1977,121.2,245.0,2023-09-03,Île-de-France,11,0
95353,A,B,maison,2010,51.3,88.0,2023-09-03,Île-de-France,11,0
95364,D,F,appartement,1993,113.1,261.0,2023-09-03,Île-de-France,11,0
93218,D,C,maison,1991,49.0,216.0,2023-09-03,Île-de-France,11,0
95355,D,E,appartement,1969,55.1,320.0,2023-09-04,Île-de-France,11,0
94135,C,E,immeuble,1998,157.2,308.0,2023-09-04,Île-de-France,11,0
91308,C,E,maison,1992,46.9,261.0,2023-09-04,Île-de-France,11,0
95133,F,E,appartement,1940,86.6,513.0,2023-09-04,Île-de-France,11,1
93080,F,E,maison,1923,134.6,517.0,2023-09-05,Île-de-France,11,1
92216,E,G,immeuble,1977,37.9,628.0,2023-09-05,Île-de-France,11,0
93346,E,D,appartement,1985,45.8,349.0,2023-09-05,Île-de-France,11,0
91267,D,E,maison,1987,83.9,204.0,2023-09-05,Île-de-France,11,0
94393,D,C,maison,1991,105.9,306.0,2023-09-06,Île-de-France,11,0
93077,G,F,appartement,1938,53.2,463.0,2023-09-06,Île-de-France,11,1
94030,C,C,maison,2015,42.7,200.0,2023-09-06,Île-de-France,11,0
94120,C,G,maison,2001,34.7,180.0,2023-09-06,Île-de-France,11,0
77279,G,E,maison,1920,61.3,618.0,2023-09-07,Île-de-France,11,1
77302,C,F,appartement,2004,197.5,305.0,2023-09-07,Île-de-France,11,0
92019,D,D,maison,1984,44.1,202.0,2023-09-07,Île-de-France,11,0
77107,E,C,appartement,1971,86.1,656.0,2023-09-08,Île-de-France,11,0
94140,D,G,maison,1973,52.6,273.0,2023-09-08,Île-de-France,11,0
94320,E,D,appartement,1980,20.3,570.0,2023-09-08,Île-de-France,11,0
91147,C,C,appartement,2004,93.2,251.0,2023-09-08,Île-de-France,11,0
91370,C,E,maison,2016,76.8,265.0,2023-09-09,Île-de-France,11,0
75009,E,G,maison,1994,98.0,682.0,2023-09-09,Île-de-France,11,0
91223,G,C,appartement,1922,109.2,560.0,2023-09-09,Île-de-France,11,1
78118,C,D,maison,1996,114.4,210.0,2023-09-09,Île-de-France,11,0
91367,C,F,maison,2003,118.4,154.0,2023-09-10,Île-de-France,11,0
92331,E,E,appartement,1975,29.8,452.0,2023-09-10,Île-de-France,11,0
95005,F,C,appartement,1953,37.2,543.0,2023-09-10,Île-de-France,11,1
93383,E,C,maison,1978,66.1,655.0,2023-09-10,Île-de-France,11,0
93011,B,C,maison,1993,54.2,54.0,2023-09-11,Île-de-France,11,0
92073,D,E,maison,1989,50.5,218.0,2023-09-11,Île-de-France,11,0
91352,G,C,maison,1933,78.8,473.0,2023-09-11,Île-de-France,11,1
75092,D,C,maison,1989,107.4,277.0,2023-09-11,Île-de-France,11,0
92136,C,E,maison,2012,92.3,180.0,2023-09-12,Île-de-France,11,0
78154,C,D,appartement,2016,36.1,213.0,2023-09-12,Île-de-France,11,0
91239,F,E,appartement,1950,220.8,388.0,2023-09-12,Île-de-France,11,1
75004,E,D,immeuble,1982,90.3,419.0,2023-09-12,Île-de-France,11,0
91304,F,E,maison,1945,51.1,543.0,2023-09-13,Île-de-France,11,1
93346,G,D,maison,1947,111.2,404.0,2023-09-13,Île-de-France,11,1
93177,D,G,maison,1968,38.1,271.0,2023-09-13,Île-de-France,11,0
95223,G,E,maison,1930,34.9,394.0,2023-09-13,Île-de-France,11,1
77001,G,D,appartement,1949,72.3,564.0,2023-09-14,Île-de-France,11,1
78247,C,F,maison,2010,80.4,306.0,2023-09-14,Île-de-France,11,0
91311,C,F,maison,2010,53.2,247.0,2023-09-14,Île-de-France,11,0
95374,D,D,maison,1982,91.1,224.0,2023-09-14,Île-de-France,11,0
78287,E,C,appartement,1981,67.4,568.0,2023-09-15,Île-de-France,11,0
78365,C,C,appartement,1992,78.1,192.0,2023-09-15,Île-de-France,11,0
93047,C,F,maison,1999,82.2,278.0,2023-09-15,Île-de-France,11,0
94114,E,F,maison,1982,53.2,478.0,2023-09-15,Île-de-France,11,0
78370,F,E,maison,1969,115.8,460.0,2023-09-16,Île-de-France,11,1
91249,E,F,maison,1982,62.4,649.0,2023-09-16,Île-de-France,11,0
78065,A,D,appartement,1993,19.8,65.0,2023-09-16,Île-de-France,11,0
77161,D,D,maison,1986,49.9,156.0,2023-09-16,Île-de-France,11,0
77218,F,C,maison,1969,183.9,425.0,2023-09-17,Île-de-France,11,1
94373,E,A,appartement,1983,44.2,510.0,2023-09-17,Île-de-France,11,0
91310,D,D,maison,1990,78.6,187.0,2023-09-17,Île-de-France,11,0
91213,D,E,maison,1987,114.2,248.0,2023-09-18,Île-de-France,11,0
75089,E,D,appartement,1990,44.4,436.0,2023-09-18,Île-de-France,11,0
78191,C,F,appartement,1990,45.7,174.0,2023-09-18,Île-de-France,11,0
91259,E,E,appartement,1984,72.3,697.0,2023-09-18,Île-de-France,11,0
75122,D,G,maison,1985,49.6,326.0,2023-09-19,Île-de-France,11,0
78272,D,E,maison,1973,50.4,298.0,2023-09-19,Île-de-France,11,0
91041,D,E,maison,1985,37.8,307.0,2023-09-19,Île-de-France,11,0
77092,C,A,appartement,1987,32.4,157.0,2023-09-19,Île-de-France,11,0
92151,G,C,appartement,1927,139.7,439.0,2023-09-20,Île-de-France,11,1
92285,B,E,immeuble,1990,77.9,135.0,2023-09-20,Île-de-France,11,0
95046,C,E,appartement,2004,45.0,279.0,2023-09-20,Île-de-France,11,0
95172,G,D,maison,1929,133.0,354.0,2023-09-20,Île-de-France,11,1
92301,D,G,appartement,1970,121.2,309.0,2023-09-21,Île-de-France,11,0
94085,C,B,maison,2014,38.1,261.0,2023-09-21,Île-de-France,11,0
94366,D,E,maison,1989,56.8,281.0,2023-09-21,Île-de-France,11,0
91252,C,F,maison,2006,44.7,232.0,2023-09-21,Île-de-France,11,0
92341,E,A,appartement,1990,111.2,478.0,2023-09-22,Île-de-France,11,0
93289,E,D,maison,1968,24.3,565.0,2023-09-22,Île-de-France,11,0
95346,A,F,maison,2005,46.6,144.0,2023-09-22,Île-de-France,11,0
93012,D,E,appartement,1993,40.8,235.0,2023-09-22,Île-de-France,11,0
78203,D,G,maison,1969,70.2,286.0,2023-09-23,Île-de-France,11,0
78181,D,D,immeuble,1985,101.1,217.0,2023-09-23,Île-de-France,11,0
92152,C,E,maison,1993,59.6,216.0,2023-09-23,Île-de-France,11,0
77032,E,F,maison,1986,166.0,658.0,2023-09-23,Île-de-France,11,0
92089,G,B,appartement,1923,32.7,599.0,2023-09-24,Île-de-France,11,1
77302,E,G,maison,1994,24.1,645.0,2023-09-24,Île-de-France,11,0
91242,E,A,appartement,1987,40.0,606.0,2023-09-24,Île-de-France,11,0
78179,C,C,appartement,2019,70.8,177.0,2023-09-24,Île-de-France,11,0
91175,C,C,maison,1990,143.7,232.0,2023-09-25,Île-de-France,11,0
94295,C,F,maison,1993,85.1,216.0,2023-09-25,Île-de-France,11,0
92265,F,C,appartement,1930,30.5,588.0,2023-09-25,Île-de-France,11,1
93047,E,D,appartement,1973,34.9,476.0,2023-09-25,Île-de-France,11,0
91155,G,F,maison,1927,35.5,542.0,2023-09-26,Île-de-France,11,1
77076,E,C,appartement,1978,44.2,666.0,2023-09-26,Île-de-France,11,0
77323,G,G,maison,1960,96.0,520.0,2023-09-26,Île-de-France,11,1
92045,D,D,maison,1965,49.6,300.0,2023-09-26,Île-de-France,11,0
77323,E,G,appartement,1987,41.0,361.0,2023-09-27,Île-de-France,11,0
75085,F,D,appartement,1951,24.4,443.0,2023-09-27,Île-de-France,11,1
91148,G,B,appartement,1973,65.4,477.0,2023-09-27,Île-de-France,11,1
95197,F,E,appartement,1926,95.5,675.0,2023-09-27,Île-de-France,11,1
92233,D,B,appartement,1966,18.0,235.0,2023-09-28,Île-de-France,11,0
92037,D,E,maison,1992,62.3,219.0,2023-09-28,Île-de-France,11,0
92061,E,F,appartement,1984,107.9,448.0,2023-09-28,Île-de-France,11,0
92286,F,E,maison,1959,68.8,336.0,2023-09-29,Île-de-France,11,1
75010,D,A,appartement,1981,107.8,310.0,2023-09-29,Île-de-France,11,0
91120,C,C,appartement,2005,86.7,186.0,2023-09-29,Île-de-France,11,0
95117,G,E,maison,1945,53.3,568.0,2023-09-29,Île-de-France,11,1
92113,E,C,maison,1970,186.7,652.0,2023-09-30,Île-de-France,11,0
95196,E,E,appartement,1975,47.8,486.0,2023-09-30,Île-de-France,11,0
93170,F,F,appartement,1955,65.3,447.0,2023-09-30,Île-de-France,11,1
92106,E,E,appartement,1977,23.3,582.0,2023-09-30,Île-de-France,11,0
75049,D,C,maison,1992,103.5,181.0,2023-10-01,Île-de-France,11,0
92224,D,F,appartement,1976,39.6,220.0,2023-10-01,Île-de-France,11,0
94228,C,E,appartement,2008,63.2,230.0,2023-10-01,Île-de-France,11,0
75134,E,D,appartement,1990,71.0,643.0,2023-10-01,Île-de-France,11,0
75121,D,F,maison,1966,38.2,221.0,2023-10-02,Île-de-France,11,0
95364,D,E,appartement,1974,68.1,292.0,2023-10-02,Île-de-France,11,0
91204,A,E,maison,2005,50.2,56.0,2023-10-02,Île-de-France,11,0
77396,C,F,maison,2019,117.1,253.0,2023-10-02,Île-de-France,11,0
94234,F,C,immeuble,1950,38.8,349.0,2023-10-03,Île-de-France,11,1
75017,D,G,appartement,1976,45.0,290.0,2023-10-03,Île-de-France,11,0
93361,D,B,appartement,1984,102.3,278.0,2023-10-03,Île-de-France,11,0
78096,C,C,maison,1993,98.1,253.0,2023-10-03,Île-de-France,11,0
94078,E,E,maison,1989,35.9,565.0,2023-10-04,Île-de-France,11,0
95197,C,B,appartement,2004,63.9,206.0,2023-10-04,Île-de-France,11,0
92254,D,D,maison,1966,71.6,255.0,2023-10-04,Île-de-France,11,0
91033,G,C,maison,1936,51.2,688.0,2023-10-04,Île-de-France,11,1
95087,A,A,maison,2001,95.5,72.0,2023-10-05,Île-de-France,11,0
78352,B,E,appartement,2016,55.6,69.0,2023-10-05,Île-de-France,11,0
91256,F,D,maison,1923,38.4,460.0,2023-10-05,Île-de-France,11,1
92107,D,D,maison,1969,112.6,154.0,2023-10-05,Île-de-France,11,0
77381,E,C,appartement,1980,49.0,533.0,2023-10-06,Île-de-France,11,0
78310,D,G,maison,1986,128.6,214.0,2023-10-06,Île-de-France,11,0
93122,E,C,appartement,1972,83.1,573.0,2023-10-06,Île-de-France,11,0
92127,D,D,appartement,1988,33.0,230.0,2023-10-06,Île-de-France,11,0
78211,G,F,appartement,1946,109.1,515.0,2023-10-07,Île-de-France,11,1
92077,E,F,maison,1983,60.3,690.0,2023-10-07,Île-de-France,11,0
91216,D,F,appartement,1969,40.4,249.0,2023-10-07,Île-de-France,11,0
78267,C,G,appartement,2003,190.8,273.0,2023-10-07,Île-de-France,11,0
77314,F,C,immeuble,1927,39.0,360.0,2023-10-08,Île-de-France,11,1
92257,F,A,maison,1925,98.7,609.0,2023-10-08,Île-de-France,11,1
93091,D,F,appartement,1979,38.9,321.0,2023-10-08,Île-de-France,11,0
75053,G,D,immeuble,1951,107.2,449.0,2023-10-08,Île-de-France,11,1
91333,B,D,appartement,2018,138.0,131.0,2023-10-09,Île-de-France,11,0
94297,G,C,maison,1945,166.4,446.0,2023-10-09,Île-de-France,11,1
91115,D,G,appartement,1991,92.9,234.0,2023-10-09,Île-de-France,11,0
75109,D,C,maison,1987,48.1,236.0,2023-10-10,Île-de-France,11,0
93329,A,F,appartement,2001,26.0,101.0,2023-10-10,Île-de-France,11,0
78270,F,C,maison,1969,42.6,475.0,2023-10-10,Île-de-France,11,1
75136,F,G,immeuble,1933,89.8,632.0,2023-10-10,Île-de-France,11,1
95045,D,E,appartement,1972,121.1,210.0,2023-10-11,Île-de-France,11,0
78390,A,B,maison,2000,93.4,100.0,2023-10-11,Île-de-France,11,0
78325,B,D,appartement,2003,37.1,73.0,2023-10-11,Île-de-France,11,0
92052,D,E,maison,1979,63.3,203.0,2023-10-11,Île-de-France,11,0
78032,C,C,immeuble,2007,310.2,156.0,2023-10-12,Île-de-France,11,0
92348,F,C,appartement,1956,43.3,360.0,2023-10-12,Île-de-France,11,1
92203,D,D,maison,1978,80.3,259.0,2023-10-12,Île-de-France,11,0
95298,B,F,appartement,2018,65.5,120.0,2023-10-12,Île-de-France,11,0
95345,A,E,maison,1999,141.6,118.0,2023-10-13,Île-de-France,11,0
93353,E,E,maison,1980,76.9,564.0,2023-10-13,Île-de-France,11,0
77086,D,F,maison,1980,71.0,327.0,2023-10-13,Île-de-France,11,0
93076,D,F,appartement,1981,117.9,224.0,2023-10-13,Île-de-France,11,0
78395,G,F,appartement,1957,28.5,519.0,2023-10-14,Île-de-France,11,1
95080,C,D,maison,2012,59.9,286.0,2023-10-14,Île-de-France,11,0
92130,D,D,appartement,1979,74.2,305.0,2023-10-14,Île-de-France,11,0
77392,F,C,maison,1965,40.1,624.0,2023-10-14,Île-de-France,11,1
94324,G,E,maison,1945,85.5,684.0,2023-10-15,Île-de-France,11,1
93352,D,G,appartement,1980,132.7,295.0,2023-10-15,Île-de-France,11,0
78270,F,G,maison,1971,115.1,594.0,2023-10-15,Île-de-France,11,1
91115,D,C,appartement,1983,83.7,317.0,2023-10-15,Île-de-France,11,0
91236,D,D,maison,1994,101.3,293.0,2023-10-16,Île-de-France,11,0
78194,E,C,appartement,1979,30.5,508.0,2023-10-16,Île-de-France,11,0
94024,F,D,maison,1951,122.8,609.0,2023-10-16,Île-de-France,11,1
93071,B,F,maison,1986,50.4,81.0,2023-10-16,Île-de-France,11,0
94314,C,D,appartement,1987,111.2,270.0,2023-10-17,Île-de-France,11,0
93359,D,E,appartement,1980,91.7,280.0,2023-10-17,Île-de-France,11,0
92013,F,D,appartement,1972,65.0,621.0,2023-10-17,Île-de-France,11,1
94397,E,B,appartement,1978,34.6,692.0,2023-10-17,Île-de-France,11,0
92020,D,D,appartement,1971,95.2,320.0,2023-10-18,Île-de-France,11,0
92288,D,B,maison,1986,47.6,250.0,2023-10-18,Île-de-France,11,0
95340,D,D,maison,1971,79.6,257.0,2023-10-18,Île-de-France,11,0
92270,F,A,maison,1954,199.5,513.0,2023-10-18,Île-de-France,11,1
91394,E,E,maison,1985,85.3,366.0,2023-10-19,Île-de-France,11,0
91291,B,E,maison,1985,74.7,65.0,2023-10-19,Île-de-France,11,0
95357,G,F,maison,1941,39.5,459.0,2023-10-19,Île-de-France,11,1
91062,F,D,maison,1971,85.4,378.0,2023-10-19,Île-de-France,11,1
95382,E,D,appartement,1989,93.5,396.0,2023-10-20,Île-de-France,11,0
78193,E,F,immeuble,1967,36.8,620.0,2023-10-20,Île-de-France,11,0
77276,C,G,appartement,1989,56.0,239.0,2023-10-20,Île-de-France,11,0
77288,D,E,maison,1971,24.7,221.0,2023-10-21,Île-de-France,11,0
78149,F,E,maison,1922,54.6,495.0,2023-10-21,Île-de-France,11,1
78143,C,B,appartement,2004,43.2,189.0,2023-10-21,Île-de-France,11,0
95180,D,F,appartement,1983,100.7,328.0,2023-10-21,Île-de-France,11,0
91191,E,E,maison,1988,64.8,577.0,2023-10-22,Île-de-France,11,0
77042,C,C,maison,2009,56.5,175.0,2023-10-22,Île-de-France,11,0
78170,E,E,maison,1987,112.6,394.0,2023-10-22,Île-de-France,11,0
93384,G,F,appartement,1959,58.7,611.0,2023-10-22,Île-de-France,11,1
94398,D,C,appartement,1972,60.9,310.0,2023-10-23,Île-de-France,11,0
92203,D,E,maison,1979,90.7,211.0,2023-10-23,Île-de-France,11,0
78274,F,E,maison,1959,91.2,438.0,2023-10-23,Île-de-France,11,1
93121,A,E,maison,2001,112.4,63.0,2023-10-23,Île-de-France,11,0
95194,D,F,appartement,1973,20.7,262.0,2023-10-24,Île-de-France,11,0
93252,E,G,maison,1983,52.3,378.0,2023-10-24,Île-de-France,11,0
95039,C,F,appartement,2010,73.9,297.0,2023-10-24,Île-de-France,11,0
95242,B,B,maison,1988,26.6,109.0,2023-10-24,Île-de-France,11,0
92276,C,G,maison,2019,33.0,167.0,2023-10-25,Île-de-France,11,0
95092,C,F,maison,2012,54.0,175.0,2023-10-25,Île-de-France,11,0
92349,D,A,appartement,1965,34.4,170.0,2023-10-25,Île-de-France,11,0
77247,D,E,maison,1966,91.5,234.0,2023-10-25,Île-de-France,11,0
77003,F,D,maison,1942,94.7,548.0,2023-10-26,Île-de-France,11,1
78276,C,F,maison,2002,87.5,271.0,2023-10-26,Île-de-France,11,0
92012,G,G,maison,1962,105.2,478.0,2023-10-26,Île-de-France,11,1
75114,D,D,appartement,1966,67.9,301.0,2023-10-26,Île-de-France,11,0
93117,D,E,appartement,1978,127.5,299.0,2023-10-27,Île-de-France,11,0
92251,D,C,maison,1987,74.0,314.0,2023-10-27,Île-de-France,11,0
77183,D,F,appartement,1982,39.4,185.0,2023-10-27,Île-de-France,11,0
91152,E,D,appartement,1986,54.0,474.0,2023-10-27,Île-de-France,11,0
95256,E,E,maison,1975,87.9,589.0,2023-10-28,Île-de-France,11,0
91258,F,B,appartement,1948,136.6,691.0,2023-10-28,Île-de-France,11,1
75114,E,F,maison,1990,34.8,432.0,2023-10-28,Île-de-France,11,0
95176,F,E,maison,1949,99.4,515.0,2023-10-28,Île-de-France,11,1
93320,D,C,immeuble,1971,70.0,185.0,2023-10-29,Île-de-France,11,0
94126,F,F,maison,1949,29.5,501.0,2023-10-29,Île-de-France,11,1
77154,E,E,appartement,1966,114.2,383.0,2023-10-29,Île-de-France,11,0
92085,D,G,appartement,1976,33.0,202.0,2023-10-29,Île-de-France,11,0
92309,C,F,immeuble,1986,50.0,198.0,2023-10-30,Île-de-France,11,0
77271,C,A,maison,1985,45.9,328.0,2023-10-30,Île-de-France,11,0
92228,F,D,maison,1940,122.4,562.0,2023-10-30,Île-de-France,11,1
78188,E,E,appartement,1986,69.3,627.0,2023-10-30,Île-de-France,11,0
77252,C,B,maison,1987,54.0,197.0,2023-10-31,Île-de-France,11,0
94009,B,E,maison,1997,53.1,54.0,2023-10-31,Île-de-France,11,0
78208,D,F,appartement,1971,74.8,306.0,2023-10-31,Île-de-France,11,0
95207,E,E,appartement,1967,83.4,592.0,2023-11-01,Île-de-France,11,0
77092,B,F,appartement,1986,37.9,136.0,2023-11-01,Île-de-France,11,0
77320,E,B,maison,1978,86.6,684.0,2023-11-01,Île-de-France,11,0
94015,D,G,immeuble,1970,73.9,289.0,2023-11-01,Île-de-France,11,0
77242,B,G,maison,2013,66.1,68.0,2023-11-02,Île-de-France,11,0
78252,E,D,immeuble,1967,81.8,520.0,2023-11-02,Île-de-France,11,0
94182,E,C,appartement,1974,50.7,493.0,2023-11-02,Île-de-France,11,0
92106,G,F,appartement,1950,106.7,511.0,2023-11-02,Île-de-France,11,1
77045,D,G,appartement,1980,65.8,169.0,2023-11-03,Île-de-France,11,0
91230,C,E,maison,1991,33.5,180.0,2023-11-03,Île-de-France,11,0
94097,C,F,appartement,2005,98.9,289.0,2023-11-03,Île-de-France,11,0
94115,D,F,appartement,1994,108.9,244.0,2023-11-03,Île-de-France,11,0
91137,D,E,maison,1974,58.7,248.0,2023-11-04,Île-de-France,11,0
93240,D,D,appartement,1982,123.8,306.0,2023-11-04,Île-de-France,11,0
94360,E,G,appartement,1980,77.2,472.0,2023-11-04,Île-de-France,11,0
78145,G,E,appartement,1929,27.7,509.0,2023-11-04,Île-de-France,11,1
93230,C,G,appartement,2017,124.7,208.0,2023-11-05,Île-de-France,11,0
94100,D,E,immeuble,1981,37.8,293.0,2023-11-05,Île-de-France,11,0
94064,E,G,maison,1970,58.0,659.0,2023-11-05,Île-de-France,11,0
77360,C,G,maison,2014,92.5,204.0,2023-11-05,Île-de-France,11,0
94358,F,E,maison,1951,168.3,424.0,2023-11-06,Île-de-France,11,1
75048,B,E,maison,2012,110.4,133.0,2023-11-06,Île-de-France,11,0
92182,C,D,appartement,2007,52.7,325.0,2023-11-06,Île-de-France,11,0
77237,E,F,appartement,1992,171.5,434.0,2023-11-06,Île-de-France,11,0
95059,B,F,immeuble,1999,54.4,134.0,2023-11-07,Île-de-France,11,0
77374,F,C,appartement,1965,40.0,690.0,2023-11-07,Île-de-France,11,1
93083,F,E,maison,1970,30.7,594.0,2023-11-07,Île-de-France,11,1
77006,E,C,maison,1984,181.1,534.0,2023-11-07,Île-de-France,11,0
93110,D,G,appartement,1978,112.1,283.0,2023-11-08,Île-de-France,11,0
78394,D,B,appartement,1972,54.1,237.0,2023-11-08,Île-de-France,11,0
78077,C,F,maison,2016,60.0,257.0,2023-11-08,Île-de-France,11,0
93063,B,F,maison,1993,39.9,144.0,2023-11-08,Île-de-France,11,0
94245,C,F,maison,2007,54.0,303.0,2023-11-09,Île-de-France,11,0
93234,E,A,maison,1967,55.2,357.0,2023-11-09,Île-de-France,11,0
92040,E,E,maison,1984,95.5,400.0,2023-11-09,Île-de-France,11,0
93353,C,E,maison,2010,66.3,292.0,2023-11-09,Île-de-France,11,0
91394,D,D,appartement,1993,29.7,293.0,2023-11-10,Île-de-France,11,0
77152,C,C,appartement,1993,92.0,177.0,2023-11-10,Île-de-France,11,0
95151,D,E,maison,1975,49.3,159.0,2023-11-10,Île-de-France,11,0
94089,E,D,appartement,1992,127.2,331.0,2023-11-10,Île-de-France,11,0
78210,E,F,maison,1994,76.7,477.0,2023-11-11,Île-de-France,11,0
93192,C,F,appartement,1985,80.6,263.0,2023-11-11,Île-de-France,11,0
75086,G,F,maison,1967,41.6,510.0,2023-11-11,Île-de-France,11,1
92288,E,G,appartement,1971,87.1,349.0,2023-11-12,Île-de-France,11,0
94193,E,D,appartement,1986,132.0,622.0,2023-11-12,Île-de-France,11,0
78170,F,F,maison,1934,78.7,655.0,2023-11-12,Île-de-France,11,1
78234,E,E,appartement,1990,59.5,572.0,2023-11-12,Île-de-France,11,0
78039,D,F,maison,1989,101.7,224.0,2023-11-13,Île-de-France,11,0
75143,E,F,maison,1980,142.8,427.0,2023-11-13,Île-de-France,11,0
75125,F,F,maison,1924,69.2,524.0,2023-11-13,Île-de-France,11,1
95347,D,E,maison,1980,64.4,206.0,2023-11-13,Île-de-France,11,0
78083,E,E,appartement,1980,39.0,340.0,2023-11-14,Île-de-France,11,0
92274,C,F,appartement,2000,52.7,192.0,2023-11-14,Île-de-France,11,0
91004,C,G,appartement,2005,72.7,209.0,2023-11-14,Île-de-France,11,0
77062,C,G,appartement,1990,78.4,313.0,2023-11-14,Île-de-France,11,0
78146,D,A,appartement,1972,48.2,327.0,2023-11-15,Île-de-France,11,0
95327,F,G,immeuble,1945,52.6,436.0,2023-11-15,Île-de-France,11,1
77391,E,A,appartement,1967,65.9,511.0,2023-11-15,Île-de-France,11,0
93111,D,F,maison,1980,73.7,164.0,2023-11-15,Île-de-France,11,0
91020,D,E,appartement,1965,100.3,181.0,2023-11-16,Île-de-France,11,0
93319,C,D,appartement,2007,57.2,203.0,2023-11-16,Île-de-France,11,0
77012,C,C,maison,1992,25.6,292.0,2023-11-16,Île-de-France,11,0
94105,D,E,appartement,1993,84.6,293.0,2023-11-16,Île-de-France,11,0
93399,D,F,appartement,1990,92.5,290.0,2023-11-17,Île-de-France,11,0
77340,D,D,appartement,1971,137.8,228.0,2023-11-17,Île-de-France,11,0
94032,D,B,appartement,1969,78.1,263.0,2023-11-17,Île-de-France,11,0
93324,B,E,maison,1996,66.5,72.0,2023-11-17,Île-de-France,11,0
78247,C,B,appartement,1988,42.0,315.0,2023-11-18,Île-de-France,11,0
77259,C,F,appartement,1998,140.4,233.0,2023-11-18,Île-de-France,11,0
94128,D,F,maison,1969,119.0,269.0,2023-11-18,Île-de-France,11,0
93075,C,G,maison,1985,34.3,181.0,2023-11-18,Île-de-France,11,0
92307,C,C,immeuble,2015,74.1,215.0,2023-11-19,Île-de-France,11,0
93106,A,A,appartement,2001,76.2,77.0,2023-11-19,Île-de-France,11,0
91074,F,E,maison,1922,36.3,659.0,2023-11-19,Île-de-France,11,1
95269,G,E,maison,1964,41.6,589.0,2023-11-19,Île-de-France,11,1
93176,E,B,maison,1971,97.2,630.0,2023-11-20,Île-de-France,11,0
77226,C,D,appartement,2000,41.3,198.0,2023-11-20,Île-de-France,11,0
75119,C,C,immeuble,2011,142.4,183.0,2023-11-20,Île-de-France,11,0
78018,E,E,maison,1979,43.5,665.0,2023-11-20,Île-de-France,11,0
78027,D,D,maison,1969,112.6,173.0,2023-11-21,Île-de-France,11,0
95171,E,F,maison,1988,176.6,433.0,2023-11-21,Île-de-France,11,0
77025,E,E,maison,1977,113.1,583.0,2023-11-21,Île-de-France,11,0
75003,G,F,maison,1930,95.7,538.0,2023-11-21,Île-de-France,11,1
77088,D,E,appartement,1989,60.5,152.0,2023-11-22,Île-de-France,11,0
75055,D,E,maison,1976,78.5,281.0,2023-11-22,Île-de-France,11,0
91020,G,C,appartement,1963,50.5,357.0,2023-11-22,Île-de-France,11,1
93012,E,B,maison,1972,126.4,520.0,2023-11-23,Île-de-France,11,0
93109,G,D,appartement,1921,54.4,344.0,2023-11-23,Île-de-France,11,1
92197,D,D,appartement,1980,88.9,260.0,2023-11-23,Île-de-France,11,0
77240,C,E,maison,2004,90.2,198.0,2023-11-23,Île-de-France,11,0
93295,D,E,appartement,1973,33.5,170.0,2023-11-24,Île-de-France,11,0
94021,D,E,appartement,1987,46.0,329.0,2023-11-24,Île-de-France,11,0
94277,D,D,maison,1988,103.8,166.0,2023-11-24,Île-de-France,11,0
94368,D,B,appartement,1993,63.0,159.0,2023-11-24,Île-de-France,11,0
94373,E,D,maison,1989,90.5,526.0,2023-11-25,Île-de-France,11,0
91104,D,F,appartement,1982,81.6,273.0,2023-11-25,Île-de-France,11,0
91080,D,F,maison,1965,165.7,311.0,2023-11-25,Île-de-France,11,0
77346,E,D,maison,1969,109.5,428.0,2023-11-25,Île-de-France,11,0
77340,A,E,appartement,2013,51.9,81.0,2023-11-26,Île-de-France,11,0
78224,C,F,appartement,1992,42.5,286.0,2023-11-26,Île-de-France,11,0
93019,C,D,maison,2016,30.5,154.0,2023-11-26,Île-de-France,11,0
75017,E,C,appartement,1983,72.7,687.0,2023-11-26,Île-de-France,11,0
93059,C,G,maison,1990,49.4,276.0,2023-11-27,Île-de-France,11,0
77112,F,F,appartement,1920,64.0,532.0,2023-11-27,Île-de-France,11,1
92262,C,C,immeuble,1993,64.7,255.0,2023-11-27,Île-de-France,11,0
75075,D,C,maison,1972,74.7,320.0,2023-11-27,Île-de-France,11,0
75015,B,G,appartement,2008,43.5,90.0,2023-11-28,Île-de-France,11,0
92289,G,G,appartement,1948,85.4,377.0,2023-11-28,Île-de-France,11,1
92382,A,A,appartement,1999,37.0,69.0,2023-11-28,Île-de-France,11,0
93005,E,G,maison,1993,146.7,663.0,2023-11-28,Île-de-France,11,0
77324,F,E,appartement,1938,56.8,526.0,2023-11-29,Île-de-France,11,1
91280,D,D,appartement,1978,86.3,285.0,2023-11-29,Île-de-France,11,0
78321,E,E,maison,1965,114.6,501.0,2023-11-29,Île-de-France,11,0
93116,D,F,maison,1993,71.2,157.0,2023-11-29,Île-de-France,11,0
92260,D,D,appartement,1978,51.8,255.0,2023-11-30,Île-de-France,11,0
75050,C,E,maison,1995,51.9,247.0,2023-11-30,Île-de-France,11,0
95055,F,G,maison,1939,40.5,333.0,2023-11-30,Île-de-France,11,1
77242,G,G,appartement,1963,110.0,638.0,2023-11-30,Île-de-France,11,1
78234,C,F,appartement,2008,119.0,324.0,2023-12-01,Île-de-France,11,0
92347,G,D,appartement,1923,27.8,507.0,2023-12-01,Île-de-France,11,1
92297,E,C,immeuble,1978,85.5,644.0,2023-12-01,Île-de-France,11,0
77263,F,E,appartement,1943,269.7,451.0,2023-12-01,Île-de-France,11,1
77169,D,C,appartement,1994,101.2,328.0,2023-12-02,Île-de-France,11,0
91026,C,D,immeuble,1990,117.0,247.0,2023-12-02,Île-de-France,11,0
91370,D,E,maison,1984,80.9,196.0,2023-12-02,Île-de-France,11,0
78220,E,F,appartement,1985,72.2,473.0,2023-12-02,Île-de-France,11,0
94121,D,B,appartement,1994,30.7,323.0,2023-12-03,Île-de-France,11,0
93158,E,D,maison,1981,68.1,460.0,2023-12-03,Île-de-France,11,0
75019,E,A,appartement,1967,49.0,434.0,2023-12-03,Île-de-France,11,0
95247,D,C,maison,1988,79.7,288.0,2023-12-04,Île-de-France,11,0
91321,D,D,maison,1972,80.4,203.0,2023-12-04,Île-de-France,11,0
91240,G,E,appartement,1949,38.5,490.0,2023-12-04,Île-de-France,11,1
92035,F,E,maison,1969,54.5,420.0,2023-12-04,Île-de-France,11,1
78130,A,F,appartement,2009,49.1,69.0,2023-12-05,Île-de-France,11,0
93100,F,E,appartement,1938,55.0,418.0,2023-12-05,Île-de-France,11,1
92123,A,D,maison,1993,161.2,97.0,2023-12-05,Île-de-France,11,0
94026,C,D,appartement,2004,53.4,281.0,2023-12-05,Île-de-France,11,0
75076,C,E,appartement,1988,89.2,231.0,2023-12-06,Île-de-France,11,0
78152,F,G,maison,1965,120.2,349.0,2023-12-06,Île-de-France,11,1
94260,E,F,maison,1967,50.3,512.0,2023-12-06,Île-de-France,11,0
94013,F,E,maison,1958,102.2,607.0,2023-12-06,Île-de-France,11,1
77207,G,F,appartement,1967,171.6,474.0,2023-12-07,Île-de-France,11,1
91394,D,C,appartement,1971,51.4,212.0,2023-12-07,Île-de-France,11,0
78323,D,D,maison,1966,33.5,277.0,2023-12-07,Île-de-France,11,0
95098,D,E,maison,1988,83.4,212.0,2023-12-07,Île-de-France,11,0
92275,D,D,appartement,1985,43.6,290.0,2023-12-08,Île-de-France,11,0
77284,B,D,appartement,2006,147.1,135.0,2023-12-08,Île-de-France,11,0
78062,E,F,maison,1976,97.8,482.0,2023-12-08,Île-de-France,11,0
93140,C,D,appartement,1998,36.3,242.0,2023-12-08,Île-de-France,11,0
92233,D,F,maison,1977,164.6,238.0,2023-12-09,Île-de-France,11,0
93382,F,E,maison,1953,45.9,364.0,2023-12-09,Île-de-France,11,1
92377,D,E,appartement,1969,66.9,164.0,2023-12-09,Île-de-France,11,0
93040,G,C,appartement,1940,89.7,690.0,2023-12-09,Île-de-France,11,1
94060,D,F,maison,1970,155.7,269.0,2023-12-10,Île-de-France,11,0
93297,E,E,appartement,1988,169.9,482.0,2023-12-10,Île-de-France,11,0
91111,D,E,appartement,1981,44.0,206.0,2023-12-10,Île-de-France,11,0
91137,B,D,appartement,2000,55.4,100.0,2023-12-10,Île-de-France,11,0
91376,E,F,appartement,1992,90.7,363.0,2023-12-11,Île-de-France,11,0
93322,D,D,appartement,1992,23.5,195.0,2023-12-11,Île-de-France,11,0
94154,E,G,maison,1986,102.7,464.0,2023-12-11,Île-de-France,11,0
92171,F,C,maison,1972,75.6,367.0,2023-12-11,Île-de-France,11,1
92169,C,B,maison,2014,37.4,223.0,2023-12-12,Île-de-France,11,0
77165,C,F,maison,2002,62.2,322.0,2023-12-12,Île-de-France,11,0
75115,F,G,maison,1928,92.4,508.0,2023-12-12,Île-de-France,11,1
92239,D,G,maison,1980,42.3,208.0,2023-12-12,Île-de-France,11,0
92218,E,D,maison,1983,75.3,392.0,2023-12-13,Île-de-France,11,0
91124,C,E,maison,2008,79.6,244.0,2023-12-13,Île-de-France,11,0
94059,D,D,maison,1983,55.5,180.0,2023-12-13,Île-de-France,11,0
91342,E,D,maison,1972,62.2,413.0,2023-12-13,Île-de-France,11,0
92172,D,E,maison,1966,64.7,303.0,2023-12-14,Île-de-France,11,0
78047,E,F,appartement,1993,60.0,392.0,2023-12-14,Île-de-France,11,0
92213,E,D,appartement,1982,22.7,621.0,2023-12-14,Île-de-France,11,0
75083,E,G,appartement,1972,73.4,415.0,2023-12-15,Île-de-France,11,0
94146,C,E,maison,2011,130.4,283.0,2023-12-15,Île-de-France,11,0
78252,C,D,appartement,1995,45.2,268.0,2023-12-15,Île-de-France,11,0
95025,B,C,appartement,1995,61.1,137.0,2023-12-15,Île-de-France,11,0
78261,D,F,maison,1986,43.2,202.0,2023-12-16,Île-de-France,11,0
77353,F,E,maison,1962,110.4,471.0,2023-12-16,Île-de-France,11,1
78320,D,D,maison,1966,76.3,159.0,2023-12-16,Île-de-France,11,0
93345,D,G,appartement,1984,131.7,317.0,2023-12-16,Île-de-France,11,0
94301,A,A,appartement,1986,95.1,75.0,2023-12-17,Île-de-France,11,0
91297,B,G,appartement,2008,146.8,125.0,2023-12-17,Île-de-France,11,0
93166,E,F,maison,1974,43.9,460.0,2023-12-17,Île-de-France,11,0
94233,C,E,maison,2016,23.7,316.0,2023-12-17,Île-de-France,11,0
77249,G,D,appartement,1962,65.1,436.0,2023-12-18,Île-de-France,11,1
91185,A,G,appartement,2016,68.4,116.0,2023-12-18,Île-de-France,11,0
91238,G,D,appartement,1942,53.9,347.0,2023-12-18,Île-de-France,11,1
95368,F,D,maison,1971,103.3,633.0,2023-12-18,Île-de-France,11,1
93122,D,C,maison,1990,54.2,170.0,2023-12-19,Île-de-France,11,0
78202,F,D,maison,1959,67.1,497.0,2023-12-19,Île-de-France,11,1
91017,C,F,appartement,2016,56.7,280.0,2023-12-19,Île-de-France,11,0
91208,C,G,maison,1989,44.2,180.0,2023-12-19,Île-de-France,11,0
93370,E,B,maison,1971,20.2,674.0,2023-12-20,Île-de-France,11,0
91076,E,F,maison,1982,84.1,519.0,2023-12-20,Île-de-France,11,0
78075,D,F,appartement,1981,33.6,298.0,2023-12-20,Île-de-France,11,0
94171,F,C,maison,1940,38.6,410.0,2023-12-20,Île-de-France,11,1
93003,E,E,appartement,1976,43.3,534.0,2023-12-21,Île-de-France,11,0
75122,E,G,appartement,1987,32.3,566.0,2023-12-21,Île-de-France,11,0
94325,D,E,maison,1966,80.9,195.0,2023-12-21,Île-de-France,11,0
95281,C,C,maison,2016,89.6,228.0,2023-12-21,Île-de-France,11,0
93037,G,D,appartement,1920,118.9,379.0,2023-12-22,Île-de-France,11,1
91298,D,E,maison,1992,93.2,317.0,2023-12-22,Île-de-France,11,0
91248,E,E,maison,1990,37.0,429.0,2023-12-22,Île-de-France,11,0
93378,E,D,appartement,1970,85.4,373.0,2023-12-22,Île-de-France,11,0
77103,D,D,maison,1985,74.1,211.0,2023-12-23,Île-de-France,11,0
77389,E,A,appartement,1989,41.0,427.0,2023-12-23,Île-de-France,11,0
78052,D,E,appartement,1985,113.8,258.0,2023-12-23,Île-de-France,11,0
95310,D,E,appartement,1984,76.1,215.0,2023-12-23,Île-de-France,11,0
93011,E,F,maison,1991,68.3,336.0,2023-12-24,Île-de-France,11,0
91209,D,E,appartement,1974,66.3,251.0,2023-12-24,Île-de-France,11,0
78250,E,C,maison,1970,52.2,406.0,2023-12-24,Île-de-France,11,0
95398,D,F,maison,1965,69.8,292.0,2023-12-24,Île-de-France,11,0
92348,G,F,maison,1935,78.0,605.0,2023-12-25,Île-de-France,11,1
77201,C,D,maison,1988,63.2,259.0,2023-12-25,Île-de-France,11,0
77106,E,D,appartement,1994,24.9,430.0,2023-12-25,Île-de-France,11,0
95044,G,F,maison,1972,57.7,689.0,2023-12-26,Île-de-France,11,1
78333,C,F,maison,2015,52.0,156.0,2023-12-26,Île-de-France,11,0
95337,D,B,appartement,1979,104.5,221.0,2023-12-26,Île-de-France,11,0
92227,E,F,maison,1983,29.5,539.0,2023-12-26,Île-de-France,11,0
94119,F,D,appartement,1950,82.9,562.0,2023-12-27,Île-de-France,11,1
95103,C,F,maison,1988,186.7,239.0,2023-12-27,Île-de-France,11,0
92068,E,C,appartement,1967,39.8,682.0,2023-12-27,Île-de-France,11,0
91322,B,D,appartement,2006,134.7,61.0,2023-12-27,Île-de-France,11,0
95003,B,A,immeuble,1993,109.4,140.0,2023-12-28,Île-de-France,11,0
78178,E,F,appartement,1971,122.2,634.0,2023-12-28,Île-de-France,11,0
78280,D,D,appartement,1985,101.5,280.0,2023-12-28,Île-de-France,11,0
92312,C,E,appartement,2019,66.4,322.0,2023-12-28,Île-de-France,11,0
95046,D,E,maison,1967,92.3,260.0,2023-12-29,Île-de-France,11,0
93369,B,C,appartement,2004,48.0,69.0,2023-12-29,Île-de-France,11,0
95243,A,D,appartement,2013,94.7,134.0,2023-12-29,Île-de-France,11,0
78070,E,G,maison,1994,99.3,457.0,2023-12-29,Île-de-France,11,0
91035,D,E,appartement,1989,75.2,313.0,2023-12-30,Île-de-France,11,0
92233,F,F,maison,1973,61.6,483.0,2023-12-30,Île-de-France,11,1
95037,C,B,appartement,2017,94.1,300.0,2023-12-30,Île-de-France,11,0
94204,C,E,immeuble,1997,41.9,207.0,2023-12-30,Île-de-France,11,0
91198,E,E,appartement,1967,63.4,641.0,2023-12-31,Île-de-France,11,0
95245,C,E,appartement,2017,60.2,276.0,2023-12-31,Île-de-France,11,0
93087,A,F,maison,1997,34.2,102.0,2023-12-31,Île-de-France,11,0
93037,E,C,appartement,1966,27.1,565.0,2023-12-31,Île-de-France,11,0
92156,C,F,immeuble,1997,72.0,221.0,2024-01-01,Île-de-France,11,0
77044,D,F,appartement,1973,41.9,181.0,2024-01-01,Île-de-France,11,0
78258,D,F,appartement,1965,148.8,266.0,2024-01-01,Île-de-France,11,0
92133,D,F,maison,1993,66.9,254.0,2024-01-01,Île-de-France,11,0
92002,C,E,maison,1988,74.4,248.0,2024-01-02,Île-de-France,11,0
78110,E,D,maison,1966,34.6,451.0,2024-01-02,Île-de-France,11,0
77280,E,F,appartement,1975,50.3,412.0,2024-01-02,Île-de-France,11,0
91106,D,F,maison,1991,54.8,216.0,2024-01-02,Île-de-France,11,0
91378,C,E,appartement,1989,58.8,320.0,2024-01-03,Île-de-France,11,0
78331,B,F,maison,1999,80.2,100.0,2024-01-03,Île-de-France,11,0
94352,E,F,maison,1985,44.9,555.0,2024-01-03,Île-de-France,11,0
94364,D,F,maison,1970,72.7,225.0,2024-01-03,Île-de-France,11,0
91156,F,G,maison,1953,67.4,456.0,2024-01-04,Île-de-France,11,1
78241,C,F,maison,2019,57.0,289.0,2024-01-04,Île-de-France,11,0
95038,F,D,maison,1972,41.5,475.0,2024-01-04,Île-de-France,11,1
78394,F,F,appartement,1937,107.4,567.0,2024-01-04,Île-de-France,11,1
92330,C,E,appartement,2012,52.6,201.0,2024-01-05,Île-de-France,11,0
78302,D,G,maison,1984,23.2,189.0,2024-01-05,Île-de-France,11,0
92053,A,C,maison,1986,30.2,101.0,2024-01-05,Île-de-France,11,0
95024,B,E,appartement,2016,47.2,99.0,2024-01-06,Île-de-France,11,0
91370,D,E,maison,1971,69.2,314.0,2024-01-06,Île-de-France,11,0
93369,G,E,maison,1927,110.6,674.0,2024-01-06,Île-de-France,11,1
78206,E,F,maison,1974,27.0,529.0,2024-01-06,Île-de-France,11,0
93216,D,G,appartement,1975,87.6,281.0,2024-01-07,Île-de-France,11,0
95221,D,D,appartement,1986,72.1,262.0,2024-01-07,Île-de-France,11,0
77271,C,E,appartement,2010,73.9,201.0,2024-01-07,Île-de-France,11,0
91143,F,E,maison,1973,104.1,644.0,2024-01-07,Île-de-France,11,1
77032,D,F,appartement,1983,58.7,264.0,2024-01-08,Île-de-France,11,0
78396,C,E,maison,2007,53.4,182.0,2024-01-08,Île-de-France,11,0
95244,D,E,maison,1973,72.0,158.0,2024-01-08,Île-de-France,11,0
91144,B,G,maison,1986,51.6,125.0,2024-01-08,Île-de-France,11,0
77108,E,G,appartement,1976,40.1,471.0,2024-01-09,Île-de-France,11,0
94346,C,E,maison,1987,34.6,222.0,2024-01-09,Île-de-France,11,0
95212,C,E,maison,1989,102.6,310.0,2024-01-09,Île-de-France,11,0
78117,G,C,appartement,1937,48.8,685.0,2024-01-09,Île-de-France,11,1
94159,B,E,maison,1992,68.3,111.0,2024-01-10,Île-de-France,11,0
77006,D,E,maison,1973,112.9,231.0,2024-01-10,Île-de-France,11,0
91132,E,E,maison,1978,132.0,455.0,2024-01-10,Île-de-France,11,0
92172,E,B,appartement,1973,66.0,616.0,2024-01-10,Île-de-France,11,0
91042,D,F,appartement,1989,159.2,167.0,2024-01-11,Île-de-France,11,0
93271,E,G,appartement,1992,70.7,592.0,2024-01-11,Île-de-France,11,0
95049,G,E,appartement,1937,74.1,417.0,2024-01-11,Île-de-France,11,1
92022,E,E,maison,1966,80.0,503.0,2024-01-11,Île-de-France,11,0
91181,F,D,maison,1965,55.4,402.0,2024-01-12,Île-de-France,11,1
95137,F,C,maison,1958,23.0,498.0,2024-01-12,Île-de-France,11,1
78359,F,F,appartement,1944,36.0,440.0,2024-01-12,Île-de-France,11,1
92173,C,E,appartement,1993,64.1,308.0,2024-01-12,Île-de-France,11,0
93183,C,A,appartement,1987,47.2,181.0,2024-01-13,Île-de-France,11,0
78063,C,D,maison,2017,51.8,213.0,2024-01-13,Île-de-France,11,0
92172,D,C,maison,1984,63.9,195.0,2024-01-13,Île-de-France,11,0
78116,F,D,maison,1948,76.6,506.0,2024-01-13,Île-de-France,11,1
91296,E,F,maison,1987,66.0,478.0,2024-01-14,Île-de-France,11,0
91199,D,F,maison,1969,60.2,180.0,2024-01-14,Île-de-France,11,0
95262,D,G,maison,1984,75.3,194.0,2024-01-14,Île-de-France,11,0
78374,D,E,maison,1965,62.0,175.0,2024-01-14,Île-de-France,11,0
75059,F,C,maison,1944,64.3,401.0,2024-01-15,Île-de-France,11,1
93297,C,D,appartement,2001,98.9,284.0,2024-01-15,Île-de-France,11,0
75131,F,G,maison,1948,68.1,452.0,2024-01-15,Île-de-France,11,1
94213,D,E,maison,1989,63.4,266.0,2024-01-15,Île-de-France,11,0
92212,E,E,maison,1983,69.2,622.0,2024-01-16,Île-de-France,11,0
77237,E,C,maison,1965,35.9,446.0,2024-01-16,Île-de-France,11,0
95345,D,F,maison,1978,29.0,308.0,2024-01-16,Île-de-France,11,0
94224,D,F,immeuble,1969,81.8,218.0,2024-01-17,Île-de-France,11,0
95209,D,D,immeuble,1977,49.9,231.0,2024-01-17,Île-de-France,11,0
94342,D,D,maison,1994,31.6,289.0,2024-01-17,Île-de-France,11,0
95210,C,F,appartement,2010,75.6,178.0,2024-01-17,Île-de-France,11,0
92074,E,G,appartement,1971,35.0,522.0,2024-01-18,Île-de-France,11,0
78076,E,D,appartement,1989,47.9,692.0,2024-01-18,Île-de-France,11,0
92064,D,D,appartement,1975,97.2,252.0,2024-01-18,Île-de-France,11,0
92186,G,G,appartement,1943,130.3,614.0,2024-01-18,Île-de-France,11,1
93208,F,G,maison,1948,79.5,556.0,2024-01-19,Île-de-France,11,1
94009,B,F,appartement,1991,58.3,68.0,2024-01-19,Île-de-France,11,0
92073,D,F,maison,1975,152.2,176.0,2024-01-19,Île-de-France,11,0
93339,B,E,appartement,1989,58.5,70.0,2024-01-19,Île-de-France,11,0
92276,E,D,appartement,1972,161.7,390.0,2024-01-20,Île-de-France,11,0
94258,A,E,immeuble,1997,108.6,102.0,2024-01-20,Île-de-France,11,0
91021,F,E,maison,1962,67.9,485.0,2024-01-20,Île-de-France,11,1
93121,D,G,appartement,1986,119.3,247.0,2024-01-20,Île-de-France,11,0
75113,D,D,maison,1974,80.9,266.0,2024-01-21,Île-de-France,11,0
91276,D,E,maison,1965,188.2,241.0,2024-01-21,Île-de-France,11,0
78191,D,C,appartement,1982,82.5,227.0,2024-01-21,Île-de-France,11,0
77349,D,D,appartement,1982,80.2,325.0,2024-01-21,Île-de-France,11,0
77089,B,E,appartement,1987,69.9,81.0,2024-01-22,Île-de-France,11,0
78169,D,D,maison,1993,33.0,203.0,2024-01-22,Île-de-France,11,0
93019,F,E,maison,1965,99.7,698.0,2024-01-22,Île-de-France,11,1
94086,E,D,appartement,1987,99.1,413.0,2024-01-22,Île-de-France,11,0
94331,D,D,maison,1969,97.9,312.0,2024-01-23,Île-de-France,11,0
93122,F,D,maison,1960,77.4,653.0,2024-01-23,Île-de-France,11,1
77140,B,B,appartement,2019,78.5,67.0,2024-01-23,Île-de-France,11,0
92097,C,F,maison,2016,71.2,241.0,2024-01-23,Île-de-France,11,0
78314,B,E,maison,2001,80.9,104.0,2024-01-24,Île-de-France,11,0
92323,C,C,maison,2006,68.8,328.0,2024-01-24,Île-de-France,11,0
93077,E,B,maison,1983,82.1,427.0,2024-01-24,Île-de-France,11,0
78218,E,E,maison,1980,66.7,519.0,2024-01-24,Île-de-France,11,0
91152,B,B,appartement,2006,53.9,58.0,2024-01-25,Île-de-France,11,0
92338,D,D,appartement,1979,72.7,171.0,2024-01-25,Île-de-France,11,0
95398,D,B,appartement,1973,64.3,296.0,2024-01-25,Île-de-France,11,0
92043,E,E,appartement,1969,94.8,610.0,2024-01-25,Île-de-France,11,0
92254,D,E,maison,1991,76.2,237.0,2024-01-26,Île-de-France,11,0
77356,C,G,maison,2018,73.8,312.0,2024-01-26,Île-de-France,11,0
95065,B,E,appartement,1987,108.9,81.0,2024-01-26,Île-de-France,11,0
92270,F,F,appartement,1960,155.4,443.0,2024-01-26,Île-de-France,11,1
78140,G,E,maison,1972,102.7,459.0,2024-01-27,Île-de-France,11,1
93294,D,F,maison,1978,25.3,298.0,2024-01-27,Île-de-France,11,0
92050,D,F,maison,1982,52.9,190.0,2024-01-27,Île-de-France,11,0
95182,E,E,appartement,1989,76.6,333.0,2024-01-28,Île-de-France,11,0
95228,E,D,appartement,1993,75.5,555.0,2024-01-28,Île-de-France,11,0
94234,D,E,maison,1984,58.7,252.0,2024-01-28,Île-de-France,11,0
92090,E,F,maison,1984,93.2,450.0,2024-01-28,Île-de-France,11,0
95327,E,G,maison,1990,112.8,417.0,2024-01-29,Île-de-France,11,0
77137,A,E,maison,1991,193.6,63.0,2024-01-29,Île-de-France,11,0
93287,C,F,maison,1989,92.1,218.0,2024-01-29,Île-de-France,11,0
78232,C,C,appartement,1990,32.3,208.0,2024-01-29,Île-de-France,11,0
94236,C,F,immeuble,1990,48.3,182.0,2024-01-30,Île-de-France,11,0
92206,C,E,appartement,2012,71.2,156.0,2024-01-30,Île-de-France,11,0
92041,D,F,appartement,1993,78.6,254.0,2024-01-30,Île-de-France,11,0
91395,C,E,appartement,2002,126.8,239.0,2024-01-30,Île-de-France,11,0
93091,E,E,maison,1992,59.4,396.0,2024-01-31,Île-de-France,11,0
95005,F,C,appartement,1964,90.6,567.0,2024-01-31,Île-de-France,11,1
93344,B,C,maison,2013,72.1,122.0,2024-01-31,Île-de-France,11,0
93236,G,B,maison,1948,44.0,620.0,2024-01-31,Île-de-France,11,1
78300,C,C,appartement,2008,73.9,158.0,2024-02-01,Île-de-France,11,0
78127,B,F,immeuble,2015,166.7,53.0,2024-02-01,Île-de-France,11,0
78053,G,B,maison,1965,85.2,623.0,2024-02-01,Île-de-France,11,1
91097,D,C,appartement,1977,58.6,288.0,2024-02-01,Île-de-France,11,0
94188,F,E,appartement,1942,95.5,348.0,2024-02-02,Île-de-France,11,1
95350,F,E,maison,1974,51.3,403.0,2024-02-02,Île-de-France,11,1
92109,G,C,maison,1961,69.9,428.0,2024-02-02,Île-de-France,11,1
94227,D,F,maison,1976,62.5,225.0,2024-02-02,Île-de-France,11,0
95080,D,C,maison,1972,57.5,268.0,2024-02-03,Île-de-France,11,0
77084,C,B,maison,1994,68.5,299.0,2024-02-03,Île-de-France,11,0
93203,C,D,appartement,2012,62.4,246.0,2024-02-03,Île-de-France,11,0
93302,G,D,maison,1974,96.9,444.0,2024-02-03,Île-de-France,11,1
93036,E,F,maison,1973,101.7,643.0,2024-02-04,Île-de-France,11,0
92238,D,G,appartement,1983,115.9,296.0,2024-02-04,Île-de-France,11,0
93399,C,F,appartement,2005,77.0,308.0,2024-02-04,Île-de-France,11,0
94078,B,G,maison,2012,75.0,53.0,2024-02-04,Île-de-France,11,0
95120,F,B,appartement,1934,46.7,673.0,2024-02-05,Île-de-France,11,1
95373,D,B,appartement,1986,21.4,327.0,2024-02-05,Île-de-France,11,0
75116,D,E,appartement,1973,27.0,314.0,2024-02-05,Île-de-France,11,0
78330,F,C,maison,1959,52.7,418.0,2024-02-05,Île-de-France,11,1
95128,D,D,maison,1976,39.6,287.0,2024-02-06,Île-de-France,11,0
78125,E,F,maison,1988,57.8,343.0,2024-02-06,Île-de-France,11,0
94170,C,E,appartement,2019,73.7,195.0,2024-02-06,Île-de-France,11,0
77124,C,D,maison,2003,84.8,327.0,2024-02-06,Île-de-France,11,0
92232,E,F,appartement,1985,21.8,560.0,2024-02-07,Île-de-France,11,0
91198,E,B,appartement,1974,75.4,629.0,2024-02-07,Île-de-France,11,0
94306,F,G,maison,1920,53.3,449.0,2024-02-07,Île-de-France,11,1
92245,D,B,maison,1974,101.0,230.0,2024-02-08,Île-de-France,11,0
91270,B,F,maison,1999,108.6,105.0,2024-02-08,Île-de-France,11,0
94035,C,D,appartement,2001,68.9,319.0,2024-02-08,Île-de-France,11,0
78374,C,C,appartement,1994,60.4,167.0,2024-02-08,Île-de-France,11,0
93052,B,E,appartement,1986,113.3,118.0,2024-02-09,Île-de-France,11,0
93041,E,F,maison,1977,36.1,646.0,2024-02-09,Île-de-France,11,0
94170,E,G,appartement,1973,79.2,672.0,2024-02-09,Île-de-France,11,0
93087,G,D,appartement,1922,44.7,494.0,2024-02-09,Île-de-France,11,1
78136,C,B,appartement,1990,66.5,172.0,2024-02-10,Île-de-France,11,0
77189,B,F,appartement,2008,63.3,55.0,2024-02-10,Île-de-France,11,0
92213,C,D,appartement,2013,254.9,229.0,2024-02-10,Île-de-France,11,0
91225,C,F,maison,2000,82.5,276.0,2024-02-10,Île-de-France,11,0
77226,E,C,maison,1983,71.4,627.0,2024-02-11,Île-de-France,11,0
93159,E,D,appartement,1979,18.0,450.0,2024-02-11,Île-de-France,11,0
91273,F,F,maison,1962,48.1,432.0,2024-02-11,Île-de-France,11,1
91173,D,D,immeuble,1969,27.8,207.0,2024-02-11,Île-de-France,11,0
78202,D,F,maison,1986,68.1,212.0,2024-02-12,Île-de-France,11,0
91123,D,F,appartement,1989,53.5,199.0,2024-02-12,Île-de-France,11,0
95277,F,E,appartement,1937,80.0,360.0,2024-02-12,Île-de-France,11,1
75010,A,E,maison,1997,46.0,130.0,2024-02-12,Île-de-France,11,0
95061,E,E,immeuble,1981,42.8,528.0,2024-02-13,Île-de-France,11,0
93068,D,G,maison,1990,64.6,205.0,2024-02-13,Île-de-France,11,0
94217,F,D,maison,1945,51.8,483.0,2024-02-13,Île-de-France,11,1
77018,D,D,maison,1973,60.3,262.0,2024-02-13,Île-de-France,11,0
91104,A,A,appartement,2013,175.7,96.0,2024-02-14,Île-de-France,11,0
75124,G,E,maison,1935,54.4,623.0,2024-02-14,Île-de-France,11,1
93131,G,D,maison,1951,60.6,438.0,2024-02-14,Île-de-France,11,1
77313,C,E,appartement,2019,87.6,283.0,2024-02-14,Île-de-France,11,0
94063,E,C,maison,1993,111.3,566.0,2024-02-15,Île-de-France,11,0
95131,F,C,maison,1962,50.6,515.0,2024-02-15,Île-de-France,11,1
77229,E,E,maison,1992,40.0,558.0,2024-02-15,Île-de-France,11,0
94147,B,F,maison,2008,39.8,120.0,2024-02-15,Île-de-France,11,0
93073,D,D,maison,1972,61.3,177.0,2024-02-16,Île-de-France,11,0
95052,E,D,appartement,1982,49.6,515.0,2024-02-16,Île-de-France,11,0
78249,B,D,appartement,1996,63.2,150.0,2024-02-16,Île-de-France,11,0
92304,C,F,maison,1993,24.3,260.0,2024-02-16,Île-de-France,11,0
75085,E,C,appartement,1992,77.7,466.0,2024-02-17,Île-de-France,11,0
75005,D,E,appartement,1986,88.3,282.0,2024-02-17,Île-de-France,11,0
93397,E,B,maison,1994,90.4,375.0,2024-02-17,Île-de-France,11,0
95048,G,D,appartement,1944,91.6,501.0,2024-02-18,Île-de-France,11,1
91387,G,F,maison,1940,42.6,354.0,2024-02-18,Île-de-France,11,1
95309,E,F,maison,1972,80.5,559.0,2024-02-18,Île-de-France,11,0
92227,D,E,appartement,1984,82.4,257.0,2024-02-18,Île-de-France,11,0
91160,A,E,maison,1988,58.0,101.0,2024-02-19,Île-de-France,11,0
95086,B,E,maison,2019,19.9,117.0,2024-02-19,Île-de-France,11,0
91111,D,C,appartement,1966,71.4,304.0,2024-02-19,Île-de-France,11,0
91259,E,E,maison,1981,91.5,535.0,2024-02-19,Île-de-France,11,0
75058,D,E,maison,1967,54.1,167.0,2024-02-20,Île-de-France,11,0
92396,F,B,appartement,1924,33.8,489.0,2024-02-20,Île-de-France,11,1
93279,F,E,immeuble,1936,49.4,586.0,2024-02-20,Île-de-France,11,1
95010,A,D,appartement,1998,127.4,53.0,2024-02-20,Île-de-France,11,0
77363,D,F,maison,1965,76.2,280.0,2024-02-21,Île-de-France,11,0
91285,D,D,appartement,1988,53.3,255.0,2024-02-21,Île-de-France,11,0
92273,D,F,maison,1985,74.1,205.0,2024-02-21,Île-de-France,11,0
91092,B,D,appartement,2001,152.2,114.0,2024-02-21,Île-de-France,11,0
93226,C,E,maison,2015,57.3,204.0,2024-02-22,Île-de-France,11,0
93174,B,G,immeuble,2006,58.7,121.0,2024-02-22,Île-de-France,11,0
91319,D,D,maison,1981,33.0,286.0,2024-02-22,Île-de-France,11,0
78349,C,G,maison,2009,40.6,265.0,2024-02-22,Île-de-France,11,0
94078,D,C,appartement,1986,45.5,204.0,2024-02-23,Île-de-France,11,0
91262,C,F,maison,2014,56.3,276.0,2024-02-23,Île-de-France,11,0
91365,D,B,appartement,1978,70.7,222.0,2024-02-23,Île-de-France,11,0
94188,C,D,appartement,1992,70.1,258.0,2024-02-23,Île-de-France,11,0
95247,E,D,maison,1975,44.4,454.0,2024-02-24,Île-de-France,11,0
94298,F,E,maison,1922,74.8,505.0,2024-02-24,Île-de-France,11,1
93083,F,D,maison,1956,204.3,572.0,2024-02-24,Île-de-France,11,1
92123,D,F,maison,1975,35.1,210.0,2024-02-24,Île-de-France,11,0
92004,C,E,maison,2018,75.2,241.0,2024-02-25,Île-de-France,11,0
91120,F,E,maison,1953,53.7,618.0,2024-02-25,Île-de-France,11,1
93247,A,G,maison,2001,109.5,133.0,2024-02-25,Île-de-France,11,0
78131,E,E,appartement,1971,34.9,525.0,2024-02-25,Île-de-France,11,0
78009,D,B,maison,1980,173.6,197.0,2024-02-26,Île-de-France,11,0
77071,A,D,appartement,2015,64.8,145.0,2024-02-26,Île-de-France,11,0
93222,C,E,appartement,2003,89.6,320.0,2024-02-26,Île-de-France,11,0
78370,D,A,maison,1986,71.5,177.0,2024-02-26,Île-de-France,11,0
94165,A,F,maison,1985,83.5,55.0,2024-02-27,Île-de-France,11,0
77096,F,F,maison,1927,55.5,557.0,2024-02-27,Île-de-France,11,1
77239,E,D,appartement,1986,39.2,653.0,2024-02-27,Île-de-France,11,0
93233,D,E,maison,1983,64.4,264.0,2024-02-27,Île-de-France,11,0
95147,C,E,maison,1986,49.8,223.0,2024-02-28,Île-de-France,11,0
78384,C,E,appartement,2005,55.8,319.0,2024-02-28,Île-de-France,11,0
77393,G,G,maison,1959,59.8,700.0,2024-02-28,Île-de-France,11,1
75125,B,F,appartement,2003,70.9,112.0,2024-02-29,Île-de-France,11,0
77019,E,B,maison,1971,61.2,564.0,2024-02-29,Île-de-France,11,0
93029,F,C,appartement,1942,45.2,462.0,2024-02-29,Île-de-France,11,1
95146,C,A,maison,1995,121.9,272.0,2024-02-29,Île-de-France,11,0
94120,E,B,appartement,1994,134.0,606.0,2024-03-01,Île-de-France,11,0
91290,D,D,appartement,1967,132.6,222.0,2024-03-01,Île-de-France,11,0
95303,C,E,maison,1988,86.2,251.0,2024-03-01,Île-de-France,11,0
94119,C,D,appartement,1986,70.3,316.0,2024-03-01,Île-de-France,11,0
93299,B,E,maison,1989,73.7,98.0,2024-03-02,Île-de-France,11,0
91350,E,D,immeuble,1970,62.4,419.0,2024-03-02,Île-de-France,11,0
78071,D,E,appartement,1986,54.2,327.0,2024-03-02,Île-de-France,11,0
78195,F,E,appartement,1935,20.5,413.0,2024-03-02,Île-de-France,11,1
78083,C,C,appartement,1994,275.2,181.0,2024-03-03,Île-de-France,11,0
93253,D,C,appartement,1977,70.6,251.0,2024-03-03,Île-de-France,11,0
78281,B,C,appartement,2015,113.7,61.0,2024-03-03,Île-de-France,11,0
77104,E,E,maison,1976,44.4,416.0,2024-03-03,Île-de-France,11,0
75025,F,E,appartement,1958,135.6,647.0,2024-03-04,Île-de-France,11,1
91363,F,D,maison,1931,116.4,540.0,2024-03-04,Île-de-France,11,1
77015,E,D,maison,1974,144.8,529.0,2024-03-04,Île-de-France,11,0
92142,E,F,appartement,1981,75.9,476.0,2024-03-04,Île-de-France,11,0
94098,C,G,maison,2009,53.6,276.0,2024-03-05,Île-de-France,11,0
95192,D,F,appartement,1985,98.2,300.0,2024-03-05,Île-de-France,11,0
78134,D,F,maison,1979,117.0,191.0,2024-03-05,Île-de-France,11,0
93340,G,B,maison,1960,66.4,589.0,2024-03-05,Île-de-France,11,1
78315,D,E,appartement,1976,85.1,292.0,2024-03-06,Île-de-France,11,0
77319,D,D,maison,1986,92.5,258.0,2024-03-06,Île-de-France,11,0
95293,D,D,maison,1990,91.7,158.0,2024-03-06,Île-de-France,11,0
92052,D,E,appartement,1981,26.6,209.0,2024-03-06,Île-de-France,11,0
93045,D,D,maison,1993,66.6,189.0,2024-03-07,Île-de-France,11,0
94080,F,D,appartement,1948,21.0,417.0,2024-03-07,Île-de-France,11,1
92144,C,E,maison,2010,75.9,187.0,2024-03-07,Île-de-France,11,0
95279,B,D,maison,2002,42.8,66.0,2024-03-07,Île-de-France,11,0
94301,E,G,maison,1993,22.5,694.0,2024-03-08,Île-de-France,11,0
77267,E,G,maison,1965,69.8,669.0,2024-03-08,Île-de-France,11,0
91246,G,B,immeuble,1933,97.2,630.0,2024-03-08,Île-de-France,11,1
94379,D,C,maison,1982,74.7,170.0,2024-03-08,Île-de-France,11,0
75094,E,F,maison,1976,76.7,561.0,2024-03-09,Île-de-France,11,0
94231,F,F,maison,1954,89.4,398.0,2024-03-09,Île-de-France,11,1
95235,F,E,appartement,1944,84.5,560.0,2024-03-09,Île-de-France,11,1
93308,F,D,maison,1950,57.4,493.0,2024-03-09,Île-de-France,11,1
93039,D,F,maison,1981,73.9,321.0,2024-03-10,Île-de-France,11,0
94062,F,E,maison,1926,64.6,549.0,2024-03-10,Île-de-France,11,1
93126,C,E,appartement,2017,99.1,244.0,2024-03-10,Île-de-France,11,0
78193,G,B,maison,1949,47.6,442.0,2024-03-11,Île-de-France,11,1
92070,F,F,appartement,1970,43.2,518.0,2024-03-11,Île-de-France,11,1
93084,C,E,maison,1993,32.3,168.0,2024-03-11,Île-de-France,11,0
93075,E,E,appartement,1980,31.6,334.0,2024-03-11,Île-de-France,11,0
91322,C,B,appartement,1993,126.6,330.0,2024-03-12,Île-de-France,11,0
77197,E,E,appartement,1966,54.1,578.0,2024-03-12,Île-de-France,11,0
77176,E,C,maison,1987,98.7,630.0,2024-03-12,Île-de-France,11,0
95057,E,C,appartement,1988,108.3,437.0,2024-03-12,Île-de-France,11,0
94239,E,E,maison,1982,91.5,361.0,2024-03-13,Île-de-France,11,0
77217,E,G,maison,1991,44.1,518.0,2024-03-13,Île-de-France,11,0
91032,C,F,appartement,1989,56.8,287.0,2024-03-13,Île-de-France,11,0
92162,A,D,appartement,1992,63.4,54.0,2024-03-13,Île-de-France,11,0
92053,F,E,appartement,1928,41.7,698.0,2024-03-14,Île-de-France,11,1
93333,D,D,appartement,1967,64.4,167.0,2024-03-14,Île-de-France,11,0
95140,E,G,maison,1992,192.3,344.0,2024-03-14,Île-de-France,11,0
78164,D,F,maison,1990,99.1,195.0,2024-03-14,Île-de-France,11,0
93306,F,B,appartement,1959,42.7,551.0,2024-03-15,Île-de-France,11,1
78163,E,B,appartement,1993,54.4,601.0,2024-03-15,Île-de-France,11,0
77179,C,E,appartement,2007,75.3,307.0,2024-03-15,Île-de-France,11,0
93298,E,D,appartement,1974,104.1,592.0,2024-03-15,Île-de-France,11,0
93324,D,B,appartement,1971,125.9,193.0,2024-03-16,Île-de-France,11,0
94320,F,G,appartement,1923,154.1,471.0,2024-03-16,Île-de-France,11,1
77248,D,C,maison,1988,22.1,271.0,2024-03-16,Île-de-France,11,0
91242,B,F,maison,2007,70.2,75.0,2024-03-16,Île-de-France,11,0
95019,E,C,maison,1973,91.8,594.0,2024-03-17,Île-de-France,11,0
91243,D,D,maison,1974,90.1,305.0,2024-03-17,Île-de-France,11,0
78386,B,D,maison,2004,52.4,138.0,2024-03-17,Île-de-France,11,0
95150,F,G,maison,1924,49.7,454.0,2024-03-17,Île-de-France,11,1
94076,D,D,appartement,1966,117.2,314.0,2024-03-18,Île-de-France,11,0
92054,E,E,appartement,1973,166.8,398.0,2024-03-18,Île-de-France,11,0
78085,G,E,appartement,1958,100.3,361.0,2024-03-18,Île-de-France,11,1
94389,E,E,maison,1982,68.3,436.0,2024-03-18,Île-de-France,11,0
91114,E,F,maison,1968,132.9,652.0,2024-03-19,Île-de-France,11,0
78114,D,D,maison,1979,47.7,178.0,2024-03-19,Île-de-France,11,0
77015,E,D,maison,1968,106.3,605.0,2024-03-19,Île-de-France,11,0
93156,D,E,maison,1984,31.1,256.0,2024-03-19,Île-de-France,11,0
93324,D,E,appartement,1989,50.1,233.0,2024-03-20,Île-de-France,11,0
95143,C,F,maison,2001,53.2,178.0,2024-03-20,Île-de-France,11,0
95102,B,E,maison,2017,222.8,113.0,2024-03-20,Île-de-France,11,0
77097,D,B,maison,1983,35.6,189.0,2024-03-20,Île-de-France,11,0
95035,D,F,appartement,1980,54.4,171.0,2024-03-21,Île-de-France,11,0
94151,C,G,appartement,2011,81.6,208.0,2024-03-21,Île-de-France,11,0
95362,F,F,appartement,1951,66.0,573.0,2024-03-21,Île-de-France,11,1
91088,A,G,maison,2005,111.7,133.0,2024-03-22,Île-de-France,11,0
95207,E,F,maison,1982,193.0,546.0,2024-03-22,Île-de-France,11,0
75091,D,F,appartement,1975,50.5,264.0,2024-03-22,Île-de-France,11,0
94079,C,G,appartement,2000,85.8,287.0,2024-03-22,Île-de-France,11,0
94205,C,G,maison,1991,32.9,262.0,2024-03-23,Île-de-France,11,0
78335,E,A,appartement,1977,84.4,374.0,2024-03-23,Île-de-France,11,0
93335,D,E,appartement,1972,64.3,277.0,2024-03-23,Île-de-France,11,0
75005,C,E,maison,2016,100.6,302.0,2024-03-23,Île-de-France,11,0
77260,E,D,maison,1980,52.8,653.0,2024-03-24,Île-de-France,11,0
92011,A,F,maison,2011,78.0,99.0,2024-03-24,Île-de-France,11,0
95161,F,C,appartement,1971,79.9,423.0,2024-03-24,Île-de-France,11,1
95119,D,F,appartement,1966,43.7,161.0,2024-03-24,Île-de-France,11,0
91309,F,D,appartement,1935,72.2,586.0,2024-03-25,Île-de-France,11,1
78181,E,E,appartement,1984,57.8,554.0,2024-03-25,Île-de-France,11,0
91176,E,C,maison,1977,139.5,432.0,2024-03-25,Île-de-France,11,0
93064,D,G,appartement,1986,92.3,201.0,2024-03-25,Île-de-France,11,0
95303,G,D,maison,1932,37.3,566.0,2024-03-26,Île-de-France,11,1
92008,C,G,appartement,1988,21.2,271.0,2024-03-26,Île-de-France,11,0
78217,D,F,appartement,1977,148.6,247.0,2024-03-26,Île-de-France,11,0
95100,E,F,maison,1987,45.5,579.0,2024-03-26,Île-de-France,11,0
77265,C,C,appartement,2018,93.2,271.0,2024-03-27,Île-de-France,11,0
95155,E,D,maison,1993,91.1,437.0,2024-03-27,Île-de-France,11,0
77291,A,D,appartement,2014,65.5,102.0,2024-03-27,Île-de-France,11,0
78337,F,F,maison,1955,73.0,455.0,2024-03-27,Île-de-France,11,1
92239,C,B,appartement,2003,136.4,215.0,2024-03-28,Île-de-France,11,0
91165,C,D,appartement,1985,45.0,323.0,2024-03-28,Île-de-France,11,0
94145,G,B,appartement,1920,78.9,441.0,2024-03-28,Île-de-France,11,1
91339,G,D,maison,1937,56.5,652.0,2024-03-28,Île-de-France,11,1
78032,B,F,appartement,2014,81.2,133.0,2024-03-29,Île-de-France,11,0
78229,D,D,immeuble,1976,71.6,198.0,2024-03-29,Île-de-France,11,0
92339,C,E,appartement,2008,57.8,220.0,2024-03-29,Île-de-France,11,0
91311,G,F,maison,1944,28.8,485.0,2024-03-29,Île-de-France,11,1
93337,A,F,appartement,2019,63.0,64.0,2024-03-30,Île-de-France,11,0
95315,C,D,appartement,1988,42.8,166.0,2024-03-30,Île-de-France,11,0
91388,C,E,appartement,2016,49.2,316.0,2024-03-30,Île-de-France,11,0
94269,D,F,maison,1992,40.1,159.0,2024-03-30,Île-de-France,11,0
93101,F,F,maison,1955,103.5,420.0,2024-03-31,Île-de-France,11,1
95296,B,D,maison,1997,56.4,78.0,2024-03-31,Île-de-France,11,0
93002,F,E,appartement,1954,68.8,383.0,2024-03-31,Île-de-France,11,1
93209,E,F,appartement,1974,52.2,594.0,2024-03-31,Île-de-France,11,0
91330,F,D,maison,1953,41.0,697.0,2024-04-01,Île-de-France,11,1
77163,F,G,appartement,1939,97.8,510.0,2024-04-01,Île-de-France,11,1
95033,D,F,maison,1986,45.7,174.0,2024-04-01,Île-de-France,11,0
95224,F,C,appartement,1951,53.6,520.0,2024-04-02,Île-de-France,11,1
93308,E,F,appartement,1989,42.3,542.0,2024-04-02,Île-de-France,11,0
94018,G,E,maison,1974,123.9,410.0,2024-04-02,Île-de-France,11,1
94239,C,E,appartement,1991,94.7,246.0,2024-04-02,Île-de-France,11,0
78378,B,C,appartement,1998,19.8,82.0,2024-04-03,Île-de-France,11,0
95261,F,D,maison,1952,107.2,403.0,2024-04-03,Île-de-France,11,1
77366,E,G,appartement,1975,60.9,648.0,2024-04-03,Île-de-France,11,0
93051,E,G,appartement,1991,26.7,629.0,2024-04-03,Île-de-France,11,0
94202,F,B,appartement,1949,121.0,644.0,2024-04-04,Île-de-France,11,1
77058,E,E,appartement,1979,54.5,362.0,2024-04-04,Île-de-France,11,0
92088,F,F,appartement,1957,101.3,483.0,2024-04-04,Île-de-France,11,1
93223,D,A,maison,1986,174.1,234.0,2024-04-04,Île-de-France,11,0
91221,D,E,appartement,1967,53.4,165.0,2024-04-05,Île-de-France,11,0
94165,B,F,maison,2015,99.4,131.0,2024-04-05,Île-de-France,11,0
94204,C,G,maison,1989,63.2,223.0,2024-04-05,Île-de-France,11,0
91064,A,D,appartement,2012,168.2,137.0,2024-04-05,Île-de-France,11,0
77105,G,E,maison,1945,55.7,656.0,2024-04-06,Île-de-France,11,1
91377,E,B,appartement,1989,98.4,502.0,2024-04-06,Île-de-France,11,0
95073,D,G,appartement,1965,93.3,191.0,2024-04-06,Île-de-France,11,0
77345,A,C,appartement,1986,60.6,114.0,2024-04-06,Île-de-France,11,0
93396,D,F,maison,1971,46.5,267.0,2024-04-07,Île-de-France,11,0
75104,C,F,maison,2004,38.3,204.0,2024-04-07,Île-de-France,11,0
78104,E,D,maison,1983,50.9,652.0,2024-04-07,Île-de-France,11,0
91108,D,C,appartement,1983,55.9,237.0,2024-04-07,Île-de-France,11,0
95366,D,F,appartement,1976,57.1,257.0,2024-04-08,Île-de-France,11,0
95391,D,F,appartement,1989,45.4,170.0,2024-04-08,Île-de-France,11,0
92077,A,D,appartement,2017,33.2,145.0,2024-04-08,Île-de-France,11,0
77025,C,B,appartement,2019,88.1,321.0,2024-04-08,Île-de-France,11,0
94045,F,C,maison,1945,63.3,670.0,2024-04-09,Île-de-France,11,1
92094,G,D,maison,1940,100.1,405.0,2024-04-09,Île-de-France,11,1
78162,E,C,maison,1988,36.6,586.0,2024-04-09,Île-de-France,11,0
91060,E,A,maison,1981,67.7,426.0,2024-04-09,Île-de-France,11,0
92188,A,E,maison,1996,40.9,150.0,2024-04-10,Île-de-France,11,0
92331,F,E,maison,1922,27.0,485.0,2024-04-10,Île-de-France,11,1
91361,C,E,maison,2019,62.5,311.0,2024-04-10,Île-de-France,11,0
92178,E,D,appartement,1973,48.8,586.0,2024-04-10,Île-de-France,11,0
91048,E,E,appartement,1979,53.2,626.0,2024-04-11,Île-de-France,11,0
95058,E,D,maison,1967,38.1,430.0,2024-04-11,Île-de-France,11,0
92045,D,F,maison,1990,193.5,291.0,2024-04-11,Île-de-France,11,0
92246,F,G,appartement,1955,66.0,594.0,2024-04-11,Île-de-France,11,1
92209,D,D,maison,1969,26.0,216.0,2024-04-12,Île-de-France,11,0
91289,F,F,maison,1920,18.0,483.0,2024-04-12,Île-de-France,11,1
95343,D,C,maison,1983,122.1,317.0,2024-04-12,Île-de-France,11,0
78296,D,C,maison,1968,76.9,276.0,2024-04-13,Île-de-France,11,0
92269,C,G,maison,1998,73.2,232.0,2024-04-13,Île-de-France,11,0
94392,D,E,maison,1972,34.7,255.0,2024-04-13,Île-de-France,11,0
93145,A,E,appartement,2005,110.0,136.0,2024-04-13,Île-de-France,11,0
95173,E,C,appartement,1985,75.1,650.0,2024-04-14,Île-de-France,11,0
93231,E,E,appartement,1967,23.8,688.0,2024-04-14,Île-de-France,11,0
91202,E,E,immeuble,1983,50.9,516.0,2024-04-14,Île-de-France,11,0
78341,D,G,immeuble,1987,26.7,170.0,2024-04-14,Île-de-France,11,0
77138,F,D,maison,1944,75.5,506.0,2024-04-15,Île-de-France,11,1
77261,D,C,appartement,1980,61.6,250.0,2024-04-15,Île-de-France,11,0
77027,C,G,appartement,2001,71.4,327.0,2024-04-15,Île-de-France,11,0
91318,D,F,maison,1975,103.0,221.0,2024-04-15,Île-de-France,11,0
93150,D,E,maison,1975,95.0,257.0,2024-04-16,Île-de-France,11,0
78309,D,G,maison,1967,72.3,213.0,2024-04-16,Île-de-France,11,0
93319,E,D,maison,1986,46.5,432.0,2024-04-16,Île-de-France,11,0
93287,C,E,appartement,2016,179.8,169.0,2024-04-16,Île-de-France,11,0
93073,F,E,maison,1972,115.4,542.0,2024-04-17,Île-de-France,11,1
95055,E,D,appartement,1971,168.3,508.0,2024-04-17,Île-de-France,11,0
93173,D,F,appartement,1993,74.8,310.0,2024-04-17,Île-de-France,11,0
93068,D,D,appartement,1993,156.8,245.0,2024-04-17,Île-de-France,11,0
92054,D,C,appartement,1971,118.1,184.0,2024-04-18,Île-de-France,11,0
91023,C,D,maison,1995,138.4,181.0,2024-04-18,Île-de-France,11,0
95099,B,E,maison,2005,99.7,100.0,2024-04-18,Île-de-France,11,0
92236,D,D,maison,1968,57.5,229.0,2024-04-18,Île-de-France,11,0
93138,F,F,maison,1928,237.9,441.0,2024-04-19,Île-de-France,11,1
78208,C,G,maison,1996,57.8,297.0,2024-04-19,Île-de-France,11,0
94292,E,E,appartement,1985,31.4,632.0,2024-04-19,Île-de-France,11,0
75063,C,F,appartement,2006,127.9,312.0,2024-04-19,Île-de-France,11,0
78348,C,C,maison,1990,111.9,190.0,2024-04-20,Île-de-France,11,0
94081,E,D,maison,1974,65.1,488.0,2024-04-20,Île-de-France,11,0
95318,C,C,maison,1994,59.0,189.0,2024-04-20,Île-de-France,11,0
92189,G,G,appartement,1973,81.2,559.0,2024-04-20,Île-de-France,11,1
93033,D,F,maison,1971,32.3,158.0,2024-04-21,Île-de-France,11,0
93191,D,D,appartement,1989,126.7,325.0,2024-04-21,Île-de-France,11,0
75085,D,F,appartement,1986,98.1,234.0,2024-04-21,Île-de-France,11,0
77159,C,D,maison,2019,194.8,261.0,2024-04-21,Île-de-France,11,0
91211,G,F,maison,1962,67.3,554.0,2024-04-22,Île-de-France,11,1
78216,D,F,immeuble,1988,150.1,253.0,2024-04-22,Île-de-France,11,0
94297,F,D,maison,1968,25.8,424.0,2024-04-22,Île-de-France,11,1
91294,D,D,appartement,1986,90.1,235.0,2024-04-22,Île-de-France,11,0
92187,D,B,appartement,1983,37.8,288.0,2024-04-23,Île-de-France,11,0
92291,C,G,maison,2009,94.4,284.0,2024-04-23,Île-de-France,11,0
95131,F,F,maison,1947,66.2,584.0,2024-04-23,Île-de-France,11,1
92379,D,E,appartement,1969,56.9,165.0,2024-04-24,Île-de-France,11,0
77229,D,E,maison,1982,132.4,273.0,2024-04-24,Île-de-France,11,0
95342,C,D,immeuble,2001,46.6,300.0,2024-04-24,Île-de-France,11,0
91316,D,D,appartement,1987,60.6,236.0,2024-04-24,Île-de-France,11,0
91198,B,F,maison,1993,116.2,53.0,2024-04-25,Île-de-France,11,0
75039,G,C,appartement,1954,85.4,363.0,2024-04-25,Île-de-France,11,1
95269,D,A,maison,1989,185.7,330.0,2024-04-25,Île-de-France,11,0
77046,E,D,maison,1974,35.3,528.0,2024-04-25,Île-de-France,11,0
91332,D,E,maison,1978,71.4,254.0,2024-04-26,Île-de-France,11,0
77350,F,E,appartement,1966,41.2,391.0,2024-04-26,Île-de-France,11,1
78296,E,G,appartement,1994,120.8,657.0,2024-04-26,Île-de-France,11,0
93268,D,D,maison,1984,66.4,225.0,2024-04-26,Île-de-France,11,0
78024,D,G,maison,1993,94.7,311.0,2024-04-27,Île-de-France,11,0
77222,C,G,maison,1996,43.8,218.0,2024-04-27,Île-de-France,11,0
78382,D,F,appartement,1985,107.3,330.0,2024-04-27,Île-de-France,11,0
91390,E,G,appartement,1968,74.5,606.0,2024-04-27,Île-de-France,11,0
92247,F,F,maison,1974,40.9,383.0,2024-04-28,Île-de-France,11,1
75093,D,C,maison,1967,33.8,227.0,2024-04-28,Île-de-France,11,0
95052,D,C,maison,1969,68.8,209.0,2024-04-28,Île-de-France,11,0
94228,D,D,immeuble,1994,125.9,195.0,2024-04-28,Île-de-France,11,0
92088,D,C,maison,1991,93.0,209.0,2024-04-29,Île-de-France,11,0
92158,A,D,maison,1993,69.6,139.0,2024-04-29,Île-de-France,11,0
93146,B,G,maison,2001,33.1,106.0,2024-04-29,Île-de-France,11,0
95112,C,D,appartement,1990,106.5,160.0,2024-04-29,Île-de-France,11,0
95238,D,E,maison,1983,58.9,173.0,2024-04-30,Île-de-France,11,0
95302,G,D,maison,1939,109.9,492.0,2024-04-30,Île-de-France,11,1
94294,C,C,maison,2013,36.8,316.0,2024-04-30,Île-de-France,11,0
78154,C,D,maison,2019,65.1,194.0,2024-04-30,Île-de-France,11,0
93326,C,D,maison,1993,101.2,168.0,2024-05-01,Île-de-France,11,0
91367,C,D,maison,2016,183.2,258.0,2024-05-01,Île-de-France,11,0
95251,C,B,appartement,1987,31.1,300.0,2024-05-01,Île-de-France,11,0
93123,C,E,maison,2018,95.8,252.0,2024-05-01,Île-de-France,11,0
94368,D,F,maison,1982,63.6,241.0,2024-05-02,Île-de-France,11,0
95340,G,D,maison,1956,66.8,613.0,2024-05-02,Île-de-France,11,1
94335,D,E,appartement,1973,93.8,203.0,2024-05-02,Île-de-France,11,0
95013,E,D,maison,1975,18.0,541.0,2024-05-02,Île-de-France,11,0
77076,C,B,appartement,1992,70.2,207.0,2024-05-03,Île-de-France,11,0
92250,D,E,maison,1994,44.5,205.0,2024-05-03,Île-de-France,11,0
94364,B,C,appartement,1995,80.1,133.0,2024-05-03,Île-de-France,11,0
78106,G,E,maison,1929,58.4,622.0,2024-05-03,Île-de-France,11,1
95213,F,G,appartement,1933,108.3,517.0,2024-05-04,Île-de-France,11,1
94366,A,A,maison,2003,87.4,139.0,2024-05-04,Île-de-France,11,0
92306,D,E,appartement,1976,74.1,269.0,2024-05-04,Île-de-France,11,0
77227,E,E,appartement,1976,145.3,689.0,2024-05-05,Île-de-France,11,0
95369,C,D,appartement,2004,88.1,190.0,2024-05-05,Île-de-France,11,0
91242,D,D,immeuble,1967,141.2,192.0,2024-05-05,Île-de-France,11,0
95189,B,D,maison,1989,51.3,52.0,2024-05-05,Île-de-France,11,0
92071,D,F,appartement,1982,37.1,179.0,2024-05-06,Île-de-France,11,0
77136,F,F,appartement,1931,142.6,576.0,2024-05-06,Île-de-France,11,1
78399,C,B,appartement,1996,49.2,247.0,2024-05-06,Île-de-France,11,0
95364,E,D,maison,1978,37.6,513.0,2024-05-06,Île-de-France,11,0
92202,C,B,appartement,2001,133.1,288.0,2024-05-07,Île-de-France,11,0
78267,F,E,appartement,1946,37.9,518.0,2024-05-07,Île-de-France,11,1
94032,E,D,maison,1966,64.8,570.0,2024-05-07,Île-de-France,11,0
91329,B,E,appartement,2013,60.9,96.0,2024-05-07,Île-de-France,11,0
75092,F,E,appartement,1973,67.8,531.0,2024-05-08,Île-de-France,11,1
94282,D,G,maison,1977,83.5,222.0,2024-05-08,Île-de-France,11,0
95221,E,C,maison,1967,47.0,362.0,2024-05-08,Île-de-France,11,0
91201,F,E,maison,1966,42.2,372.0,2024-05-08,Île-de-France,11,1
95288,E,G,maison,1991,78.4,604.0,2024-05-09,Île-de-France,11,0
75130,F,E,appartement,1951,25.6,349.0,2024-05-09,Île-de-France,11,1
95057,E,F,maison,1986,100.1,421.0,2024-05-09,Île-de-France,11,0
95217,E,E,appartement,1985,81.2,377.0,2024-05-09,Île-de-France,11,0
93160,E,F,immeuble,1974,151.6,565.0,2024-05-10,Île-de-France,11,0
91028,G,B,maison,1973,89.6,618.0,2024-05-10,Île-de-France,11,1
91164,F,F,appartement,1960,56.1,605.0,2024-05-10,Île-de-France,11,1
78217,E,D,appartement,1980,45.0,554.0,2024-05-10,Île-de-France,11,0
94203,D,D,appartement,1983,48.5,267.0,2024-05-11,Île-de-France,11,0
93233,E,C,appartement,1967,77.3,501.0,2024-05-11,Île-de-France,11,0
77356,F,A,appartement,1971,73.1,678.0,2024-05-11,Île-de-France,11,1
91238,E,E,maison,1990,55.4,647.0,2024-05-11,Île-de-France,11,0
94180,D,E,maison,1976,51.8,286.0,2024-05-12,Île-de-France,11,0
93361,D,D,immeuble,1985,87.6,289.0,2024-05-12,Île-de-France,11,0
78067,F,E,appartement,1972,59.7,542.0,2024-05-12,Île-de-France,11,1
94117,C,G,appartement,1985,56.7,243.0,2024-05-12,Île-de-France,11,0
95215,E,E,appartement,1980,41.3,452.0,2024-05-13,Île-de-France,11,0
92155,D,D,appartement,1994,146.4,209.0,2024-05-13,Île-de-France,11,0
94308,E,D,maison,1987,72.9,677.0,2024-05-13,Île-de-France,11,0
95299,A,G,appartement,2014,78.4,50.0,2024-05-13,Île-de-France,11,0
94049,D,F,appartement,1982,101.9,294.0,2024-05-14,Île-de-France,11,0
94357,D,B,appartement,1990,93.0,191.0,2024-05-14,Île-de-France,11,0
94350,E,E,appartement,1988,67.8,424.0,2024-05-14,Île-de-France,11,0
77018,E,D,maison,1984,51.0,584.0,2024-05-14,Île-de-France,11,0
91347,E,D,maison,1988,109.9,485.0,2024-05-15,Île-de-France,11,0
91266,F,B,maison,1937,92.7,617.0,2024-05-15,Île-de-France,11,1
93155,D,B,maison,1969,115.8,165.0,2024-05-15,Île-de-France,11,0
95388,C,B,maison,2008,47.1,188.0,2024-05-16,Île-de-France,11,0
91234,E,G,appartement,1973,83.0,613.0,2024-05-16,Île-de-France,11,0
78196,C,E,appartement,2012,71.5,243.0,2024-05-16,Île-de-France,11,0
94351,B,E,maison,2006,54.5,58.0,2024-05-16,Île-de-France,11,0
94086,G,A,appartement,1965,89.6,606.0,2024-05-17,Île-de-France,11,1
91011,B,D,maison,2011,38.8,130.0,2024-05-17,Île-de-France,11,0
91237,D,F,maison,1970,135.0,172.0,2024-05-17,Île-de-France,11,0
91136,F,G,appartement,1958,92.2,518.0,2024-05-17,Île-de-France,11,1
78216,B,E,maison,1986,30.0,75.0,2024-05-18,Île-de-France,11,0
78243,A,G,appartement,2017,73.8,104.0,2024-05-18,Île-de-France,11,0
91353,C,B,appartement,1987,124.7,283.0,2024-05-18,Île-de-France,11,0
95270,E,F,maison,1992,99.2,479.0,2024-05-18,Île-de-France,11,0
95217,G,E,maison,1969,51.6,632.0,2024-05-19,Île-de-France,11,1
77108,E,E,maison,1965,85.3,689.0,2024-05-19,Île-de-France,11,0
94027,D,F,maison,1968,72.3,264.0,2024-05-19,Île-de-France,11,0
78199,F,E,appartement,1924,42.3,656.0,2024-05-19,Île-de-France,11,1
77076,F,A,appartement,1947,97.1,509.0,2024-05-20,Île-de-France,11,1
78037,D,A,maison,1969,75.1,152.0,2024-05-20,Île-de-France,11,0
93387,F,E,maison,1964,56.3,481.0,2024-05-20,Île-de-France,11,1
93093,D,F,maison,1985,78.9,203.0,2024-05-20,Île-de-France,11,0
93202,D,D,appartement,1983,102.8,169.0,2024-05-21,Île-de-France,11,0
92129,D,A,appartement,1983,22.6,190.0,2024-05-21,Île-de-France,11,0
94359,D,G,maison,1992,116.4,195.0,2024-05-21,Île-de-France,11,0
78198,C,C,appartement,2015,93.7,281.0,2024-05-21,Île-de-France,11,0
93180,C,G,maison,2005,31.3,187.0,2024-05-22,Île-de-France,11,0
94354,B,F,immeuble,2013,124.8,74.0,2024-05-22,Île-de-France,11,0
92259,B,G,maison,2004,39.1,117.0,2024-05-22,Île-de-France,11,0
91122,G,C,appartement,1964,165.0,692.0,2024-05-22,Île-de-France,11,1
77237,F,G,appartement,1948,71.7,388.0,2024-05-23,Île-de-France,11,1
93257,D,G,maison,1993,96.8,327.0,2024-05-23,Île-de-France,11,0
94125,C,D,appartement,2002,38.5,202.0,2024-05-23,Île-de-France,11,0
78200,B,B,maison,2001,58.7,81.0,2024-05-23,Île-de-France,11,0
92133,D,G,appartement,1993,73.2,296.0,2024-05-24,Île-de-France,11,0
92270,C,D,appartement,1987,46.0,310.0,2024-05-24,Île-de-France,11,0
93213,D,F,appartement,1977,27.6,221.0,2024-05-24,Île-de-France,11,0
78322,C,D,maison,2016,62.4,224.0,2024-05-24,Île-de-France,11,0
95079,D,F,appartement,1977,57.1,184.0,2024-05-25,Île-de-France,11,0
93380,C,C,maison,1987,83.4,193.0,2024-05-25,Île-de-France,11,0
78156,D,F,appartement,1981,40.1,295.0,2024-05-25,Île-de-France,11,0
77394,F,C,appartement,1944,77.4,679.0,2024-05-25,Île-de-France,11,1
92379,E,G,maison,1983,57.2,507.0,2024-05-26,Île-de-France,11,0
95036,E,G,appartement,1976,65.0,655.0,2024-05-26,Île-de-France,11,0
78191,B,E,maison,2001,61.4,132.0,2024-05-26,Île-de-France,11,0
75083,G,D,appartement,1947,43.0,492.0,2024-05-27,Île-de-France,11,1
93254,G,C,immeuble,1935,49.8,442.0,2024-05-27,Île-de-France,11,1
78337,G,D,maison,1931,40.8,480.0,2024-05-27,Île-de-France,11,1
77130,B,E,appartement,1998,43.3,77.0,2024-05-27,Île-de-France,11,0
95299,D,E,appartement,1991,124.2,190.0,2024-05-28,Île-de-France,11,0
91089,C,D,maison,1992,113.8,321.0,2024-05-28,Île-de-France,11,0
93319,C,C,maison,1986,60.7,314.0,2024-05-28,Île-de-France,11,0
94296,E,F,maison,1979,42.8,496.0,2024-05-28,Île-de-France,11,0
91145,E,F,appartement,1973,134.0,432.0,2024-05-29,Île-de-France,11,0
95149,E,F,maison,1993,43.0,401.0,2024-05-29,Île-de-France,11,0
78224,A,C,maison,2010,80.1,78.0,2024-05-29,Île-de-France,11,0
94123,E,D,maison,1994,73.1,600.0,2024-05-29,Île-de-France,11,0
93133,C,F,appartement,2003,66.8,245.0,2024-05-30,Île-de-France,11,0
77248,F,G,appartement,1954,328.0,579.0,2024-05-30,Île-de-France,11,1
93248,D,E,maison,1968,18.0,194.0,2024-05-30,Île-de-France,11,0
91096,F,F,maison,1936,60.1,396.0,2024-05-30,Île-de-France,11,1
95256,F,E,maison,1936,96.7,442.0,2024-05-31,Île-de-France,11,1
93189,D,D,maison,1973,39.6,266.0,2024-05-31,Île-de-France,11,0
75038,E,A,appartement,1971,79.9,370.0,2024-05-31,Île-de-France,11,0
78036,D,G,maison,1975,53.5,198.0,2024-05-31,Île-de-France,11,0
75119,G,F,maison,1973,104.1,364.0,2024-06-01,Île-de-France,11,1
95113,C,D,appartement,2016,56.6,237.0,2024-06-01,Île-de-France,11,0
93237,E,E,maison,1985,68.6,600.0,2024-06-01,Île-de-France,11,0
91108,E,F,appartement,1977,41.0,634.0,2024-06-01,Île-de-France,11,0
93041,D,E,appartement,1989,79.3,263.0,2024-06-02,Île-de-France,11,0
92192,G,C,maison,1925,55.1,333.0,2024-06-02,Île-de-France,11,1
93302,B,B,maison,2015,111.6,90.0,2024-06-02,Île-de-France,11,0
78059,E,F,appartement,1985,24.0,673.0,2024-06-02,Île-de-France,11,0
78222,C,D,maison,1992,108.3,294.0,2024-06-03,Île-de-France,11,0
92028,G,F,appartement,1970,57.6,585.0,2024-06-03,Île-de-France,11,1
77027,D,C,appartement,1975,65.5,228.0,2024-06-03,Île-de-France,11,0
91289,E,C,maison,1971,75.1,550.0,2024-06-03,Île-de-France,11,0
95045,E,D,maison,1982,60.9,645.0,2024-06-04,Île-de-France,11,0
77173,F,C,appartement,1932,42.6,663.0,2024-06-04,Île-de-France,11,1
91179,E,F,immeuble,1988,43.5,633.0,2024-06-04,Île-de-France,11,0
77068,C,D,appartement,2009,27.2,217.0,2024-06-04,Île-de-France,11,0
92374,B,E,appartement,2007,67.3,109.0,2024-06-05,Île-de-France,11,0
95106,F,A,maison,1939,102.1,630.0,2024-06-05,Île-de-France,11,1
92382,D,C,appartement,1990,97.7,273.0,2024-06-05,Île-de-France,11,0
92084,E,E,immeuble,1991,128.0,535.0,2024-06-05,Île-de-France,11,0
77242,C,E,maison,2015,38.3,171.0,2024-06-06,Île-de-France,11,0
93002,D,F,appartement,1978,29.4,202.0,2024-06-06,Île-de-France,11,0
93256,D,G,maison,1988,117.6,179.0,2024-06-06,Île-de-France,11,0
92252,G,E,appartement,1953,126.2,683.0,2024-06-07,Île-de-France,11,1
92306,D,D,appartement,1967,90.7,286.0,2024-06-07,Île-de-France,11,0
78292,B,E,maison,1995,32.0,89.0,2024-06-07,Île-de-France,11,0
94294,C,C,maison,2019,160.7,300.0,2024-06-07,Île-de-France,11,0
95062,G,G,maison,1974,87.9,435.0,2024-06-08,Île-de-France,11,1
77023,E,D,maison,1967,67.6,627.0,2024-06-08,Île-de-France,11,0
77202,C,E,appartement,2017,103.5,201.0,2024-06-08,Île-de-France,11,0
94100,D,D,appartement,1979,66.5,232.0,2024-06-08,Île-de-France,11,0
92137,E,D,maison,1971,66.5,546.0,2024-06-09,Île-de-France,11,0
78307,D,B,maison,1978,73.1,259.0,2024-06-09,Île-de-France,11,0
77050,D,E,appartement,1994,85.2,303.0,2024-06-09,Île-de-France,11,0
91127,F,E,maison,1974,90.3,538.0,2024-06-09,Île-de-France,11,1
78131,E,D,appartement,1987,52.6,474.0,2024-06-10,Île-de-France,11,0
92232,B,G,maison,2009,78.9,142.0,2024-06-10,Île-de-France,11,0
93102,G,B,maison,1940,58.9,680.0,2024-06-10,Île-de-France,11,1
91089,C,B,maison,1996,158.2,314.0,2024-06-10,Île-de-France,11,0
78098,F,D,immeuble,1934,98.8,666.0,2024-06-11,Île-de-France,11,1
95178,E,F,appartement,1973,57.0,406.0,2024-06-11,Île-de-France,11,0
78035,E,E,appartement,1980,42.8,368.0,2024-06-11,Île-de-France,11,0
92194,D,D,maison,1968,63.0,299.0,2024-06-11,Île-de-France,11,0
77392,E,D,appartement,1985,52.9,675.0,2024-06-12,Île-de-France,11,0
95127,E,E,appartement,1977,32.6,614.0,2024-06-12,Île-de-France,11,0
77192,A,D,maison,1989,50.0,107.0,2024-06-12,Île-de-France,11,0
78117,E,C,appartement,1983,28.2,403.0,2024-06-12,Île-de-France,11,0
91272,E,B,appartement,1970,33.6,496.0,2024-06-13,Île-de-France,11,0
92256,C,E,maison,1989,30.2,317.0,2024-06-13,Île-de-France,11,0
75096,C,F,appartement,2010,41.3,190.0,2024-06-13,Île-de-France,11,0
78083,E,C,maison,1976,127.9,436.0,2024-06-13,Île-de-France,11,0
92172,B,F,maison,2017,78.0,82.0,2024-06-14,Île-de-France,11,0
91210,D,F,maison,1988,120.8,199.0,2024-06-14,Île-de-France,11,0
78207,D,G,appartement,1991,130.2,209.0,2024-06-14,Île-de-France,11,0
94299,D,G,maison,1990,69.3,324.0,2024-06-14,Île-de-France,11,0
91005,D,E,appartement,1978,61.1,169.0,2024-06-15,Île-de-France,11,0
92185,E,C,appartement,1986,29.2,665.0,2024-06-15,Île-de-France,11,0
77035,E,G,appartement,1988,58.4,438.0,2024-06-15,Île-de-France,11,0
94282,F,G,appartement,1949,68.7,605.0,2024-06-15,Île-de-France,11,1
94252,D,E,appartement,1984,49.9,178.0,2024-06-16,Île-de-France,11,0
94113,D,E,maison,1987,87.9,201.0,2024-06-16,Île-de-France,11,0
95366,E,E,appartement,1977,40.5,462.0,2024-06-16,Île-de-France,11,0
92310,C,E,appartement,2016,35.3,242.0,2024-06-16,Île-de-France,11,0
95011,B,D,maison,2008,35.1,64.0,2024-06-17,Île-de-France,11,0
77378,F,E,maison,1938,64.8,493.0,2024-06-17,Île-de-France,11,1
77355,E,D,appartement,1977,66.8,590.0,2024-06-17,Île-de-France,11,0
75045,D,C,appartement,1971,58.3,202.0,2024-06-18,Île-de-France,11,0
77361,D,E,appartement,1994,131.2,245.0,2024-06-18,Île-de-France,11,0
77300,B,F,immeuble,2016,58.1,138.0,2024-06-18,Île-de-France,11,0
78131,C,G,maison,1998,29.8,274.0,2024-06-18,Île-de-France,11,0
77259,C,D,maison,2010,65.3,166.0,2024-06-19,Île-de-France,11,0
92216,C,F,appartement,1996,44.0,309.0,2024-06-19,Île-de-France,11,0
91011,G,D,appartement,1973,127.7,601.0,2024-06-19,Île-de-France,11,1
94201,C,E,maison,2007,80.5,223.0,2024-06-19,Île-de-France,11,0
95049,F,D,maison,1963,43.6,449.0,2024-06-20,Île-de-France,11,1
77055,E,A,appartement,1982,161.7,497.0,2024-06-20,Île-de-France,11,0
91389,B,E,maison,2001,102.0,104.0,2024-06-20,Île-de-France,11,0
77144,E,G,appartement,1988,46.7,671.0,2024-06-20,Île-de-France,11,0
95283,C,F,maison,1987,155.9,199.0,2024-06-21,Île-de-France,11,0
95143,G,G,appartement,1935,49.5,558.0,2024-06-21,Île-de-France,11,1
92364,D,E,appartement,1984,22.1,273.0,2024-06-21,Île-de-France,11,0
95095,E,E,appartement,1988,21.3,541.0,2024-06-21,Île-de-France,11,0
77373,D,C,maison,1982,48.5,157.0,2024-06-22,Île-de-France,11,0
77273,D,D,maison,1992,148.9,183.0,2024-06-22,Île-de-France,11,0
93085,A,E,maison,1987,65.5,86.0,2024-06-22,Île-de-France,11,0
93237,E,B,maison,1966,84.2,521.0,2024-06-22,Île-de-France,11,0
75076,D,D,appartement,1985,42.0,204.0,2024-06-23,Île-de-France,11,0
94330,E,C,appartement,1975,100.0,570.0,2024-06-23,Île-de-France,11,0
77248,D,D,maison,1971,94.6,260.0,2024-06-23,Île-de-France,11,0
93394,D,A,maison,1982,62.2,266.0,2024-06-23,Île-de-France,11,0
94129,D,F,maison,1986,37.0,287.0,2024-06-24,Île-de-France,11,0
93154,D,D,appartement,1976,49.2,221.0,2024-06-24,Île-de-France,11,0
92312,G,C,appartement,1942,103.5,652.0,2024-06-24,Île-de-France,11,1
91276,G,D,maison,1928,68.4,403.0,2024-06-24,Île-de-France,11,1
95303,B,E,maison,1994,104.5,87.0,2024-06-25,Île-de-France,11,0
77365,G,D,appartement,1936,81.3,542.0,2024-06-25,Île-de-France,11,1
92015,D,F,maison,1982,76.7,206.0,2024-06-25,Île-de-France,11,0
93231,D,E,appartement,1965,130.3,171.0,2024-06-25,Île-de-France,11,0
93110,G,A,immeuble,1927,32.4,453.0,2024-06-26,Île-de-France,11,1
95336,D,E,appartement,1984,183.2,167.0,2024-06-26,Île-de-France,11,0
77095,C,E,immeuble,2013,57.1,164.0,2024-06-26,Île-de-France,11,0
92239,E,F,appartement,1980,86.7,401.0,2024-06-26,Île-de-France,11,0
93209,G,E,appartement,1921,129.1,490.0,2024-06-27,Île-de-France,11,1
95350,E,E,maison,1981,304.8,612.0,2024-06-27,Île-de-France,11,0
77350,E,F,appartement,1968,25.0,695.0,2024-06-27,Île-de-France,11,0
93362,D,E,appartement,1966,43.0,156.0,2024-06-27,Île-de-France,11,0
91354,C,B,appartement,1986,49.4,190.0,2024-06-28,Île-de-France,11,0
77051,C,D,maison,1995,59.8,178.0,2024-06-28,Île-de-France,11,0
78313,D,E,appartement,1991,176.4,270.0,2024-06-28,Île-de-France,11,0
91348,E,C,maison,1971,59.4,480.0,2024-06-29,Île-de-France,11,0
91327,E,F,maison,1969,157.3,565.0,2024-06-29,Île-de-France,11,0
77328,F,D,appartement,1958,64.4,512.0,2024-06-29,Île-de-France,11,1
93116,D,D,maison,1970,62.8,171.0,2024-06-29,Île-de-France,11,0
92111,E,E,maison,1979,38.6,683.0,2024-06-30,Île-de-France,11,0
92044,G,F,appartement,1954,36.0,429.0,2024-06-30,Île-de-France,11,1
77092,D,D,appartement,1970,117.5,188.0,2024-06-30,Île-de-France,11,0
77144,B,D,immeuble,1997,75.6,106.0,2024-06-30,Île-de-France,11,0
94374,E,E,immeuble,1967,33.0,642.0,2024-07-01,Île-de-France,11,0
92005,E,D,appartement,1993,86.5,525.0,2024-07-01,Île-de-France,11,0
93168,E,E,appartement,1972,207.3,556.0,2024-07-01,Île-de-France,11,0
77313,E,G,maison,1976,73.9,620.0,2024-07-01,Île-de-France,11,0
92155,C,E,appartement,1997,24.6,312.0,2024-07-02,Île-de-France,11,0
78373,C,D,appartement,2002,49.0,236.0,2024-07-02,Île-de-France,11,0
91156,C,E,appartement,2000,38.1,302.0,2024-07-02,Île-de-France,11,0
78151,E,B,immeuble,1973,91.2,693.0,2024-07-02,Île-de-France,11,0
91137,D,G,maison,1976,73.5,155.0,2024-07-03,Île-de-France,11,0
78256,C,G,maison,2016,88.8,249.0,2024-07-03,Île-de-France,11,0
91201,D,D,appartement,1992,41.9,169.0,2024-07-03,Île-de-France,11,0
77192,D,F,maison,1983,110.0,222.0,2024-07-03,Île-de-France,11,0
93330,E,F,appartement,1979,41.9,585.0,2024-07-04,Île-de-France,11,0
78220,C,E,immeuble,1990,98.1,205.0,2024-07-04,Île-de-France,11,0
95172,C,C,maison,1992,134.9,200.0,2024-07-04,Île-de-France,11,0
92340,F,D,appartement,1938,45.1,453.0,2024-07-04,Île-de-France,11,1
93161,F,A,appartement,1942,86.2,360.0,2024-07-05,Île-de-France,11,1
95181,C,F,appartement,2005,82.2,203.0,2024-07-05,Île-de-France,11,0
77023,C,C,maison,2017,134.2,236.0,2024-07-05,Île-de-France,11,0
78200,F,B,appartement,1941,32.2,643.0,2024-07-05,Île-de-France,11,1
94261,C,G,appartement,2007,18.0,230.0,2024-07-06,Île-de-France,11,0
92367,F,D,appartement,1958,81.0,665.0,2024-07-06,Île-de-France,11,1
77182,F,D,maison,1967,90.1,548.0,2024-07-06,Île-de-France,11,1
78078,G,E,appartement,1939,46.1,569.0,2024-07-06,Île-de-France,11,1
78308,D,A,maison,1972,65.6,318.0,2024-07-07,Île-de-France,11,0
94273,C,C,immeuble,2004,37.6,212.0,2024-07-07,Île-de-France,11,0
93379,C,G,appartement,2019,84.9,249.0,2024-07-07,Île-de-France,11,0
93125,G,E,appartement,1953,52.2,332.0,2024-07-07,Île-de-France,11,1
77375,F,G,maison,1938,29.5,405.0,2024-07-08,Île-de-France,11,1
93228,C,D,maison,2007,24.8,293.0,2024-07-08,Île-de-France,11,0
93302,E,E,maison,1973,125.1,646.0,2024-07-08,Île-de-France,11,0
95145,D,D,immeuble,1992,31.0,205.0,2024-07-08,Île-de-France,11,0
94202,C,G,maison,1991,69.1,182.0,2024-07-09,Île-de-France,11,0
77311,D,A,maison,1978,42.0,188.0,2024-07-09,Île-de-France,11,0
92271,D,C,appartement,1967,43.9,177.0,2024-07-09,Île-de-France,11,0
75053,C,F,appartement,1993,60.5,239.0,2024-07-10,Île-de-France,11,0
92022,C,F,maison,2010,133.2,198.0,2024-07-10,Île-de-France,11,0
78203,D,E,immeuble,1985,65.5,237.0,2024-07-10,Île-de-France,11,0
95209,E,E,maison,1971,60.8,532.0,2024-07-10,Île-de-France,11,0
93182,E,D,maison,1969,91.2,621.0,2024-07-11,Île-de-France,11,0
95277,D,F,immeuble,1981,86.1,313.0,2024-07-11,Île-de-France,11,0
92032,E,E,appartement,1975,82.3,444.0,2024-07-11,Île-de-France,11,0
94134,C,E,maison,1997,71.4,268.0,2024-07-11,Île-de-France,11,0
75044,E,C,maison,1975,46.8,638.0,2024-07-12,Île-de-France,11,0
93060,B,D,immeuble,1996,66.6,137.0,2024-07-12,Île-de-France,11,0
95180,F,C,maison,1944,108.6,417.0,2024-07-12,Île-de-France,11,1
95217,C,E,appartement,1992,48.1,252.0,2024-07-12,Île-de-France,11,0
95347,F,F,maison,1965,104.6,539.0,2024-07-13,Île-de-France,11,1
92071,B,D,maison,2006,44.2,60.0,2024-07-13,Île-de-France,11,0
95041,D,C,appartement,1981,202.4,318.0,2024-07-13,Île-de-France,11,0
78196,C,F,appartement,1989,97.9,195.0,2024-07-13,Île-de-France,11,0
94096,D,C,maison,1978,31.1,261.0,2024-07-14,Île-de-France,11,0
93169,E,D,appartement,1986,81.1,610.0,2024-07-14,Île-de-France,11,0
94341,C,E,maison,1991,94.2,256.0,2024-07-14,Île-de-France,11,0
78093,D,D,appartement,1967,46.8,241.0,2024-07-14,Île-de-France,11,0
91364,G,F,maison,1925,58.1,657.0,2024-07-15,Île-de-France,11,1
94121,C,C,maison,2018,46.9,231.0,2024-07-15,Île-de-France,11,0
91041,D,F,maison,1968,45.9,182.0,2024-07-15,Île-de-France,11,0
91139,F,C,appartement,1949,48.3,610.0,2024-07-15,Île-de-France,11,1
77031,D,D,appartement,1980,129.0,318.0,2024-07-16,Île-de-France,11,0
78112,C,B,appartement,2016,48.8,194.0,2024-07-16,Île-de-France,11,0
95301,C,C,maison,1995,37.9,167.0,2024-07-16,Île-de-France,11,0
77319,G,E,appartement,1935,105.7,331.0,2024-07-16,Île-de-France,11,1
75046,D,G,appartement,1977,99.0,161.0,2024-07-17,Île-de-France,11,0
95228,D,F,maison,1974,81.0,305.0,2024-07-17,Île-de-France,11,0
77374,D,A,maison,1975,73.8,212.0,2024-07-17,Île-de-France,11,0
91014,B,G,appartement,2015,74.1,110.0,2024-07-17,Île-de-France,11,0
95119,E,E,maison,1994,80.3,529.0,2024-07-18,Île-de-France,11,0
94172,D,F,appartement,1991,42.3,246.0,2024-07-18,Île-de-France,11,0
95084,C,E,maison,2006,100.5,181.0,2024-07-18,Île-de-France,11,0
95027,D,G,immeuble,1976,62.6,224.0,2024-07-18,Île-de-France,11,0
78005,G,F,maison,1950,33.5,368.0,2024-07-19,Île-de-France,11,1
94386,A,C,immeuble,2018,96.4,123.0,2024-07-19,Île-de-France,11,0
94041,G,F,appartement,1928,49.8,333.0,2024-07-19,Île-de-France,11,1
95166,C,E,appartement,2015,37.8,285.0,2024-07-19,Île-de-France,11,0
91324,C,E,appartement,2019,51.4,203.0,2024-07-20,Île-de-France,11,0
77369,D,F,maison,1970,183.0,233.0,2024-07-20,Île-de-France,11,0
75002,D,G,maison,1978,35.7,186.0,2024-07-20,Île-de-France,11,0
95019,C,E,maison,1994,97.4,257.0,2024-07-21,Île-de-France,11,0
77175,C,G,maison,1988,62.5,310.0,2024-07-21,Île-de-France,11,0
91204,A,G,appartement,2015,104.3,144.0,2024-07-21,Île-de-France,11,0
91044,D,F,appartement,1993,58.6,213.0,2024-07-21,Île-de-France,11,0
94089,C,D,maison,1991,87.9,283.0,2024-07-22,Île-de-France,11,0
93366,D,E,appartement,1980,37.3,306.0,2024-07-22,Île-de-France,11,0
91092,D,E,maison,1969,82.8,189.0,2024-07-22,Île-de-France,11,0
92369,B,A,maison,1988,109.3,88.0,2024-07-22,Île-de-France,11,0
94239,C,F,maison,2012,27.1,199.0,2024-07-23,Île-de-France,11,0
92082,C,F,immeuble,2018,101.8,298.0,2024-07-23,Île-de-France,11,0
93240,D,G,maison,1970,191.1,252.0,2024-07-23,Île-de-France,11,0
94270,B,E,maison,2016,26.4,60.0,2024-07-23,Île-de-France,11,0
93232,B,E,appartement,2017,68.6,76.0,2024-07-24,Île-de-France,11,0
91387,C,E,maison,1994,68.3,324.0,2024-07-24,Île-de-France,11,0
95094,C,C,maison,2012,36.0,209.0,2024-07-24,Île-de-France,11,0
78151,C,D,maison,2018,92.9,218.0,2024-07-24,Île-de-France,11,0
93337,B,D,maison,1992,42.9,137.0,2024-07-25,Île-de-France,11,0
92354,D,F,immeuble,1987,91.2,317.0,2024-07-25,Île-de-France,11,0
93007,B,E,maison,1990,100.6,117.0,2024-07-25,Île-de-France,11,0
75041,E,B,appartement,1986,62.5,692.0,2024-07-25,Île-de-France,11,0
78214,E,C,appartement,1980,76.5,632.0,2024-07-26,Île-de-France,11,0
78227,D,E,immeuble,1978,135.5,177.0,2024-07-26,Île-de-France,11,0
93329,B,E,appartement,1992,46.2,108.0,2024-07-26,Île-de-France,11,0
94257,E,D,maison,1972,57.7,485.0,2024-07-26,Île-de-France,11,0
91258,C,G,appartement,2015,32.7,271.0,2024-07-27,Île-de-France,11,0
78104,D,D,maison,1990,26.1,321.0,2024-07-27,Île-de-France,11,0
78081,F,E,appartement,1936,108.9,468.0,2024-07-27,Île-de-France,11,1
93259,D,D,maison,1982,85.3,270.0,2024-07-27,Île-de-France,11,0
93375,D,D,maison,1974,88.5,287.0,2024-07-28,Île-de-France,11,0
91355,E,F,appartement,1973,35.1,579.0,2024-07-28,Île-de-France,11,0
94135,D,D,maison,1970,93.9,167.0,2024-07-28,Île-de-France,11,0
95353,G,G,maison,1941,123.4,425.0,2024-07-28,Île-de-France,11,1
95197,G,D,maison,1941,59.4,613.0,2024-07-29,Île-de-France,11,1
78341,C,C,appartement,2006,39.8,285.0,2024-07-29,Île-de-France,11,0
77346,F,F,appartement,1942,34.5,446.0,2024-07-29,Île-de-France,11,1
95246,D,G,maison,1977,66.4,154.0,2024-07-29,Île-de-France,11,0
77161,A,D,maison,2015,63.5,79.0,2024-07-30,Île-de-France,11,0
94059,C,C,maison,2003,107.4,159.0,2024-07-30,Île-de-France,11,0
92372,E,C,maison,1976,26.9,529.0,2024-07-30,Île-de-France,11,0
95388,D,E,maison,1986,97.7,219.0,2024-07-31,Île-de-France,11,0
94338,G,E,maison,1944,100.8,401.0,2024-07-31,Île-de-France,11,1
91391,C,D,maison,2016,146.9,176.0,2024-07-31,Île-de-France,11,0
91163,F,C,maison,1969,75.7,572.0,2024-07-31,Île-de-France,11,1
94316,E,D,maison,1970,173.9,422.0,2024-08-01,Île-de-France,11,0
95391,G,C,appartement,1942,60.0,344.0,2024-08-01,Île-de-France,11,1
94047,C,E,maison,1998,51.5,275.0,2024-08-01,Île-de-France,11,0
95249,E,C,maison,1990,58.4,370.0,2024-08-01,Île-de-France,11,0
92248,E,G,maison,1973,21.9,690.0,2024-08-02,Île-de-France,11,0
92025,B,E,appartement,2003,91.7,54.0,2024-08-02,Île-de-France,11,0
93083,F,A,maison,1934,59.8,607.0,2024-08-02,Île-de-France,11,1
94170,C,E,maison,1997,40.3,288.0,2024-08-02,Île-de-France,11,0
77065,E,D,maison,1994,63.9,337.0,2024-08-03,Île-de-France,11,0
77270,E,E,appartement,1973,45.1,462.0,2024-08-03,Île-de-France,11,0
93148,F,E,maison,1972,55.1,523.0,2024-08-03,Île-de-France,11,1
75002,C,C,maison,1992,242.6,166.0,2024-08-03,Île-de-France,11,0
95185,F,F,maison,1974,68.2,564.0,2024-08-04,Île-de-France,11,1
91068,C,B,immeuble,2012,241.6,217.0,2024-08-04,Île-de-France,11,0
92223,C,E,maison,1995,53.9,170.0,2024-08-04,Île-de-France,11,0
95205,C,F,maison,1986,112.7,238.0,2024-08-04,Île-de-France,11,0
92376,B,F,appartement,2011,47.9,119.0,2024-08-05,Île-de-France,11,0
92216,E,E,appartement,1966,84.8,382.0,2024-08-05,Île-de-France,11,0
78003,C,G,maison,2001,60.6,248.0,2024-08-05,Île-de-France,11,0
94076,G,C,maison,1937,143.5,385.0,2024-08-05,Île-de-France,11,1
78249,C,D,appartement,2011,79.7,300.0,2024-08-06,Île-de-France,11,0
91204,F,A,maison,1948,90.6,369.0,2024-08-06,Île-de-France,11,1
94041,B,E,maison,1990,50.2,114.0,2024-08-06,Île-de-France,11,0
77022,D,E,maison,1976,97.0,293.0,2024-08-06,Île-de-France,11,0
91115,G,D,appartement,1958,52.2,509.0,2024-08-07,Île-de-France,11,1
95142,B,D,appartement,2015,62.4,60.0,2024-08-07,Île-de-France,11,0
93281,C,D,appartement,1993,136.5,159.0,2024-08-07,Île-de-France,11,0
78073,D,G,maison,1985,154.7,167.0,2024-08-07,Île-de-France,11,0
92254,E,G,maison,1975,41.4,696.0,2024-08-08,Île-de-France,11,0
91183,D,E,appartement,1980,40.1,162.0,2024-08-08,Île-de-France,11,0
94191,F,G,appartement,1962,53.9,408.0,2024-08-08,Île-de-France,11,1
75001,C,E,maison,1993,44.8,277.0,2024-08-08,Île-de-France,11,0
92165,D,C,appartement,1990,51.2,214.0,2024-08-09,Île-de-France,11,0
95328,C,F,maison,2014,137.5,276.0,2024-08-09,Île-de-France,11,0
92164,D,G,maison,1979,62.6,319.0,2024-08-09,Île-de-France,11,0
91357,E,E,maison,1973,71.5,453.0,2024-08-09,Île-de-France,11,0
78318,E,G,maison,1993,84.5,422.0,2024-08-10,Île-de-France,11,0
93299,G,C,appartement,1940,144.4,632.0,2024-08-10,Île-de-France,11,1
77211,G,E,maison,1943,51.3,587.0,2024-08-10,Île-de-France,11,1
75019,D,D,maison,1975,121.2,319.0,2024-08-11,Île-de-France,11,0
77012,C,F,maison,2000,80.6,257.0,2024-08-11,Île-de-France,11,0
92394,C,E,maison,2007,154.6,230.0,2024-08-11,Île-de-France,11,0
94382,D,G,maison,1992,89.0,164.0,2024-08-11,Île-de-France,11,0
92316,E,D,appartement,1967,59.2,334.0,2024-08-12,Île-de-France,11,0
95233,E,D,maison,1966,188.5,572.0,2024-08-12,Île-de-France,11,0
95186,D,E,appartement,1979,70.8,200.0,2024-08-12,Île-de-France,11,0
94158,E,F,maison,1972,83.0,427.0,2024-08-12,Île-de-France,11,0
77259,D,E,maison,1974,113.6,199.0,2024-08-13,Île-de-France,11,0
95090,D,C,maison,1970,54.8,223.0,2024-08-13,Île-de-France,11,0
92008,D,E,appartement,1982,51.0,325.0,2024-08-13,Île-de-France,11,0
94074,C,E,appartement,2011,158.9,278.0,2024-08-13,Île-de-France,11,0
94395,E,F,appartement,1987,166.6,431.0,2024-08-14,Île-de-France,11,0
92152,F,D,appartement,1950,67.5,453.0,2024-08-14,Île-de-France,11,1
95123,D,F,appartement,1965,32.3,213.0,2024-08-14,Île-de-France,11,0
95237,D,A,appartement,1967,47.2,253.0,2024-08-14,Île-de-France,11,0
75147,D,E,appartement,1985,77.8,197.0,2024-08-15,Île-de-France,11,0
91310,C,D,maison,1990,69.7,224.0,2024-08-15,Île-de-France,11,0
94180,D,D,immeuble,1970,67.7,215.0,2024-08-15,Île-de-France,11,0
92328,F,B,appartement,1920,50.4,379.0,2024-08-15,Île-de-France,11,1
78062,E,D,appartement,1988,66.3,637.0,2024-08-16,Île-de-France,11,0
91262,C,F,appartement,2012,39.0,220.0,2024-08-16,Île-de-France,11,0
94388,F,C,maison,1945,55.2,476.0,2024-08-16,Île-de-France,11,1
95312,E,C,appartement,1989,35.1,491.0,2024-08-16,Île-de-France,11,0
94395,D,C,appartement,1990,57.9,279.0,2024-08-17,Île-de-France,11,0
93363,C,E,maison,2015,102.1,159.0,2024-08-17,Île-de-France,11,0
95054,F,D,maison,1963,57.1,335.0,2024-08-17,Île-de-France,11,1
77394,F,F,maison,1943,48.1,633.0,2024-08-17,Île-de-France,11,1
91147,E,G,maison,1978,93.8,579.0,2024-08-18,Île-de-France,11,0
91025,B,D,maison,2019,77.5,66.0,2024-08-18,Île-de-France,11,0
78216,D,F,maison,1970,113.1,227.0,2024-08-18,Île-de-France,11,0
94088,F,D,maison,1970,76.1,544.0,2024-08-18,Île-de-France,11,1
91148,D,G,appartement,1981,99.0,188.0,2024-08-19,Île-de-France,11,0
94369,D,A,appartement,1967,64.8,210.0,2024-08-19,Île-de-France,11,0
94024,E,F,maison,1975,72.9,408.0,2024-08-19,Île-de-France,11,0
91178,D,E,maison,1978,76.7,236.0,2024-08-19,Île-de-France,11,0
93228,C,G,maison,1986,79.1,275.0,2024-08-20,Île-de-France,11,0
93099,D,G,appartement,1982,67.9,227.0,2024-08-20,Île-de-France,11,0
95142,D,D,maison,1981,77.1,187.0,2024-08-20,Île-de-France,11,0
77306,C,D,appartement,1986,62.4,192.0,2024-08-20,Île-de-France,11,0
92355,C,D,maison,1996,60.6,266.0,2024-08-21,Île-de-France,11,0
95008,C,F,appartement,1986,36.9,158.0,2024-08-21,Île-de-France,11,0
95393,D,F,maison,1976,94.3,215.0,2024-08-21,Île-de-France,11,0
91327,F,B,maison,1945,86.3,421.0,2024-08-22,Île-de-France,11,1
93052,C,D,appartement,1998,232.5,263.0,2024-08-22,Île-de-France,11,0
93184,E,G,appartement,1969,56.5,436.0,2024-08-22,Île-de-France,11,0
77293,B,F,maison,2017,61.5,87.0,2024-08-22,Île-de-France,11,0
92207,E,F,appartement,1967,21.0,464.0,2024-08-23,Île-de-France,11,0
93316,E,D,maison,1984,41.2,573.0,2024-08-23,Île-de-France,11,0
92010,D,B,maison,1991,78.5,216.0,2024-08-23,Île-de-France,11,0
93095,E,B,maison,1966,44.9,334.0,2024-08-23,Île-de-France,11,0
95311,C,E,immeuble,1995,52.6,234.0,2024-08-24,Île-de-France,11,0
94133,A,E,maison,2015,71.3,73.0,2024-08-24,Île-de-France,11,0
91047,F,B,maison,1922,41.8,486.0,2024-08-24,Île-de-France,11,1
95178,E,A,appartement,1966,45.2,493.0,2024-08-24,Île-de-France,11,0
93154,D,C,maison,1974,56.7,227.0,2024-08-25,Île-de-France,11,0
95309,A,D,maison,2008,27.9,60.0,2024-08-25,Île-de-France,11,0
78389,F,E,maison,1967,53.7,687.0,2024-08-25,Île-de-France,11,1
95231,G,E,maison,1938,116.5,436.0,2024-08-25,Île-de-France,11,1
95035,D,C,appartement,1980,36.6,202.0,2024-08-26,Île-de-France,11,0
95201,F,E,maison,1950,84.1,607.0,2024-08-26,Île-de-France,11,1
92220,C,B,immeuble,1997,112.2,176.0,2024-08-26,Île-de-France,11,0
94043,D,G,maison,1982,30.2,244.0,2024-08-26,Île-de-France,11,0
91112,C,D,maison,2013,87.8,166.0,2024-08-27,Île-de-France,11,0
92173,D,F,maison,1986,79.4,281.0,2024-08-27,Île-de-France,11,0
95211,E,D,maison,1989,185.2,476.0,2024-08-27,Île-de-France,11,0
91342,C,D,maison,2005,164.0,316.0,2024-08-27,Île-de-France,11,0
95263,C,C,appartement,1987,69.5,211.0,2024-08-28,Île-de-France,11,0
94012,C,G,maison,1999,49.7,197.0,2024-08-28,Île-de-France,11,0
93254,B,F,maison,2009,59.0,131.0,2024-08-28,Île-de-France,11,0
77300,B,E,appartement,2012,136.4,90.0,2024-08-28,Île-de-France,11,0
78335,A,B,maison,2013,73.4,126.0,2024-08-29,Île-de-France,11,0
95139,C,F,appartement,1987,57.4,245.0,2024-08-29,Île-de-France,11,0
93392,D,B,maison,1969,47.3,189.0,2024-08-29,Île-de-France,11,0
95174,B,C,appartement,1999,72.7,147.0,2024-08-29,Île-de-France,11,0
77248,F,E,maison,1931,39.4,638.0,2024-08-30,Île-de-France,11,1
77097,F,F,maison,1950,129.8,495.0,2024-08-30,Île-de-France,11,1
91144,G,E,appartement,1944,55.5,686.0,2024-08-30,Île-de-France,11,1
91012,D,D,maison,1974,65.9,182.0,2024-08-30,Île-de-France,11,0
77265,G,D,maison,1932,65.7,398.0,2024-08-31,Île-de-France,11,1
92174,D,E,appartement,1990,100.2,240.0,2024-08-31,Île-de-France,11,0
94190,C,G,maison,1989,69.5,217.0,2024-08-31,Île-de-France,11,0
91330,E,D,appartement,1969,75.6,520.0,2024-08-31,Île-de-France,11,0
93374,D,A,maison,1979,35.5,251.0,2024-09-01,Île-de-France,11,0
75135,G,C,maison,1956,59.4,467.0,2024-09-01,Île-de-France,11,1
94102,E,G,appartement,1977,157.2,380.0,2024-09-01,Île-de-France,11,0
92180,D,B,appartement,1974,51.7,175.0,2024-09-02,Île-de-France,11,0
91287,B,B,maison,2000,111.1,66.0,2024-09-02,Île-de-France,11,0
77157,D,F,maison,1977,295.4,171.0,2024-09-02,Île-de-France,11,0
95010,D,F,appartement,1965,62.9,262.0,2024-09-02,Île-de-France,11,0
91245,D,C,appartement,1982,86.7,233.0,2024-09-03,Île-de-France,11,0
92121,C,D,maison,2015,100.1,259.0,2024-09-03,Île-de-France,11,0
94154,D,F,appartement,1990,42.3,201.0,2024-09-03,Île-de-France,11,0
92022,A,E,appartement,2019,101.4,147.0,2024-09-03,Île-de-France,11,0
91393,C,E,immeuble,2015,52.8,225.0,2024-09-04,Île-de-France,11,0
78118,C,F,maison,2016,74.2,183.0,2024-09-04,Île-de-France,11,0
92300,C,G,appartement,1985,25.5,202.0,2024-09-04,Île-de-France,11,0
78263,E,C,appartement,1967,53.0,632.0,2024-09-04,Île-de-France,11,0
94341,G,C,appartement,1929,48.1,529.0,2024-09-05,Île-de-France,11,1
91029,D,A,maison,1965,63.2,209.0,2024-09-05,Île-de-France,11,0
78095,B,F,maison,2002,32.7,111.0,2024-09-05,Île-de-France,11,0
94372,F,F,maison,1938,96.5,675.0,2024-09-05,Île-de-France,11,1
91246,G,G,appartement,1956,90.8,480.0,2024-09-06,Île-de-France,11,1
93235,D,G,maison,1970,66.4,161.0,2024-09-06,Île-de-France,11,0
91238,E,D,appartement,1969,87.6,377.0,2024-09-06,Île-de-France,11,0
94088,E,E,appartement,1966,18.0,497.0,2024-09-06,Île-de-France,11,0
77127,G,E,appartement,1954,51.8,598.0,2024-09-07,Île-de-France,11,1
78069,D,F,appartement,1968,101.6,239.0,2024-09-07,Île-de-France,11,0
93271,C,F,appartement,2010,41.8,209.0,2024-09-07,Île-de-France,11,0
92073,C,D,maison,1999,64.3,160.0,2024-09-07,Île-de-France,11,0
94399,D,G,maison,1985,64.7,223.0,2024-09-08,Île-de-France,11,0
92097,B,C,maison,2014,71.0,63.0,2024-09-08,Île-de-France,11,0
93119,G,B,appartement,1962,39.3,611.0,2024-09-08,Île-de-France,11,1
93143,D,E,immeuble,1980,106.1,292.0,2024-09-08,Île-de-France,11,0
94176,A,E,appartement,2013,62.0,120.0,2024-09-09,Île-de-France,11,0
92282,C,E,appartement,1986,57.0,289.0,2024-09-09,Île-de-France,11,0
75112,F,D,maison,1949,145.7,370.0,2024-09-09,Île-de-France,11,1
77256,C,D,maison,1990,60.8,223.0,2024-09-09,Île-de-France,11,0
77162,E,E,appartement,1993,92.7,491.0,2024-09-10,Île-de-France,11,0
77167,G,E,maison,1954,105.7,426.0,2024-09-10,Île-de-France,11,1
94124,E,E,maison,1987,96.0,416.0,2024-09-10,Île-de-France,11,0
92348,F,E,appartement,1920,69.7,430.0,2024-09-10,Île-de-France,11,1
91114,A,F,appartement,1987,74.8,98.0,2024-09-11,Île-de-France,11,0
91167,C,D,appartement,1994,53.2,309.0,2024-09-11,Île-de-France,11,0
78073,C,C,maison,2010,93.9,307.0,2024-09-11,Île-de-France,11,0
92026,B,B,maison,1995,64.1,125.0,2024-09-11,Île-de-France,11,0
92228,F,F,appartement,1967,60.0,481.0,2024-09-12,Île-de-France,11,1
75028,E,C,appartement,1989,110.3,558.0,2024-09-12,Île-de-France,11,0
78019,D,D,appartement,1994,64.5,195.0,2024-09-12,Île-de-France,11,0
92109,E,D,maison,1983,45.4,527.0,2024-09-13,Île-de-France,11,0
77054,D,E,maison,1989,88.5,200.0,2024-09-13,Île-de-France,11,0
78373,E,E,maison,1986,50.3,382.0,2024-09-13,Île-de-France,11,0
93194,G,F,appartement,1923,79.1,432.0,2024-09-13,Île-de-France,11,1
94155,D,D,immeuble,1994,32.8,214.0,2024-09-14,Île-de-France,11,0
92198,D,D,appartement,1988,22.6,166.0,2024-09-14,Île-de-France,11,0
91261,D,B,appartement,1970,62.2,309.0,2024-09-14,Île-de-France,11,0
95014,B,D,immeuble,2011,59.7,136.0,2024-09-14,Île-de-France,11,0
95377,E,E,appartement,1965,87.6,378.0,2024-09-15,Île-de-France,11,0
95260,D,D,appartement,1979,39.0,316.0,2024-09-15,Île-de-France,11,0
78018,D,D,immeuble,1969,69.5,258.0,2024-09-15,Île-de-France,11,0
78337,D,D,appartement,1987,46.2,205.0,2024-09-15,Île-de-France,11,0
93012,F,F,maison,1928,107.8,563.0,2024-09-16,Île-de-France,11,1
78083,E,E,appartement,1987,40.7,535.0,2024-09-16,Île-de-France,11,0
91221,D,E,immeuble,1984,51.0,239.0,2024-09-16,Île-de-France,11,0
78104,E,C,appartement,1977,41.0,536.0,2024-09-16,Île-de-France,11,0
77262,E,F,maison,1986,53.5,475.0,2024-09-17,Île-de-France,11,0
95094,E,E,maison,1974,78.2,380.0,2024-09-17,Île-de-France,11,0
94348,G,G,appartement,1973,100.3,653.0,2024-09-17,Île-de-France,11,1
95381,F,C,maison,1956,176.4,588.0,2024-09-17,Île-de-France,11,1
77010,C,G,immeuble,2014,85.5,264.0,2024-09-18,Île-de-France,11,0
95273,C,E,maison,2019,72.6,248.0,2024-09-18,Île-de-France,11,0
92069,C,C,maison,2017,122.8,276.0,2024-09-18,Île-de-France,11,0
75081,F,D,maison,1960,84.6,435.0,2024-09-18,Île-de-France,11,1
91227,E,G,immeuble,1980,59.5,668.0,2024-09-19,Île-de-France,11,0
78097,E,A,appartement,1992,40.7,523.0,2024-09-19,Île-de-France,11,0
78278,A,C,maison,1987,96.1,51.0,2024-09-19,Île-de-France,11,0
77363,B,D,appartement,2000,149.0,51.0,2024-09-19,Île-de-France,11,0
94389,D,E,appartement,1990,48.2,207.0,2024-09-20,Île-de-France,11,0
91217,D,D,immeuble,1989,122.5,237.0,2024-09-20,Île-de-France,11,0
94023,E,G,maison,1979,28.5,658.0,2024-09-20,Île-de-France,11,0
93310,C,G,appartement,1990,139.2,226.0,2024-09-20,Île-de-France,11,0
91265,E,F,appartement,1978,86.3,447.0,2024-09-21,Île-de-France,11,0
91385,E,E,appartement,1970,37.3,479.0,2024-09-21,Île-de-France,11,0
92108,F,A,maison,1961,80.7,691.0,2024-09-21,Île-de-France,11,1
91375,D,E,appartement,1984,19.1,210.0,2024-09-21,Île-de-France,11,0
92234,E,F,appartement,1971,57.2,665.0,2024-09-22,Île-de-France,11,0
94116,D,E,maison,1979,76.1,227.0,2024-09-22,Île-de-France,11,0
94300,C,C,maison,2007,55.7,265.0,2024-09-22,Île-de-France,11,0
77113,F,G,maison,1954,34.5,406.0,2024-09-22,Île-de-France,11,1
78309,D,F,maison,1978,57.5,275.0,2024-09-23,Île-de-France,11,0
91011,D,G,maison,1991,155.2,244.0,2024-09-23,Île-de-France,11,0
77279,D,G,maison,1984,48.6,280.0,2024-09-23,Île-de-France,11,0
95103,E,F,appartement,1985,48.4,371.0,2024-09-24,Île-de-France,11,0
95393,D,G,appartement,1968,85.8,257.0,2024-09-24,Île-de-France,11,0
91024,D,G,immeuble,1983,66.9,169.0,2024-09-24,Île-de-France,11,0
94381,F,F,appartement,1926,67.0,683.0,2024-09-24,Île-de-France,11,1
95194,D,D,immeuble,1968,82.7,235.0,2024-09-25,Île-de-France,11,0
92257,C,D,appartement,2006,90.9,267.0,2024-09-25,Île-de-France,11,0
77099,F,D,appartement,1968,109.7,418.0,2024-09-25,Île-de-France,11,1
78367,E,D,appartement,1978,51.9,574.0,2024-09-25,Île-de-France,11,0
95125,D,A,maison,1983,28.1,188.0,2024-09-26,Île-de-France,11,0
91190,A,D,appartement,2005,82.5,136.0,2024-09-26,Île-de-France,11,0
77106,G,F,appartement,1921,97.7,343.0,2024-09-26,Île-de-France,11,1
77313,D,E,appartement,1967,41.8,267.0,2024-09-26,Île-de-France,11,0
93112,G,A,maison,1942,39.4,385.0,2024-09-27,Île-de-France,11,1
78037,D,F,appartement,1985,82.5,203.0,2024-09-27,Île-de-France,11,0
78360,E,E,maison,1973,86.3,338.0,2024-09-27,Île-de-France,11,0
95217,D,F,appartement,1970,71.5,191.0,2024-09-27,Île-de-France,11,0
77189,D,F,appartement,1976,148.3,197.0,2024-09-28,Île-de-France,11,0
95360,E,E,appartement,1993,45.8,570.0,2024-09-28,Île-de-France,11,0
94198,D,D,maison,1982,59.1,316.0,2024-09-28,Île-de-France,11,0
91300,A,F,appartement,1986,63.7,130.0,2024-09-28,Île-de-France,11,0
91097,D,C,maison,1975,23.4,177.0,2024-09-29,Île-de-France,11,0
91089,F,F,maison,1952,44.1,552.0,2024-09-29,Île-de-France,11,1
93198,A,D,appartement,1991,32.3,95.0,2024-09-29,Île-de-France,11,0
91046,C,E,maison,2014,202.3,166.0,2024-09-29,Île-de-France,11,0
94086,C,C,immeuble,1989,160.4,236.0,2024-09-30,Île-de-France,11,0
77196,E,E,maison,1990,163.5,578.0,2024-09-30,Île-de-France,11,0
95275,F,F,maison,1953,41.9,480.0,2024-09-30,Île-de-France,11,1
91120,E,B,maison,1992,29.6,580.0,2024-09-30,Île-de-France,11,0
92053,C,E,maison,2011,96.7,216.0,2024-10-01,Île-de-France,11,0
95018,C,E,appartement,1998,43.6,197.0,2024-10-01,Île-de-France,11,0
92358,B,E,appartement,1999,136.4,90.0,2024-10-01,Île-de-France,11,0
95288,C,G,appartement,1999,57.1,323.0,2024-10-01,Île-de-France,11,0
91244,C,D,appartement,2010,45.6,212.0,2024-10-02,Île-de-France,11,0
94350,E,G,appartement,1992,47.6,333.0,2024-10-02,Île-de-France,11,0
78153,G,F,appartement,1972,52.0,374.0,2024-10-02,Île-de-France,11,1
92300,C,D,maison,2000,79.0,190.0,2024-10-02,Île-de-France,11,0
75029,E,F,maison,1988,131.2,468.0,2024-10-03,Île-de-France,11,0
91360,C,D,maison,2014,104.1,308.0,2024-10-03,Île-de-France,11,0
75125,E,C,appartement,1984,50.4,696.0,2024-10-03,Île-de-France,11,0
91234,F,F,maison,1931,78.2,401.0,2024-10-03,Île-de-France,11,1
77183,C,B,appartement,2000,101.6,179.0,2024-10-04,Île-de-France,11,0
94364,E,D,maison,1994,164.4,391.0,2024-10-04,Île-de-France,11,0
93211,D,E,maison,1990,64.9,289.0,2024-10-04,Île-de-France,11,0
94377,C,G,maison,1992,73.2,232.0,2024-10-05,Île-de-France,11,0
77154,E,D,maison,1990,84.3,533.0,2024-10-05,Île-de-France,11,0
92117,E,D,maison,1976,43.6,614.0,2024-10-05,Île-de-France,11,0
94017,E,A,appartement,1975,146.8,680.0,2024-10-05,Île-de-France,11,0
93051,B,D,appartement,2001,99.3,128.0,2024-10-06,Île-de-France,11,0
91030,E,F,maison,1988,150.7,501.0,2024-10-06,Île-de-France,11,0
78328,G,G,maison,1929,132.1,341.0,2024-10-06,Île-de-France,11,1
75149,D,G,appartement,1991,28.6,231.0,2024-10-06,Île-de-France,11,0
95017,E,D,appartement,1989,62.5,666.0,2024-10-07,Île-de-France,11,0
92057,D,F,appartement,1965,55.2,168.0,2024-10-07,Île-de-France,11,0
95150,B,C,appartement,2004,56.0,89.0,2024-10-07,Île-de-France,11,0
75088,C,E,appartement,1994,65.3,281.0,2024-10-07,Île-de-France,11,0
91350,D,E,appartement,1994,164.7,245.0,2024-10-08,Île-de-France,11,0
94051,D,G,appartement,1981,141.1,249.0,2024-10-08,Île-de-France,11,0
91123,D,D,appartement,1990,48.2,223.0,2024-10-08,Île-de-France,11,0
93226,C,F,appartement,2017,333.8,283.0,2024-10-08,Île-de-France,11,0
92375,C,C,appartement,1988,74.7,230.0,2024-10-09,Île-de-France,11,0
94271,B,F,appartement,2010,76.0,72.0,2024-10-09,Île-de-France,11,0
91172,E,D,maison,1967,77.3,571.0,2024-10-09,Île-de-France,11,0
93326,G,E,appartement,1937,133.2,524.0,2024-10-09,Île-de-France,11,1
93171,E,C,maison,1992,115.5,675.0,2024-10-10,Île-de-France,11,0
78209,D,F,appartement,1987,210.0,312.0,2024-10-10,Île-de-France,11,0
91134,D,D,appartement,1989,79.6,160.0,2024-10-10,Île-de-France,11,0
91283,E,G,maison,1975,69.4,636.0,2024-10-10,Île-de-France,11,0
91143,D,E,appartement,1991,50.9,269.0,2024-10-11,Île-de-France,11,0
77189,D,D,maison,1972,77.7,156.0,2024-10-11,Île-de-France,11,0
77046,D,F,immeuble,1987,28.3,171.0,2024-10-11,Île-de-France,11,0
94352,A,F,maison,2014,43.0,82.0,2024-10-11,Île-de-France,11,0
91307,G,F,appartement,1957,219.9,351.0,2024-10-12,Île-de-France,11,1
91228,F,E,maison,1949,33.2,465.0,2024-10-12,Île-de-France,11,1
78160,E,B,maison,1976,167.5,558.0,2024-10-12,Île-de-France,11,0
77001,C,D,appartement,1985,127.2,223.0,2024-10-12,Île-de-France,11,0
94320,F,D,appartement,1962,118.6,698.0,2024-10-13,Île-de-France,11,1
95255,D,E,appartement,1967,84.8,160.0,2024-10-13,Île-de-France,11,0
77047,D,E,appartement,1966,90.7,172.0,2024-10-13,Île-de-France,11,0
77135,C,G,appartement,2016,93.0,161.0,2024-10-13,Île-de-France,11,0
95010,G,D,maison,1957,93.6,429.0,2024-10-14,Île-de-France,11,1
78232,E,E,appartement,1973,70.8,649.0,2024-10-14,Île-de-France,11,0
77099,D,F,maison,1977,92.6,157.0,2024-10-14,Île-de-France,11,0
75142,G,D,appartement,1949,129.8,656.0,2024-10-14,Île-de-France,11,1
77342,G,C,appartement,1958,50.2,375.0,2024-10-15,Île-de-France,11,1
77297,D,C,maison,1986,43.4,226.0,2024-10-15,Île-de-France,11,0
95208,C,G,appartement,2001,100.9,187.0,2024-10-15,Île-de-France,11,0
95253,A,B,appartement,1989,35.2,81.0,2024-10-16,Île-de-France,11,0
75108,D,E,maison,1967,86.3,205.0,2024-10-16,Île-de-France,11,0
77114,D,E,appartement,1986,107.3,179.0,2024-10-16,Île-de-France,11,0
92344,C,E,appartement,2006,114.8,165.0,2024-10-16,Île-de-France,11,0
92069,B,F,appartement,2014,94.5,86.0,2024-10-17,Île-de-France,11,0
93095,C,E,maison,2001,36.2,196.0,2024-10-17,Île-de-France,11,0
91172,C,D,appartement,1998,39.0,270.0,2024-10-17,Île-de-France,11,0
92383,E,F,maison,1970,44.1,453.0,2024-10-17,Île-de-France,11,0
93318,E,E,maison,1987,56.7,397.0,2024-10-18,Île-de-France,11,0
92115,B,B,maison,2016,32.8,134.0,2024-10-18,Île-de-France,11,0
95195,G,C,appartement,1932,81.3,433.0,2024-10-18,Île-de-France,11,1
92125,A,D,maison,2015,95.1,54.0,2024-10-18,Île-de-France,11,0
92267,A,E,maison,2003,62.2,105.0,2024-10-19,Île-de-France,11,0
93063,B,E,maison,2013,22.3,121.0,2024-10-19,Île-de-France,11,0
94192,D,F,maison,1979,79.6,270.0,2024-10-19,Île-de-France,11,0
78014,D,E,maison,1978,57.1,232.0,2024-10-19,Île-de-France,11,0
92229,C,D,appartement,1993,105.0,258.0,2024-10-20,Île-de-France,11,0
78238,E,E,appartement,1966,90.1,473.0,2024-10-20,Île-de-France,11,0
91280,F,E,immeuble,1973,82.4,668.0,2024-10-20,Île-de-France,11,1
94249,D,F,appartement,1990,109.5,293.0,2024-10-20,Île-de-France,11,0
91266,G,E,maison,1923,201.4,613.0,2024-10-21,Île-de-France,11,1
92055,C,E,maison,1995,58.7,249.0,2024-10-21,Île-de-France,11,0
94164,D,G,maison,1992,84.4,241.0,2024-10-21,Île-de-France,11,0
92109,D,C,maison,1966,102.3,204.0,2024-10-21,Île-de-France,11,0
94076,E,E,appartement,1994,111.3,539.0,2024-10-22,Île-de-France,11,0
93329,A,E,appartement,1992,138.9,71.0,2024-10-22,Île-de-France,11,0
93151,E,A,appartement,1968,60.2,408.0,2024-10-22,Île-de-France,11,0
92351,D,F,appartement,1970,100.3,169.0,2024-10-22,Île-de-France,11,0
91058,F,C,maison,1962,134.2,488.0,2024-10-23,Île-de-France,11,1
77134,F,E,maison,1971,116.0,672.0,2024-10-23,Île-de-France,11,1
93380,C,E,maison,2016,161.1,317.0,2024-10-23,Île-de-France,11,0
94354,C,C,maison,1998,53.8,170.0,2024-10-23,Île-de-France,11,0
93088,D,E,appartement,1986,59.0,247.0,2024-10-24,Île-de-France,11,0
94121,D,A,maison,1966,78.0,183.0,2024-10-24,Île-de-France,11,0
78213,G,G,appartement,1929,109.5,458.0,2024-10-24,Île-de-France,11,1
93240,D,C,maison,1980,105.5,255.0,2024-10-24,Île-de-France,11,0
92312,D,G,appartement,1993,88.5,181.0,2024-10-25,Île-de-France,11,0
93319,E,G,maison,1965,42.0,458.0,2024-10-25,Île-de-France,11,0
77384,C,C,appartement,1999,74.4,251.0,2024-10-25,Île-de-France,11,0
94067,F,D,maison,1967,50.8,352.0,2024-10-25,Île-de-France,11,1
77021,D,G,maison,1989,80.9,206.0,2024-10-26,Île-de-France,11,0
91125,F,F,maison,1948,92.4,546.0,2024-10-26,Île-de-France,11,1
94269,B,D,maison,1993,61.8,67.0,2024-10-26,Île-de-France,11,0
94006,G,D,immeuble,1944,104.1,362.0,2024-10-27,Île-de-France,11,1
91090,C,E,appartement,2013,60.9,310.0,2024-10-27,Île-de-France,11,0
91260,B,D,maison,1990,47.5,107.0,2024-10-27,Île-de-France,11,0
94271,D,D,appartement,1983,45.4,274.0,2024-10-27,Île-de-France,11,0
93227,E,G,appartement,1994,112.4,537.0,2024-10-28,Île-de-France,11,0
93286,D,C,appartement,1984,98.1,302.0,2024-10-28,Île-de-France,11,0
95180,D,E,appartement,1981,67.7,286.0,2024-10-28,Île-de-France,11,0
95260,F,E,appartement,1969,43.0,491.0,2024-10-28,Île-de-France,11,1
93357,D,E,maison,1992,70.2,192.0,2024-10-29,Île-de-France,11,0
92065,F,G,maison,1933,63.2,670.0,2024-10-29,Île-de-France,11,1
92269,D,F,maison,1982,83.9,178.0,2024-10-29,Île-de-France,11,0
94396,D,F,maison,1983,55.2,275.0,2024-10-29,Île-de-France,11,0
94032,C,F,appartement,1995,76.1,260.0,2024-10-30,Île-de-France,11,0
91275,F,E,maison,1941,114.1,479.0,2024-10-30,Île-de-France,11,1
92188,D,F,appartement,1982,96.9,207.0,2024-10-30,Île-de-France,11,0
93041,D,G,maison,1991,92.0,230.0,2024-10-30,Île-de-France,11,0
94195,C,D,appartement,2009,190.0,278.0,2024-10-31,Île-de-France,11,0
91045,C,D,appartement,1992,91.9,328.0,2024-10-31,Île-de-France,11,0
78397,F,C,maison,1947,69.4,377.0,2024-10-31,Île-de-France,11,1
91203,G,E,maison,1945,21.4,583.0,2024-10-31,Île-de-France,11,1
95150,C,E,appartement,1987,58.1,157.0,2024-11-01,Île-de-France,11,0
93167,E,C,maison,1982,48.8,661.0,2024-11-01,Île-de-France,11,0
94212,E,F,maison,1974,51.9,553.0,2024-11-01,Île-de-France,11,0
91044,C,C,maison,2014,46.2,194.0,2024-11-01,Île-de-France,11,0
77377,D,C,appartement,1985,126.8,178.0,2024-11-02,Île-de-France,11,0
95294,F,E,maison,1927,91.9,618.0,2024-11-02,Île-de-France,11,1
93053,G,G,maison,1970,91.1,511.0,2024-11-02,Île-de-France,11,1
95171,D,C,appartement,1977,45.5,170.0,2024-11-02,Île-de-France,11,0
78126,F,E,appartement,1923,109.8,641.0,2024-11-03,Île-de-France,11,1
95126,C,F,maison,1999,70.4,306.0,2024-11-03,Île-de-France,11,0
77241,C,E,maison,1988,41.7,299.0,2024-11-03,Île-de-France,11,0
77002,D,D,appartement,1987,123.3,276.0,2024-11-03,Île-de-France,11,0
77266,E,C,maison,1965,98.7,486.0,2024-11-04,Île-de-France,11,0
78280,D,D,appartement,1987,52.6,163.0,2024-11-04,Île-de-France,11,0
92150,B,E,maison,2002,106.6,138.0,2024-11-04,Île-de-France,11,0
93240,F,F,maison,1922,23.9,380.0,2024-11-04,Île-de-France,11,1
91302,C,D,appartement,2014,27.6,259.0,2024-11-05,Île-de-France,11,0
94283,C,B,maison,1985,65.3,161.0,2024-11-05,Île-de-France,11,0
94223,D,D,appartement,1993,193.3,198.0,2024-11-05,Île-de-France,11,0
91342,B,A,immeuble,2002,39.0,145.0,2024-11-05,Île-de-France,11,0
91209,G,D,maison,1936,114.7,565.0,2024-11-06,Île-de-France,11,1
78367,A,C,appartement,2000,34.8,63.0,2024-11-06,Île-de-France,11,0
77225,D,E,immeuble,1969,135.2,307.0,2024-11-06,Île-de-France,11,0
77075,E,E,appartement,1979,52.1,402.0,2024-11-07,Île-de-France,11,0
93142,A,D,appartement,2019,30.4,64.0,2024-11-07,Île-de-France,11,0
93274,C,C,appartement,2016,98.3,251.0,2024-11-07,Île-de-France,11,0
92344,A,C,appartement,1995,91.3,79.0,2024-11-07,Île-de-France,11,0
77089,D,G,appartement,1972,75.8,232.0,2024-11-08,Île-de-France,11,0
78004,E,G,maison,1965,55.3,410.0,2024-11-08,Île-de-France,11,0
92247,F,E,appartement,1969,96.5,608.0,2024-11-08,Île-de-France,11,1
78040,E,G,appartement,1976,46.4,564.0,2024-11-08,Île-de-France,11,0
92204,F,F,maison,1968,24.8,602.0,2024-11-09,Île-de-France,11,1
78124,D,A,maison,1988,74.0,324.0,2024-11-09,Île-de-France,11,0
77264,E,E,appartement,1978,69.2,369.0,2024-11-09,Île-de-France,11,0
75030,G,B,immeuble,1958,39.6,486.0,2024-11-09,Île-de-France,11,1
94322,C,E,appartement,2016,165.0,195.0,2024-11-10,Île-de-France,11,0
78212,C,E,appartement,2011,62.4,200.0,2024-11-10,Île-de-France,11,0
91015,B,F,appartement,1998,54.0,58.0,2024-11-10,Île-de-France,11,0
78308,E,D,appartement,1966,52.7,379.0,2024-11-10,Île-de-France,11,0
95243,D,B,immeuble,1988,22.0,238.0,2024-11-11,Île-de-France,11,0
94143,F,C,appartement,1958,36.0,597.0,2024-11-11,Île-de-France,11,1
91335,D,D,maison,1971,62.0,210.0,2024-11-11,Île-de-France,11,0
78171,F,B,maison,1962,42.3,359.0,2024-11-11,Île-de-France,11,1
93031,D,G,maison,1969,52.6,203.0,2024-11-12,Île-de-France,11,0
78377,E,D,maison,1966,72.2,524.0,2024-11-12,Île-de-France,11,0
77095,A,G,appartement,2006,37.8,120.0,2024-11-12,Île-de-France,11,0
95284,B,E,appartement,1995,52.5,148.0,2024-11-12,Île-de-France,11,0
93311,B,G,maison,1992,45.0,65.0,2024-11-13,Île-de-France,11,0
94162,C,F,maison,2017,82.5,325.0,2024-11-13,Île-de-France,11,0
78395,D,D,maison,1994,137.1,193.0,2024-11-13,Île-de-France,11,0
94192,D,E,maison,1967,46.0,309.0,2024-11-13,Île-de-France,11,0
92222,G,D,immeuble,1943,230.4,494.0,2024-11-14,Île-de-France,11,1
95236,D,B,appartement,1983,165.0,246.0,2024-11-14,Île-de-France,11,0
93379,A,D,appartement,1999,55.2,51.0,2024-11-14,Île-de-France,11,0
93075,D,F,maison,1979,140.9,278.0,2024-11-14,Île-de-France,11,0
92090,C,F,maison,2000,63.3,242.0,2024-11-15,Île-de-France,11,0
95361,C,G,maison,1996,110.6,157.0,2024-11-15,Île-de-France,11,0
91361,E,E,maison,1977,54.8,468.0,2024-11-15,Île-de-France,11,0
93104,B,E,maison,1997,91.9,141.0,2024-11-15,Île-de-France,11,0
75004,D,A,appartement,1976,94.7,286.0,2024-11-16,Île-de-France,11,0
92025,D,D,appartement,1987,49.5,173.0,2024-11-16,Île-de-France,11,0
94337,F,D,appartement,1936,111.4,437.0,2024-11-16,Île-de-France,11,1
91392,F,E,maison,1962,31.2,421.0,2024-11-16,Île-de-France,11,1
94146,E,D,appartement,1970,57.3,414.0,2024-11-17,Île-de-France,11,0
78232,F,F,maison,1965,164.4,340.0,2024-11-17,Île-de-France,11,1
93357,E,F,appartement,1970,41.5,684.0,2024-11-17,Île-de-France,11,0
92373,E,G,appartement,1965,112.2,376.0,2024-11-18,Île-de-France,11,0
77359,E,F,appartement,1987,52.6,390.0,2024-11-18,Île-de-France,11,0
95239,D,E,appartement,1988,84.2,183.0,2024-11-18,Île-de-France,11,0
93274,D,A,maison,1969,80.9,278.0,2024-11-18,Île-de-France,11,0
94008,G,E,maison,1931,58.7,663.0,2024-11-19,Île-de-France,11,1
94316,F,E,appartement,1932,177.9,498.0,2024-11-19,Île-de-France,11,1
77310,D,F,maison,1976,112.1,294.0,2024-11-19,Île-de-France,11,0
95120,D,F,appartement,1977,116.3,194.0,2024-11-19,Île-de-France,11,0
92060,C,E,immeuble,2017,107.0,230.0,2024-11-20,Île-de-France,11,0
95035,F,B,appartement,1933,63.0,432.0,2024-11-20,Île-de-France,11,1
78063,E,C,maison,1970,112.2,350.0,2024-11-20,Île-de-France,11,0
77155,D,C,appartement,1979,66.5,284.0,2024-11-20,Île-de-France,11,0
92230,G,F,maison,1970,62.1,639.0,2024-11-21,Île-de-France,11,1
91106,E,E,appartement,1988,92.3,392.0,2024-11-21,Île-de-France,11,0
94248,E,F,maison,1973,43.1,375.0,2024-11-21,Île-de-France,11,0
94398,D,E,maison,1982,45.4,281.0,2024-11-21,Île-de-France,11,0
93274,C,E,maison,2006,97.6,185.0,2024-11-22,Île-de-France,11,0
93112,G,F,maison,1946,121.2,624.0,2024-11-22,Île-de-France,11,1
91035,D,E,immeuble,1983,117.4,188.0,2024-11-22,Île-de-France,11,0
92225,F,B,maison,1950,52.6,511.0,2024-11-22,Île-de-France,11,1
92025,E,F,maison,1990,108.3,397.0,2024-11-23,Île-de-France,11,0
94017,D,B,maison,1966,80.3,235.0,2024-11-23,Île-de-France,11,0
78015,D,D,appartement,1968,105.2,303.0,2024-11-23,Île-de-France,11,0
78105,B,D,immeuble,1991,69.7,84.0,2024-11-23,Île-de-France,11,0
91352,D,B,appartement,1994,51.0,219.0,2024-11-24,Île-de-France,11,0
75145,G,F,maison,1972,127.3,468.0,2024-11-24,Île-de-France,11,1
91386,D,C,immeuble,1991,73.0,265.0,2024-11-24,Île-de-France,11,0
77183,E,F,maison,1986,76.0,644.0,2024-11-24,Île-de-France,11,0
93282,D,C,appartement,1974,86.6,293.0,2024-11-25,Île-de-France,11,0
95105,A,G,maison,1994,32.0,89.0,2024-11-25,Île-de-France,11,0
94096,E,G,appartement,1983,101.5,501.0,2024-11-25,Île-de-France,11,0
92055,E,D,immeuble,1975,99.9,534.0,2024-11-25,Île-de-France,11,0
93324,D,F,maison,1971,32.9,304.0,2024-11-26,Île-de-France,11,0
77259,D,E,appartement,1976,33.7,260.0,2024-11-26,Île-de-France,11,0
92128,D,D,maison,1974,74.7,227.0,2024-11-26,Île-de-France,11,0
92365,D,D,maison,1979,33.0,218.0,2024-11-26,Île-de-France,11,0
93250,C,E,appartement,2019,84.7,196.0,2024-11-27,Île-de-France,11,0
77122,G,E,appartement,1943,44.0,492.0,2024-11-27,Île-de-France,11,1
95149,A,F,appartement,2007,47.1,71.0,2024-11-27,Île-de-France,11,0
78308,G,A,maison,1945,58.3,507.0,2024-11-27,Île-de-France,11,1
91102,B,D,maison,1992,90.1,124.0,2024-11-28,Île-de-France,11,0
77210,D,F,appartement,1988,68.1,298.0,2024-11-28,Île-de-France,11,0
78061,C,F,maison,2016,119.7,285.0,2024-11-28,Île-de-France,11,0
78362,D,D,appartement,1986,144.2,175.0,2024-11-29,Île-de-France,11,0
95269,D,F,appartement,1985,38.8,330.0,2024-11-29,Île-de-France,11,0
95130,F,B,appartement,1954,56.8,473.0,2024-11-29,Île-de-France,11,1
95343,E,F,immeuble,1991,74.3,491.0,2024-11-29,Île-de-France,11,0
91368,D,C,maison,1994,116.3,226.0,2024-11-30,Île-de-France,11,0
77176,B,D,appartement,2014,31.6,125.0,2024-11-30,Île-de-France,11,0
95061,A,D,maison,2016,56.5,52.0,2024-11-30,Île-de-France,11,0
93208,E,G,maison,1979,63.9,361.0,2024-11-30,Île-de-France,11,0
94103,G,D,immeuble,1973,89.7,396.0,2024-12-01,Île-de-France,11,1
78069,E,F,appartement,1973,127.6,508.0,2024-12-01,Île-de-France,11,0
91057,B,D,appartement,2005,30.1,79.0,2024-12-01,Île-de-France,11,0
95230,G,D,maison,1932,59.4,501.0,2024-12-01,Île-de-France,11,1
95374,D,F,maison,1969,131.9,242.0,2024-12-02,Île-de-France,11,0
95270,D,B,maison,1980,96.2,260.0,2024-12-02,Île-de-France,11,0
92015,D,F,appartement,1972,43.5,187.0,2024-12-02,Île-de-France,11,0
95300,D,C,maison,1980,60.3,177.0,2024-12-02,Île-de-France,11,0
92378,C,G,appartement,2019,102.6,226.0,2024-12-03,Île-de-France,11,0
77314,F,D,maison,1933,134.7,371.0,2024-12-03,Île-de-France,11,1
92242,D,G,appartement,1977,27.9,161.0,2024-12-03,Île-de-France,11,0
78093,C,B,maison,2004,82.1,255.0,2024-12-03,Île-de-France,11,0
77253,D,F,appartement,1968,129.3,283.0,2024-12-04,Île-de-France,11,0
92118,D,D,maison,1978,84.8,310.0,2024-12-04,Île-de-France,11,0
93019,C,G,maison,1985,31.3,320.0,2024-12-04,Île-de-France,11,0
78053,E,B,appartement,1968,57.0,541.0,2024-12-04,Île-de-France,11,0
94134,E,F,maison,1985,117.4,512.0,2024-12-05,Île-de-France,11,0
77053,D,D,maison,1980,91.2,306.0,2024-12-05,Île-de-France,11,0
78332,D,D,appartement,1994,114.1,172.0,2024-12-05,Île-de-France,11,0
93232,D,D,appartement,1992,57.9,299.0,2024-12-05,Île-de-France,11,0
92192,F,A,appartement,1965,114.1,642.0,2024-12-06,Île-de-France,11,1
92092,F,E,maison,1935,111.1,566.0,2024-12-06,Île-de-France,11,1
78188,E,G,appartement,1978,54.2,342.0,2024-12-06,Île-de-France,11,0
94220,E,E,maison,1988,131.6,550.0,2024-12-06,Île-de-France,11,0
91291,C,F,maison,1992,79.4,261.0,2024-12-07,Île-de-France,11,0
95372,E,E,maison,1972,101.7,537.0,2024-12-07,Île-de-France,11,0
92059,F,E,maison,1964,36.2,416.0,2024-12-07,Île-de-France,11,1
92309,C,C,appartement,1992,88.6,156.0,2024-12-07,Île-de-France,11,0
78362,F,B,maison,1926,40.2,405.0,2024-12-08,Île-de-France,11,1
78254,E,D,maison,1976,30.2,529.0,2024-12-08,Île-de-France,11,0
94394,D,E,maison,1987,112.2,169.0,2024-12-08,Île-de-France,11,0
95095,E,F,maison,1983,72.7,394.0,2024-12-08,Île-de-France,11,0
78042,D,G,maison,1970,39.2,298.0,2024-12-09,Île-de-France,11,0
93273,F,E,appartement,1931,83.2,493.0,2024-12-09,Île-de-France,11,1
95139,B,G,maison,2003,47.8,105.0,2024-12-09,Île-de-France,11,0
75012,G,D,maison,1942,145.4,474.0,2024-12-10,Île-de-France,11,1
91283,E,F,appartement,1979,73.2,532.0,2024-12-10,Île-de-France,11,0
93374,G,B,maison,1962,73.5,450.0,2024-12-10,Île-de-France,11,1
94382,E,D,appartement,1972,132.2,593.0,2024-12-10,Île-de-France,11,0
93127,E,E,maison,1977,27.2,484.0,2024-12-11,Île-de-France,11,0
94254,E,E,appartement,1973,41.3,445.0,2024-12-11,Île-de-France,11,0
75116,C,D,appartement,1991,99.0,189.0,2024-12-11,Île-de-France,11,0
91290,D,E,appartement,1988,57.4,269.0,2024-12-11,Île-de-France,11,0
91369,D,D,appartement,1967,61.7,186.0,2024-12-12,Île-de-France,11,0
92384,D,D,maison,1986,49.8,173.0,2024-12-12,Île-de-France,11,0
78224,D,F,appartement,1993,75.3,160.0,2024-12-12,Île-de-France,11,0
91273,C,E,appartement,1994,56.5,204.0,2024-12-12,Île-de-France,11,0
94296,F,F,appartement,1970,100.0,426.0,2024-12-13,Île-de-France,11,1
77161,E,D,appartement,1972,28.4,537.0,2024-12-13,Île-de-France,11,0
77274,E,C,maison,1977,72.4,558.0,2024-12-13,Île-de-France,11,0
91383,D,C,appartement,1966,65.1,195.0,2024-12-13,Île-de-France,11,0
78394,C,G,appartement,2009,46.9,194.0,2024-12-14,Île-de-France,11,0
91125,F,F,appartement,1945,99.7,588.0,2024-12-14,Île-de-France,11,1
95271,D,D,maison,1969,43.9,286.0,2024-12-14,Île-de-France,11,0
91168,G,F,maison,1922,46.0,378.0,2024-12-14,Île-de-France,11,1
78012,F,A,immeuble,1951,142.0,498.0,2024-12-15,Île-de-France,11,1
91210,E,D,maison,1983,51.2,465.0,2024-12-15,Île-de-France,11,0
91259,B,B,appartement,2006,71.0,93.0,2024-12-15,Île-de-France,11,0
95261,F,E,maison,1958,42.3,358.0,2024-12-15,Île-de-France,11,1
93102,D,F,maison,1978,71.6,224.0,2024-12-16,Île-de-France,11,0
91354,D,C,appartement,1981,18.0,273.0,2024-12-16,Île-de-France,11,0
93228,D,D,appartement,1986,50.2,221.0,2024-12-16,Île-de-France,11,0
91149,D,E,appartement,1981,93.9,163.0,2024-12-16,Île-de-France,11,0
91064,E,F,appartement,1965,85.6,669.0,2024-12-17,Île-de-France,11,0
77261,G,D,maison,1926,66.2,393.0,2024-12-17,Île-de-France,11,1
92139,D,D,appartement,1982,60.7,157.0,2024-12-17,Île-de-France,11,0
95287,E,G,maison,1965,125.7,530.0,2024-12-17,Île-de-France,11,0
78123,F,E,maison,1923,66.3,619.0,2024-12-18,Île-de-France,11,1
91332,E,F,appartement,1973,66.7,476.0,2024-12-18,Île-de-France,11,0
93321,G,E,appartement,1932,46.0,402.0,2024-12-18,Île-de-France,11,1
95222,C,E,maison,1985,39.9,178.0,2024-12-18,Île-de-France,11,0
95086,A,E,appartement,1998,54.2,117.0,2024-12-19,Île-de-France,11,0
94258,C,D,maison,2002,187.9,235.0,2024-12-19,Île-de-France,11,0
92216,D,D,maison,1991,70.2,219.0,2024-12-19,Île-de-France,11,0
94393,D,E,maison,1992,44.8,312.0,2024-12-19,Île-de-France,11,0
91040,C,D,appartement,2010,72.0,161.0,2024-12-20,Île-de-France,11,0
77145,D,D,immeuble,1991,164.6,165.0,2024-12-20,Île-de-France,11,0
93235,E,G,maison,1989,110.4,343.0,2024-12-20,Île-de-France,11,0
77265,A,A,maison,1985,59.6,73.0,2024-12-21,Île-de-France,11,0
92002,F,D,maison,1958,50.4,464.0,2024-12-21,Île-de-France,11,1
91220,E,F,maison,1975,68.9,501.0,2024-12-21,Île-de-France,11,0
92027,B,B,appartement,1991,77.5,97.0,2024-12-21,Île-de-France,11,0
93122,D,E,appartement,1977,23.4,282.0,2024-12-22,Île-de-France,11,0
95205,E,E,maison,1989,61.5,521.0,2024-12-22,Île-de-France,11,0
95175,D,G,maison,1987,47.1,321.0,2024-12-22,Île-de-France,11,0
93251,F,A,appartement,1932,73.9,451.0,2024-12-22,Île-de-France,11,1
94258,C,C,appartement,2000,42.2,161.0,2024-12-23,Île-de-France,11,0
78259,E,D,appartement,1967,64.4,547.0,2024-12-23,Île-de-France,11,0
77059,C,F,maison,2000,86.3,225.0,2024-12-23,Île-de-France,11,0
94223,D,G,maison,1972,46.1,185.0,2024-12-23,Île-de-France,11,0
92331,C,G,appartement,1999,72.7,181.0,2024-12-24,Île-de-France,11,0
92056,A,E,appartement,1987,57.2,150.0,2024-12-24,Île-de-France,11,0
77309,D,B,appartement,1992,60.1,244.0,2024-12-24,Île-de-France,11,0
78371,E,D,maison,1971,74.6,542.0,2024-12-24,Île-de-France,11,0
95265,D,E,maison,1967,32.8,279.0,2024-12-25,Île-de-France,11,0
94107,F,D,maison,1961,112.1,501.0,2024-12-25,Île-de-France,11,1
95094,D,F,maison,1975,53.4,283.0,2024-12-25,Île-de-France,11,0
92310,D,D,maison,1986,57.0,259.0,2024-12-25,Île-de-France,11,0
78210,D,E,maison,1985,62.2,276.0,2024-12-26,Île-de-France,11,0
94241,E,A,maison,1970,83.0,650.0,2024-12-26,Île-de-France,11,0
95354,D,D,appartement,1967,54.9,192.0,2024-12-26,Île-de-France,11,0
75121,C,F,appartement,2016,33.5,293.0,2024-12-26,Île-de-France,11,0
92049,F,G,maison,1968,47.7,386.0,2024-12-27,Île-de-France,11,1
94158,F,E,maison,1950,97.2,619.0,2024-12-27,Île-de-France,11,1
92123,D,F,appartement,1982,40.2,299.0,2024-12-27,Île-de-France,11,0
94042,C,F,appartement,2009,139.5,326.0,2024-12-27,Île-de-France,11,0
95139,D,B,appartement,1984,99.7,295.0,2024-12-28,Île-de-France,11,0
94102,F,E,maison,1948,39.3,670.0,2024-12-28,Île-de-France,11,1
95215,B,E,appartement,1996,112.4,111.0,2024-12-28,Île-de-France,11,0
78049,F,F,appartement,1967,169.3,390.0,2024-12-28,Île-de-France,11,1
77124,C,G,maison,1992,132.1,198.0,2024-12-29,Île-de-France,11,0
95276,E,B,maison,1993,61.6,469.0,2024-12-29,Île-de-France,11,0
94218,C,G,appartement,2012,100.8,313.0,2024-12-29,Île-de-France,11,0
93231,G,E,appartement,1941,43.2,614.0,2024-12-29,Île-de-France,11,1
92289,D,E,maison,1965,137.8,251.0,2024-12-30,Île-de-France,11,0
77303,C,E,maison,2013,45.1,250.0,2024-12-30,Île-de-France,11,0
92007,C,F,maison,2009,171.8,288.0,2024-12-30,Île-de-France,11,0
75131,E,F,appartement,1975,72.2,498.0,2024-12-31,Île-de-France,11,0
62276,E,D,maison,1985,71.6,644.0,2021-07-01,Hauts-de-France,32,0
02199,E,D,maison,1990,68.9,335.0,2021-07-01,Hauts-de-France,32,0
80156,B,E,appartement,1994,89.0,115.0,2021-07-01,Hauts-de-France,32,0
80022,D,B,immeuble,1975,40.6,222.0,2021-07-01,Hauts-de-France,32,0
80053,F,E,maison,1930,46.9,546.0,2021-07-02,Hauts-de-France,32,1
02079,D,F,appartement,1981,34.2,214.0,2021-07-02,Hauts-de-France,32,0
60021,F,C,maison,1923,34.3,682.0,2021-07-02,Hauts-de-France,32,1
62226,D,D,maison,1967,166.2,303.0,2021-07-02,Hauts-de-France,32,0
80346,E,G,maison,1974,39.5,491.0,2021-07-03,Hauts-de-France,32,0
60275,D,F,appartement,1968,93.0,221.0,2021-07-03,Hauts-de-France,32,0
59329,C,E,maison,1999,18.0,298.0,2021-07-03,Hauts-de-France,32,0
80083,C,B,maison,1999,63.3,211.0,2021-07-03,Hauts-de-France,32,0
62204,D,C,maison,1992,61.2,219.0,2021-07-04,Hauts-de-France,32,0
59053,D,E,maison,1968,36.8,301.0,2021-07-04,Hauts-de-France,32,0
02278,G,E,maison,1929,80.9,497.0,2021-07-04,Hauts-de-France,32,1
02263,D,E,maison,1994,57.1,156.0,2021-07-04,Hauts-de-France,32,0
59037,G,G,appartement,1953,120.1,587.0,2021-07-05,Hauts-de-France,32,1
62080,E,F,appartement,1982,74.4,404.0,2021-07-05,Hauts-de-France,32,0
62374,F,G,maison,1945,118.5,409.0,2021-07-05,Hauts-de-France,32,1
59212,D,E,maison,1975,113.7,274.0,2021-07-05,Hauts-de-France,32,0
60222,C,E,appartement,1997,63.3,220.0,2021-07-06,Hauts-de-France,32,0
80018,F,E,maison,1942,41.1,676.0,2021-07-06,Hauts-de-France,32,1
02246,G,G,appartement,1929,47.4,563.0,2021-07-06,Hauts-de-France,32,1
62293,D,C,appartement,1982,74.8,215.0,2021-07-06,Hauts-de-France,32,0
62214,D,C,immeuble,1967,66.8,154.0,2021-07-07,Hauts-de-France,32,0
60365,F,G,appartement,1970,55.5,339.0,2021-07-07,Hauts-de-France,32,1
60164,D,D,maison,1984,86.8,254.0,2021-07-07,Hauts-de-France,32,0
02056,C,D,appartement,2015,54.7,267.0,2021-07-07,Hauts-de-France,32,0
59317,D,G,maison,1986,114.9,186.0,2021-07-08,Hauts-de-France,32,0
80077,F,E,appartement,1923,23.6,481.0,2021-07-08,Hauts-de-France,32,1
80240,E,G,maison,1975,50.5,479.0,2021-07-08,Hauts-de-France,32,0
62107,D,C,maison,1970,54.1,295.0,2021-07-08,Hauts-de-France,32,0
62256,F,E,maison,1960,137.4,655.0,2021-07-09,Hauts-de-France,32,1
62098,F,A,appartement,1931,61.8,361.0,2021-07-09,Hauts-de-France,32,1
60128,D,E,maison,1982,125.8,297.0,2021-07-09,Hauts-de-France,32,0
80040,G,E,maison,1944,95.3,558.0,2021-07-09,Hauts-de-France,32,1
59162,E,D,appartement,1992,100.6,464.0,2021-07-10,Hauts-de-France,32,0
60381,B,E,appartement,1989,30.3,73.0,2021-07-10,Hauts-de-France,32,0
59131,C,F,maison,2014,33.5,168.0,2021-07-10,Hauts-de-France,32,0
02188,F,D,maison,1973,59.3,574.0,2021-07-10,Hauts-de-France,32,1
59309,E,E,maison,1967,117.8,348.0,2021-07-11,Hauts-de-France,32,0
60134,D,A,maison,1983,80.5,178.0,2021-07-11,Hauts-de-France,32,0
80006,E,D,maison,1975,50.8,387.0,2021-07-11,Hauts-de-France,32,0
02067,F,E,appartement,1947,83.3,453.0,2021-07-12,Hauts-de-France,32,1
59386,F,C,appartement,1971,63.3,370.0,2021-07-12,Hauts-de-France,32,1
80004,D,E,appartement,1966,38.6,202.0,2021-07-12,Hauts-de-France,32,0
60177,E,B,maison,1972,85.0,509.0,2021-07-12,Hauts-de-France,32,0
60005,G,F,maison,1941,47.3,597.0,2021-07-13,Hauts-de-France,32,1
62307,C,G,maison,2001,22.6,255.0,2021-07-13,Hauts-de-France,32,0
02019,G,C,immeuble,1949,100.3,389.0,2021-07-13,Hauts-de-France,32,1
60175,B,F,maison,1993,43.2,118.0,2021-07-13,Hauts-de-France,32,0
59397,F,F,appartement,1954,39.3,416.0,2021-07-14,Hauts-de-France,32,1
60049,G,C,appartement,1934,64.5,475.0,2021-07-14,Hauts-de-France,32,1
02071,D,D,maison,1980,113.2,255.0,2021-07-14,Hauts-de-France,32,0
80146,E,C,immeuble,1982,56.0,416.0,2021-07-14,Hauts-de-France,32,0
62262,G,B,appartement,1931,74.8,672.0,2021-07-15,Hauts-de-France,32,1
60138,D,G,maison,1970,56.7,237.0,2021-07-15,Hauts-de-France,32,0
80276,E,C,appartement,1992,122.5,545.0,2021-07-15,Hauts-de-France,32,0
80315,F,G,appartement,1927,41.0,357.0,2021-07-15,Hauts-de-France,32,1
59036,D,D,maison,1989,55.0,328.0,2021-07-16,Hauts-de-France,32,0
02204,D,F,appartement,1969,128.8,250.0,2021-07-16,Hauts-de-France,32,0
60100,F,E,maison,1955,209.0,691.0,2021-07-16,Hauts-de-France,32,1
62366,F,E,appartement,1967,36.0,482.0,2021-07-16,Hauts-de-France,32,1
80231,B,E,appartement,2019,74.3,73.0,2021-07-17,Hauts-de-France,32,0
02357,D,G,maison,1986,44.2,206.0,2021-07-17,Hauts-de-France,32,0
60270,E,B,appartement,1969,65.6,449.0,2021-07-17,Hauts-de-France,32,0
60330,C,F,appartement,2008,33.7,317.0,2021-07-17,Hauts-de-France,32,0
59209,E,C,appartement,1971,75.6,548.0,2021-07-18,Hauts-de-France,32,0
59215,B,D,maison,2011,61.5,84.0,2021-07-18,Hauts-de-France,32,0
59093,F,C,appartement,1960,31.6,415.0,2021-07-18,Hauts-de-France,32,1
80299,C,F,maison,2002,54.2,242.0,2021-07-18,Hauts-de-France,32,0
62097,G,B,maison,1964,39.7,421.0,2021-07-19,Hauts-de-France,32,1
60074,D,D,maison,1967,47.7,267.0,2021-07-19,Hauts-de-France,32,0
62338,E,E,maison,1973,105.3,431.0,2021-07-19,Hauts-de-France,32,0
62023,F,C,appartement,1925,58.6,508.0,2021-07-19,Hauts-de-France,32,1
02079,E,E,maison,1993,37.1,582.0,2021-07-20,Hauts-de-France,32,0
02283,B,E,appartement,1998,38.6,145.0,2021-07-20,Hauts-de-France,32,0
60143,C,F,appartement,1993,55.6,198.0,2021-07-20,Hauts-de-France,32,0
59127,D,B,appartement,1970,72.9,165.0,2021-07-20,Hauts-de-France,32,0
02317,G,C,maison,1948,42.6,558.0,2021-07-21,Hauts-de-France,32,1
60080,F,B,appartement,1941,44.1,423.0,2021-07-21,Hauts-de-France,32,1
80216,E,D,appartement,1969,97.8,548.0,2021-07-21,Hauts-de-France,32,0
59241,E,C,maison,1989,79.7,612.0,2021-07-21,Hauts-de-France,32,0
62014,F,E,maison,1926,89.5,403.0,2021-07-22,Hauts-de-France,32,1
02289,F,B,maison,1944,99.8,601.0,2021-07-22,Hauts-de-France,32,1
80123,F,C,maison,1936,101.3,552.0,2021-07-22,Hauts-de-France,32,1
62064,C,D,maison,2004,82.8,291.0,2021-07-23,Hauts-de-France,32,0
62080,G,D,maison,1939,66.3,617.0,2021-07-23,Hauts-de-France,32,1
59089,E,F,appartement,1972,128.8,511.0,2021-07-23,Hauts-de-France,32,0
59095,D,F,appartement,1984,63.2,251.0,2021-07-23,Hauts-de-France,32,0
60105,C,D,maison,1998,106.5,291.0,2021-07-24,Hauts-de-France,32,0
02318,G,F,maison,1966,35.5,687.0,2021-07-24,Hauts-de-France,32,1
80347,B,F,appartement,1993,46.1,72.0,2021-07-24,Hauts-de-France,32,0
62021,A,E,appartement,1993,73.5,60.0,2021-07-24,Hauts-de-France,32,0
62094,B,D,maison,1991,45.8,131.0,2021-07-25,Hauts-de-France,32,0
60224,F,E,appartement,1920,76.1,672.0,2021-07-25,Hauts-de-France,32,1
62311,G,C,maison,1956,45.9,658.0,2021-07-25,Hauts-de-France,32,1
60169,F,G,appartement,1936,72.3,494.0,2021-07-25,Hauts-de-France,32,1
60048,F,F,maison,1956,74.6,681.0,2021-07-26,Hauts-de-France,32,1
60210,D,E,appartement,1982,52.3,224.0,2021-07-26,Hauts-de-France,32,0
80258,G,G,appartement,1945,53.8,583.0,2021-07-26,Hauts-de-France,32,1
62340,E,G,immeuble,1990,63.3,424.0,2021-07-26,Hauts-de-France,32,0
80390,F,D,maison,1963,51.1,535.0,2021-07-27,Hauts-de-France,32,1
59044,B,F,appartement,1997,105.1,147.0,2021-07-27,Hauts-de-France,32,0
60346,E,F,appartement,1987,129.7,552.0,2021-07-27,Hauts-de-France,32,0
62376,A,E,immeuble,1998,108.7,54.0,2021-07-27,Hauts-de-France,32,0
59177,E,D,maison,1978,89.2,663.0,2021-07-28,Hauts-de-France,32,0
80133,D,F,appartement,1982,71.2,310.0,2021-07-28,Hauts-de-France,32,0
62338,F,E,appartement,1920,18.0,620.0,2021-07-28,Hauts-de-France,32,1
60058,E,G,maison,1971,60.4,480.0,2021-07-28,Hauts-de-France,32,0
80357,C,F,appartement,1998,23.2,314.0,2021-07-29,Hauts-de-France,32,0
62202,E,C,appartement,1980,124.3,418.0,2021-07-29,Hauts-de-France,32,0
59178,D,D,appartement,1985,54.5,230.0,2021-07-29,Hauts-de-France,32,0
60312,B,B,immeuble,2008,109.4,93.0,2021-07-29,Hauts-de-France,32,0
59375,F,B,maison,1964,62.1,622.0,2021-07-30,Hauts-de-France,32,1
62122,E,F,appartement,1966,56.3,475.0,2021-07-30,Hauts-de-France,32,0
02042,D,D,maison,1981,119.4,152.0,2021-07-30,Hauts-de-France,32,0
02105,E,E,appartement,1992,74.9,529.0,2021-07-30,Hauts-de-France,32,0
60092,D,F,maison,1969,183.6,292.0,2021-07-31,Hauts-de-France,32,0
59018,C,E,appartement,1994,44.8,213.0,2021-07-31,Hauts-de-France,32,0
62070,G,E,immeuble,1961,37.3,538.0,2021-07-31,Hauts-de-France,32,1
62205,F,F,maison,1964,105.5,459.0,2021-07-31,Hauts-de-France,32,1
02311,F,F,maison,1923,82.6,685.0,2021-08-01,Hauts-de-France,32,1
62272,F,D,immeuble,1959,94.8,571.0,2021-08-01,Hauts-de-France,32,1
60043,C,C,appartement,1994,55.4,210.0,2021-08-01,Hauts-de-France,32,0
02119,B,C,maison,1987,39.3,108.0,2021-08-01,Hauts-de-France,32,0
60314,E,C,maison,1974,27.2,363.0,2021-08-02,Hauts-de-France,32,0
60011,E,G,immeuble,1980,51.8,354.0,2021-08-02,Hauts-de-France,32,0
80266,D,D,maison,1993,125.5,244.0,2021-08-02,Hauts-de-France,32,0
59190,E,C,appartement,1981,113.3,644.0,2021-08-03,Hauts-de-France,32,0
60394,D,D,maison,1980,47.6,239.0,2021-08-03,Hauts-de-France,32,0
62306,E,F,appartement,1979,173.3,535.0,2021-08-03,Hauts-de-France,32,0
60170,G,C,maison,1938,56.5,505.0,2021-08-03,Hauts-de-France,32,1
62042,G,D,appartement,1935,83.8,593.0,2021-08-04,Hauts-de-France,32,1
60264,F,B,appartement,1971,77.8,590.0,2021-08-04,Hauts-de-France,32,1
60002,D,D,maison,1970,88.5,289.0,2021-08-04,Hauts-de-France,32,0
80259,E,D,immeuble,1970,167.7,387.0,2021-08-04,Hauts-de-France,32,0
02095,D,C,maison,1987,63.5,225.0,2021-08-05,Hauts-de-France,32,0
59184,E,E,appartement,1981,105.8,530.0,2021-08-05,Hauts-de-France,32,0
60111,E,C,immeuble,1981,115.1,402.0,2021-08-05,Hauts-de-France,32,0
02307,E,C,maison,1986,43.2,539.0,2021-08-05,Hauts-de-France,32,0
60346,E,G,maison,1970,49.5,552.0,2021-08-06,Hauts-de-France,32,0
80340,D,G,maison,1977,25.5,154.0,2021-08-06,Hauts-de-France,32,0
62016,E,D,appartement,1988,79.1,683.0,2021-08-06,Hauts-de-France,32,0
62183,F,G,appartement,1944,203.8,646.0,2021-08-06,Hauts-de-France,32,1
60056,G,A,appartement,1957,126.1,629.0,2021-08-07,Hauts-de-France,32,1
02332,D,B,appartement,1992,50.8,267.0,2021-08-07,Hauts-de-France,32,0
62330,D,F,appartement,1984,22.0,303.0,2021-08-07,Hauts-de-France,32,0
60150,C,F,maison,1990,48.9,177.0,2021-08-07,Hauts-de-France,32,0
60062,C,G,appartement,1990,29.8,218.0,2021-08-08,Hauts-de-France,32,0
62049,F,D,appartement,1933,71.6,571.0,2021-08-08,Hauts-de-France,32,1
80083,B,E,appartement,2008,63.8,143.0,2021-08-08,Hauts-de-France,32,0
62116,F,B,appartement,1969,65.0,406.0,2021-08-08,Hauts-de-France,32,1
62355,A,F,maison,2007,28.0,104.0,2021-08-09,Hauts-de-France,32,0
59029,C,D,appartement,2014,51.3,265.0,2021-08-09,Hauts-de-France,32,0
62169,C,F,maison,2002,78.5,326.0,2021-08-09,Hauts-de-France,32,0
02343,F,F,maison,1957,54.8,678.0,2021-08-09,Hauts-de-France,32,1
59196,E,D,appartement,1983,57.6,516.0,2021-08-10,Hauts-de-France,32,0
02353,B,A,appartement,2001,48.8,99.0,2021-08-10,Hauts-de-France,32,0
59142,F,E,maison,1966,87.1,659.0,2021-08-10,Hauts-de-France,32,1
59241,E,D,immeuble,1970,68.8,429.0,2021-08-10,Hauts-de-France,32,0
60218,G,G,appartement,1931,37.3,465.0,2021-08-11,Hauts-de-France,32,1
02097,E,D,maison,1990,38.7,688.0,2021-08-11,Hauts-de-France,32,0
60163,F,E,maison,1954,55.7,535.0,2021-08-11,Hauts-de-France,32,1
60241,D,E,maison,1988,60.4,323.0,2021-08-11,Hauts-de-France,32,0
80026,C,E,maison,2014,64.2,236.0,2021-08-12,Hauts-de-France,32,0
59255,E,B,appartement,1989,77.7,529.0,2021-08-12,Hauts-de-France,32,0
62256,G,G,appartement,1935,21.9,474.0,2021-08-12,Hauts-de-France,32,1
80346,D,E,appartement,1972,40.1,175.0,2021-08-12,Hauts-de-France,32,0
59260,E,G,appartement,1992,38.8,391.0,2021-08-13,Hauts-de-France,32,0
60116,D,E,appartement,1985,105.0,277.0,2021-08-13,Hauts-de-France,32,0
62084,F,C,immeuble,1946,107.6,370.0,2021-08-13,Hauts-de-France,32,1
02305,F,G,appartement,1950,71.1,643.0,2021-08-14,Hauts-de-France,32,1
60311,D,F,appartement,1973,94.5,237.0,2021-08-14,Hauts-de-France,32,0
80329,A,D,maison,2010,87.2,117.0,2021-08-14,Hauts-de-France,32,0
02164,F,G,maison,1959,40.6,590.0,2021-08-14,Hauts-de-France,32,1
80082,D,D,appartement,1977,46.9,328.0,2021-08-15,Hauts-de-France,32,0
80285,G,B,maison,1969,61.6,464.0,2021-08-15,Hauts-de-France,32,1
80146,A,D,maison,1999,54.0,148.0,2021-08-15,Hauts-de-France,32,0
60181,D,E,immeuble,1970,130.7,297.0,2021-08-15,Hauts-de-France,32,0
80210,G,D,appartement,1922,90.1,438.0,2021-08-16,Hauts-de-France,32,1
59355,G,E,appartement,1930,100.4,370.0,2021-08-16,Hauts-de-France,32,1
62217,C,E,maison,1986,36.9,306.0,2021-08-16,Hauts-de-France,32,0
62075,C,C,appartement,1999,67.8,184.0,2021-08-16,Hauts-de-France,32,0
59076,F,D,maison,1960,82.5,517.0,2021-08-17,Hauts-de-France,32,1
62025,D,E,maison,1981,82.5,314.0,2021-08-17,Hauts-de-France,32,0
59330,F,E,appartement,1965,31.4,671.0,2021-08-17,Hauts-de-France,32,1
02099,C,F,appartement,2015,60.0,156.0,2021-08-17,Hauts-de-France,32,0
80309,F,G,maison,1921,18.0,486.0,2021-08-18,Hauts-de-France,32,1
80273,E,G,maison,1985,62.1,390.0,2021-08-18,Hauts-de-France,32,0
62396,B,C,maison,2012,98.7,110.0,2021-08-18,Hauts-de-France,32,0
80150,F,E,maison,1947,72.8,555.0,2021-08-18,Hauts-de-France,32,1
62052,B,D,maison,2000,70.7,64.0,2021-08-19,Hauts-de-France,32,0
02348,G,C,appartement,1953,56.4,440.0,2021-08-19,Hauts-de-France,32,1
02269,F,F,appartement,1945,78.7,585.0,2021-08-19,Hauts-de-France,32,1
80087,G,G,appartement,1966,43.2,385.0,2021-08-19,Hauts-de-France,32,1
59270,E,F,immeuble,1982,79.7,632.0,2021-08-20,Hauts-de-France,32,0
80170,G,F,maison,1944,80.7,612.0,2021-08-20,Hauts-de-France,32,1
62060,E,A,appartement,1977,43.1,335.0,2021-08-20,Hauts-de-France,32,0
62169,D,F,appartement,1970,111.7,239.0,2021-08-20,Hauts-de-France,32,0
80103,C,C,appartement,1986,133.0,327.0,2021-08-21,Hauts-de-France,32,0
60051,E,A,maison,1983,53.6,396.0,2021-08-21,Hauts-de-France,32,0
02036,E,E,appartement,1971,131.7,393.0,2021-08-21,Hauts-de-France,32,0
62291,C,F,maison,1995,90.5,197.0,2021-08-21,Hauts-de-France,32,0
80319,G,E,maison,1922,23.6,527.0,2021-08-22,Hauts-de-France,32,1
02350,G,G,maison,1936,62.3,589.0,2021-08-22,Hauts-de-France,32,1
59133,E,D,appartement,1976,104.0,576.0,2021-08-22,Hauts-de-France,32,0
59187,D,G,appartement,1976,125.7,158.0,2021-08-22,Hauts-de-France,32,0
02394,F,E,maison,1942,33.4,592.0,2021-08-23,Hauts-de-France,32,1
62081,D,E,appartement,1972,31.4,325.0,2021-08-23,Hauts-de-France,32,0
80325,F,D,appartement,1928,81.2,336.0,2021-08-23,Hauts-de-France,32,1
62017,G,F,appartement,1922,35.2,606.0,2021-08-23,Hauts-de-France,32,1
62386,D,E,maison,1984,105.4,308.0,2021-08-24,Hauts-de-France,32,0
02305,D,G,appartement,1965,54.0,169.0,2021-08-24,Hauts-de-France,32,0
62153,D,D,appartement,1979,80.9,235.0,2021-08-24,Hauts-de-France,32,0
80071,E,F,appartement,1976,106.4,393.0,2021-08-25,Hauts-de-France,32,0
60395,D,G,maison,1965,34.5,313.0,2021-08-25,Hauts-de-France,32,0
60262,F,G,appartement,1939,77.0,499.0,2021-08-25,Hauts-de-France,32,1
60223,F,F,maison,1936,107.4,495.0,2021-08-25,Hauts-de-France,32,1
59327,E,E,maison,1983,59.1,426.0,2021-08-26,Hauts-de-France,32,0
02352,D,C,maison,1975,70.7,306.0,2021-08-26,Hauts-de-France,32,0
60223,E,B,immeuble,1981,87.1,408.0,2021-08-26,Hauts-de-France,32,0
80183,E,E,appartement,1967,53.1,632.0,2021-08-26,Hauts-de-France,32,0
60151,F,A,maison,1955,60.0,590.0,2021-08-27,Hauts-de-France,32,1
60081,A,C,appartement,2012,63.1,55.0,2021-08-27,Hauts-de-France,32,0
02181,E,D,immeuble,1965,36.8,473.0,2021-08-27,Hauts-de-France,32,0
62070,E,D,appartement,1965,59.2,398.0,2021-08-27,Hauts-de-France,32,0
02259,C,G,appartement,2007,38.5,328.0,2021-08-28,Hauts-de-France,32,0
62342,E,G,appartement,1981,64.8,496.0,2021-08-28,Hauts-de-France,32,0
60330,G,E,appartement,1952,111.8,343.0,2021-08-28,Hauts-de-France,32,1
80228,F,C,maison,1951,31.2,385.0,2021-08-28,Hauts-de-France,32,1
02064,E,D,maison,1965,48.3,516.0,2021-08-29,Hauts-de-France,32,0
80349,E,D,maison,1983,105.7,635.0,2021-08-29,Hauts-de-France,32,0
80089,F,A,maison,1936,50.5,668.0,2021-08-29,Hauts-de-France,32,1
59221,G,B,maison,1934,82.1,423.0,2021-08-29,Hauts-de-France,32,1
62363,G,D,maison,1933,54.2,334.0,2021-08-30,Hauts-de-France,32,1
60261,G,F,maison,1963,73.7,625.0,2021-08-30,Hauts-de-France,32,1
62012,E,E,appartement,1982,143.5,595.0,2021-08-30,Hauts-de-France,32,0
62291,E,E,maison,1984,98.3,391.0,2021-08-30,Hauts-de-France,32,0
80205,G,D,maison,1935,51.1,501.0,2021-08-31,Hauts-de-France,32,1
60292,E,C,maison,1992,83.1,463.0,2021-08-31,Hauts-de-France,32,0
02221,C,D,maison,1991,146.1,242.0,2021-08-31,Hauts-de-France,32,0
59161,G,D,maison,1952,114.1,375.0,2021-08-31,Hauts-de-France,32,1
02194,F,B,maison,1955,22.4,370.0,2021-09-01,Hauts-de-France,32,1
60239,E,G,maison,1979,66.3,455.0,2021-09-01,Hauts-de-France,32,0
62092,F,B,maison,1974,83.1,688.0,2021-09-01,Hauts-de-France,32,1
59164,C,C,appartement,2002,82.6,254.0,2021-09-01,Hauts-de-France,32,0
59282,B,D,appartement,2016,70.1,62.0,2021-09-02,Hauts-de-France,32,0
02115,F,G,appartement,1937,66.1,441.0,2021-09-02,Hauts-de-France,32,1
59181,E,E,appartement,1971,108.8,411.0,2021-09-02,Hauts-de-France,32,0
62276,E,D,immeuble,1968,73.8,617.0,2021-09-02,Hauts-de-France,32,0
62037,G,F,maison,1941,61.3,398.0,2021-09-03,Hauts-de-France,32,1
80201,F,G,appartement,1969,51.4,659.0,2021-09-03,Hauts-de-France,32,1
59271,C,D,appartement,1999,30.3,184.0,2021-09-03,Hauts-de-France,32,0
80012,E,D,appartement,1966,49.3,573.0,2021-09-03,Hauts-de-France,32,0
02041,E,G,maison,1987,35.7,689.0,2021-09-04,Hauts-de-France,32,0
80005,F,F,maison,1934,42.2,343.0,2021-09-04,Hauts-de-France,32,1
60290,E,E,maison,1968,55.2,366.0,2021-09-04,Hauts-de-France,32,0
59399,C,E,appartement,2001,33.7,167.0,2021-09-05,Hauts-de-France,32,0
02249,G,F,maison,1937,81.7,435.0,2021-09-05,Hauts-de-France,32,1
02042,G,E,appartement,1943,48.5,389.0,2021-09-05,Hauts-de-France,32,1
80114,E,F,maison,1986,92.6,364.0,2021-09-05,Hauts-de-France,32,0
59384,F,D,maison,1943,43.4,659.0,2021-09-06,Hauts-de-France,32,1
60237,D,E,maison,1976,48.9,232.0,2021-09-06,Hauts-de-France,32,0
59075,C,B,maison,2014,54.3,266.0,2021-09-06,Hauts-de-France,32,0
02085,E,B,maison,1983,81.4,513.0,2021-09-06,Hauts-de-France,32,0
02114,F,E,appartement,1958,46.8,545.0,2021-09-07,Hauts-de-France,32,1
60064,C,D,appartement,2007,54.7,296.0,2021-09-07,Hauts-de-France,32,0
60364,G,E,appartement,1932,56.7,672.0,2021-09-07,Hauts-de-France,32,1
02129,D,F,immeuble,1989,80.8,184.0,2021-09-07,Hauts-de-France,32,0
80201,C,D,maison,1994,92.2,260.0,2021-09-08,Hauts-de-France,32,0
59199,G,E,appartement,1970,122.9,387.0,2021-09-08,Hauts-de-France,32,1
80326,F,F,maison,1950,79.7,473.0,2021-09-08,Hauts-de-France,32,1
80342,D,F,appartement,1977,77.7,157.0,2021-09-08,Hauts-de-France,32,0
59398,D,G,maison,1990,108.8,326.0,2021-09-09,Hauts-de-France,32,0
62119,G,F,appartement,1926,120.5,510.0,2021-09-09,Hauts-de-France,32,1
60180,B,G,appartement,1985,81.9,58.0,2021-09-09,Hauts-de-France,32,0
62078,E,D,appartement,1994,82.3,531.0,2021-09-09,Hauts-de-France,32,0
80154,F,E,immeuble,1966,57.9,473.0,2021-09-10,Hauts-de-France,32,1
02173,A,G,maison,2015,102.2,95.0,2021-09-10,Hauts-de-France,32,0
80200,E,C,appartement,1980,73.5,560.0,2021-09-10,Hauts-de-France,32,0
80117,C,C,maison,2001,177.5,157.0,2021-09-10,Hauts-de-France,32,0
02140,G,B,maison,1974,41.2,498.0,2021-09-11,Hauts-de-France,32,1
59053,E,F,appartement,1989,123.1,594.0,2021-09-11,Hauts-de-France,32,0
02075,G,F,immeuble,1939,66.6,614.0,2021-09-11,Hauts-de-France,32,1
80262,D,C,appartement,1992,86.6,159.0,2021-09-11,Hauts-de-France,32,0
62185,B,D,maison,1991,76.3,140.0,2021-09-12,Hauts-de-France,32,0
80293,D,D,appartement,1973,105.4,328.0,2021-09-12,Hauts-de-France,32,0
02123,E,F,maison,1992,77.6,407.0,2021-09-12,Hauts-de-France,32,0
60316,D,E,appartement,1967,57.8,242.0,2021-09-12,Hauts-de-France,32,0
02358,G,C,appartement,1946,44.7,490.0,2021-09-13,Hauts-de-France,32,1
62342,E,D,immeuble,1973,74.0,658.0,2021-09-13,Hauts-de-France,32,0
80233,E,E,maison,1978,218.2,467.0,2021-09-13,Hauts-de-France,32,0
59046,E,G,appartement,1974,118.4,508.0,2021-09-13,Hauts-de-France,32,0
80264,D,F,maison,1965,187.0,222.0,2021-09-14,Hauts-de-France,32,0
80121,E,G,maison,1986,77.0,413.0,2021-09-14,Hauts-de-France,32,0
60091,D,D,maison,1981,117.0,325.0,2021-09-14,Hauts-de-France,32,0
80140,G,E,appartement,1947,27.4,486.0,2021-09-14,Hauts-de-France,32,1
62215,E,D,appartement,1994,42.8,557.0,2021-09-15,Hauts-de-France,32,0
62254,E,E,maison,1979,69.8,644.0,2021-09-15,Hauts-de-France,32,0
62236,E,C,maison,1975,118.8,350.0,2021-09-15,Hauts-de-France,32,0
59307,G,E,appartement,1940,110.7,638.0,2021-09-16,Hauts-de-France,32,1
02078,E,F,appartement,1969,45.5,363.0,2021-09-16,Hauts-de-France,32,0
60018,E,F,maison,1990,101.9,396.0,2021-09-16,Hauts-de-France,32,0
60107,E,E,appartement,1984,33.4,528.0,2021-09-16,Hauts-de-France,32,0
60351,D,E,appartement,1985,89.9,227.0,2021-09-17,Hauts-de-France,32,0
62183,B,E,appartement,2014,25.3,133.0,2021-09-17,Hauts-de-France,32,0
02386,E,D,appartement,1985,27.4,378.0,2021-09-17,Hauts-de-France,32,0
62122,F,D,appartement,1963,135.4,648.0,2021-09-17,Hauts-de-France,32,1
59069,E,E,immeuble,1980,54.8,698.0,2021-09-18,Hauts-de-France,32,0
80289,F,F,appartement,1948,116.8,595.0,2021-09-18,Hauts-de-France,32,1
80099,E,C,appartement,1972,43.6,648.0,2021-09-18,Hauts-de-France,32,0
60037,E,D,appartement,1972,38.1,662.0,2021-09-18,Hauts-de-France,32,0
02339,D,D,appartement,1974,47.7,312.0,2021-09-19,Hauts-de-France,32,0
60099,G,E,appartement,1942,68.6,438.0,2021-09-19,Hauts-de-France,32,1
62365,E,F,maison,1985,58.5,429.0,2021-09-19,Hauts-de-France,32,0
62173,C,G,maison,2017,55.7,244.0,2021-09-19,Hauts-de-France,32,0
80334,E,E,maison,1991,119.7,356.0,2021-09-20,Hauts-de-France,32,0
02218,F,G,maison,1950,64.3,631.0,2021-09-20,Hauts-de-France,32,1
02212,E,E,appartement,1972,91.0,428.0,2021-09-20,Hauts-de-France,32,0
02062,F,C,immeuble,1943,137.6,669.0,2021-09-20,Hauts-de-France,32,1
80137,F,E,appartement,1931,173.9,494.0,2021-09-21,Hauts-de-France,32,1
62322,D,G,maison,1974,97.1,171.0,2021-09-21,Hauts-de-France,32,0
60313,D,G,maison,1978,51.3,327.0,2021-09-21,Hauts-de-France,32,0
80296,D,E,appartement,1981,40.8,276.0,2021-09-21,Hauts-de-France,32,0
02011,E,D,appartement,1980,108.8,542.0,2021-09-22,Hauts-de-France,32,0
80238,E,B,maison,1984,110.7,594.0,2021-09-22,Hauts-de-France,32,0
60046,F,C,maison,1939,51.9,544.0,2021-09-22,Hauts-de-France,32,1
60172,D,F,maison,1978,34.3,172.0,2021-09-22,Hauts-de-France,32,0
62109,E,C,maison,1977,22.0,405.0,2021-09-23,Hauts-de-France,32,0
60163,D,F,maison,1986,61.5,234.0,2021-09-23,Hauts-de-France,32,0
02209,E,G,maison,1969,81.7,516.0,2021-09-23,Hauts-de-France,32,0
59343,D,G,maison,1972,62.4,285.0,2021-09-23,Hauts-de-France,32,0
80047,D,C,maison,1994,43.9,232.0,2021-09-24,Hauts-de-France,32,0
60324,E,E,appartement,1984,58.7,552.0,2021-09-24,Hauts-de-France,32,0
60054,F,G,maison,1970,64.4,414.0,2021-09-24,Hauts-de-France,32,1
62043,G,D,appartement,1923,74.7,482.0,2021-09-24,Hauts-de-France,32,1
80263,D,B,maison,1988,68.1,192.0,2021-09-25,Hauts-de-France,32,0
80123,G,F,maison,1938,92.5,403.0,2021-09-25,Hauts-de-France,32,1
60278,G,E,maison,1970,77.8,622.0,2021-09-25,Hauts-de-France,32,1
62164,E,D,appartement,1970,45.6,488.0,2021-09-25,Hauts-de-France,32,0
02281,F,F,appartement,1966,73.4,393.0,2021-09-26,Hauts-de-France,32,1
80086,G,F,maison,1970,74.8,598.0,2021-09-26,Hauts-de-France,32,1
62376,D,F,appartement,1970,96.2,298.0,2021-09-26,Hauts-de-France,32,0
02137,F,G,appartement,1956,70.3,391.0,2021-09-27,Hauts-de-France,32,1
80034,C,C,appartement,2000,108.9,251.0,2021-09-27,Hauts-de-France,32,0
59347,C,F,appartement,1998,159.6,323.0,2021-09-27,Hauts-de-France,32,0
60232,D,G,maison,1994,54.3,243.0,2021-09-27,Hauts-de-France,32,0
02170,D,C,maison,1965,218.1,202.0,2021-09-28,Hauts-de-France,32,0
62283,B,F,appartement,2013,98.9,108.0,2021-09-28,Hauts-de-France,32,0
60157,E,E,immeuble,1974,22.6,360.0,2021-09-28,Hauts-de-France,32,0
80308,D,G,maison,1966,83.7,263.0,2021-09-28,Hauts-de-France,32,0
02151,C,D,maison,1988,71.5,265.0,2021-09-29,Hauts-de-France,32,0
80390,D,G,maison,1976,117.7,298.0,2021-09-29,Hauts-de-France,32,0
62153,E,G,appartement,1980,47.3,544.0,2021-09-29,Hauts-de-France,32,0
59353,D,G,maison,1971,48.6,164.0,2021-09-29,Hauts-de-France,32,0
02160,E,D,maison,1981,66.4,410.0,2021-09-30,Hauts-de-France,32,0
62089,D,E,maison,1990,56.9,318.0,2021-09-30,Hauts-de-France,32,0
02120,D,C,maison,1993,75.6,181.0,2021-09-30,Hauts-de-France,32,0
02227,C,E,immeuble,1995,27.4,319.0,2021-09-30,Hauts-de-France,32,0
59336,E,F,appartement,1984,31.2,414.0,2021-10-01,Hauts-de-France,32,0
60123,F,F,maison,1963,45.8,590.0,2021-10-01,Hauts-de-France,32,1
59287,A,D,maison,2007,18.0,141.0,2021-10-01,Hauts-de-France,32,0
59260,E,B,appartement,1973,64.0,685.0,2021-10-01,Hauts-de-France,32,0
62146,E,B,appartement,1992,54.7,620.0,2021-10-02,Hauts-de-France,32,0
60286,D,D,appartement,1965,81.5,224.0,2021-10-02,Hauts-de-France,32,0
59380,D,D,maison,1988,91.8,207.0,2021-10-02,Hauts-de-France,32,0
80239,D,D,immeuble,1971,51.6,159.0,2021-10-02,Hauts-de-France,32,0
80185,C,F,maison,2002,45.0,192.0,2021-10-03,Hauts-de-France,32,0
62209,E,F,maison,1982,116.6,427.0,2021-10-03,Hauts-de-France,32,0
60184,E,F,appartement,1982,37.3,452.0,2021-10-03,Hauts-de-France,32,0
02301,F,E,maison,1969,77.2,668.0,2021-10-03,Hauts-de-France,32,1
02327,B,C,appartement,2009,54.8,98.0,2021-10-04,Hauts-de-France,32,0
80256,E,C,appartement,1981,76.3,393.0,2021-10-04,Hauts-de-France,32,0
02385,G,G,maison,1969,93.2,386.0,2021-10-04,Hauts-de-France,32,1
59046,G,D,appartement,1926,75.3,459.0,2021-10-04,Hauts-de-France,32,1
02349,C,E,appartement,2004,140.5,272.0,2021-10-05,Hauts-de-France,32,0
80090,F,D,appartement,1955,80.9,466.0,2021-10-05,Hauts-de-France,32,1
62156,D,E,maison,1977,73.7,166.0,2021-10-05,Hauts-de-France,32,0
80189,C,B,maison,1986,30.1,175.0,2021-10-05,Hauts-de-France,32,0
80117,D,D,maison,1986,81.4,298.0,2021-10-06,Hauts-de-France,32,0
80232,G,E,appartement,1965,129.1,679.0,2021-10-06,Hauts-de-France,32,1
80176,F,F,maison,1921,46.4,505.0,2021-10-06,Hauts-de-France,32,1
60033,C,F,maison,2019,75.7,165.0,2021-10-06,Hauts-de-France,32,0
02396,E,E,maison,1979,62.8,427.0,2021-10-07,Hauts-de-France,32,0
80130,C,A,maison,2018,86.5,305.0,2021-10-07,Hauts-de-France,32,0
59374,F,B,immeuble,1965,29.8,506.0,2021-10-07,Hauts-de-France,32,1
80133,F,A,appartement,1946,99.3,519.0,2021-10-08,Hauts-de-France,32,1
02057,G,E,appartement,1964,104.6,599.0,2021-10-08,Hauts-de-France,32,1
80166,E,E,maison,1984,118.6,567.0,2021-10-08,Hauts-de-France,32,0
80319,C,E,maison,1988,54.6,179.0,2021-10-08,Hauts-de-France,32,0
60215,C,C,appartement,2012,62.8,251.0,2021-10-09,Hauts-de-France,32,0
60229,C,E,maison,1999,25.2,163.0,2021-10-09,Hauts-de-France,32,0
62293,C,F,appartement,2013,68.8,192.0,2021-10-09,Hauts-de-France,32,0
59086,G,E,maison,1971,49.7,677.0,2021-10-09,Hauts-de-France,32,1
59137,E,F,maison,1988,230.3,693.0,2021-10-10,Hauts-de-France,32,0
02318,C,D,maison,1992,171.2,274.0,2021-10-10,Hauts-de-France,32,0
02053,G,F,maison,1942,23.3,666.0,2021-10-10,Hauts-de-France,32,1
62021,G,D,maison,1949,93.1,647.0,2021-10-10,Hauts-de-France,32,1
62286,A,D,maison,2019,47.7,69.0,2021-10-11,Hauts-de-France,32,0
02307,G,E,maison,1956,38.2,502.0,2021-10-11,Hauts-de-France,32,1
60193,D,C,maison,1969,65.0,188.0,2021-10-11,Hauts-de-France,32,0
62037,F,D,appartement,1965,66.0,649.0,2021-10-11,Hauts-de-France,32,1
02304,B,E,maison,2012,39.9,140.0,2021-10-12,Hauts-de-France,32,0
62235,G,E,maison,1970,38.7,440.0,2021-10-12,Hauts-de-France,32,1
62307,F,B,appartement,1931,114.2,370.0,2021-10-12,Hauts-de-France,32,1
80093,F,D,maison,1929,114.0,506.0,2021-10-12,Hauts-de-France,32,1
80292,C,E,appartement,2002,129.2,231.0,2021-10-13,Hauts-de-France,32,0
62154,E,E,appartement,1988,74.0,693.0,2021-10-13,Hauts-de-France,32,0
59115,B,E,appartement,1987,60.8,95.0,2021-10-13,Hauts-de-France,32,0
02287,D,E,maison,1974,25.7,324.0,2021-10-13,Hauts-de-France,32,0
60063,D,D,maison,1982,77.8,289.0,2021-10-14,Hauts-de-France,32,0
02259,E,E,maison,1976,66.3,440.0,2021-10-14,Hauts-de-France,32,0
59002,C,D,maison,1986,119.9,309.0,2021-10-14,Hauts-de-France,32,0
59393,F,F,maison,1954,159.3,402.0,2021-10-14,Hauts-de-France,32,1
02359,C,G,appartement,2013,38.9,279.0,2021-10-15,Hauts-de-France,32,0
60321,D,B,immeuble,1971,96.4,250.0,2021-10-15,Hauts-de-France,32,0
59020,F,C,maison,1928,65.6,591.0,2021-10-15,Hauts-de-France,32,1
62377,F,E,maison,1949,77.0,521.0,2021-10-15,Hauts-de-France,32,1
59092,F,E,maison,1943,182.0,551.0,2021-10-16,Hauts-de-France,32,1
02264,D,D,appartement,1982,53.5,285.0,2021-10-16,Hauts-de-France,32,0
80055,E,C,appartement,1986,85.5,627.0,2021-10-16,Hauts-de-France,32,0
02140,D,D,maison,1966,83.6,316.0,2021-10-16,Hauts-de-France,32,0
02213,E,E,appartement,1982,40.9,601.0,2021-10-17,Hauts-de-France,32,0
02107,G,C,appartement,1956,89.3,541.0,2021-10-17,Hauts-de-France,32,1
60075,F,C,appartement,1947,44.7,612.0,2021-10-17,Hauts-de-France,32,1
80225,D,E,appartement,1975,57.5,166.0,2021-10-17,Hauts-de-France,32,0
80080,D,D,maison,1974,41.9,185.0,2021-10-18,Hauts-de-France,32,0
02310,C,F,appartement,1990,41.7,175.0,2021-10-18,Hauts-de-France,32,0
02255,E,G,maison,1976,56.0,410.0,2021-10-18,Hauts-de-France,32,0
80291,G,D,maison,1936,88.3,401.0,2021-10-19,Hauts-de-France,32,1
02184,E,F,maison,1967,111.6,361.0,2021-10-19,Hauts-de-France,32,0
02040,E,D,appartement,1966,58.8,393.0,2021-10-19,Hauts-de-France,32,0
60147,F,E,maison,1973,93.0,456.0,2021-10-19,Hauts-de-France,32,1
60032,E,C,appartement,1975,72.9,490.0,2021-10-20,Hauts-de-France,32,0
80032,B,G,appartement,1993,73.0,90.0,2021-10-20,Hauts-de-France,32,0
80333,E,F,appartement,1978,44.4,694.0,2021-10-20,Hauts-de-France,32,0
02232,B,E,maison,2003,79.9,126.0,2021-10-20,Hauts-de-France,32,0
02355,D,F,maison,1978,86.1,251.0,2021-10-21,Hauts-de-France,32,0
02330,D,C,appartement,1983,54.8,250.0,2021-10-21,Hauts-de-France,32,0
62327,G,D,maison,1924,149.2,344.0,2021-10-21,Hauts-de-France,32,1
59012,D,F,maison,1973,77.7,248.0,2021-10-21,Hauts-de-France,32,0
59199,C,G,appartement,2013,76.4,156.0,2021-10-22,Hauts-de-France,32,0
60081,E,D,maison,1970,157.6,497.0,2021-10-22,Hauts-de-France,32,0
62111,G,B,immeuble,1968,38.5,667.0,2021-10-22,Hauts-de-France,32,1
62148,D,E,appartement,1977,38.0,173.0,2021-10-22,Hauts-de-France,32,0
02315,F,D,maison,1936,51.3,505.0,2021-10-23,Hauts-de-France,32,1
62288,C,F,maison,2000,54.9,196.0,2021-10-23,Hauts-de-France,32,0
62285,E,E,maison,1965,80.7,336.0,2021-10-23,Hauts-de-France,32,0
60124,F,E,appartement,1936,64.3,572.0,2021-10-23,Hauts-de-France,32,1
60193,B,F,appartement,1995,22.3,61.0,2021-10-24,Hauts-de-France,32,0
59064,G,A,appartement,1955,49.8,473.0,2021-10-24,Hauts-de-France,32,1
60233,C,G,immeuble,2003,65.9,190.0,2021-10-24,Hauts-de-France,32,0
60315,D,D,maison,1986,177.0,177.0,2021-10-24,Hauts-de-France,32,0
02133,C,D,immeuble,1987,119.5,322.0,2021-10-25,Hauts-de-France,32,0
60018,F,E,maison,1938,27.3,408.0,2021-10-25,Hauts-de-France,32,1
60093,A,E,maison,2019,87.8,144.0,2021-10-25,Hauts-de-France,32,0
59103,E,D,maison,1978,53.9,660.0,2021-10-25,Hauts-de-France,32,0
62172,D,B,maison,1993,68.1,175.0,2021-10-26,Hauts-de-France,32,0
02092,D,C,maison,1991,39.3,211.0,2021-10-26,Hauts-de-France,32,0
60135,D,E,appartement,1966,67.5,286.0,2021-10-26,Hauts-de-France,32,0
80213,D,C,maison,1976,30.7,178.0,2021-10-26,Hauts-de-France,32,0
62383,B,E,maison,1997,96.2,123.0,2021-10-27,Hauts-de-France,32,0
60113,E,E,maison,1979,120.0,692.0,2021-10-27,Hauts-de-France,32,0
80398,C,C,appartement,2016,88.6,296.0,2021-10-27,Hauts-de-France,32,0
62023,G,G,appartement,1961,41.1,546.0,2021-10-27,Hauts-de-France,32,1
59324,E,F,maison,1986,54.7,637.0,2021-10-28,Hauts-de-France,32,0
62203,D,F,appartement,1970,61.1,173.0,2021-10-28,Hauts-de-France,32,0
59111,F,G,appartement,1955,97.0,463.0,2021-10-28,Hauts-de-France,32,1
02352,F,F,appartement,1957,35.7,511.0,2021-10-28,Hauts-de-France,32,1
80297,F,D,maison,1931,134.8,641.0,2021-10-29,Hauts-de-France,32,1
02143,B,F,maison,2013,106.3,83.0,2021-10-29,Hauts-de-France,32,0
62139,F,D,maison,1946,49.9,340.0,2021-10-29,Hauts-de-France,32,1
60324,E,E,appartement,1992,33.3,552.0,2021-10-30,Hauts-de-France,32,0
62059,C,D,maison,1991,103.8,303.0,2021-10-30,Hauts-de-France,32,0
59390,B,C,appartement,2008,81.0,131.0,2021-10-30,Hauts-de-France,32,0
80143,D,E,appartement,1971,49.7,198.0,2021-10-30,Hauts-de-France,32,0
60394,D,F,maison,1966,48.6,184.0,2021-10-31,Hauts-de-France,32,0
62352,D,G,maison,1980,78.9,282.0,2021-10-31,Hauts-de-France,32,0
80373,F,E,maison,1926,69.4,520.0,2021-10-31,Hauts-de-France,32,1
62367,G,E,maison,1965,104.1,452.0,2021-10-31,Hauts-de-France,32,1
80305,C,C,appartement,2010,51.3,199.0,2021-11-01,Hauts-de-France,32,0
02250,E,D,maison,1978,46.4,437.0,2021-11-01,Hauts-de-France,32,0
60377,D,D,appartement,1990,26.6,299.0,2021-11-01,Hauts-de-France,32,0
62145,D,B,maison,1973,51.0,157.0,2021-11-01,Hauts-de-France,32,0
80245,E,F,appartement,1983,46.6,598.0,2021-11-02,Hauts-de-France,32,0
80111,F,G,maison,1974,33.9,527.0,2021-11-02,Hauts-de-France,32,1
60389,E,E,appartement,1979,98.6,441.0,2021-11-02,Hauts-de-France,32,0
60238,E,G,maison,1969,90.7,351.0,2021-11-02,Hauts-de-France,32,0
80349,D,F,maison,1975,23.9,212.0,2021-11-03,Hauts-de-France,32,0
62269,F,E,maison,1939,147.6,650.0,2021-11-03,Hauts-de-France,32,1
62105,E,F,maison,1977,37.6,414.0,2021-11-03,Hauts-de-France,32,0
80176,F,D,maison,1946,84.2,531.0,2021-11-03,Hauts-de-France,32,1
80394,D,F,maison,1965,150.8,252.0,2021-11-04,Hauts-de-France,32,0
60227,D,E,maison,1978,46.1,248.0,2021-11-04,Hauts-de-France,32,0
80294,C,D,maison,2011,69.9,153.0,2021-11-04,Hauts-de-France,32,0
02238,G,D,appartement,1947,70.0,352.0,2021-11-04,Hauts-de-France,32,1
59108,F,E,appartement,1974,95.4,624.0,2021-11-05,Hauts-de-France,32,1
60376,D,D,maison,1989,64.5,156.0,2021-11-05,Hauts-de-France,32,0
60133,D,G,appartement,1980,112.4,234.0,2021-11-05,Hauts-de-France,32,0
80372,D,E,appartement,1969,35.7,154.0,2021-11-05,Hauts-de-France,32,0
59161,F,F,appartement,1938,61.4,591.0,2021-11-06,Hauts-de-France,32,1
62229,C,F,appartement,2006,74.6,285.0,2021-11-06,Hauts-de-France,32,0
62225,E,D,maison,1979,95.4,693.0,2021-11-06,Hauts-de-France,32,0
02113,G,G,maison,1948,53.6,331.0,2021-11-06,Hauts-de-France,32,1
59219,G,D,appartement,1923,48.2,633.0,2021-11-07,Hauts-de-France,32,1
80027,C,G,appartement,1988,140.5,196.0,2021-11-07,Hauts-de-France,32,0
02210,G,E,appartement,1958,68.4,647.0,2021-11-07,Hauts-de-France,32,1
02036,F,C,appartement,1967,54.9,365.0,2021-11-07,Hauts-de-France,32,1
62006,C,F,appartement,1994,91.4,274.0,2021-11-08,Hauts-de-France,32,0
59119,E,F,maison,1985,50.5,405.0,2021-11-08,Hauts-de-France,32,0
59118,E,C,maison,1983,81.3,596.0,2021-11-08,Hauts-de-France,32,0
02024,B,D,appartement,2010,78.0,142.0,2021-11-08,Hauts-de-France,32,0
60356,E,F,appartement,1972,51.7,696.0,2021-11-09,Hauts-de-France,32,0
62058,F,B,maison,1940,64.8,641.0,2021-11-09,Hauts-de-France,32,1
59382,D,G,appartement,1972,47.4,287.0,2021-11-09,Hauts-de-France,32,0
60398,F,F,maison,1971,53.5,632.0,2021-11-10,Hauts-de-France,32,1
59069,F,C,maison,1938,66.4,681.0,2021-11-10,Hauts-de-France,32,1
62151,E,E,maison,1965,73.5,616.0,2021-11-10,Hauts-de-France,32,0
62387,D,F,appartement,1983,73.9,205.0,2021-11-10,Hauts-de-France,32,0
60021,D,F,immeuble,1990,48.2,295.0,2021-11-11,Hauts-de-France,32,0
62095,E,E,appartement,1991,58.0,518.0,2021-11-11,Hauts-de-France,32,0
02093,F,E,appartement,1963,240.8,541.0,2021-11-11,Hauts-de-France,32,1
60042,E,G,appartement,1994,18.0,555.0,2021-11-11,Hauts-de-France,32,0
80157,C,C,maison,2002,163.3,160.0,2021-11-12,Hauts-de-France,32,0
02328,F,D,maison,1949,118.3,639.0,2021-11-12,Hauts-de-France,32,1
02010,F,D,appartement,1945,51.0,414.0,2021-11-12,Hauts-de-France,32,1
80319,E,D,maison,1989,71.5,549.0,2021-11-12,Hauts-de-France,32,0
59390,F,E,appartement,1946,45.5,458.0,2021-11-13,Hauts-de-France,32,1
59076,E,F,appartement,1982,45.4,476.0,2021-11-13,Hauts-de-France,32,0
62265,F,G,maison,1971,82.4,615.0,2021-11-13,Hauts-de-France,32,1
80160,F,E,maison,1933,65.8,641.0,2021-11-13,Hauts-de-France,32,1
80076,D,D,maison,1984,37.7,176.0,2021-11-14,Hauts-de-France,32,0
59031,D,D,maison,1971,169.0,271.0,2021-11-14,Hauts-de-France,32,0
59018,E,D,maison,1971,33.0,666.0,2021-11-14,Hauts-de-France,32,0
02077,D,F,maison,1978,110.4,163.0,2021-11-14,Hauts-de-France,32,0
62269,G,G,maison,1945,189.3,389.0,2021-11-15,Hauts-de-France,32,1
02399,D,D,appartement,1978,73.5,300.0,2021-11-15,Hauts-de-France,32,0
59026,B,E,appartement,2001,28.9,70.0,2021-11-15,Hauts-de-France,32,0
60182,D,F,appartement,1987,126.1,152.0,2021-11-15,Hauts-de-France,32,0
59091,D,F,appartement,1987,25.3,328.0,2021-11-16,Hauts-de-France,32,0
80012,G,F,maison,1941,41.7,516.0,2021-11-16,Hauts-de-France,32,1
60265,E,F,maison,1973,36.3,543.0,2021-11-16,Hauts-de-France,32,0
59177,E,F,maison,1986,45.8,588.0,2021-11-16,Hauts-de-France,32,0
60195,E,F,maison,1976,52.5,588.0,2021-11-17,Hauts-de-France,32,0
80184,F,C,appartement,1933,38.2,401.0,2021-11-17,Hauts-de-France,32,1
59387,E,E,maison,1967,97.9,380.0,2021-11-17,Hauts-de-France,32,0
59356,D,F,maison,1993,70.2,231.0,2021-11-17,Hauts-de-France,32,0
59048,D,E,appartement,1982,88.9,280.0,2021-11-18,Hauts-de-France,32,0
62378,D,C,appartement,1971,71.1,214.0,2021-11-18,Hauts-de-France,32,0
60363,G,C,maison,1954,138.4,392.0,2021-11-18,Hauts-de-France,32,1
62222,E,E,maison,1973,51.7,678.0,2021-11-18,Hauts-de-France,32,0
02360,G,D,appartement,1925,38.8,417.0,2021-11-19,Hauts-de-France,32,1
80180,F,E,maison,1956,56.6,416.0,2021-11-19,Hauts-de-France,32,1
62130,D,G,appartement,1977,43.6,182.0,2021-11-19,Hauts-de-France,32,0
60166,F,F,appartement,1969,61.3,360.0,2021-11-19,Hauts-de-France,32,1
62062,D,E,maison,1989,70.5,296.0,2021-11-20,Hauts-de-France,32,0
62286,B,A,maison,2003,71.3,110.0,2021-11-20,Hauts-de-France,32,0
80075,E,E,immeuble,1968,67.9,644.0,2021-11-20,Hauts-de-France,32,0
80132,F,G,maison,1920,58.0,618.0,2021-11-21,Hauts-de-France,32,1
02032,G,E,maison,1924,43.4,662.0,2021-11-21,Hauts-de-France,32,1
62081,D,G,appartement,1989,67.8,158.0,2021-11-21,Hauts-de-France,32,0
60192,G,F,maison,1935,32.0,501.0,2021-11-21,Hauts-de-France,32,1
60228,E,G,maison,1991,108.5,608.0,2021-11-22,Hauts-de-France,32,0
02064,E,F,immeuble,1993,42.7,544.0,2021-11-22,Hauts-de-France,32,0
02373,E,E,appartement,1978,165.7,528.0,2021-11-22,Hauts-de-France,32,0
60125,E,F,appartement,1988,37.8,496.0,2021-11-22,Hauts-de-France,32,0
02066,E,D,appartement,1992,86.9,666.0,2021-11-23,Hauts-de-France,32,0
80147,D,F,maison,1976,78.5,273.0,2021-11-23,Hauts-de-France,32,0
02235,G,C,maison,1962,65.0,599.0,2021-11-23,Hauts-de-France,32,1
80210,D,C,maison,1979,52.3,244.0,2021-11-23,Hauts-de-France,32,0
02220,D,F,maison,1990,121.9,209.0,2021-11-24,Hauts-de-France,32,0
62193,D,F,maison,1973,59.8,235.0,2021-11-24,Hauts-de-France,32,0
60398,G,A,appartement,1954,46.4,421.0,2021-11-24,Hauts-de-France,32,1
80365,G,E,maison,1925,90.6,398.0,2021-11-24,Hauts-de-France,32,1
60269,D,G,maison,1981,43.1,198.0,2021-11-25,Hauts-de-France,32,0
80051,B,E,maison,1989,108.8,100.0,2021-11-25,Hauts-de-France,32,0
80238,E,E,maison,1979,66.0,370.0,2021-11-25,Hauts-de-France,32,0
59168,C,E,appartement,1986,66.3,253.0,2021-11-25,Hauts-de-France,32,0
62156,C,E,appartement,2013,46.0,188.0,2021-11-26,Hauts-de-France,32,0
80201,D,E,maison,1967,34.0,172.0,2021-11-26,Hauts-de-France,32,0
62206,E,D,maison,1991,126.9,394.0,2021-11-26,Hauts-de-France,32,0
62218,F,F,maison,1937,24.4,642.0,2021-11-26,Hauts-de-France,32,1
62287,G,D,maison,1948,45.1,334.0,2021-11-27,Hauts-de-France,32,1
60093,F,E,appartement,1955,34.2,691.0,2021-11-27,Hauts-de-France,32,1
59292,D,D,maison,1985,97.4,213.0,2021-11-27,Hauts-de-France,32,0
59058,D,F,maison,1986,34.6,199.0,2021-11-27,Hauts-de-France,32,0
80139,D,B,maison,1976,46.8,283.0,2021-11-28,Hauts-de-France,32,0
80050,F,E,maison,1958,212.1,537.0,2021-11-28,Hauts-de-France,32,1
60239,E,E,immeuble,1988,58.6,391.0,2021-11-28,Hauts-de-France,32,0
80127,F,E,appartement,1965,25.7,639.0,2021-11-28,Hauts-de-France,32,1
80152,F,E,maison,1928,198.4,378.0,2021-11-29,Hauts-de-France,32,1
60214,D,A,appartement,1983,29.2,210.0,2021-11-29,Hauts-de-France,32,0
60222,G,E,appartement,1962,41.1,654.0,2021-11-29,Hauts-de-France,32,1
02253,A,G,appartement,2008,76.0,124.0,2021-11-29,Hauts-de-France,32,0
60093,F,C,maison,1933,95.4,428.0,2021-11-30,Hauts-de-France,32,1
02248,E,E,immeuble,1986,103.0,612.0,2021-11-30,Hauts-de-France,32,0
59311,G,E,appartement,1954,96.0,600.0,2021-11-30,Hauts-de-France,32,1
02165,E,F,appartement,1991,90.4,649.0,2021-11-30,Hauts-de-France,32,0
60158,F,D,maison,1962,66.4,680.0,2021-12-01,Hauts-de-France,32,1
59166,D,E,maison,1972,35.3,156.0,2021-12-01,Hauts-de-France,32,0
62155,D,E,appartement,1973,35.6,188.0,2021-12-01,Hauts-de-France,32,0
80204,E,C,maison,1989,82.5,488.0,2021-12-02,Hauts-de-France,32,0
62133,F,D,maison,1966,47.2,578.0,2021-12-02,Hauts-de-France,32,1
80359,E,E,appartement,1991,116.2,422.0,2021-12-02,Hauts-de-France,32,0
59331,G,E,immeuble,1945,106.5,650.0,2021-12-02,Hauts-de-France,32,1
62010,G,E,appartement,1959,28.9,600.0,2021-12-03,Hauts-de-France,32,1
60394,F,E,maison,1936,44.3,358.0,2021-12-03,Hauts-de-France,32,1
02001,C,C,immeuble,2001,153.6,198.0,2021-12-03,Hauts-de-France,32,0
80070,C,G,immeuble,1992,40.2,164.0,2021-12-03,Hauts-de-France,32,0
60357,G,F,maison,1961,62.8,621.0,2021-12-04,Hauts-de-France,32,1
02132,G,E,maison,1951,40.1,644.0,2021-12-04,Hauts-de-France,32,1
02033,F,D,maison,1968,71.7,679.0,2021-12-04,Hauts-de-France,32,1
59008,E,F,maison,1986,209.9,573.0,2021-12-04,Hauts-de-France,32,0
80067,F,D,maison,1952,63.3,613.0,2021-12-05,Hauts-de-France,32,1
62330,D,D,maison,1992,40.3,224.0,2021-12-05,Hauts-de-France,32,0
59186,F,B,immeuble,1930,103.5,374.0,2021-12-05,Hauts-de-France,32,1
02073,E,D,maison,1966,63.0,550.0,2021-12-05,Hauts-de-France,32,0
80187,E,E,appartement,1979,93.6,386.0,2021-12-06,Hauts-de-France,32,0
59056,F,F,maison,1940,78.5,409.0,2021-12-06,Hauts-de-France,32,1
60100,C,F,maison,2011,73.7,276.0,2021-12-06,Hauts-de-France,32,0
60327,C,G,appartement,1988,97.4,209.0,2021-12-06,Hauts-de-France,32,0
59340,E,E,appartement,1988,162.3,429.0,2021-12-07,Hauts-de-France,32,0
02067,D,E,maison,1967,66.1,317.0,2021-12-07,Hauts-de-France,32,0
60113,F,D,maison,1967,23.4,430.0,2021-12-07,Hauts-de-France,32,1
80353,G,G,appartement,1962,102.6,525.0,2021-12-07,Hauts-de-France,32,1
02042,E,A,maison,1967,41.0,652.0,2021-12-08,Hauts-de-France,32,0
59006,E,F,maison,1970,37.3,362.0,2021-12-08,Hauts-de-France,32,0
02186,C,F,appartement,2004,42.7,187.0,2021-12-08,Hauts-de-France,32,0
02147,C,E,maison,1986,60.1,300.0,2021-12-08,Hauts-de-France,32,0
02185,D,F,maison,1988,205.0,208.0,2021-12-09,Hauts-de-France,32,0
62150,E,E,maison,1983,36.9,605.0,2021-12-09,Hauts-de-France,32,0
59029,F,E,maison,1953,82.2,539.0,2021-12-09,Hauts-de-France,32,1
02325,F,E,appartement,1964,78.3,465.0,2021-12-09,Hauts-de-France,32,1
80203,E,F,appartement,1981,112.9,552.0,2021-12-10,Hauts-de-France,32,0
02277,D,F,maison,1986,48.0,298.0,2021-12-10,Hauts-de-France,32,0
80087,C,D,appartement,2010,156.4,237.0,2021-12-10,Hauts-de-France,32,0
62363,E,B,maison,1990,94.9,637.0,2021-12-10,Hauts-de-France,32,0
80261,C,F,maison,2015,72.8,267.0,2021-12-11,Hauts-de-France,32,0
02019,F,E,appartement,1956,97.6,554.0,2021-12-11,Hauts-de-France,32,1
60207,B,E,appartement,2016,214.6,66.0,2021-12-11,Hauts-de-France,32,0
02343,E,D,appartement,1982,105.7,529.0,2021-12-12,Hauts-de-France,32,0
62093,D,E,maison,1988,87.9,212.0,2021-12-12,Hauts-de-France,32,0
62103,F,E,maison,1951,85.0,435.0,2021-12-12,Hauts-de-France,32,1
62255,B,B,maison,1992,41.4,103.0,2021-12-12,Hauts-de-France,32,0
02364,G,C,maison,1955,161.1,685.0,2021-12-13,Hauts-de-France,32,1
02219,F,E,maison,1947,98.5,379.0,2021-12-13,Hauts-de-France,32,1
59036,D,B,appartement,1969,100.0,217.0,2021-12-13,Hauts-de-France,32,0
02206,F,D,maison,1955,151.8,573.0,2021-12-13,Hauts-de-France,32,1
62088,F,F,maison,1946,106.9,456.0,2021-12-14,Hauts-de-France,32,1
02131,G,D,maison,1935,79.3,434.0,2021-12-14,Hauts-de-France,32,1
60219,C,G,maison,1990,77.8,319.0,2021-12-14,Hauts-de-France,32,0
62241,D,E,maison,1977,40.8,306.0,2021-12-14,Hauts-de-France,32,0
80375,F,D,maison,1947,43.6,454.0,2021-12-15,Hauts-de-France,32,1
02293,C,D,maison,2002,28.6,271.0,2021-12-15,Hauts-de-France,32,0
02273,E,F,maison,1988,82.6,427.0,2021-12-15,Hauts-de-France,32,0
62243,B,D,maison,2014,44.2,106.0,2021-12-15,Hauts-de-France,32,0
59287,F,C,appartement,1949,96.7,611.0,2021-12-16,Hauts-de-France,32,1
62159,E,C,maison,1985,54.3,446.0,2021-12-16,Hauts-de-France,32,0
62091,G,E,maison,1927,70.0,446.0,2021-12-16,Hauts-de-France,32,1
62348,C,E,maison,1997,67.5,226.0,2021-12-16,Hauts-de-France,32,0
80011,G,E,appartement,1959,115.9,611.0,2021-12-17,Hauts-de-France,32,1
02347,D,F,appartement,1972,60.3,283.0,2021-12-17,Hauts-de-France,32,0
59253,B,B,maison,1993,158.4,137.0,2021-12-17,Hauts-de-France,32,0
60092,F,E,maison,1934,155.3,683.0,2021-12-17,Hauts-de-France,32,1
62024,E,E,appartement,1982,124.5,565.0,2021-12-18,Hauts-de-France,32,0
02315,C,F,maison,1985,68.7,283.0,2021-12-18,Hauts-de-France,32,0
59153,D,G,maison,1970,88.8,205.0,2021-12-18,Hauts-de-France,32,0
59148,D,E,maison,1980,60.3,172.0,2021-12-18,Hauts-de-France,32,0
59321,C,F,maison,2011,36.7,282.0,2021-12-19,Hauts-de-France,32,0
60008,G,D,appartement,1965,66.7,511.0,2021-12-19,Hauts-de-France,32,1
62050,F,D,appartement,1928,147.9,377.0,2021-12-19,Hauts-de-France,32,1
02317,F,D,immeuble,1923,251.3,567.0,2021-12-19,Hauts-de-France,32,1
62020,F,D,maison,1959,74.7,545.0,2021-12-20,Hauts-de-France,32,1
62332,D,E,maison,1969,29.6,260.0,2021-12-20,Hauts-de-France,32,0
02210,G,E,maison,1973,103.4,529.0,2021-12-20,Hauts-de-France,32,1
02039,D,E,appartement,1994,164.2,212.0,2021-12-20,Hauts-de-France,32,0
60221,D,F,appartement,1981,132.0,248.0,2021-12-21,Hauts-de-France,32,0
62246,D,E,appartement,1976,112.6,182.0,2021-12-21,Hauts-de-France,32,0
02086,E,F,appartement,1977,24.3,532.0,2021-12-21,Hauts-de-France,32,0
60028,F,D,maison,1943,133.5,553.0,2021-12-21,Hauts-de-France,32,1
02151,C,F,maison,2017,64.5,302.0,2021-12-22,Hauts-de-France,32,0
59344,F,F,appartement,1946,110.5,342.0,2021-12-22,Hauts-de-France,32,1
02076,D,E,maison,1974,49.7,162.0,2021-12-22,Hauts-de-France,32,0
02367,D,E,appartement,1973,45.2,282.0,2021-12-23,Hauts-de-France,32,0
60261,B,F,appartement,2000,32.7,130.0,2021-12-23,Hauts-de-France,32,0
60263,D,D,appartement,1974,61.6,175.0,2021-12-23,Hauts-de-France,32,0
62239,F,D,maison,1972,80.3,586.0,2021-12-23,Hauts-de-France,32,1
59149,G,A,appartement,1936,46.4,650.0,2021-12-24,Hauts-de-France,32,1
80323,A,G,appartement,2007,40.8,136.0,2021-12-24,Hauts-de-France,32,0
59050,E,F,maison,1989,89.8,488.0,2021-12-24,Hauts-de-France,32,0
62385,E,D,maison,1983,47.9,487.0,2021-12-24,Hauts-de-France,32,0
59292,B,E,appartement,1989,130.4,77.0,2021-12-25,Hauts-de-France,32,0
80339,G,D,appartement,1942,66.0,683.0,2021-12-25,Hauts-de-France,32,1
02293,F,E,maison,1952,34.3,353.0,2021-12-25,Hauts-de-France,32,1
80255,G,D,appartement,1969,60.8,601.0,2021-12-25,Hauts-de-France,32,1
62308,B,B,maison,1999,52.0,129.0,2021-12-26,Hauts-de-France,32,0
80169,E,F,maison,1981,26.5,420.0,2021-12-26,Hauts-de-France,32,0
80117,F,F,maison,1922,93.5,676.0,2021-12-26,Hauts-de-France,32,1
59022,C,F,immeuble,1990,126.6,256.0,2021-12-26,Hauts-de-France,32,0
62323,D,E,maison,1970,42.0,245.0,2021-12-27,Hauts-de-France,32,0
60296,C,G,maison,2010,52.7,176.0,2021-12-27,Hauts-de-France,32,0
80247,F,D,maison,1969,65.8,365.0,2021-12-27,Hauts-de-France,32,1
80275,G,A,maison,1960,33.6,532.0,2021-12-27,Hauts-de-France,32,1
59072,D,D,maison,1973,37.4,273.0,2021-12-28,Hauts-de-France,32,0
59271,G,D,maison,1930,144.6,363.0,2021-12-28,Hauts-de-France,32,1
02086,E,F,maison,1974,135.3,421.0,2021-12-28,Hauts-de-France,32,0
80150,D,D,appartement,1994,81.4,282.0,2021-12-28,Hauts-de-France,32,0
59083,A,G,maison,2014,51.9,122.0,2021-12-29,Hauts-de-France,32,0
59366,E,D,appartement,1981,45.3,362.0,2021-12-29,Hauts-de-France,32,0
80320,F,D,maison,1943,82.0,491.0,2021-12-29,Hauts-de-France,32,1
60001,G,E,maison,1961,143.6,597.0,2021-12-29,Hauts-de-France,32,1
80061,E,C,maison,1978,44.2,645.0,2021-12-30,Hauts-de-France,32,0
62207,D,E,appartement,1975,40.8,218.0,2021-12-30,Hauts-de-France,32,0
80186,F,C,maison,1955,22.6,360.0,2021-12-30,Hauts-de-France,32,1
62116,F,D,appartement,1971,39.9,678.0,2021-12-30,Hauts-de-France,32,1
59171,E,C,maison,1965,94.6,480.0,2021-12-31,Hauts-de-France,32,0
02113,F,D,maison,1944,54.4,508.0,2021-12-31,Hauts-de-France,32,1
60108,E,D,appartement,1991,52.7,510.0,2021-12-31,Hauts-de-France,32,0
80039,F,E,maison,1955,92.1,665.0,2021-12-31,Hauts-de-France,32,1
62141,F,B,appartement,1951,64.2,636.0,2022-01-01,Hauts-de-France,32,1
60272,D,E,maison,1976,143.2,293.0,2022-01-01,Hauts-de-France,32,0
02203,D,F,appartement,1993,59.1,265.0,2022-01-01,Hauts-de-France,32,0
60054,G,F,appartement,1922,51.8,597.0,2022-01-01,Hauts-de-France,32,1
02229,C,D,appartement,2002,66.6,268.0,2022-01-02,Hauts-de-France,32,0
02225,B,E,maison,2008,74.2,75.0,2022-01-02,Hauts-de-France,32,0
59190,D,F,appartement,1972,38.9,312.0,2022-01-02,Hauts-de-France,32,0
60189,E,F,appartement,1968,138.6,612.0,2022-01-03,Hauts-de-France,32,0
59317,E,G,maison,1969,51.6,663.0,2022-01-03,Hauts-de-France,32,0
59228,D,E,maison,1991,34.3,279.0,2022-01-03,Hauts-de-France,32,0
59083,B,E,appartement,2011,42.1,63.0,2022-01-03,Hauts-de-France,32,0
59032,G,F,appartement,1974,81.1,662.0,2022-01-04,Hauts-de-France,32,1
59298,F,E,appartement,1961,18.0,600.0,2022-01-04,Hauts-de-France,32,1
02374,C,D,maison,2011,62.2,216.0,2022-01-04,Hauts-de-France,32,0
02230,F,G,appartement,1925,48.5,497.0,2022-01-04,Hauts-de-France,32,1
62234,G,A,appartement,1971,42.4,389.0,2022-01-05,Hauts-de-France,32,1
02076,D,D,maison,1974,49.4,326.0,2022-01-05,Hauts-de-France,32,0
59284,D,E,appartement,1991,77.4,191.0,2022-01-05,Hauts-de-France,32,0
80245,G,D,appartement,1952,60.3,516.0,2022-01-05,Hauts-de-France,32,1
59213,F,E,appartement,1939,66.4,373.0,2022-01-06,Hauts-de-France,32,1
02021,C,F,appartement,2011,73.2,166.0,2022-01-06,Hauts-de-France,32,0
62249,E,G,appartement,1966,51.7,433.0,2022-01-06,Hauts-de-France,32,0
62363,E,D,maison,1972,44.3,603.0,2022-01-06,Hauts-de-France,32,0
80320,C,E,maison,2019,80.2,210.0,2022-01-07,Hauts-de-France,32,0
60220,G,F,maison,1925,101.9,586.0,2022-01-07,Hauts-de-France,32,1
60056,C,F,appartement,2002,134.8,220.0,2022-01-07,Hauts-de-France,32,0
80242,B,E,maison,1996,51.4,116.0,2022-01-07,Hauts-de-France,32,0
80159,D,F,appartement,1977,45.5,326.0,2022-01-08,Hauts-de-France,32,0
59191,C,C,appartement,2007,97.6,230.0,2022-01-08,Hauts-de-France,32,0
80201,E,E,maison,1985,78.1,351.0,2022-01-08,Hauts-de-France,32,0
02027,G,E,appartement,1962,198.9,594.0,2022-01-08,Hauts-de-France,32,1
60260,G,D,appartement,1920,65.9,455.0,2022-01-09,Hauts-de-France,32,1
02201,G,D,appartement,1952,111.3,407.0,2022-01-09,Hauts-de-France,32,1
80374,C,A,maison,2000,69.8,255.0,2022-01-09,Hauts-de-France,32,0
60289,D,G,maison,1968,56.1,160.0,2022-01-09,Hauts-de-France,32,0
02272,G,D,appartement,1927,101.1,631.0,2022-01-10,Hauts-de-France,32,1
60013,D,D,maison,1993,52.4,308.0,2022-01-10,Hauts-de-France,32,0
80057,D,G,maison,1986,65.7,319.0,2022-01-10,Hauts-de-France,32,0
60391,D,D,maison,1979,55.6,294.0,2022-01-10,Hauts-de-France,32,0
60180,G,D,maison,1953,52.0,454.0,2022-01-11,Hauts-de-France,32,1
80045,F,D,appartement,1927,87.1,546.0,2022-01-11,Hauts-de-France,32,1
59193,D,E,maison,1981,54.1,224.0,2022-01-11,Hauts-de-France,32,0
62399,C,E,immeuble,2007,90.2,283.0,2022-01-11,Hauts-de-France,32,0
80035,D,G,appartement,1971,56.5,189.0,2022-01-12,Hauts-de-France,32,0
80290,G,D,appartement,1932,80.9,662.0,2022-01-12,Hauts-de-France,32,1
80207,F,D,appartement,1960,65.5,588.0,2022-01-12,Hauts-de-France,32,1
62362,E,G,maison,1980,116.8,637.0,2022-01-12,Hauts-de-France,32,0
80238,F,G,appartement,1932,137.0,624.0,2022-01-13,Hauts-de-France,32,1
62058,G,G,maison,1941,35.9,510.0,2022-01-13,Hauts-de-France,32,1
02077,C,D,appartement,2005,96.5,167.0,2022-01-13,Hauts-de-France,32,0
60391,D,G,maison,1986,46.1,182.0,2022-01-14,Hauts-de-France,32,0
80176,D,B,maison,1981,29.4,190.0,2022-01-14,Hauts-de-France,32,0
59167,B,G,immeuble,2000,54.5,81.0,2022-01-14,Hauts-de-France,32,0
02154,D,C,appartement,1992,119.9,164.0,2022-01-14,Hauts-de-France,32,0
02010,E,E,maison,1990,78.1,503.0,2022-01-15,Hauts-de-France,32,0
80317,E,F,appartement,1971,51.1,590.0,2022-01-15,Hauts-de-France,32,0
60075,G,G,appartement,1947,178.9,447.0,2022-01-15,Hauts-de-France,32,1
80363,B,D,maison,2003,31.1,87.0,2022-01-15,Hauts-de-France,32,0
59083,E,D,maison,1981,88.0,590.0,2022-01-16,Hauts-de-France,32,0
60392,B,E,maison,1986,19.4,97.0,2022-01-16,Hauts-de-France,32,0
80312,F,G,appartement,1974,49.8,399.0,2022-01-16,Hauts-de-France,32,1
60327,C,D,appartement,2012,35.4,193.0,2022-01-16,Hauts-de-France,32,0
60143,E,F,appartement,1988,44.5,700.0,2022-01-17,Hauts-de-France,32,0
60099,E,C,appartement,1986,48.0,589.0,2022-01-17,Hauts-de-France,32,0
02297,G,D,maison,1920,145.7,440.0,2022-01-17,Hauts-de-France,32,1
62032,D,D,appartement,1976,48.9,225.0,2022-01-17,Hauts-de-France,32,0
59091,E,D,appartement,1975,184.5,596.0,2022-01-18,Hauts-de-France,32,0
59109,C,G,maison,2009,57.1,251.0,2022-01-18,Hauts-de-France,32,0
02075,A,E,appartement,2011,53.8,103.0,2022-01-18,Hauts-de-France,32,0
59052,F,F,maison,1932,29.8,525.0,2022-01-18,Hauts-de-France,32,1
80259,F,F,maison,1953,100.8,420.0,2022-01-19,Hauts-de-France,32,1
60058,D,E,maison,1977,68.6,201.0,2022-01-19,Hauts-de-France,32,0
80243,G,D,maison,1922,92.6,599.0,2022-01-19,Hauts-de-France,32,1
60204,F,D,maison,1921,30.5,545.0,2022-01-19,Hauts-de-France,32,1
62333,E,F,maison,1987,86.6,565.0,2022-01-20,Hauts-de-France,32,0
80216,F,F,maison,1938,187.5,540.0,2022-01-20,Hauts-de-France,32,1
60096,E,E,maison,1966,94.7,553.0,2022-01-20,Hauts-de-France,32,0
02384,F,G,maison,1963,40.1,520.0,2022-01-20,Hauts-de-France,32,1
80282,A,F,maison,1993,18.5,116.0,2022-01-21,Hauts-de-France,32,0
62339,G,F,appartement,1927,74.5,338.0,2022-01-21,Hauts-de-France,32,1
59059,C,E,maison,1989,117.9,296.0,2022-01-21,Hauts-de-France,32,0
59144,G,F,appartement,1962,34.5,424.0,2022-01-21,Hauts-de-France,32,1
80186,C,D,appartement,2007,68.3,230.0,2022-01-22,Hauts-de-France,32,0
62388,E,E,maison,1993,81.5,539.0,2022-01-22,Hauts-de-France,32,0
80132,F,D,maison,1967,56.5,634.0,2022-01-22,Hauts-de-France,32,1
02198,F,A,maison,1937,52.3,425.0,2022-01-22,Hauts-de-France,32,1
60310,E,B,appartement,1979,33.6,493.0,2022-01-23,Hauts-de-France,32,0
80367,G,D,maison,1969,50.7,640.0,2022-01-23,Hauts-de-France,32,1
60313,E,G,appartement,1977,92.3,609.0,2022-01-23,Hauts-de-France,32,0
80136,D,D,appartement,1986,41.7,306.0,2022-01-23,Hauts-de-France,32,0
80065,F,F,maison,1928,45.5,400.0,2022-01-24,Hauts-de-France,32,1
80308,G,E,maison,1937,59.6,660.0,2022-01-24,Hauts-de-France,32,1
02062,G,F,appartement,1926,28.0,460.0,2022-01-24,Hauts-de-France,32,1
60189,D,E,maison,1973,51.0,235.0,2022-01-25,Hauts-de-France,32,0
62217,D,G,appartement,1976,86.6,324.0,2022-01-25,Hauts-de-France,32,0
62176,E,B,immeuble,1993,48.9,588.0,2022-01-25,Hauts-de-France,32,0
59242,D,F,appartement,1968,52.7,176.0,2022-01-25,Hauts-de-France,32,0
62069,G,E,maison,1969,70.6,425.0,2022-01-26,Hauts-de-France,32,1
62227,F,F,appartement,1942,114.5,698.0,2022-01-26,Hauts-de-France,32,1
02208,E,E,maison,1980,36.5,653.0,2022-01-26,Hauts-de-France,32,0
80358,E,E,maison,1992,26.1,654.0,2022-01-26,Hauts-de-France,32,0
59266,E,E,appartement,1983,77.1,512.0,2022-01-27,Hauts-de-France,32,0
62189,E,F,maison,1987,73.9,650.0,2022-01-27,Hauts-de-France,32,0
80284,D,C,maison,1967,48.1,231.0,2022-01-27,Hauts-de-France,32,0
02236,F,D,appartement,1966,24.9,366.0,2022-01-27,Hauts-de-France,32,1
80083,E,E,maison,1986,68.4,403.0,2022-01-28,Hauts-de-France,32,0
80216,F,D,appartement,1968,114.2,483.0,2022-01-28,Hauts-de-France,32,1
80276,D,D,maison,1989,36.7,321.0,2022-01-28,Hauts-de-France,32,0
80247,E,G,maison,1986,51.4,446.0,2022-01-28,Hauts-de-France,32,0
02227,D,F,appartement,1977,63.4,326.0,2022-01-29,Hauts-de-France,32,0
60278,B,G,maison,1990,120.8,65.0,2022-01-29,Hauts-de-France,32,0
02304,F,A,maison,1924,71.6,385.0,2022-01-29,Hauts-de-France,32,1
02322,E,F,maison,1970,81.2,575.0,2022-01-29,Hauts-de-France,32,0
02395,C,G,immeuble,1996,61.5,171.0,2022-01-30,Hauts-de-France,32,0
59374,G,A,immeuble,1970,66.5,642.0,2022-01-30,Hauts-de-France,32,1
02229,B,D,appartement,1998,41.3,101.0,2022-01-30,Hauts-de-France,32,0
62388,C,D,maison,1996,124.8,191.0,2022-01-30,Hauts-de-France,32,0
62147,F,C,appartement,1967,124.2,559.0,2022-01-31,Hauts-de-France,32,1
60202,B,E,appartement,2004,97.6,96.0,2022-01-31,Hauts-de-France,32,0
60205,D,G,maison,1969,43.4,322.0,2022-01-31,Hauts-de-France,32,0
62021,G,B,appartement,1957,64.7,356.0,2022-01-31,Hauts-de-France,32,1
60087,C,F,maison,2017,43.1,152.0,2022-02-01,Hauts-de-France,32,0
62395,F,C,appartement,1970,47.7,512.0,2022-02-01,Hauts-de-France,32,1
80141,C,D,maison,2012,81.9,280.0,2022-02-01,Hauts-de-France,32,0
62274,E,G,maison,1982,116.2,357.0,2022-02-01,Hauts-de-France,32,0
59057,E,E,maison,1991,59.5,332.0,2022-02-02,Hauts-de-France,32,0
59398,G,D,appartement,1925,56.1,457.0,2022-02-02,Hauts-de-France,32,1
60275,G,D,maison,1963,32.9,427.0,2022-02-02,Hauts-de-France,32,1
59266,E,D,appartement,1976,41.7,548.0,2022-02-02,Hauts-de-France,32,0
62222,G,C,appartement,1932,21.4,564.0,2022-02-03,Hauts-de-France,32,1
60382,D,D,appartement,1984,99.5,312.0,2022-02-03,Hauts-de-France,32,0
80241,F,D,appartement,1963,46.8,342.0,2022-02-03,Hauts-de-France,32,1
59142,G,E,appartement,1972,70.8,352.0,2022-02-03,Hauts-de-France,32,1
02393,F,E,maison,1938,58.1,381.0,2022-02-04,Hauts-de-France,32,1
59316,C,D,maison,1996,50.9,151.0,2022-02-04,Hauts-de-France,32,0
59298,C,D,maison,1999,57.9,186.0,2022-02-04,Hauts-de-France,32,0
62135,E,E,appartement,1969,66.6,640.0,2022-02-05,Hauts-de-France,32,0
59156,D,F,appartement,1969,76.9,286.0,2022-02-05,Hauts-de-France,32,0
59018,D,E,appartement,1986,132.6,282.0,2022-02-05,Hauts-de-France,32,0
80126,G,E,appartement,1932,52.8,587.0,2022-02-05,Hauts-de-France,32,1
60316,E,F,maison,1981,34.8,530.0,2022-02-06,Hauts-de-France,32,0
02234,C,F,maison,2011,139.3,206.0,2022-02-06,Hauts-de-France,32,0
02241,D,B,maison,1975,112.9,268.0,2022-02-06,Hauts-de-France,32,0
80127,F,B,maison,1936,35.4,426.0,2022-02-06,Hauts-de-France,32,1
59159,D,E,appartement,1987,114.4,167.0,2022-02-07,Hauts-de-France,32,0
02069,E,F,appartement,1986,80.0,360.0,2022-02-07,Hauts-de-France,32,0
59164,C,E,appartement,2006,60.6,175.0,2022-02-07,Hauts-de-France,32,0
02083,C,E,maison,2005,95.3,161.0,2022-02-07,Hauts-de-France,32,0
60243,D,A,maison,1991,62.2,203.0,2022-02-08,Hauts-de-France,32,0
62076,C,C,appartement,2011,72.5,231.0,2022-02-08,Hauts-de-France,32,0
59053,G,F,maison,1963,128.3,378.0,2022-02-08,Hauts-de-France,32,1
59313,F,E,appartement,1932,134.3,552.0,2022-02-08,Hauts-de-France,32,1
59046,G,B,maison,1925,34.8,518.0,2022-02-09,Hauts-de-France,32,1
02228,E,E,appartement,1967,85.2,669.0,2022-02-09,Hauts-de-France,32,0
59368,E,G,immeuble,1973,273.2,491.0,2022-02-09,Hauts-de-France,32,0
59104,E,G,immeuble,1982,151.4,662.0,2022-02-09,Hauts-de-France,32,0
60194,B,G,maison,2019,75.3,132.0,2022-02-10,Hauts-de-France,32,0
80125,G,F,appartement,1930,130.7,341.0,2022-02-10,Hauts-de-France,32,1
80045,F,G,appartement,1925,46.3,560.0,2022-02-10,Hauts-de-France,32,1
02087,G,F,maison,1962,63.7,334.0,2022-02-10,Hauts-de-France,32,1
80237,G,D,maison,1973,89.6,448.0,2022-02-11,Hauts-de-France,32,1
59381,D,G,appartement,1982,82.8,273.0,2022-02-11,Hauts-de-France,32,0
62365,D,F,appartement,1992,64.3,289.0,2022-02-11,Hauts-de-France,32,0
02373,E,C,appartement,1970,50.0,698.0,2022-02-11,Hauts-de-France,32,0
60319,F,E,maison,1939,51.4,410.0,2022-02-12,Hauts-de-France,32,1
59060,E,E,maison,1976,51.5,488.0,2022-02-12,Hauts-de-France,32,0
62140,D,E,maison,1985,60.6,248.0,2022-02-12,Hauts-de-France,32,0
02293,F,C,appartement,1961,56.7,528.0,2022-02-12,Hauts-de-France,32,1
02090,E,D,appartement,1989,242.5,441.0,2022-02-13,Hauts-de-France,32,0
60286,D,D,appartement,1981,82.2,292.0,2022-02-13,Hauts-de-France,32,0
62277,C,G,maison,2002,95.8,185.0,2022-02-13,Hauts-de-France,32,0
59264,E,F,maison,1976,74.9,348.0,2022-02-13,Hauts-de-France,32,0
60382,C,G,appartement,1991,82.0,201.0,2022-02-14,Hauts-de-France,32,0
59181,D,C,appartement,1987,59.1,213.0,2022-02-14,Hauts-de-France,32,0
62325,F,G,appartement,1969,71.7,459.0,2022-02-14,Hauts-de-France,32,1
59364,F,D,immeuble,1949,92.7,392.0,2022-02-14,Hauts-de-France,32,1
62095,F,F,immeuble,1940,74.6,678.0,2022-02-15,Hauts-de-France,32,1
60274,E,E,appartement,1984,103.9,680.0,2022-02-15,Hauts-de-France,32,0
80183,D,D,appartement,1986,88.0,206.0,2022-02-15,Hauts-de-France,32,0
59181,C,D,maison,1992,177.8,199.0,2022-02-16,Hauts-de-France,32,0
80294,E,G,maison,1973,132.1,471.0,2022-02-16,Hauts-de-France,32,0
60287,C,B,maison,2014,137.1,232.0,2022-02-16,Hauts-de-France,32,0
59111,A,F,appartement,2015,84.0,137.0,2022-02-16,Hauts-de-France,32,0
02295,E,E,appartement,1971,104.9,417.0,2022-02-17,Hauts-de-France,32,0
60124,F,B,appartement,1967,137.4,413.0,2022-02-17,Hauts-de-France,32,1
02246,G,E,maison,1964,113.0,403.0,2022-02-17,Hauts-de-France,32,1
80329,D,F,appartement,1987,30.1,231.0,2022-02-17,Hauts-de-France,32,0
59389,D,D,maison,1974,45.5,319.0,2022-02-18,Hauts-de-France,32,0
59126,D,D,maison,1972,66.5,242.0,2022-02-18,Hauts-de-France,32,0
60386,G,F,maison,1969,27.3,558.0,2022-02-18,Hauts-de-France,32,1
62277,C,D,appartement,2002,75.9,249.0,2022-02-18,Hauts-de-France,32,0
02120,D,B,appartement,1970,174.4,324.0,2022-02-19,Hauts-de-France,32,0
60351,D,A,maison,1966,66.7,241.0,2022-02-19,Hauts-de-France,32,0
59259,G,D,maison,1932,145.6,465.0,2022-02-19,Hauts-de-France,32,1
02174,F,A,appartement,1946,35.0,627.0,2022-02-19,Hauts-de-France,32,1
62040,G,E,appartement,1930,39.1,518.0,2022-02-20,Hauts-de-France,32,1
59374,F,E,immeuble,1946,140.0,493.0,2022-02-20,Hauts-de-France,32,1
02389,F,D,appartement,1949,34.8,411.0,2022-02-20,Hauts-de-France,32,1
80295,F,G,appartement,1948,44.8,611.0,2022-02-20,Hauts-de-France,32,1
62074,F,F,maison,1942,49.2,551.0,2022-02-21,Hauts-de-France,32,1
62222,G,D,appartement,1953,107.9,415.0,2022-02-21,Hauts-de-France,32,1
59360,A,D,appartement,2012,57.7,121.0,2022-02-21,Hauts-de-France,32,0
02059,F,F,appartement,1969,62.2,460.0,2022-02-21,Hauts-de-France,32,1
02092,E,D,maison,1988,74.7,545.0,2022-02-22,Hauts-de-France,32,0
80114,C,F,maison,1987,70.6,289.0,2022-02-22,Hauts-de-France,32,0
59155,G,C,maison,1970,92.7,531.0,2022-02-22,Hauts-de-France,32,1
59165,C,C,maison,2005,82.3,181.0,2022-02-22,Hauts-de-France,32,0
02044,F,C,appartement,1950,88.6,635.0,2022-02-23,Hauts-de-France,32,1
02242,E,E,maison,1970,79.2,375.0,2022-02-23,Hauts-de-France,32,0
62213,G,F,appartement,1926,71.7,346.0,2022-02-23,Hauts-de-France,32,1
60157,G,D,appartement,1934,52.4,645.0,2022-02-23,Hauts-de-France,32,1
62042,B,C,maison,2000,170.8,70.0,2022-02-24,Hauts-de-France,32,0
59273,D,D,appartement,1977,39.9,214.0,2022-02-24,Hauts-de-France,32,0
60007,D,D,appartement,1978,36.9,297.0,2022-02-24,Hauts-de-France,32,0
02229,D,D,appartement,1971,33.3,190.0,2022-02-24,Hauts-de-France,32,0
60263,E,D,appartement,1991,35.4,545.0,2022-02-25,Hauts-de-France,32,0
80331,E,D,maison,1974,130.5,609.0,2022-02-25,Hauts-de-France,32,0
59024,E,D,maison,1978,46.2,588.0,2022-02-25,Hauts-de-France,32,0
02380,E,D,maison,1967,82.7,523.0,2022-02-25,Hauts-de-France,32,0
59370,D,G,maison,1969,117.8,300.0,2022-02-26,Hauts-de-France,32,0
80111,C,G,maison,1998,48.3,299.0,2022-02-26,Hauts-de-France,32,0
60012,A,G,appartement,2009,45.4,121.0,2022-02-26,Hauts-de-France,32,0
02313,B,D,appartement,1991,33.6,71.0,2022-02-27,Hauts-de-France,32,0
62205,D,G,appartement,1979,84.1,160.0,2022-02-27,Hauts-de-France,32,0
60079,F,E,maison,1959,42.2,446.0,2022-02-27,Hauts-de-France,32,1
59318,C,D,appartement,2014,61.9,204.0,2022-02-27,Hauts-de-France,32,0
02065,D,E,appartement,1978,78.4,311.0,2022-02-28,Hauts-de-France,32,0
60275,C,G,appartement,1998,58.4,299.0,2022-02-28,Hauts-de-France,32,0
62193,F,E,maison,1955,54.2,675.0,2022-02-28,Hauts-de-France,32,1
60179,E,E,maison,1989,34.8,367.0,2022-02-28,Hauts-de-France,32,0
62298,E,B,maison,1984,36.0,408.0,2022-03-01,Hauts-de-France,32,0
59180,F,B,appartement,1924,43.0,600.0,2022-03-01,Hauts-de-France,32,1
60030,F,C,appartement,1947,133.6,397.0,2022-03-01,Hauts-de-France,32,1
60253,G,F,appartement,1951,61.2,394.0,2022-03-01,Hauts-de-France,32,1
02305,E,G,appartement,1965,24.3,412.0,2022-03-02,Hauts-de-France,32,0
80155,D,D,maison,1983,85.0,302.0,2022-03-02,Hauts-de-France,32,0
60113,D,A,appartement,1988,102.2,176.0,2022-03-02,Hauts-de-France,32,0
59010,F,G,appartement,1934,81.2,478.0,2022-03-02,Hauts-de-France,32,1
59373,F,F,maison,1943,89.4,634.0,2022-03-03,Hauts-de-France,32,1
62308,G,E,appartement,1942,49.7,374.0,2022-03-03,Hauts-de-France,32,1
80282,C,F,appartement,1996,111.6,186.0,2022-03-03,Hauts-de-France,32,0
80378,D,C,maison,1974,79.9,190.0,2022-03-03,Hauts-de-France,32,0
62326,C,D,maison,1996,45.2,327.0,2022-03-04,Hauts-de-France,32,0
80080,F,F,maison,1966,46.3,524.0,2022-03-04,Hauts-de-France,32,1
59115,C,D,maison,1988,84.1,260.0,2022-03-04,Hauts-de-France,32,0
59255,G,F,appartement,1968,27.5,660.0,2022-03-04,Hauts-de-France,32,1
80316,E,D,maison,1985,75.2,456.0,2022-03-05,Hauts-de-France,32,0
60112,G,F,maison,1941,49.7,489.0,2022-03-05,Hauts-de-France,32,1
02398,C,B,maison,1995,28.3,317.0,2022-03-05,Hauts-de-France,32,0
62145,C,D,appartement,2015,45.1,298.0,2022-03-05,Hauts-de-France,32,0
02213,G,C,appartement,1950,88.2,617.0,2022-03-06,Hauts-de-France,32,1
62330,B,E,maison,1996,39.1,113.0,2022-03-06,Hauts-de-France,32,0
02334,C,D,appartement,2018,63.8,181.0,2022-03-06,Hauts-de-France,32,0
62134,G,F,appartement,1924,137.0,467.0,2022-03-06,Hauts-de-France,32,1
60210,F,D,appartement,1951,62.6,679.0,2022-03-07,Hauts-de-France,32,1
60278,G,F,appartement,1963,25.8,400.0,2022-03-07,Hauts-de-France,32,1
62031,D,F,appartement,1971,68.4,208.0,2022-03-07,Hauts-de-France,32,0
60050,E,C,appartement,1989,26.4,588.0,2022-03-07,Hauts-de-France,32,0
59034,C,D,appartement,1993,111.7,325.0,2022-03-08,Hauts-de-France,32,0
62174,F,B,appartement,1954,54.4,569.0,2022-03-08,Hauts-de-France,32,1
59322,C,C,maison,2016,87.3,305.0,2022-03-08,Hauts-de-France,32,0
80302,G,F,maison,1933,39.7,393.0,2022-03-08,Hauts-de-France,32,1
60111,D,E,appartement,1990,35.0,269.0,2022-03-09,Hauts-de-France,32,0
62053,E,C,appartement,1969,70.0,366.0,2022-03-09,Hauts-de-France,32,0
59033,D,F,appartement,1968,174.5,191.0,2022-03-09,Hauts-de-France,32,0
59030,D,E,maison,1993,58.5,263.0,2022-03-10,Hauts-de-France,32,0
59015,F,D,maison,1936,73.2,635.0,2022-03-10,Hauts-de-France,32,1
59266,A,D,appartement,1994,36.4,99.0,2022-03-10,Hauts-de-France,32,0
60315,E,F,appartement,1977,138.0,482.0,2022-03-10,Hauts-de-France,32,0
62382,E,E,appartement,1966,118.6,641.0,2022-03-11,Hauts-de-France,32,0
80009,D,F,maison,1992,115.0,319.0,2022-03-11,Hauts-de-France,32,0
59139,E,F,maison,1987,76.9,484.0,2022-03-11,Hauts-de-France,32,0
59172,C,D,maison,1996,61.6,289.0,2022-03-11,Hauts-de-France,32,0
60249,F,F,maison,1950,53.4,603.0,2022-03-12,Hauts-de-France,32,1
62058,F,D,maison,1955,41.0,426.0,2022-03-12,Hauts-de-France,32,1
80101,E,F,maison,1973,18.5,652.0,2022-03-12,Hauts-de-France,32,0
60389,E,D,appartement,1992,120.4,452.0,2022-03-12,Hauts-de-France,32,0
80323,E,E,appartement,1976,29.8,680.0,2022-03-13,Hauts-de-France,32,0
60321,F,G,appartement,1941,45.2,619.0,2022-03-13,Hauts-de-France,32,1
59328,D,C,appartement,1974,65.3,249.0,2022-03-13,Hauts-de-France,32,0
59094,C,D,maison,1988,43.3,232.0,2022-03-13,Hauts-de-France,32,0
02073,G,C,appartement,1941,46.0,404.0,2022-03-14,Hauts-de-France,32,1
59258,F,C,maison,1925,51.4,660.0,2022-03-14,Hauts-de-France,32,1
62124,E,D,appartement,1985,47.8,626.0,2022-03-14,Hauts-de-France,32,0
80189,G,D,maison,1948,59.1,503.0,2022-03-14,Hauts-de-France,32,1
59028,D,E,maison,1972,23.8,188.0,2022-03-15,Hauts-de-France,32,0
80122,D,C,appartement,1967,18.0,169.0,2022-03-15,Hauts-de-France,32,0
60186,G,G,maison,1940,76.7,541.0,2022-03-15,Hauts-de-France,32,1
60265,D,D,maison,1983,43.9,166.0,2022-03-15,Hauts-de-France,32,0
62372,E,F,appartement,1972,49.5,654.0,2022-03-16,Hauts-de-France,32,0
60306,E,F,maison,1991,172.1,404.0,2022-03-16,Hauts-de-France,32,0
02046,E,C,maison,1981,73.1,340.0,2022-03-16,Hauts-de-France,32,0
02377,D,E,appartement,1973,49.1,268.0,2022-03-16,Hauts-de-France,32,0
59270,D,E,appartement,1975,43.4,265.0,2022-03-17,Hauts-de-France,32,0
60286,G,C,maison,1942,83.4,672.0,2022-03-17,Hauts-de-France,32,1
59269,C,D,appartement,2008,49.1,243.0,2022-03-17,Hauts-de-France,32,0
60324,E,B,appartement,1994,54.6,341.0,2022-03-17,Hauts-de-France,32,0
59164,E,F,maison,1974,24.3,621.0,2022-03-18,Hauts-de-France,32,0
02282,G,C,maison,1955,43.5,666.0,2022-03-18,Hauts-de-France,32,1
02183,D,E,maison,1992,61.4,169.0,2022-03-18,Hauts-de-France,32,0
59133,G,E,appartement,1952,121.7,343.0,2022-03-18,Hauts-de-France,32,1
59059,F,F,maison,1929,33.8,473.0,2022-03-19,Hauts-de-France,32,1
02071,F,C,maison,1945,61.0,546.0,2022-03-19,Hauts-de-France,32,1
02029,E,G,appartement,1985,30.8,404.0,2022-03-19,Hauts-de-France,32,0
80236,D,D,appartement,1985,90.5,266.0,2022-03-19,Hauts-de-France,32,0
59190,G,G,maison,1930,77.8,498.0,2022-03-20,Hauts-de-France,32,1
59075,D,E,appartement,1968,100.0,311.0,2022-03-20,Hauts-de-France,32,0
02241,E,D,maison,1992,106.3,469.0,2022-03-20,Hauts-de-France,32,0
02310,D,E,appartement,1989,88.8,259.0,2022-03-21,Hauts-de-France,32,0
59057,F,D,appartement,1960,43.4,496.0,2022-03-21,Hauts-de-France,32,1
80013,C,B,maison,2006,101.1,154.0,2022-03-21,Hauts-de-France,32,0
60088,F,C,maison,1939,37.5,570.0,2022-03-21,Hauts-de-France,32,1
02189,D,F,appartement,1994,54.9,171.0,2022-03-22,Hauts-de-France,32,0
60140,C,F,maison,2016,160.2,152.0,2022-03-22,Hauts-de-France,32,0
02208,F,D,maison,1931,65.7,648.0,2022-03-22,Hauts-de-France,32,1
80192,F,G,maison,1960,89.9,582.0,2022-03-22,Hauts-de-France,32,1
60075,D,C,maison,1979,64.0,240.0,2022-03-23,Hauts-de-France,32,0
62133,G,C,maison,1947,59.0,449.0,2022-03-23,Hauts-de-France,32,1
62396,G,F,maison,1960,45.0,697.0,2022-03-23,Hauts-de-France,32,1
62379,F,F,appartement,1959,45.0,628.0,2022-03-23,Hauts-de-France,32,1
60290,E,E,maison,1979,32.9,658.0,2022-03-24,Hauts-de-France,32,0
02345,E,E,maison,1974,66.1,485.0,2022-03-24,Hauts-de-France,32,0
62095,E,A,maison,1990,106.8,621.0,2022-03-24,Hauts-de-France,32,0
80260,E,F,maison,1980,95.6,649.0,2022-03-24,Hauts-de-France,32,0
80205,F,E,appartement,1936,85.0,552.0,2022-03-25,Hauts-de-France,32,1
60163,G,E,maison,1934,61.5,485.0,2022-03-25,Hauts-de-France,32,1
80219,F,D,immeuble,1960,39.3,493.0,2022-03-25,Hauts-de-France,32,1
60188,C,D,appartement,1993,18.0,221.0,2022-03-25,Hauts-de-France,32,0
60326,E,E,maison,1967,23.3,504.0,2022-03-26,Hauts-de-France,32,0
02325,C,G,appartement,2015,69.2,196.0,2022-03-26,Hauts-de-France,32,0
62233,A,F,maison,1991,38.9,143.0,2022-03-26,Hauts-de-France,32,0
59253,E,E,maison,1980,93.0,515.0,2022-03-26,Hauts-de-France,32,0
59001,B,F,maison,2014,54.5,71.0,2022-03-27,Hauts-de-France,32,0
02380,E,F,maison,1968,89.8,686.0,2022-03-27,Hauts-de-France,32,0
80155,F,F,maison,1968,57.1,522.0,2022-03-27,Hauts-de-France,32,1
02041,D,G,appartement,1991,66.0,290.0,2022-03-27,Hauts-de-France,32,0
59227,G,E,appartement,1967,156.7,594.0,2022-03-28,Hauts-de-France,32,1
59026,E,E,appartement,1972,107.1,374.0,2022-03-28,Hauts-de-France,32,0
59030,C,A,immeuble,2015,111.2,288.0,2022-03-28,Hauts-de-France,32,0
02086,F,A,appartement,1928,19.7,605.0,2022-03-28,Hauts-de-France,32,1
60053,G,A,maison,1936,80.3,536.0,2022-03-29,Hauts-de-France,32,1
80024,B,G,maison,1992,100.5,70.0,2022-03-29,Hauts-de-France,32,0
02373,E,B,maison,1982,88.4,552.0,2022-03-29,Hauts-de-France,32,0
62264,E,G,appartement,1982,93.8,500.0,2022-03-29,Hauts-de-France,32,0
59101,D,E,maison,1968,59.0,207.0,2022-03-30,Hauts-de-France,32,0
62043,D,D,appartement,1980,92.7,296.0,2022-03-30,Hauts-de-France,32,0
60307,F,F,maison,1959,85.6,567.0,2022-03-30,Hauts-de-France,32,1
60173,C,F,appartement,2016,62.0,205.0,2022-03-30,Hauts-de-France,32,0
59055,F,C,appartement,1949,23.8,412.0,2022-03-31,Hauts-de-France,32,1
02093,E,D,maison,1965,56.9,457.0,2022-03-31,Hauts-de-France,32,0
59371,E,E,appartement,1993,66.9,491.0,2022-03-31,Hauts-de-France,32,0
60382,C,G,maison,2018,55.1,179.0,2022-04-01,Hauts-de-France,32,0
80313,G,F,appartement,1969,46.5,512.0,2022-04-01,Hauts-de-France,32,1
02125,D,D,appartement,1970,32.2,226.0,2022-04-01,Hauts-de-France,32,0
62063,D,F,maison,1969,142.3,321.0,2022-04-01,Hauts-de-France,32,0
02108,B,E,maison,2000,64.9,62.0,2022-04-02,Hauts-de-France,32,0
60029,C,G,appartement,1997,56.6,159.0,2022-04-02,Hauts-de-France,32,0
59379,G,D,appartement,1942,92.9,609.0,2022-04-02,Hauts-de-France,32,1
02077,F,F,maison,1932,112.1,655.0,2022-04-02,Hauts-de-France,32,1
60286,D,C,appartement,1978,127.1,262.0,2022-04-03,Hauts-de-France,32,0
02182,E,F,maison,1988,129.6,618.0,2022-04-03,Hauts-de-France,32,0
02103,D,E,maison,1965,45.8,184.0,2022-04-03,Hauts-de-France,32,0
62071,F,F,maison,1958,143.1,667.0,2022-04-03,Hauts-de-France,32,1
80367,D,E,maison,1968,63.1,209.0,2022-04-04,Hauts-de-France,32,0
80319,C,D,appartement,2012,47.8,293.0,2022-04-04,Hauts-de-France,32,0
02234,F,E,maison,1941,37.9,621.0,2022-04-04,Hauts-de-France,32,1
62037,D,E,maison,1981,101.4,158.0,2022-04-04,Hauts-de-France,32,0
02190,D,D,appartement,1990,21.4,265.0,2022-04-05,Hauts-de-France,32,0
02238,D,D,immeuble,1969,62.3,164.0,2022-04-05,Hauts-de-France,32,0
60224,F,F,maison,1973,50.2,516.0,2022-04-05,Hauts-de-France,32,1
60322,F,D,appartement,1974,228.6,575.0,2022-04-05,Hauts-de-France,32,1
60345,F,B,maison,1943,50.6,414.0,2022-04-06,Hauts-de-France,32,1
80039,E,G,maison,1975,46.9,380.0,2022-04-06,Hauts-de-France,32,0
62233,D,F,maison,1980,49.4,195.0,2022-04-06,Hauts-de-France,32,0
60134,D,G,appartement,1983,46.5,152.0,2022-04-06,Hauts-de-France,32,0
60148,E,E,immeuble,1984,33.5,664.0,2022-04-07,Hauts-de-France,32,0
59271,B,E,maison,1986,62.9,148.0,2022-04-07,Hauts-de-France,32,0
59031,F,D,appartement,1945,45.5,534.0,2022-04-07,Hauts-de-France,32,1
02141,E,A,maison,1977,106.2,362.0,2022-04-07,Hauts-de-France,32,0
59032,C,D,maison,2004,61.1,244.0,2022-04-08,Hauts-de-France,32,0
02058,A,B,maison,2003,56.2,101.0,2022-04-08,Hauts-de-France,32,0
80254,E,D,maison,1978,93.1,373.0,2022-04-08,Hauts-de-France,32,0
62132,D,F,maison,1968,45.4,321.0,2022-04-08,Hauts-de-France,32,0
62326,E,G,maison,1991,40.7,350.0,2022-04-09,Hauts-de-France,32,0
02118,G,C,appartement,1921,40.3,356.0,2022-04-09,Hauts-de-France,32,1
59251,E,F,maison,1969,80.1,520.0,2022-04-09,Hauts-de-France,32,0
60260,D,C,appartement,1987,180.7,261.0,2022-04-09,Hauts-de-France,32,0
60399,E,A,maison,1991,97.6,439.0,2022-04-10,Hauts-de-France,32,0
59038,E,C,maison,1980,69.2,459.0,2022-04-10,Hauts-de-France,32,0
60115,F,F,maison,1958,108.9,498.0,2022-04-10,Hauts-de-France,32,1
02011,D,A,maison,1981,77.1,223.0,2022-04-10,Hauts-de-France,32,0
60096,E,F,maison,1990,76.1,353.0,2022-04-11,Hauts-de-France,32,0
59059,G,D,appartement,1924,37.2,683.0,2022-04-11,Hauts-de-France,32,1
62073,C,G,immeuble,1985,79.6,179.0,2022-04-11,Hauts-de-France,32,0
59181,G,E,immeuble,1948,70.9,441.0,2022-04-12,Hauts-de-France,32,1
59213,C,E,maison,1992,120.5,324.0,2022-04-12,Hauts-de-France,32,0
59373,F,D,maison,1928,172.9,337.0,2022-04-12,Hauts-de-France,32,1
80254,F,E,appartement,1946,80.7,372.0,2022-04-12,Hauts-de-France,32,1
62122,D,E,maison,1992,46.7,318.0,2022-04-13,Hauts-de-France,32,0
80012,F,E,maison,1931,75.4,472.0,2022-04-13,Hauts-de-France,32,1
60195,G,A,appartement,1960,48.2,482.0,2022-04-13,Hauts-de-France,32,1
59375,E,C,maison,1985,38.4,624.0,2022-04-13,Hauts-de-France,32,0
62291,E,D,immeuble,1979,81.3,578.0,2022-04-14,Hauts-de-France,32,0
02398,F,G,appartement,1929,29.6,392.0,2022-04-14,Hauts-de-France,32,1
60305,F,C,appartement,1959,49.0,466.0,2022-04-14,Hauts-de-France,32,1
62102,G,F,maison,1929,18.0,663.0,2022-04-14,Hauts-de-France,32,1
02017,E,E,immeuble,1978,42.2,350.0,2022-04-15,Hauts-de-France,32,0
80254,E,E,appartement,1968,82.1,419.0,2022-04-15,Hauts-de-France,32,0
80330,E,F,maison,1981,78.9,565.0,2022-04-15,Hauts-de-France,32,0
59348,D,D,appartement,1988,25.8,265.0,2022-04-15,Hauts-de-France,32,0
80338,D,F,appartement,1985,290.9,225.0,2022-04-16,Hauts-de-France,32,0
62263,E,D,maison,1994,21.5,601.0,2022-04-16,Hauts-de-France,32,0
02174,B,D,immeuble,2000,128.7,99.0,2022-04-16,Hauts-de-France,32,0
80399,F,D,maison,1945,70.1,465.0,2022-04-16,Hauts-de-France,32,1
62211,D,C,immeuble,1967,30.6,169.0,2022-04-17,Hauts-de-France,32,0
02128,C,C,maison,2009,36.4,162.0,2022-04-17,Hauts-de-France,32,0
80153,E,B,maison,1976,73.0,469.0,2022-04-17,Hauts-de-France,32,0
62147,D,E,maison,1986,61.3,297.0,2022-04-17,Hauts-de-France,32,0
60349,E,D,maison,1991,119.6,611.0,2022-04-18,Hauts-de-France,32,0
02331,C,E,immeuble,1989,39.5,286.0,2022-04-18,Hauts-de-France,32,0
80041,C,E,maison,2011,68.6,238.0,2022-04-18,Hauts-de-France,32,0
80293,F,G,maison,1966,32.6,685.0,2022-04-18,Hauts-de-France,32,1
59212,B,D,maison,1990,37.3,125.0,2022-04-19,Hauts-de-France,32,0
59361,F,F,maison,1936,80.5,550.0,2022-04-19,Hauts-de-France,32,1
62132,A,F,maison,2009,18.0,149.0,2022-04-19,Hauts-de-France,32,0
60051,D,C,maison,1975,51.8,275.0,2022-04-19,Hauts-de-France,32,0
80273,G,E,appartement,1965,65.4,502.0,2022-04-20,Hauts-de-France,32,1
62070,E,E,maison,1991,84.4,520.0,2022-04-20,Hauts-de-France,32,0
60290,E,E,appartement,1969,47.5,685.0,2022-04-20,Hauts-de-France,32,0
02013,G,G,maison,1968,35.2,610.0,2022-04-20,Hauts-de-France,32,1
02223,F,D,appartement,1972,82.1,405.0,2022-04-21,Hauts-de-France,32,1
02376,F,G,appartement,1945,158.2,557.0,2022-04-21,Hauts-de-France,32,1
80190,D,D,appartement,1973,39.5,215.0,2022-04-21,Hauts-de-France,32,0
59252,C,D,appartement,2001,257.4,262.0,2022-04-21,Hauts-de-France,32,0
60137,A,G,appartement,2011,110.7,129.0,2022-04-22,Hauts-de-France,32,0
80230,G,F,maison,1962,47.9,361.0,2022-04-22,Hauts-de-France,32,1
80012,E,E,maison,1971,68.0,525.0,2022-04-22,Hauts-de-France,32,0
59169,G,D,maison,1959,168.8,699.0,2022-04-23,Hauts-de-France,32,1
80079,G,D,maison,1955,95.5,563.0,2022-04-23,Hauts-de-France,32,1
62169,C,D,appartement,1992,49.7,158.0,2022-04-23,Hauts-de-France,32,0
60084,C,F,appartement,1986,72.3,206.0,2022-04-23,Hauts-de-France,32,0
02142,E,D,maison,1976,36.5,678.0,2022-04-24,Hauts-de-France,32,0
62395,E,G,maison,1979,149.7,668.0,2022-04-24,Hauts-de-France,32,0
59284,E,F,maison,1972,87.3,566.0,2022-04-24,Hauts-de-France,32,0
59395,G,D,appartement,1933,175.4,570.0,2022-04-24,Hauts-de-France,32,1
62265,B,E,appartement,1985,71.2,98.0,2022-04-25,Hauts-de-France,32,0
02127,E,F,maison,1972,42.5,334.0,2022-04-25,Hauts-de-France,32,0
60236,E,A,maison,1981,71.8,478.0,2022-04-25,Hauts-de-France,32,0
80092,G,G,maison,1948,162.9,626.0,2022-04-25,Hauts-de-France,32,1
80139,C,G,appartement,1985,147.1,303.0,2022-04-26,Hauts-de-France,32,0
80037,G,E,appartement,1940,106.2,612.0,2022-04-26,Hauts-de-France,32,1
59092,G,D,maison,1970,34.1,554.0,2022-04-26,Hauts-de-France,32,1
62265,F,B,appartement,1939,127.9,604.0,2022-04-26,Hauts-de-France,32,1
60186,E,G,appartement,1974,118.5,510.0,2022-04-27,Hauts-de-France,32,0
62178,C,E,appartement,1990,76.4,184.0,2022-04-27,Hauts-de-France,32,0
60350,E,E,maison,1974,81.3,649.0,2022-04-27,Hauts-de-France,32,0
80177,D,E,maison,1971,105.0,177.0,2022-04-27,Hauts-de-France,32,0
60074,F,D,appartement,1969,76.5,689.0,2022-04-28,Hauts-de-France,32,1
80198,G,D,immeuble,1963,34.7,430.0,2022-04-28,Hauts-de-France,32,1
62087,C,D,maison,1990,53.1,293.0,2022-04-28,Hauts-de-France,32,0
80246,G,G,maison,1933,99.2,520.0,2022-04-28,Hauts-de-France,32,1
62224,E,D,maison,1975,94.4,564.0,2022-04-29,Hauts-de-France,32,0
80041,E,C,maison,1993,70.1,588.0,2022-04-29,Hauts-de-France,32,0
59255,E,C,maison,1985,88.5,699.0,2022-04-29,Hauts-de-France,32,0
60179,D,D,appartement,1991,65.6,160.0,2022-04-29,Hauts-de-France,32,0
59191,F,C,maison,1965,111.3,655.0,2022-04-30,Hauts-de-France,32,1
80021,C,G,appartement,2003,48.7,173.0,2022-04-30,Hauts-de-France,32,0
80278,G,B,appartement,1968,108.2,349.0,2022-04-30,Hauts-de-France,32,1
02031,D,C,maison,1990,73.3,287.0,2022-04-30,Hauts-de-France,32,0
80394,F,F,appartement,1951,43.5,421.0,2022-05-01,Hauts-de-France,32,1
62160,C,F,appartement,2010,80.7,243.0,2022-05-01,Hauts-de-France,32,0
59056,B,G,appartement,2003,85.8,56.0,2022-05-01,Hauts-de-France,32,0
62359,D,E,maison,1992,34.8,211.0,2022-05-01,Hauts-de-France,32,0
59226,G,D,appartement,1952,105.8,554.0,2022-05-02,Hauts-de-France,32,1
59044,E,F,maison,1982,196.8,587.0,2022-05-02,Hauts-de-France,32,0
80376,G,B,maison,1936,69.5,596.0,2022-05-02,Hauts-de-France,32,1
02070,D,D,appartement,1973,84.2,326.0,2022-05-02,Hauts-de-France,32,0
02025,F,E,maison,1949,112.2,599.0,2022-05-03,Hauts-de-France,32,1
02202,D,D,maison,1994,74.6,197.0,2022-05-03,Hauts-de-France,32,0
02043,F,C,maison,1922,42.8,447.0,2022-05-03,Hauts-de-France,32,1
80202,C,G,appartement,2002,145.4,297.0,2022-05-04,Hauts-de-France,32,0
62036,F,G,maison,1920,93.6,617.0,2022-05-04,Hauts-de-France,32,1
59272,F,A,appartement,1943,61.9,649.0,2022-05-04,Hauts-de-France,32,1
80287,F,A,appartement,1963,108.3,529.0,2022-05-04,Hauts-de-France,32,1
80087,D,E,immeuble,1988,88.0,258.0,2022-05-05,Hauts-de-France,32,0
80192,F,D,maison,1926,145.6,438.0,2022-05-05,Hauts-de-France,32,1
62046,E,G,maison,1968,48.1,334.0,2022-05-05,Hauts-de-France,32,0
02200,C,E,immeuble,1991,96.4,288.0,2022-05-05,Hauts-de-France,32,0
60276,F,E,immeuble,1968,106.3,418.0,2022-05-06,Hauts-de-France,32,1
80379,G,D,maison,1921,83.2,350.0,2022-05-06,Hauts-de-France,32,1
62321,F,D,immeuble,1923,45.3,596.0,2022-05-06,Hauts-de-France,32,1
60349,G,E,appartement,1963,83.2,587.0,2022-05-06,Hauts-de-France,32,1
02278,F,D,maison,1926,145.8,376.0,2022-05-07,Hauts-de-France,32,1
59155,D,C,immeuble,1983,48.2,176.0,2022-05-07,Hauts-de-France,32,0
62233,E,A,appartement,1988,65.7,602.0,2022-05-07,Hauts-de-France,32,0
59078,E,F,appartement,1980,107.9,700.0,2022-05-07,Hauts-de-France,32,0
59110,B,C,appartement,1985,142.4,53.0,2022-05-08,Hauts-de-France,32,0
59316,B,E,appartement,2012,72.5,126.0,2022-05-08,Hauts-de-France,32,0
02031,E,B,appartement,1967,195.9,694.0,2022-05-08,Hauts-de-France,32,0
80014,G,C,appartement,1943,47.5,467.0,2022-05-08,Hauts-de-France,32,1
60363,F,A,appartement,1940,94.7,365.0,2022-05-09,Hauts-de-France,32,1
60026,G,E,maison,1970,37.8,609.0,2022-05-09,Hauts-de-France,32,1
60193,E,C,maison,1984,96.4,627.0,2022-05-09,Hauts-de-France,32,0
80326,E,B,appartement,1993,46.7,413.0,2022-05-09,Hauts-de-France,32,0
62342,G,E,maison,1960,42.9,356.0,2022-05-10,Hauts-de-France,32,1
60208,G,D,maison,1966,30.9,672.0,2022-05-10,Hauts-de-France,32,1
59337,E,G,maison,1992,44.7,694.0,2022-05-10,Hauts-de-France,32,0
59015,E,E,appartement,1994,33.5,413.0,2022-05-10,Hauts-de-France,32,0
80187,D,F,appartement,1989,114.8,250.0,2022-05-11,Hauts-de-France,32,0
59357,G,D,maison,1970,148.4,451.0,2022-05-11,Hauts-de-France,32,1
02277,B,G,appartement,1988,56.9,75.0,2022-05-11,Hauts-de-France,32,0
59238,E,E,appartement,1974,66.1,351.0,2022-05-11,Hauts-de-France,32,0
60138,E,G,maison,1981,108.0,664.0,2022-05-12,Hauts-de-France,32,0
62325,D,F,maison,1992,119.0,157.0,2022-05-12,Hauts-de-France,32,0
02345,F,E,appartement,1973,61.7,680.0,2022-05-12,Hauts-de-France,32,1
02312,D,D,appartement,1973,95.2,321.0,2022-05-12,Hauts-de-France,32,0
60228,B,D,appartement,2014,98.5,64.0,2022-05-13,Hauts-de-France,32,0
59382,G,E,appartement,1948,86.2,511.0,2022-05-13,Hauts-de-France,32,1
60002,D,G,appartement,1993,75.2,278.0,2022-05-13,Hauts-de-France,32,0
80286,C,E,maison,2012,32.1,293.0,2022-05-13,Hauts-de-France,32,0
02174,B,E,maison,1990,25.1,68.0,2022-05-14,Hauts-de-France,32,0
60394,D,G,appartement,1982,55.7,152.0,2022-05-14,Hauts-de-France,32,0
60190,E,F,maison,1974,94.0,447.0,2022-05-14,Hauts-de-France,32,0
80276,F,G,maison,1926,129.9,428.0,2022-05-15,Hauts-de-France,32,1
02374,B,D,appartement,2006,138.6,70.0,2022-05-15,Hauts-de-France,32,0
59339,C,E,maison,2019,49.8,233.0,2022-05-15,Hauts-de-France,32,0
62242,F,C,appartement,1966,42.3,394.0,2022-05-15,Hauts-de-France,32,1
02108,E,D,appartement,1967,107.7,375.0,2022-05-16,Hauts-de-France,32,0
62117,E,F,maison,1993,77.2,597.0,2022-05-16,Hauts-de-France,32,0
62102,E,B,appartement,1983,148.6,577.0,2022-05-16,Hauts-de-France,32,0
60247,G,B,maison,1922,105.8,497.0,2022-05-16,Hauts-de-France,32,1
60220,D,E,appartement,1993,113.6,221.0,2022-05-17,Hauts-de-France,32,0
60205,D,F,appartement,1978,39.2,235.0,2022-05-17,Hauts-de-France,32,0
02156,D,F,maison,1979,54.2,277.0,2022-05-17,Hauts-de-France,32,0
59297,F,G,appartement,1934,48.4,499.0,2022-05-17,Hauts-de-France,32,1
60127,A,E,appartement,2019,28.9,145.0,2022-05-18,Hauts-de-France,32,0
80284,G,A,appartement,1927,129.2,653.0,2022-05-18,Hauts-de-France,32,1
59156,F,E,appartement,1964,45.8,502.0,2022-05-18,Hauts-de-France,32,1
59227,B,E,maison,2006,71.1,103.0,2022-05-18,Hauts-de-France,32,0
60058,F,E,appartement,1927,44.6,471.0,2022-05-19,Hauts-de-France,32,1
62287,E,D,appartement,1989,35.6,418.0,2022-05-19,Hauts-de-France,32,0
62074,D,C,maison,1992,70.4,246.0,2022-05-19,Hauts-de-France,32,0
62329,G,B,appartement,1971,36.6,496.0,2022-05-19,Hauts-de-France,32,1
59153,F,F,immeuble,1924,74.5,461.0,2022-05-20,Hauts-de-France,32,1
59116,E,E,appartement,1988,35.9,520.0,2022-05-20,Hauts-de-France,32,0
80057,G,D,appartement,1952,82.1,443.0,2022-05-20,Hauts-de-France,32,1
59070,G,G,maison,1969,115.0,344.0,2022-05-20,Hauts-de-France,32,1
62230,G,D,maison,1921,158.7,615.0,2022-05-21,Hauts-de-France,32,1
62210,E,D,appartement,1970,90.9,448.0,2022-05-21,Hauts-de-France,32,0
02016,B,D,maison,1990,71.3,137.0,2022-05-21,Hauts-de-France,32,0
60143,D,E,appartement,1967,171.8,285.0,2022-05-21,Hauts-de-France,32,0
80049,G,F,maison,1970,54.3,439.0,2022-05-22,Hauts-de-France,32,1
60344,E,D,maison,1974,55.4,453.0,2022-05-22,Hauts-de-France,32,0
59126,E,F,appartement,1977,34.0,601.0,2022-05-22,Hauts-de-France,32,0
60057,E,F,appartement,1966,127.3,338.0,2022-05-22,Hauts-de-France,32,0
80311,D,F,appartement,1991,146.8,168.0,2022-05-23,Hauts-de-France,32,0
59191,E,E,maison,1982,39.6,492.0,2022-05-23,Hauts-de-France,32,0
80258,G,D,maison,1941,101.3,605.0,2022-05-23,Hauts-de-France,32,1
02017,B,C,appartement,1987,57.1,84.0,2022-05-23,Hauts-de-France,32,0
02014,E,G,maison,1973,24.3,489.0,2022-05-24,Hauts-de-France,32,0
80373,E,D,appartement,1992,97.3,469.0,2022-05-24,Hauts-de-France,32,0
60238,E,C,maison,1989,21.0,495.0,2022-05-24,Hauts-de-France,32,0
59231,E,E,maison,1992,116.1,412.0,2022-05-25,Hauts-de-France,32,0
62271,E,D,maison,1991,39.8,534.0,2022-05-25,Hauts-de-France,32,0
80114,D,E,appartement,1975,21.8,242.0,2022-05-25,Hauts-de-France,32,0
59005,B,C,maison,1998,99.0,149.0,2022-05-25,Hauts-de-France,32,0
62276,G,B,maison,1963,37.7,563.0,2022-05-26,Hauts-de-France,32,1
80032,E,B,maison,1985,50.5,588.0,2022-05-26,Hauts-de-France,32,0
02051,E,F,maison,1968,79.5,586.0,2022-05-26,Hauts-de-France,32,0
59365,G,C,appartement,1933,80.4,511.0,2022-05-26,Hauts-de-France,32,1
02319,E,D,maison,1984,28.9,399.0,2022-05-27,Hauts-de-France,32,0
02131,D,G,maison,1990,39.8,205.0,2022-05-27,Hauts-de-France,32,0
02351,E,D,maison,1992,43.0,498.0,2022-05-27,Hauts-de-France,32,0
62173,D,G,appartement,1988,86.8,216.0,2022-05-27,Hauts-de-France,32,0
60385,G,G,maison,1934,62.3,398.0,2022-05-28,Hauts-de-France,32,1
62025,F,F,maison,1951,65.1,662.0,2022-05-28,Hauts-de-France,32,1
62196,D,F,appartement,1984,61.8,232.0,2022-05-28,Hauts-de-France,32,0
80038,D,D,maison,1971,24.8,285.0,2022-05-28,Hauts-de-France,32,0
62361,F,D,maison,1930,28.3,534.0,2022-05-29,Hauts-de-France,32,1
59071,C,F,maison,2002,47.2,268.0,2022-05-29,Hauts-de-France,32,0
80351,D,F,maison,1988,100.9,264.0,2022-05-29,Hauts-de-France,32,0
80291,D,B,maison,1975,141.0,249.0,2022-05-29,Hauts-de-France,32,0
62288,D,G,maison,1981,105.9,268.0,2022-05-30,Hauts-de-France,32,0
02349,G,E,appartement,1940,90.2,404.0,2022-05-30,Hauts-de-France,32,1
80289,E,D,appartement,1976,21.7,447.0,2022-05-30,Hauts-de-France,32,0
02003,B,E,appartement,2010,51.8,57.0,2022-05-30,Hauts-de-France,32,0
59133,E,F,maison,1984,60.9,553.0,2022-05-31,Hauts-de-France,32,0
80091,G,F,maison,1974,58.1,668.0,2022-05-31,Hauts-de-France,32,1
62347,D,F,appartement,1985,61.2,183.0,2022-05-31,Hauts-de-France,32,0
59373,G,C,maison,1941,38.2,460.0,2022-05-31,Hauts-de-France,32,1
60214,G,D,maison,1922,106.4,696.0,2022-06-01,Hauts-de-France,32,1
62042,E,D,maison,1974,130.1,353.0,2022-06-01,Hauts-de-France,32,0
02353,C,E,immeuble,2016,19.8,201.0,2022-06-01,Hauts-de-France,32,0
59165,E,E,appartement,1986,47.5,533.0,2022-06-01,Hauts-de-France,32,0
80123,D,E,maison,1988,117.4,161.0,2022-06-02,Hauts-de-France,32,0
02354,E,E,maison,1982,18.0,684.0,2022-06-02,Hauts-de-France,32,0
60297,E,F,appartement,1979,189.2,686.0,2022-06-02,Hauts-de-France,32,0
62393,C,D,appartement,2003,41.7,257.0,2022-06-02,Hauts-de-France,32,0
60168,G,D,appartement,1962,73.6,436.0,2022-06-03,Hauts-de-France,32,1
80335,G,F,appartement,1932,72.4,355.0,2022-06-03,Hauts-de-France,32,1
62200,D,B,maison,1968,101.5,239.0,2022-06-03,Hauts-de-France,32,0
60148,F,A,appartement,1959,124.2,630.0,2022-06-03,Hauts-de-France,32,1
80189,A,E,appartement,1990,21.8,122.0,2022-06-04,Hauts-de-France,32,0
62049,G,C,maison,1932,168.7,349.0,2022-06-04,Hauts-de-France,32,1
60047,F,C,maison,1953,60.9,610.0,2022-06-04,Hauts-de-France,32,1
59294,A,D,maison,2012,37.2,137.0,2022-06-05,Hauts-de-France,32,0
02229,G,F,maison,1955,87.9,615.0,2022-06-05,Hauts-de-France,32,1
02135,D,E,appartement,1972,112.8,244.0,2022-06-05,Hauts-de-France,32,0
80164,A,C,maison,1990,83.1,57.0,2022-06-05,Hauts-de-France,32,0
62049,E,G,immeuble,1966,62.7,642.0,2022-06-06,Hauts-de-France,32,0
02322,G,F,appartement,1955,50.0,375.0,2022-06-06,Hauts-de-France,32,1
62296,A,D,appartement,2017,66.3,84.0,2022-06-06,Hauts-de-France,32,0
62024,F,G,appartement,1921,36.6,501.0,2022-06-06,Hauts-de-France,32,1
02077,F,F,appartement,1935,20.0,611.0,2022-06-07,Hauts-de-France,32,1
59127,G,E,maison,1949,38.6,501.0,2022-06-07,Hauts-de-France,32,1
02336,D,G,maison,1974,70.7,267.0,2022-06-07,Hauts-de-France,32,0
60094,B,E,maison,1990,29.5,60.0,2022-06-07,Hauts-de-France,32,0
02382,G,B,maison,1956,40.3,532.0,2022-06-08,Hauts-de-France,32,1
80322,D,C,appartement,1973,111.0,242.0,2022-06-08,Hauts-de-France,32,0
60218,F,D,maison,1965,87.8,416.0,2022-06-08,Hauts-de-France,32,1
62344,F,C,maison,1955,59.1,590.0,2022-06-08,Hauts-de-France,32,1
62251,E,E,maison,1993,102.1,452.0,2022-06-09,Hauts-de-France,32,0
60239,G,F,immeuble,1932,133.4,339.0,2022-06-09,Hauts-de-France,32,1
60225,E,F,maison,1988,104.1,474.0,2022-06-09,Hauts-de-France,32,0
80225,E,E,maison,1985,187.7,417.0,2022-06-09,Hauts-de-France,32,0
59277,E,E,appartement,1984,22.0,438.0,2022-06-10,Hauts-de-France,32,0
62361,D,F,maison,1990,50.7,275.0,2022-06-10,Hauts-de-France,32,0
59176,B,F,maison,2017,80.4,96.0,2022-06-10,Hauts-de-France,32,0
59222,F,E,maison,1925,50.0,663.0,2022-06-10,Hauts-de-France,32,1
80192,D,F,appartement,1974,51.9,165.0,2022-06-11,Hauts-de-France,32,0
60156,E,F,maison,1969,98.8,593.0,2022-06-11,Hauts-de-France,32,0
80137,F,E,maison,1960,33.6,500.0,2022-06-11,Hauts-de-France,32,1
62035,F,C,maison,1937,68.8,368.0,2022-06-11,Hauts-de-France,32,1
60305,F,F,maison,1957,34.9,367.0,2022-06-12,Hauts-de-France,32,1
60073,E,D,maison,1979,29.2,385.0,2022-06-12,Hauts-de-France,32,0
02113,D,B,appartement,1965,35.5,261.0,2022-06-12,Hauts-de-France,32,0
62339,D,C,maison,1983,92.7,294.0,2022-06-12,Hauts-de-France,32,0
59103,E,D,appartement,1969,118.9,683.0,2022-06-13,Hauts-de-France,32,0
60351,D,E,appartement,1994,36.0,283.0,2022-06-13,Hauts-de-France,32,0
02093,F,G,maison,1963,96.2,644.0,2022-06-13,Hauts-de-France,32,1
62355,D,C,appartement,1992,31.4,306.0,2022-06-13,Hauts-de-France,32,0
60137,E,C,maison,1972,57.9,686.0,2022-06-14,Hauts-de-France,32,0
60093,B,F,maison,1985,107.3,114.0,2022-06-14,Hauts-de-France,32,0
02156,D,B,maison,1989,65.5,255.0,2022-06-14,Hauts-de-France,32,0
60162,D,E,maison,1969,39.1,268.0,2022-06-14,Hauts-de-France,32,0
59106,D,C,maison,1985,52.0,201.0,2022-06-15,Hauts-de-France,32,0
80386,D,C,appartement,1979,151.2,207.0,2022-06-15,Hauts-de-France,32,0
80231,E,C,maison,1980,39.0,513.0,2022-06-15,Hauts-de-France,32,0
80001,F,F,maison,1963,92.5,656.0,2022-06-16,Hauts-de-France,32,1
62243,E,F,maison,1981,91.2,531.0,2022-06-16,Hauts-de-France,32,0
80211,C,C,maison,2001,82.6,301.0,2022-06-16,Hauts-de-France,32,0
02253,F,E,appartement,1928,90.5,374.0,2022-06-16,Hauts-de-France,32,1
62108,E,B,maison,1991,88.6,538.0,2022-06-17,Hauts-de-France,32,0
02359,E,E,maison,1983,207.2,607.0,2022-06-17,Hauts-de-France,32,0
02219,G,F,appartement,1940,108.0,451.0,2022-06-17,Hauts-de-France,32,1
62197,F,D,appartement,1966,33.8,450.0,2022-06-17,Hauts-de-France,32,1
62020,G,D,appartement,1930,109.5,673.0,2022-06-18,Hauts-de-France,32,1
62114,E,D,appartement,1970,36.9,506.0,2022-06-18,Hauts-de-France,32,0
60290,E,E,appartement,1967,76.2,554.0,2022-06-18,Hauts-de-France,32,0
02358,C,F,appartement,2006,71.6,304.0,2022-06-18,Hauts-de-France,32,0
02350,D,C,maison,1971,81.1,301.0,2022-06-19,Hauts-de-France,32,0
59090,A,G,maison,2013,89.5,131.0,2022-06-19,Hauts-de-France,32,0
60120,G,C,immeuble,1937,97.8,436.0,2022-06-19,Hauts-de-France,32,1
62054,G,E,appartement,1974,43.2,498.0,2022-06-19,Hauts-de-France,32,1
60081,E,D,maison,1968,140.4,582.0,2022-06-20,Hauts-de-France,32,0
60147,D,D,maison,1988,85.6,155.0,2022-06-20,Hauts-de-France,32,0
59360,G,E,maison,1941,111.4,501.0,2022-06-20,Hauts-de-France,32,1
02067,D,G,immeuble,1991,74.6,300.0,2022-06-20,Hauts-de-France,32,0
62226,C,E,appartement,1986,53.0,258.0,2022-06-21,Hauts-de-France,32,0
60021,E,F,immeuble,1981,60.2,606.0,2022-06-21,Hauts-de-France,32,0
02198,G,C,appartement,1947,116.4,690.0,2022-06-21,Hauts-de-France,32,1
80111,D,D,maison,1985,49.7,320.0,2022-06-21,Hauts-de-France,32,0
59340,F,G,appartement,1956,27.7,687.0,2022-06-22,Hauts-de-France,32,1
59374,F,G,maison,1943,174.9,433.0,2022-06-22,Hauts-de-France,32,1
80378,D,D,appartement,1993,76.8,205.0,2022-06-22,Hauts-de-France,32,0
80183,C,E,appartement,2000,129.2,196.0,2022-06-22,Hauts-de-France,32,0
60257,F,C,maison,1922,112.7,674.0,2022-06-23,Hauts-de-France,32,1
62248,E,C,maison,1977,77.4,487.0,2022-06-23,Hauts-de-France,32,0
02219,D,E,maison,1965,125.2,277.0,2022-06-23,Hauts-de-France,32,0
80397,F,D,immeuble,1935,78.3,557.0,2022-06-23,Hauts-de-France,32,1
60214,F,E,maison,1931,155.1,649.0,2022-06-24,Hauts-de-France,32,1
60372,E,E,appartement,1979,25.9,598.0,2022-06-24,Hauts-de-France,32,0
02285,A,E,maison,2004,42.2,73.0,2022-06-24,Hauts-de-France,32,0
02338,G,B,maison,1969,51.7,367.0,2022-06-24,Hauts-de-France,32,1
62233,G,C,maison,1974,53.1,563.0,2022-06-25,Hauts-de-France,32,1
80150,G,A,maison,1951,47.8,423.0,2022-06-25,Hauts-de-France,32,1
60150,D,A,appartement,1982,45.0,211.0,2022-06-25,Hauts-de-France,32,0
62218,C,D,maison,1988,84.5,266.0,2022-06-25,Hauts-de-France,32,0
62112,E,F,immeuble,1989,35.5,506.0,2022-06-26,Hauts-de-France,32,0
60058,D,F,appartement,1987,38.0,184.0,2022-06-26,Hauts-de-France,32,0
80222,F,C,appartement,1937,35.6,589.0,2022-06-26,Hauts-de-France,32,1
80043,D,B,maison,1994,67.8,242.0,2022-06-27,Hauts-de-France,32,0
60108,F,E,maison,1965,85.7,530.0,2022-06-27,Hauts-de-France,32,1
59278,F,E,appartement,1922,72.6,546.0,2022-06-27,Hauts-de-France,32,1
59244,D,D,appartement,1976,94.8,216.0,2022-06-27,Hauts-de-France,32,0
02142,F,G,maison,1974,29.4,533.0,2022-06-28,Hauts-de-France,32,1
80384,E,F,appartement,1975,47.6,694.0,2022-06-28,Hauts-de-France,32,0
02014,G,E,appartement,1949,80.3,535.0,2022-06-28,Hauts-de-France,32,1
59332,F,E,appartement,1972,202.1,381.0,2022-06-28,Hauts-de-France,32,1
59301,D,E,maison,1986,59.7,228.0,2022-06-29,Hauts-de-France,32,0
02059,D,G,appartement,1994,57.5,170.0,2022-06-29,Hauts-de-France,32,0
60214,C,F,maison,1998,224.6,267.0,2022-06-29,Hauts-de-France,32,0
02321,E,E,maison,1972,51.1,574.0,2022-06-29,Hauts-de-France,32,0
02356,E,E,maison,1981,31.3,476.0,2022-06-30,Hauts-de-France,32,0
02093,D,E,appartement,1974,70.2,292.0,2022-06-30,Hauts-de-France,32,0
80329,D,E,maison,1965,35.8,195.0,2022-06-30,Hauts-de-France,32,0
80347,D,E,maison,1991,33.4,268.0,2022-06-30,Hauts-de-France,32,0
62353,D,B,maison,1993,75.7,212.0,2022-07-01,Hauts-de-France,32,0
62181,E,E,maison,1982,73.9,612.0,2022-07-01,Hauts-de-France,32,0
59305,E,D,maison,1987,78.5,627.0,2022-07-01,Hauts-de-France,32,0
59220,D,E,appartement,1988,107.1,244.0,2022-07-01,Hauts-de-France,32,0
59271,F,D,appartement,1967,86.5,397.0,2022-07-02,Hauts-de-France,32,1
59352,D,C,appartement,1967,27.2,277.0,2022-07-02,Hauts-de-France,32,0
80338,F,D,appartement,1922,83.9,627.0,2022-07-02,Hauts-de-France,32,1
62273,F,F,maison,1949,35.8,369.0,2022-07-02,Hauts-de-France,32,1
60282,G,F,appartement,1974,35.4,394.0,2022-07-03,Hauts-de-France,32,1
60246,D,A,appartement,1983,89.8,169.0,2022-07-03,Hauts-de-France,32,0
80026,G,B,maison,1957,90.0,437.0,2022-07-03,Hauts-de-France,32,1
02168,C,C,maison,2010,64.5,215.0,2022-07-03,Hauts-de-France,32,0
02305,E,F,maison,1988,130.4,642.0,2022-07-04,Hauts-de-France,32,0
62073,A,B,maison,1994,105.1,93.0,2022-07-04,Hauts-de-France,32,0
59146,F,C,maison,1936,88.3,493.0,2022-07-04,Hauts-de-France,32,1
60320,B,D,appartement,2019,100.3,119.0,2022-07-04,Hauts-de-France,32,0
02243,G,B,maison,1955,26.9,530.0,2022-07-05,Hauts-de-France,32,1
80283,E,G,appartement,1988,110.9,509.0,2022-07-05,Hauts-de-France,32,0
62080,E,G,appartement,1972,31.5,589.0,2022-07-05,Hauts-de-France,32,0
02112,D,E,maison,1977,113.2,238.0,2022-07-05,Hauts-de-France,32,0
62052,F,F,appartement,1924,150.8,586.0,2022-07-06,Hauts-de-France,32,1
60082,G,D,appartement,1969,74.2,421.0,2022-07-06,Hauts-de-France,32,1
60380,D,F,maison,1979,78.5,230.0,2022-07-06,Hauts-de-France,32,0
60314,D,E,appartement,1969,81.3,242.0,2022-07-06,Hauts-de-France,32,0
80382,F,B,maison,1921,19.8,482.0,2022-07-07,Hauts-de-France,32,1
60144,C,D,maison,2008,75.5,303.0,2022-07-07,Hauts-de-France,32,0
62114,E,E,appartement,1975,97.8,676.0,2022-07-07,Hauts-de-France,32,0
62216,D,D,maison,1966,108.3,324.0,2022-07-08,Hauts-de-France,32,0
60031,E,C,appartement,1994,63.7,598.0,2022-07-08,Hauts-de-France,32,0
62172,C,E,maison,2004,91.2,252.0,2022-07-08,Hauts-de-France,32,0
80382,D,F,maison,1984,51.0,151.0,2022-07-08,Hauts-de-France,32,0
02262,F,D,immeuble,1951,91.8,401.0,2022-07-09,Hauts-de-France,32,1
60134,D,E,appartement,1991,222.7,152.0,2022-07-09,Hauts-de-France,32,0
62016,G,D,appartement,1946,114.9,626.0,2022-07-09,Hauts-de-France,32,1
02154,C,E,maison,2016,82.3,294.0,2022-07-09,Hauts-de-France,32,0
62047,F,F,appartement,1942,73.7,664.0,2022-07-10,Hauts-de-France,32,1
59280,D,D,maison,1991,107.6,195.0,2022-07-10,Hauts-de-France,32,0
59119,G,B,maison,1952,54.9,678.0,2022-07-10,Hauts-de-France,32,1
62007,G,C,appartement,1965,55.8,696.0,2022-07-10,Hauts-de-France,32,1
59061,G,F,appartement,1921,79.7,640.0,2022-07-11,Hauts-de-France,32,1
62154,G,E,appartement,1936,65.9,593.0,2022-07-11,Hauts-de-France,32,1
80212,D,B,appartement,1982,152.3,195.0,2022-07-11,Hauts-de-France,32,0
80090,E,B,maison,1989,107.3,556.0,2022-07-11,Hauts-de-France,32,0
60145,D,F,appartement,1983,110.3,225.0,2022-07-12,Hauts-de-France,32,0
80366,E,G,maison,1982,70.8,602.0,2022-07-12,Hauts-de-France,32,0
02061,E,E,maison,1988,74.0,604.0,2022-07-12,Hauts-de-France,32,0
59360,E,F,appartement,1988,78.2,435.0,2022-07-12,Hauts-de-France,32,0
59248,D,E,appartement,1967,64.2,288.0,2022-07-13,Hauts-de-France,32,0
62207,F,G,maison,1973,81.5,498.0,2022-07-13,Hauts-de-France,32,1
62337,D,C,maison,1971,51.9,310.0,2022-07-13,Hauts-de-France,32,0
80329,B,D,appartement,2000,81.0,57.0,2022-07-13,Hauts-de-France,32,0
80124,E,C,appartement,1974,38.6,685.0,2022-07-14,Hauts-de-France,32,0
62231,E,E,maison,1981,129.5,637.0,2022-07-14,Hauts-de-France,32,0
59372,F,F,appartement,1951,40.0,349.0,2022-07-14,Hauts-de-France,32,1
80118,F,E,maison,1957,60.5,344.0,2022-07-14,Hauts-de-France,32,1
59069,F,F,maison,1961,58.4,664.0,2022-07-15,Hauts-de-France,32,1
59264,G,E,maison,1945,52.8,570.0,2022-07-15,Hauts-de-France,32,1
62346,C,F,maison,2018,19.3,286.0,2022-07-15,Hauts-de-France,32,0
60348,E,E,appartement,1989,163.3,361.0,2022-07-15,Hauts-de-France,32,0
59378,D,E,maison,1965,49.4,258.0,2022-07-16,Hauts-de-France,32,0
02308,B,C,appartement,2012,141.0,97.0,2022-07-16,Hauts-de-France,32,0
62302,F,G,appartement,1938,95.6,379.0,2022-07-16,Hauts-de-France,32,1
02366,F,E,appartement,1953,50.4,649.0,2022-07-16,Hauts-de-France,32,1
59003,F,E,maison,1925,70.4,690.0,2022-07-17,Hauts-de-France,32,1
60238,G,D,appartement,1971,92.4,361.0,2022-07-17,Hauts-de-France,32,1
02059,D,F,maison,1983,83.9,223.0,2022-07-17,Hauts-de-France,32,0
62231,D,E,appartement,1987,71.4,268.0,2022-07-17,Hauts-de-France,32,0
60042,G,G,appartement,1947,47.4,371.0,2022-07-18,Hauts-de-France,32,1
02104,G,C,maison,1953,62.7,625.0,2022-07-18,Hauts-de-France,32,1
02147,C,F,maison,2018,55.9,324.0,2022-07-18,Hauts-de-France,32,0
62350,C,E,appartement,2009,51.1,212.0,2022-07-19,Hauts-de-France,32,0
80249,E,C,maison,1987,39.9,441.0,2022-07-19,Hauts-de-France,32,0
80257,G,E,maison,1952,137.6,379.0,2022-07-19,Hauts-de-France,32,1
02103,C,G,appartement,2016,153.7,189.0,2022-07-19,Hauts-de-France,32,0
02276,E,E,appartement,1976,36.1,453.0,2022-07-20,Hauts-de-France,32,0
62289,E,F,appartement,1976,141.8,490.0,2022-07-20,Hauts-de-France,32,0
62269,F,D,appartement,1971,40.3,332.0,2022-07-20,Hauts-de-France,32,1
80320,F,F,appartement,1924,37.3,427.0,2022-07-20,Hauts-de-France,32,1
02261,E,B,maison,1968,102.1,545.0,2022-07-21,Hauts-de-France,32,0
80117,B,D,appartement,1990,87.0,131.0,2022-07-21,Hauts-de-France,32,0
02053,D,A,appartement,1979,140.5,247.0,2022-07-21,Hauts-de-France,32,0
80180,F,G,appartement,1928,80.0,590.0,2022-07-21,Hauts-de-France,32,1
60096,F,F,maison,1950,103.0,624.0,2022-07-22,Hauts-de-France,32,1
60363,F,C,appartement,1942,58.2,593.0,2022-07-22,Hauts-de-France,32,1
59120,C,E,maison,2000,49.9,323.0,2022-07-22,Hauts-de-France,32,0
80139,E,D,appartement,1992,107.6,487.0,2022-07-22,Hauts-de-France,32,0
62211,E,G,maison,1968,67.6,410.0,2022-07-23,Hauts-de-France,32,0
59316,E,C,appartement,1982,75.3,408.0,2022-07-23,Hauts-de-France,32,0
80230,G,F,maison,1930,70.3,580.0,2022-07-23,Hauts-de-France,32,1
80295,B,F,immeuble,2009,74.4,111.0,2022-07-23,Hauts-de-France,32,0
80260,E,D,appartement,1985,57.6,516.0,2022-07-24,Hauts-de-France,32,0
59375,D,E,appartement,1991,56.1,163.0,2022-07-24,Hauts-de-France,32,0
02366,C,E,maison,2002,87.9,211.0,2022-07-24,Hauts-de-France,32,0
59211,E,B,appartement,1993,68.7,594.0,2022-07-24,Hauts-de-France,32,0
60173,C,G,maison,2004,49.5,158.0,2022-07-25,Hauts-de-France,32,0
80282,E,E,appartement,1976,40.0,471.0,2022-07-25,Hauts-de-France,32,0
80028,D,G,maison,1976,182.1,284.0,2022-07-25,Hauts-de-France,32,0
02093,E,G,maison,1981,160.4,433.0,2022-07-25,Hauts-de-France,32,0
80193,G,E,maison,1954,47.1,334.0,2022-07-26,Hauts-de-France,32,1
62225,C,C,maison,1997,43.4,296.0,2022-07-26,Hauts-de-France,32,0
59037,D,F,appartement,1989,68.2,318.0,2022-07-26,Hauts-de-France,32,0
60209,E,B,maison,1968,94.8,387.0,2022-07-26,Hauts-de-France,32,0
62296,C,C,appartement,1991,90.3,235.0,2022-07-27,Hauts-de-France,32,0
59369,F,E,maison,1942,147.0,391.0,2022-07-27,Hauts-de-France,32,1
60339,G,B,maison,1951,35.9,544.0,2022-07-27,Hauts-de-France,32,1
02216,D,F,appartement,1979,69.3,207.0,2022-07-27,Hauts-de-France,32,0
62336,D,C,immeuble,1978,80.4,207.0,2022-07-28,Hauts-de-France,32,0
02284,F,E,maison,1933,69.5,484.0,2022-07-28,Hauts-de-France,32,1
80393,G,C,appartement,1958,115.9,550.0,2022-07-28,Hauts-de-France,32,1
60239,C,E,appartement,1998,41.8,264.0,2022-07-28,Hauts-de-France,32,0
02074,D,E,maison,1987,80.0,261.0,2022-07-29,Hauts-de-France,32,0
80260,E,F,immeuble,1983,53.7,433.0,2022-07-29,Hauts-de-France,32,0
59330,E,A,appartement,1965,107.3,422.0,2022-07-29,Hauts-de-France,32,0
60094,E,D,appartement,1970,53.3,621.0,2022-07-30,Hauts-de-France,32,0
60272,G,E,maison,1957,56.2,560.0,2022-07-30,Hauts-de-France,32,1
59348,D,E,maison,1976,149.4,304.0,2022-07-30,Hauts-de-France,32,0
62009,D,F,immeuble,1970,60.4,161.0,2022-07-30,Hauts-de-France,32,0
62181,C,F,appartement,1988,73.7,199.0,2022-07-31,Hauts-de-France,32,0
02295,D,E,appartement,1989,103.7,281.0,2022-07-31,Hauts-de-France,32,0
62329,F,C,maison,1970,82.4,664.0,2022-07-31,Hauts-de-France,32,1
59374,D,E,maison,1968,51.7,252.0,2022-07-31,Hauts-de-France,32,0
60120,F,C,immeuble,1939,53.8,450.0,2022-08-01,Hauts-de-France,32,1
62176,F,F,immeuble,1949,57.7,564.0,2022-08-01,Hauts-de-France,32,1
62364,D,G,maison,1976,101.2,253.0,2022-08-01,Hauts-de-France,32,0
62375,C,C,maison,2018,34.8,168.0,2022-08-01,Hauts-de-France,32,0
80201,E,C,maison,1994,114.5,494.0,2022-08-02,Hauts-de-France,32,0
62257,G,E,maison,1949,150.3,462.0,2022-08-02,Hauts-de-France,32,1
02067,D,C,appartement,1968,80.8,240.0,2022-08-02,Hauts-de-France,32,0
60031,D,E,appartement,1966,41.4,183.0,2022-08-02,Hauts-de-France,32,0
59095,E,E,appartement,1975,56.0,604.0,2022-08-03,Hauts-de-France,32,0
02331,D,B,appartement,1990,28.7,182.0,2022-08-03,Hauts-de-France,32,0
60322,D,D,maison,1970,45.8,272.0,2022-08-03,Hauts-de-France,32,0
59369,B,F,appartement,2012,38.7,103.0,2022-08-03,Hauts-de-France,32,0
02173,B,G,appartement,1986,69.5,111.0,2022-08-04,Hauts-de-France,32,0
60169,E,E,maison,1977,151.8,686.0,2022-08-04,Hauts-de-France,32,0
59346,F,B,appartement,1969,106.2,642.0,2022-08-04,Hauts-de-France,32,1
60051,B,E,immeuble,1993,104.0,98.0,2022-08-04,Hauts-de-France,32,0
60270,F,D,appartement,1949,47.0,545.0,2022-08-05,Hauts-de-France,32,1
80169,B,C,appartement,2011,90.3,120.0,2022-08-05,Hauts-de-France,32,0
62316,D,D,appartement,1994,88.0,316.0,2022-08-05,Hauts-de-France,32,0
59212,C,D,appartement,1996,59.8,269.0,2022-08-05,Hauts-de-France,32,0
02290,F,B,maison,1923,36.7,641.0,2022-08-06,Hauts-de-France,32,1
80222,D,C,appartement,1974,91.3,152.0,2022-08-06,Hauts-de-France,32,0
60312,G,E,maison,1935,46.6,350.0,2022-08-06,Hauts-de-France,32,1
62389,C,G,maison,2012,55.4,191.0,2022-08-06,Hauts-de-France,32,0
80002,G,E,maison,1938,74.6,417.0,2022-08-07,Hauts-de-France,32,1
80173,D,E,maison,1976,38.7,227.0,2022-08-07,Hauts-de-France,32,0
60186,G,D,maison,1973,149.4,495.0,2022-08-07,Hauts-de-France,32,1
59003,D,E,appartement,1975,109.5,289.0,2022-08-07,Hauts-de-France,32,0
60083,F,D,appartement,1926,58.9,536.0,2022-08-08,Hauts-de-France,32,1
59316,E,E,appartement,1976,51.7,347.0,2022-08-08,Hauts-de-France,32,0
59075,E,A,maison,1975,24.3,444.0,2022-08-08,Hauts-de-France,32,0
60351,C,E,appartement,1990,49.1,207.0,2022-08-08,Hauts-de-France,32,0
80318,D,E,appartement,1994,39.5,252.0,2022-08-09,Hauts-de-France,32,0
59322,E,F,maison,1984,70.6,662.0,2022-08-09,Hauts-de-France,32,0
60249,G,E,maison,1929,67.9,348.0,2022-08-09,Hauts-de-France,32,1
02059,E,E,maison,1991,93.1,696.0,2022-08-10,Hauts-de-France,32,0
62372,E,E,maison,1972,107.1,504.0,2022-08-10,Hauts-de-France,32,0
59077,G,D,appartement,1937,73.8,372.0,2022-08-10,Hauts-de-France,32,1
60351,G,F,appartement,1926,248.9,548.0,2022-08-10,Hauts-de-France,32,1
62098,E,E,maison,1969,76.9,608.0,2022-08-11,Hauts-de-France,32,0
60325,C,G,appartement,2017,54.9,244.0,2022-08-11,Hauts-de-France,32,0
60284,D,G,maison,1976,126.5,283.0,2022-08-11,Hauts-de-France,32,0
59023,F,A,appartement,1935,62.3,635.0,2022-08-11,Hauts-de-France,32,1
59114,F,E,maison,1920,65.0,504.0,2022-08-12,Hauts-de-France,32,1
62002,G,D,immeuble,1966,69.3,590.0,2022-08-12,Hauts-de-France,32,1
62342,D,D,appartement,1992,152.8,261.0,2022-08-12,Hauts-de-France,32,0
80389,B,C,maison,2013,38.5,107.0,2022-08-12,Hauts-de-France,32,0
02120,F,E,appartement,1945,21.7,571.0,2022-08-13,Hauts-de-France,32,1
80397,E,G,maison,1983,170.3,515.0,2022-08-13,Hauts-de-France,32,0
80218,F,F,maison,1926,63.5,689.0,2022-08-13,Hauts-de-France,32,1
59166,E,F,appartement,1986,41.1,576.0,2022-08-13,Hauts-de-France,32,0
02121,E,G,maison,1969,303.8,667.0,2022-08-14,Hauts-de-France,32,0
62396,C,F,maison,1990,72.7,306.0,2022-08-14,Hauts-de-France,32,0
59396,D,F,maison,1975,79.3,298.0,2022-08-14,Hauts-de-France,32,0
02009,C,D,maison,2000,22.7,253.0,2022-08-14,Hauts-de-France,32,0
02289,G,D,appartement,1964,76.6,598.0,2022-08-15,Hauts-de-France,32,1
60268,D,G,maison,1986,189.8,296.0,2022-08-15,Hauts-de-France,32,0
62024,G,E,appartement,1923,85.1,364.0,2022-08-15,Hauts-de-France,32,1
02302,E,E,appartement,1987,148.5,628.0,2022-08-15,Hauts-de-France,32,0
59352,E,D,maison,1986,172.4,607.0,2022-08-16,Hauts-de-France,32,0
62381,F,C,maison,1964,50.1,334.0,2022-08-16,Hauts-de-France,32,1
02149,D,C,maison,1991,53.9,244.0,2022-08-16,Hauts-de-France,32,0
60060,E,F,maison,1983,91.8,587.0,2022-08-16,Hauts-de-France,32,0
59084,G,F,maison,1951,58.2,460.0,2022-08-17,Hauts-de-France,32,1
60163,D,C,maison,1985,32.5,271.0,2022-08-17,Hauts-de-France,32,0
02278,G,F,maison,1973,30.6,542.0,2022-08-17,Hauts-de-France,32,1
59187,C,C,appartement,1995,95.1,271.0,2022-08-17,Hauts-de-France,32,0
80339,E,F,appartement,1992,64.3,556.0,2022-08-18,Hauts-de-France,32,0
62140,F,E,appartement,1964,39.9,460.0,2022-08-18,Hauts-de-France,32,1
02160,F,E,appartement,1940,151.5,531.0,2022-08-18,Hauts-de-France,32,1
02381,F,F,appartement,1925,161.1,586.0,2022-08-18,Hauts-de-France,32,1
02030,F,F,appartement,1952,86.9,543.0,2022-08-19,Hauts-de-France,32,1
02113,B,D,appartement,1993,81.8,121.0,2022-08-19,Hauts-de-France,32,0
59149,E,A,appartement,1978,51.0,553.0,2022-08-19,Hauts-de-France,32,0
59366,D,C,appartement,1977,53.8,157.0,2022-08-19,Hauts-de-France,32,0
02094,F,C,maison,1935,64.6,667.0,2022-08-20,Hauts-de-France,32,1
80094,A,D,appartement,1991,57.4,131.0,2022-08-20,Hauts-de-France,32,0
59293,E,E,maison,1969,53.5,655.0,2022-08-20,Hauts-de-France,32,0
60065,C,D,appartement,1993,88.5,218.0,2022-08-21,Hauts-de-France,32,0
60270,E,B,maison,1967,63.8,339.0,2022-08-21,Hauts-de-France,32,0
59167,E,D,maison,1981,79.8,428.0,2022-08-21,Hauts-de-France,32,0
02274,B,E,maison,2011,107.3,110.0,2022-08-21,Hauts-de-France,32,0
02368,E,C,appartement,1992,117.9,594.0,2022-08-22,Hauts-de-France,32,0
80247,E,D,maison,1979,129.3,516.0,2022-08-22,Hauts-de-France,32,0
62079,F,C,maison,1936,58.4,505.0,2022-08-22,Hauts-de-France,32,1
02071,C,F,maison,1986,84.5,182.0,2022-08-22,Hauts-de-France,32,0
80391,D,F,appartement,1993,69.0,173.0,2022-08-23,Hauts-de-France,32,0
80394,D,F,appartement,1972,38.0,304.0,2022-08-23,Hauts-de-France,32,0
62244,C,B,appartement,2011,78.5,274.0,2022-08-23,Hauts-de-France,32,0
62378,D,F,immeuble,1976,85.3,218.0,2022-08-23,Hauts-de-France,32,0
62197,F,F,maison,1967,71.6,375.0,2022-08-24,Hauts-de-France,32,1
59362,D,C,maison,1991,55.5,194.0,2022-08-24,Hauts-de-France,32,0
62309,G,E,maison,1959,77.1,645.0,2022-08-24,Hauts-de-France,32,1
59124,F,F,appartement,1959,122.7,402.0,2022-08-24,Hauts-de-France,32,1
59259,E,F,maison,1991,65.3,340.0,2022-08-25,Hauts-de-France,32,0
02063,C,D,maison,2014,70.8,328.0,2022-08-25,Hauts-de-France,32,0
80282,C,F,appartement,2019,46.9,329.0,2022-08-25,Hauts-de-France,32,0
02339,E,E,maison,1980,20.4,602.0,2022-08-25,Hauts-de-France,32,0
60073,D,E,immeuble,1976,40.3,198.0,2022-08-26,Hauts-de-France,32,0
02272,B,F,maison,2005,61.6,84.0,2022-08-26,Hauts-de-France,32,0
02182,B,D,appartement,2004,45.1,92.0,2022-08-26,Hauts-de-France,32,0
02102,E,F,maison,1976,32.2,402.0,2022-08-26,Hauts-de-France,32,0
62116,C,A,appartement,1986,56.2,166.0,2022-08-27,Hauts-de-France,32,0
02323,G,D,appartement,1929,75.6,535.0,2022-08-27,Hauts-de-France,32,1
60094,B,F,maison,1992,52.0,123.0,2022-08-27,Hauts-de-France,32,0
59323,E,A,maison,1973,78.7,632.0,2022-08-27,Hauts-de-France,32,0
62075,E,C,appartement,1992,80.1,456.0,2022-08-28,Hauts-de-France,32,0
59087,B,G,maison,1992,72.7,92.0,2022-08-28,Hauts-de-France,32,0
60102,F,F,maison,1924,74.4,536.0,2022-08-28,Hauts-de-France,32,1
59394,B,E,maison,1995,33.9,72.0,2022-08-28,Hauts-de-France,32,0
59152,G,A,appartement,1937,54.3,538.0,2022-08-29,Hauts-de-France,32,1
02029,C,F,appartement,2009,93.4,216.0,2022-08-29,Hauts-de-France,32,0
60398,G,D,maison,1935,27.6,447.0,2022-08-29,Hauts-de-France,32,1
02342,F,C,maison,1956,66.9,576.0,2022-08-29,Hauts-de-France,32,1
62205,D,D,appartement,1980,73.5,264.0,2022-08-30,Hauts-de-France,32,0
62171,F,E,maison,1949,98.9,696.0,2022-08-30,Hauts-de-France,32,1
80320,F,C,maison,1960,78.9,586.0,2022-08-30,Hauts-de-France,32,1
02362,C,D,appartement,1999,77.1,301.0,2022-08-30,Hauts-de-France,32,0
59202,D,G,immeuble,1984,79.8,222.0,2022-08-31,Hauts-de-France,32,0
02038,G,D,appartement,1950,40.7,585.0,2022-08-31,Hauts-de-France,32,1
60393,D,G,maison,1982,30.0,173.0,2022-08-31,Hauts-de-France,32,0
02076,G,D,appartement,1952,103.4,461.0,2022-09-01,Hauts-de-France,32,1
02145,E,B,appartement,1972,29.7,384.0,2022-09-01,Hauts-de-France,32,0
80016,G,E,maison,1944,63.9,484.0,2022-09-01,Hauts-de-France,32,1
80106,E,G,appartement,1982,31.1,389.0,2022-09-01,Hauts-de-France,32,0
59264,G,E,appartement,1934,232.9,628.0,2022-09-02,Hauts-de-France,32,1
80376,C,D,maison,2004,24.7,201.0,2022-09-02,Hauts-de-France,32,0
02334,F,E,maison,1926,129.6,429.0,2022-09-02,Hauts-de-France,32,1
02111,G,F,appartement,1934,70.4,592.0,2022-09-02,Hauts-de-France,32,1
62135,C,E,immeuble,1988,92.7,301.0,2022-09-03,Hauts-de-France,32,0
02367,G,D,appartement,1923,81.7,378.0,2022-09-03,Hauts-de-France,32,1
60186,D,F,maison,1974,109.3,249.0,2022-09-03,Hauts-de-France,32,0
62111,E,G,maison,1981,50.5,667.0,2022-09-03,Hauts-de-France,32,0
60124,G,F,appartement,1963,88.7,473.0,2022-09-04,Hauts-de-France,32,1
62015,F,C,maison,1974,63.8,470.0,2022-09-04,Hauts-de-France,32,1
62268,E,E,maison,1994,50.0,636.0,2022-09-04,Hauts-de-France,32,0
60349,D,G,appartement,1992,26.8,205.0,2022-09-04,Hauts-de-France,32,0
59165,A,E,appartement,2003,55.8,129.0,2022-09-05,Hauts-de-France,32,0
80293,C,G,appartement,1996,19.5,180.0,2022-09-05,Hauts-de-France,32,0
80155,F,D,appartement,1921,112.5,544.0,2022-09-05,Hauts-de-France,32,1
02374,E,E,maison,1969,81.4,515.0,2022-09-05,Hauts-de-France,32,0
80071,F,D,appartement,1928,64.6,365.0,2022-09-06,Hauts-de-France,32,1
59229,C,D,appartement,2013,44.9,224.0,2022-09-06,Hauts-de-France,32,0
02305,E,D,appartement,1970,124.5,404.0,2022-09-06,Hauts-de-France,32,0
80085,D,B,immeuble,1981,59.7,296.0,2022-09-06,Hauts-de-France,32,0
60291,G,D,appartement,1959,80.6,340.0,2022-09-07,Hauts-de-France,32,1
80106,D,C,maison,1966,272.5,259.0,2022-09-07,Hauts-de-France,32,0
62092,F,D,maison,1959,60.4,593.0,2022-09-07,Hauts-de-France,32,1
62217,E,B,maison,1981,35.8,685.0,2022-09-07,Hauts-de-France,32,0
60296,D,E,maison,1994,263.0,165.0,2022-09-08,Hauts-de-France,32,0
60056,G,C,appartement,1954,51.4,504.0,2022-09-08,Hauts-de-France,32,1
80189,F,C,maison,1968,56.2,650.0,2022-09-08,Hauts-de-France,32,1
02165,D,E,maison,1969,43.4,208.0,2022-09-08,Hauts-de-France,32,0
60383,G,D,appartement,1973,36.2,549.0,2022-09-09,Hauts-de-France,32,1
80036,D,F,maison,1979,87.4,216.0,2022-09-09,Hauts-de-France,32,0
59001,G,C,appartement,1967,157.6,413.0,2022-09-09,Hauts-de-France,32,1
60022,E,E,maison,1988,79.9,379.0,2022-09-09,Hauts-de-France,32,0
02061,D,C,maison,1986,161.1,298.0,2022-09-10,Hauts-de-France,32,0
60393,C,G,maison,1988,63.2,307.0,2022-09-10,Hauts-de-France,32,0
80135,D,E,maison,1994,54.8,196.0,2022-09-10,Hauts-de-France,32,0
60166,G,C,appartement,1933,143.2,589.0,2022-09-10,Hauts-de-France,32,1
59139,D,E,appartement,1985,87.1,323.0,2022-09-11,Hauts-de-France,32,0
60321,E,D,appartement,1981,79.0,583.0,2022-09-11,Hauts-de-France,32,0
80379,F,E,appartement,1958,39.4,590.0,2022-09-11,Hauts-de-France,32,1
02350,D,D,maison,1968,60.6,299.0,2022-09-12,Hauts-de-France,32,0
02264,F,F,appartement,1931,133.1,639.0,2022-09-12,Hauts-de-France,32,1
60241,C,F,maison,2003,59.6,200.0,2022-09-12,Hauts-de-France,32,0
02185,C,A,maison,2013,88.2,216.0,2022-09-12,Hauts-de-France,32,0
62273,D,B,maison,1985,122.6,228.0,2022-09-13,Hauts-de-France,32,0
62089,E,A,maison,1984,30.5,397.0,2022-09-13,Hauts-de-France,32,0
80357,F,F,appartement,1935,83.6,659.0,2022-09-13,Hauts-de-France,32,1
59131,C,D,maison,2003,126.8,206.0,2022-09-13,Hauts-de-France,32,0
62125,E,F,maison,1992,27.5,694.0,2022-09-14,Hauts-de-France,32,0
62127,D,D,maison,1973,58.4,209.0,2022-09-14,Hauts-de-France,32,0
02058,D,F,maison,1974,73.1,187.0,2022-09-14,Hauts-de-France,32,0
62234,C,D,appartement,1987,99.4,314.0,2022-09-14,Hauts-de-France,32,0
60237,E,E,maison,1975,101.9,425.0,2022-09-15,Hauts-de-France,32,0
60240,E,C,maison,1978,103.7,489.0,2022-09-15,Hauts-de-France,32,0
62039,C,E,maison,2000,83.6,248.0,2022-09-15,Hauts-de-France,32,0
62159,D,G,appartement,1982,93.3,239.0,2022-09-15,Hauts-de-France,32,0
62347,E,C,appartement,1983,151.1,416.0,2022-09-16,Hauts-de-France,32,0
62099,E,D,maison,1969,45.9,647.0,2022-09-16,Hauts-de-France,32,0
02306,G,C,appartement,1955,212.6,676.0,2022-09-16,Hauts-de-France,32,1
60011,D,E,appartement,1986,58.2,197.0,2022-09-16,Hauts-de-France,32,0
62068,F,G,maison,1950,53.7,424.0,2022-09-17,Hauts-de-France,32,1
80010,C,D,immeuble,1985,33.2,266.0,2022-09-17,Hauts-de-France,32,0
62133,D,D,maison,1992,52.4,272.0,2022-09-17,Hauts-de-France,32,0
62216,C,G,appartement,1991,91.6,284.0,2022-09-17,Hauts-de-France,32,0
62155,D,F,maison,1974,108.2,262.0,2022-09-18,Hauts-de-France,32,0
62349,E,E,appartement,1967,31.4,387.0,2022-09-18,Hauts-de-France,32,0
80004,D,D,appartement,1982,109.8,190.0,2022-09-18,Hauts-de-France,32,0
59033,E,B,appartement,1965,62.8,622.0,2022-09-18,Hauts-de-France,32,0
80215,B,D,appartement,2001,145.4,58.0,2022-09-19,Hauts-de-France,32,0
59137,E,E,maison,1973,73.8,529.0,2022-09-19,Hauts-de-France,32,0
80350,F,F,appartement,1929,52.0,597.0,2022-09-19,Hauts-de-France,32,1
02008,D,C,maison,1977,65.1,274.0,2022-09-19,Hauts-de-France,32,0
60260,D,F,maison,1973,93.7,160.0,2022-09-20,Hauts-de-France,32,0
02312,D,E,appartement,1969,31.4,272.0,2022-09-20,Hauts-de-France,32,0
59311,E,F,appartement,1972,113.8,511.0,2022-09-20,Hauts-de-France,32,0
60082,E,G,maison,1986,23.8,566.0,2022-09-20,Hauts-de-France,32,0
59114,C,E,maison,2010,83.9,196.0,2022-09-21,Hauts-de-France,32,0
80040,F,D,maison,1928,111.1,439.0,2022-09-21,Hauts-de-France,32,1
60129,E,F,appartement,1985,117.7,377.0,2022-09-21,Hauts-de-France,32,0
62284,F,A,maison,1971,129.6,654.0,2022-09-21,Hauts-de-France,32,1
62129,C,D,appartement,2010,81.8,232.0,2022-09-22,Hauts-de-France,32,0
59186,G,D,appartement,1962,40.9,543.0,2022-09-22,Hauts-de-France,32,1
02296,F,G,maison,1959,36.0,510.0,2022-09-22,Hauts-de-France,32,1
59093,D,B,appartement,1992,45.2,211.0,2022-09-23,Hauts-de-France,32,0
59353,D,C,maison,1977,35.9,249.0,2022-09-23,Hauts-de-France,32,0
59238,E,C,appartement,1984,67.8,528.0,2022-09-23,Hauts-de-France,32,0
60005,F,D,maison,1971,41.8,602.0,2022-09-23,Hauts-de-France,32,1
02279,E,C,maison,1984,65.6,548.0,2022-09-24,Hauts-de-France,32,0
62124,G,F,appartement,1968,42.6,381.0,2022-09-24,Hauts-de-France,32,1
62265,G,E,maison,1951,18.0,512.0,2022-09-24,Hauts-de-France,32,1
60366,G,G,maison,1941,124.0,604.0,2022-09-24,Hauts-de-France,32,1
60284,D,E,appartement,1974,58.9,259.0,2022-09-25,Hauts-de-France,32,0
60019,G,D,appartement,1936,92.4,561.0,2022-09-25,Hauts-de-France,32,1
62291,D,B,appartement,1974,39.9,289.0,2022-09-25,Hauts-de-France,32,0
02163,C,E,maison,2006,94.2,317.0,2022-09-25,Hauts-de-France,32,0
80314,D,G,maison,1976,118.9,321.0,2022-09-26,Hauts-de-France,32,0
59319,F,D,maison,1943,125.5,661.0,2022-09-26,Hauts-de-France,32,1
80122,G,D,appartement,1959,53.6,357.0,2022-09-26,Hauts-de-France,32,1
59045,G,G,maison,1935,59.2,660.0,2022-09-26,Hauts-de-France,32,1
02306,D,D,appartement,1982,156.4,297.0,2022-09-27,Hauts-de-France,32,0
60159,C,E,maison,1993,124.1,306.0,2022-09-27,Hauts-de-France,32,0
02277,D,D,appartement,1972,77.2,276.0,2022-09-27,Hauts-de-France,32,0
80387,G,E,maison,1921,126.5,640.0,2022-09-27,Hauts-de-France,32,1
02134,E,C,appartement,1991,73.9,394.0,2022-09-28,Hauts-de-France,32,0
02137,E,G,appartement,1991,52.8,584.0,2022-09-28,Hauts-de-France,32,0
60347,F,A,maison,1959,43.2,436.0,2022-09-28,Hauts-de-France,32,1
59109,G,D,appartement,1927,60.0,364.0,2022-09-28,Hauts-de-France,32,1
02087,E,E,maison,1970,125.2,427.0,2022-09-29,Hauts-de-France,32,0
60096,F,F,maison,1948,18.0,691.0,2022-09-29,Hauts-de-France,32,1
59003,C,D,maison,1985,46.9,320.0,2022-09-29,Hauts-de-France,32,0
59105,D,C,maison,1977,57.4,219.0,2022-09-29,Hauts-de-France,32,0
80273,G,F,appartement,1955,132.3,633.0,2022-09-30,Hauts-de-France,32,1
59340,E,C,maison,1990,34.5,633.0,2022-09-30,Hauts-de-France,32,0
02145,B,D,maison,2011,88.7,83.0,2022-09-30,Hauts-de-France,32,0
80312,F,F,maison,1926,94.9,642.0,2022-09-30,Hauts-de-France,32,1
62016,D,F,appartement,1994,32.1,163.0,2022-10-01,Hauts-de-France,32,0
62217,E,D,maison,1987,70.8,374.0,2022-10-01,Hauts-de-France,32,0
59334,F,F,appartement,1964,45.0,396.0,2022-10-01,Hauts-de-France,32,1
62362,G,C,maison,1961,187.7,481.0,2022-10-01,Hauts-de-France,32,1
02080,E,D,maison,1990,109.5,510.0,2022-10-02,Hauts-de-France,32,0
02313,G,D,appartement,1952,121.6,690.0,2022-10-02,Hauts-de-France,32,1
02152,F,E,maison,1932,83.4,382.0,2022-10-02,Hauts-de-France,32,1
59150,F,C,appartement,1953,35.8,631.0,2022-10-02,Hauts-de-France,32,1
60226,E,D,maison,1972,30.7,571.0,2022-10-03,Hauts-de-France,32,0
59386,E,D,appartement,1969,51.3,699.0,2022-10-03,Hauts-de-France,32,0
02176,D,D,maison,1984,165.0,244.0,2022-10-03,Hauts-de-France,32,0
80086,F,G,maison,1950,32.7,700.0,2022-10-04,Hauts-de-France,32,1
60285,E,C,appartement,1975,128.0,595.0,2022-10-04,Hauts-de-France,32,0
80294,C,C,maison,2014,39.2,270.0,2022-10-04,Hauts-de-France,32,0
80012,G,E,appartement,1939,62.8,457.0,2022-10-04,Hauts-de-France,32,1
62222,A,C,appartement,1991,69.1,88.0,2022-10-05,Hauts-de-France,32,0
80003,F,D,maison,1932,72.7,632.0,2022-10-05,Hauts-de-France,32,1
59387,G,E,maison,1930,80.5,525.0,2022-10-05,Hauts-de-France,32,1
80374,D,E,appartement,1988,91.5,240.0,2022-10-05,Hauts-de-France,32,0
59078,G,E,appartement,1967,50.1,359.0,2022-10-06,Hauts-de-France,32,1
59179,D,C,maison,1966,34.2,191.0,2022-10-06,Hauts-de-France,32,0
60378,G,E,appartement,1938,58.7,633.0,2022-10-06,Hauts-de-France,32,1
62190,D,F,immeuble,1975,69.9,315.0,2022-10-06,Hauts-de-France,32,0
80003,D,E,maison,1987,57.1,190.0,2022-10-07,Hauts-de-France,32,0
80149,E,E,maison,1993,60.9,562.0,2022-10-07,Hauts-de-France,32,0
59079,F,F,maison,1957,146.8,696.0,2022-10-07,Hauts-de-France,32,1
62256,E,G,appartement,1971,111.4,476.0,2022-10-07,Hauts-de-France,32,0
59046,D,E,appartement,1992,83.2,235.0,2022-10-08,Hauts-de-France,32,0
60272,G,F,maison,1946,52.0,380.0,2022-10-08,Hauts-de-France,32,1
02378,C,C,appartement,2013,72.4,263.0,2022-10-08,Hauts-de-France,32,0
80395,B,E,maison,2004,53.2,64.0,2022-10-08,Hauts-de-France,32,0
59368,E,C,maison,1977,55.3,482.0,2022-10-09,Hauts-de-France,32,0
59155,D,E,appartement,1977,80.9,319.0,2022-10-09,Hauts-de-France,32,0
02032,D,E,appartement,1992,64.4,273.0,2022-10-09,Hauts-de-France,32,0
62190,C,F,appartement,1997,85.6,290.0,2022-10-09,Hauts-de-France,32,0
62215,E,A,appartement,1993,26.0,493.0,2022-10-10,Hauts-de-France,32,0
02231,D,F,maison,1969,131.1,213.0,2022-10-10,Hauts-de-France,32,0
62133,F,G,maison,1967,63.8,480.0,2022-10-10,Hauts-de-France,32,1
59043,D,F,maison,1994,75.3,228.0,2022-10-10,Hauts-de-France,32,0
59340,F,F,appartement,1973,71.2,525.0,2022-10-11,Hauts-de-France,32,1
62336,E,F,maison,1977,88.7,477.0,2022-10-11,Hauts-de-France,32,0
02252,F,E,appartement,1936,97.5,596.0,2022-10-11,Hauts-de-France,32,1
62065,E,C,maison,1983,256.1,402.0,2022-10-11,Hauts-de-France,32,0
60376,B,E,appartement,1985,36.2,108.0,2022-10-12,Hauts-de-France,32,0
60205,D,B,maison,1976,108.0,224.0,2022-10-12,Hauts-de-France,32,0
62272,C,G,maison,1992,83.7,196.0,2022-10-12,Hauts-de-France,32,0
60104,F,E,appartement,1947,68.9,531.0,2022-10-12,Hauts-de-France,32,1
80254,F,C,maison,1973,182.5,624.0,2022-10-13,Hauts-de-France,32,1
59266,B,F,maison,1997,52.6,58.0,2022-10-13,Hauts-de-France,32,0
62069,F,E,maison,1964,65.9,557.0,2022-10-13,Hauts-de-France,32,1
59209,G,D,appartement,1971,59.4,480.0,2022-10-13,Hauts-de-France,32,1
02086,F,D,maison,1931,63.3,350.0,2022-10-14,Hauts-de-France,32,1
02293,F,F,maison,1930,27.2,504.0,2022-10-14,Hauts-de-France,32,1
59077,C,E,appartement,2012,53.0,267.0,2022-10-14,Hauts-de-France,32,0
60242,G,B,appartement,1957,98.4,480.0,2022-10-15,Hauts-de-France,32,1
60176,G,D,appartement,1921,42.3,357.0,2022-10-15,Hauts-de-France,32,1
60060,F,G,appartement,1952,47.0,352.0,2022-10-15,Hauts-de-France,32,1
80192,E,E,appartement,1973,137.5,349.0,2022-10-15,Hauts-de-France,32,0
60229,F,F,appartement,1920,45.8,536.0,2022-10-16,Hauts-de-France,32,1
62299,C,F,appartement,1998,36.3,239.0,2022-10-16,Hauts-de-France,32,0
60102,B,E,appartement,1996,55.3,75.0,2022-10-16,Hauts-de-France,32,0
80075,D,G,maison,1982,140.5,315.0,2022-10-16,Hauts-de-France,32,0
02221,D,G,appartement,1994,37.0,171.0,2022-10-17,Hauts-de-France,32,0
62355,C,E,appartement,2006,36.4,329.0,2022-10-17,Hauts-de-France,32,0
02125,D,G,maison,1991,39.3,253.0,2022-10-17,Hauts-de-France,32,0
59192,G,B,maison,1925,58.1,637.0,2022-10-17,Hauts-de-France,32,1
02334,D,G,appartement,1966,89.9,242.0,2022-10-18,Hauts-de-France,32,0
60330,E,D,appartement,1973,54.3,360.0,2022-10-18,Hauts-de-France,32,0
59261,E,B,maison,1985,72.3,637.0,2022-10-18,Hauts-de-France,32,0
62305,F,C,appartement,1971,83.8,351.0,2022-10-18,Hauts-de-France,32,1
59364,E,C,maison,1982,48.7,644.0,2022-10-19,Hauts-de-France,32,0
80266,E,D,appartement,1979,114.8,487.0,2022-10-19,Hauts-de-France,32,0
59147,D,D,maison,1986,27.5,320.0,2022-10-19,Hauts-de-France,32,0
80364,F,F,maison,1973,189.9,596.0,2022-10-19,Hauts-de-France,32,1
60027,G,F,maison,1940,215.8,525.0,2022-10-20,Hauts-de-France,32,1
02172,D,D,maison,1985,121.7,189.0,2022-10-20,Hauts-de-France,32,0
62039,E,D,maison,1967,52.2,514.0,2022-10-20,Hauts-de-France,32,0
02255,G,F,appartement,1971,72.3,565.0,2022-10-20,Hauts-de-France,32,1
02299,C,G,maison,2004,43.4,251.0,2022-10-21,Hauts-de-France,32,0
80355,E,B,appartement,1986,44.4,388.0,2022-10-21,Hauts-de-France,32,0
59122,E,C,appartement,1973,32.5,335.0,2022-10-21,Hauts-de-France,32,0
60117,F,G,maison,1920,46.1,572.0,2022-10-21,Hauts-de-France,32,1
62284,D,D,appartement,1966,47.3,261.0,2022-10-22,Hauts-de-France,32,0
59092,E,E,maison,1994,71.9,345.0,2022-10-22,Hauts-de-France,32,0
60373,C,C,appartement,1990,93.8,240.0,2022-10-22,Hauts-de-France,32,0
59046,E,D,immeuble,1993,62.0,377.0,2022-10-22,Hauts-de-France,32,0
60087,E,B,maison,1980,53.0,353.0,2022-10-23,Hauts-de-France,32,0
59347,D,F,appartement,1994,64.2,282.0,2022-10-23,Hauts-de-France,32,0
02396,G,D,appartement,1922,113.7,446.0,2022-10-23,Hauts-de-France,32,1
60285,E,F,appartement,1973,59.0,349.0,2022-10-23,Hauts-de-France,32,0
62085,F,D,appartement,1936,178.9,647.0,2022-10-24,Hauts-de-France,32,1
62225,C,E,maison,1987,115.1,234.0,2022-10-24,Hauts-de-France,32,0
59060,D,E,maison,1981,36.4,328.0,2022-10-24,Hauts-de-France,32,0
59016,F,F,appartement,1974,45.5,378.0,2022-10-25,Hauts-de-France,32,1
59202,E,G,appartement,1983,50.6,491.0,2022-10-25,Hauts-de-France,32,0
62029,G,E,appartement,1942,93.7,417.0,2022-10-25,Hauts-de-France,32,1
80052,D,F,maison,1980,37.3,326.0,2022-10-25,Hauts-de-France,32,0
02030,D,A,appartement,1970,33.4,215.0,2022-10-26,Hauts-de-France,32,0
80130,B,D,maison,2011,177.4,100.0,2022-10-26,Hauts-de-France,32,0
80141,G,E,maison,1935,141.6,699.0,2022-10-26,Hauts-de-France,32,1
59256,F,D,appartement,1970,53.3,406.0,2022-10-26,Hauts-de-France,32,1
80032,B,D,maison,2009,32.4,106.0,2022-10-27,Hauts-de-France,32,0
02198,F,E,maison,1943,156.3,489.0,2022-10-27,Hauts-de-France,32,1
62328,E,G,appartement,1979,54.0,621.0,2022-10-27,Hauts-de-France,32,0
62250,E,D,maison,1993,97.0,608.0,2022-10-27,Hauts-de-France,32,0
02085,D,C,appartement,1983,58.3,237.0,2022-10-28,Hauts-de-France,32,0
80273,E,F,appartement,1987,52.0,696.0,2022-10-28,Hauts-de-France,32,0
59358,F,E,appartement,1944,34.8,691.0,2022-10-28,Hauts-de-France,32,1
02232,F,F,maison,1925,57.8,408.0,2022-10-28,Hauts-de-France,32,1
59035,E,F,maison,1984,135.5,476.0,2022-10-29,Hauts-de-France,32,0
59399,G,D,appartement,1925,45.7,568.0,2022-10-29,Hauts-de-France,32,1
80209,D,D,appartement,1991,21.7,262.0,2022-10-29,Hauts-de-France,32,0
59305,E,E,appartement,1976,132.9,444.0,2022-10-29,Hauts-de-France,32,0
62131,E,D,appartement,1974,57.8,561.0,2022-10-30,Hauts-de-France,32,0
80329,E,F,appartement,1978,119.5,596.0,2022-10-30,Hauts-de-France,32,0
59204,F,D,maison,1933,40.4,526.0,2022-10-30,Hauts-de-France,32,1
59135,F,G,maison,1943,58.4,639.0,2022-10-30,Hauts-de-France,32,1
60024,B,B,appartement,2017,31.0,112.0,2022-10-31,Hauts-de-France,32,0
80369,G,E,appartement,1923,61.4,552.0,2022-10-31,Hauts-de-France,32,1
62172,D,G,appartement,1966,52.9,190.0,2022-10-31,Hauts-de-France,32,0
62118,F,F,appartement,1967,121.1,625.0,2022-10-31,Hauts-de-France,32,1
62165,B,D,maison,1988,28.2,114.0,2022-11-01,Hauts-de-France,32,0
60327,F,G,appartement,1962,67.9,434.0,2022-11-01,Hauts-de-France,32,1
62119,E,D,appartement,1992,85.5,501.0,2022-11-01,Hauts-de-France,32,0
80212,A,F,maison,2005,85.5,58.0,2022-11-01,Hauts-de-France,32,0
59388,F,C,appartement,1965,35.2,342.0,2022-11-02,Hauts-de-France,32,1
62347,B,G,maison,2016,24.6,143.0,2022-11-02,Hauts-de-France,32,0
02340,E,E,appartement,1985,179.3,600.0,2022-11-02,Hauts-de-France,32,0
80002,D,E,appartement,1983,66.1,167.0,2022-11-02,Hauts-de-France,32,0
80299,G,G,appartement,1963,68.4,573.0,2022-11-03,Hauts-de-France,32,1
60256,F,G,maison,1971,119.1,516.0,2022-11-03,Hauts-de-France,32,1
59323,B,E,appartement,2016,52.8,71.0,2022-11-03,Hauts-de-France,32,0
59397,G,E,maison,1957,90.3,569.0,2022-11-03,Hauts-de-France,32,1
60146,D,G,appartement,1979,67.4,261.0,2022-11-04,Hauts-de-France,32,0
02025,G,D,maison,1930,59.7,625.0,2022-11-04,Hauts-de-France,32,1
80007,D,E,maison,1983,54.4,256.0,2022-11-04,Hauts-de-France,32,0
60135,E,D,immeuble,1991,45.5,501.0,2022-11-05,Hauts-de-France,32,0
02378,D,E,maison,1970,97.4,256.0,2022-11-05,Hauts-de-France,32,0
59366,E,C,appartement,1970,41.9,423.0,2022-11-05,Hauts-de-France,32,0
59276,C,G,appartement,2017,27.5,169.0,2022-11-05,Hauts-de-France,32,0
62193,B,D,maison,2004,34.4,60.0,2022-11-06,Hauts-de-France,32,0
59214,G,D,maison,1959,47.5,627.0,2022-11-06,Hauts-de-France,32,1
60014,E,F,maison,1992,183.7,354.0,2022-11-06,Hauts-de-France,32,0
80123,G,C,maison,1948,18.0,480.0,2022-11-06,Hauts-de-France,32,1
59089,C,D,appartement,2001,47.4,266.0,2022-11-07,Hauts-de-France,32,0
02023,G,F,maison,1949,127.9,588.0,2022-11-07,Hauts-de-France,32,1
62377,D,D,appartement,1971,61.0,222.0,2022-11-07,Hauts-de-France,32,0
60245,E,C,maison,1987,116.8,660.0,2022-11-07,Hauts-de-France,32,0
62219,C,B,maison,2013,68.4,249.0,2022-11-08,Hauts-de-France,32,0
02089,F,D,maison,1926,58.8,398.0,2022-11-08,Hauts-de-France,32,1
60059,F,D,appartement,1961,56.5,456.0,2022-11-08,Hauts-de-France,32,1
62381,B,E,maison,2011,59.3,55.0,2022-11-08,Hauts-de-France,32,0
02016,D,E,appartement,1980,33.9,174.0,2022-11-09,Hauts-de-France,32,0
02113,G,F,maison,1930,181.0,433.0,2022-11-09,Hauts-de-France,32,1
80086,E,F,maison,1982,33.9,514.0,2022-11-09,Hauts-de-France,32,0
62003,G,G,maison,1934,30.1,473.0,2022-11-09,Hauts-de-France,32,1
02139,G,D,maison,1946,91.9,434.0,2022-11-10,Hauts-de-France,32,1
60169,E,C,maison,1987,49.9,446.0,2022-11-10,Hauts-de-France,32,0
59135,F,E,appartement,1968,69.6,505.0,2022-11-10,Hauts-de-France,32,1
62263,G,E,maison,1926,74.0,496.0,2022-11-10,Hauts-de-France,32,1
80080,E,B,appartement,1991,120.9,585.0,2022-11-11,Hauts-de-France,32,0
02348,G,D,maison,1967,50.7,570.0,2022-11-11,Hauts-de-France,32,1
59050,B,F,maison,2005,110.9,126.0,2022-11-11,Hauts-de-France,32,0
62358,E,G,maison,1979,45.6,406.0,2022-11-11,Hauts-de-France,32,0
80147,D,C,appartement,1978,156.5,223.0,2022-11-12,Hauts-de-France,32,0
62196,E,B,appartement,1977,116.6,686.0,2022-11-12,Hauts-de-France,32,0
02338,A,F,maison,1993,51.9,66.0,2022-11-12,Hauts-de-France,32,0
62063,A,D,appartement,2006,145.5,65.0,2022-11-12,Hauts-de-France,32,0
02362,F,F,maison,1962,67.5,606.0,2022-11-13,Hauts-de-France,32,1
80346,D,G,appartement,1987,26.8,223.0,2022-11-13,Hauts-de-France,32,0
02071,D,C,maison,1971,164.0,238.0,2022-11-13,Hauts-de-France,32,0
62029,G,E,appartement,1948,59.1,688.0,2022-11-13,Hauts-de-France,32,1
62243,C,B,appartement,1995,76.9,161.0,2022-11-14,Hauts-de-France,32,0
60193,D,C,maison,1989,154.8,303.0,2022-11-14,Hauts-de-France,32,0
02053,E,B,appartement,1965,44.0,557.0,2022-11-14,Hauts-de-France,32,0
59115,E,F,appartement,1981,36.3,381.0,2022-11-14,Hauts-de-France,32,0
80053,D,G,maison,1987,88.8,314.0,2022-11-15,Hauts-de-France,32,0
02358,C,E,maison,2013,82.4,159.0,2022-11-15,Hauts-de-France,32,0
02249,G,E,maison,1936,147.0,500.0,2022-11-15,Hauts-de-France,32,1
62119,D,G,immeuble,1975,37.2,222.0,2022-11-16,Hauts-de-France,32,0
62057,B,E,appartement,2007,123.7,124.0,2022-11-16,Hauts-de-France,32,0
02126,E,C,immeuble,1968,43.0,371.0,2022-11-16,Hauts-de-France,32,0
02283,C,B,maison,1995,71.0,193.0,2022-11-16,Hauts-de-France,32,0
59053,D,D,appartement,1986,21.1,249.0,2022-11-17,Hauts-de-France,32,0
02174,A,G,immeuble,2006,59.0,120.0,2022-11-17,Hauts-de-France,32,0
60229,E,G,appartement,1980,80.0,638.0,2022-11-17,Hauts-de-France,32,0
80077,E,C,maison,1973,100.2,683.0,2022-11-17,Hauts-de-France,32,0
62102,E,E,maison,1976,36.3,337.0,2022-11-18,Hauts-de-France,32,0
80229,G,C,appartement,1925,73.9,438.0,2022-11-18,Hauts-de-France,32,1
80331,G,D,maison,1961,53.4,399.0,2022-11-18,Hauts-de-France,32,1
60023,F,D,maison,1950,49.0,352.0,2022-11-18,Hauts-de-France,32,1
02377,D,D,maison,1976,56.2,301.0,2022-11-19,Hauts-de-France,32,0
62162,G,B,maison,1968,36.2,614.0,2022-11-19,Hauts-de-France,32,1
60018,F,F,appartement,1967,113.0,653.0,2022-11-19,Hauts-de-France,32,1
60037,C,B,appartement,2015,88.9,297.0,2022-11-19,Hauts-de-France,32,0
02233,F,F,appartement,1930,79.5,406.0,2022-11-20,Hauts-de-France,32,1
60044,G,D,maison,1951,66.0,563.0,2022-11-20,Hauts-de-France,32,1
59019,G,E,appartement,1953,62.4,642.0,2022-11-20,Hauts-de-France,32,1
62088,E,E,maison,1988,70.7,488.0,2022-11-20,Hauts-de-France,32,0
02121,C,D,maison,1988,108.1,266.0,2022-11-21,Hauts-de-France,32,0
02090,C,F,maison,2000,51.7,227.0,2022-11-21,Hauts-de-France,32,0
62235,F,F,appartement,1950,77.1,679.0,2022-11-21,Hauts-de-France,32,1
80036,C,E,appartement,2000,80.4,161.0,2022-11-21,Hauts-de-France,32,0
59378,E,E,maison,1987,102.6,684.0,2022-11-22,Hauts-de-France,32,0
60238,F,F,appartement,1928,36.2,374.0,2022-11-22,Hauts-de-France,32,1
59276,D,E,maison,1994,80.8,267.0,2022-11-22,Hauts-de-France,32,0
02311,B,F,appartement,2005,25.2,84.0,2022-11-22,Hauts-de-France,32,0
80305,E,D,maison,1990,25.0,579.0,2022-11-23,Hauts-de-France,32,0
60013,D,C,maison,1980,61.3,288.0,2022-11-23,Hauts-de-France,32,0
60317,F,G,maison,1965,35.4,491.0,2022-11-23,Hauts-de-France,32,1
80202,F,E,maison,1951,36.5,370.0,2022-11-23,Hauts-de-France,32,1
80022,E,D,maison,1978,30.7,373.0,2022-11-24,Hauts-de-France,32,0
59347,C,E,maison,1988,169.3,228.0,2022-11-24,Hauts-de-France,32,0
02294,C,D,maison,2014,31.0,215.0,2022-11-24,Hauts-de-France,32,0
62133,D,G,appartement,1971,63.2,241.0,2022-11-24,Hauts-de-France,32,0
80189,E,D,appartement,1967,65.8,530.0,2022-11-25,Hauts-de-France,32,0
02197,G,A,appartement,1923,158.8,551.0,2022-11-25,Hauts-de-France,32,1
60367,G,D,maison,1935,65.7,400.0,2022-11-25,Hauts-de-France,32,1
60162,F,C,appartement,1966,76.1,582.0,2022-11-25,Hauts-de-France,32,1
59376,D,C,maison,1967,57.0,213.0,2022-11-26,Hauts-de-France,32,0
02069,E,D,maison,1968,58.3,536.0,2022-11-26,Hauts-de-France,32,0
02295,F,D,appartement,1956,20.8,445.0,2022-11-26,Hauts-de-France,32,1
02171,D,E,immeuble,1979,95.3,272.0,2022-11-27,Hauts-de-France,32,0
80341,C,D,maison,2006,80.4,328.0,2022-11-27,Hauts-de-France,32,0
80182,D,A,maison,1986,67.9,299.0,2022-11-27,Hauts-de-France,32,0
60184,D,C,maison,1980,54.3,185.0,2022-11-27,Hauts-de-France,32,0
60294,F,D,appartement,1946,78.9,396.0,2022-11-28,Hauts-de-France,32,1
02020,D,E,maison,1976,47.3,299.0,2022-11-28,Hauts-de-France,32,0
60119,D,B,maison,1975,88.3,209.0,2022-11-28,Hauts-de-France,32,0
02353,E,G,maison,1965,40.9,584.0,2022-11-28,Hauts-de-France,32,0
62374,F,G,maison,1953,84.1,479.0,2022-11-29,Hauts-de-France,32,1
59076,D,E,appartement,1987,27.9,327.0,2022-11-29,Hauts-de-France,32,0
02376,D,F,maison,1991,44.6,158.0,2022-11-29,Hauts-de-France,32,0
80052,D,F,appartement,1968,67.8,170.0,2022-11-29,Hauts-de-France,32,0
80188,C,D,appartement,2008,36.0,250.0,2022-11-30,Hauts-de-France,32,0
60253,G,D,appartement,1927,119.1,418.0,2022-11-30,Hauts-de-France,32,1
02111,C,E,maison,2010,100.5,205.0,2022-11-30,Hauts-de-France,32,0
59308,G,G,maison,1952,152.9,339.0,2022-11-30,Hauts-de-France,32,1
60326,C,D,appartement,1990,164.0,204.0,2022-12-01,Hauts-de-France,32,0
62319,F,D,maison,1969,144.8,369.0,2022-12-01,Hauts-de-France,32,1
02087,D,C,maison,1986,45.7,282.0,2022-12-01,Hauts-de-France,32,0
60362,F,B,maison,1927,69.8,486.0,2022-12-01,Hauts-de-France,32,1
80341,B,E,appartement,2005,38.5,62.0,2022-12-02,Hauts-de-France,32,0
02298,F,F,maison,1948,259.9,543.0,2022-12-02,Hauts-de-France,32,1
80258,G,E,maison,1942,62.1,480.0,2022-12-02,Hauts-de-France,32,1
60250,D,E,appartement,1972,110.4,194.0,2022-12-02,Hauts-de-France,32,0
02017,E,G,appartement,1969,70.4,670.0,2022-12-03,Hauts-de-France,32,0
02154,E,C,maison,1991,44.0,650.0,2022-12-03,Hauts-de-France,32,0
02041,F,E,maison,1962,91.4,518.0,2022-12-03,Hauts-de-France,32,1
80176,F,C,appartement,1958,52.6,669.0,2022-12-03,Hauts-de-France,32,1
02311,E,D,immeuble,1981,76.6,599.0,2022-12-04,Hauts-de-France,32,0
02375,A,F,maison,1995,49.1,69.0,2022-12-04,Hauts-de-France,32,0
62102,F,G,appartement,1946,31.9,691.0,2022-12-04,Hauts-de-France,32,1
80020,E,B,appartement,1988,93.7,376.0,2022-12-04,Hauts-de-France,32,0
02305,F,D,appartement,1951,103.4,581.0,2022-12-05,Hauts-de-France,32,1
62253,D,B,maison,1967,93.0,167.0,2022-12-05,Hauts-de-France,32,0
02228,C,D,appartement,2012,63.3,314.0,2022-12-05,Hauts-de-France,32,0
62142,F,F,maison,1958,79.1,582.0,2022-12-05,Hauts-de-France,32,1
80254,F,D,appartement,1928,74.2,591.0,2022-12-06,Hauts-de-France,32,1
60061,G,D,maison,1949,46.2,574.0,2022-12-06,Hauts-de-France,32,1
80396,D,F,maison,1987,120.1,180.0,2022-12-06,Hauts-de-France,32,0
80285,C,C,maison,1990,96.0,168.0,2022-12-06,Hauts-de-France,32,0
62072,F,A,maison,1955,72.8,410.0,2022-12-07,Hauts-de-France,32,1
60050,E,E,appartement,1982,55.1,415.0,2022-12-07,Hauts-de-France,32,0
02152,E,A,immeuble,1987,113.2,483.0,2022-12-07,Hauts-de-France,32,0
60014,E,E,appartement,1986,59.0,353.0,2022-12-08,Hauts-de-France,32,0
02031,F,E,maison,1969,86.9,629.0,2022-12-08,Hauts-de-France,32,1
59187,E,F,maison,1986,54.8,484.0,2022-12-08,Hauts-de-France,32,0
62362,G,E,maison,1924,66.2,526.0,2022-12-08,Hauts-de-France,32,1
02315,F,E,maison,1947,40.6,523.0,2022-12-09,Hauts-de-France,32,1
60368,G,C,maison,1922,69.7,346.0,2022-12-09,Hauts-de-France,32,1
80136,F,E,appartement,1931,75.5,453.0,2022-12-09,Hauts-de-France,32,1
02015,D,C,maison,1974,98.6,267.0,2022-12-09,Hauts-de-France,32,0
59314,D,C,maison,1992,52.4,305.0,2022-12-10,Hauts-de-France,32,0
59146,E,D,appartement,1991,80.5,467.0,2022-12-10,Hauts-de-France,32,0
80231,B,E,maison,1998,64.6,94.0,2022-12-10,Hauts-de-France,32,0
80235,E,E,immeuble,1993,134.0,671.0,2022-12-10,Hauts-de-France,32,0
62303,E,F,maison,1976,103.0,559.0,2022-12-11,Hauts-de-France,32,0
80328,E,G,maison,1974,81.1,602.0,2022-12-11,Hauts-de-France,32,0
80130,G,C,appartement,1922,109.6,361.0,2022-12-11,Hauts-de-France,32,1
02174,D,E,maison,1981,41.9,161.0,2022-12-11,Hauts-de-France,32,0
60324,G,G,appartement,1921,68.3,567.0,2022-12-12,Hauts-de-France,32,1
02116,F,G,appartement,1971,54.1,560.0,2022-12-12,Hauts-de-France,32,1
02276,D,E,maison,1985,106.7,275.0,2022-12-12,Hauts-de-France,32,0
62130,F,F,immeuble,1968,90.6,418.0,2022-12-12,Hauts-de-France,32,1
80095,F,F,appartement,1921,83.5,488.0,2022-12-13,Hauts-de-France,32,1
60090,D,F,maison,1990,52.1,250.0,2022-12-13,Hauts-de-France,32,0
80102,F,E,maison,1967,57.7,341.0,2022-12-13,Hauts-de-France,32,1
62139,E,F,appartement,1985,47.6,693.0,2022-12-13,Hauts-de-France,32,0
59032,D,D,appartement,1985,37.1,249.0,2022-12-14,Hauts-de-France,32,0
02387,E,E,appartement,1987,56.2,515.0,2022-12-14,Hauts-de-France,32,0
62245,E,D,appartement,1974,70.8,386.0,2022-12-14,Hauts-de-France,32,0
62164,E,E,maison,1979,27.8,661.0,2022-12-14,Hauts-de-France,32,0
80078,D,E,appartement,1966,68.1,159.0,2022-12-15,Hauts-de-France,32,0
80369,G,E,appartement,1936,91.7,524.0,2022-12-15,Hauts-de-France,32,1
60358,D,E,maison,1988,54.6,303.0,2022-12-15,Hauts-de-France,32,0
62288,F,E,appartement,1927,104.5,583.0,2022-12-15,Hauts-de-France,32,1
59352,E,E,appartement,1976,52.7,567.0,2022-12-16,Hauts-de-France,32,0
02029,E,E,maison,1993,59.3,694.0,2022-12-16,Hauts-de-France,32,0
62080,E,G,appartement,1991,44.2,651.0,2022-12-16,Hauts-de-France,32,0
59290,B,C,maison,2010,72.2,85.0,2022-12-16,Hauts-de-France,32,0
02092,D,B,appartement,1973,146.6,183.0,2022-12-17,Hauts-de-France,32,0
62323,F,C,appartement,1928,175.5,453.0,2022-12-17,Hauts-de-France,32,1
60132,E,G,maison,1992,98.8,368.0,2022-12-17,Hauts-de-France,32,0
02012,G,D,maison,1955,83.5,559.0,2022-12-17,Hauts-de-France,32,1
02277,G,G,appartement,1961,39.4,435.0,2022-12-18,Hauts-de-France,32,1
59356,F,F,maison,1974,94.3,516.0,2022-12-18,Hauts-de-France,32,1
62169,D,E,appartement,1982,41.3,273.0,2022-12-18,Hauts-de-France,32,0
02182,G,D,maison,1930,52.6,452.0,2022-12-19,Hauts-de-France,32,1
80145,C,C,maison,2018,56.9,249.0,2022-12-19,Hauts-de-France,32,0
59322,B,E,appartement,2011,32.4,115.0,2022-12-19,Hauts-de-France,32,0
02033,B,B,maison,1985,69.4,66.0,2022-12-19,Hauts-de-France,32,0
60204,D,E,immeuble,1979,114.3,166.0,2022-12-20,Hauts-de-France,32,0
60146,E,F,maison,1993,92.0,594.0,2022-12-20,Hauts-de-France,32,0
80336,D,G,maison,1979,68.3,312.0,2022-12-20,Hauts-de-France,32,0
02152,F,D,maison,1929,106.0,522.0,2022-12-20,Hauts-de-France,32,1
62381,F,E,maison,1923,24.9,378.0,2022-12-21,Hauts-de-France,32,1
60118,E,E,appartement,1989,103.2,578.0,2022-12-21,Hauts-de-France,32,0
60319,E,D,maison,1965,136.4,634.0,2022-12-21,Hauts-de-France,32,0
02391,B,C,maison,2012,68.6,126.0,2022-12-21,Hauts-de-France,32,0
60039,E,D,maison,1990,50.6,523.0,2022-12-22,Hauts-de-France,32,0
80015,G,C,appartement,1946,28.3,583.0,2022-12-22,Hauts-de-France,32,1
02144,F,D,maison,1951,74.1,348.0,2022-12-22,Hauts-de-France,32,1
80194,E,D,maison,1991,35.0,359.0,2022-12-22,Hauts-de-France,32,0
60006,D,D,maison,1971,134.1,217.0,2022-12-23,Hauts-de-France,32,0
60128,F,G,appartement,1961,53.9,545.0,2022-12-23,Hauts-de-France,32,1
62019,F,E,appartement,1943,27.7,371.0,2022-12-23,Hauts-de-France,32,1
80336,D,C,immeuble,1988,36.2,284.0,2022-12-23,Hauts-de-France,32,0
59366,F,D,maison,1943,53.4,654.0,2022-12-24,Hauts-de-France,32,1
60156,D,F,appartement,1975,44.5,242.0,2022-12-24,Hauts-de-France,32,0
62135,B,D,appartement,2011,71.9,145.0,2022-12-24,Hauts-de-France,32,0
80273,E,E,maison,1979,51.2,419.0,2022-12-24,Hauts-de-France,32,0
02089,G,A,appartement,1955,193.5,346.0,2022-12-25,Hauts-de-France,32,1
80267,D,D,maison,1991,22.7,177.0,2022-12-25,Hauts-de-France,32,0
59315,D,C,appartement,1990,105.3,161.0,2022-12-25,Hauts-de-France,32,0
80055,D,F,appartement,1993,64.6,174.0,2022-12-25,Hauts-de-France,32,0
80106,E,D,maison,1972,95.2,358.0,2022-12-26,Hauts-de-France,32,0
02356,E,D,appartement,1990,46.7,581.0,2022-12-26,Hauts-de-France,32,0
62252,F,F,appartement,1932,41.3,634.0,2022-12-26,Hauts-de-France,32,1
80307,G,G,maison,1960,106.1,502.0,2022-12-26,Hauts-de-France,32,1
60146,G,D,maison,1957,63.9,602.0,2022-12-27,Hauts-de-France,32,1
59177,F,F,appartement,1920,172.2,665.0,2022-12-27,Hauts-de-France,32,1
80192,E,A,maison,1971,50.7,666.0,2022-12-27,Hauts-de-France,32,0
59125,D,C,appartement,1994,28.1,180.0,2022-12-27,Hauts-de-France,32,0
62236,D,D,maison,1976,67.7,243.0,2022-12-28,Hauts-de-France,32,0
59202,F,E,appartement,1956,74.0,664.0,2022-12-28,Hauts-de-France,32,1
62053,G,D,maison,1940,51.1,392.0,2022-12-28,Hauts-de-France,32,1
80143,E,F,maison,1991,113.9,698.0,2022-12-28,Hauts-de-France,32,0
02173,A,E,maison,2011,35.1,89.0,2022-12-29,Hauts-de-France,32,0
60009,B,F,maison,2018,43.4,148.0,2022-12-29,Hauts-de-France,32,0
80113,F,F,maison,1974,32.4,672.0,2022-12-29,Hauts-de-France,32,1
62291,F,B,maison,1920,62.9,546.0,2022-12-30,Hauts-de-France,32,1
02069,D,D,maison,1970,89.3,244.0,2022-12-30,Hauts-de-France,32,0
60080,E,B,maison,1988,43.2,542.0,2022-12-30,Hauts-de-France,32,0
60110,E,C,appartement,1974,66.8,357.0,2022-12-30,Hauts-de-France,32,0
62332,D,G,appartement,1965,107.7,181.0,2022-12-31,Hauts-de-France,32,0
02387,G,D,appartement,1931,47.1,461.0,2022-12-31,Hauts-de-France,32,1
62122,C,C,appartement,2011,66.2,280.0,2022-12-31,Hauts-de-France,32,0
59079,C,G,appartement,2006,39.5,317.0,2022-12-31,Hauts-de-France,32,0
62016,D,F,appartement,1970,76.3,300.0,2023-01-01,Hauts-de-France,32,0
60045,D,D,maison,1969,99.9,186.0,2023-01-01,Hauts-de-France,32,0
02321,F,C,maison,1920,50.9,663.0,2023-01-01,Hauts-de-France,32,1
60338,D,G,maison,1980,83.5,197.0,2023-01-01,Hauts-de-France,32,0
02050,C,E,maison,1994,39.7,234.0,2023-01-02,Hauts-de-France,32,0
59005,F,F,appartement,1949,47.1,689.0,2023-01-02,Hauts-de-France,32,1
62340,E,E,maison,1991,56.8,424.0,2023-01-02,Hauts-de-France,32,0
02195,F,F,maison,1944,80.0,560.0,2023-01-02,Hauts-de-France,32,1
62341,D,A,maison,1972,82.5,237.0,2023-01-03,Hauts-de-France,32,0
80006,E,F,appartement,1990,39.3,372.0,2023-01-03,Hauts-de-France,32,0
62004,D,F,immeuble,1968,170.1,183.0,2023-01-03,Hauts-de-France,32,0
59147,F,F,appartement,1974,28.7,411.0,2023-01-03,Hauts-de-France,32,1
62229,E,D,maison,1970,79.7,631.0,2023-01-04,Hauts-de-France,32,0
59383,F,F,maison,1932,105.4,396.0,2023-01-04,Hauts-de-France,32,1
02118,G,F,appartement,1968,102.3,489.0,2023-01-04,Hauts-de-France,32,1
02004,F,F,maison,1968,64.6,589.0,2023-01-04,Hauts-de-France,32,1
60093,C,E,maison,1986,76.8,213.0,2023-01-05,Hauts-de-France,32,0
60352,E,C,appartement,1989,49.2,666.0,2023-01-05,Hauts-de-France,32,0
62259,A,E,appartement,1996,95.0,96.0,2023-01-05,Hauts-de-France,32,0
60303,D,G,appartement,1979,49.0,298.0,2023-01-05,Hauts-de-France,32,0
60288,D,D,maison,1968,55.4,229.0,2023-01-06,Hauts-de-France,32,0
80263,B,D,maison,2015,64.8,126.0,2023-01-06,Hauts-de-France,32,0
80290,G,D,appartement,1964,180.9,346.0,2023-01-06,Hauts-de-France,32,1
02087,D,E,appartement,1994,68.3,292.0,2023-01-06,Hauts-de-France,32,0
59029,D,E,maison,1973,50.4,329.0,2023-01-07,Hauts-de-France,32,0
80382,D,E,appartement,1988,28.1,207.0,2023-01-07,Hauts-de-France,32,0
62250,E,G,maison,1988,54.1,430.0,2023-01-07,Hauts-de-France,32,0
62022,E,E,appartement,1989,49.4,351.0,2023-01-07,Hauts-de-France,32,0
60056,F,F,appartement,1961,23.5,460.0,2023-01-08,Hauts-de-France,32,1
62116,G,E,maison,1926,72.4,602.0,2023-01-08,Hauts-de-France,32,1
02233,E,D,maison,1993,37.2,436.0,2023-01-08,Hauts-de-France,32,0
02263,C,E,maison,1993,71.0,228.0,2023-01-08,Hauts-de-France,32,0
62271,E,A,appartement,1987,34.4,626.0,2023-01-09,Hauts-de-France,32,0
60386,F,F,maison,1951,48.9,371.0,2023-01-09,Hauts-de-France,32,1
80336,D,E,immeuble,1974,77.1,302.0,2023-01-09,Hauts-de-France,32,0
02140,E,E,appartement,1991,45.6,553.0,2023-01-10,Hauts-de-France,32,0
59151,E,F,maison,1993,51.6,466.0,2023-01-10,Hauts-de-France,32,0
80327,G,G,appartement,1926,67.1,402.0,2023-01-10,Hauts-de-France,32,1
59355,D,G,appartement,1969,155.3,246.0,2023-01-10,Hauts-de-France,32,0
80302,D,C,maison,1968,88.1,158.0,2023-01-11,Hauts-de-France,32,0
59141,D,E,maison,1970,51.9,207.0,2023-01-11,Hauts-de-France,32,0
59384,D,D,maison,1988,43.9,189.0,2023-01-11,Hauts-de-France,32,0
62290,D,F,maison,1975,77.9,231.0,2023-01-11,Hauts-de-France,32,0
02282,E,F,maison,1966,60.7,582.0,2023-01-12,Hauts-de-France,32,0
60159,B,E,maison,2014,80.9,94.0,2023-01-12,Hauts-de-France,32,0
60051,E,D,maison,1978,86.9,533.0,2023-01-12,Hauts-de-France,32,0
59195,D,F,appartement,1974,50.1,197.0,2023-01-12,Hauts-de-France,32,0
80001,E,F,maison,1967,117.6,405.0,2023-01-13,Hauts-de-France,32,0
59363,D,G,maison,1988,65.1,191.0,2023-01-13,Hauts-de-France,32,0
80395,F,E,maison,1943,49.7,338.0,2023-01-13,Hauts-de-France,32,1
80217,C,F,maison,1988,48.8,328.0,2023-01-13,Hauts-de-France,32,0
80174,F,C,appartement,1966,54.1,404.0,2023-01-14,Hauts-de-France,32,1
62241,E,D,maison,1973,69.6,684.0,2023-01-14,Hauts-de-France,32,0
02260,E,G,appartement,1969,23.1,589.0,2023-01-14,Hauts-de-France,32,0
60185,B,F,maison,1988,112.2,54.0,2023-01-14,Hauts-de-France,32,0
02291,E,D,maison,1983,115.1,396.0,2023-01-15,Hauts-de-France,32,0
02261,E,F,maison,1991,72.3,619.0,2023-01-15,Hauts-de-France,32,0
62077,E,G,maison,1986,84.2,516.0,2023-01-15,Hauts-de-France,32,0
80245,G,D,appartement,1957,42.1,691.0,2023-01-15,Hauts-de-France,32,1
60184,C,C,appartement,1985,59.2,259.0,2023-01-16,Hauts-de-France,32,0
80367,E,C,maison,1966,47.2,498.0,2023-01-16,Hauts-de-France,32,0
02290,E,B,maison,1971,57.1,648.0,2023-01-16,Hauts-de-France,32,0
02092,D,E,maison,1982,154.7,178.0,2023-01-16,Hauts-de-France,32,0
60104,E,C,maison,1987,70.0,538.0,2023-01-17,Hauts-de-France,32,0
62091,D,G,maison,1971,53.4,286.0,2023-01-17,Hauts-de-France,32,0
59151,C,B,appartement,2003,50.2,221.0,2023-01-17,Hauts-de-France,32,0
62360,G,F,appartement,1931,35.9,420.0,2023-01-17,Hauts-de-France,32,1
59105,A,B,maison,2018,30.3,72.0,2023-01-18,Hauts-de-France,32,0
02080,C,E,maison,1997,76.6,267.0,2023-01-18,Hauts-de-France,32,0
80270,G,C,appartement,1920,40.0,681.0,2023-01-18,Hauts-de-France,32,1
59352,D,G,maison,1983,108.0,164.0,2023-01-18,Hauts-de-France,32,0
59032,E,B,appartement,1966,90.6,349.0,2023-01-19,Hauts-de-France,32,0
80075,B,C,maison,1999,88.4,120.0,2023-01-19,Hauts-de-France,32,0
80384,E,E,appartement,1986,57.7,468.0,2023-01-19,Hauts-de-France,32,0
62082,G,D,appartement,1930,48.4,595.0,2023-01-19,Hauts-de-France,32,1
80059,E,C,appartement,1989,53.2,514.0,2023-01-20,Hauts-de-France,32,0
80312,E,G,appartement,1979,81.8,388.0,2023-01-20,Hauts-de-France,32,0
59395,F,F,appartement,1969,50.8,656.0,2023-01-20,Hauts-de-France,32,1
59374,C,B,appartement,1991,47.2,294.0,2023-01-21,Hauts-de-France,32,0
60109,F,D,appartement,1954,114.6,602.0,2023-01-21,Hauts-de-France,32,1
59245,E,B,maison,1970,74.2,401.0,2023-01-21,Hauts-de-France,32,0
60141,D,E,appartement,1991,28.2,248.0,2023-01-21,Hauts-de-France,32,0
60074,F,E,appartement,1973,145.1,684.0,2023-01-22,Hauts-de-France,32,1
80203,G,F,maison,1960,78.1,625.0,2023-01-22,Hauts-de-France,32,1
62052,F,B,appartement,1952,50.1,677.0,2023-01-22,Hauts-de-France,32,1
62144,F,E,maison,1933,61.7,631.0,2023-01-22,Hauts-de-France,32,1
60010,E,E,maison,1965,55.8,477.0,2023-01-23,Hauts-de-France,32,0
80351,G,D,maison,1945,67.5,441.0,2023-01-23,Hauts-de-France,32,1
60050,G,D,maison,1963,95.9,694.0,2023-01-23,Hauts-de-France,32,1
59166,C,F,maison,1988,114.8,212.0,2023-01-23,Hauts-de-France,32,0
62103,B,A,appartement,2018,24.3,108.0,2023-01-24,Hauts-de-France,32,0
60116,D,F,appartement,1994,91.4,310.0,2023-01-24,Hauts-de-France,32,0
59095,E,E,appartement,1994,47.2,368.0,2023-01-24,Hauts-de-France,32,0
02221,D,D,maison,1987,37.6,323.0,2023-01-24,Hauts-de-France,32,0
80302,B,G,maison,1994,60.4,97.0,2023-01-25,Hauts-de-France,32,0
60328,G,D,appartement,1931,41.4,343.0,2023-01-25,Hauts-de-France,32,1
62206,F,F,maison,1948,66.9,475.0,2023-01-25,Hauts-de-France,32,1
60373,D,D,maison,1994,60.9,159.0,2023-01-25,Hauts-de-France,32,0
59090,F,E,maison,1954,90.9,473.0,2023-01-26,Hauts-de-France,32,1
02164,F,F,maison,1946,89.7,663.0,2023-01-26,Hauts-de-France,32,1
62323,E,G,maison,1976,68.7,478.0,2023-01-26,Hauts-de-France,32,0
59377,D,F,appartement,1988,70.0,319.0,2023-01-26,Hauts-de-France,32,0
02022,G,G,maison,1951,80.7,402.0,2023-01-27,Hauts-de-France,32,1
62129,C,E,maison,2015,55.3,238.0,2023-01-27,Hauts-de-France,32,0
80101,D,C,appartement,1972,36.2,223.0,2023-01-27,Hauts-de-France,32,0
62331,F,E,appartement,1972,151.0,626.0,2023-01-27,Hauts-de-France,32,1
60242,G,B,appartement,1937,18.0,407.0,2023-01-28,Hauts-de-France,32,1
60006,E,D,maison,1971,44.0,514.0,2023-01-28,Hauts-de-France,32,0
59184,F,E,immeuble,1927,53.8,358.0,2023-01-28,Hauts-de-France,32,1
62211,E,E,maison,1988,47.3,581.0,2023-01-28,Hauts-de-France,32,0
62111,C,D,appartement,2003,77.6,194.0,2023-01-29,Hauts-de-France,32,0
60228,D,E,appartement,1978,78.2,238.0,2023-01-29,Hauts-de-France,32,0
60031,E,B,maison,1973,83.8,389.0,2023-01-29,Hauts-de-France,32,0
59359,E,F,maison,1988,67.8,668.0,2023-01-29,Hauts-de-France,32,0
62112,D,E,maison,1986,58.9,253.0,2023-01-30,Hauts-de-France,32,0
80003,F,D,appartement,1945,38.0,592.0,2023-01-30,Hauts-de-France,32,1
80191,G,E,maison,1931,130.7,579.0,2023-01-30,Hauts-de-France,32,1
02046,E,E,maison,1988,104.5,444.0,2023-01-30,Hauts-de-France,32,0
59199,E,E,maison,1975,105.2,495.0,2023-01-31,Hauts-de-France,32,0
80178,B,B,appartement,1994,146.2,86.0,2023-01-31,Hauts-de-France,32,0
60316,D,F,appartement,1970,56.4,255.0,2023-01-31,Hauts-de-France,32,0
62135,C,D,appartement,2007,67.7,322.0,2023-02-01,Hauts-de-France,32,0
02224,G,D,maison,1920,60.8,622.0,2023-02-01,Hauts-de-France,32,1
60279,F,E,maison,1969,46.0,477.0,2023-02-01,Hauts-de-France,32,1
59287,E,F,appartement,1990,132.4,517.0,2023-02-01,Hauts-de-France,32,0
62279,C,D,appartement,1998,119.8,243.0,2023-02-02,Hauts-de-France,32,0
62305,E,D,maison,1967,64.3,470.0,2023-02-02,Hauts-de-France,32,0
80212,D,C,appartement,1967,120.3,312.0,2023-02-02,Hauts-de-France,32,0
02019,G,D,maison,1951,55.8,424.0,2023-02-02,Hauts-de-France,32,1
62336,F,D,maison,1958,18.0,359.0,2023-02-03,Hauts-de-France,32,1
62289,D,D,maison,1979,63.8,278.0,2023-02-03,Hauts-de-France,32,0
59077,D,G,maison,1966,23.9,246.0,2023-02-03,Hauts-de-France,32,0
59224,G,F,maison,1965,88.2,382.0,2023-02-03,Hauts-de-France,32,1
80195,E,A,maison,1976,64.2,400.0,2023-02-04,Hauts-de-France,32,0
60077,G,E,appartement,1959,37.7,380.0,2023-02-04,Hauts-de-France,32,1
62005,D,G,appartement,1986,55.6,195.0,2023-02-04,Hauts-de-France,32,0
59167,D,C,appartement,1983,28.4,187.0,2023-02-04,Hauts-de-France,32,0
62108,A,E,appartement,2014,71.2,136.0,2023-02-05,Hauts-de-France,32,0
02072,G,E,appartement,1921,30.6,562.0,2023-02-05,Hauts-de-France,32,1
60239,B,F,appartement,2015,70.2,134.0,2023-02-05,Hauts-de-France,32,0
60243,D,C,immeuble,1968,62.6,192.0,2023-02-05,Hauts-de-France,32,0
62388,E,C,appartement,1970,41.5,465.0,2023-02-06,Hauts-de-France,32,0
59250,A,F,maison,2019,37.3,70.0,2023-02-06,Hauts-de-France,32,0
59072,F,D,appartement,1922,103.7,574.0,2023-02-06,Hauts-de-France,32,1
60310,D,F,maison,1981,150.2,171.0,2023-02-06,Hauts-de-France,32,0
02186,F,B,immeuble,1936,75.5,332.0,2023-02-07,Hauts-de-France,32,1
62004,F,B,appartement,1943,146.1,385.0,2023-02-07,Hauts-de-France,32,1
59239,F,E,maison,1932,91.5,635.0,2023-02-07,Hauts-de-France,32,1
80005,D,D,maison,1978,49.7,165.0,2023-02-07,Hauts-de-France,32,0
60091,E,D,appartement,1977,66.9,361.0,2023-02-08,Hauts-de-France,32,0
60295,D,F,maison,1977,71.3,197.0,2023-02-08,Hauts-de-France,32,0
59174,C,E,maison,2002,70.1,258.0,2023-02-08,Hauts-de-France,32,0
80358,F,E,maison,1937,18.0,610.0,2023-02-08,Hauts-de-France,32,1
59031,D,D,maison,1979,44.1,312.0,2023-02-09,Hauts-de-France,32,0
62332,F,F,maison,1973,83.7,453.0,2023-02-09,Hauts-de-France,32,1
02116,C,E,appartement,2009,116.7,166.0,2023-02-09,Hauts-de-France,32,0
62355,D,C,appartement,1983,40.5,159.0,2023-02-09,Hauts-de-France,32,0
59118,D,D,maison,1990,69.3,285.0,2023-02-10,Hauts-de-France,32,0
60334,F,E,appartement,1944,87.0,645.0,2023-02-10,Hauts-de-France,32,1
80056,E,F,appartement,1971,37.6,677.0,2023-02-10,Hauts-de-France,32,0
59026,C,E,appartement,1998,87.9,233.0,2023-02-10,Hauts-de-France,32,0
62372,E,F,maison,1990,54.4,478.0,2023-02-11,Hauts-de-France,32,0
59232,D,E,appartement,1978,138.3,324.0,2023-02-11,Hauts-de-France,32,0
80132,F,E,immeuble,1931,60.4,490.0,2023-02-11,Hauts-de-France,32,1
62247,F,E,maison,1936,53.7,549.0,2023-02-12,Hauts-de-France,32,1
02273,D,C,appartement,1982,75.4,300.0,2023-02-12,Hauts-de-France,32,0
59009,D,D,appartement,1983,44.6,273.0,2023-02-12,Hauts-de-France,32,0
59127,E,G,appartement,1981,46.6,430.0,2023-02-12,Hauts-de-France,32,0
62363,E,F,maison,1974,49.0,634.0,2023-02-13,Hauts-de-France,32,0
62154,A,F,appartement,2001,70.3,138.0,2023-02-13,Hauts-de-France,32,0
80201,F,G,appartement,1943,90.4,462.0,2023-02-13,Hauts-de-France,32,1
60289,G,C,maison,1932,36.4,607.0,2023-02-13,Hauts-de-France,32,1
80157,C,B,maison,2001,86.7,237.0,2023-02-14,Hauts-de-France,32,0
80144,B,E,maison,2000,19.7,76.0,2023-02-14,Hauts-de-France,32,0
60217,E,B,appartement,1971,75.3,390.0,2023-02-14,Hauts-de-France,32,0
60079,E,D,immeuble,1970,44.0,650.0,2023-02-14,Hauts-de-France,32,0
02226,F,E,maison,1961,54.4,589.0,2023-02-15,Hauts-de-France,32,1
80240,E,E,maison,1969,45.8,425.0,2023-02-15,Hauts-de-France,32,0
60312,D,A,maison,1968,34.0,157.0,2023-02-15,Hauts-de-France,32,0
02227,D,E,maison,1972,33.2,223.0,2023-02-15,Hauts-de-France,32,0
59141,E,G,maison,1982,70.4,538.0,2023-02-16,Hauts-de-France,32,0
59325,G,C,maison,1963,38.1,513.0,2023-02-16,Hauts-de-France,32,1
60011,F,F,maison,1963,109.8,342.0,2023-02-16,Hauts-de-France,32,1
02115,D,F,appartement,1982,52.3,201.0,2023-02-16,Hauts-de-France,32,0
62375,E,A,appartement,1968,71.3,656.0,2023-02-17,Hauts-de-France,32,0
80260,F,C,maison,1960,25.9,508.0,2023-02-17,Hauts-de-France,32,1
60061,D,E,maison,1983,83.6,223.0,2023-02-17,Hauts-de-France,32,0
02226,C,E,maison,1997,52.0,247.0,2023-02-17,Hauts-de-France,32,0
60221,D,D,maison,1981,84.1,221.0,2023-02-18,Hauts-de-France,32,0
02002,E,E,appartement,1968,64.7,465.0,2023-02-18,Hauts-de-France,32,0
62354,D,C,maison,1989,48.6,247.0,2023-02-18,Hauts-de-France,32,0
59168,G,D,maison,1941,66.0,562.0,2023-02-18,Hauts-de-France,32,1
62359,E,E,maison,1980,96.8,542.0,2023-02-19,Hauts-de-France,32,0
59115,F,B,maison,1932,208.2,680.0,2023-02-19,Hauts-de-France,32,1
59024,D,D,maison,1979,88.4,303.0,2023-02-19,Hauts-de-France,32,0
80202,G,A,maison,1942,97.8,503.0,2023-02-19,Hauts-de-France,32,1
59332,G,D,maison,1956,37.2,601.0,2023-02-20,Hauts-de-France,32,1
60106,D,D,appartement,1967,38.9,307.0,2023-02-20,Hauts-de-France,32,0
62329,F,E,immeuble,1961,124.4,332.0,2023-02-20,Hauts-de-France,32,1
02259,D,E,maison,1992,85.4,213.0,2023-02-20,Hauts-de-France,32,0
02141,D,G,appartement,1986,50.6,298.0,2023-02-21,Hauts-de-France,32,0
59091,E,E,appartement,1967,33.3,580.0,2023-02-21,Hauts-de-France,32,0
02327,F,E,maison,1951,65.5,517.0,2023-02-21,Hauts-de-France,32,1
80326,C,E,appartement,1985,18.0,301.0,2023-02-21,Hauts-de-France,32,0
02177,E,G,immeuble,1985,42.0,525.0,2023-02-22,Hauts-de-France,32,0
59297,C,C,appartement,1995,63.9,155.0,2023-02-22,Hauts-de-France,32,0
59373,C,E,appartement,2016,96.4,161.0,2023-02-22,Hauts-de-France,32,0
60231,E,C,maison,1979,82.3,602.0,2023-02-23,Hauts-de-France,32,0
62365,F,C,appartement,1944,55.4,671.0,2023-02-23,Hauts-de-France,32,1
62259,C,F,immeuble,2011,87.2,273.0,2023-02-23,Hauts-de-France,32,0
60239,F,G,appartement,1936,58.4,530.0,2023-02-23,Hauts-de-France,32,1
80215,E,E,maison,1981,44.5,541.0,2023-02-24,Hauts-de-France,32,0
80286,A,E,appartement,1993,235.2,98.0,2023-02-24,Hauts-de-France,32,0
62301,D,F,maison,1976,23.2,155.0,2023-02-24,Hauts-de-France,32,0
02171,E,F,appartement,1988,65.8,369.0,2023-02-24,Hauts-de-France,32,0
80270,G,F,appartement,1955,61.1,453.0,2023-02-25,Hauts-de-France,32,1
59010,G,C,maison,1934,103.8,500.0,2023-02-25,Hauts-de-France,32,1
02184,D,E,appartement,1973,52.2,225.0,2023-02-25,Hauts-de-France,32,0
60340,D,E,maison,1989,85.8,164.0,2023-02-25,Hauts-de-France,32,0
62310,F,C,maison,1944,120.1,453.0,2023-02-26,Hauts-de-France,32,1
80221,E,F,maison,1993,53.3,500.0,2023-02-26,Hauts-de-France,32,0
59008,F,F,maison,1946,42.5,592.0,2023-02-26,Hauts-de-France,32,1
80015,F,G,maison,1945,49.1,530.0,2023-02-26,Hauts-de-France,32,1
62285,F,D,immeuble,1928,155.4,668.0,2023-02-27,Hauts-de-France,32,1
59215,C,B,immeuble,2006,47.0,276.0,2023-02-27,Hauts-de-France,32,0
80175,G,D,maison,1922,21.2,662.0,2023-02-27,Hauts-de-France,32,1
60373,F,C,maison,1949,39.7,608.0,2023-02-27,Hauts-de-France,32,1
80020,G,F,maison,1939,98.5,352.0,2023-02-28,Hauts-de-France,32,1
62362,E,E,appartement,1985,22.0,373.0,2023-02-28,Hauts-de-France,32,0
02278,F,C,appartement,1964,50.8,625.0,2023-02-28,Hauts-de-France,32,1
60028,G,G,maison,1921,44.9,435.0,2023-02-28,Hauts-de-France,32,1
60347,E,G,appartement,1987,72.6,598.0,2023-03-01,Hauts-de-France,32,0
59124,C,E,maison,1987,63.9,237.0,2023-03-01,Hauts-de-France,32,0
62329,C,F,maison,2015,49.6,242.0,2023-03-01,Hauts-de-France,32,0
02326,D,F,maison,1988,102.3,297.0,2023-03-01,Hauts-de-France,32,0
62174,F,E,maison,1950,81.0,571.0,2023-03-02,Hauts-de-France,32,1
60381,E,F,maison,1994,77.7,664.0,2023-03-02,Hauts-de-France,32,0
80112,F,F,maison,1945,66.2,342.0,2023-03-02,Hauts-de-France,32,1
62025,D,D,maison,1993,84.6,283.0,2023-03-02,Hauts-de-France,32,0
02177,E,E,appartement,1981,131.8,354.0,2023-03-03,Hauts-de-France,32,0
59294,E,E,appartement,1994,90.2,508.0,2023-03-03,Hauts-de-France,32,0
62025,E,F,maison,1986,55.1,669.0,2023-03-03,Hauts-de-France,32,0
59152,E,E,appartement,1979,58.1,682.0,2023-03-03,Hauts-de-France,32,0
02366,D,G,appartement,1971,25.3,198.0,2023-03-04,Hauts-de-France,32,0
02313,E,F,maison,1979,47.3,681.0,2023-03-04,Hauts-de-France,32,0
62094,D,D,maison,1988,113.1,293.0,2023-03-04,Hauts-de-France,32,0
62346,G,E,maison,1952,72.9,363.0,2023-03-04,Hauts-de-France,32,1
80399,D,B,appartement,1965,97.8,321.0,2023-03-05,Hauts-de-France,32,0
02030,F,F,maison,1962,69.5,444.0,2023-03-05,Hauts-de-France,32,1
60085,F,F,appartement,1971,87.0,339.0,2023-03-05,Hauts-de-France,32,1
60085,F,F,appartement,1966,68.2,491.0,2023-03-06,Hauts-de-France,32,1
59043,D,F,maison,1975,37.8,326.0,2023-03-06,Hauts-de-France,32,0
59068,E,E,maison,1966,96.5,471.0,2023-03-06,Hauts-de-France,32,0
02216,D,F,maison,1989,94.9,232.0,2023-03-06,Hauts-de-France,32,0
02326,F,F,appartement,1969,38.0,430.0,2023-03-07,Hauts-de-France,32,1
60049,C,C,appartement,1991,64.6,279.0,2023-03-07,Hauts-de-France,32,0
59124,F,C,appartement,1957,53.5,380.0,2023-03-07,Hauts-de-France,32,1
02137,E,D,appartement,1975,49.1,558.0,2023-03-07,Hauts-de-France,32,0
80398,D,F,appartement,1974,43.6,177.0,2023-03-08,Hauts-de-France,32,0
80101,G,C,maison,1963,149.8,681.0,2023-03-08,Hauts-de-France,32,1
80012,E,C,immeuble,1980,108.9,600.0,2023-03-08,Hauts-de-France,32,0
60282,E,D,maison,1994,106.3,393.0,2023-03-08,Hauts-de-France,32,0
62322,G,D,appartement,1944,78.8,344.0,2023-03-09,Hauts-de-France,32,1
59359,F,F,appartement,1969,100.2,653.0,2023-03-09,Hauts-de-France,32,1
60180,E,D,maison,1987,34.2,608.0,2023-03-09,Hauts-de-France,32,0
80280,C,F,immeuble,1988,53.0,317.0,2023-03-09,Hauts-de-France,32,0
60392,D,E,appartement,1978,45.6,326.0,2023-03-10,Hauts-de-France,32,0
62340,E,A,immeuble,1975,72.4,587.0,2023-03-10,Hauts-de-France,32,0
62373,E,F,maison,1965,107.4,374.0,2023-03-10,Hauts-de-France,32,0
62096,E,F,appartement,1976,88.3,548.0,2023-03-10,Hauts-de-France,32,0
02122,E,F,appartement,1994,71.4,343.0,2023-03-11,Hauts-de-France,32,0
59038,B,C,appartement,2002,82.0,79.0,2023-03-11,Hauts-de-France,32,0
80163,G,D,maison,1951,57.7,665.0,2023-03-11,Hauts-de-France,32,1
60390,G,F,appartement,1945,34.7,638.0,2023-03-11,Hauts-de-France,32,1
60316,G,F,appartement,1923,83.8,520.0,2023-03-12,Hauts-de-France,32,1
60118,F,C,appartement,1969,165.3,428.0,2023-03-12,Hauts-de-France,32,1
02029,G,D,maison,1930,87.3,654.0,2023-03-12,Hauts-de-France,32,1
02188,D,D,appartement,1965,125.8,284.0,2023-03-12,Hauts-de-France,32,0
59099,C,D,maison,1987,35.0,154.0,2023-03-13,Hauts-de-France,32,0
02145,E,A,maison,1990,47.9,468.0,2023-03-13,Hauts-de-France,32,0
60108,G,G,immeuble,1941,29.3,530.0,2023-03-13,Hauts-de-France,32,1
59143,B,E,appartement,2009,91.7,84.0,2023-03-13,Hauts-de-France,32,0
02250,G,F,immeuble,1922,68.1,663.0,2023-03-14,Hauts-de-France,32,1
62081,E,D,maison,1976,119.5,548.0,2023-03-14,Hauts-de-France,32,0
59060,E,D,maison,1991,63.4,349.0,2023-03-14,Hauts-de-France,32,0
59118,F,E,appartement,1973,32.9,364.0,2023-03-14,Hauts-de-France,32,1
60024,C,C,maison,2000,57.0,323.0,2023-03-15,Hauts-de-France,32,0
80044,D,E,maison,1974,96.0,283.0,2023-03-15,Hauts-de-France,32,0
80134,C,D,appartement,1990,43.0,245.0,2023-03-15,Hauts-de-France,32,0
02234,F,E,immeuble,1943,76.1,447.0,2023-03-15,Hauts-de-France,32,1
60374,C,F,appartement,1985,74.4,261.0,2023-03-16,Hauts-de-France,32,0
80163,A,F,appartement,2007,57.3,125.0,2023-03-16,Hauts-de-France,32,0
59249,C,C,appartement,1999,95.2,197.0,2023-03-16,Hauts-de-France,32,0
80160,D,E,appartement,1982,213.6,293.0,2023-03-17,Hauts-de-France,32,0
59314,F,D,maison,1959,82.0,508.0,2023-03-17,Hauts-de-France,32,1
59228,D,F,maison,1965,30.8,321.0,2023-03-17,Hauts-de-France,32,0
62382,G,G,maison,1928,40.5,695.0,2023-03-17,Hauts-de-France,32,1
59312,C,C,maison,2017,49.9,176.0,2023-03-18,Hauts-de-France,32,0
62352,D,G,appartement,1969,29.6,289.0,2023-03-18,Hauts-de-France,32,0
02034,C,F,maison,2014,40.6,271.0,2023-03-18,Hauts-de-France,32,0
59039,D,E,appartement,1966,105.4,202.0,2023-03-18,Hauts-de-France,32,0
60103,F,F,appartement,1955,80.8,401.0,2023-03-19,Hauts-de-France,32,1
62144,G,C,appartement,1954,118.9,593.0,2023-03-19,Hauts-de-France,32,1
59281,C,E,maison,1993,76.3,273.0,2023-03-19,Hauts-de-France,32,0
80116,D,A,appartement,1976,185.2,205.0,2023-03-19,Hauts-de-France,32,0
60053,B,G,maison,2013,66.5,124.0,2023-03-20,Hauts-de-France,32,0
60264,G,G,appartement,1927,78.9,590.0,2023-03-20,Hauts-de-France,32,1
62375,E,C,appartement,1976,32.7,495.0,2023-03-20,Hauts-de-France,32,0
60185,G,G,appartement,1922,49.7,544.0,2023-03-20,Hauts-de-France,32,1
62164,F,E,maison,1960,60.2,391.0,2023-03-21,Hauts-de-France,32,1
02393,G,C,maison,1953,65.2,449.0,2023-03-21,Hauts-de-France,32,1
60337,C,F,maison,2011,72.1,295.0,2023-03-21,Hauts-de-France,32,0
59334,F,E,appartement,1953,128.3,560.0,2023-03-21,Hauts-de-France,32,1
59110,F,D,maison,1931,35.2,516.0,2023-03-22,Hauts-de-France,32,1
60273,C,E,maison,1986,222.5,272.0,2023-03-22,Hauts-de-France,32,0
02096,E,D,maison,1987,49.3,358.0,2023-03-22,Hauts-de-France,32,0
59222,E,A,appartement,1993,80.7,668.0,2023-03-22,Hauts-de-France,32,0
60194,F,B,appartement,1956,64.8,594.0,2023-03-23,Hauts-de-France,32,1
59002,D,D,maison,1992,70.6,249.0,2023-03-23,Hauts-de-France,32,0
60380,D,E,appartement,1987,46.0,235.0,2023-03-23,Hauts-de-France,32,0
59012,D,B,maison,1970,90.4,314.0,2023-03-23,Hauts-de-France,32,0
02380,D,D,appartement,1983,126.5,202.0,2023-03-24,Hauts-de-France,32,0
80086,E,E,maison,1969,62.8,580.0,2023-03-24,Hauts-de-France,32,0
60194,G,E,maison,1925,47.3,370.0,2023-03-24,Hauts-de-France,32,1
60390,E,B,appartement,1968,27.8,557.0,2023-03-24,Hauts-de-France,32,0
80281,G,B,maison,1923,63.4,568.0,2023-03-25,Hauts-de-France,32,1
80240,A,B,appartement,2015,128.7,136.0,2023-03-25,Hauts-de-France,32,0
59354,G,A,appartement,1923,67.1,423.0,2023-03-25,Hauts-de-France,32,1
59381,F,C,appartement,1923,172.0,613.0,2023-03-25,Hauts-de-France,32,1
59397,F,E,appartement,1921,21.1,427.0,2023-03-26,Hauts-de-France,32,1
60152,F,E,maison,1968,65.0,518.0,2023-03-26,Hauts-de-France,32,1
59272,G,C,appartement,1965,76.9,563.0,2023-03-26,Hauts-de-France,32,1
59198,E,E,appartement,1982,28.6,365.0,2023-03-26,Hauts-de-France,32,0
59299,E,A,appartement,1968,90.5,424.0,2023-03-27,Hauts-de-France,32,0
59300,F,G,maison,1956,51.9,457.0,2023-03-27,Hauts-de-France,32,1
02173,D,D,maison,1970,62.4,305.0,2023-03-27,Hauts-de-France,32,0
80242,F,E,maison,1964,89.5,625.0,2023-03-28,Hauts-de-France,32,1
62081,G,F,maison,1941,57.4,384.0,2023-03-28,Hauts-de-France,32,1
59397,G,F,maison,1949,83.6,406.0,2023-03-28,Hauts-de-France,32,1
62157,C,G,appartement,2001,47.6,165.0,2023-03-28,Hauts-de-France,32,0
02172,E,D,appartement,1974,107.3,574.0,2023-03-29,Hauts-de-France,32,0
62146,C,E,maison,2006,90.3,265.0,2023-03-29,Hauts-de-France,32,0
62375,G,F,appartement,1963,64.5,439.0,2023-03-29,Hauts-de-France,32,1
80277,E,F,appartement,1972,31.9,597.0,2023-03-29,Hauts-de-France,32,0
59143,C,D,maison,2017,149.9,155.0,2023-03-30,Hauts-de-France,32,0
59333,E,G,maison,1975,69.3,499.0,2023-03-30,Hauts-de-France,32,0
59086,G,E,appartement,1943,47.5,686.0,2023-03-30,Hauts-de-France,32,1
59195,B,C,maison,2018,109.8,136.0,2023-03-30,Hauts-de-France,32,0
59298,F,D,appartement,1954,151.0,492.0,2023-03-31,Hauts-de-France,32,1
62214,E,D,immeuble,1979,42.0,436.0,2023-03-31,Hauts-de-France,32,0
80396,B,D,maison,1987,52.0,91.0,2023-03-31,Hauts-de-France,32,0
60237,D,C,appartement,1987,27.0,282.0,2023-03-31,Hauts-de-France,32,0
02296,E,C,appartement,1979,65.4,610.0,2023-04-01,Hauts-de-France,32,0
60147,E,E,appartement,1986,67.2,685.0,2023-04-01,Hauts-de-France,32,0
62085,F,B,maison,1973,82.5,656.0,2023-04-01,Hauts-de-France,32,1
62001,F,F,maison,1940,44.0,362.0,2023-04-01,Hauts-de-France,32,1
02301,C,E,appartement,1988,61.5,303.0,2023-04-02,Hauts-de-France,32,0
62217,E,F,maison,1986,19.0,469.0,2023-04-02,Hauts-de-France,32,0
62139,G,F,appartement,1957,51.8,501.0,2023-04-02,Hauts-de-France,32,1
62250,C,D,maison,2019,48.5,210.0,2023-04-02,Hauts-de-France,32,0
60122,F,F,maison,1962,133.1,502.0,2023-04-03,Hauts-de-France,32,1
80163,D,C,maison,1966,51.0,268.0,2023-04-03,Hauts-de-France,32,0
60078,F,D,appartement,1952,100.9,660.0,2023-04-03,Hauts-de-France,32,1
02134,E,B,maison,1969,43.6,621.0,2023-04-03,Hauts-de-France,32,0
60112,F,F,appartement,1948,60.0,447.0,2023-04-04,Hauts-de-France,32,1
80075,D,E,appartement,1992,59.4,291.0,2023-04-04,Hauts-de-France,32,0
62310,D,E,appartement,1994,104.8,158.0,2023-04-04,Hauts-de-France,32,0
59364,E,F,maison,1993,39.0,498.0,2023-04-04,Hauts-de-France,32,0
62093,E,D,maison,1981,69.1,571.0,2023-04-05,Hauts-de-France,32,0
60088,F,F,immeuble,1941,88.6,445.0,2023-04-05,Hauts-de-France,32,1
59019,F,B,maison,1964,39.2,340.0,2023-04-05,Hauts-de-France,32,1
02356,D,E,maison,1981,88.6,197.0,2023-04-05,Hauts-de-France,32,0
62236,C,D,maison,2008,111.2,209.0,2023-04-06,Hauts-de-France,32,0
59194,C,D,maison,1997,103.3,156.0,2023-04-06,Hauts-de-France,32,0
80051,B,D,appartement,1993,43.2,109.0,2023-04-06,Hauts-de-France,32,0
62331,D,D,maison,1973,139.5,225.0,2023-04-07,Hauts-de-France,32,0
62321,G,D,appartement,1970,75.3,614.0,2023-04-07,Hauts-de-France,32,1
60117,B,D,appartement,2015,167.0,101.0,2023-04-07,Hauts-de-France,32,0
60217,D,F,maison,1987,97.7,157.0,2023-04-07,Hauts-de-France,32,0
60022,C,E,immeuble,2017,98.6,242.0,2023-04-08,Hauts-de-France,32,0
62381,C,E,maison,2014,61.0,163.0,2023-04-08,Hauts-de-France,32,0
60123,D,D,maison,1985,74.2,169.0,2023-04-08,Hauts-de-France,32,0
80079,F,E,maison,1936,34.5,620.0,2023-04-08,Hauts-de-France,32,1
02341,F,D,maison,1942,47.6,604.0,2023-04-09,Hauts-de-France,32,1
02345,D,C,appartement,1989,53.5,329.0,2023-04-09,Hauts-de-France,32,0
62034,G,G,maison,1950,110.9,638.0,2023-04-09,Hauts-de-France,32,1
80145,D,E,maison,1984,60.1,300.0,2023-04-09,Hauts-de-France,32,0
62104,E,C,appartement,1982,54.0,601.0,2023-04-10,Hauts-de-France,32,0
80099,G,F,appartement,1964,58.3,450.0,2023-04-10,Hauts-de-France,32,1
59296,F,F,immeuble,1930,69.4,636.0,2023-04-10,Hauts-de-France,32,1
80203,E,C,appartement,1980,40.6,696.0,2023-04-10,Hauts-de-France,32,0
60169,F,C,maison,1964,92.7,419.0,2023-04-11,Hauts-de-France,32,1
80238,G,G,appartement,1971,142.7,378.0,2023-04-11,Hauts-de-France,32,1
02042,G,B,maison,1943,72.3,424.0,2023-04-11,Hauts-de-France,32,1
62258,D,E,appartement,1986,121.0,193.0,2023-04-11,Hauts-de-France,32,0
60001,D,F,appartement,1993,113.6,279.0,2023-04-12,Hauts-de-France,32,0
62283,G,D,appartement,1936,60.4,522.0,2023-04-12,Hauts-de-France,32,1
59097,D,C,appartement,1967,62.5,173.0,2023-04-12,Hauts-de-France,32,0
02164,E,G,appartement,1986,56.2,488.0,2023-04-12,Hauts-de-France,32,0
80366,E,G,appartement,1979,56.8,690.0,2023-04-13,Hauts-de-France,32,0
80366,C,F,appartement,2000,101.0,278.0,2023-04-13,Hauts-de-France,32,0
60142,F,A,appartement,1957,146.9,683.0,2023-04-13,Hauts-de-France,32,1
80308,D,G,appartement,1986,53.1,242.0,2023-04-13,Hauts-de-France,32,0
80231,G,E,maison,1950,58.9,497.0,2023-04-14,Hauts-de-France,32,1
80320,E,F,appartement,1987,45.1,683.0,2023-04-14,Hauts-de-France,32,0
02097,F,D,maison,1974,23.0,388.0,2023-04-14,Hauts-de-France,32,1
62238,D,C,maison,1976,82.2,254.0,2023-04-14,Hauts-de-France,32,0
80241,G,E,maison,1974,77.8,611.0,2023-04-15,Hauts-de-France,32,1
62135,F,A,appartement,1944,48.8,464.0,2023-04-15,Hauts-de-France,32,1
02040,E,G,maison,1990,66.3,553.0,2023-04-15,Hauts-de-France,32,0
62307,F,C,maison,1941,43.2,512.0,2023-04-15,Hauts-de-France,32,1
02063,E,G,maison,1985,46.7,486.0,2023-04-16,Hauts-de-France,32,0
60197,F,F,appartement,1951,52.1,692.0,2023-04-16,Hauts-de-France,32,1
80304,C,E,maison,1991,109.4,200.0,2023-04-16,Hauts-de-France,32,0
62012,D,C,maison,1973,56.0,267.0,2023-04-16,Hauts-de-France,32,0
60084,F,G,maison,1920,160.7,610.0,2023-04-17,Hauts-de-France,32,1
02225,F,D,maison,1969,77.8,650.0,2023-04-17,Hauts-de-France,32,1
80198,G,B,maison,1934,76.6,356.0,2023-04-17,Hauts-de-France,32,1
02278,E,F,maison,1971,25.0,535.0,2023-04-18,Hauts-de-France,32,0
62310,A,D,appartement,1997,45.7,92.0,2023-04-18,Hauts-de-France,32,0
80093,F,F,maison,1924,140.0,531.0,2023-04-18,Hauts-de-France,32,1
59247,D,G,appartement,1990,101.0,212.0,2023-04-18,Hauts-de-France,32,0
80146,C,F,maison,1994,106.7,220.0,2023-04-19,Hauts-de-France,32,0
80249,F,F,appartement,1931,58.7,666.0,2023-04-19,Hauts-de-France,32,1
59234,D,D,appartement,1977,83.6,230.0,2023-04-19,Hauts-de-France,32,0
62171,D,E,appartement,1977,56.6,178.0,2023-04-19,Hauts-de-France,32,0
60259,C,D,maison,2011,136.7,213.0,2023-04-20,Hauts-de-France,32,0
62104,D,D,appartement,1974,28.2,281.0,2023-04-20,Hauts-de-France,32,0
80157,E,F,appartement,1986,48.5,536.0,2023-04-20,Hauts-de-France,32,0
60320,D,G,appartement,1989,82.5,204.0,2023-04-20,Hauts-de-France,32,0
59188,E,G,maison,1979,40.7,376.0,2023-04-21,Hauts-de-France,32,0
59305,C,F,appartement,1989,88.7,160.0,2023-04-21,Hauts-de-France,32,0
62087,D,F,appartement,1967,81.7,224.0,2023-04-21,Hauts-de-France,32,0
02399,F,D,maison,1950,37.3,586.0,2023-04-21,Hauts-de-France,32,1
62002,E,C,maison,1988,105.4,540.0,2023-04-22,Hauts-de-France,32,0
59058,C,D,appartement,1985,29.4,157.0,2023-04-22,Hauts-de-France,32,0
80097,C,G,maison,2018,37.6,219.0,2023-04-22,Hauts-de-France,32,0
59201,E,F,appartement,1980,43.7,670.0,2023-04-22,Hauts-de-France,32,0
80018,D,D,maison,1968,50.3,291.0,2023-04-23,Hauts-de-France,32,0
62088,D,F,appartement,1988,107.0,275.0,2023-04-23,Hauts-de-France,32,0
80349,D,D,maison,1977,71.9,270.0,2023-04-23,Hauts-de-France,32,0
02063,G,D,maison,1942,52.9,510.0,2023-04-23,Hauts-de-France,32,1
59154,G,E,appartement,1974,60.3,407.0,2023-04-24,Hauts-de-France,32,1
60221,D,E,appartement,1980,39.3,292.0,2023-04-24,Hauts-de-France,32,0
62076,E,D,appartement,1982,68.4,384.0,2023-04-24,Hauts-de-France,32,0
59294,E,E,maison,1969,129.6,526.0,2023-04-24,Hauts-de-France,32,0
62299,D,E,appartement,1987,31.3,319.0,2023-04-25,Hauts-de-France,32,0
59079,D,F,maison,1985,78.1,279.0,2023-04-25,Hauts-de-France,32,0
02384,E,E,immeuble,1986,81.9,420.0,2023-04-25,Hauts-de-France,32,0
62396,D,D,maison,1983,100.1,325.0,2023-04-25,Hauts-de-France,32,0
02216,D,F,appartement,1970,128.3,264.0,2023-04-26,Hauts-de-France,32,0
62205,D,E,appartement,1980,74.5,306.0,2023-04-26,Hauts-de-France,32,0
59291,C,C,appartement,2012,42.6,239.0,2023-04-26,Hauts-de-France,32,0
80397,G,E,maison,1929,39.1,574.0,2023-04-26,Hauts-de-France,32,1
02141,D,D,appartement,1992,80.1,328.0,2023-04-27,Hauts-de-France,32,0
60175,C,E,appartement,1997,65.8,248.0,2023-04-27,Hauts-de-France,32,0
60374,B,G,appartement,2002,45.9,97.0,2023-04-27,Hauts-de-France,32,0
80254,D,C,appartement,1983,102.7,298.0,2023-04-27,Hauts-de-France,32,0
80376,B,E,maison,2019,62.7,144.0,2023-04-28,Hauts-de-France,32,0
02079,C,E,maison,1987,86.6,237.0,2023-04-28,Hauts-de-France,32,0
80099,G,F,immeuble,1935,47.7,589.0,2023-04-28,Hauts-de-France,32,1
59069,E,E,maison,1981,34.3,695.0,2023-04-29,Hauts-de-France,32,0
62298,F,E,appartement,1921,23.2,525.0,2023-04-29,Hauts-de-France,32,1
80189,G,G,maison,1926,277.5,417.0,2023-04-29,Hauts-de-France,32,1
59265,C,D,appartement,1991,41.8,230.0,2023-04-29,Hauts-de-France,32,0
62153,G,G,maison,1963,101.0,398.0,2023-04-30,Hauts-de-France,32,1
59340,D,E,appartement,1994,38.0,264.0,2023-04-30,Hauts-de-France,32,0
80202,A,G,maison,1992,69.5,143.0,2023-04-30,Hauts-de-France,32,0
62216,C,E,appartement,1998,32.4,324.0,2023-04-30,Hauts-de-France,32,0
62291,B,E,maison,1999,118.9,121.0,2023-05-01,Hauts-de-France,32,0
80379,C,D,maison,1988,71.3,271.0,2023-05-01,Hauts-de-France,32,0
62068,E,E,appartement,1985,50.0,332.0,2023-05-01,Hauts-de-France,32,0
80074,D,B,appartement,1994,89.5,218.0,2023-05-01,Hauts-de-France,32,0
60208,F,G,appartement,1954,68.4,524.0,2023-05-02,Hauts-de-France,32,1
59371,D,E,appartement,1966,30.9,257.0,2023-05-02,Hauts-de-France,32,0
62350,E,D,maison,1991,63.6,334.0,2023-05-02,Hauts-de-France,32,0
80136,F,D,maison,1947,73.0,412.0,2023-05-02,Hauts-de-France,32,1
80223,D,F,maison,1971,63.5,301.0,2023-05-03,Hauts-de-France,32,0
80304,G,D,appartement,1941,96.7,459.0,2023-05-03,Hauts-de-France,32,1
02296,D,F,appartement,1973,27.6,309.0,2023-05-03,Hauts-de-France,32,0
62182,E,F,maison,1967,125.7,678.0,2023-05-03,Hauts-de-France,32,0
60360,F,D,maison,1940,51.1,588.0,2023-05-04,Hauts-de-France,32,1
02184,G,B,immeuble,1961,45.7,595.0,2023-05-04,Hauts-de-France,32,1
60219,D,F,appartement,1975,53.6,282.0,2023-05-04,Hauts-de-France,32,0
62112,D,B,appartement,1980,57.1,311.0,2023-05-04,Hauts-de-France,32,0
59320,D,C,appartement,1980,54.9,184.0,2023-05-05,Hauts-de-France,32,0
60318,C,G,maison,2004,114.7,298.0,2023-05-05,Hauts-de-France,32,0
80321,F,E,appartement,1939,190.2,606.0,2023-05-05,Hauts-de-France,32,1
59120,C,E,maison,1993,38.9,297.0,2023-05-05,Hauts-de-France,32,0
60071,D,D,appartement,1969,52.6,255.0,2023-05-06,Hauts-de-France,32,0
02338,G,G,appartement,1945,35.0,649.0,2023-05-06,Hauts-de-France,32,1
60024,D,E,maison,1983,113.3,284.0,2023-05-06,Hauts-de-France,32,0
02371,F,D,maison,1950,94.7,355.0,2023-05-06,Hauts-de-France,32,1
80053,B,G,maison,1992,51.1,54.0,2023-05-07,Hauts-de-France,32,0
80251,D,C,appartement,1987,54.4,241.0,2023-05-07,Hauts-de-France,32,0
02324,C,E,maison,2000,38.8,151.0,2023-05-07,Hauts-de-France,32,0
60297,G,D,maison,1956,59.2,632.0,2023-05-07,Hauts-de-France,32,1
02131,B,C,appartement,2010,101.0,67.0,2023-05-08,Hauts-de-France,32,0
02206,D,F,maison,1990,30.1,231.0,2023-05-08,Hauts-de-France,32,0
02339,C,E,appartement,2019,72.2,230.0,2023-05-08,Hauts-de-France,32,0
59046,D,F,appartement,1983,21.6,320.0,2023-05-08,Hauts-de-France,32,0
80087,A,F,immeuble,1987,58.7,56.0,2023-05-09,Hauts-de-France,32,0
62059,G,E,appartement,1959,33.4,613.0,2023-05-09,Hauts-de-France,32,1
62076,C,F,appartement,2000,68.1,285.0,2023-05-09,Hauts-de-France,32,0
02118,G,C,maison,1921,99.8,468.0,2023-05-10,Hauts-de-France,32,1
02391,B,D,appartement,2000,160.7,110.0,2023-05-10,Hauts-de-France,32,0
59062,F,E,appartement,1974,109.9,653.0,2023-05-10,Hauts-de-France,32,1
60134,G,E,maison,1962,55.0,600.0,2023-05-10,Hauts-de-France,32,1
60115,F,E,maison,1967,95.0,354.0,2023-05-11,Hauts-de-France,32,1
02329,E,D,maison,1983,109.2,584.0,2023-05-11,Hauts-de-France,32,0
62124,G,B,appartement,1952,83.4,503.0,2023-05-11,Hauts-de-France,32,1
60344,G,E,maison,1941,76.8,531.0,2023-05-11,Hauts-de-France,32,1
60361,F,C,appartement,1944,59.4,677.0,2023-05-12,Hauts-de-France,32,1
60096,D,E,appartement,1967,37.7,297.0,2023-05-12,Hauts-de-France,32,0
02305,C,A,appartement,1986,53.2,280.0,2023-05-12,Hauts-de-France,32,0
02349,D,F,appartement,1980,38.9,232.0,2023-05-12,Hauts-de-France,32,0
59052,D,E,maison,1984,28.8,154.0,2023-05-13,Hauts-de-France,32,0
62295,C,F,maison,1987,103.2,305.0,2023-05-13,Hauts-de-France,32,0
62229,F,E,appartement,1928,52.3,399.0,2023-05-13,Hauts-de-France,32,1
60384,D,G,appartement,1981,130.6,169.0,2023-05-13,Hauts-de-France,32,0
80272,D,E,maison,1982,69.2,301.0,2023-05-14,Hauts-de-France,32,0
80300,D,C,maison,1994,128.8,172.0,2023-05-14,Hauts-de-France,32,0
59018,F,E,maison,1961,24.9,480.0,2023-05-14,Hauts-de-France,32,1
60050,E,F,appartement,1967,51.8,386.0,2023-05-14,Hauts-de-France,32,0
59025,E,F,immeuble,1994,67.8,460.0,2023-05-15,Hauts-de-France,32,0
80344,E,C,maison,1987,48.3,424.0,2023-05-15,Hauts-de-France,32,0
02395,E,F,appartement,1992,70.2,572.0,2023-05-15,Hauts-de-France,32,0
59297,D,B,maison,1985,63.6,180.0,2023-05-15,Hauts-de-France,32,0
62340,G,F,maison,1944,34.7,659.0,2023-05-16,Hauts-de-France,32,1
62246,D,D,appartement,1968,86.0,185.0,2023-05-16,Hauts-de-France,32,0
62178,C,C,maison,1998,34.7,253.0,2023-05-16,Hauts-de-France,32,0
02247,E,D,appartement,1972,108.6,684.0,2023-05-16,Hauts-de-France,32,0
62051,D,E,maison,1979,54.7,183.0,2023-05-17,Hauts-de-France,32,0
62375,G,F,appartement,1930,34.4,391.0,2023-05-17,Hauts-de-France,32,1
60091,F,F,maison,1947,133.2,681.0,2023-05-17,Hauts-de-France,32,1
60019,E,F,appartement,1993,38.6,454.0,2023-05-17,Hauts-de-France,32,0
59212,F,D,maison,1942,55.7,693.0,2023-05-18,Hauts-de-France,32,1
62097,C,C,immeuble,2006,26.8,157.0,2023-05-18,Hauts-de-France,32,0
80065,C,F,maison,2009,70.3,261.0,2023-05-18,Hauts-de-France,32,0
02184,D,D,appartement,1982,98.4,165.0,2023-05-18,Hauts-de-France,32,0
59097,D,F,appartement,1980,115.8,224.0,2023-05-19,Hauts-de-France,32,0
62176,G,D,maison,1927,224.7,439.0,2023-05-19,Hauts-de-France,32,1
60064,G,B,maison,1962,67.0,347.0,2023-05-19,Hauts-de-France,32,1
02235,C,C,maison,1990,91.4,308.0,2023-05-19,Hauts-de-France,32,0
02025,D,F,appartement,1969,156.9,273.0,2023-05-20,Hauts-de-France,32,0
80201,F,A,maison,1955,79.2,377.0,2023-05-20,Hauts-de-France,32,1
60142,C,E,maison,1994,53.5,285.0,2023-05-20,Hauts-de-France,32,0
62072,F,F,appartement,1926,66.1,679.0,2023-05-21,Hauts-de-France,32,1
60364,C,F,appartement,2014,102.4,304.0,2023-05-21,Hauts-de-France,32,0
62309,F,G,appartement,1971,55.1,385.0,2023-05-21,Hauts-de-France,32,1
59233,D,F,maison,1983,109.6,302.0,2023-05-21,Hauts-de-France,32,0
60065,E,A,maison,1971,37.3,340.0,2023-05-22,Hauts-de-France,32,0
59071,E,E,appartement,1979,24.2,449.0,2023-05-22,Hauts-de-France,32,0
62101,G,D,maison,1947,34.2,598.0,2023-05-22,Hauts-de-France,32,1
60098,E,D,maison,1990,67.6,345.0,2023-05-22,Hauts-de-France,32,0
59008,D,D,appartement,1970,92.9,303.0,2023-05-23,Hauts-de-France,32,0
62070,E,G,maison,1974,107.7,622.0,2023-05-23,Hauts-de-France,32,0
80011,C,C,appartement,1989,42.0,168.0,2023-05-23,Hauts-de-France,32,0
59252,E,D,appartement,1991,45.0,470.0,2023-05-23,Hauts-de-France,32,0
80292,D,E,appartement,1969,50.1,204.0,2023-05-24,Hauts-de-France,32,0
80002,D,D,immeuble,1970,32.7,268.0,2023-05-24,Hauts-de-France,32,0
59029,F,E,maison,1943,145.9,332.0,2023-05-24,Hauts-de-France,32,1
59090,F,G,appartement,1929,53.1,680.0,2023-05-24,Hauts-de-France,32,1
59085,F,D,maison,1940,153.2,446.0,2023-05-25,Hauts-de-France,32,1
02035,G,E,maison,1924,83.5,615.0,2023-05-25,Hauts-de-France,32,1
80252,C,E,appartement,2009,36.7,295.0,2023-05-25,Hauts-de-France,32,0
60130,D,E,maison,1994,96.5,325.0,2023-05-25,Hauts-de-France,32,0
60362,G,G,appartement,1947,86.0,603.0,2023-05-26,Hauts-de-France,32,1
60366,D,E,maison,1970,34.4,246.0,2023-05-26,Hauts-de-France,32,0
59301,C,F,maison,2018,52.3,236.0,2023-05-26,Hauts-de-France,32,0
60251,F,D,maison,1937,45.2,518.0,2023-05-26,Hauts-de-France,32,1
62384,D,G,appartement,1966,68.6,166.0,2023-05-27,Hauts-de-France,32,0
02372,D,G,maison,1977,93.5,186.0,2023-05-27,Hauts-de-France,32,0
59091,G,G,maison,1942,121.9,576.0,2023-05-27,Hauts-de-France,32,1
60202,F,G,maison,1952,58.4,543.0,2023-05-27,Hauts-de-France,32,1
59254,E,D,maison,1982,86.5,389.0,2023-05-28,Hauts-de-France,32,0
59311,C,C,appartement,2008,125.1,184.0,2023-05-28,Hauts-de-France,32,0
62169,E,E,maison,1981,53.1,534.0,2023-05-28,Hauts-de-France,32,0
59394,C,G,appartement,1989,57.0,194.0,2023-05-28,Hauts-de-France,32,0
60369,E,E,maison,1973,55.8,537.0,2023-05-29,Hauts-de-France,32,0
62140,E,B,appartement,1983,85.4,558.0,2023-05-29,Hauts-de-France,32,0
62061,F,D,appartement,1922,96.7,375.0,2023-05-29,Hauts-de-France,32,1
62062,F,C,maison,1953,56.1,630.0,2023-05-29,Hauts-de-France,32,1
80030,D,F,maison,1986,41.1,208.0,2023-05-30,Hauts-de-France,32,0
59062,F,F,maison,1923,64.3,364.0,2023-05-30,Hauts-de-France,32,1
59127,D,G,appartement,1980,47.3,260.0,2023-05-30,Hauts-de-France,32,0
02088,A,D,immeuble,2019,77.0,63.0,2023-05-30,Hauts-de-France,32,0
62046,B,G,maison,2016,32.9,134.0,2023-05-31,Hauts-de-France,32,0
60048,E,E,appartement,1985,121.4,548.0,2023-05-31,Hauts-de-France,32,0
60254,C,D,appartement,1988,94.7,267.0,2023-05-31,Hauts-de-France,32,0
62009,F,D,appartement,1966,49.8,635.0,2023-06-01,Hauts-de-France,32,1
62050,C,C,maison,2011,48.4,286.0,2023-06-01,Hauts-de-France,32,0
62292,F,G,maison,1934,39.5,427.0,2023-06-01,Hauts-de-France,32,1
02346,D,E,appartement,1985,131.3,222.0,2023-06-01,Hauts-de-France,32,0
02148,D,D,appartement,1988,78.4,285.0,2023-06-02,Hauts-de-France,32,0
62128,C,C,appartement,1988,36.2,289.0,2023-06-02,Hauts-de-France,32,0
60222,C,E,appartement,2003,69.6,256.0,2023-06-02,Hauts-de-France,32,0
60355,E,A,maison,1978,77.0,543.0,2023-06-02,Hauts-de-France,32,0
80314,D,F,maison,1989,178.6,276.0,2023-06-03,Hauts-de-France,32,0
62196,A,E,appartement,1994,19.6,103.0,2023-06-03,Hauts-de-France,32,0
62255,F,G,appartement,1920,19.5,516.0,2023-06-03,Hauts-de-France,32,1
62283,C,D,appartement,2006,33.9,249.0,2023-06-03,Hauts-de-France,32,0
80268,E,E,appartement,1993,72.8,666.0,2023-06-04,Hauts-de-France,32,0
60350,D,G,maison,1986,66.8,155.0,2023-06-04,Hauts-de-France,32,0
60158,F,G,appartement,1968,43.8,418.0,2023-06-04,Hauts-de-France,32,1
02162,F,D,maison,1953,81.6,516.0,2023-06-04,Hauts-de-France,32,1
62313,G,C,maison,1965,89.9,343.0,2023-06-05,Hauts-de-France,32,1
80029,G,G,appartement,1923,92.8,395.0,2023-06-05,Hauts-de-France,32,1
59316,C,D,maison,1986,66.4,242.0,2023-06-05,Hauts-de-France,32,0
59344,D,D,appartement,1971,33.6,155.0,2023-06-05,Hauts-de-France,32,0
62033,E,C,appartement,1993,41.7,576.0,2023-06-06,Hauts-de-France,32,0
02320,C,G,appartement,1996,116.1,244.0,2023-06-06,Hauts-de-France,32,0
60221,B,C,immeuble,2008,92.4,137.0,2023-06-06,Hauts-de-France,32,0
02235,D,E,maison,1970,47.8,312.0,2023-06-06,Hauts-de-France,32,0
59163,E,F,appartement,1980,82.4,452.0,2023-06-07,Hauts-de-France,32,0
62357,G,E,maison,1971,100.1,591.0,2023-06-07,Hauts-de-France,32,1
59372,D,D,maison,1989,91.6,184.0,2023-06-07,Hauts-de-France,32,0
60011,E,F,appartement,1980,77.9,559.0,2023-06-07,Hauts-de-France,32,0
59222,F,D,maison,1962,168.1,392.0,2023-06-08,Hauts-de-France,32,1
02220,F,C,maison,1944,128.3,654.0,2023-06-08,Hauts-de-France,32,1
60087,E,D,appartement,1972,52.5,502.0,2023-06-08,Hauts-de-France,32,0
59217,E,F,maison,1966,44.6,471.0,2023-06-08,Hauts-de-France,32,0
60183,F,F,appartement,1922,45.2,545.0,2023-06-09,Hauts-de-France,32,1
60101,G,C,appartement,1973,56.6,370.0,2023-06-09,Hauts-de-France,32,1
62007,F,F,appartement,1951,171.9,489.0,2023-06-09,Hauts-de-France,32,1
80096,F,G,maison,1925,38.9,388.0,2023-06-09,Hauts-de-France,32,1
59184,B,E,appartement,1987,106.5,85.0,2023-06-10,Hauts-de-France,32,0
59203,F,G,appartement,1960,96.9,565.0,2023-06-10,Hauts-de-France,32,1
62074,E,G,maison,1990,51.9,505.0,2023-06-10,Hauts-de-France,32,0
62232,G,D,maison,1972,61.2,648.0,2023-06-10,Hauts-de-France,32,1
80288,C,B,maison,1995,89.1,297.0,2023-06-11,Hauts-de-France,32,0
02231,E,E,maison,1984,99.7,334.0,2023-06-11,Hauts-de-France,32,0
59352,G,D,appartement,1954,36.1,610.0,2023-06-11,Hauts-de-France,32,1
02357,D,B,appartement,1971,36.2,191.0,2023-06-12,Hauts-de-France,32,0
62254,D,C,appartement,1990,163.3,156.0,2023-06-12,Hauts-de-France,32,0
80035,D,D,appartement,1980,142.7,304.0,2023-06-12,Hauts-de-France,32,0
60198,E,E,maison,1976,70.6,379.0,2023-06-12,Hauts-de-France,32,0
02088,B,E,appartement,2016,86.5,110.0,2023-06-13,Hauts-de-France,32,0
60373,C,F,appartement,2003,106.0,235.0,2023-06-13,Hauts-de-France,32,0
62036,D,E,appartement,1994,106.7,204.0,2023-06-13,Hauts-de-France,32,0
62144,G,E,maison,1973,29.8,354.0,2023-06-13,Hauts-de-France,32,1
59004,E,F,appartement,1979,87.1,384.0,2023-06-14,Hauts-de-France,32,0
59202,D,F,immeuble,1990,97.2,183.0,2023-06-14,Hauts-de-France,32,0
02228,E,D,appartement,1982,103.1,336.0,2023-06-14,Hauts-de-France,32,0
60193,F,D,maison,1970,32.0,353.0,2023-06-14,Hauts-de-France,32,1
60208,G,D,maison,1972,93.4,436.0,2023-06-15,Hauts-de-France,32,1
62320,E,E,appartement,1982,90.6,656.0,2023-06-15,Hauts-de-France,32,0
02221,C,E,appartement,1989,87.6,176.0,2023-06-15,Hauts-de-France,32,0
02256,C,F,appartement,1991,128.4,292.0,2023-06-15,Hauts-de-France,32,0
02020,E,D,maison,1985,75.8,542.0,2023-06-16,Hauts-de-France,32,0
62065,E,D,maison,1985,66.8,407.0,2023-06-16,Hauts-de-France,32,0
80386,D,B,maison,1988,96.3,196.0,2023-06-16,Hauts-de-France,32,0
02082,D,E,maison,1969,47.0,211.0,2023-06-16,Hauts-de-France,32,0
59330,F,D,maison,1973,52.2,525.0,2023-06-17,Hauts-de-France,32,1
62255,G,A,maison,1938,63.3,696.0,2023-06-17,Hauts-de-France,32,1
62253,F,D,appartement,1952,82.2,414.0,2023-06-17,Hauts-de-France,32,1
59079,G,E,appartement,1973,67.5,363.0,2023-06-17,Hauts-de-France,32,1
62038,F,C,maison,1922,139.0,409.0,2023-06-18,Hauts-de-France,32,1
02112,E,C,maison,1974,85.1,511.0,2023-06-18,Hauts-de-France,32,0
59152,E,C,appartement,1975,55.3,674.0,2023-06-18,Hauts-de-France,32,0
59143,F,C,appartement,1964,96.1,655.0,2023-06-18,Hauts-de-France,32,1
59010,E,G,maison,1978,60.3,368.0,2023-06-19,Hauts-de-France,32,0
62147,G,C,appartement,1940,89.1,652.0,2023-06-19,Hauts-de-France,32,1
59297,C,D,maison,2014,75.4,309.0,2023-06-19,Hauts-de-France,32,0
59250,F,F,appartement,1972,48.4,380.0,2023-06-19,Hauts-de-France,32,1
02369,F,C,maison,1942,58.4,494.0,2023-06-20,Hauts-de-France,32,1
80385,D,A,maison,1967,172.4,159.0,2023-06-20,Hauts-de-France,32,0
02399,G,E,maison,1947,75.1,598.0,2023-06-20,Hauts-de-France,32,1
80150,C,E,maison,2015,84.1,162.0,2023-06-20,Hauts-de-France,32,0
02378,G,F,maison,1956,135.6,544.0,2023-06-21,Hauts-de-France,32,1
59325,G,D,appartement,1935,47.9,587.0,2023-06-21,Hauts-de-France,32,1
80063,D,D,appartement,1977,65.0,329.0,2023-06-21,Hauts-de-France,32,0
59146,F,D,maison,1920,52.6,444.0,2023-06-21,Hauts-de-France,32,1
80068,E,E,appartement,1986,119.4,637.0,2023-06-22,Hauts-de-France,32,0
60010,E,F,maison,1977,85.8,537.0,2023-06-22,Hauts-de-France,32,0
80156,A,F,maison,1990,184.5,133.0,2023-06-22,Hauts-de-France,32,0
59185,F,B,maison,1948,51.1,494.0,2023-06-23,Hauts-de-France,32,1
02213,C,D,maison,2015,67.7,281.0,2023-06-23,Hauts-de-France,32,0
80316,D,E,appartement,1985,90.3,197.0,2023-06-23,Hauts-de-France,32,0
59126,A,D,appartement,2001,71.8,143.0,2023-06-23,Hauts-de-France,32,0
62230,D,G,immeuble,1984,50.2,238.0,2023-06-24,Hauts-de-France,32,0
80106,F,F,appartement,1954,102.1,572.0,2023-06-24,Hauts-de-France,32,1
80110,C,F,appartement,1986,39.3,255.0,2023-06-24,Hauts-de-France,32,0
80211,C,F,maison,2016,172.7,204.0,2023-06-24,Hauts-de-France,32,0
62203,D,C,maison,1966,20.8,167.0,2023-06-25,Hauts-de-France,32,0
02055,D,B,maison,1994,38.3,170.0,2023-06-25,Hauts-de-France,32,0
80133,D,G,maison,1965,52.7,196.0,2023-06-25,Hauts-de-France,32,0
62244,C,C,appartement,2014,46.5,279.0,2023-06-25,Hauts-de-France,32,0
62293,C,E,appartement,2000,81.1,291.0,2023-06-26,Hauts-de-France,32,0
02068,D,D,appartement,1992,71.8,245.0,2023-06-26,Hauts-de-France,32,0
02115,F,B,maison,1947,69.5,518.0,2023-06-26,Hauts-de-France,32,1
80123,B,B,appartement,2008,29.3,60.0,2023-06-26,Hauts-de-France,32,0
60191,E,E,appartement,1978,41.3,647.0,2023-06-27,Hauts-de-France,32,0
80282,E,F,maison,1992,76.0,450.0,2023-06-27,Hauts-de-France,32,0
02021,G,D,appartement,1953,105.8,362.0,2023-06-27,Hauts-de-France,32,1
62220,E,E,immeuble,1978,71.4,449.0,2023-06-27,Hauts-de-France,32,0
59288,B,B,appartement,2015,28.2,71.0,2023-06-28,Hauts-de-France,32,0
59221,D,E,maison,1990,115.3,165.0,2023-06-28,Hauts-de-France,32,0
59196,A,C,appartement,2003,168.9,105.0,2023-06-28,Hauts-de-France,32,0
59337,D,F,appartement,1968,113.2,181.0,2023-06-28,Hauts-de-France,32,0
02326,D,E,maison,1980,55.9,276.0,2023-06-29,Hauts-de-France,32,0
59186,D,F,maison,1965,83.1,298.0,2023-06-29,Hauts-de-France,32,0
80292,E,E,appartement,1970,43.0,605.0,2023-06-29,Hauts-de-France,32,0
62278,E,E,appartement,1966,71.0,508.0,2023-06-29,Hauts-de-France,32,0
59052,F,E,maison,1956,53.5,408.0,2023-06-30,Hauts-de-France,32,1
62269,G,G,maison,1956,105.5,630.0,2023-06-30,Hauts-de-France,32,1
62047,E,D,appartement,1993,57.4,418.0,2023-06-30,Hauts-de-France,32,0
80139,D,D,maison,1972,82.3,262.0,2023-06-30,Hauts-de-France,32,0
02276,G,F,appartement,1920,68.7,690.0,2023-07-01,Hauts-de-France,32,1
80242,D,D,appartement,1985,61.1,152.0,2023-07-01,Hauts-de-France,32,0
59246,G,C,maison,1926,77.1,554.0,2023-07-01,Hauts-de-France,32,1
59389,G,F,appartement,1950,97.2,426.0,2023-07-01,Hauts-de-France,32,1
62069,C,E,maison,1997,31.5,260.0,2023-07-02,Hauts-de-France,32,0
59067,D,D,maison,1967,61.7,263.0,2023-07-02,Hauts-de-France,32,0
80055,D,C,maison,1978,63.1,175.0,2023-07-02,Hauts-de-France,32,0
62269,G,F,appartement,1935,111.6,395.0,2023-07-02,Hauts-de-France,32,1
80209,C,D,appartement,2011,78.5,254.0,2023-07-03,Hauts-de-France,32,0
60204,F,A,appartement,1972,120.2,403.0,2023-07-03,Hauts-de-France,32,1
59027,D,G,maison,1980,76.7,215.0,2023-07-03,Hauts-de-France,32,0
62293,D,E,maison,1971,103.2,230.0,2023-07-04,Hauts-de-France,32,0
80037,D,G,maison,1968,120.7,177.0,2023-07-04,Hauts-de-France,32,0
62308,D,B,maison,1968,73.5,155.0,2023-07-04,Hauts-de-France,32,0
59263,G,E,maison,1944,115.4,366.0,2023-07-04,Hauts-de-France,32,1
80035,C,D,maison,2018,67.2,187.0,2023-07-05,Hauts-de-France,32,0
62390,F,G,maison,1925,104.9,682.0,2023-07-05,Hauts-de-France,32,1
59200,E,C,appartement,1989,94.4,428.0,2023-07-05,Hauts-de-France,32,0
62350,E,C,immeuble,1988,203.9,521.0,2023-07-05,Hauts-de-France,32,0
02138,F,E,maison,1938,63.1,442.0,2023-07-06,Hauts-de-France,32,1
02085,C,B,maison,1994,87.7,162.0,2023-07-06,Hauts-de-France,32,0
62047,G,D,immeuble,1940,55.1,463.0,2023-07-06,Hauts-de-France,32,1
59003,C,F,maison,2017,41.4,215.0,2023-07-06,Hauts-de-France,32,0
80242,D,G,maison,1985,101.1,328.0,2023-07-07,Hauts-de-France,32,0
60176,E,B,maison,1968,118.8,696.0,2023-07-07,Hauts-de-France,32,0
80244,E,D,appartement,1994,92.8,572.0,2023-07-07,Hauts-de-France,32,0
02151,E,F,maison,1972,69.0,582.0,2023-07-07,Hauts-de-France,32,0
02300,G,F,maison,1958,40.7,655.0,2023-07-08,Hauts-de-France,32,1
02202,C,D,appartement,1988,31.8,254.0,2023-07-08,Hauts-de-France,32,0
62352,D,A,maison,1970,26.1,215.0,2023-07-08,Hauts-de-France,32,0
02078,D,C,maison,1970,111.3,208.0,2023-07-08,Hauts-de-France,32,0
02114,E,F,appartement,1991,123.5,378.0,2023-07-09,Hauts-de-France,32,0
60362,F,E,maison,1937,82.4,627.0,2023-07-09,Hauts-de-France,32,1
59181,E,D,maison,1978,149.0,404.0,2023-07-09,Hauts-de-France,32,0
60122,D,F,maison,1991,47.8,279.0,2023-07-09,Hauts-de-France,32,0
80387,G,C,maison,1923,71.6,539.0,2023-07-10,Hauts-de-France,32,1
60098,F,C,maison,1949,63.6,504.0,2023-07-10,Hauts-de-France,32,1
59203,E,D,appartement,1979,75.9,576.0,2023-07-10,Hauts-de-France,32,0
60237,G,C,maison,1950,56.7,665.0,2023-07-10,Hauts-de-France,32,1
59080,E,A,maison,1975,57.6,466.0,2023-07-11,Hauts-de-France,32,0
59238,F,F,maison,1921,57.7,373.0,2023-07-11,Hauts-de-France,32,1
60202,G,E,appartement,1960,150.8,671.0,2023-07-11,Hauts-de-France,32,1
62077,D,G,maison,1973,61.5,288.0,2023-07-11,Hauts-de-France,32,0
62247,D,C,appartement,1986,37.9,250.0,2023-07-12,Hauts-de-France,32,0
02225,F,F,appartement,1973,222.9,386.0,2023-07-12,Hauts-de-France,32,1
80019,G,D,maison,1939,29.0,368.0,2023-07-12,Hauts-de-France,32,1
80354,E,C,appartement,1981,90.0,484.0,2023-07-12,Hauts-de-France,32,0
80142,E,D,appartement,1987,57.8,383.0,2023-07-13,Hauts-de-France,32,0
59368,G,E,maison,1969,103.1,655.0,2023-07-13,Hauts-de-France,32,1
59003,F,F,maison,1961,43.0,651.0,2023-07-13,Hauts-de-France,32,1
02306,F,F,maison,1966,137.2,522.0,2023-07-13,Hauts-de-France,32,1
80037,F,D,immeuble,1968,33.4,411.0,2023-07-14,Hauts-de-France,32,1
59332,C,F,appartement,1995,48.0,273.0,2023-07-14,Hauts-de-France,32,0
02266,F,F,appartement,1923,58.3,530.0,2023-07-14,Hauts-de-France,32,1
62175,G,D,appartement,1955,102.2,470.0,2023-07-15,Hauts-de-France,32,1
02017,B,C,maison,1995,57.5,88.0,2023-07-15,Hauts-de-France,32,0
60170,F,E,maison,1942,51.2,530.0,2023-07-15,Hauts-de-France,32,1
80376,F,G,immeuble,1946,91.2,345.0,2023-07-15,Hauts-de-France,32,1
80387,D,F,maison,1974,147.1,190.0,2023-07-16,Hauts-de-France,32,0
62111,C,G,maison,2002,45.6,293.0,2023-07-16,Hauts-de-France,32,0
80212,C,F,maison,1996,34.1,273.0,2023-07-16,Hauts-de-France,32,0
80168,E,D,maison,1976,174.9,628.0,2023-07-16,Hauts-de-France,32,0
02348,F,C,maison,1954,85.1,652.0,2023-07-17,Hauts-de-France,32,1
80139,D,F,maison,1967,65.2,210.0,2023-07-17,Hauts-de-France,32,0
60175,E,F,maison,1985,78.4,407.0,2023-07-17,Hauts-de-France,32,0
62264,E,D,maison,1982,95.2,679.0,2023-07-17,Hauts-de-France,32,0
02115,D,F,maison,1983,81.1,162.0,2023-07-18,Hauts-de-France,32,0
60013,A,B,immeuble,2009,33.2,91.0,2023-07-18,Hauts-de-France,32,0
80170,E,D,appartement,1977,76.7,574.0,2023-07-18,Hauts-de-France,32,0
02364,F,D,appartement,1966,47.5,658.0,2023-07-18,Hauts-de-France,32,1
80340,F,D,maison,1924,99.4,478.0,2023-07-19,Hauts-de-France,32,1
60186,F,E,immeuble,1968,41.2,505.0,2023-07-19,Hauts-de-France,32,1
02037,E,C,appartement,1991,59.3,344.0,2023-07-19,Hauts-de-France,32,0
02342,E,G,appartement,1967,67.2,643.0,2023-07-19,Hauts-de-France,32,0
80308,D,E,maison,1989,92.4,321.0,2023-07-20,Hauts-de-France,32,0
60260,A,C,appartement,2017,42.8,142.0,2023-07-20,Hauts-de-France,32,0
59210,C,D,maison,2011,103.2,180.0,2023-07-20,Hauts-de-France,32,0
60118,D,E,maison,1989,81.0,299.0,2023-07-20,Hauts-de-France,32,0
02110,G,E,maison,1926,49.7,481.0,2023-07-21,Hauts-de-France,32,1
59066,E,G,maison,1980,73.7,461.0,2023-07-21,Hauts-de-France,32,0
60327,D,D,immeuble,1976,36.2,218.0,2023-07-21,Hauts-de-France,32,0
02373,E,D,appartement,1992,161.6,557.0,2023-07-21,Hauts-de-France,32,0
02068,G,F,appartement,1930,152.7,643.0,2023-07-22,Hauts-de-France,32,1
59146,F,C,appartement,1928,61.7,668.0,2023-07-22,Hauts-de-France,32,1
80005,E,C,maison,1976,68.4,437.0,2023-07-22,Hauts-de-France,32,0
60267,E,B,appartement,1980,112.8,629.0,2023-07-22,Hauts-de-France,32,0
02120,F,F,maison,1931,142.0,485.0,2023-07-23,Hauts-de-France,32,1
59351,D,E,maison,1985,61.5,178.0,2023-07-23,Hauts-de-France,32,0
02092,E,F,appartement,1992,113.9,339.0,2023-07-23,Hauts-de-France,32,0
60014,A,G,maison,1995,97.7,67.0,2023-07-23,Hauts-de-France,32,0
80024,C,F,immeuble,1986,64.4,214.0,2023-07-24,Hauts-de-France,32,0
59201,F,C,appartement,1960,100.3,565.0,2023-07-24,Hauts-de-France,32,1
80365,D,C,appartement,1973,129.5,203.0,2023-07-24,Hauts-de-France,32,0
62122,E,F,appartement,1969,21.8,601.0,2023-07-24,Hauts-de-France,32,0
02120,D,E,immeuble,1990,34.3,240.0,2023-07-25,Hauts-de-France,32,0
62265,D,F,appartement,1985,180.5,300.0,2023-07-25,Hauts-de-France,32,0
80138,E,D,appartement,1991,33.3,357.0,2023-07-25,Hauts-de-France,32,0
60059,E,D,maison,1981,95.1,340.0,2023-07-26,Hauts-de-France,32,0
02134,E,F,maison,1991,50.7,500.0,2023-07-26,Hauts-de-France,32,0
02021,A,D,appartement,1986,64.6,67.0,2023-07-26,Hauts-de-France,32,0
62031,D,D,maison,1987,96.9,173.0,2023-07-26,Hauts-de-France,32,0
60115,D,D,appartement,1977,44.2,325.0,2023-07-27,Hauts-de-France,32,0
80092,G,F,maison,1934,53.8,689.0,2023-07-27,Hauts-de-France,32,1
60049,F,D,maison,1932,81.5,510.0,2023-07-27,Hauts-de-France,32,1
60362,D,F,maison,1986,55.8,157.0,2023-07-27,Hauts-de-France,32,0
59274,E,E,maison,1985,140.8,472.0,2023-07-28,Hauts-de-France,32,0
60398,G,E,appartement,1922,23.8,490.0,2023-07-28,Hauts-de-France,32,1
60178,E,E,maison,1992,56.7,616.0,2023-07-28,Hauts-de-France,32,0
62050,D,C,maison,1968,82.8,281.0,2023-07-28,Hauts-de-France,32,0
02366,D,E,appartement,1967,263.9,160.0,2023-07-29,Hauts-de-France,32,0
60098,E,C,maison,1973,100.3,660.0,2023-07-29,Hauts-de-France,32,0
59133,E,D,maison,1976,36.0,695.0,2023-07-29,Hauts-de-France,32,0
02120,G,B,immeuble,1948,82.8,588.0,2023-07-29,Hauts-de-France,32,1
02120,C,G,maison,2012,55.9,186.0,2023-07-30,Hauts-de-France,32,0
80332,E,D,appartement,1975,117.6,414.0,2023-07-30,Hauts-de-France,32,0
59047,D,E,maison,1993,45.3,226.0,2023-07-30,Hauts-de-France,32,0
62390,E,D,appartement,1992,192.8,354.0,2023-07-30,Hauts-de-France,32,0
02099,F,F,maison,1949,54.0,599.0,2023-07-31,Hauts-de-France,32,1
80182,F,D,immeuble,1944,109.4,638.0,2023-07-31,Hauts-de-France,32,1
80348,G,F,appartement,1952,32.2,454.0,2023-07-31,Hauts-de-France,32,1
80215,B,F,maison,1993,86.0,59.0,2023-07-31,Hauts-de-France,32,0
62144,F,F,appartement,1961,45.7,463.0,2023-08-01,Hauts-de-France,32,1
60007,G,D,appartement,1946,182.6,562.0,2023-08-01,Hauts-de-France,32,1
60172,F,E,maison,1967,31.6,465.0,2023-08-01,Hauts-de-France,32,1
62212,E,F,appartement,1993,41.1,662.0,2023-08-01,Hauts-de-France,32,0
60240,C,E,maison,1990,93.3,254.0,2023-08-02,Hauts-de-France,32,0
62299,G,D,appartement,1968,130.9,668.0,2023-08-02,Hauts-de-France,32,1
62037,E,F,appartement,1985,134.0,577.0,2023-08-02,Hauts-de-France,32,0
02007,F,B,maison,1934,114.0,592.0,2023-08-02,Hauts-de-France,32,1
62313,B,E,maison,1986,24.8,103.0,2023-08-03,Hauts-de-France,32,0
62352,D,F,appartement,1966,83.8,153.0,2023-08-03,Hauts-de-France,32,0
80182,E,G,maison,1992,122.5,544.0,2023-08-03,Hauts-de-France,32,0
62219,D,F,maison,1988,163.1,271.0,2023-08-03,Hauts-de-France,32,0
80131,F,E,appartement,1941,58.9,585.0,2023-08-04,Hauts-de-France,32,1
59288,F,F,appartement,1938,75.8,520.0,2023-08-04,Hauts-de-France,32,1
02139,D,F,maison,1976,37.5,304.0,2023-08-04,Hauts-de-France,32,0
60146,F,D,maison,1971,114.6,581.0,2023-08-04,Hauts-de-France,32,1
62255,F,C,appartement,1929,27.0,502.0,2023-08-05,Hauts-de-France,32,1
60360,G,A,maison,1948,164.0,420.0,2023-08-05,Hauts-de-France,32,1
59243,A,G,appartement,1987,57.9,72.0,2023-08-05,Hauts-de-France,32,0
62337,F,F,maison,1932,97.0,683.0,2023-08-06,Hauts-de-France,32,1
62011,C,E,appartement,2010,111.1,234.0,2023-08-06,Hauts-de-France,32,0
62205,F,E,maison,1927,113.7,466.0,2023-08-06,Hauts-de-France,32,1
60134,F,F,maison,1949,69.3,359.0,2023-08-06,Hauts-de-France,32,1
59154,E,D,maison,1973,27.3,509.0,2023-08-07,Hauts-de-France,32,0
02391,D,C,maison,1977,44.8,202.0,2023-08-07,Hauts-de-France,32,0
59340,A,C,appartement,2009,85.8,103.0,2023-08-07,Hauts-de-France,32,0
02389,D,F,appartement,1970,138.5,171.0,2023-08-07,Hauts-de-France,32,0
59261,C,E,maison,2015,29.0,206.0,2023-08-08,Hauts-de-France,32,0
59276,D,G,maison,1967,137.0,218.0,2023-08-08,Hauts-de-France,32,0
59160,D,G,maison,1971,110.0,313.0,2023-08-08,Hauts-de-France,32,0
02220,C,D,appartement,2016,92.8,188.0,2023-08-08,Hauts-de-France,32,0
59337,E,E,appartement,1982,85.7,530.0,2023-08-09,Hauts-de-France,32,0
62007,E,F,appartement,1985,101.9,411.0,2023-08-09,Hauts-de-France,32,0
59339,D,D,appartement,1972,74.1,235.0,2023-08-09,Hauts-de-France,32,0
60266,F,D,appartement,1953,67.6,574.0,2023-08-09,Hauts-de-France,32,1
60223,D,C,appartement,1988,161.9,212.0,2023-08-10,Hauts-de-France,32,0
62200,E,C,appartement,1971,36.8,526.0,2023-08-10,Hauts-de-France,32,0
80051,F,E,maison,1923,41.8,387.0,2023-08-10,Hauts-de-France,32,1
02283,E,B,maison,1976,71.1,541.0,2023-08-10,Hauts-de-France,32,0
59121,E,E,maison,1988,55.0,559.0,2023-08-11,Hauts-de-France,32,0
60098,F,D,immeuble,1949,49.9,392.0,2023-08-11,Hauts-de-France,32,1
59303,E,E,maison,1991,64.4,678.0,2023-08-11,Hauts-de-France,32,0
59329,C,D,maison,2009,33.2,187.0,2023-08-11,Hauts-de-France,32,0
80235,D,G,maison,1987,94.0,266.0,2023-08-12,Hauts-de-France,32,0
80126,D,G,maison,1973,84.3,248.0,2023-08-12,Hauts-de-France,32,0
62139,F,E,appartement,1921,72.2,388.0,2023-08-12,Hauts-de-France,32,1
60305,D,C,maison,1982,90.8,281.0,2023-08-12,Hauts-de-France,32,0
62188,E,D,maison,1980,20.0,500.0,2023-08-13,Hauts-de-France,32,0
62169,D,D,appartement,1973,95.5,236.0,2023-08-13,Hauts-de-France,32,0
02397,F,F,appartement,1958,36.8,655.0,2023-08-13,Hauts-de-France,32,1
62360,E,F,maison,1993,40.0,628.0,2023-08-13,Hauts-de-France,32,0
60352,C,E,appartement,1995,66.2,325.0,2023-08-14,Hauts-de-France,32,0
62341,E,C,appartement,1985,47.6,648.0,2023-08-14,Hauts-de-France,32,0
02046,D,G,maison,1986,19.8,191.0,2023-08-14,Hauts-de-France,32,0
60310,C,E,maison,1985,102.7,319.0,2023-08-14,Hauts-de-France,32,0
59298,D,E,maison,1967,26.8,314.0,2023-08-15,Hauts-de-France,32,0
60253,D,D,maison,1978,72.9,250.0,2023-08-15,Hauts-de-France,32,0
60180,D,F,maison,1977,37.4,244.0,2023-08-15,Hauts-de-France,32,0
80322,C,C,appartement,2001,35.4,248.0,2023-08-15,Hauts-de-France,32,0
02282,D,F,appartement,1973,96.7,191.0,2023-08-16,Hauts-de-France,32,0
59206,F,C,maison,1970,90.7,619.0,2023-08-16,Hauts-de-France,32,1
59332,F,E,appartement,1957,48.8,691.0,2023-08-16,Hauts-de-France,32,1
62182,F,D,maison,1941,183.3,531.0,2023-08-17,Hauts-de-France,32,1
62333,G,B,appartement,1927,76.6,479.0,2023-08-17,Hauts-de-France,32,1
59117,G,F,maison,1963,24.0,646.0,2023-08-17,Hauts-de-France,32,1
80178,C,B,maison,1996,110.6,188.0,2023-08-17,Hauts-de-France,32,0
02121,D,D,appartement,1966,97.9,309.0,2023-08-18,Hauts-de-France,32,0
80149,D,D,immeuble,1968,115.7,273.0,2023-08-18,Hauts-de-France,32,0
60365,E,E,appartement,1989,100.7,517.0,2023-08-18,Hauts-de-France,32,0
80032,D,F,appartement,1965,21.2,172.0,2023-08-18,Hauts-de-France,32,0
62038,G,E,appartement,1925,46.6,426.0,2023-08-19,Hauts-de-France,32,1
60165,F,G,appartement,1969,51.8,412.0,2023-08-19,Hauts-de-France,32,1
60142,C,E,maison,2005,95.6,194.0,2023-08-19,Hauts-de-France,32,0
02226,D,F,maison,1968,71.3,293.0,2023-08-19,Hauts-de-France,32,0
02286,D,A,appartement,1969,35.9,161.0,2023-08-20,Hauts-de-France,32,0
59199,D,C,appartement,1969,52.0,218.0,2023-08-20,Hauts-de-France,32,0
59193,E,D,maison,1972,83.0,653.0,2023-08-20,Hauts-de-France,32,0
80165,F,F,maison,1970,183.8,502.0,2023-08-20,Hauts-de-France,32,1
62300,E,E,maison,1975,140.2,385.0,2023-08-21,Hauts-de-France,32,0
80046,E,G,appartement,1968,83.1,370.0,2023-08-21,Hauts-de-France,32,0
62019,E,D,maison,1970,153.6,507.0,2023-08-21,Hauts-de-France,32,0
80245,E,E,maison,1979,65.0,554.0,2023-08-21,Hauts-de-France,32,0
80397,D,D,maison,1994,33.6,319.0,2023-08-22,Hauts-de-France,32,0
80009,F,D,maison,1974,113.6,527.0,2023-08-22,Hauts-de-France,32,1
02352,F,G,appartement,1955,69.5,338.0,2023-08-22,Hauts-de-France,32,1
02317,D,G,appartement,1976,87.0,152.0,2023-08-22,Hauts-de-France,32,0
02134,F,C,appartement,1956,160.5,501.0,2023-08-23,Hauts-de-France,32,1
80277,C,E,maison,2007,93.1,256.0,2023-08-23,Hauts-de-France,32,0
59314,D,F,appartement,1990,80.0,198.0,2023-08-23,Hauts-de-France,32,0
60249,E,C,appartement,1984,50.0,542.0,2023-08-23,Hauts-de-France,32,0
80234,D,F,maison,1986,197.3,172.0,2023-08-24,Hauts-de-France,32,0
62138,D,C,appartement,1985,96.7,324.0,2023-08-24,Hauts-de-France,32,0
02113,D,F,appartement,1973,47.2,246.0,2023-08-24,Hauts-de-France,32,0
02232,D,F,maison,1970,34.0,326.0,2023-08-24,Hauts-de-France,32,0
62087,E,C,maison,1986,149.4,530.0,2023-08-25,Hauts-de-France,32,0
59146,G,E,appartement,1924,64.3,681.0,2023-08-25,Hauts-de-France,32,1
62156,C,C,appartement,2004,137.1,286.0,2023-08-25,Hauts-de-France,32,0
59055,F,F,appartement,1951,33.7,691.0,2023-08-25,Hauts-de-France,32,1
02267,D,C,maison,1969,53.5,189.0,2023-08-26,Hauts-de-France,32,0
59184,C,D,appartement,2018,89.9,157.0,2023-08-26,Hauts-de-France,32,0
60255,C,C,appartement,1994,289.4,175.0,2023-08-26,Hauts-de-France,32,0
60340,D,E,appartement,1994,167.5,328.0,2023-08-26,Hauts-de-France,32,0
62081,C,F,appartement,2007,54.0,282.0,2023-08-27,Hauts-de-France,32,0
60143,F,F,maison,1945,72.1,418.0,2023-08-27,Hauts-de-France,32,1
02204,C,B,appartement,1997,58.5,302.0,2023-08-27,Hauts-de-France,32,0
02002,D,F,maison,1991,43.0,305.0,2023-08-28,Hauts-de-France,32,0
62096,E,F,appartement,1991,90.6,541.0,2023-08-28,Hauts-de-France,32,0
80181,F,D,appartement,1932,68.4,459.0,2023-08-28,Hauts-de-France,32,1
60041,C,G,maison,1987,68.8,259.0,2023-08-28,Hauts-de-France,32,0
59134,A,C,maison,2014,160.7,105.0,2023-08-29,Hauts-de-France,32,0
59156,C,E,maison,1997,55.0,277.0,2023-08-29,Hauts-de-France,32,0
80083,D,G,maison,1965,51.5,206.0,2023-08-29,Hauts-de-France,32,0
02233,G,C,maison,1940,41.1,375.0,2023-08-29,Hauts-de-France,32,1
62166,D,F,appartement,1979,39.3,292.0,2023-08-30,Hauts-de-France,32,0
02111,F,E,appartement,1939,31.3,532.0,2023-08-30,Hauts-de-France,32,1
80064,E,G,appartement,1988,47.5,507.0,2023-08-30,Hauts-de-France,32,0
80245,F,E,appartement,1928,86.3,561.0,2023-08-30,Hauts-de-France,32,1
02067,E,C,maison,1986,102.1,630.0,2023-08-31,Hauts-de-France,32,0
59213,D,F,appartement,1992,68.1,314.0,2023-08-31,Hauts-de-France,32,0
59091,G,E,appartement,1925,22.8,447.0,2023-08-31,Hauts-de-France,32,1
80365,C,D,appartement,1999,50.8,302.0,2023-08-31,Hauts-de-France,32,0
62270,D,D,maison,1976,76.8,314.0,2023-09-01,Hauts-de-France,32,0
59048,D,E,maison,1976,61.6,217.0,2023-09-01,Hauts-de-France,32,0
62371,F,G,maison,1948,68.4,586.0,2023-09-01,Hauts-de-France,32,1
62092,D,F,maison,1977,120.2,239.0,2023-09-01,Hauts-de-France,32,0
59375,E,C,maison,1974,47.0,578.0,2023-09-02,Hauts-de-France,32,0
02095,C,C,appartement,2008,66.1,219.0,2023-09-02,Hauts-de-France,32,0
02088,F,E,maison,1968,107.1,399.0,2023-09-02,Hauts-de-France,32,1
62307,F,E,maison,1929,48.7,341.0,2023-09-02,Hauts-de-France,32,1
02250,G,F,appartement,1947,41.7,646.0,2023-09-03,Hauts-de-France,32,1
59090,F,G,maison,1970,85.4,382.0,2023-09-03,Hauts-de-France,32,1
59218,B,D,maison,2015,125.7,115.0,2023-09-03,Hauts-de-France,32,0
80382,E,D,appartement,1986,29.2,461.0,2023-09-03,Hauts-de-France,32,0
62176,D,F,maison,1986,52.2,179.0,2023-09-04,Hauts-de-France,32,0
62079,E,A,appartement,1976,26.9,671.0,2023-09-04,Hauts-de-France,32,0
59318,D,C,appartement,1984,95.0,157.0,2023-09-04,Hauts-de-France,32,0
60279,C,D,maison,2001,57.4,318.0,2023-09-04,Hauts-de-France,32,0
60350,F,G,appartement,1944,94.1,552.0,2023-09-05,Hauts-de-France,32,1
02337,F,C,appartement,1944,53.5,450.0,2023-09-05,Hauts-de-France,32,1
60075,E,E,appartement,1977,69.2,411.0,2023-09-05,Hauts-de-France,32,0
80296,E,F,maison,1966,83.8,607.0,2023-09-05,Hauts-de-France,32,0
80020,G,F,appartement,1944,38.1,341.0,2023-09-06,Hauts-de-France,32,1
02284,D,D,maison,1982,66.1,199.0,2023-09-06,Hauts-de-France,32,0
60239,A,E,appartement,2013,43.8,69.0,2023-09-06,Hauts-de-France,32,0
62330,F,F,maison,1970,83.6,546.0,2023-09-06,Hauts-de-France,32,1
59298,D,D,maison,1979,33.0,207.0,2023-09-07,Hauts-de-France,32,0
60309,E,F,maison,1993,65.0,674.0,2023-09-07,Hauts-de-France,32,0
02303,F,D,appartement,1933,41.3,512.0,2023-09-07,Hauts-de-France,32,1
60147,G,C,appartement,1970,82.4,592.0,2023-09-08,Hauts-de-France,32,1
60283,B,B,maison,1999,22.8,124.0,2023-09-08,Hauts-de-France,32,0
62169,E,D,maison,1981,60.8,509.0,2023-09-08,Hauts-de-France,32,0
59065,E,E,appartement,1969,52.6,545.0,2023-09-08,Hauts-de-France,32,0
59392,D,G,appartement,1987,75.4,162.0,2023-09-09,Hauts-de-France,32,0
02215,F,F,maison,1943,143.8,490.0,2023-09-09,Hauts-de-France,32,1
02122,F,C,maison,1929,71.2,630.0,2023-09-09,Hauts-de-France,32,1
59140,D,G,maison,1983,182.4,268.0,2023-09-09,Hauts-de-France,32,0
02348,C,B,maison,2001,108.8,291.0,2023-09-10,Hauts-de-France,32,0
02371,D,E,maison,1992,56.2,171.0,2023-09-10,Hauts-de-France,32,0
60149,E,D,appartement,1982,70.4,614.0,2023-09-10,Hauts-de-France,32,0
60325,G,D,maison,1971,111.5,458.0,2023-09-10,Hauts-de-France,32,1
02239,B,C,appartement,2012,31.9,59.0,2023-09-11,Hauts-de-France,32,0
02009,B,F,maison,2018,111.6,137.0,2023-09-11,Hauts-de-France,32,0
60316,F,B,appartement,1928,40.0,566.0,2023-09-11,Hauts-de-France,32,1
60298,G,B,appartement,1932,71.6,661.0,2023-09-11,Hauts-de-France,32,1
59260,G,B,appartement,1943,45.9,650.0,2023-09-12,Hauts-de-France,32,1
62353,G,E,appartement,1921,76.4,673.0,2023-09-12,Hauts-de-France,32,1
02087,F,F,appartement,1936,31.3,480.0,2023-09-12,Hauts-de-France,32,1
02172,F,D,appartement,1936,49.3,666.0,2023-09-12,Hauts-de-France,32,1
62112,D,D,appartement,1980,65.6,222.0,2023-09-13,Hauts-de-France,32,0
59382,E,E,appartement,1969,55.8,444.0,2023-09-13,Hauts-de-France,32,0
59261,E,E,appartement,1976,98.2,516.0,2023-09-13,Hauts-de-France,32,0
59021,E,F,maison,1969,58.5,447.0,2023-09-13,Hauts-de-France,32,0
80262,E,E,appartement,1986,83.8,680.0,2023-09-14,Hauts-de-France,32,0
02371,F,E,appartement,1955,50.4,697.0,2023-09-14,Hauts-de-France,32,1
80031,F,F,appartement,1950,62.7,630.0,2023-09-14,Hauts-de-France,32,1
59095,G,B,appartement,1946,75.5,353.0,2023-09-14,Hauts-de-France,32,1
02034,E,F,maison,1988,203.8,570.0,2023-09-15,Hauts-de-France,32,0
60380,G,D,appartement,1922,79.4,396.0,2023-09-15,Hauts-de-France,32,1
80230,E,E,appartement,1965,89.9,672.0,2023-09-15,Hauts-de-France,32,0
80214,E,E,maison,1988,71.0,478.0,2023-09-15,Hauts-de-France,32,0
60085,G,E,maison,1930,111.0,690.0,2023-09-16,Hauts-de-France,32,1
60200,E,C,maison,1984,26.9,580.0,2023-09-16,Hauts-de-France,32,0
80106,E,C,maison,1985,143.3,648.0,2023-09-16,Hauts-de-France,32,0
59275,B,D,maison,2003,70.6,85.0,2023-09-16,Hauts-de-France,32,0
80130,E,E,appartement,1978,40.2,699.0,2023-09-17,Hauts-de-France,32,0
59313,C,F,maison,2012,46.1,305.0,2023-09-17,Hauts-de-France,32,0
80082,C,E,appartement,2019,123.4,294.0,2023-09-17,Hauts-de-France,32,0
59060,C,D,maison,2007,50.0,324.0,2023-09-18,Hauts-de-France,32,0
80180,B,F,appartement,2005,131.4,66.0,2023-09-18,Hauts-de-France,32,0
02277,C,G,appartement,2009,49.6,160.0,2023-09-18,Hauts-de-France,32,0
80348,D,F,maison,1993,37.1,199.0,2023-09-18,Hauts-de-France,32,0
80099,D,E,immeuble,1970,106.4,281.0,2023-09-19,Hauts-de-France,32,0
80073,F,E,maison,1959,34.8,698.0,2023-09-19,Hauts-de-France,32,1
80256,G,B,appartement,1949,47.4,448.0,2023-09-19,Hauts-de-France,32,1
60174,E,G,appartement,1991,83.8,656.0,2023-09-19,Hauts-de-France,32,0
59032,C,E,maison,1992,65.7,211.0,2023-09-20,Hauts-de-France,32,0
80397,F,C,appartement,1929,52.1,505.0,2023-09-20,Hauts-de-France,32,1
60360,E,F,maison,1972,105.2,356.0,2023-09-20,Hauts-de-France,32,0
80085,D,D,immeuble,1971,43.7,275.0,2023-09-20,Hauts-de-France,32,0
80044,E,F,immeuble,1988,83.4,452.0,2023-09-21,Hauts-de-France,32,0
02171,E,D,maison,1983,55.7,599.0,2023-09-21,Hauts-de-France,32,0
60254,E,F,appartement,1968,64.0,661.0,2023-09-21,Hauts-de-France,32,0
60349,E,F,maison,1976,50.6,356.0,2023-09-21,Hauts-de-France,32,0
60291,E,D,maison,1978,124.2,503.0,2023-09-22,Hauts-de-France,32,0
59253,B,B,appartement,1992,40.7,62.0,2023-09-22,Hauts-de-France,32,0
62235,E,D,maison,1990,128.7,433.0,2023-09-22,Hauts-de-France,32,0
59187,C,G,maison,2014,85.0,237.0,2023-09-22,Hauts-de-France,32,0
80267,G,D,appartement,1940,112.5,349.0,2023-09-23,Hauts-de-France,32,1
02320,F,B,appartement,1922,37.9,697.0,2023-09-23,Hauts-de-France,32,1
80190,F,G,appartement,1968,63.4,605.0,2023-09-23,Hauts-de-France,32,1
80033,F,B,appartement,1941,53.3,378.0,2023-09-23,Hauts-de-France,32,1
80342,E,F,appartement,1989,101.7,633.0,2023-09-24,Hauts-de-France,32,0
60223,F,F,maison,1952,90.9,595.0,2023-09-24,Hauts-de-France,32,1
60100,G,F,maison,1951,70.7,583.0,2023-09-24,Hauts-de-France,32,1
60264,E,C,maison,1970,42.3,422.0,2023-09-24,Hauts-de-France,32,0
62367,C,D,maison,2017,114.5,229.0,2023-09-25,Hauts-de-France,32,0
62058,E,C,appartement,1992,24.2,672.0,2023-09-25,Hauts-de-France,32,0
02033,E,E,appartement,1965,94.3,476.0,2023-09-25,Hauts-de-France,32,0
80347,E,C,maison,1988,41.0,344.0,2023-09-25,Hauts-de-France,32,0
62302,F,D,immeuble,1967,94.4,607.0,2023-09-26,Hauts-de-France,32,1
59028,C,E,maison,1992,126.1,237.0,2023-09-26,Hauts-de-France,32,0
80283,F,E,appartement,1950,58.4,376.0,2023-09-26,Hauts-de-France,32,1
02055,B,E,maison,1991,95.5,61.0,2023-09-26,Hauts-de-France,32,0
60122,D,E,appartement,1991,48.5,268.0,2023-09-27,Hauts-de-France,32,0
80358,E,F,appartement,1975,72.9,604.0,2023-09-27,Hauts-de-France,32,0
02028,F,A,maison,1974,130.5,490.0,2023-09-27,Hauts-de-France,32,1
80030,F,F,appartement,1928,88.3,548.0,2023-09-27,Hauts-de-France,32,1
02188,G,F,maison,1955,66.4,564.0,2023-09-28,Hauts-de-France,32,1
80325,E,F,maison,1988,84.2,631.0,2023-09-28,Hauts-de-France,32,0
02341,E,E,appartement,1966,51.6,616.0,2023-09-28,Hauts-de-France,32,0
62177,D,D,appartement,1969,51.9,270.0,2023-09-29,Hauts-de-France,32,0
62314,F,G,maison,1922,117.0,338.0,2023-09-29,Hauts-de-France,32,1
59031,E,F,appartement,1991,47.8,558.0,2023-09-29,Hauts-de-France,32,0
80162,E,D,appartement,1980,182.8,525.0,2023-09-29,Hauts-de-France,32,0
60072,G,B,appartement,1972,84.3,380.0,2023-09-30,Hauts-de-France,32,1
62394,C,E,maison,1989,95.9,216.0,2023-09-30,Hauts-de-France,32,0
02056,G,D,appartement,1920,97.7,595.0,2023-09-30,Hauts-de-France,32,1
60099,F,G,appartement,1945,32.0,370.0,2023-09-30,Hauts-de-France,32,1
62203,G,D,appartement,1972,96.6,497.0,2023-10-01,Hauts-de-France,32,1
02242,B,G,maison,1997,97.6,75.0,2023-10-01,Hauts-de-France,32,0
62286,D,C,maison,1991,85.3,191.0,2023-10-01,Hauts-de-France,32,0
59235,D,F,appartement,1985,54.4,282.0,2023-10-01,Hauts-de-France,32,0
02072,D,B,immeuble,1974,36.0,245.0,2023-10-02,Hauts-de-France,32,0
02171,E,E,immeuble,1979,60.1,373.0,2023-10-02,Hauts-de-France,32,0
80187,E,E,appartement,1989,67.0,469.0,2023-10-02,Hauts-de-France,32,0
60133,C,D,maison,2014,47.1,274.0,2023-10-02,Hauts-de-France,32,0
59374,F,F,appartement,1966,60.2,514.0,2023-10-03,Hauts-de-France,32,1
02376,D,D,maison,1980,154.8,196.0,2023-10-03,Hauts-de-France,32,0
02059,C,E,maison,2010,53.6,327.0,2023-10-03,Hauts-de-France,32,0
62325,G,E,appartement,1941,123.1,536.0,2023-10-03,Hauts-de-France,32,1
62281,F,C,appartement,1963,38.9,507.0,2023-10-04,Hauts-de-France,32,1
80398,D,E,maison,1984,49.2,156.0,2023-10-04,Hauts-de-France,32,0
60341,E,E,maison,1991,28.9,370.0,2023-10-04,Hauts-de-France,32,0
80285,D,F,maison,1992,23.8,234.0,2023-10-04,Hauts-de-France,32,0
60021,C,D,maison,2009,44.2,329.0,2023-10-05,Hauts-de-France,32,0
62173,G,A,appartement,1959,90.8,636.0,2023-10-05,Hauts-de-France,32,1
59212,G,C,maison,1935,71.6,496.0,2023-10-05,Hauts-de-France,32,1
02075,D,E,appartement,1986,63.5,209.0,2023-10-05,Hauts-de-France,32,0
02289,C,D,appartement,1992,75.8,271.0,2023-10-06,Hauts-de-France,32,0
60126,E,E,appartement,1983,53.3,685.0,2023-10-06,Hauts-de-France,32,0
80161,G,D,appartement,1923,68.9,584.0,2023-10-06,Hauts-de-France,32,1
59025,D,E,maison,1982,65.7,268.0,2023-10-06,Hauts-de-France,32,0
62306,F,D,maison,1946,62.6,607.0,2023-10-07,Hauts-de-France,32,1
80046,C,C,appartement,1989,47.2,256.0,2023-10-07,Hauts-de-France,32,0
80255,E,E,appartement,1983,119.2,420.0,2023-10-07,Hauts-de-France,32,0
62115,C,G,maison,2008,38.5,246.0,2023-10-07,Hauts-de-France,32,0
02249,D,G,appartement,1991,43.3,278.0,2023-10-08,Hauts-de-France,32,0
60191,D,F,maison,1973,67.2,265.0,2023-10-08,Hauts-de-France,32,0
62034,E,F,maison,1968,168.8,607.0,2023-10-08,Hauts-de-France,32,0
62345,F,D,maison,1925,60.6,428.0,2023-10-08,Hauts-de-France,32,1
02388,E,B,appartement,1992,65.1,511.0,2023-10-09,Hauts-de-France,32,0
59263,E,F,appartement,1971,58.5,700.0,2023-10-09,Hauts-de-France,32,0
59183,F,D,appartement,1928,62.1,406.0,2023-10-09,Hauts-de-France,32,1
60152,F,F,maison,1936,84.1,690.0,2023-10-10,Hauts-de-France,32,1
62037,E,B,maison,1984,29.7,342.0,2023-10-10,Hauts-de-France,32,0
80256,F,E,maison,1961,93.7,571.0,2023-10-10,Hauts-de-France,32,1
80325,C,D,appartement,1985,67.1,299.0,2023-10-10,Hauts-de-France,32,0
60260,D,D,maison,1966,59.7,312.0,2023-10-11,Hauts-de-France,32,0
02209,G,E,appartement,1970,92.5,493.0,2023-10-11,Hauts-de-France,32,1
59118,F,D,appartement,1961,109.9,637.0,2023-10-11,Hauts-de-France,32,1
80074,G,G,maison,1958,60.7,651.0,2023-10-11,Hauts-de-France,32,1
62020,G,B,appartement,1941,20.4,469.0,2023-10-12,Hauts-de-France,32,1
02249,E,E,maison,1969,42.8,428.0,2023-10-12,Hauts-de-France,32,0
60058,F,E,appartement,1963,136.4,435.0,2023-10-12,Hauts-de-France,32,1
59048,B,E,maison,2003,100.4,95.0,2023-10-12,Hauts-de-France,32,0
80034,E,E,maison,1981,93.6,337.0,2023-10-13,Hauts-de-France,32,0
60048,G,D,maison,1970,115.6,497.0,2023-10-13,Hauts-de-France,32,1
60246,F,D,maison,1974,105.8,662.0,2023-10-13,Hauts-de-France,32,1
80134,E,F,maison,1979,60.1,549.0,2023-10-13,Hauts-de-France,32,0
60081,F,G,maison,1958,97.4,639.0,2023-10-14,Hauts-de-France,32,1
80325,G,A,maison,1935,55.8,466.0,2023-10-14,Hauts-de-France,32,1
02286,B,E,appartement,2018,32.1,77.0,2023-10-14,Hauts-de-France,32,0
02141,E,F,appartement,1966,104.2,640.0,2023-10-14,Hauts-de-France,32,0
80395,G,G,maison,1937,90.1,534.0,2023-10-15,Hauts-de-France,32,1
60061,G,D,appartement,1943,50.7,629.0,2023-10-15,Hauts-de-France,32,1
59020,F,D,maison,1966,82.2,487.0,2023-10-15,Hauts-de-France,32,1
62249,E,G,maison,1978,38.4,449.0,2023-10-15,Hauts-de-France,32,0
02059,F,E,maison,1944,180.3,339.0,2023-10-16,Hauts-de-France,32,1
02256,F,C,appartement,1935,53.0,607.0,2023-10-16,Hauts-de-France,32,1
60009,F,F,appartement,1956,170.0,425.0,2023-10-16,Hauts-de-France,32,1
02209,E,F,maison,1990,47.9,346.0,2023-10-16,Hauts-de-France,32,0
80295,F,G,appartement,1969,71.5,681.0,2023-10-17,Hauts-de-France,32,1
62051,D,D,appartement,1985,56.7,239.0,2023-10-17,Hauts-de-France,32,0
62054,E,G,maison,1972,83.5,471.0,2023-10-17,Hauts-de-France,32,0
02226,C,D,appartement,2005,25.2,168.0,2023-10-17,Hauts-de-France,32,0
60300,E,C,maison,1985,35.8,494.0,2023-10-18,Hauts-de-France,32,0
80158,C,D,appartement,2006,70.2,185.0,2023-10-18,Hauts-de-France,32,0
60002,G,E,appartement,1948,151.8,377.0,2023-10-18,Hauts-de-France,32,1
59094,F,E,appartement,1948,70.7,535.0,2023-10-18,Hauts-de-France,32,1
60195,F,F,appartement,1939,47.5,434.0,2023-10-19,Hauts-de-France,32,1
02065,D,G,appartement,1990,41.3,322.0,2023-10-19,Hauts-de-France,32,0
02128,F,G,maison,1946,22.7,405.0,2023-10-19,Hauts-de-France,32,1
60185,E,G,maison,1994,128.1,341.0,2023-10-19,Hauts-de-France,32,0
59084,C,C,immeuble,2014,80.6,199.0,2023-10-20,Hauts-de-France,32,0
60368,D,F,maison,1979,60.7,297.0,2023-10-20,Hauts-de-France,32,0
02338,F,C,maison,1927,23.9,476.0,2023-10-20,Hauts-de-France,32,1
62336,C,F,maison,2007,92.2,327.0,2023-10-21,Hauts-de-France,32,0
60323,F,A,appartement,1942,86.4,378.0,2023-10-21,Hauts-de-France,32,1
80013,G,E,appartement,1963,94.0,522.0,2023-10-21,Hauts-de-France,32,1
59072,E,F,appartement,1988,69.9,379.0,2023-10-21,Hauts-de-France,32,0
80293,G,E,maison,1967,19.0,623.0,2023-10-22,Hauts-de-France,32,1
59084,B,D,maison,1994,105.9,109.0,2023-10-22,Hauts-de-France,32,0
62152,A,F,maison,2012,97.9,99.0,2023-10-22,Hauts-de-France,32,0
80027,B,G,appartement,2017,48.1,99.0,2023-10-22,Hauts-de-France,32,0
59113,F,E,appartement,1939,114.5,487.0,2023-10-23,Hauts-de-France,32,1
59184,E,C,appartement,1969,56.0,617.0,2023-10-23,Hauts-de-France,32,0
59066,E,E,maison,1991,43.3,603.0,2023-10-23,Hauts-de-France,32,0
80142,D,G,appartement,1968,86.9,329.0,2023-10-23,Hauts-de-France,32,0
62057,D,D,appartement,1966,51.7,241.0,2023-10-24,Hauts-de-France,32,0
59004,F,G,maison,1954,119.8,435.0,2023-10-24,Hauts-de-France,32,1
02322,F,B,appartement,1969,103.5,523.0,2023-10-24,Hauts-de-France,32,1
80319,A,F,maison,1990,44.6,123.0,2023-10-24,Hauts-de-France,32,0
60244,F,D,maison,1969,49.3,535.0,2023-10-25,Hauts-de-France,32,1
59326,C,G,maison,2000,55.2,305.0,2023-10-25,Hauts-de-France,32,0
80254,D,C,appartement,1993,92.7,309.0,2023-10-25,Hauts-de-France,32,0
02019,F,G,maison,1951,93.2,540.0,2023-10-25,Hauts-de-France,32,1
62211,F,C,appartement,1926,128.0,387.0,2023-10-26,Hauts-de-France,32,1
60216,F,F,appartement,1943,96.9,668.0,2023-10-26,Hauts-de-France,32,1
02174,C,C,appartement,2006,86.9,213.0,2023-10-26,Hauts-de-France,32,0
60103,F,D,appartement,1920,94.8,531.0,2023-10-26,Hauts-de-France,32,1
62014,F,E,maison,1935,34.9,698.0,2023-10-27,Hauts-de-France,32,1
62162,E,D,maison,1967,71.7,603.0,2023-10-27,Hauts-de-France,32,0
80224,F,C,maison,1966,87.1,343.0,2023-10-27,Hauts-de-France,32,1
59376,D,E,appartement,1965,69.6,239.0,2023-10-27,Hauts-de-France,32,0
02363,E,G,appartement,1977,63.8,409.0,2023-10-28,Hauts-de-France,32,0
62303,E,F,maison,1967,73.5,476.0,2023-10-28,Hauts-de-France,32,0
02069,G,C,maison,1922,49.5,608.0,2023-10-28,Hauts-de-France,32,1
60322,G,B,appartement,1937,85.6,653.0,2023-10-28,Hauts-de-France,32,1
62046,F,C,maison,1936,98.6,442.0,2023-10-29,Hauts-de-France,32,1
59184,C,G,appartement,2007,31.5,264.0,2023-10-29,Hauts-de-France,32,0
80345,B,F,maison,1996,83.7,82.0,2023-10-29,Hauts-de-France,32,0
62104,D,D,appartement,1982,45.0,228.0,2023-10-29,Hauts-de-France,32,0
80233,G,D,appartement,1936,162.9,364.0,2023-10-30,Hauts-de-France,32,1
80044,G,E,immeuble,1964,63.3,471.0,2023-10-30,Hauts-de-France,32,1
60254,D,G,appartement,1978,102.6,296.0,2023-10-30,Hauts-de-France,32,0
02326,D,F,appartement,1988,52.8,288.0,2023-10-30,Hauts-de-France,32,0
80014,F,C,maison,1945,159.1,658.0,2023-10-31,Hauts-de-France,32,1
02055,E,F,appartement,1978,57.2,647.0,2023-10-31,Hauts-de-France,32,0
80045,D,F,appartement,1972,76.5,277.0,2023-10-31,Hauts-de-France,32,0
62339,G,F,maison,1934,117.6,671.0,2023-11-01,Hauts-de-France,32,1
02339,E,G,maison,1968,85.7,399.0,2023-11-01,Hauts-de-France,32,0
80391,D,A,maison,1969,92.3,173.0,2023-11-01,Hauts-de-France,32,0
60044,B,D,maison,1988,49.5,136.0,2023-11-01,Hauts-de-France,32,0
80155,C,D,maison,1996,48.8,245.0,2023-11-02,Hauts-de-France,32,0
80081,F,E,maison,1974,25.7,626.0,2023-11-02,Hauts-de-France,32,1
02355,D,E,appartement,1973,93.0,272.0,2023-11-02,Hauts-de-France,32,0
59037,B,E,appartement,2019,102.1,99.0,2023-11-02,Hauts-de-France,32,0
02090,D,F,appartement,1965,43.2,291.0,2023-11-03,Hauts-de-France,32,0
02368,E,C,maison,1984,50.6,558.0,2023-11-03,Hauts-de-France,32,0
80013,C,B,appartement,1994,78.6,259.0,2023-11-03,Hauts-de-France,32,0
62376,F,D,maison,1929,54.1,344.0,2023-11-03,Hauts-de-France,32,1
02351,E,D,appartement,1987,41.2,405.0,2023-11-04,Hauts-de-France,32,0
02185,E,A,appartement,1970,87.1,494.0,2023-11-04,Hauts-de-France,32,0
80058,B,E,maison,1994,72.9,82.0,2023-11-04,Hauts-de-France,32,0
02327,B,E,maison,2006,71.8,131.0,2023-11-04,Hauts-de-France,32,0
02025,G,D,maison,1943,41.7,583.0,2023-11-05,Hauts-de-France,32,1
59086,F,D,appartement,1932,64.8,335.0,2023-11-05,Hauts-de-France,32,1
80156,B,F,maison,2016,52.5,94.0,2023-11-05,Hauts-de-France,32,0
62270,D,B,maison,1979,146.2,160.0,2023-11-05,Hauts-de-France,32,0
60063,E,F,maison,1994,49.5,331.0,2023-11-06,Hauts-de-France,32,0
59045,E,D,maison,1981,80.8,643.0,2023-11-06,Hauts-de-France,32,0
62030,D,C,maison,1965,55.0,323.0,2023-11-06,Hauts-de-France,32,0
60324,F,E,appartement,1950,37.5,588.0,2023-11-06,Hauts-de-France,32,1
60351,G,E,maison,1960,34.2,604.0,2023-11-07,Hauts-de-France,32,1
60393,G,F,maison,1921,55.1,552.0,2023-11-07,Hauts-de-France,32,1
02002,E,G,maison,1972,81.3,397.0,2023-11-07,Hauts-de-France,32,0
59236,D,E,maison,1979,109.5,253.0,2023-11-07,Hauts-de-France,32,0
62280,F,D,immeuble,1933,131.1,518.0,2023-11-08,Hauts-de-France,32,1
02105,F,F,appartement,1940,44.2,450.0,2023-11-08,Hauts-de-France,32,1
02394,F,C,immeuble,1945,88.6,361.0,2023-11-08,Hauts-de-France,32,1
62178,E,G,appartement,1973,79.0,351.0,2023-11-08,Hauts-de-France,32,0
02346,G,C,maison,1952,59.4,511.0,2023-11-09,Hauts-de-France,32,1
59037,F,D,maison,1949,61.8,680.0,2023-11-09,Hauts-de-France,32,1
59238,F,E,appartement,1966,84.9,379.0,2023-11-09,Hauts-de-France,32,1
60230,C,E,appartement,1995,141.0,164.0,2023-11-09,Hauts-de-France,32,0
02100,E,F,maison,1978,25.7,631.0,2023-11-10,Hauts-de-France,32,0
80157,F,F,appartement,1965,73.9,602.0,2023-11-10,Hauts-de-France,32,1
62098,E,E,maison,1994,92.9,365.0,2023-11-10,Hauts-de-France,32,0
80063,D,E,appartement,1977,51.3,266.0,2023-11-10,Hauts-de-France,32,0
59097,E,C,maison,1984,45.6,609.0,2023-11-11,Hauts-de-France,32,0
02117,E,F,appartement,1992,43.4,689.0,2023-11-11,Hauts-de-France,32,0
62159,F,D,maison,1955,181.0,351.0,2023-11-11,Hauts-de-France,32,1
02190,D,E,maison,1973,45.9,156.0,2023-11-12,Hauts-de-France,32,0
02059,F,E,maison,1974,158.1,464.0,2023-11-12,Hauts-de-France,32,1
60183,F,E,maison,1966,52.5,367.0,2023-11-12,Hauts-de-France,32,1
80123,D,D,immeuble,1983,29.8,264.0,2023-11-12,Hauts-de-France,32,0
80016,E,E,maison,1991,104.7,551.0,2023-11-13,Hauts-de-France,32,0
62039,C,D,appartement,2001,48.9,310.0,2023-11-13,Hauts-de-France,32,0
59317,C,D,appartement,2007,93.6,183.0,2023-11-13,Hauts-de-France,32,0
59391,E,F,maison,1972,67.5,429.0,2023-11-13,Hauts-de-France,32,0
59152,D,B,appartement,1966,74.9,230.0,2023-11-14,Hauts-de-France,32,0
59362,D,E,maison,1976,61.8,156.0,2023-11-14,Hauts-de-France,32,0
02088,C,D,maison,2017,38.3,230.0,2023-11-14,Hauts-de-France,32,0
02252,C,D,maison,2018,42.7,198.0,2023-11-14,Hauts-de-France,32,0
59110,G,B,maison,1951,21.5,404.0,2023-11-15,Hauts-de-France,32,1
59001,G,E,maison,1942,159.6,450.0,2023-11-15,Hauts-de-France,32,1
60003,G,E,maison,1926,47.7,473.0,2023-11-15,Hauts-de-France,32,1
62067,D,F,maison,1985,56.9,158.0,2023-11-15,Hauts-de-France,32,0
60273,D,E,maison,1979,78.1,318.0,2023-11-16,Hauts-de-France,32,0
60266,D,C,maison,1974,77.3,175.0,2023-11-16,Hauts-de-France,32,0
02121,F,C,appartement,1970,32.9,643.0,2023-11-16,Hauts-de-France,32,1
02347,B,E,maison,2013,74.1,72.0,2023-11-16,Hauts-de-France,32,0
59366,D,D,maison,1969,74.0,278.0,2023-11-17,Hauts-de-France,32,0
80101,E,D,appartement,1969,108.1,459.0,2023-11-17,Hauts-de-France,32,0
59199,D,E,appartement,1988,37.5,207.0,2023-11-17,Hauts-de-France,32,0
59251,E,D,appartement,1990,108.7,519.0,2023-11-17,Hauts-de-France,32,0
62326,F,F,appartement,1963,99.3,450.0,2023-11-18,Hauts-de-France,32,1
60264,E,A,maison,1993,95.4,514.0,2023-11-18,Hauts-de-France,32,0
80110,G,D,appartement,1929,54.9,590.0,2023-11-18,Hauts-de-France,32,1
60005,F,G,appartement,1940,108.1,372.0,2023-11-18,Hauts-de-France,32,1
59047,C,F,appartement,2013,95.0,253.0,2023-11-19,Hauts-de-France,32,0
60327,F,D,appartement,1930,69.8,435.0,2023-11-19,Hauts-de-France,32,1
80111,F,F,maison,1941,74.5,353.0,2023-11-19,Hauts-de-France,32,1
62239,C,F,appartement,1995,81.7,286.0,2023-11-19,Hauts-de-France,32,0
80330,F,G,maison,1927,48.6,477.0,2023-11-20,Hauts-de-France,32,1
02067,E,D,appartement,1986,37.1,403.0,2023-11-20,Hauts-de-France,32,0
80020,E,C,appartement,1970,223.5,568.0,2023-11-20,Hauts-de-France,32,0
59289,E,E,appartement,1978,56.0,511.0,2023-11-20,Hauts-de-France,32,0
59205,D,D,appartement,1992,77.7,182.0,2023-11-21,Hauts-de-France,32,0
60254,C,E,immeuble,2011,60.0,252.0,2023-11-21,Hauts-de-France,32,0
59164,E,G,maison,1985,92.5,527.0,2023-11-21,Hauts-de-France,32,0
62194,G,E,appartement,1970,43.5,393.0,2023-11-21,Hauts-de-France,32,1
62252,E,D,maison,1972,45.7,613.0,2023-11-22,Hauts-de-France,32,0
02055,F,G,maison,1957,48.2,363.0,2023-11-22,Hauts-de-France,32,1
62155,D,F,maison,1975,52.7,251.0,2023-11-22,Hauts-de-France,32,0
60118,E,D,appartement,1979,40.0,625.0,2023-11-23,Hauts-de-France,32,0
62115,D,A,maison,1969,63.6,208.0,2023-11-23,Hauts-de-France,32,0
60171,C,F,appartement,2000,33.5,199.0,2023-11-23,Hauts-de-France,32,0
62196,B,B,maison,2008,50.4,85.0,2023-11-23,Hauts-de-France,32,0
80347,E,E,maison,1970,71.6,670.0,2023-11-24,Hauts-de-France,32,0
80138,F,F,maison,1923,98.6,650.0,2023-11-24,Hauts-de-France,32,1
02053,F,D,maison,1967,47.9,621.0,2023-11-24,Hauts-de-France,32,1
62288,F,E,maison,1966,162.6,655.0,2023-11-24,Hauts-de-France,32,1
80336,G,E,appartement,1971,79.8,516.0,2023-11-25,Hauts-de-France,32,1
62339,F,G,maison,1950,47.3,370.0,2023-11-25,Hauts-de-France,32,1
80234,D,B,maison,1965,71.7,161.0,2023-11-25,Hauts-de-France,32,0
80224,E,F,appartement,1965,205.0,368.0,2023-11-25,Hauts-de-France,32,0
59057,E,D,appartement,1965,70.9,422.0,2023-11-26,Hauts-de-France,32,0
59226,G,G,appartement,1964,126.4,433.0,2023-11-26,Hauts-de-France,32,1
60277,F,G,appartement,1951,61.0,525.0,2023-11-26,Hauts-de-France,32,1
02111,F,E,maison,1943,66.0,355.0,2023-11-26,Hauts-de-France,32,1
80241,F,D,immeuble,1936,102.7,482.0,2023-11-27,Hauts-de-France,32,1
02066,A,F,appartement,1992,91.7,126.0,2023-11-27,Hauts-de-France,32,0
62084,D,E,appartement,1979,33.8,291.0,2023-11-27,Hauts-de-France,32,0
80080,D,B,appartement,1985,168.1,307.0,2023-11-27,Hauts-de-France,32,0
60043,D,F,maison,1973,50.6,308.0,2023-11-28,Hauts-de-France,32,0
59233,G,D,maison,1938,31.5,491.0,2023-11-28,Hauts-de-France,32,1
80008,D,E,appartement,1986,104.1,224.0,2023-11-28,Hauts-de-France,32,0
62234,A,G,maison,1998,74.5,59.0,2023-11-28,Hauts-de-France,32,0
62267,D,B,appartement,1970,37.6,306.0,2023-11-29,Hauts-de-France,32,0
02244,D,F,maison,1979,61.8,154.0,2023-11-29,Hauts-de-France,32,0
60226,E,G,appartement,1969,154.0,693.0,2023-11-29,Hauts-de-France,32,0
60083,C,F,maison,1988,70.1,240.0,2023-11-29,Hauts-de-France,32,0
02188,G,F,maison,1955,92.8,362.0,2023-11-30,Hauts-de-France,32,1
62295,D,B,maison,1979,43.8,291.0,2023-11-30,Hauts-de-France,32,0
59387,E,D,maison,1980,59.6,398.0,2023-11-30,Hauts-de-France,32,0
80092,F,E,appartement,1965,82.3,392.0,2023-11-30,Hauts-de-France,32,1
59344,F,D,appartement,1943,43.0,545.0,2023-12-01,Hauts-de-France,32,1
80078,D,D,appartement,1966,40.5,191.0,2023-12-01,Hauts-de-France,32,0
60328,F,E,maison,1925,48.3,561.0,2023-12-01,Hauts-de-France,32,1
59304,D,D,maison,1989,55.8,309.0,2023-12-01,Hauts-de-France,32,0
02181,E,D,maison,1983,83.1,512.0,2023-12-02,Hauts-de-France,32,0
59183,D,F,appartement,1983,36.2,269.0,2023-12-02,Hauts-de-France,32,0
62274,G,E,maison,1934,54.8,352.0,2023-12-02,Hauts-de-France,32,1
62253,E,E,appartement,1980,139.8,467.0,2023-12-02,Hauts-de-France,32,0
59329,E,E,maison,1989,59.9,650.0,2023-12-03,Hauts-de-France,32,0
02047,C,E,maison,1988,69.4,210.0,2023-12-03,Hauts-de-France,32,0
80080,D,D,maison,1990,46.1,186.0,2023-12-03,Hauts-de-France,32,0
80239,F,A,immeuble,1932,105.3,383.0,2023-12-04,Hauts-de-France,32,1
60061,E,D,maison,1992,90.2,560.0,2023-12-04,Hauts-de-France,32,0
02043,E,G,appartement,1966,33.7,384.0,2023-12-04,Hauts-de-France,32,0
02330,D,F,appartement,1974,68.5,295.0,2023-12-04,Hauts-de-France,32,0
60049,G,E,maison,1934,86.7,442.0,2023-12-05,Hauts-de-France,32,1
62291,E,B,maison,1985,113.0,675.0,2023-12-05,Hauts-de-France,32,0
02352,E,D,appartement,1988,55.6,582.0,2023-12-05,Hauts-de-France,32,0
59369,G,D,maison,1957,46.8,350.0,2023-12-05,Hauts-de-France,32,1
62351,D,E,appartement,1972,55.5,257.0,2023-12-06,Hauts-de-France,32,0
60254,F,G,maison,1929,47.2,518.0,2023-12-06,Hauts-de-France,32,1
60296,D,A,maison,1990,44.1,156.0,2023-12-06,Hauts-de-France,32,0
80067,D,C,appartement,1974,92.5,329.0,2023-12-06,Hauts-de-France,32,0
59392,C,F,appartement,2015,42.9,304.0,2023-12-07,Hauts-de-France,32,0
60250,E,E,maison,1993,137.0,653.0,2023-12-07,Hauts-de-France,32,0
59038,F,F,maison,1924,68.8,676.0,2023-12-07,Hauts-de-France,32,1
62319,E,F,appartement,1977,82.4,374.0,2023-12-07,Hauts-de-France,32,0
60132,C,D,maison,1992,36.0,324.0,2023-12-08,Hauts-de-France,32,0
02331,D,C,immeuble,1993,35.0,309.0,2023-12-08,Hauts-de-France,32,0
59269,E,D,appartement,1983,37.5,504.0,2023-12-08,Hauts-de-France,32,0
02041,D,D,appartement,1978,121.7,325.0,2023-12-08,Hauts-de-France,32,0
59179,F,E,appartement,1949,59.3,587.0,2023-12-09,Hauts-de-France,32,1
80233,C,E,maison,2000,174.2,286.0,2023-12-09,Hauts-de-France,32,0
02173,E,D,maison,1982,119.3,510.0,2023-12-09,Hauts-de-France,32,0
80212,E,D,appartement,1966,92.0,619.0,2023-12-09,Hauts-de-France,32,0
80062,D,D,maison,1980,102.2,265.0,2023-12-10,Hauts-de-France,32,0
62200,F,E,maison,1937,70.9,642.0,2023-12-10,Hauts-de-France,32,1
60287,B,F,appartement,2004,67.1,61.0,2023-12-10,Hauts-de-France,32,0
02166,C,G,appartement,2002,122.8,201.0,2023-12-10,Hauts-de-France,32,0
02290,F,D,appartement,1926,61.8,349.0,2023-12-11,Hauts-de-France,32,1
02158,F,D,appartement,1938,41.8,671.0,2023-12-11,Hauts-de-France,32,1
02029,F,F,maison,1954,77.2,526.0,2023-12-11,Hauts-de-France,32,1
80357,E,E,maison,1982,149.0,699.0,2023-12-11,Hauts-de-France,32,0
62233,E,C,maison,1984,47.6,676.0,2023-12-12,Hauts-de-France,32,0
59094,D,E,maison,1979,33.6,220.0,2023-12-12,Hauts-de-France,32,0
80160,E,F,maison,1966,53.1,472.0,2023-12-12,Hauts-de-France,32,0
80163,C,F,appartement,2016,158.9,264.0,2023-12-12,Hauts-de-France,32,0
80093,D,F,appartement,1986,53.5,249.0,2023-12-13,Hauts-de-France,32,0
02164,D,D,appartement,1971,61.1,288.0,2023-12-13,Hauts-de-France,32,0
62246,E,G,maison,1987,30.5,632.0,2023-12-13,Hauts-de-France,32,0
02119,C,F,maison,2015,49.0,274.0,2023-12-13,Hauts-de-France,32,0
62264,D,F,appartement,1994,79.1,231.0,2023-12-14,Hauts-de-France,32,0
59182,D,C,appartement,1978,100.8,216.0,2023-12-14,Hauts-de-France,32,0
62173,B,E,maison,1992,126.7,53.0,2023-12-14,Hauts-de-France,32,0
60019,D,C,maison,1981,77.3,330.0,2023-12-15,Hauts-de-France,32,0
59310,B,E,appartement,2017,33.9,136.0,2023-12-15,Hauts-de-France,32,0
80286,D,C,maison,1990,51.3,279.0,2023-12-15,Hauts-de-France,32,0
02065,D,B,maison,1974,47.0,222.0,2023-12-15,Hauts-de-France,32,0
80334,F,F,maison,1961,52.1,539.0,2023-12-16,Hauts-de-France,32,1
59316,G,D,maison,1968,55.3,684.0,2023-12-16,Hauts-de-France,32,1
02225,G,F,appartement,1930,210.4,402.0,2023-12-16,Hauts-de-France,32,1
62097,D,B,maison,1987,54.1,285.0,2023-12-16,Hauts-de-France,32,0
02165,D,E,maison,1990,104.9,302.0,2023-12-17,Hauts-de-France,32,0
60263,F,F,maison,1945,51.1,418.0,2023-12-17,Hauts-de-France,32,1
02322,D,E,maison,1987,47.4,216.0,2023-12-17,Hauts-de-France,32,0
59310,C,F,immeuble,2008,164.5,304.0,2023-12-17,Hauts-de-France,32,0
59120,E,G,appartement,1975,73.4,644.0,2023-12-18,Hauts-de-France,32,0
59286,F,E,maison,1958,24.7,637.0,2023-12-18,Hauts-de-France,32,1
59221,E,F,appartement,1970,52.1,547.0,2023-12-18,Hauts-de-France,32,0
59319,C,G,appartement,1986,28.1,245.0,2023-12-18,Hauts-de-France,32,0
59141,D,E,appartement,1968,48.6,238.0,2023-12-19,Hauts-de-France,32,0
60362,D,B,appartement,1977,73.8,326.0,2023-12-19,Hauts-de-France,32,0
62280,C,F,appartement,2002,20.1,195.0,2023-12-19,Hauts-de-France,32,0
02214,E,F,maison,1983,84.5,399.0,2023-12-19,Hauts-de-France,32,0
60325,F,D,appartement,1951,119.8,687.0,2023-12-20,Hauts-de-France,32,1
02306,F,E,maison,1951,87.2,557.0,2023-12-20,Hauts-de-France,32,1
02024,G,F,appartement,1939,24.8,372.0,2023-12-20,Hauts-de-France,32,1
02124,G,D,maison,1934,34.0,377.0,2023-12-20,Hauts-de-France,32,1
59117,E,D,maison,1979,93.2,509.0,2023-12-21,Hauts-de-France,32,0
80068,D,C,maison,1979,74.4,282.0,2023-12-21,Hauts-de-France,32,0
60350,C,C,appartement,1988,29.0,203.0,2023-12-21,Hauts-de-France,32,0
59027,G,E,appartement,1934,34.2,537.0,2023-12-21,Hauts-de-France,32,1
59306,E,E,immeuble,1985,65.7,400.0,2023-12-22,Hauts-de-France,32,0
60034,E,F,maison,1991,94.3,524.0,2023-12-22,Hauts-de-France,32,0
60018,G,E,maison,1954,224.3,401.0,2023-12-22,Hauts-de-France,32,1
59083,G,E,maison,1972,114.4,649.0,2023-12-22,Hauts-de-France,32,1
02221,E,E,appartement,1982,50.6,546.0,2023-12-23,Hauts-de-France,32,0
60018,G,C,maison,1943,97.5,561.0,2023-12-23,Hauts-de-France,32,1
62367,G,F,appartement,1939,99.7,381.0,2023-12-23,Hauts-de-France,32,1
02179,C,G,maison,2001,134.4,290.0,2023-12-23,Hauts-de-France,32,0
60096,F,E,maison,1964,41.1,591.0,2023-12-24,Hauts-de-France,32,1
62020,G,A,appartement,1923,43.5,470.0,2023-12-24,Hauts-de-France,32,1
60094,D,C,appartement,1976,56.5,254.0,2023-12-24,Hauts-de-France,32,0
62058,E,C,maison,1969,38.2,681.0,2023-12-24,Hauts-de-France,32,0
59064,F,E,maison,1970,63.1,609.0,2023-12-25,Hauts-de-France,32,1
60329,E,G,appartement,1989,41.5,496.0,2023-12-25,Hauts-de-France,32,0
60256,E,E,maison,1974,39.1,575.0,2023-12-25,Hauts-de-France,32,0
80251,G,E,appartement,1956,102.6,646.0,2023-12-26,Hauts-de-France,32,1
02270,C,F,maison,2008,41.3,307.0,2023-12-26,Hauts-de-France,32,0
60240,G,G,maison,1942,48.1,403.0,2023-12-26,Hauts-de-France,32,1
62180,C,F,appartement,1994,106.6,310.0,2023-12-26,Hauts-de-France,32,0
60038,D,G,appartement,1994,60.9,208.0,2023-12-27,Hauts-de-France,32,0
02363,C,E,appartement,2003,61.7,260.0,2023-12-27,Hauts-de-France,32,0
80130,D,D,appartement,1991,42.4,182.0,2023-12-27,Hauts-de-France,32,0
80289,E,D,immeuble,1984,48.8,580.0,2023-12-27,Hauts-de-France,32,0
59353,D,E,appartement,1977,111.5,241.0,2023-12-28,Hauts-de-France,32,0
62074,C,F,appartement,1997,109.2,254.0,2023-12-28,Hauts-de-France,32,0
80152,E,E,appartement,1977,34.3,605.0,2023-12-28,Hauts-de-France,32,0
60204,C,F,appartement,1995,29.7,249.0,2023-12-28,Hauts-de-France,32,0
60050,D,E,maison,1979,72.7,157.0,2023-12-29,Hauts-de-France,32,0
59070,B,E,maison,1999,37.9,80.0,2023-12-29,Hauts-de-France,32,0
02327,D,F,appartement,1965,33.3,189.0,2023-12-29,Hauts-de-France,32,0
59040,F,A,appartement,1950,39.4,401.0,2023-12-29,Hauts-de-France,32,1
59220,F,G,appartement,1948,34.8,484.0,2023-12-30,Hauts-de-France,32,1
62176,G,D,appartement,1931,116.4,664.0,2023-12-30,Hauts-de-France,32,1
59214,D,D,appartement,1969,50.0,303.0,2023-12-30,Hauts-de-France,32,0
02220,E,D,appartement,1978,30.2,423.0,2023-12-30,Hauts-de-France,32,0
60298,G,E,appartement,1958,108.0,510.0,2023-12-31,Hauts-de-France,32,1
02069,D,D,immeuble,1981,89.5,302.0,2023-12-31,Hauts-de-France,32,0
02083,D,C,appartement,1978,32.2,212.0,2023-12-31,Hauts-de-France,32,0
80211,G,G,maison,1967,35.9,679.0,2023-12-31,Hauts-de-France,32,1
62125,F,F,appartement,1962,46.0,572.0,2024-01-01,Hauts-de-France,32,1
62046,E,D,maison,1978,94.0,394.0,2024-01-01,Hauts-de-France,32,0
80108,D,D,appartement,1981,143.5,309.0,2024-01-01,Hauts-de-France,32,0
59089,E,E,appartement,1976,119.6,495.0,2024-01-01,Hauts-de-France,32,0
02291,G,D,appartement,1970,91.0,562.0,2024-01-02,Hauts-de-France,32,1
59379,D,F,maison,1966,69.6,310.0,2024-01-02,Hauts-de-France,32,0
60087,F,E,appartement,1932,85.8,358.0,2024-01-02,Hauts-de-France,32,1
59209,D,F,appartement,1971,42.1,193.0,2024-01-02,Hauts-de-France,32,0
02200,E,B,maison,1988,76.1,398.0,2024-01-03,Hauts-de-France,32,0
62061,E,D,maison,1978,68.9,688.0,2024-01-03,Hauts-de-France,32,0
80087,E,E,appartement,1972,41.1,537.0,2024-01-03,Hauts-de-France,32,0
62140,D,G,maison,1991,51.9,276.0,2024-01-03,Hauts-de-France,32,0
59192,D,E,maison,1970,110.8,239.0,2024-01-04,Hauts-de-France,32,0
59301,A,D,appartement,2004,138.5,117.0,2024-01-04,Hauts-de-France,32,0
80222,D,D,immeuble,1982,97.5,281.0,2024-01-04,Hauts-de-France,32,0
59313,D,E,appartement,1967,110.3,299.0,2024-01-04,Hauts-de-France,32,0
60017,F,C,immeuble,1947,86.2,567.0,2024-01-05,Hauts-de-France,32,1
62240,E,B,appartement,1981,92.6,389.0,2024-01-05,Hauts-de-France,32,0
80107,C,C,appartement,1995,78.0,165.0,2024-01-05,Hauts-de-France,32,0
62296,G,E,maison,1929,54.5,423.0,2024-01-06,Hauts-de-France,32,1
02005,A,F,appartement,1988,50.3,101.0,2024-01-06,Hauts-de-France,32,0
60190,E,D,appartement,1989,28.7,614.0,2024-01-06,Hauts-de-France,32,0
02088,F,D,appartement,1957,134.8,674.0,2024-01-06,Hauts-de-France,32,1
02300,C,E,appartement,2002,177.0,159.0,2024-01-07,Hauts-de-France,32,0
62326,G,C,maison,1943,106.4,509.0,2024-01-07,Hauts-de-France,32,1
60338,F,E,maison,1963,93.1,574.0,2024-01-07,Hauts-de-France,32,1
80243,C,G,appartement,2003,57.5,236.0,2024-01-07,Hauts-de-France,32,0
60029,E,D,appartement,1977,63.3,508.0,2024-01-08,Hauts-de-France,32,0
59062,F,G,maison,1941,35.9,413.0,2024-01-08,Hauts-de-France,32,1
80132,D,B,appartement,1975,37.0,328.0,2024-01-08,Hauts-de-France,32,0
80074,F,D,maison,1964,45.2,647.0,2024-01-08,Hauts-de-France,32,1
60214,D,C,maison,1975,74.0,202.0,2024-01-09,Hauts-de-France,32,0
62152,F,A,maison,1939,38.2,600.0,2024-01-09,Hauts-de-France,32,1
62327,F,A,maison,1960,92.1,440.0,2024-01-09,Hauts-de-France,32,1
62267,D,D,maison,1978,25.1,280.0,2024-01-09,Hauts-de-France,32,0
62056,D,F,appartement,1988,42.4,293.0,2024-01-10,Hauts-de-France,32,0
62029,E,E,appartement,1989,91.2,608.0,2024-01-10,Hauts-de-France,32,0
59207,E,D,maison,1992,175.1,408.0,2024-01-10,Hauts-de-France,32,0
80043,D,D,maison,1968,62.5,223.0,2024-01-10,Hauts-de-France,32,0
80276,E,E,appartement,1981,169.9,471.0,2024-01-11,Hauts-de-France,32,0
02015,E,D,appartement,1986,102.4,639.0,2024-01-11,Hauts-de-France,32,0
80350,E,D,appartement,1970,71.3,345.0,2024-01-11,Hauts-de-France,32,0
62132,F,F,maison,1944,86.0,424.0,2024-01-11,Hauts-de-France,32,1
59051,F,E,maison,1960,68.5,471.0,2024-01-12,Hauts-de-France,32,1
60250,E,F,maison,1974,31.9,621.0,2024-01-12,Hauts-de-France,32,0
60175,C,G,appartement,2017,44.3,242.0,2024-01-12,Hauts-de-France,32,0
60363,D,F,appartement,1969,39.3,277.0,2024-01-12,Hauts-de-France,32,0
59364,D,F,appartement,1969,85.8,274.0,2024-01-13,Hauts-de-France,32,0
80197,D,E,maison,1979,32.5,213.0,2024-01-13,Hauts-de-France,32,0
62370,D,E,maison,1981,54.6,153.0,2024-01-13,Hauts-de-France,32,0
60139,E,B,maison,1970,83.3,566.0,2024-01-13,Hauts-de-France,32,0
60271,F,E,maison,1960,178.6,510.0,2024-01-14,Hauts-de-France,32,1
60227,C,C,maison,1989,73.5,165.0,2024-01-14,Hauts-de-France,32,0
02238,F,B,maison,1924,18.0,542.0,2024-01-14,Hauts-de-France,32,1
59122,D,E,appartement,1976,76.7,215.0,2024-01-14,Hauts-de-France,32,0
60014,G,E,immeuble,1933,38.4,342.0,2024-01-15,Hauts-de-France,32,1
80019,E,F,maison,1972,201.6,503.0,2024-01-15,Hauts-de-France,32,0
80336,C,D,maison,2018,73.3,202.0,2024-01-15,Hauts-de-France,32,0
80075,G,G,maison,1957,37.1,391.0,2024-01-15,Hauts-de-France,32,1
62300,G,C,maison,1957,126.3,398.0,2024-01-16,Hauts-de-France,32,1
80018,F,D,maison,1973,31.6,676.0,2024-01-16,Hauts-de-France,32,1
80054,D,D,maison,1971,39.2,196.0,2024-01-16,Hauts-de-France,32,0
02171,F,C,appartement,1946,238.0,442.0,2024-01-17,Hauts-de-France,32,1
02130,G,E,immeuble,1937,139.9,607.0,2024-01-17,Hauts-de-France,32,1
62385,E,F,maison,1982,45.4,673.0,2024-01-17,Hauts-de-France,32,0
62312,E,F,maison,1987,63.6,473.0,2024-01-17,Hauts-de-France,32,0
80187,E,E,immeuble,1991,88.6,665.0,2024-01-18,Hauts-de-France,32,0
59306,D,C,maison,1991,172.9,225.0,2024-01-18,Hauts-de-France,32,0
60369,D,D,immeuble,1983,53.7,208.0,2024-01-18,Hauts-de-France,32,0
80148,F,E,maison,1945,80.5,547.0,2024-01-18,Hauts-de-France,32,1
02119,E,E,maison,1974,72.9,578.0,2024-01-19,Hauts-de-France,32,0
02285,E,E,maison,1978,47.9,387.0,2024-01-19,Hauts-de-France,32,0
59358,D,F,maison,1970,44.4,246.0,2024-01-19,Hauts-de-France,32,0
60276,G,F,appartement,1927,18.0,446.0,2024-01-19,Hauts-de-France,32,1
02320,E,E,immeuble,1986,51.2,642.0,2024-01-20,Hauts-de-France,32,0
60025,D,F,immeuble,1982,68.0,257.0,2024-01-20,Hauts-de-France,32,0
80099,F,G,maison,1972,110.6,689.0,2024-01-20,Hauts-de-France,32,1
02206,C,F,appartement,2006,123.1,266.0,2024-01-20,Hauts-de-France,32,0
59396,E,D,maison,1989,114.8,659.0,2024-01-21,Hauts-de-France,32,0
02053,E,G,maison,1994,122.7,652.0,2024-01-21,Hauts-de-France,32,0
59151,D,E,appartement,1983,107.0,237.0,2024-01-21,Hauts-de-France,32,0
02112,E,E,maison,1971,92.0,528.0,2024-01-21,Hauts-de-France,32,0
02284,E,F,appartement,1983,151.7,396.0,2024-01-22,Hauts-de-France,32,0
62140,G,D,appartement,1928,64.3,389.0,2024-01-22,Hauts-de-France,32,1
80312,E,F,maison,1976,70.5,464.0,2024-01-22,Hauts-de-France,32,0
59044,E,D,appartement,1979,59.3,644.0,2024-01-22,Hauts-de-France,32,0
62282,F,A,immeuble,1962,59.7,604.0,2024-01-23,Hauts-de-France,32,1
02234,D,C,maison,1972,78.6,248.0,2024-01-23,Hauts-de-France,32,0
60387,D,F,maison,1987,51.6,299.0,2024-01-23,Hauts-de-France,32,0
59193,D,G,maison,1979,86.6,284.0,2024-01-23,Hauts-de-France,32,0
59126,E,G,appartement,1972,88.5,575.0,2024-01-24,Hauts-de-France,32,0
59211,C,C,appartement,2006,32.4,243.0,2024-01-24,Hauts-de-France,32,0
62157,C,G,immeuble,1993,52.1,184.0,2024-01-24,Hauts-de-France,32,0
60286,E,E,appartement,1983,55.1,523.0,2024-01-24,Hauts-de-France,32,0
59053,E,C,maison,1973,61.9,629.0,2024-01-25,Hauts-de-France,32,0
62280,E,G,maison,1977,69.6,516.0,2024-01-25,Hauts-de-France,32,0
60165,D,E,immeuble,1976,82.1,228.0,2024-01-25,Hauts-de-France,32,0
62312,B,E,maison,1997,80.4,147.0,2024-01-25,Hauts-de-France,32,0
80005,D,E,maison,1988,111.0,265.0,2024-01-26,Hauts-de-France,32,0
02368,D,D,maison,1982,58.0,193.0,2024-01-26,Hauts-de-France,32,0
62066,D,D,appartement,1969,101.6,257.0,2024-01-26,Hauts-de-France,32,0
60239,C,D,maison,2008,108.3,318.0,2024-01-26,Hauts-de-France,32,0
80223,C,C,appartement,1988,116.2,309.0,2024-01-27,Hauts-de-France,32,0
62142,E,F,maison,1987,37.9,656.0,2024-01-27,Hauts-de-France,32,0
80091,B,B,appartement,2019,147.2,102.0,2024-01-27,Hauts-de-France,32,0
80196,F,G,appartement,1924,120.3,657.0,2024-01-28,Hauts-de-France,32,1
62316,A,C,appartement,2019,52.6,96.0,2024-01-28,Hauts-de-France,32,0
62107,F,C,maison,1931,55.0,372.0,2024-01-28,Hauts-de-France,32,1
60235,D,F,maison,1986,34.3,220.0,2024-01-28,Hauts-de-France,32,0
59277,E,E,maison,1979,46.7,354.0,2024-01-29,Hauts-de-France,32,0
02329,G,F,appartement,1924,107.8,670.0,2024-01-29,Hauts-de-France,32,1
59388,F,E,appartement,1950,71.5,559.0,2024-01-29,Hauts-de-France,32,1
62244,G,C,maison,1941,66.1,379.0,2024-01-29,Hauts-de-France,32,1
60227,G,F,appartement,1972,82.3,516.0,2024-01-30,Hauts-de-France,32,1
02314,C,F,maison,2008,32.4,307.0,2024-01-30,Hauts-de-France,32,0
62370,F,F,appartement,1954,29.9,438.0,2024-01-30,Hauts-de-France,32,1
59247,E,C,immeuble,1981,121.3,498.0,2024-01-30,Hauts-de-France,32,0
60122,G,D,appartement,1936,59.9,694.0,2024-01-31,Hauts-de-France,32,1
62117,D,B,immeuble,1990,141.7,208.0,2024-01-31,Hauts-de-France,32,0
59163,E,D,appartement,1971,24.1,511.0,2024-01-31,Hauts-de-France,32,0
59282,C,E,maison,2018,90.2,215.0,2024-01-31,Hauts-de-France,32,0
60243,G,B,appartement,1948,92.2,360.0,2024-02-01,Hauts-de-France,32,1
02391,E,C,maison,1972,70.2,392.0,2024-02-01,Hauts-de-France,32,0
62384,G,E,maison,1956,194.7,668.0,2024-02-01,Hauts-de-France,32,1
59170,D,G,maison,1967,50.9,243.0,2024-02-01,Hauts-de-France,32,0
02329,G,D,maison,1921,82.0,548.0,2024-02-02,Hauts-de-France,32,1
02317,C,D,maison,1986,39.8,221.0,2024-02-02,Hauts-de-France,32,0
02359,D,F,appartement,1992,291.9,200.0,2024-02-02,Hauts-de-France,32,0
80232,F,E,appartement,1948,99.0,370.0,2024-02-02,Hauts-de-France,32,1
62286,B,G,maison,1988,97.3,64.0,2024-02-03,Hauts-de-France,32,0
59031,E,G,appartement,1975,53.1,371.0,2024-02-03,Hauts-de-France,32,0
80069,E,E,appartement,1971,99.1,585.0,2024-02-03,Hauts-de-France,32,0
60268,F,E,appartement,1956,55.2,556.0,2024-02-03,Hauts-de-France,32,1
59117,F,E,maison,1939,29.1,586.0,2024-02-04,Hauts-de-France,32,1
62265,F,D,maison,1944,199.0,371.0,2024-02-04,Hauts-de-France,32,1
59370,F,B,maison,1972,31.6,380.0,2024-02-04,Hauts-de-France,32,1
60379,G,D,maison,1974,63.6,592.0,2024-02-04,Hauts-de-France,32,1
02069,F,C,maison,1949,291.4,608.0,2024-02-05,Hauts-de-France,32,1
59209,E,D,maison,1984,39.0,511.0,2024-02-05,Hauts-de-France,32,0
59052,E,G,appartement,1990,97.2,658.0,2024-02-05,Hauts-de-France,32,0
59296,G,G,appartement,1935,43.8,465.0,2024-02-05,Hauts-de-France,32,1
59282,D,F,maison,1989,67.1,231.0,2024-02-06,Hauts-de-France,32,0
60375,G,D,appartement,1949,61.7,690.0,2024-02-06,Hauts-de-France,32,1
60392,B,C,appartement,1999,124.5,67.0,2024-02-06,Hauts-de-France,32,0
59276,F,C,maison,1965,50.6,580.0,2024-02-06,Hauts-de-France,32,1
59119,D,D,appartement,1969,68.5,285.0,2024-02-07,Hauts-de-France,32,0
02077,B,B,maison,2013,68.1,146.0,2024-02-07,Hauts-de-France,32,0
59065,D,E,maison,1993,46.0,258.0,2024-02-07,Hauts-de-France,32,0
62128,B,C,immeuble,1986,82.4,69.0,2024-02-08,Hauts-de-France,32,0
80093,C,F,appartement,1989,109.7,226.0,2024-02-08,Hauts-de-France,32,0
02066,F,F,appartement,1930,115.3,580.0,2024-02-08,Hauts-de-France,32,1
60330,F,D,appartement,1959,125.1,586.0,2024-02-08,Hauts-de-France,32,1
60171,C,D,appartement,2017,69.0,299.0,2024-02-09,Hauts-de-France,32,0
02114,C,F,maison,2012,134.1,153.0,2024-02-09,Hauts-de-France,32,0
02089,F,E,appartement,1959,159.9,575.0,2024-02-09,Hauts-de-France,32,1
62057,D,C,appartement,1980,61.2,318.0,2024-02-09,Hauts-de-France,32,0
59315,D,F,appartement,1989,104.6,267.0,2024-02-10,Hauts-de-France,32,0
60293,B,E,appartement,2004,47.3,115.0,2024-02-10,Hauts-de-France,32,0
59112,D,C,appartement,1973,41.1,276.0,2024-02-10,Hauts-de-France,32,0
80319,G,E,maison,1940,101.9,686.0,2024-02-10,Hauts-de-France,32,1
02181,D,F,maison,1985,37.8,325.0,2024-02-11,Hauts-de-France,32,0
62123,A,C,immeuble,2014,53.9,108.0,2024-02-11,Hauts-de-France,32,0
62117,D,E,appartement,1970,120.8,259.0,2024-02-11,Hauts-de-France,32,0
62275,E,C,appartement,1991,72.6,411.0,2024-02-11,Hauts-de-France,32,0
60234,E,E,appartement,1984,37.1,483.0,2024-02-12,Hauts-de-France,32,0
59358,C,F,maison,2007,42.5,325.0,2024-02-12,Hauts-de-France,32,0
62316,D,B,maison,1984,55.4,263.0,2024-02-12,Hauts-de-France,32,0
59290,G,E,appartement,1963,88.7,544.0,2024-02-12,Hauts-de-France,32,1
62352,E,B,maison,1981,43.5,524.0,2024-02-13,Hauts-de-France,32,0
60294,F,D,maison,1940,63.8,501.0,2024-02-13,Hauts-de-France,32,1
62006,E,E,maison,1982,123.9,625.0,2024-02-13,Hauts-de-France,32,0
60090,E,E,appartement,1993,59.8,398.0,2024-02-13,Hauts-de-France,32,0
02351,C,F,appartement,2008,141.0,172.0,2024-02-14,Hauts-de-France,32,0
62114,C,A,appartement,1990,78.9,192.0,2024-02-14,Hauts-de-France,32,0
80268,B,A,maison,1993,110.6,139.0,2024-02-14,Hauts-de-France,32,0
60122,C,D,maison,2004,60.4,316.0,2024-02-14,Hauts-de-France,32,0
02283,G,C,appartement,1964,67.3,385.0,2024-02-15,Hauts-de-France,32,1
59055,F,E,maison,1931,63.7,575.0,2024-02-15,Hauts-de-France,32,1
80193,F,B,maison,1952,62.5,544.0,2024-02-15,Hauts-de-France,32,1
62206,E,E,maison,1975,55.3,641.0,2024-02-15,Hauts-de-France,32,0
60180,D,E,appartement,1971,62.3,242.0,2024-02-16,Hauts-de-France,32,0
59297,B,F,maison,2005,28.3,95.0,2024-02-16,Hauts-de-France,32,0
02319,G,D,maison,1950,42.0,423.0,2024-02-16,Hauts-de-France,32,1
59364,D,D,maison,1979,81.5,231.0,2024-02-16,Hauts-de-France,32,0
59106,F,D,appartement,1940,35.2,375.0,2024-02-17,Hauts-de-France,32,1
60398,D,C,appartement,1981,157.0,240.0,2024-02-17,Hauts-de-France,32,0
62206,E,E,maison,1974,128.8,680.0,2024-02-17,Hauts-de-France,32,0
59069,D,G,maison,1985,44.1,321.0,2024-02-18,Hauts-de-France,32,0
60137,F,F,appartement,1958,45.6,586.0,2024-02-18,Hauts-de-France,32,1
80224,D,F,maison,1965,45.0,300.0,2024-02-18,Hauts-de-France,32,0
59104,G,G,appartement,1955,107.8,689.0,2024-02-18,Hauts-de-France,32,1
59028,D,D,appartement,1969,99.3,223.0,2024-02-19,Hauts-de-France,32,0
60368,G,E,maison,1950,100.7,390.0,2024-02-19,Hauts-de-France,32,1
80070,E,E,immeuble,1988,43.5,345.0,2024-02-19,Hauts-de-France,32,0
59349,F,D,maison,1972,50.2,396.0,2024-02-19,Hauts-de-France,32,1
59080,D,D,appartement,1966,63.7,315.0,2024-02-20,Hauts-de-France,32,0
59023,D,G,appartement,1978,62.1,185.0,2024-02-20,Hauts-de-France,32,0
62259,F,D,maison,1945,19.9,595.0,2024-02-20,Hauts-de-France,32,1
02384,E,E,maison,1991,98.2,399.0,2024-02-20,Hauts-de-France,32,0
59236,F,A,appartement,1945,70.8,545.0,2024-02-21,Hauts-de-France,32,1
59004,G,E,maison,1938,45.3,551.0,2024-02-21,Hauts-de-France,32,1
59300,E,F,maison,1970,59.2,488.0,2024-02-21,Hauts-de-France,32,0
59150,G,B,appartement,1943,87.6,404.0,2024-02-21,Hauts-de-France,32,1
62108,E,F,appartement,1988,51.4,664.0,2024-02-22,Hauts-de-France,32,0
60110,D,E,maison,1968,80.1,177.0,2024-02-22,Hauts-de-France,32,0
59001,D,F,maison,1971,70.5,217.0,2024-02-22,Hauts-de-France,32,0
80134,D,F,maison,1994,31.3,152.0,2024-02-22,Hauts-de-France,32,0
02149,C,E,appartement,2002,47.0,285.0,2024-02-23,Hauts-de-France,32,0
60005,E,C,maison,1967,100.8,465.0,2024-02-23,Hauts-de-France,32,0
60331,E,F,maison,1969,91.0,392.0,2024-02-23,Hauts-de-France,32,0
80360,F,F,appartement,1950,34.4,581.0,2024-02-23,Hauts-de-France,32,1
80099,E,B,appartement,1980,85.6,424.0,2024-02-24,Hauts-de-France,32,0
60383,G,D,appartement,1964,86.7,607.0,2024-02-24,Hauts-de-France,32,1
60023,D,E,maison,1990,93.7,280.0,2024-02-24,Hauts-de-France,32,0
02350,F,E,appartement,1937,73.0,497.0,2024-02-24,Hauts-de-France,32,1
80008,C,E,maison,2014,111.2,167.0,2024-02-25,Hauts-de-France,32,0
80253,F,A,appartement,1933,49.9,337.0,2024-02-25,Hauts-de-France,32,1
59266,G,E,maison,1940,57.3,459.0,2024-02-25,Hauts-de-France,32,1
80193,D,D,immeuble,1974,90.5,225.0,2024-02-25,Hauts-de-France,32,0
02081,G,D,maison,1946,58.9,643.0,2024-02-26,Hauts-de-France,32,1
59240,E,D,appartement,1967,56.9,610.0,2024-02-26,Hauts-de-France,32,0
60065,F,F,appartement,1947,49.0,541.0,2024-02-26,Hauts-de-France,32,1
80235,E,E,appartement,1986,27.5,585.0,2024-02-26,Hauts-de-France,32,0
59170,C,E,appartement,2017,52.9,159.0,2024-02-27,Hauts-de-France,32,0
62014,G,F,maison,1972,160.1,666.0,2024-02-27,Hauts-de-France,32,1
60254,D,F,appartement,1967,56.7,312.0,2024-02-27,Hauts-de-France,32,0
60040,C,D,appartement,2004,46.5,155.0,2024-02-27,Hauts-de-France,32,0
02071,G,G,maison,1943,140.0,674.0,2024-02-28,Hauts-de-France,32,1
02174,D,D,maison,1974,66.5,308.0,2024-02-28,Hauts-de-France,32,0
02311,E,G,appartement,1982,136.1,404.0,2024-02-28,Hauts-de-France,32,0
02039,C,E,maison,1995,26.8,319.0,2024-02-29,Hauts-de-France,32,0
60001,F,E,maison,1952,77.4,691.0,2024-02-29,Hauts-de-France,32,1
59078,F,G,appartement,1945,70.1,631.0,2024-02-29,Hauts-de-France,32,1
59175,F,E,appartement,1939,93.3,670.0,2024-02-29,Hauts-de-France,32,1
80221,C,D,appartement,1990,49.1,292.0,2024-03-01,Hauts-de-France,32,0
02228,G,F,maison,1937,64.2,690.0,2024-03-01,Hauts-de-France,32,1
60272,G,F,appartement,1968,29.6,621.0,2024-03-01,Hauts-de-France,32,1
62305,D,D,appartement,1965,77.4,185.0,2024-03-01,Hauts-de-France,32,0
60267,E,D,maison,1978,79.0,336.0,2024-03-02,Hauts-de-France,32,0
80153,B,D,appartement,1989,56.6,148.0,2024-03-02,Hauts-de-France,32,0
62062,E,E,maison,1981,31.9,676.0,2024-03-02,Hauts-de-France,32,0
59048,F,F,immeuble,1960,100.8,652.0,2024-03-02,Hauts-de-France,32,1
62396,D,G,maison,1974,47.2,188.0,2024-03-03,Hauts-de-France,32,0
80341,F,B,appartement,1969,40.3,347.0,2024-03-03,Hauts-de-France,32,1
80269,G,E,maison,1928,157.2,567.0,2024-03-03,Hauts-de-France,32,1
80029,C,E,maison,1995,73.0,186.0,2024-03-03,Hauts-de-France,32,0
59212,G,B,maison,1949,114.0,645.0,2024-03-04,Hauts-de-France,32,1
80315,E,B,maison,1994,55.8,457.0,2024-03-04,Hauts-de-France,32,0
80114,D,B,maison,1982,70.1,273.0,2024-03-04,Hauts-de-France,32,0
60244,D,E,appartement,1986,68.2,248.0,2024-03-04,Hauts-de-France,32,0
59368,B,E,appartement,2007,52.2,123.0,2024-03-05,Hauts-de-France,32,0
62188,D,A,appartement,1987,108.8,215.0,2024-03-05,Hauts-de-France,32,0
59366,E,D,maison,1992,63.1,454.0,2024-03-05,Hauts-de-France,32,0
80008,D,E,appartement,1987,92.8,174.0,2024-03-05,Hauts-de-France,32,0
59060,E,E,maison,1992,72.9,599.0,2024-03-06,Hauts-de-France,32,0
80280,B,E,immeuble,2008,52.0,132.0,2024-03-06,Hauts-de-France,32,0
62091,G,D,maison,1934,102.3,607.0,2024-03-06,Hauts-de-France,32,1
80059,C,F,appartement,1985,181.3,288.0,2024-03-06,Hauts-de-France,32,0
59147,G,E,appartement,1940,47.5,384.0,2024-03-07,Hauts-de-France,32,1
80356,G,E,appartement,1951,96.4,558.0,2024-03-07,Hauts-de-France,32,1
60196,F,E,maison,1922,228.4,481.0,2024-03-07,Hauts-de-France,32,1
60107,E,D,appartement,1980,34.6,577.0,2024-03-07,Hauts-de-France,32,0
59197,F,B,maison,1951,53.7,392.0,2024-03-08,Hauts-de-France,32,1
60218,E,E,maison,1994,96.2,516.0,2024-03-08,Hauts-de-France,32,0
80038,D,G,maison,1984,27.1,173.0,2024-03-08,Hauts-de-France,32,0
59137,G,E,appartement,1969,71.8,481.0,2024-03-08,Hauts-de-France,32,1
80120,G,E,appartement,1953,105.3,435.0,2024-03-09,Hauts-de-France,32,1
60074,D,F,maison,1988,97.0,168.0,2024-03-09,Hauts-de-France,32,0
80207,C,F,appartement,1997,56.9,257.0,2024-03-09,Hauts-de-France,32,0
59117,E,E,maison,1965,66.7,617.0,2024-03-09,Hauts-de-France,32,0
80237,E,F,maison,1979,73.6,461.0,2024-03-10,Hauts-de-France,32,0
02016,G,F,maison,1959,86.3,371.0,2024-03-10,Hauts-de-France,32,1
02035,B,D,appartement,2019,34.7,112.0,2024-03-10,Hauts-de-France,32,0
02320,D,D,maison,1980,36.3,280.0,2024-03-11,Hauts-de-France,32,0
02135,F,D,maison,1920,137.6,633.0,2024-03-11,Hauts-de-France,32,1
02398,D,F,appartement,1971,67.0,219.0,2024-03-11,Hauts-de-France,32,0
60304,G,E,appartement,1958,40.7,590.0,2024-03-11,Hauts-de-France,32,1
02221,D,C,appartement,1974,53.6,228.0,2024-03-12,Hauts-de-France,32,0
80047,D,E,maison,1976,109.7,301.0,2024-03-12,Hauts-de-France,32,0
62305,F,C,maison,1926,90.2,397.0,2024-03-12,Hauts-de-France,32,1
59053,E,E,maison,1975,42.0,426.0,2024-03-12,Hauts-de-France,32,0
62297,D,D,maison,1987,57.9,288.0,2024-03-13,Hauts-de-France,32,0
60286,G,D,appartement,1934,58.1,435.0,2024-03-13,Hauts-de-France,32,1
02192,D,E,appartement,1978,23.4,190.0,2024-03-13,Hauts-de-France,32,0
60098,D,F,maison,1987,109.6,308.0,2024-03-13,Hauts-de-France,32,0
59052,E,F,maison,1970,22.4,652.0,2024-03-14,Hauts-de-France,32,0
60238,E,D,immeuble,1986,67.5,607.0,2024-03-14,Hauts-de-France,32,0
60170,E,E,maison,1980,116.6,619.0,2024-03-14,Hauts-de-France,32,0
59199,F,C,immeuble,1973,96.6,559.0,2024-03-14,Hauts-de-France,32,1
80131,G,F,immeuble,1974,37.6,513.0,2024-03-15,Hauts-de-France,32,1
60349,B,D,appartement,1996,170.1,57.0,2024-03-15,Hauts-de-France,32,0
02084,C,D,appartement,2009,44.4,246.0,2024-03-15,Hauts-de-France,32,0
60084,E,F,maison,1978,48.4,463.0,2024-03-15,Hauts-de-France,32,0
62335,F,C,maison,1942,75.6,595.0,2024-03-16,Hauts-de-France,32,1
59345,G,D,maison,1974,51.0,638.0,2024-03-16,Hauts-de-France,32,1
80022,F,D,appartement,1968,71.1,568.0,2024-03-16,Hauts-de-France,32,1
59136,F,D,maison,1951,112.0,500.0,2024-03-16,Hauts-de-France,32,1
60187,E,F,maison,1983,95.6,657.0,2024-03-17,Hauts-de-France,32,0
02295,E,G,appartement,1983,63.4,457.0,2024-03-17,Hauts-de-France,32,0
80219,G,F,appartement,1937,90.6,530.0,2024-03-17,Hauts-de-France,32,1
59390,G,D,maison,1973,111.5,694.0,2024-03-17,Hauts-de-France,32,1
59313,B,F,maison,2009,148.3,88.0,2024-03-18,Hauts-de-France,32,0
80277,E,E,appartement,1971,55.4,660.0,2024-03-18,Hauts-de-France,32,0
59263,E,E,maison,1980,72.1,446.0,2024-03-18,Hauts-de-France,32,0
62024,D,E,appartement,1971,105.9,297.0,2024-03-18,Hauts-de-France,32,0
02044,E,F,maison,1986,146.7,532.0,2024-03-19,Hauts-de-France,32,0
62335,E,C,appartement,1970,29.1,505.0,2024-03-19,Hauts-de-France,32,0
59113,D,C,appartement,1980,74.2,290.0,2024-03-19,Hauts-de-France,32,0
62259,A,E,appartement,2002,45.9,63.0,2024-03-19,Hauts-de-France,32,0
02129,F,F,maison,1966,66.6,333.0,2024-03-20,Hauts-de-France,32,1
02279,D,F,maison,1991,38.3,191.0,2024-03-20,Hauts-de-France,32,0
59197,B,G,maison,2011,120.5,56.0,2024-03-20,Hauts-de-France,32,0
62093,C,D,appartement,2001,77.8,278.0,2024-03-20,Hauts-de-France,32,0
80265,A,B,maison,2017,134.7,150.0,2024-03-21,Hauts-de-France,32,0
80050,D,C,appartement,1966,88.3,186.0,2024-03-21,Hauts-de-France,32,0
60210,F,F,immeuble,1939,93.8,574.0,2024-03-21,Hauts-de-France,32,1
59010,F,E,immeuble,1942,66.8,341.0,2024-03-22,Hauts-de-France,32,1
80314,C,E,maison,1993,96.2,285.0,2024-03-22,Hauts-de-France,32,0
80366,F,F,maison,1957,95.7,621.0,2024-03-22,Hauts-de-France,32,1
59009,D,F,immeuble,1993,90.4,220.0,2024-03-22,Hauts-de-France,32,0
02252,E,C,appartement,1983,62.2,643.0,2024-03-23,Hauts-de-France,32,0
60035,D,E,maison,1981,56.5,221.0,2024-03-23,Hauts-de-France,32,0
80100,B,D,maison,2003,57.1,71.0,2024-03-23,Hauts-de-France,32,0
59012,E,G,maison,1970,31.6,393.0,2024-03-23,Hauts-de-France,32,0
59387,D,G,maison,1994,48.7,274.0,2024-03-24,Hauts-de-France,32,0
60236,E,E,maison,1979,67.2,462.0,2024-03-24,Hauts-de-France,32,0
62298,B,B,maison,2012,20.8,57.0,2024-03-24,Hauts-de-France,32,0
59144,F,C,appartement,1971,89.6,350.0,2024-03-24,Hauts-de-France,32,1
62232,G,C,appartement,1944,99.9,333.0,2024-03-25,Hauts-de-France,32,1
62041,F,D,immeuble,1971,41.6,669.0,2024-03-25,Hauts-de-France,32,1
59181,C,B,appartement,2011,104.1,187.0,2024-03-25,Hauts-de-France,32,0
02127,G,G,appartement,1947,71.0,685.0,2024-03-25,Hauts-de-France,32,1
02137,B,G,maison,1997,92.9,139.0,2024-03-26,Hauts-de-France,32,0
59126,E,D,appartement,1979,78.7,486.0,2024-03-26,Hauts-de-France,32,0
60325,G,D,maison,1939,83.7,491.0,2024-03-26,Hauts-de-France,32,1
59380,C,C,appartement,1985,134.3,254.0,2024-03-26,Hauts-de-France,32,0
60203,F,F,appartement,1945,59.7,341.0,2024-03-27,Hauts-de-France,32,1
60230,F,E,appartement,1939,102.9,627.0,2024-03-27,Hauts-de-France,32,1
59389,G,E,maison,1972,51.3,612.0,2024-03-27,Hauts-de-France,32,1
60093,D,D,maison,1990,59.0,304.0,2024-03-27,Hauts-de-France,32,0
80089,D,G,immeuble,1988,61.8,285.0,2024-03-28,Hauts-de-France,32,0
59160,B,G,maison,2010,103.5,67.0,2024-03-28,Hauts-de-France,32,0
59333,A,E,maison,1999,37.2,140.0,2024-03-28,Hauts-de-France,32,0
59354,C,E,appartement,2013,21.8,317.0,2024-03-28,Hauts-de-France,32,0
80345,F,C,maison,1950,47.1,499.0,2024-03-29,Hauts-de-France,32,1
62221,F,E,maison,1922,40.2,663.0,2024-03-29,Hauts-de-France,32,1
60076,D,C,maison,1971,55.7,254.0,2024-03-29,Hauts-de-France,32,0
80179,D,E,immeuble,1973,58.5,286.0,2024-03-29,Hauts-de-France,32,0
80173,E,D,appartement,1987,48.9,335.0,2024-03-30,Hauts-de-France,32,0
60218,F,C,maison,1945,32.5,608.0,2024-03-30,Hauts-de-France,32,1
02019,E,E,appartement,1974,82.2,593.0,2024-03-30,Hauts-de-France,32,0
60267,F,G,appartement,1938,149.5,663.0,2024-03-30,Hauts-de-France,32,1
62083,F,G,maison,1963,77.7,632.0,2024-03-31,Hauts-de-France,32,1
59142,G,G,appartement,1956,59.2,631.0,2024-03-31,Hauts-de-France,32,1
80098,F,E,appartement,1970,21.5,348.0,2024-03-31,Hauts-de-France,32,1
80041,D,C,maison,1992,112.4,293.0,2024-03-31,Hauts-de-France,32,0
02373,G,E,appartement,1949,85.2,553.0,2024-04-01,Hauts-de-France,32,1
62191,B,D,appartement,2014,60.5,145.0,2024-04-01,Hauts-de-France,32,0
02202,C,E,maison,2006,27.5,159.0,2024-04-01,Hauts-de-France,32,0
80359,E,F,maison,1992,75.6,588.0,2024-04-02,Hauts-de-France,32,0
62304,C,C,appartement,2017,91.1,322.0,2024-04-02,Hauts-de-France,32,0
59148,E,E,maison,1991,100.1,586.0,2024-04-02,Hauts-de-France,32,0
80358,D,G,appartement,1994,64.5,270.0,2024-04-02,Hauts-de-France,32,0
59215,C,C,immeuble,1991,124.0,324.0,2024-04-03,Hauts-de-France,32,0
59335,C,D,appartement,2007,40.1,237.0,2024-04-03,Hauts-de-France,32,0
02079,F,C,appartement,1952,25.8,681.0,2024-04-03,Hauts-de-France,32,1
59280,G,A,maison,1972,79.4,470.0,2024-04-03,Hauts-de-France,32,1
62088,E,D,maison,1969,28.6,628.0,2024-04-04,Hauts-de-France,32,0
62024,C,F,appartement,1993,27.1,314.0,2024-04-04,Hauts-de-France,32,0
59310,D,E,appartement,1969,23.9,221.0,2024-04-04,Hauts-de-France,32,0
62131,C,C,maison,1988,121.2,237.0,2024-04-04,Hauts-de-France,32,0
02359,C,C,maison,2011,153.3,159.0,2024-04-05,Hauts-de-France,32,0
62037,E,G,appartement,1967,45.4,443.0,2024-04-05,Hauts-de-France,32,0
02374,D,F,maison,1987,92.1,311.0,2024-04-05,Hauts-de-France,32,0
80378,G,F,maison,1926,98.7,544.0,2024-04-05,Hauts-de-France,32,1
62300,F,B,immeuble,1929,70.8,344.0,2024-04-06,Hauts-de-France,32,1
02138,G,F,maison,1970,63.2,527.0,2024-04-06,Hauts-de-France,32,1
59365,E,C,maison,1977,78.6,594.0,2024-04-06,Hauts-de-France,32,0
62231,A,D,appartement,2003,51.7,60.0,2024-04-06,Hauts-de-France,32,0
80013,D,C,appartement,1992,307.0,324.0,2024-04-07,Hauts-de-France,32,0
59288,E,E,maison,1980,87.0,440.0,2024-04-07,Hauts-de-France,32,0
62330,G,E,maison,1949,189.7,382.0,2024-04-07,Hauts-de-France,32,1
80342,F,D,appartement,1945,43.4,334.0,2024-04-07,Hauts-de-France,32,1
80271,E,D,maison,1968,48.0,441.0,2024-04-08,Hauts-de-France,32,0
59107,D,F,maison,1993,47.4,328.0,2024-04-08,Hauts-de-France,32,0
80039,F,E,maison,1948,86.9,639.0,2024-04-08,Hauts-de-France,32,1
02196,D,G,maison,1990,62.0,199.0,2024-04-08,Hauts-de-France,32,0
60272,C,A,maison,2011,31.1,160.0,2024-04-09,Hauts-de-France,32,0
60300,C,D,maison,2013,74.6,238.0,2024-04-09,Hauts-de-France,32,0
80082,D,E,maison,1974,67.9,183.0,2024-04-09,Hauts-de-France,32,0
80319,E,E,maison,1989,92.5,429.0,2024-04-09,Hauts-de-France,32,0
60319,F,E,appartement,1944,121.8,362.0,2024-04-10,Hauts-de-France,32,1
62313,F,C,appartement,1932,85.2,632.0,2024-04-10,Hauts-de-France,32,1
59392,E,A,appartement,1984,64.8,617.0,2024-04-10,Hauts-de-France,32,0
02200,F,E,maison,1936,23.9,556.0,2024-04-10,Hauts-de-France,32,1
60226,F,F,appartement,1961,53.9,629.0,2024-04-11,Hauts-de-France,32,1
02379,F,D,appartement,1973,110.6,355.0,2024-04-11,Hauts-de-France,32,1
62301,F,F,appartement,1964,71.3,659.0,2024-04-11,Hauts-de-France,32,1
60230,E,C,maison,1988,77.5,492.0,2024-04-11,Hauts-de-France,32,0
02379,C,E,appartement,2010,32.9,314.0,2024-04-12,Hauts-de-France,32,0
60024,D,D,maison,1984,76.2,205.0,2024-04-12,Hauts-de-France,32,0
59207,F,D,appartement,1921,68.0,591.0,2024-04-12,Hauts-de-France,32,1
60262,C,E,maison,1990,46.5,163.0,2024-04-13,Hauts-de-France,32,0
60023,D,A,appartement,1984,82.6,221.0,2024-04-13,Hauts-de-France,32,0
60182,E,F,immeuble,1974,143.4,461.0,2024-04-13,Hauts-de-France,32,0
80119,C,C,appartement,2015,72.3,158.0,2024-04-13,Hauts-de-France,32,0
02158,E,F,appartement,1990,21.4,382.0,2024-04-14,Hauts-de-France,32,0
02386,B,D,appartement,1985,107.6,91.0,2024-04-14,Hauts-de-France,32,0
60129,C,G,appartement,2004,94.4,260.0,2024-04-14,Hauts-de-France,32,0
02281,D,G,appartement,1975,65.3,193.0,2024-04-14,Hauts-de-France,32,0
59323,G,A,appartement,1973,81.3,444.0,2024-04-15,Hauts-de-France,32,1
80214,G,D,maison,1945,52.5,567.0,2024-04-15,Hauts-de-France,32,1
59217,D,D,maison,1986,65.5,313.0,2024-04-15,Hauts-de-France,32,0
80137,G,C,maison,1968,60.9,453.0,2024-04-15,Hauts-de-France,32,1
62285,E,A,appartement,1989,85.1,433.0,2024-04-16,Hauts-de-France,32,0
60349,G,D,appartement,1932,62.4,534.0,2024-04-16,Hauts-de-France,32,1
02057,A,F,maison,2017,55.8,128.0,2024-04-16,Hauts-de-France,32,0
02312,E,E,maison,1983,67.8,510.0,2024-04-16,Hauts-de-France,32,0
62192,E,D,appartement,1994,57.6,600.0,2024-04-17,Hauts-de-France,32,0
62021,F,G,maison,1934,43.6,356.0,2024-04-17,Hauts-de-France,32,1
60119,G,D,maison,1940,24.9,355.0,2024-04-17,Hauts-de-France,32,1
02002,C,D,maison,1998,86.0,267.0,2024-04-17,Hauts-de-France,32,0
02350,C,B,maison,1996,37.8,187.0,2024-04-18,Hauts-de-France,32,0
80010,E,E,maison,1990,163.0,352.0,2024-04-18,Hauts-de-France,32,0
62086,D,C,maison,1967,76.9,161.0,2024-04-18,Hauts-de-France,32,0
02348,G,F,appartement,1932,20.7,340.0,2024-04-18,Hauts-de-France,32,1
80331,F,F,maison,1944,44.2,580.0,2024-04-19,Hauts-de-France,32,1
60248,D,B,maison,1985,65.2,258.0,2024-04-19,Hauts-de-France,32,0
60080,E,D,appartement,1968,81.0,576.0,2024-04-19,Hauts-de-France,32,0
59071,E,B,appartement,1967,181.7,424.0,2024-04-19,Hauts-de-France,32,0
60119,G,E,maison,1952,120.4,371.0,2024-04-20,Hauts-de-France,32,1
80328,C,D,appartement,2019,63.1,236.0,2024-04-20,Hauts-de-France,32,0
59085,E,D,maison,1977,53.0,474.0,2024-04-20,Hauts-de-France,32,0
59218,E,B,maison,1970,46.1,390.0,2024-04-20,Hauts-de-France,32,0
62056,D,D,appartement,1967,35.4,205.0,2024-04-21,Hauts-de-France,32,0
62022,F,G,maison,1941,38.4,625.0,2024-04-21,Hauts-de-France,32,1
02006,C,E,appartement,2002,67.5,165.0,2024-04-21,Hauts-de-France,32,0
59202,E,C,maison,1983,41.4,536.0,2024-04-21,Hauts-de-France,32,0
02320,E,C,appartement,1976,38.0,393.0,2024-04-22,Hauts-de-France,32,0
59218,D,E,maison,1990,19.2,328.0,2024-04-22,Hauts-de-France,32,0
02330,E,E,maison,1988,61.7,613.0,2024-04-22,Hauts-de-France,32,0
02193,E,G,maison,1991,60.1,547.0,2024-04-22,Hauts-de-France,32,0
80389,G,D,appartement,1930,109.8,635.0,2024-04-23,Hauts-de-France,32,1
80208,E,F,maison,1992,80.1,502.0,2024-04-23,Hauts-de-France,32,0
62025,F,F,immeuble,1961,88.8,642.0,2024-04-23,Hauts-de-France,32,1
62263,D,D,maison,1981,54.9,173.0,2024-04-24,Hauts-de-France,32,0
80131,G,F,appartement,1929,97.2,483.0,2024-04-24,Hauts-de-France,32,1
60371,C,D,maison,1991,102.7,232.0,2024-04-24,Hauts-de-France,32,0
59280,F,D,appartement,1967,129.5,332.0,2024-04-24,Hauts-de-France,32,1
80228,E,E,maison,1972,59.4,622.0,2024-04-25,Hauts-de-France,32,0
59013,E,E,maison,1981,37.3,368.0,2024-04-25,Hauts-de-France,32,0
59370,D,E,maison,1982,47.9,241.0,2024-04-25,Hauts-de-France,32,0
02317,G,D,appartement,1946,71.8,386.0,2024-04-25,Hauts-de-France,32,1
60139,E,G,maison,1971,31.3,437.0,2024-04-26,Hauts-de-France,32,0
62229,D,G,appartement,1978,86.5,322.0,2024-04-26,Hauts-de-France,32,0
59196,D,E,immeuble,1978,79.9,155.0,2024-04-26,Hauts-de-France,32,0
59393,D,B,appartement,1992,93.1,282.0,2024-04-26,Hauts-de-France,32,0
80020,C,E,appartement,2018,67.0,170.0,2024-04-27,Hauts-de-France,32,0
80103,D,G,immeuble,1988,55.2,162.0,2024-04-27,Hauts-de-France,32,0
60121,F,D,appartement,1936,90.5,566.0,2024-04-27,Hauts-de-France,32,1
62370,E,G,appartement,1983,131.8,357.0,2024-04-27,Hauts-de-France,32,0
62259,C,F,appartement,1988,66.3,318.0,2024-04-28,Hauts-de-France,32,0
59247,B,D,maison,2011,46.4,120.0,2024-04-28,Hauts-de-France,32,0
59399,C,D,maison,2013,86.5,205.0,2024-04-28,Hauts-de-France,32,0
60002,E,D,maison,1976,160.1,673.0,2024-04-28,Hauts-de-France,32,0
02375,C,D,maison,2007,189.1,282.0,2024-04-29,Hauts-de-France,32,0
02083,F,E,maison,1954,45.4,376.0,2024-04-29,Hauts-de-France,32,1
80145,E,G,maison,1973,143.4,563.0,2024-04-29,Hauts-de-France,32,0
02078,E,C,appartement,1990,78.9,453.0,2024-04-29,Hauts-de-France,32,0
80101,F,C,appartement,1930,87.5,492.0,2024-04-30,Hauts-de-France,32,1
80231,G,B,appartement,1930,54.0,335.0,2024-04-30,Hauts-de-France,32,1
02216,G,E,appartement,1973,67.2,348.0,2024-04-30,Hauts-de-France,32,1
60336,C,D,immeuble,1999,19.6,305.0,2024-04-30,Hauts-de-France,32,0
62377,F,C,maison,1959,55.9,418.0,2024-05-01,Hauts-de-France,32,1
59129,E,F,maison,1980,88.4,595.0,2024-05-01,Hauts-de-France,32,0
02260,C,G,immeuble,2007,58.8,265.0,2024-05-01,Hauts-de-France,32,0
80326,D,D,maison,1976,42.7,258.0,2024-05-01,Hauts-de-France,32,0
60205,C,E,appartement,1988,97.7,324.0,2024-05-02,Hauts-de-France,32,0
59152,D,B,appartement,1971,18.4,154.0,2024-05-02,Hauts-de-France,32,0
59156,G,D,appartement,1922,103.8,668.0,2024-05-02,Hauts-de-France,32,1
02120,B,D,appartement,1991,111.2,127.0,2024-05-02,Hauts-de-France,32,0
59107,C,D,maison,1987,74.7,286.0,2024-05-03,Hauts-de-France,32,0
62220,E,E,appartement,1970,122.9,639.0,2024-05-03,Hauts-de-France,32,0
02149,F,F,appartement,1922,18.0,505.0,2024-05-03,Hauts-de-France,32,1
59239,E,D,appartement,1980,59.8,365.0,2024-05-03,Hauts-de-France,32,0
62254,D,G,immeuble,1987,59.5,206.0,2024-05-04,Hauts-de-France,32,0
80265,C,F,appartement,2001,153.0,174.0,2024-05-04,Hauts-de-France,32,0
02092,G,D,maison,1951,27.4,349.0,2024-05-04,Hauts-de-France,32,1
59010,A,A,immeuble,1995,125.5,108.0,2024-05-05,Hauts-de-France,32,0
80133,D,D,appartement,1970,113.1,250.0,2024-05-05,Hauts-de-France,32,0
80303,F,E,maison,1933,81.9,591.0,2024-05-05,Hauts-de-France,32,1
59248,D,D,appartement,1981,36.3,246.0,2024-05-05,Hauts-de-France,32,0
62128,D,E,maison,1973,34.4,174.0,2024-05-06,Hauts-de-France,32,0
59276,D,G,immeuble,1972,82.5,269.0,2024-05-06,Hauts-de-France,32,0
59308,D,E,maison,1989,64.0,233.0,2024-05-06,Hauts-de-France,32,0
80283,B,E,maison,2018,48.8,124.0,2024-05-06,Hauts-de-France,32,0
80103,C,C,maison,2004,108.0,245.0,2024-05-07,Hauts-de-France,32,0
62337,G,E,maison,1958,98.5,622.0,2024-05-07,Hauts-de-France,32,1
59349,E,D,appartement,1993,100.6,678.0,2024-05-07,Hauts-de-France,32,0
59045,G,E,appartement,1949,61.1,627.0,2024-05-07,Hauts-de-France,32,1
60189,D,G,appartement,1980,93.8,226.0,2024-05-08,Hauts-de-France,32,0
62193,F,E,appartement,1966,56.0,643.0,2024-05-08,Hauts-de-France,32,1
59009,D,B,maison,1972,87.7,284.0,2024-05-08,Hauts-de-France,32,0
02111,F,B,maison,1955,65.9,603.0,2024-05-08,Hauts-de-France,32,1
02270,F,B,maison,1944,57.4,345.0,2024-05-09,Hauts-de-France,32,1
60274,D,D,appartement,1983,134.9,280.0,2024-05-09,Hauts-de-France,32,0
59178,E,G,maison,1993,37.3,615.0,2024-05-09,Hauts-de-France,32,0
60098,D,E,maison,1978,99.1,290.0,2024-05-09,Hauts-de-France,32,0
59141,F,D,appartement,1926,139.3,363.0,2024-05-10,Hauts-de-France,32,1
60180,F,C,maison,1939,19.0,644.0,2024-05-10,Hauts-de-France,32,1
59197,D,C,appartement,1976,67.9,172.0,2024-05-10,Hauts-de-France,32,0
60316,D,E,maison,1993,49.0,220.0,2024-05-10,Hauts-de-France,32,0
62309,E,F,maison,1969,18.4,527.0,2024-05-11,Hauts-de-France,32,0
62119,G,E,appartement,1958,64.1,467.0,2024-05-11,Hauts-de-France,32,1
59296,C,F,maison,2012,79.4,252.0,2024-05-11,Hauts-de-France,32,0
62144,C,E,maison,1988,114.3,191.0,2024-05-11,Hauts-de-France,32,0
02202,F,F,appartement,1956,67.0,467.0,2024-05-12,Hauts-de-France,32,1
62181,G,G,appartement,1972,78.3,391.0,2024-05-12,Hauts-de-France,32,1
80069,E,F,maison,1988,71.5,522.0,2024-05-12,Hauts-de-France,32,0
80092,E,E,immeuble,1994,66.2,571.0,2024-05-12,Hauts-de-France,32,0
59398,F,E,maison,1921,27.2,660.0,2024-05-13,Hauts-de-France,32,1
02054,C,F,maison,2001,86.3,270.0,2024-05-13,Hauts-de-France,32,0
80159,E,D,appartement,1982,147.3,482.0,2024-05-13,Hauts-de-France,32,0
59161,F,C,maison,1951,50.8,387.0,2024-05-13,Hauts-de-France,32,1
02312,D,E,maison,1986,121.8,270.0,2024-05-14,Hauts-de-France,32,0
02334,B,D,maison,1997,52.8,94.0,2024-05-14,Hauts-de-France,32,0
80296,F,G,appartement,1965,64.5,590.0,2024-05-14,Hauts-de-France,32,1
60327,C,F,appartement,2011,62.7,156.0,2024-05-14,Hauts-de-France,32,0
60358,E,G,appartement,1968,49.1,635.0,2024-05-15,Hauts-de-France,32,0
60234,F,D,appartement,1930,74.7,563.0,2024-05-15,Hauts-de-France,32,1
59351,F,E,maison,1920,75.6,446.0,2024-05-15,Hauts-de-France,32,1
02072,F,G,appartement,1974,92.8,615.0,2024-05-16,Hauts-de-France,32,1
62254,G,E,maison,1925,75.1,566.0,2024-05-16,Hauts-de-France,32,1
02058,C,D,maison,2005,118.8,311.0,2024-05-16,Hauts-de-France,32,0
62343,F,D,maison,1947,18.6,546.0,2024-05-16,Hauts-de-France,32,1
59165,B,D,maison,1996,74.7,116.0,2024-05-17,Hauts-de-France,32,0
60149,E,G,maison,1979,28.7,456.0,2024-05-17,Hauts-de-France,32,0
60291,E,F,maison,1973,60.3,508.0,2024-05-17,Hauts-de-France,32,0
02397,E,E,appartement,1973,42.5,386.0,2024-05-17,Hauts-de-France,32,0
62325,E,D,appartement,1978,97.8,641.0,2024-05-18,Hauts-de-France,32,0
60029,C,F,immeuble,1997,40.5,196.0,2024-05-18,Hauts-de-France,32,0
80081,D,E,appartement,1975,63.8,221.0,2024-05-18,Hauts-de-France,32,0
80148,E,D,maison,1969,72.4,534.0,2024-05-18,Hauts-de-France,32,0
60230,D,C,appartement,1968,99.1,315.0,2024-05-19,Hauts-de-France,32,0
02068,F,G,appartement,1924,95.6,536.0,2024-05-19,Hauts-de-France,32,1
02308,E,C,maison,1965,27.3,527.0,2024-05-19,Hauts-de-France,32,0
02316,F,E,maison,1941,21.0,472.0,2024-05-19,Hauts-de-France,32,1
60258,D,E,appartement,1990,63.7,248.0,2024-05-20,Hauts-de-France,32,0
02383,F,D,appartement,1962,50.9,640.0,2024-05-20,Hauts-de-France,32,1
62039,F,C,appartement,1964,71.6,356.0,2024-05-20,Hauts-de-France,32,1
02297,G,D,appartement,1966,59.8,630.0,2024-05-20,Hauts-de-France,32,1
60172,D,C,appartement,1965,150.0,302.0,2024-05-21,Hauts-de-France,32,0
59346,G,B,appartement,1969,68.2,356.0,2024-05-21,Hauts-de-France,32,1
60161,B,F,appartement,2000,32.3,103.0,2024-05-21,Hauts-de-France,32,0
59307,E,G,immeuble,1970,90.2,694.0,2024-05-21,Hauts-de-France,32,0
80380,C,G,immeuble,1990,69.0,198.0,2024-05-22,Hauts-de-France,32,0
60366,F,E,appartement,1972,37.5,676.0,2024-05-22,Hauts-de-France,32,1
80384,F,D,appartement,1969,18.0,491.0,2024-05-22,Hauts-de-France,32,1
62020,D,G,maison,1993,75.4,232.0,2024-05-22,Hauts-de-France,32,0
60364,D,F,immeuble,1984,33.9,186.0,2024-05-23,Hauts-de-France,32,0
60326,A,D,maison,2006,36.9,112.0,2024-05-23,Hauts-de-France,32,0
60139,E,A,appartement,1972,70.3,544.0,2024-05-23,Hauts-de-France,32,0
80055,C,C,maison,2008,79.0,265.0,2024-05-23,Hauts-de-France,32,0
80030,F,B,appartement,1964,70.4,380.0,2024-05-24,Hauts-de-France,32,1
62327,E,G,appartement,1987,41.7,456.0,2024-05-24,Hauts-de-France,32,0
62110,D,C,appartement,1991,84.7,261.0,2024-05-24,Hauts-de-France,32,0
60340,F,E,maison,1941,86.5,527.0,2024-05-24,Hauts-de-France,32,1
62167,B,F,maison,2012,41.9,63.0,2024-05-25,Hauts-de-France,32,0
62155,F,D,maison,1962,125.8,579.0,2024-05-25,Hauts-de-France,32,1
02212,E,C,maison,1985,34.0,437.0,2024-05-25,Hauts-de-France,32,0
60330,G,E,maison,1967,158.6,675.0,2024-05-25,Hauts-de-France,32,1
80309,E,E,maison,1982,94.6,332.0,2024-05-26,Hauts-de-France,32,0
60064,E,A,appartement,1967,119.9,335.0,2024-05-26,Hauts-de-France,32,0
62120,F,E,maison,1950,97.5,563.0,2024-05-26,Hauts-de-France,32,1
59080,F,G,appartement,1961,154.9,529.0,2024-05-27,Hauts-de-France,32,1
59286,F,F,maison,1956,84.1,536.0,2024-05-27,Hauts-de-France,32,1
62249,C,E,maison,2005,64.9,300.0,2024-05-27,Hauts-de-France,32,0
60243,C,G,appartement,2002,44.4,309.0,2024-05-27,Hauts-de-France,32,0
62071,G,D,maison,1967,32.7,422.0,2024-05-28,Hauts-de-France,32,1
80219,E,D,maison,1982,54.9,594.0,2024-05-28,Hauts-de-France,32,0
59287,A,D,appartement,1996,65.5,143.0,2024-05-28,Hauts-de-France,32,0
62305,F,E,maison,1959,140.5,657.0,2024-05-28,Hauts-de-France,32,1
59326,F,A,maison,1967,68.8,417.0,2024-05-29,Hauts-de-France,32,1
02105,F,D,appartement,1937,33.7,365.0,2024-05-29,Hauts-de-France,32,1
02219,B,C,maison,1994,37.3,60.0,2024-05-29,Hauts-de-France,32,0
59162,E,C,appartement,1976,105.6,339.0,2024-05-29,Hauts-de-France,32,0
80135,F,E,appartement,1924,62.5,652.0,2024-05-30,Hauts-de-France,32,1
02225,F,E,appartement,1924,97.6,457.0,2024-05-30,Hauts-de-France,32,1
59288,G,F,appartement,1958,88.2,461.0,2024-05-30,Hauts-de-France,32,1
62085,F,D,appartement,1973,74.5,583.0,2024-05-30,Hauts-de-France,32,1
80340,C,F,maison,2017,79.0,184.0,2024-05-31,Hauts-de-France,32,0
60006,E,G,appartement,1981,57.4,446.0,2024-05-31,Hauts-de-France,32,0
62197,D,D,appartement,1986,77.4,215.0,2024-05-31,Hauts-de-France,32,0
62362,C,D,appartement,2009,70.5,234.0,2024-05-31,Hauts-de-France,32,0
59089,F,F,maison,1949,78.7,551.0,2024-06-01,Hauts-de-France,32,1
59154,B,E,appartement,1990,39.0,96.0,2024-06-01,Hauts-de-France,32,0
62377,C,D,appartement,1993,100.7,266.0,2024-06-01,Hauts-de-France,32,0
62306,F,F,maison,1927,68.6,653.0,2024-06-01,Hauts-de-France,32,1
80148,F,F,appartement,1956,111.5,614.0,2024-06-02,Hauts-de-France,32,1
59278,F,B,maison,1963,47.6,625.0,2024-06-02,Hauts-de-France,32,1
60216,E,C,maison,1980,46.0,662.0,2024-06-02,Hauts-de-France,32,0
60116,D,E,appartement,1986,43.2,155.0,2024-06-02,Hauts-de-France,32,0
60361,G,B,appartement,1931,51.7,680.0,2024-06-03,Hauts-de-France,32,1
80270,C,E,appartement,1992,170.1,289.0,2024-06-03,Hauts-de-France,32,0
60306,F,F,appartement,1927,56.0,640.0,2024-06-03,Hauts-de-France,32,1
02229,D,E,appartement,1982,62.1,296.0,2024-06-03,Hauts-de-France,32,0
62173,B,C,maison,2015,100.3,112.0,2024-06-04,Hauts-de-France,32,0
02213,F,G,maison,1937,22.0,522.0,2024-06-04,Hauts-de-France,32,1
80291,D,E,appartement,1975,40.9,177.0,2024-06-04,Hauts-de-France,32,0
60278,E,F,appartement,1994,78.3,398.0,2024-06-04,Hauts-de-France,32,0
60195,C,E,maison,1998,50.5,228.0,2024-06-05,Hauts-de-France,32,0
80269,B,C,appartement,2005,36.2,54.0,2024-06-05,Hauts-de-France,32,0
59379,F,F,appartement,1964,56.6,389.0,2024-06-05,Hauts-de-France,32,1
60052,D,D,appartement,1988,36.4,227.0,2024-06-05,Hauts-de-France,32,0
60357,E,C,maison,1968,28.0,568.0,2024-06-06,Hauts-de-France,32,0
60161,F,E,appartement,1938,151.3,534.0,2024-06-06,Hauts-de-France,32,1
60208,D,D,maison,1975,74.2,318.0,2024-06-06,Hauts-de-France,32,0
80125,F,D,maison,1972,114.2,671.0,2024-06-07,Hauts-de-France,32,1
62069,D,E,maison,1982,54.6,189.0,2024-06-07,Hauts-de-France,32,0
62056,D,D,appartement,1981,63.7,315.0,2024-06-07,Hauts-de-France,32,0
62049,D,D,maison,1986,173.4,198.0,2024-06-07,Hauts-de-France,32,0
62248,G,F,appartement,1967,245.6,595.0,2024-06-08,Hauts-de-France,32,1
80221,G,E,maison,1956,76.7,381.0,2024-06-08,Hauts-de-France,32,1
59033,E,F,appartement,1971,50.8,371.0,2024-06-08,Hauts-de-France,32,0
59188,G,D,appartement,1955,109.3,580.0,2024-06-08,Hauts-de-France,32,1
60219,G,F,appartement,1931,149.7,681.0,2024-06-09,Hauts-de-France,32,1
02014,G,D,appartement,1929,99.1,441.0,2024-06-09,Hauts-de-France,32,1
62106,F,E,appartement,1944,38.5,697.0,2024-06-09,Hauts-de-France,32,1
80019,E,D,maison,1984,79.8,573.0,2024-06-09,Hauts-de-France,32,0
62091,G,C,appartement,1973,77.2,629.0,2024-06-10,Hauts-de-France,32,1
02281,F,D,maison,1961,65.3,381.0,2024-06-10,Hauts-de-France,32,1
62299,E,B,maison,1979,133.0,592.0,2024-06-10,Hauts-de-France,32,0
80379,E,E,maison,1986,142.8,543.0,2024-06-10,Hauts-de-France,32,0
02054,D,C,maison,1974,60.1,265.0,2024-06-11,Hauts-de-France,32,0
02122,E,D,appartement,1972,98.6,672.0,2024-06-11,Hauts-de-France,32,0
80157,B,G,appartement,1995,48.6,137.0,2024-06-11,Hauts-de-France,32,0
60061,G,C,maison,1940,100.7,683.0,2024-06-11,Hauts-de-France,32,1
62198,E,D,maison,1983,133.2,412.0,2024-06-12,Hauts-de-France,32,0
62077,E,D,appartement,1984,53.7,432.0,2024-06-12,Hauts-de-France,32,0
60143,B,E,appartement,2013,76.8,65.0,2024-06-12,Hauts-de-France,32,0
80018,F,D,appartement,1925,194.0,675.0,2024-06-12,Hauts-de-France,32,1
60162,F,G,appartement,1929,49.9,454.0,2024-06-13,Hauts-de-France,32,1
80315,G,D,appartement,1944,134.0,541.0,2024-06-13,Hauts-de-France,32,1
60318,G,C,maison,1951,38.0,699.0,2024-06-13,Hauts-de-France,32,1
80045,D,D,maison,1965,43.0,165.0,2024-06-13,Hauts-de-France,32,0
59090,F,F,appartement,1966,34.6,371.0,2024-06-14,Hauts-de-France,32,1
60056,D,G,appartement,1976,81.9,249.0,2024-06-14,Hauts-de-France,32,0
62193,D,F,maison,1981,36.9,186.0,2024-06-14,Hauts-de-France,32,0
80273,E,G,maison,1970,86.3,368.0,2024-06-14,Hauts-de-France,32,0
62048,F,A,maison,1952,44.3,401.0,2024-06-15,Hauts-de-France,32,1
60154,E,B,appartement,1975,71.4,371.0,2024-06-15,Hauts-de-France,32,0
59070,G,D,maison,1939,46.4,662.0,2024-06-15,Hauts-de-France,32,1
80153,B,D,appartement,2003,162.5,146.0,2024-06-15,Hauts-de-France,32,0
62184,E,F,appartement,1968,119.7,353.0,2024-06-16,Hauts-de-France,32,0
62284,D,E,maison,1970,112.0,279.0,2024-06-16,Hauts-de-France,32,0
80008,C,F,maison,2013,45.1,244.0,2024-06-16,Hauts-de-France,32,0
02208,F,D,appartement,1939,75.1,574.0,2024-06-16,Hauts-de-France,32,1
62157,C,E,appartement,2011,67.2,207.0,2024-06-17,Hauts-de-France,32,0
59137,D,E,appartement,1977,242.0,317.0,2024-06-17,Hauts-de-France,32,0
62046,B,E,appartement,2006,187.1,133.0,2024-06-17,Hauts-de-France,32,0
80222,F,G,maison,1951,76.0,504.0,2024-06-18,Hauts-de-France,32,1
59255,D,F,appartement,1986,89.7,320.0,2024-06-18,Hauts-de-France,32,0
60241,G,E,appartement,1937,41.6,482.0,2024-06-18,Hauts-de-France,32,1
62163,F,D,maison,1953,79.9,664.0,2024-06-18,Hauts-de-France,32,1
60031,D,F,immeuble,1967,80.2,298.0,2024-06-19,Hauts-de-France,32,0
62238,D,E,appartement,1985,98.6,178.0,2024-06-19,Hauts-de-France,32,0
60178,E,F,maison,1994,41.8,654.0,2024-06-19,Hauts-de-France,32,0
02361,E,E,maison,1977,34.1,521.0,2024-06-19,Hauts-de-France,32,0
02040,G,C,appartement,1972,53.3,474.0,2024-06-20,Hauts-de-France,32,1
60174,D,E,immeuble,1976,104.9,245.0,2024-06-20,Hauts-de-France,32,0
59310,D,D,appartement,1973,75.1,179.0,2024-06-20,Hauts-de-France,32,0
80361,C,D,appartement,1994,39.9,204.0,2024-06-20,Hauts-de-France,32,0
60132,F,E,appartement,1931,122.9,381.0,2024-06-21,Hauts-de-France,32,1
59313,E,A,immeuble,1983,60.8,657.0,2024-06-21,Hauts-de-France,32,0
62060,C,C,appartement,1992,90.7,229.0,2024-06-21,Hauts-de-France,32,0
60023,D,C,appartement,1980,71.3,265.0,2024-06-21,Hauts-de-France,32,0
60348,G,E,appartement,1970,50.5,388.0,2024-06-22,Hauts-de-France,32,1
02252,F,C,appartement,1964,58.5,366.0,2024-06-22,Hauts-de-France,32,1
62041,B,G,appartement,1985,38.6,87.0,2024-06-22,Hauts-de-France,32,0
02245,G,F,maison,1926,55.9,572.0,2024-06-22,Hauts-de-France,32,1
02208,D,A,maison,1979,275.8,301.0,2024-06-23,Hauts-de-France,32,0
60068,G,D,appartement,1930,50.2,531.0,2024-06-23,Hauts-de-France,32,1
59146,G,C,appartement,1969,60.3,435.0,2024-06-23,Hauts-de-France,32,1
80082,E,E,maison,1968,54.8,577.0,2024-06-23,Hauts-de-France,32,0
80186,C,E,appartement,2006,50.6,318.0,2024-06-24,Hauts-de-France,32,0
59049,C,D,appartement,1993,106.7,180.0,2024-06-24,Hauts-de-France,32,0
59283,C,C,appartement,2001,18.0,212.0,2024-06-24,Hauts-de-France,32,0
60059,E,D,appartement,1972,92.1,559.0,2024-06-24,Hauts-de-France,32,0
60321,F,E,appartement,1923,110.7,557.0,2024-06-25,Hauts-de-France,32,1
62388,E,C,maison,1979,28.3,581.0,2024-06-25,Hauts-de-France,32,0
80238,E,F,maison,1994,51.3,373.0,2024-06-25,Hauts-de-France,32,0
60029,C,F,maison,2004,60.4,270.0,2024-06-25,Hauts-de-France,32,0
80008,G,E,appartement,1921,49.7,616.0,2024-06-26,Hauts-de-France,32,1
62376,D,D,maison,1967,119.2,326.0,2024-06-26,Hauts-de-France,32,0
60251,G,D,maison,1945,56.3,357.0,2024-06-26,Hauts-de-France,32,1
60111,G,F,maison,1946,18.0,345.0,2024-06-26,Hauts-de-France,32,1
62300,G,F,maison,1935,75.8,688.0,2024-06-27,Hauts-de-France,32,1
60248,E,F,maison,1966,62.8,625.0,2024-06-27,Hauts-de-France,32,0
02133,G,E,appartement,1940,75.9,483.0,2024-06-27,Hauts-de-France,32,1
80178,D,F,immeuble,1972,68.2,198.0,2024-06-27,Hauts-de-France,32,0
59298,E,E,appartement,1973,86.0,459.0,2024-06-28,Hauts-de-France,32,0
02174,G,D,appartement,1946,63.2,349.0,2024-06-28,Hauts-de-France,32,1
59142,E,G,appartement,1992,80.5,668.0,2024-06-28,Hauts-de-France,32,0
62089,D,E,appartement,1973,88.5,314.0,2024-06-29,Hauts-de-France,32,0
80325,E,G,maison,1988,86.9,676.0,2024-06-29,Hauts-de-France,32,0
59289,E,D,maison,1986,146.1,551.0,2024-06-29,Hauts-de-France,32,0
02171,G,E,maison,1970,79.1,579.0,2024-06-29,Hauts-de-France,32,1
60096,C,E,immeuble,2008,42.1,243.0,2024-06-30,Hauts-de-France,32,0
62365,C,E,appartement,1989,43.0,223.0,2024-06-30,Hauts-de-France,32,0
62359,D,D,maison,1969,29.9,185.0,2024-06-30,Hauts-de-France,32,0
59365,E,F,maison,1992,56.2,683.0,2024-06-30,Hauts-de-France,32,0
80047,E,D,maison,1994,115.7,493.0,2024-07-01,Hauts-de-France,32,0
62267,D,F,appartement,1979,68.9,154.0,2024-07-01,Hauts-de-France,32,0
62077,F,F,appartement,1966,75.3,369.0,2024-07-01,Hauts-de-France,32,1
59003,C,E,appartement,2010,60.0,319.0,2024-07-01,Hauts-de-France,32,0
80392,E,D,appartement,1973,65.4,682.0,2024-07-02,Hauts-de-France,32,0
60282,E,D,appartement,1971,74.2,391.0,2024-07-02,Hauts-de-France,32,0
59028,E,D,appartement,1970,64.3,415.0,2024-07-02,Hauts-de-France,32,0
60170,D,C,appartement,1994,122.2,204.0,2024-07-02,Hauts-de-France,32,0
02113,D,G,maison,1991,97.2,192.0,2024-07-03,Hauts-de-France,32,0
60179,C,E,appartement,1997,87.5,327.0,2024-07-03,Hauts-de-France,32,0
60010,E,B,maison,1989,18.0,642.0,2024-07-03,Hauts-de-France,32,0
80060,A,F,maison,1993,72.3,83.0,2024-07-03,Hauts-de-France,32,0
02103,C,E,appartement,2008,78.9,288.0,2024-07-04,Hauts-de-France,32,0
62096,G,C,appartement,1932,41.3,420.0,2024-07-04,Hauts-de-France,32,1
80247,D,E,maison,1989,50.4,305.0,2024-07-04,Hauts-de-France,32,0
80181,G,E,maison,1935,93.1,660.0,2024-07-04,Hauts-de-France,32,1
80053,D,F,maison,1989,59.3,300.0,2024-07-05,Hauts-de-France,32,0
02285,E,G,maison,1981,91.1,681.0,2024-07-05,Hauts-de-France,32,0
59216,E,C,maison,1990,74.2,692.0,2024-07-05,Hauts-de-France,32,0
62006,G,D,maison,1932,53.3,386.0,2024-07-05,Hauts-de-France,32,1
62014,D,G,appartement,1994,71.9,282.0,2024-07-06,Hauts-de-France,32,0
62251,G,D,maison,1962,69.7,639.0,2024-07-06,Hauts-de-France,32,1
02299,B,E,appartement,1988,36.9,105.0,2024-07-06,Hauts-de-France,32,0
80362,E,F,maison,1991,70.2,469.0,2024-07-06,Hauts-de-France,32,0
62054,E,F,appartement,1984,73.7,444.0,2024-07-07,Hauts-de-France,32,0
59262,F,G,maison,1972,64.3,683.0,2024-07-07,Hauts-de-France,32,1
02298,D,D,appartement,1966,27.9,286.0,2024-07-07,Hauts-de-France,32,0
59176,F,D,appartement,1949,84.7,628.0,2024-07-07,Hauts-de-France,32,1
02321,F,E,maison,1951,67.8,628.0,2024-07-08,Hauts-de-France,32,1
02019,A,E,maison,2007,84.6,141.0,2024-07-08,Hauts-de-France,32,0
80008,F,C,appartement,1943,117.3,621.0,2024-07-08,Hauts-de-France,32,1
02303,A,F,maison,1995,60.7,104.0,2024-07-08,Hauts-de-France,32,0
59330,A,D,maison,2015,46.9,60.0,2024-07-09,Hauts-de-France,32,0
60396,G,G,appartement,1947,167.2,682.0,2024-07-09,Hauts-de-France,32,1
02249,E,B,maison,1992,77.3,553.0,2024-07-09,Hauts-de-France,32,0
62090,D,B,maison,1968,123.8,310.0,2024-07-10,Hauts-de-France,32,0
80001,G,D,appartement,1926,39.6,354.0,2024-07-10,Hauts-de-France,32,1
60036,C,D,maison,1993,55.9,235.0,2024-07-10,Hauts-de-France,32,0
60227,G,D,immeuble,1945,115.4,374.0,2024-07-10,Hauts-de-France,32,1
62084,F,G,appartement,1974,89.2,641.0,2024-07-11,Hauts-de-France,32,1
80045,C,F,appartement,1999,84.8,217.0,2024-07-11,Hauts-de-France,32,0
59060,G,C,appartement,1974,49.7,371.0,2024-07-11,Hauts-de-France,32,1
60206,E,A,maison,1980,22.4,491.0,2024-07-11,Hauts-de-France,32,0
62046,D,D,appartement,1966,69.3,328.0,2024-07-12,Hauts-de-France,32,0
02183,G,F,maison,1959,47.0,359.0,2024-07-12,Hauts-de-France,32,1
59394,A,F,appartement,2010,78.9,133.0,2024-07-12,Hauts-de-France,32,0
60207,E,G,appartement,1978,68.6,407.0,2024-07-12,Hauts-de-France,32,0
02218,E,E,appartement,1990,49.4,555.0,2024-07-13,Hauts-de-France,32,0
80239,E,D,maison,1979,44.7,390.0,2024-07-13,Hauts-de-France,32,0
60163,G,F,appartement,1935,67.9,467.0,2024-07-13,Hauts-de-France,32,1
02351,C,E,maison,2014,137.2,266.0,2024-07-13,Hauts-de-France,32,0
80323,G,F,immeuble,1948,56.8,613.0,2024-07-14,Hauts-de-France,32,1
62291,C,F,maison,2014,93.3,328.0,2024-07-14,Hauts-de-France,32,0
80029,G,C,maison,1945,86.2,583.0,2024-07-14,Hauts-de-France,32,1
02315,C,C,appartement,1986,84.6,158.0,2024-07-14,Hauts-de-France,32,0
80304,E,E,maison,1974,23.0,588.0,2024-07-15,Hauts-de-France,32,0
80118,B,C,appartement,1986,32.6,115.0,2024-07-15,Hauts-de-France,32,0
62263,D,C,appartement,1967,97.8,318.0,2024-07-15,Hauts-de-France,32,0
02004,G,F,appartement,1947,39.0,535.0,2024-07-15,Hauts-de-France,32,1
62016,E,E,appartement,1965,54.1,550.0,2024-07-16,Hauts-de-France,32,0
60291,D,C,maison,1985,39.0,201.0,2024-07-16,Hauts-de-France,32,0
80346,C,F,maison,1992,45.8,215.0,2024-07-16,Hauts-de-France,32,0
60093,D,E,maison,1976,102.5,205.0,2024-07-16,Hauts-de-France,32,0
59142,D,F,appartement,1966,84.7,266.0,2024-07-17,Hauts-de-France,32,0
80037,F,D,maison,1955,91.0,351.0,2024-07-17,Hauts-de-France,32,1
59286,E,D,maison,1988,41.2,639.0,2024-07-17,Hauts-de-France,32,0
80335,E,G,appartement,1989,37.1,549.0,2024-07-17,Hauts-de-France,32,0
80373,C,C,maison,1991,75.8,281.0,2024-07-18,Hauts-de-France,32,0
02213,C,F,appartement,2019,217.7,155.0,2024-07-18,Hauts-de-France,32,0
02042,G,F,appartement,1959,91.4,382.0,2024-07-18,Hauts-de-France,32,1
59241,F,F,appartement,1958,116.0,595.0,2024-07-18,Hauts-de-France,32,1
60013,E,C,maison,1976,41.2,688.0,2024-07-19,Hauts-de-France,32,0
59037,B,E,immeuble,2006,103.6,113.0,2024-07-19,Hauts-de-France,32,0
60039,E,D,appartement,1987,37.5,369.0,2024-07-19,Hauts-de-France,32,0
59003,G,E,maison,1962,103.5,524.0,2024-07-19,Hauts-de-France,32,1
60016,E,B,appartement,1983,30.9,426.0,2024-07-20,Hauts-de-France,32,0
60079,D,E,appartement,1987,69.6,330.0,2024-07-20,Hauts-de-France,32,0
59259,E,E,maison,1991,91.5,397.0,2024-07-20,Hauts-de-France,32,0
62083,G,D,appartement,1948,74.1,339.0,2024-07-21,Hauts-de-France,32,1
62259,D,F,maison,1988,91.4,195.0,2024-07-21,Hauts-de-France,32,0
60276,F,F,appartement,1949,84.4,560.0,2024-07-21,Hauts-de-France,32,1
59307,B,G,maison,2006,113.9,125.0,2024-07-21,Hauts-de-France,32,0
60282,D,D,appartement,1969,43.0,266.0,2024-07-22,Hauts-de-France,32,0
80312,D,F,maison,1973,40.2,201.0,2024-07-22,Hauts-de-France,32,0
60292,C,F,appartement,1987,44.4,324.0,2024-07-22,Hauts-de-France,32,0
02178,E,D,appartement,1973,96.3,693.0,2024-07-22,Hauts-de-France,32,0
60369,C,G,maison,2014,50.6,208.0,2024-07-23,Hauts-de-France,32,0
02265,F,E,maison,1947,103.1,551.0,2024-07-23,Hauts-de-France,32,1
59264,F,E,maison,1950,99.0,578.0,2024-07-23,Hauts-de-France,32,1
59056,G,F,appartement,1972,48.9,563.0,2024-07-23,Hauts-de-France,32,1
59115,D,D,immeuble,1987,43.1,288.0,2024-07-24,Hauts-de-France,32,0
02025,D,E,appartement,1979,83.2,270.0,2024-07-24,Hauts-de-France,32,0
02281,C,F,maison,1986,49.0,263.0,2024-07-24,Hauts-de-France,32,0
60305,D,D,maison,1976,39.5,274.0,2024-07-24,Hauts-de-France,32,0
80387,E,E,maison,1982,83.5,347.0,2024-07-25,Hauts-de-France,32,0
02301,D,C,maison,1985,95.3,233.0,2024-07-25,Hauts-de-France,32,0
60166,G,B,appartement,1922,77.5,536.0,2024-07-25,Hauts-de-France,32,1
60381,G,D,maison,1967,31.2,667.0,2024-07-25,Hauts-de-France,32,1
62330,D,D,appartement,1991,80.1,238.0,2024-07-26,Hauts-de-France,32,0
59089,G,G,maison,1923,120.9,373.0,2024-07-26,Hauts-de-France,32,1
62378,B,B,maison,1999,47.9,147.0,2024-07-26,Hauts-de-France,32,0
02269,C,B,appartement,2019,86.5,258.0,2024-07-26,Hauts-de-France,32,0
02328,D,G,maison,1979,99.1,261.0,2024-07-27,Hauts-de-France,32,0
59386,G,F,appartement,1920,86.0,625.0,2024-07-27,Hauts-de-France,32,1
62283,E,F,maison,1982,57.6,558.0,2024-07-27,Hauts-de-France,32,0
80129,F,G,appartement,1965,165.2,555.0,2024-07-27,Hauts-de-France,32,1
80104,D,D,maison,1974,135.0,185.0,2024-07-28,Hauts-de-France,32,0
62204,E,D,appartement,1965,132.8,533.0,2024-07-28,Hauts-de-France,32,0
60352,G,E,immeuble,1944,232.8,362.0,2024-07-28,Hauts-de-France,32,1
60025,E,G,appartement,1966,131.1,485.0,2024-07-28,Hauts-de-France,32,0
02080,C,F,maison,1993,88.4,172.0,2024-07-29,Hauts-de-France,32,0
59376,F,G,maison,1927,97.6,342.0,2024-07-29,Hauts-de-France,32,1
62052,D,C,appartement,1966,40.2,322.0,2024-07-29,Hauts-de-France,32,0
59072,E,C,maison,1978,136.4,581.0,2024-07-29,Hauts-de-France,32,0
59249,E,E,appartement,1967,46.5,461.0,2024-07-30,Hauts-de-France,32,0
59352,E,G,appartement,1966,95.3,363.0,2024-07-30,Hauts-de-France,32,0
59083,C,B,appartement,2017,88.4,306.0,2024-07-30,Hauts-de-France,32,0
62358,F,E,appartement,1934,102.7,682.0,2024-07-31,Hauts-de-France,32,1
60053,C,D,maison,1995,179.6,309.0,2024-07-31,Hauts-de-France,32,0
60090,E,E,appartement,1985,94.0,354.0,2024-07-31,Hauts-de-France,32,0
59085,E,D,appartement,1967,39.7,353.0,2024-07-31,Hauts-de-France,32,0
02052,E,C,maison,1971,72.4,491.0,2024-08-01,Hauts-de-France,32,0
60118,D,D,appartement,1979,126.6,277.0,2024-08-01,Hauts-de-France,32,0
02323,F,G,appartement,1936,32.2,539.0,2024-08-01,Hauts-de-France,32,1
02253,B,E,appartement,2000,69.5,63.0,2024-08-01,Hauts-de-France,32,0
60359,F,E,appartement,1952,38.3,416.0,2024-08-02,Hauts-de-France,32,1
59381,E,E,appartement,1972,95.3,443.0,2024-08-02,Hauts-de-France,32,0
60201,D,D,maison,1993,69.7,151.0,2024-08-02,Hauts-de-France,32,0
02036,C,B,maison,1987,27.7,262.0,2024-08-02,Hauts-de-France,32,0
62189,G,F,maison,1943,38.5,455.0,2024-08-03,Hauts-de-France,32,1
80008,F,G,appartement,1937,62.8,476.0,2024-08-03,Hauts-de-France,32,1
62177,G,E,appartement,1935,51.3,422.0,2024-08-03,Hauts-de-France,32,1
60190,G,D,appartement,1967,60.5,422.0,2024-08-03,Hauts-de-France,32,1
02142,D,F,maison,1987,94.2,290.0,2024-08-04,Hauts-de-France,32,0
02045,D,C,maison,1970,71.8,260.0,2024-08-04,Hauts-de-France,32,0
60265,G,F,maison,1953,81.4,423.0,2024-08-04,Hauts-de-France,32,1
80054,C,B,maison,1993,76.3,306.0,2024-08-04,Hauts-de-France,32,0
59009,E,F,appartement,1967,24.2,606.0,2024-08-05,Hauts-de-France,32,0
80110,B,D,maison,2005,45.4,129.0,2024-08-05,Hauts-de-France,32,0
60363,E,E,appartement,1990,46.2,600.0,2024-08-05,Hauts-de-France,32,0
60193,D,A,maison,1966,76.4,209.0,2024-08-05,Hauts-de-France,32,0
59013,D,D,maison,1966,118.4,198.0,2024-08-06,Hauts-de-France,32,0
60126,D,D,maison,1979,47.3,154.0,2024-08-06,Hauts-de-France,32,0
80220,F,D,appartement,1932,33.4,389.0,2024-08-06,Hauts-de-France,32,1
62201,E,D,immeuble,1985,110.3,649.0,2024-08-06,Hauts-de-France,32,0
59183,F,G,immeuble,1952,96.8,608.0,2024-08-07,Hauts-de-France,32,1
02009,F,F,appartement,1961,91.6,665.0,2024-08-07,Hauts-de-France,32,1
02090,G,E,maison,1956,76.5,363.0,2024-08-07,Hauts-de-France,32,1
80072,D,D,maison,1966,104.7,197.0,2024-08-07,Hauts-de-France,32,0
59248,C,F,appartement,2005,48.2,155.0,2024-08-08,Hauts-de-France,32,0
60087,C,E,appartement,1996,34.3,323.0,2024-08-08,Hauts-de-France,32,0
59376,F,F,appartement,1931,267.0,450.0,2024-08-08,Hauts-de-France,32,1
60303,C,A,appartement,2007,89.6,180.0,2024-08-08,Hauts-de-France,32,0
02107,D,E,immeuble,1971,162.7,249.0,2024-08-09,Hauts-de-France,32,0
59224,G,F,appartement,1973,89.9,465.0,2024-08-09,Hauts-de-France,32,1
59280,F,E,maison,1945,63.7,350.0,2024-08-09,Hauts-de-France,32,1
80001,D,D,appartement,1969,78.5,291.0,2024-08-09,Hauts-de-France,32,0
80041,E,D,appartement,1983,165.6,465.0,2024-08-10,Hauts-de-France,32,0
59162,E,D,appartement,1965,61.9,578.0,2024-08-10,Hauts-de-France,32,0
60087,D,E,appartement,1968,62.9,283.0,2024-08-10,Hauts-de-France,32,0
59130,D,B,appartement,1972,76.3,207.0,2024-08-11,Hauts-de-France,32,0
60301,D,F,immeuble,1976,97.6,190.0,2024-08-11,Hauts-de-France,32,0
62171,G,E,appartement,1953,116.7,550.0,2024-08-11,Hauts-de-France,32,1
80204,E,F,maison,1981,46.7,640.0,2024-08-11,Hauts-de-France,32,0
60145,B,F,appartement,1998,42.3,147.0,2024-08-12,Hauts-de-France,32,0
59295,A,G,appartement,2001,121.6,57.0,2024-08-12,Hauts-de-France,32,0
60313,G,E,maison,1974,42.7,621.0,2024-08-12,Hauts-de-France,32,1
80183,G,G,maison,1931,63.0,634.0,2024-08-12,Hauts-de-France,32,1
02145,D,E,appartement,1992,48.9,244.0,2024-08-13,Hauts-de-France,32,0
59329,E,F,appartement,1985,58.5,641.0,2024-08-13,Hauts-de-France,32,0
62103,C,C,appartement,1996,60.4,244.0,2024-08-13,Hauts-de-France,32,0
59208,F,G,appartement,1938,63.6,674.0,2024-08-13,Hauts-de-France,32,1
80378,F,D,maison,1938,71.2,664.0,2024-08-14,Hauts-de-France,32,1
60085,D,G,appartement,1967,53.1,217.0,2024-08-14,Hauts-de-France,32,0
62099,C,D,appartement,2002,102.6,269.0,2024-08-14,Hauts-de-France,32,0
02238,C,C,appartement,2001,93.1,168.0,2024-08-14,Hauts-de-France,32,0
60251,G,B,maison,1970,76.6,680.0,2024-08-15,Hauts-de-France,32,1
59127,G,D,immeuble,1922,64.7,503.0,2024-08-15,Hauts-de-France,32,1
62258,F,D,maison,1936,62.4,589.0,2024-08-15,Hauts-de-France,32,1
60351,D,B,appartement,1977,42.2,264.0,2024-08-15,Hauts-de-France,32,0
62223,E,E,appartement,1965,38.4,596.0,2024-08-16,Hauts-de-France,32,0
60142,D,F,maison,1993,72.3,264.0,2024-08-16,Hauts-de-France,32,0
02106,E,C,maison,1979,95.9,380.0,2024-08-16,Hauts-de-France,32,0
62390,E,E,appartement,1982,52.1,492.0,2024-08-16,Hauts-de-France,32,0
60215,B,C,maison,1994,39.0,147.0,2024-08-17,Hauts-de-France,32,0
62162,D,B,appartement,1992,123.0,263.0,2024-08-17,Hauts-de-France,32,0
60283,C,F,maison,1991,137.1,228.0,2024-08-17,Hauts-de-France,32,0
80295,D,G,appartement,1967,98.3,228.0,2024-08-17,Hauts-de-France,32,0
62153,G,E,appartement,1961,37.4,511.0,2024-08-18,Hauts-de-France,32,1
62189,C,C,appartement,2004,50.7,190.0,2024-08-18,Hauts-de-France,32,0
02335,F,G,maison,1958,46.5,640.0,2024-08-18,Hauts-de-France,32,1
59193,F,E,maison,1954,65.8,360.0,2024-08-18,Hauts-de-France,32,1
59043,D,F,appartement,1986,99.2,254.0,2024-08-19,Hauts-de-France,32,0
80123,E,D,appartement,1987,49.6,528.0,2024-08-19,Hauts-de-France,32,0
59207,E,D,appartement,1994,48.5,450.0,2024-08-19,Hauts-de-France,32,0
62286,E,D,appartement,1991,87.3,332.0,2024-08-19,Hauts-de-France,32,0
02269,D,D,appartement,1979,89.7,233.0,2024-08-20,Hauts-de-France,32,0
59181,A,G,maison,1985,72.3,56.0,2024-08-20,Hauts-de-France,32,0
80323,F,E,appartement,1924,162.0,571.0,2024-08-20,Hauts-de-France,32,1
62265,F,D,appartement,1968,39.7,448.0,2024-08-20,Hauts-de-France,32,1
62365,C,C,appartement,2001,46.5,261.0,2024-08-21,Hauts-de-France,32,0
60373,F,E,maison,1923,128.6,511.0,2024-08-21,Hauts-de-France,32,1
60158,E,D,maison,1990,168.8,449.0,2024-08-21,Hauts-de-France,32,0
60020,D,E,maison,1985,38.3,259.0,2024-08-22,Hauts-de-France,32,0
59186,E,F,maison,1971,42.2,688.0,2024-08-22,Hauts-de-France,32,0
02259,F,E,appartement,1969,121.0,489.0,2024-08-22,Hauts-de-France,32,1
80304,A,D,maison,1992,69.7,52.0,2024-08-22,Hauts-de-France,32,0
80366,E,C,maison,1982,78.9,352.0,2024-08-23,Hauts-de-France,32,0
02371,G,G,maison,1962,50.3,662.0,2024-08-23,Hauts-de-France,32,1
60246,E,F,maison,1983,63.4,693.0,2024-08-23,Hauts-de-France,32,0
02285,D,D,maison,1973,75.4,296.0,2024-08-23,Hauts-de-France,32,0
59037,G,G,maison,1971,29.8,563.0,2024-08-24,Hauts-de-France,32,1
62252,G,E,appartement,1962,35.4,451.0,2024-08-24,Hauts-de-France,32,1
59274,C,D,maison,2006,151.6,184.0,2024-08-24,Hauts-de-France,32,0
60129,E,F,maison,1994,53.2,466.0,2024-08-24,Hauts-de-France,32,0
60240,F,E,appartement,1954,40.0,459.0,2024-08-25,Hauts-de-France,32,1
59365,F,E,immeuble,1937,142.6,674.0,2024-08-25,Hauts-de-France,32,1
62217,D,D,maison,1988,30.1,239.0,2024-08-25,Hauts-de-France,32,0
62345,F,B,maison,1940,53.8,399.0,2024-08-25,Hauts-de-France,32,1
80290,E,B,appartement,1982,50.4,414.0,2024-08-26,Hauts-de-France,32,0
02179,F,C,appartement,1924,34.4,421.0,2024-08-26,Hauts-de-France,32,1
60326,D,D,appartement,1979,75.2,175.0,2024-08-26,Hauts-de-France,32,0
62231,C,F,maison,2003,75.2,187.0,2024-08-26,Hauts-de-France,32,0
59284,E,E,appartement,1969,80.4,678.0,2024-08-27,Hauts-de-France,32,0
80209,G,E,appartement,1958,106.9,470.0,2024-08-27,Hauts-de-France,32,1
59308,F,D,appartement,1924,93.5,481.0,2024-08-27,Hauts-de-France,32,1
80126,F,C,appartement,1973,60.2,498.0,2024-08-27,Hauts-de-France,32,1
59001,D,F,maison,1972,154.1,158.0,2024-08-28,Hauts-de-France,32,0
02032,B,D,appartement,2012,48.0,137.0,2024-08-28,Hauts-de-France,32,0
59173,B,G,appartement,2000,36.8,123.0,2024-08-28,Hauts-de-France,32,0
02147,E,F,appartement,1977,104.0,469.0,2024-08-28,Hauts-de-France,32,0
60368,F,G,maison,1966,56.5,335.0,2024-08-29,Hauts-de-France,32,1
02397,D,G,maison,1977,149.7,180.0,2024-08-29,Hauts-de-France,32,0
02178,F,G,appartement,1927,119.1,531.0,2024-08-29,Hauts-de-France,32,1
02071,C,D,maison,2002,18.0,197.0,2024-08-29,Hauts-de-France,32,0
02132,E,B,appartement,1988,61.4,688.0,2024-08-30,Hauts-de-France,32,0
02371,B,D,appartement,1987,92.0,98.0,2024-08-30,Hauts-de-France,32,0
02305,G,D,appartement,1954,74.6,524.0,2024-08-30,Hauts-de-France,32,1
02075,E,G,maison,1973,52.6,462.0,2024-08-30,Hauts-de-France,32,0
60063,D,E,appartement,1979,193.3,227.0,2024-08-31,Hauts-de-France,32,0
62074,B,F,appartement,2001,59.3,125.0,2024-08-31,Hauts-de-France,32,0
62083,E,E,appartement,1984,121.6,563.0,2024-08-31,Hauts-de-France,32,0
62199,E,G,appartement,1982,236.8,386.0,2024-08-31,Hauts-de-France,32,0
59294,B,F,maison,2017,60.3,107.0,2024-09-01,Hauts-de-France,32,0
60267,F,D,appartement,1955,56.9,537.0,2024-09-01,Hauts-de-France,32,1
80183,E,G,maison,1980,106.7,475.0,2024-09-01,Hauts-de-France,32,0
59143,D,B,appartement,1971,90.4,249.0,2024-09-02,Hauts-de-France,32,0
02041,C,F,appartement,2011,53.4,224.0,2024-09-02,Hauts-de-France,32,0
80157,G,F,maison,1973,65.2,568.0,2024-09-02,Hauts-de-France,32,1
80180,F,F,maison,1945,69.1,380.0,2024-09-02,Hauts-de-France,32,1
80088,D,D,appartement,1987,70.0,278.0,2024-09-03,Hauts-de-France,32,0
59096,C,E,maison,2000,80.7,248.0,2024-09-03,Hauts-de-France,32,0
60058,D,F,maison,1986,46.6,263.0,2024-09-03,Hauts-de-France,32,0
02278,D,D,immeuble,1985,51.6,281.0,2024-09-03,Hauts-de-France,32,0
59372,E,F,appartement,1989,40.3,565.0,2024-09-04,Hauts-de-France,32,0
62059,G,F,appartement,1942,117.0,471.0,2024-09-04,Hauts-de-France,32,1
80392,C,B,maison,2001,61.3,330.0,2024-09-04,Hauts-de-France,32,0
62259,B,E,maison,2019,23.2,114.0,2024-09-04,Hauts-de-France,32,0
59394,B,E,maison,1992,137.5,148.0,2024-09-05,Hauts-de-France,32,0
62355,E,F,maison,1976,92.7,548.0,2024-09-05,Hauts-de-France,32,0
60285,C,D,maison,2005,75.4,163.0,2024-09-05,Hauts-de-France,32,0
80176,D,G,maison,1972,90.9,253.0,2024-09-05,Hauts-de-France,32,0
02335,D,E,maison,1970,67.9,253.0,2024-09-06,Hauts-de-France,32,0
60384,E,D,immeuble,1976,40.1,375.0,2024-09-06,Hauts-de-France,32,0
59036,G,D,maison,1953,139.9,650.0,2024-09-06,Hauts-de-France,32,1
62074,G,C,appartement,1948,54.3,470.0,2024-09-06,Hauts-de-France,32,1
02339,G,F,maison,1920,96.4,421.0,2024-09-07,Hauts-de-France,32,1
80194,D,E,maison,1974,69.5,164.0,2024-09-07,Hauts-de-France,32,0
60101,D,G,maison,1992,57.7,293.0,2024-09-07,Hauts-de-France,32,0
80212,E,E,appartement,1965,33.6,452.0,2024-09-07,Hauts-de-France,32,0
60244,D,E,maison,1974,56.9,326.0,2024-09-08,Hauts-de-France,32,0
59351,E,D,maison,1982,65.9,528.0,2024-09-08,Hauts-de-France,32,0
02062,F,E,maison,1953,84.5,626.0,2024-09-08,Hauts-de-France,32,1
02383,G,C,maison,1965,84.3,498.0,2024-09-08,Hauts-de-France,32,1
60331,D,C,appartement,1971,59.2,162.0,2024-09-09,Hauts-de-France,32,0
60234,D,G,maison,1967,18.0,292.0,2024-09-09,Hauts-de-France,32,0
80108,E,E,appartement,1983,42.3,687.0,2024-09-09,Hauts-de-France,32,0
59189,D,E,appartement,1990,75.3,241.0,2024-09-09,Hauts-de-France,32,0
60207,D,G,maison,1991,135.3,284.0,2024-09-10,Hauts-de-France,32,0
80130,D,D,maison,1991,32.0,264.0,2024-09-10,Hauts-de-France,32,0
80052,C,E,appartement,2008,63.9,257.0,2024-09-10,Hauts-de-France,32,0
62059,E,D,appartement,1983,36.3,358.0,2024-09-10,Hauts-de-France,32,0
60148,G,G,appartement,1935,83.2,358.0,2024-09-11,Hauts-de-France,32,1
80001,D,G,appartement,1979,69.0,200.0,2024-09-11,Hauts-de-France,32,0
62382,D,G,immeuble,1973,107.0,317.0,2024-09-11,Hauts-de-France,32,0
02042,F,D,appartement,1960,50.4,442.0,2024-09-11,Hauts-de-France,32,1
60190,D,D,appartement,1975,57.4,152.0,2024-09-12,Hauts-de-France,32,0
80327,E,G,appartement,1978,60.2,542.0,2024-09-12,Hauts-de-France,32,0
62200,G,E,appartement,1950,76.3,634.0,2024-09-12,Hauts-de-France,32,1
02236,F,E,appartement,1942,35.4,505.0,2024-09-13,Hauts-de-France,32,1
60022,D,C,maison,1966,92.3,244.0,2024-09-13,Hauts-de-France,32,0
60007,D,F,maison,1976,31.9,168.0,2024-09-13,Hauts-de-France,32,0
59095,G,F,maison,1953,75.1,466.0,2024-09-13,Hauts-de-France,32,1
60179,D,G,appartement,1968,73.2,215.0,2024-09-14,Hauts-de-France,32,0
80014,F,A,appartement,1957,73.2,689.0,2024-09-14,Hauts-de-France,32,1
80075,B,E,maison,2000,38.2,100.0,2024-09-14,Hauts-de-France,32,0
62186,F,A,appartement,1922,71.5,452.0,2024-09-14,Hauts-de-France,32,1
60349,F,F,maison,1935,42.5,419.0,2024-09-15,Hauts-de-France,32,1
02052,D,F,maison,1988,42.9,196.0,2024-09-15,Hauts-de-France,32,0
62304,G,C,immeuble,1936,51.8,528.0,2024-09-15,Hauts-de-France,32,1
80094,E,E,maison,1966,50.7,433.0,2024-09-15,Hauts-de-France,32,0
60387,A,F,appartement,1987,150.6,86.0,2024-09-16,Hauts-de-France,32,0
62323,E,D,appartement,1967,132.1,614.0,2024-09-16,Hauts-de-France,32,0
02201,D,F,maison,1975,158.9,324.0,2024-09-16,Hauts-de-France,32,0
62045,E,D,maison,1976,31.9,338.0,2024-09-16,Hauts-de-France,32,0
62116,D,C,maison,1968,34.1,268.0,2024-09-17,Hauts-de-France,32,0
02070,D,G,appartement,1991,174.9,174.0,2024-09-17,Hauts-de-France,32,0
62156,A,F,appartement,2006,49.1,110.0,2024-09-17,Hauts-de-France,32,0
59332,C,D,appartement,2006,69.5,236.0,2024-09-17,Hauts-de-France,32,0
59153,G,F,maison,1972,54.8,428.0,2024-09-18,Hauts-de-France,32,1
80039,B,F,maison,1993,36.5,62.0,2024-09-18,Hauts-de-France,32,0
62155,B,G,maison,2013,78.5,96.0,2024-09-18,Hauts-de-France,32,0
80243,F,G,maison,1939,145.0,389.0,2024-09-18,Hauts-de-France,32,1
60286,C,B,maison,1987,88.0,284.0,2024-09-19,Hauts-de-France,32,0
60379,E,D,appartement,1990,47.3,333.0,2024-09-19,Hauts-de-France,32,0
62033,G,B,appartement,1937,53.6,392.0,2024-09-19,Hauts-de-France,32,1
80293,C,G,appartement,1997,86.5,296.0,2024-09-19,Hauts-de-France,32,0
59331,B,D,appartement,1993,102.8,137.0,2024-09-20,Hauts-de-France,32,0
62089,B,D,appartement,2016,59.0,113.0,2024-09-20,Hauts-de-France,32,0
60206,D,F,appartement,1991,78.8,179.0,2024-09-20,Hauts-de-France,32,0
80116,F,F,appartement,1933,55.9,541.0,2024-09-20,Hauts-de-France,32,1
80288,E,B,maison,1972,47.6,580.0,2024-09-21,Hauts-de-France,32,0
02330,C,C,appartement,1992,67.8,238.0,2024-09-21,Hauts-de-France,32,0
59230,C,F,maison,2000,52.1,182.0,2024-09-21,Hauts-de-France,32,0
02168,F,C,appartement,1929,70.6,347.0,2024-09-21,Hauts-de-France,32,1
59147,D,D,maison,1966,174.6,165.0,2024-09-22,Hauts-de-France,32,0
02003,D,D,maison,1993,53.0,315.0,2024-09-22,Hauts-de-France,32,0
80326,G,G,appartement,1937,116.4,662.0,2024-09-22,Hauts-de-France,32,1
02285,E,D,maison,1980,88.3,687.0,2024-09-22,Hauts-de-France,32,0
02369,D,C,maison,1978,47.9,246.0,2024-09-23,Hauts-de-France,32,0
80264,D,B,appartement,1978,87.8,239.0,2024-09-23,Hauts-de-France,32,0
60299,E,E,appartement,1980,58.5,670.0,2024-09-23,Hauts-de-France,32,0
59114,G,G,maison,1973,25.5,522.0,2024-09-24,Hauts-de-France,32,1
60020,D,B,maison,1990,87.9,296.0,2024-09-24,Hauts-de-France,32,0
59385,G,F,appartement,1964,84.7,680.0,2024-09-24,Hauts-de-France,32,1
02240,F,D,appartement,1936,146.0,410.0,2024-09-24,Hauts-de-France,32,1
02257,D,F,maison,1990,85.7,319.0,2024-09-25,Hauts-de-France,32,0
59378,G,F,appartement,1936,78.2,568.0,2024-09-25,Hauts-de-France,32,1
62272,D,C,maison,1982,67.3,177.0,2024-09-25,Hauts-de-France,32,0
59339,D,B,maison,1969,43.2,193.0,2024-09-25,Hauts-de-France,32,0
59095,F,G,maison,1939,49.7,547.0,2024-09-26,Hauts-de-France,32,1
80147,B,E,maison,2019,111.1,99.0,2024-09-26,Hauts-de-France,32,0
59094,F,E,appartement,1921,62.3,628.0,2024-09-26,Hauts-de-France,32,1
59123,E,E,immeuble,1990,44.8,534.0,2024-09-26,Hauts-de-France,32,0
59108,G,F,appartement,1922,80.6,462.0,2024-09-27,Hauts-de-France,32,1
80207,E,F,maison,1976,60.7,695.0,2024-09-27,Hauts-de-France,32,0
59057,D,E,maison,1968,68.9,324.0,2024-09-27,Hauts-de-France,32,0
59378,F,A,maison,1927,65.0,626.0,2024-09-27,Hauts-de-France,32,1
60116,E,C,maison,1969,65.5,624.0,2024-09-28,Hauts-de-France,32,0
59062,D,E,appartement,1994,22.8,175.0,2024-09-28,Hauts-de-France,32,0
60220,D,E,maison,1974,30.3,162.0,2024-09-28,Hauts-de-France,32,0
59052,E,E,maison,1989,30.5,522.0,2024-09-28,Hauts-de-France,32,0
59195,E,D,maison,1992,70.8,600.0,2024-09-29,Hauts-de-France,32,0
59161,E,E,maison,1967,164.4,471.0,2024-09-29,Hauts-de-France,32,0
59080,G,D,immeuble,1935,47.8,488.0,2024-09-29,Hauts-de-France,32,1
59078,C,C,appartement,2012,73.0,319.0,2024-09-29,Hauts-de-France,32,0
80141,F,G,maison,1956,48.0,532.0,2024-09-30,Hauts-de-France,32,1
60388,B,B,appartement,2011,29.7,111.0,2024-09-30,Hauts-de-France,32,0
59107,C,D,appartement,2002,97.9,172.0,2024-09-30,Hauts-de-France,32,0
62072,G,D,appartement,1970,74.8,550.0,2024-09-30,Hauts-de-France,32,1
60335,C,F,appartement,2009,61.1,174.0,2024-10-01,Hauts-de-France,32,0
60022,C,F,maison,1985,79.8,195.0,2024-10-01,Hauts-de-France,32,0
62276,E,D,maison,1992,66.2,508.0,2024-10-01,Hauts-de-France,32,0
62275,G,F,maison,1940,37.9,512.0,2024-10-01,Hauts-de-France,32,1
02118,D,G,maison,1972,30.2,174.0,2024-10-02,Hauts-de-France,32,0
02296,B,D,appartement,1985,25.2,103.0,2024-10-02,Hauts-de-France,32,0
60140,E,D,appartement,1975,47.6,449.0,2024-10-02,Hauts-de-France,32,0
02003,G,D,maison,1957,43.0,638.0,2024-10-02,Hauts-de-France,32,1
80272,E,C,maison,1971,45.9,332.0,2024-10-03,Hauts-de-France,32,0
02271,F,C,appartement,1965,29.3,611.0,2024-10-03,Hauts-de-France,32,1
02277,D,E,appartement,1993,102.8,151.0,2024-10-03,Hauts-de-France,32,0
02272,G,C,maison,1947,48.6,661.0,2024-10-03,Hauts-de-France,32,1
62190,D,D,maison,1988,118.4,275.0,2024-10-04,Hauts-de-France,32,0
62077,E,A,appartement,1983,39.1,680.0,2024-10-04,Hauts-de-France,32,0
60353,G,D,maison,1940,76.9,401.0,2024-10-04,Hauts-de-France,32,1
60253,F,B,maison,1962,80.3,444.0,2024-10-05,Hauts-de-France,32,1
59204,E,A,immeuble,1993,50.2,467.0,2024-10-05,Hauts-de-France,32,0
60038,G,A,maison,1961,26.1,354.0,2024-10-05,Hauts-de-France,32,1
80123,E,C,maison,1981,109.5,560.0,2024-10-05,Hauts-de-France,32,0
62296,D,E,maison,1967,55.7,230.0,2024-10-06,Hauts-de-France,32,0
60392,G,D,appartement,1953,92.4,360.0,2024-10-06,Hauts-de-France,32,1
62184,F,B,maison,1943,131.2,442.0,2024-10-06,Hauts-de-France,32,1
80112,E,G,maison,1980,44.1,421.0,2024-10-06,Hauts-de-France,32,0
60365,E,F,maison,1990,87.0,469.0,2024-10-07,Hauts-de-France,32,0
80063,B,E,appartement,2009,57.9,81.0,2024-10-07,Hauts-de-France,32,0
60362,E,F,maison,1975,83.0,601.0,2024-10-07,Hauts-de-France,32,0
80273,F,C,maison,1951,126.0,681.0,2024-10-07,Hauts-de-France,32,1
62172,E,C,appartement,1987,33.8,580.0,2024-10-08,Hauts-de-France,32,0
80040,G,E,maison,1937,90.8,580.0,2024-10-08,Hauts-de-France,32,1
02182,C,E,maison,2008,100.3,308.0,2024-10-08,Hauts-de-France,32,0
60346,C,E,maison,2008,56.3,277.0,2024-10-08,Hauts-de-France,32,0
62318,B,F,appartement,1995,79.7,130.0,2024-10-09,Hauts-de-France,32,0
60233,D,G,maison,1969,45.4,229.0,2024-10-09,Hauts-de-France,32,0
02264,D,F,appartement,1992,40.2,207.0,2024-10-09,Hauts-de-France,32,0
80362,D,E,appartement,1991,51.1,213.0,2024-10-09,Hauts-de-France,32,0
60233,D,D,maison,1969,88.7,322.0,2024-10-10,Hauts-de-France,32,0
60110,F,C,appartement,1968,68.5,614.0,2024-10-10,Hauts-de-France,32,1
59093,C,E,appartement,2013,44.6,321.0,2024-10-10,Hauts-de-France,32,0
62023,D,E,maison,1978,133.8,223.0,2024-10-10,Hauts-de-France,32,0
80156,F,F,maison,1920,44.7,472.0,2024-10-11,Hauts-de-France,32,1
62266,C,G,maison,2015,43.1,215.0,2024-10-11,Hauts-de-France,32,0
62225,F,D,maison,1927,73.6,384.0,2024-10-11,Hauts-de-France,32,1
80310,F,F,maison,1968,80.2,359.0,2024-10-11,Hauts-de-France,32,1
60210,F,D,maison,1922,33.2,562.0,2024-10-12,Hauts-de-France,32,1
59251,D,F,maison,1981,62.3,205.0,2024-10-12,Hauts-de-France,32,0
62004,E,F,maison,1988,111.7,493.0,2024-10-12,Hauts-de-France,32,0
60165,F,D,immeuble,1951,150.9,492.0,2024-10-12,Hauts-de-France,32,1
60292,E,E,maison,1967,58.1,370.0,2024-10-13,Hauts-de-France,32,0
62252,G,F,appartement,1936,71.6,629.0,2024-10-13,Hauts-de-France,32,1
62230,D,D,maison,1979,51.1,234.0,2024-10-13,Hauts-de-France,32,0
02136,E,D,appartement,1966,53.2,415.0,2024-10-13,Hauts-de-France,32,0
02364,E,D,appartement,1971,22.1,449.0,2024-10-14,Hauts-de-France,32,0
62079,D,D,appartement,1979,52.5,296.0,2024-10-14,Hauts-de-France,32,0
62196,F,F,appartement,1966,54.4,463.0,2024-10-14,Hauts-de-France,32,1
59225,G,D,maison,1922,79.9,334.0,2024-10-14,Hauts-de-France,32,1
59187,F,E,maison,1930,133.8,528.0,2024-10-15,Hauts-de-France,32,1
62239,A,F,maison,1988,61.0,84.0,2024-10-15,Hauts-de-France,32,0
60011,D,F,appartement,1984,23.2,263.0,2024-10-15,Hauts-de-France,32,0
62278,C,E,maison,2019,65.4,319.0,2024-10-16,Hauts-de-France,32,0
80357,C,C,maison,1992,64.5,160.0,2024-10-16,Hauts-de-France,32,0
60146,D,C,maison,1993,148.9,230.0,2024-10-16,Hauts-de-France,32,0
80055,G,B,appartement,1934,160.1,670.0,2024-10-16,Hauts-de-France,32,1
62019,E,C,appartement,1965,64.4,577.0,2024-10-17,Hauts-de-France,32,0
80329,G,D,appartement,1942,110.2,603.0,2024-10-17,Hauts-de-France,32,1
62238,D,F,appartement,1973,54.4,215.0,2024-10-17,Hauts-de-France,32,0
59190,G,D,appartement,1953,116.5,493.0,2024-10-17,Hauts-de-France,32,1
59056,E,F,immeuble,1971,34.6,422.0,2024-10-18,Hauts-de-France,32,0
60260,E,C,appartement,1983,139.1,437.0,2024-10-18,Hauts-de-France,32,0
62285,F,E,appartement,1974,45.7,575.0,2024-10-18,Hauts-de-France,32,1
02039,D,E,appartement,1985,48.9,279.0,2024-10-18,Hauts-de-France,32,0
59106,C,B,maison,1997,152.1,268.0,2024-10-19,Hauts-de-France,32,0
80332,E,E,maison,1989,87.7,633.0,2024-10-19,Hauts-de-France,32,0
02060,G,G,appartement,1968,119.0,697.0,2024-10-19,Hauts-de-France,32,1
62201,G,B,appartement,1972,166.3,422.0,2024-10-19,Hauts-de-France,32,1
02259,B,F,maison,1997,93.8,56.0,2024-10-20,Hauts-de-France,32,0
62066,E,E,maison,1980,25.7,479.0,2024-10-20,Hauts-de-France,32,0
02349,F,G,maison,1921,96.3,643.0,2024-10-20,Hauts-de-France,32,1
02224,F,E,appartement,1953,121.4,670.0,2024-10-20,Hauts-de-France,32,1
60163,C,C,appartement,2009,71.5,282.0,2024-10-21,Hauts-de-France,32,0
62219,A,F,appartement,1986,59.1,147.0,2024-10-21,Hauts-de-France,32,0
02194,D,G,maison,1968,19.2,277.0,2024-10-21,Hauts-de-France,32,0
62077,E,G,appartement,1976,97.4,446.0,2024-10-21,Hauts-de-France,32,0
62098,F,F,appartement,1959,39.1,383.0,2024-10-22,Hauts-de-France,32,1
02396,E,D,maison,1978,45.6,695.0,2024-10-22,Hauts-de-France,32,0
02270,F,B,appartement,1923,90.3,373.0,2024-10-22,Hauts-de-France,32,1
02261,G,E,maison,1937,18.7,565.0,2024-10-22,Hauts-de-France,32,1
59085,F,C,immeuble,1930,53.6,364.0,2024-10-23,Hauts-de-France,32,1
59248,D,D,appartement,1966,72.3,287.0,2024-10-23,Hauts-de-France,32,0
62379,A,D,immeuble,1988,56.3,75.0,2024-10-23,Hauts-de-France,32,0
59372,G,C,maison,1921,56.5,535.0,2024-10-23,Hauts-de-France,32,1
80215,C,E,maison,2001,73.7,204.0,2024-10-24,Hauts-de-France,32,0
59242,G,C,immeuble,1973,69.0,495.0,2024-10-24,Hauts-de-France,32,1
60083,F,E,maison,1965,89.6,566.0,2024-10-24,Hauts-de-France,32,1
02270,C,D,appartement,2007,80.0,152.0,2024-10-24,Hauts-de-France,32,0
02016,G,F,maison,1971,63.9,618.0,2024-10-25,Hauts-de-France,32,1
60355,F,E,maison,1925,126.2,493.0,2024-10-25,Hauts-de-France,32,1
59374,F,D,maison,1965,41.0,482.0,2024-10-25,Hauts-de-France,32,1
60271,F,F,appartement,1951,85.7,576.0,2024-10-25,Hauts-de-France,32,1
59035,A,F,appartement,2012,218.1,146.0,2024-10-26,Hauts-de-France,32,0
60176,F,E,maison,1952,73.2,593.0,2024-10-26,Hauts-de-France,32,1
60144,G,E,maison,1966,50.9,365.0,2024-10-26,Hauts-de-France,32,1
59027,G,E,maison,1930,109.3,339.0,2024-10-27,Hauts-de-France,32,1
02184,F,C,appartement,1928,76.2,382.0,2024-10-27,Hauts-de-France,32,1
80056,F,G,appartement,1965,77.3,614.0,2024-10-27,Hauts-de-France,32,1
62164,G,F,appartement,1927,40.5,473.0,2024-10-27,Hauts-de-France,32,1
59007,D,B,maison,1979,84.2,307.0,2024-10-28,Hauts-de-France,32,0
60301,E,F,maison,1985,73.2,395.0,2024-10-28,Hauts-de-France,32,0
80120,E,B,maison,1977,56.0,366.0,2024-10-28,Hauts-de-France,32,0
60398,G,C,maison,1967,53.6,417.0,2024-10-28,Hauts-de-France,32,1
02217,F,F,appartement,1964,52.5,608.0,2024-10-29,Hauts-de-France,32,1
80163,E,E,appartement,1984,88.8,511.0,2024-10-29,Hauts-de-France,32,0
62300,C,D,maison,1990,26.2,222.0,2024-10-29,Hauts-de-France,32,0
80383,C,E,maison,1994,37.5,261.0,2024-10-29,Hauts-de-France,32,0
80181,G,D,appartement,1945,113.1,425.0,2024-10-30,Hauts-de-France,32,1
80180,G,C,maison,1951,64.2,397.0,2024-10-30,Hauts-de-France,32,1
02236,F,E,appartement,1963,61.8,661.0,2024-10-30,Hauts-de-France,32,1
59099,C,D,immeuble,2000,32.6,324.0,2024-10-30,Hauts-de-France,32,0
62211,D,G,appartement,1976,86.3,222.0,2024-10-31,Hauts-de-France,32,0
62294,F,E,appartement,1953,19.9,684.0,2024-10-31,Hauts-de-France,32,1
59085,A,F,maison,2013,35.3,108.0,2024-10-31,Hauts-de-France,32,0
62300,G,G,maison,1943,39.5,558.0,2024-10-31,Hauts-de-France,32,1
59279,F,F,maison,1971,83.0,333.0,2024-11-01,Hauts-de-France,32,1
62187,G,C,maison,1928,53.3,645.0,2024-11-01,Hauts-de-France,32,1
62254,D,D,maison,1992,82.8,261.0,2024-11-01,Hauts-de-France,32,0
62143,D,D,maison,1991,30.0,195.0,2024-11-01,Hauts-de-France,32,0
80391,D,E,maison,1973,68.3,308.0,2024-11-02,Hauts-de-France,32,0
59238,F,F,appartement,1944,88.8,652.0,2024-11-02,Hauts-de-France,32,1
80164,G,E,maison,1939,35.1,516.0,2024-11-02,Hauts-de-France,32,1
02100,A,D,maison,1992,127.8,99.0,2024-11-02,Hauts-de-France,32,0
62062,F,E,maison,1942,110.1,629.0,2024-11-03,Hauts-de-France,32,1
80310,F,D,appartement,1961,103.2,536.0,2024-11-03,Hauts-de-France,32,1
02273,G,F,maison,1973,172.1,513.0,2024-11-03,Hauts-de-France,32,1
80175,B,A,appartement,2015,24.6,91.0,2024-11-03,Hauts-de-France,32,0
60266,G,D,maison,1955,106.9,534.0,2024-11-04,Hauts-de-France,32,1
59202,B,D,appartement,2018,79.9,128.0,2024-11-04,Hauts-de-France,32,0
60103,G,F,maison,1965,61.7,451.0,2024-11-04,Hauts-de-France,32,1
02237,E,E,appartement,1988,92.4,431.0,2024-11-04,Hauts-de-France,32,0
02284,D,D,appartement,1992,59.9,154.0,2024-11-05,Hauts-de-France,32,0
80382,G,D,maison,1941,39.5,425.0,2024-11-05,Hauts-de-France,32,1
60133,F,D,maison,1963,87.8,593.0,2024-11-05,Hauts-de-France,32,1
60364,G,G,maison,1962,98.1,358.0,2024-11-05,Hauts-de-France,32,1
62320,F,D,maison,1925,40.9,432.0,2024-11-06,Hauts-de-France,32,1
60389,D,E,appartement,1989,110.0,330.0,2024-11-06,Hauts-de-France,32,0
60275,G,D,appartement,1958,83.0,539.0,2024-11-06,Hauts-de-France,32,1
62137,D,F,appartement,1985,81.4,254.0,2024-11-07,Hauts-de-France,32,0
02256,C,E,maison,1997,110.2,290.0,2024-11-07,Hauts-de-France,32,0
02159,F,E,appartement,1929,81.8,534.0,2024-11-07,Hauts-de-France,32,1
60118,E,G,appartement,1984,64.0,394.0,2024-11-07,Hauts-de-France,32,0
62355,C,F,maison,1988,52.6,266.0,2024-11-08,Hauts-de-France,32,0
80061,E,D,appartement,1971,24.0,366.0,2024-11-08,Hauts-de-France,32,0
62078,G,E,appartement,1963,78.6,462.0,2024-11-08,Hauts-de-France,32,1
62241,F,D,appartement,1924,59.4,551.0,2024-11-08,Hauts-de-France,32,1
60305,E,E,appartement,1971,48.7,532.0,2024-11-09,Hauts-de-France,32,0
59370,G,E,appartement,1951,89.9,365.0,2024-11-09,Hauts-de-France,32,1
80320,C,E,maison,1994,71.4,253.0,2024-11-09,Hauts-de-France,32,0
80117,E,B,maison,1983,49.9,456.0,2024-11-09,Hauts-de-France,32,0
60094,C,C,appartement,1997,124.8,299.0,2024-11-10,Hauts-de-France,32,0
62068,E,E,maison,1973,211.1,627.0,2024-11-10,Hauts-de-France,32,0
80088,E,E,appartement,1985,62.7,655.0,2024-11-10,Hauts-de-France,32,0
62176,F,C,appartement,1938,53.7,568.0,2024-11-10,Hauts-de-France,32,1
02354,D,B,maison,1982,45.3,168.0,2024-11-11,Hauts-de-France,32,0
60266,E,F,maison,1973,55.6,652.0,2024-11-11,Hauts-de-France,32,0
80121,D,F,appartement,1969,29.7,230.0,2024-11-11,Hauts-de-France,32,0
60014,D,E,appartement,1989,70.1,303.0,2024-11-11,Hauts-de-France,32,0
62263,F,B,maison,1936,76.0,437.0,2024-11-12,Hauts-de-France,32,1
62357,D,C,maison,1966,65.4,277.0,2024-11-12,Hauts-de-France,32,0
02062,E,B,appartement,1971,43.0,449.0,2024-11-12,Hauts-de-France,32,0
02186,G,C,maison,1938,94.1,512.0,2024-11-12,Hauts-de-France,32,1
60081,F,E,appartement,1936,48.5,483.0,2024-11-13,Hauts-de-France,32,1
60139,G,G,maison,1953,65.4,690.0,2024-11-13,Hauts-de-France,32,1
80309,D,C,appartement,1990,111.5,308.0,2024-11-13,Hauts-de-France,32,0
60209,D,D,maison,1983,35.6,245.0,2024-11-13,Hauts-de-France,32,0
02181,D,F,appartement,1980,84.5,281.0,2024-11-14,Hauts-de-France,32,0
59231,E,E,appartement,1991,78.1,569.0,2024-11-14,Hauts-de-France,32,0
59221,F,C,maison,1936,34.3,395.0,2024-11-14,Hauts-de-France,32,1
60001,D,F,maison,1978,197.2,276.0,2024-11-14,Hauts-de-France,32,0
60064,E,E,appartement,1993,89.4,425.0,2024-11-15,Hauts-de-France,32,0
02145,D,C,maison,1981,120.3,275.0,2024-11-15,Hauts-de-France,32,0
60125,C,E,maison,1986,47.4,245.0,2024-11-15,Hauts-de-France,32,0
02049,E,D,maison,1968,70.1,654.0,2024-11-15,Hauts-de-France,32,0
62284,G,D,immeuble,1936,78.0,619.0,2024-11-16,Hauts-de-France,32,1
60029,F,E,immeuble,1967,45.9,460.0,2024-11-16,Hauts-de-France,32,1
80065,E,E,appartement,1972,44.3,657.0,2024-11-16,Hauts-de-France,32,0
59055,G,C,immeuble,1941,50.5,555.0,2024-11-16,Hauts-de-France,32,1
60076,G,D,maison,1927,60.9,692.0,2024-11-17,Hauts-de-France,32,1
59377,F,B,appartement,1959,47.3,344.0,2024-11-17,Hauts-de-France,32,1
02390,F,D,appartement,1959,74.9,468.0,2024-11-17,Hauts-de-France,32,1
62322,C,D,maison,2005,100.4,261.0,2024-11-18,Hauts-de-France,32,0
80161,F,G,appartement,1958,89.0,561.0,2024-11-18,Hauts-de-France,32,1
59155,F,F,maison,1949,120.6,397.0,2024-11-18,Hauts-de-France,32,1
62098,F,A,maison,1966,120.3,606.0,2024-11-18,Hauts-de-France,32,1
02094,D,D,appartement,1978,45.0,221.0,2024-11-19,Hauts-de-France,32,0
59049,D,E,maison,1969,25.3,315.0,2024-11-19,Hauts-de-France,32,0
62019,C,F,maison,1996,84.7,238.0,2024-11-19,Hauts-de-France,32,0
80240,B,G,maison,2019,75.2,50.0,2024-11-19,Hauts-de-France,32,0
62274,E,C,appartement,1992,138.8,516.0,2024-11-20,Hauts-de-France,32,0
60116,F,D,appartement,1939,52.3,505.0,2024-11-20,Hauts-de-France,32,1
02166,E,D,maison,1975,24.5,619.0,2024-11-20,Hauts-de-France,32,0
62365,C,D,maison,1993,30.0,162.0,2024-11-20,Hauts-de-France,32,0
60006,E,G,maison,1978,54.5,641.0,2024-11-21,Hauts-de-France,32,0
60331,F,C,immeuble,1963,55.5,641.0,2024-11-21,Hauts-de-France,32,1
62167,C,F,appartement,1992,63.8,245.0,2024-11-21,Hauts-de-France,32,0
02331,D,E,maison,1984,67.2,165.0,2024-11-21,Hauts-de-France,32,0
60340,E,F,immeuble,1985,24.2,441.0,2024-11-22,Hauts-de-France,32,0
80119,C,F,maison,1987,74.1,213.0,2024-11-22,Hauts-de-France,32,0
80202,F,E,maison,1933,35.7,448.0,2024-11-22,Hauts-de-France,32,1
60326,D,F,maison,1971,45.0,278.0,2024-11-22,Hauts-de-France,32,0
60032,D,D,maison,1982,50.3,228.0,2024-11-23,Hauts-de-France,32,0
02230,C,B,maison,2007,56.5,218.0,2024-11-23,Hauts-de-France,32,0
62011,F,F,appartement,1949,58.3,394.0,2024-11-23,Hauts-de-France,32,1
80180,E,E,maison,1974,93.4,644.0,2024-11-23,Hauts-de-France,32,0
59299,G,G,appartement,1939,67.8,539.0,2024-11-24,Hauts-de-France,32,1
62288,E,E,maison,1983,160.1,409.0,2024-11-24,Hauts-de-France,32,0
80042,E,G,maison,1969,50.3,694.0,2024-11-24,Hauts-de-France,32,0
80332,E,D,maison,1968,77.7,615.0,2024-11-24,Hauts-de-France,32,0
60109,D,F,maison,1985,73.1,221.0,2024-11-25,Hauts-de-France,32,0
60002,F,F,appartement,1955,122.6,406.0,2024-11-25,Hauts-de-France,32,1
80082,F,C,maison,1921,35.7,651.0,2024-11-25,Hauts-de-France,32,1
62155,C,D,appartement,2015,27.1,255.0,2024-11-25,Hauts-de-France,32,0
60300,G,D,maison,1922,58.8,664.0,2024-11-26,Hauts-de-France,32,1
60008,D,B,maison,1979,130.9,324.0,2024-11-26,Hauts-de-France,32,0
80090,D,A,appartement,1988,45.1,218.0,2024-11-26,Hauts-de-France,32,0
60371,E,D,immeuble,1983,76.5,398.0,2024-11-26,Hauts-de-France,32,0
62008,D,E,maison,1992,107.0,274.0,2024-11-27,Hauts-de-France,32,0
80050,D,E,appartement,1984,24.6,195.0,2024-11-27,Hauts-de-France,32,0
62298,D,E,maison,1972,118.9,219.0,2024-11-27,Hauts-de-France,32,0
59124,E,C,maison,1980,47.0,636.0,2024-11-27,Hauts-de-France,32,0
80183,E,G,appartement,1972,34.9,552.0,2024-11-28,Hauts-de-France,32,0
60114,C,F,appartement,1985,103.1,274.0,2024-11-28,Hauts-de-France,32,0
02152,A,E,appartement,2014,104.9,68.0,2024-11-28,Hauts-de-France,32,0
80356,G,E,appartement,1935,50.9,346.0,2024-11-29,Hauts-de-France,32,1
59251,G,E,appartement,1944,160.2,374.0,2024-11-29,Hauts-de-France,32,1
62042,E,F,maison,1972,104.1,535.0,2024-11-29,Hauts-de-France,32,0
60288,F,C,maison,1946,80.9,360.0,2024-11-29,Hauts-de-France,32,1
60399,D,D,appartement,1991,111.3,270.0,2024-11-30,Hauts-de-France,32,0
80223,D,E,maison,1976,61.8,280.0,2024-11-30,Hauts-de-France,32,0
62167,F,D,appartement,1952,79.4,643.0,2024-11-30,Hauts-de-France,32,1
62131,E,E,maison,1975,183.7,499.0,2024-11-30,Hauts-de-France,32,0
02270,F,F,appartement,1928,81.2,469.0,2024-12-01,Hauts-de-France,32,1
02300,A,E,appartement,1995,49.8,143.0,2024-12-01,Hauts-de-France,32,0
02012,C,C,maison,2018,77.1,272.0,2024-12-01,Hauts-de-France,32,0
62071,F,E,appartement,1959,305.1,594.0,2024-12-01,Hauts-de-France,32,1
59187,C,D,maison,2009,43.8,321.0,2024-12-02,Hauts-de-France,32,0
02322,G,B,appartement,1948,158.1,700.0,2024-12-02,Hauts-de-France,32,1
60233,G,D,maison,1924,126.1,570.0,2024-12-02,Hauts-de-France,32,1
80240,F,G,maison,1955,52.0,369.0,2024-12-02,Hauts-de-France,32,1
59085,E,E,appartement,1991,44.1,573.0,2024-12-03,Hauts-de-France,32,0
80229,G,E,maison,1953,124.9,454.0,2024-12-03,Hauts-de-France,32,1
60196,B,D,maison,2000,71.0,80.0,2024-12-03,Hauts-de-France,32,0
60097,D,F,appartement,1982,106.1,302.0,2024-12-03,Hauts-de-France,32,0
62358,F,B,appartement,1957,40.0,380.0,2024-12-04,Hauts-de-France,32,1
02146,G,F,appartement,1933,76.8,507.0,2024-12-04,Hauts-de-France,32,1
62249,E,F,appartement,1991,138.3,426.0,2024-12-04,Hauts-de-France,32,0
80039,D,E,maison,1992,79.0,254.0,2024-12-04,Hauts-de-France,32,0
60072,D,E,maison,1973,108.8,296.0,2024-12-05,Hauts-de-France,32,0
60297,D,E,appartement,1994,245.4,283.0,2024-12-05,Hauts-de-France,32,0
62171,E,D,appartement,1986,85.4,492.0,2024-12-05,Hauts-de-France,32,0
80238,G,F,appartement,1933,63.8,537.0,2024-12-05,Hauts-de-France,32,1
02356,D,F,maison,1987,44.0,186.0,2024-12-06,Hauts-de-France,32,0
80262,D,C,appartement,1990,113.3,191.0,2024-12-06,Hauts-de-France,32,0
60204,C,G,maison,2014,179.4,297.0,2024-12-06,Hauts-de-France,32,0
59333,D,E,maison,1977,62.5,174.0,2024-12-06,Hauts-de-France,32,0
62302,F,F,immeuble,1960,45.8,343.0,2024-12-07,Hauts-de-France,32,1
60339,F,E,maison,1920,85.5,545.0,2024-12-07,Hauts-de-France,32,1
60166,E,E,appartement,1978,110.0,474.0,2024-12-07,Hauts-de-France,32,0
02363,E,G,appartement,1979,107.1,604.0,2024-12-07,Hauts-de-France,32,0
62067,G,D,maison,1955,30.3,619.0,2024-12-08,Hauts-de-France,32,1
59120,G,E,appartement,1954,47.4,412.0,2024-12-08,Hauts-de-France,32,1
80134,G,E,appartement,1927,34.5,582.0,2024-12-08,Hauts-de-France,32,1
80071,F,D,appartement,1926,56.6,429.0,2024-12-08,Hauts-de-France,32,1
02303,B,D,appartement,2019,21.8,129.0,2024-12-09,Hauts-de-France,32,0
60105,G,D,appartement,1974,134.3,431.0,2024-12-09,Hauts-de-France,32,1
62293,G,B,maison,1931,53.7,488.0,2024-12-09,Hauts-de-France,32,1
80118,C,C,maison,1989,65.2,320.0,2024-12-10,Hauts-de-France,32,0
80292,D,F,maison,1989,67.5,240.0,2024-12-10,Hauts-de-France,32,0
59143,C,F,appartement,1985,89.3,241.0,2024-12-10,Hauts-de-France,32,0
59054,F,C,appartement,1966,65.8,471.0,2024-12-10,Hauts-de-France,32,1
02262,D,D,appartement,1983,81.9,231.0,2024-12-11,Hauts-de-France,32,0
62037,G,E,appartement,1935,174.3,634.0,2024-12-11,Hauts-de-France,32,1
80371,G,D,maison,1958,69.6,474.0,2024-12-11,Hauts-de-France,32,1
80277,D,D,appartement,1987,74.3,236.0,2024-12-11,Hauts-de-France,32,0
59065,E,G,maison,1977,92.3,338.0,2024-12-12,Hauts-de-France,32,0
59086,E,F,appartement,1966,68.7,449.0,2024-12-12,Hauts-de-France,32,0
02292,G,F,appartement,1968,68.0,595.0,2024-12-12,Hauts-de-France,32,1
80341,D,F,appartement,1971,74.5,179.0,2024-12-12,Hauts-de-France,32,0
02152,E,C,maison,1991,83.5,510.0,2024-12-13,Hauts-de-France,32,0
60315,F,D,appartement,1931,140.5,387.0,2024-12-13,Hauts-de-France,32,1
02073,D,D,appartement,1978,54.1,263.0,2024-12-13,Hauts-de-France,32,0
80335,E,D,appartement,1976,69.4,593.0,2024-12-13,Hauts-de-France,32,0
02003,F,D,appartement,1934,130.4,535.0,2024-12-14,Hauts-de-France,32,1
59170,E,D,immeuble,1968,44.8,338.0,2024-12-14,Hauts-de-France,32,0
80169,B,C,appartement,1991,65.1,118.0,2024-12-14,Hauts-de-France,32,0
02193,E,E,appartement,1967,37.4,660.0,2024-12-14,Hauts-de-France,32,0
62180,F,E,maison,1932,63.6,546.0,2024-12-15,Hauts-de-France,32,1
60007,D,E,appartement,1978,245.2,237.0,2024-12-15,Hauts-de-France,32,0
80060,C,B,appartement,2003,126.9,280.0,2024-12-15,Hauts-de-France,32,0
80322,E,E,maison,1974,208.4,394.0,2024-12-15,Hauts-de-France,32,0
59372,F,E,appartement,1930,105.8,342.0,2024-12-16,Hauts-de-France,32,1
59093,G,G,maison,1965,22.7,625.0,2024-12-16,Hauts-de-France,32,1
80142,G,C,maison,1921,81.0,557.0,2024-12-16,Hauts-de-France,32,1
59111,F,F,appartement,1920,41.2,553.0,2024-12-16,Hauts-de-France,32,1
60230,G,E,appartement,1946,58.9,487.0,2024-12-17,Hauts-de-France,32,1
59146,E,D,maison,1982,94.1,626.0,2024-12-17,Hauts-de-France,32,0
80019,E,F,appartement,1983,57.2,690.0,2024-12-17,Hauts-de-France,32,0
59200,E,B,immeuble,1978,29.7,657.0,2024-12-17,Hauts-de-France,32,0
62362,F,D,appartement,1962,103.7,595.0,2024-12-18,Hauts-de-France,32,1
59307,B,F,maison,2015,47.8,89.0,2024-12-18,Hauts-de-France,32,0
02152,G,D,appartement,1945,37.7,433.0,2024-12-18,Hauts-de-France,32,1
60037,E,D,maison,1985,51.5,494.0,2024-12-18,Hauts-de-France,32,0
62026,F,F,maison,1961,68.6,585.0,2024-12-19,Hauts-de-France,32,1
59143,D,F,appartement,1973,68.1,213.0,2024-12-19,Hauts-de-France,32,0
62164,E,D,maison,1979,42.7,440.0,2024-12-19,Hauts-de-France,32,0
62391,E,D,appartement,1987,80.6,402.0,2024-12-19,Hauts-de-France,32,0
02256,F,F,appartement,1968,44.4,562.0,2024-12-20,Hauts-de-France,32,1
60248,F,C,appartement,1943,23.6,619.0,2024-12-20,Hauts-de-France,32,1
02367,F,F,maison,1934,47.7,631.0,2024-12-20,Hauts-de-France,32,1
02261,G,G,appartement,1922,64.8,428.0,2024-12-21,Hauts-de-France,32,1
02064,E,E,maison,1993,58.9,627.0,2024-12-21,Hauts-de-France,32,0
62255,G,F,maison,1968,69.2,444.0,2024-12-21,Hauts-de-France,32,1
80006,E,G,appartement,1979,50.4,535.0,2024-12-21,Hauts-de-France,32,0
59203,C,E,maison,2017,42.6,273.0,2024-12-22,Hauts-de-France,32,0
60053,D,D,maison,1987,57.1,155.0,2024-12-22,Hauts-de-France,32,0
80382,F,D,maison,1933,85.9,478.0,2024-12-22,Hauts-de-France,32,1
80181,G,E,maison,1956,48.8,542.0,2024-12-22,Hauts-de-France,32,1
59284,C,D,appartement,2003,79.7,216.0,2024-12-23,Hauts-de-France,32,0
60004,D,E,appartement,1989,83.7,152.0,2024-12-23,Hauts-de-France,32,0
62042,E,G,appartement,1979,55.1,381.0,2024-12-23,Hauts-de-France,32,0
02190,E,F,maison,1987,68.6,491.0,2024-12-23,Hauts-de-France,32,0
60034,B,B,appartement,2012,45.1,54.0,2024-12-24,Hauts-de-France,32,0
02118,F,F,maison,1920,185.2,461.0,2024-12-24,Hauts-de-France,32,1
62017,C,D,appartement,2015,75.6,181.0,2024-12-24,Hauts-de-France,32,0
02051,G,F,appartement,1939,52.1,688.0,2024-12-24,Hauts-de-France,32,1
60390,C,F,appartement,1987,126.3,326.0,2024-12-25,Hauts-de-France,32,0
60133,D,G,maison,1986,82.4,319.0,2024-12-25,Hauts-de-France,32,0
02148,B,E,appartement,2001,37.8,53.0,2024-12-25,Hauts-de-France,32,0
59317,E,F,maison,1975,39.1,483.0,2024-12-25,Hauts-de-France,32,0
60041,D,A,maison,1968,143.5,209.0,2024-12-26,Hauts-de-France,32,0
80049,A,F,appartement,1998,39.9,93.0,2024-12-26,Hauts-de-France,32,0
80123,E,D,appartement,1982,212.8,522.0,2024-12-26,Hauts-de-France,32,0
60161,D,D,appartement,1972,65.0,287.0,2024-12-26,Hauts-de-France,32,0
60198,F,E,maison,1932,74.9,332.0,2024-12-27,Hauts-de-France,32,1
60068,F,D,appartement,1943,63.5,612.0,2024-12-27,Hauts-de-France,32,1
80368,F,F,maison,1955,52.3,537.0,2024-12-27,Hauts-de-France,32,1
02262,D,B,appartement,1994,83.5,257.0,2024-12-27,Hauts-de-France,32,0
80347,G,C,maison,1947,74.0,365.0,2024-12-28,Hauts-de-France,32,1
62320,E,D,maison,1986,73.8,657.0,2024-12-28,Hauts-de-France,32,0
59267,F,F,appartement,1955,56.1,490.0,2024-12-28,Hauts-de-France,32,1
02083,C,E,maison,1988,64.7,214.0,2024-12-28,Hauts-de-France,32,0
62323,G,C,immeuble,1927,212.9,690.0,2024-12-29,Hauts-de-France,32,1
80326,B,F,appartement,2014,51.6,65.0,2024-12-29,Hauts-de-France,32,0
60292,D,F,maison,1970,92.4,166.0,2024-12-29,Hauts-de-France,32,0
60367,E,E,maison,1977,126.2,637.0,2024-12-29,Hauts-de-France,32,0
80069,F,G,maison,1958,63.8,685.0,2024-12-30,Hauts-de-France,32,1
59130,F,D,maison,1966,103.1,395.0,2024-12-30,Hauts-de-France,32,1
62349,C,B,appartement,2011,71.9,162.0,2024-12-30,Hauts-de-France,32,0
62105,F,B,maison,1968,128.9,453.0,2024-12-31,Hauts-de-France,32,1
29349,E,A,appartement,1986,137.9,677.0,2021-07-01,Bretagne,53,0
56135,E,E,appartement,1967,122.0,584.0,2021-07-01,Bretagne,53,0
56215,D,E,maison,1972,88.7,157.0,2021-07-01,Bretagne,53,0
56366,F,B,appartement,1929,140.2,676.0,2021-07-01,Bretagne,53,1
35289,D,F,appartement,1969,70.4,295.0,2021-07-02,Bretagne,53,0
22121,G,D,immeuble,1929,29.6,530.0,2021-07-02,Bretagne,53,1
56164,F,B,appartement,1924,86.4,447.0,2021-07-02,Bretagne,53,1
22388,D,G,appartement,1977,126.4,224.0,2021-07-02,Bretagne,53,0
29035,B,D,immeuble,1999,55.4,110.0,2021-07-03,Bretagne,53,0
29240,F,B,appartement,1940,82.7,391.0,2021-07-03,Bretagne,53,1
29316,E,D,maison,1972,46.4,468.0,2021-07-03,Bretagne,53,0
29092,D,F,maison,1977,48.9,198.0,2021-07-03,Bretagne,53,0
35083,E,F,maison,1970,78.1,677.0,2021-07-04,Bretagne,53,0
29363,F,E,appartement,1924,63.2,652.0,2021-07-04,Bretagne,53,1
29381,F,A,maison,1942,86.1,483.0,2021-07-04,Bretagne,53,1
35264,F,D,maison,1941,37.8,495.0,2021-07-04,Bretagne,53,1
29317,G,D,maison,1964,74.1,395.0,2021-07-05,Bretagne,53,1
56279,E,A,immeuble,1980,65.9,474.0,2021-07-05,Bretagne,53,0
56370,C,B,appartement,1985,87.8,252.0,2021-07-05,Bretagne,53,0
29022,E,D,maison,1983,95.2,497.0,2021-07-05,Bretagne,53,0
56123,B,D,immeuble,2010,96.8,56.0,2021-07-06,Bretagne,53,0
35249,D,G,maison,1975,53.5,323.0,2021-07-06,Bretagne,53,0
56049,F,A,maison,1969,43.2,502.0,2021-07-06,Bretagne,53,1
22013,C,B,appartement,2003,96.6,186.0,2021-07-06,Bretagne,53,0
22328,E,D,appartement,1986,131.0,562.0,2021-07-07,Bretagne,53,0
29297,E,F,maison,1968,33.8,496.0,2021-07-07,Bretagne,53,0
56203,D,D,appartement,1985,60.1,291.0,2021-07-07,Bretagne,53,0
22001,D,E,maison,1974,132.7,202.0,2021-07-07,Bretagne,53,0
29012,C,D,appartement,2009,109.3,310.0,2021-07-08,Bretagne,53,0
22222,C,G,maison,2013,68.0,307.0,2021-07-08,Bretagne,53,0
29259,G,B,appartement,1974,34.4,694.0,2021-07-08,Bretagne,53,1
35229,G,E,appartement,1941,49.6,455.0,2021-07-08,Bretagne,53,1
29327,C,F,maison,1991,54.7,243.0,2021-07-09,Bretagne,53,0
29136,E,E,appartement,1992,36.5,597.0,2021-07-09,Bretagne,53,0
22264,B,E,appartement,2002,124.3,96.0,2021-07-09,Bretagne,53,0
56386,E,A,immeuble,1979,42.9,639.0,2021-07-09,Bretagne,53,0
29268,D,E,maison,1973,101.7,226.0,2021-07-10,Bretagne,53,0
56318,F,E,maison,1920,82.4,617.0,2021-07-10,Bretagne,53,1
35038,C,D,appartement,2003,119.6,287.0,2021-07-10,Bretagne,53,0
29052,E,E,maison,1969,142.9,336.0,2021-07-10,Bretagne,53,0
22004,D,G,maison,1968,67.0,279.0,2021-07-11,Bretagne,53,0
29229,F,D,maison,1965,48.4,663.0,2021-07-11,Bretagne,53,1
35372,A,D,maison,2003,25.0,86.0,2021-07-11,Bretagne,53,0
22299,C,E,appartement,2019,68.4,309.0,2021-07-12,Bretagne,53,0
35186,F,F,maison,1951,73.2,373.0,2021-07-12,Bretagne,53,1
29196,D,E,appartement,1969,162.6,297.0,2021-07-12,Bretagne,53,0
22071,D,F,appartement,1971,101.0,189.0,2021-07-12,Bretagne,53,0
35040,C,D,appartement,2007,110.2,264.0,2021-07-13,Bretagne,53,0
22219,E,D,maison,1994,38.9,628.0,2021-07-13,Bretagne,53,0
56108,G,G,appartement,1956,92.1,564.0,2021-07-13,Bretagne,53,1
35015,E,E,maison,1972,54.4,521.0,2021-07-13,Bretagne,53,0
22080,G,F,maison,1967,68.7,663.0,2021-07-14,Bretagne,53,1
29239,D,F,appartement,1982,33.1,152.0,2021-07-14,Bretagne,53,0
56059,D,D,maison,1987,136.1,307.0,2021-07-14,Bretagne,53,0
35350,B,G,maison,2001,42.6,96.0,2021-07-14,Bretagne,53,0
56399,G,D,maison,1960,47.2,543.0,2021-07-15,Bretagne,53,1
22127,D,E,appartement,1993,83.7,173.0,2021-07-15,Bretagne,53,0
29336,G,B,appartement,1968,125.8,454.0,2021-07-15,Bretagne,53,1
56055,B,D,appartement,2002,48.4,65.0,2021-07-15,Bretagne,53,0
35051,E,B,immeuble,1969,32.1,432.0,2021-07-16,Bretagne,53,0
22346,F,F,maison,1931,65.0,431.0,2021-07-16,Bretagne,53,1
35350,E,F,appartement,1987,107.0,386.0,2021-07-16,Bretagne,53,0
35311,D,B,appartement,1990,45.7,242.0,2021-07-16,Bretagne,53,0
29102,F,F,maison,1920,54.4,587.0,2021-07-17,Bretagne,53,1
56205,E,D,immeuble,1984,50.0,575.0,2021-07-17,Bretagne,53,0
56227,G,E,immeuble,1935,145.6,368.0,2021-07-17,Bretagne,53,1
35065,B,E,appartement,2014,133.5,126.0,2021-07-17,Bretagne,53,0
35203,E,C,appartement,1989,24.0,643.0,2021-07-18,Bretagne,53,0
35207,D,D,appartement,1965,30.5,186.0,2021-07-18,Bretagne,53,0
29360,F,G,maison,1939,42.0,495.0,2021-07-18,Bretagne,53,1
56229,D,F,appartement,1982,44.4,263.0,2021-07-18,Bretagne,53,0
35214,E,D,appartement,1989,50.6,553.0,2021-07-19,Bretagne,53,0
29243,F,C,appartement,1926,37.6,483.0,2021-07-19,Bretagne,53,1
56164,A,G,appartement,1994,70.7,101.0,2021-07-19,Bretagne,53,0
35217,A,E,maison,1993,89.9,102.0,2021-07-19,Bretagne,53,0
35380,E,D,maison,1987,78.3,546.0,2021-07-20,Bretagne,53,0
29064,D,B,immeuble,1988,62.6,271.0,2021-07-20,Bretagne,53,0
56271,E,D,appartement,1967,150.3,380.0,2021-07-20,Bretagne,53,0
22038,F,F,maison,1941,102.3,369.0,2021-07-20,Bretagne,53,1
22017,G,E,maison,1934,49.4,529.0,2021-07-21,Bretagne,53,1
35024,D,C,appartement,1972,78.6,306.0,2021-07-21,Bretagne,53,0
35272,D,G,maison,1992,144.8,314.0,2021-07-21,Bretagne,53,0
35153,C,E,maison,1985,44.0,207.0,2021-07-21,Bretagne,53,0
35329,E,G,immeuble,1985,37.1,456.0,2021-07-22,Bretagne,53,0
56379,G,G,maison,1929,39.0,562.0,2021-07-22,Bretagne,53,1
29167,D,B,maison,1992,65.3,192.0,2021-07-22,Bretagne,53,0
22003,C,D,immeuble,1993,127.9,271.0,2021-07-23,Bretagne,53,0
29097,C,C,maison,2013,68.8,208.0,2021-07-23,Bretagne,53,0
35375,F,G,maison,1946,28.4,525.0,2021-07-23,Bretagne,53,1
56027,C,G,maison,2018,93.0,248.0,2021-07-23,Bretagne,53,0
29117,F,A,maison,1920,50.4,416.0,2021-07-24,Bretagne,53,1
35084,D,E,maison,1966,87.7,213.0,2021-07-24,Bretagne,53,0
56389,G,E,appartement,1974,67.9,364.0,2021-07-24,Bretagne,53,1
35232,G,D,appartement,1946,120.6,632.0,2021-07-24,Bretagne,53,1
56237,G,C,appartement,1956,94.9,434.0,2021-07-25,Bretagne,53,1
29288,G,F,maison,1920,32.1,632.0,2021-07-25,Bretagne,53,1
22258,C,F,maison,2015,36.8,304.0,2021-07-25,Bretagne,53,0
29284,G,C,maison,1940,172.2,449.0,2021-07-25,Bretagne,53,1
22246,D,E,appartement,1968,91.4,179.0,2021-07-26,Bretagne,53,0
35392,F,F,maison,1927,110.5,468.0,2021-07-26,Bretagne,53,1
29126,D,E,maison,1969,99.1,285.0,2021-07-26,Bretagne,53,0
35179,C,C,maison,2007,52.0,312.0,2021-07-26,Bretagne,53,0
29397,C,E,appartement,2015,89.1,181.0,2021-07-27,Bretagne,53,0
35095,E,B,maison,1988,93.9,383.0,2021-07-27,Bretagne,53,0
22150,E,E,maison,1975,50.5,650.0,2021-07-27,Bretagne,53,0
22065,C,G,appartement,2010,45.9,169.0,2021-07-27,Bretagne,53,0
22018,F,E,appartement,1954,82.0,637.0,2021-07-28,Bretagne,53,1
22259,E,E,appartement,1967,137.8,640.0,2021-07-28,Bretagne,53,0
29253,F,G,maison,1928,53.7,504.0,2021-07-28,Bretagne,53,1
29373,G,D,maison,1934,82.5,458.0,2021-07-28,Bretagne,53,1
56357,F,F,maison,1954,64.4,551.0,2021-07-29,Bretagne,53,1
22256,G,B,maison,1970,64.0,621.0,2021-07-29,Bretagne,53,1
35140,F,E,appartement,1974,64.9,546.0,2021-07-29,Bretagne,53,1
22380,C,E,maison,2001,58.4,289.0,2021-07-29,Bretagne,53,0
22279,D,G,maison,1976,48.6,230.0,2021-07-30,Bretagne,53,0
22010,G,C,maison,1945,112.7,407.0,2021-07-30,Bretagne,53,1
29047,C,F,maison,2006,46.8,295.0,2021-07-30,Bretagne,53,0
29330,E,E,appartement,1985,44.1,573.0,2021-07-30,Bretagne,53,0
29201,F,F,maison,1971,72.3,510.0,2021-07-31,Bretagne,53,1
29366,E,G,appartement,1988,50.0,627.0,2021-07-31,Bretagne,53,0
22007,B,D,appartement,2003,43.1,78.0,2021-07-31,Bretagne,53,0
29185,F,A,maison,1922,31.5,486.0,2021-07-31,Bretagne,53,1
29233,D,E,maison,1966,38.9,232.0,2021-08-01,Bretagne,53,0
56163,D,E,immeuble,1969,124.7,292.0,2021-08-01,Bretagne,53,0
35114,B,G,maison,1994,80.2,133.0,2021-08-01,Bretagne,53,0
29132,G,F,maison,1928,39.1,567.0,2021-08-01,Bretagne,53,1
29032,B,E,maison,1986,60.3,57.0,2021-08-02,Bretagne,53,0
35072,B,C,maison,1997,182.9,142.0,2021-08-02,Bretagne,53,0
56335,B,G,appartement,2010,32.8,54.0,2021-08-02,Bretagne,53,0
56089,C,F,appartement,2009,109.4,241.0,2021-08-03,Bretagne,53,0
22104,E,G,maison,1983,18.0,376.0,2021-08-03,Bretagne,53,0
56250,C,D,maison,1998,40.6,163.0,2021-08-03,Bretagne,53,0
22259,F,B,immeuble,1938,25.2,452.0,2021-08-03,Bretagne,53,1
22013,D,C,maison,1972,31.1,261.0,2021-08-04,Bretagne,53,0
29330,D,E,maison,1968,127.5,170.0,2021-08-04,Bretagne,53,0
22351,F,G,appartement,1948,143.6,479.0,2021-08-04,Bretagne,53,1
35182,F,F,appartement,1969,46.0,362.0,2021-08-04,Bretagne,53,1
22057,C,D,appartement,2019,40.4,294.0,2021-08-05,Bretagne,53,0
29212,F,D,appartement,1932,78.1,383.0,2021-08-05,Bretagne,53,1
35197,D,F,maison,1965,157.6,298.0,2021-08-05,Bretagne,53,0
22245,C,C,appartement,2012,50.2,285.0,2021-08-05,Bretagne,53,0
22311,D,G,maison,1985,73.7,330.0,2021-08-06,Bretagne,53,0
35238,C,D,maison,1990,80.8,236.0,2021-08-06,Bretagne,53,0
22036,D,A,immeuble,1972,27.9,159.0,2021-08-06,Bretagne,53,0
35129,F,F,maison,1966,186.7,616.0,2021-08-06,Bretagne,53,1
56002,D,F,immeuble,1977,175.4,163.0,2021-08-07,Bretagne,53,0
56153,G,E,immeuble,1973,105.3,672.0,2021-08-07,Bretagne,53,1
35199,E,B,maison,1981,95.0,336.0,2021-08-07,Bretagne,53,0
22348,E,E,maison,1979,37.8,684.0,2021-08-07,Bretagne,53,0
56326,F,D,appartement,1925,99.4,511.0,2021-08-08,Bretagne,53,1
29064,D,G,maison,1974,56.3,168.0,2021-08-08,Bretagne,53,0
22263,C,F,appartement,1998,48.7,283.0,2021-08-08,Bretagne,53,0
22057,F,G,maison,1921,60.9,683.0,2021-08-08,Bretagne,53,1
35249,D,F,maison,1974,55.8,193.0,2021-08-09,Bretagne,53,0
35217,D,F,maison,1991,87.8,216.0,2021-08-09,Bretagne,53,0
22371,D,F,maison,1980,84.5,312.0,2021-08-09,Bretagne,53,0
35271,G,E,maison,1945,63.0,517.0,2021-08-09,Bretagne,53,1
35002,B,B,appartement,2002,18.0,53.0,2021-08-10,Bretagne,53,0
22316,G,G,maison,1955,37.0,551.0,2021-08-10,Bretagne,53,1
56392,E,F,maison,1966,147.7,512.0,2021-08-10,Bretagne,53,0
56001,E,D,maison,1987,67.6,621.0,2021-08-10,Bretagne,53,0
29078,D,C,appartement,1975,64.1,212.0,2021-08-11,Bretagne,53,0
56254,G,C,maison,1948,99.6,595.0,2021-08-11,Bretagne,53,1
29297,F,E,appartement,1967,53.6,446.0,2021-08-11,Bretagne,53,1
56382,F,E,appartement,1950,76.3,679.0,2021-08-11,Bretagne,53,1
35243,D,D,maison,1983,51.2,304.0,2021-08-12,Bretagne,53,0
29048,D,E,maison,1985,95.3,208.0,2021-08-12,Bretagne,53,0
35124,C,E,appartement,2003,151.3,197.0,2021-08-12,Bretagne,53,0
35327,F,G,appartement,1941,24.0,491.0,2021-08-12,Bretagne,53,1
56201,G,E,appartement,1956,42.7,381.0,2021-08-13,Bretagne,53,1
22285,E,F,maison,1968,116.8,575.0,2021-08-13,Bretagne,53,0
35082,C,D,maison,1998,64.0,165.0,2021-08-13,Bretagne,53,0
35013,F,D,maison,1947,38.1,628.0,2021-08-14,Bretagne,53,1
29250,A,C,maison,1990,48.3,148.0,2021-08-14,Bretagne,53,0
22335,G,E,maison,1934,37.7,463.0,2021-08-14,Bretagne,53,1
29096,D,D,maison,1984,49.0,195.0,2021-08-14,Bretagne,53,0
22109,F,F,maison,1933,35.4,690.0,2021-08-15,Bretagne,53,1
22278,C,E,maison,1991,40.1,292.0,2021-08-15,Bretagne,53,0
22135,D,A,maison,1968,63.5,326.0,2021-08-15,Bretagne,53,0
29260,C,G,maison,1997,36.8,267.0,2021-08-15,Bretagne,53,0
35215,E,B,immeuble,1965,37.0,507.0,2021-08-16,Bretagne,53,0
22159,D,E,appartement,1979,58.8,154.0,2021-08-16,Bretagne,53,0
56050,A,E,appartement,1985,65.3,127.0,2021-08-16,Bretagne,53,0
22081,E,E,appartement,1982,97.0,583.0,2021-08-16,Bretagne,53,0
56387,F,E,maison,1938,33.3,693.0,2021-08-17,Bretagne,53,1
56068,F,G,appartement,1938,28.9,343.0,2021-08-17,Bretagne,53,1
56096,G,D,appartement,1935,65.1,598.0,2021-08-17,Bretagne,53,1
29032,D,C,appartement,1967,27.6,181.0,2021-08-17,Bretagne,53,0
29350,C,D,appartement,1987,34.0,161.0,2021-08-18,Bretagne,53,0
29051,F,D,maison,1953,48.7,332.0,2021-08-18,Bretagne,53,1
35073,E,D,maison,1976,35.5,419.0,2021-08-18,Bretagne,53,0
22166,E,E,maison,1969,70.3,651.0,2021-08-18,Bretagne,53,0
29189,D,C,maison,1971,29.2,161.0,2021-08-19,Bretagne,53,0
56064,E,E,appartement,1983,35.1,629.0,2021-08-19,Bretagne,53,0
29208,E,C,maison,1967,59.6,390.0,2021-08-19,Bretagne,53,0
29045,D,G,appartement,1992,70.5,315.0,2021-08-19,Bretagne,53,0
56374,D,B,appartement,1994,48.9,198.0,2021-08-20,Bretagne,53,0
29321,D,G,appartement,1975,63.3,205.0,2021-08-20,Bretagne,53,0
56060,E,G,maison,1989,54.9,359.0,2021-08-20,Bretagne,53,0
35101,E,D,maison,1972,71.9,411.0,2021-08-20,Bretagne,53,0
56371,D,E,maison,1989,94.0,205.0,2021-08-21,Bretagne,53,0
22096,E,F,maison,1989,42.3,599.0,2021-08-21,Bretagne,53,0
56164,F,F,maison,1931,102.9,658.0,2021-08-21,Bretagne,53,1
29013,G,C,maison,1964,100.9,352.0,2021-08-21,Bretagne,53,1
35218,G,F,maison,1959,172.0,342.0,2021-08-22,Bretagne,53,1
56205,E,A,appartement,1976,71.7,459.0,2021-08-22,Bretagne,53,0
35104,E,B,maison,1990,95.7,408.0,2021-08-22,Bretagne,53,0
22059,D,E,appartement,1970,39.0,254.0,2021-08-22,Bretagne,53,0
29065,F,D,maison,1945,65.6,622.0,2021-08-23,Bretagne,53,1
35386,C,E,appartement,2014,47.2,290.0,2021-08-23,Bretagne,53,0
22391,D,D,appartement,1972,69.9,158.0,2021-08-23,Bretagne,53,0
29101,G,F,maison,1924,72.4,644.0,2021-08-23,Bretagne,53,1
29024,F,E,maison,1944,107.7,524.0,2021-08-24,Bretagne,53,1
56095,C,F,appartement,1985,29.6,244.0,2021-08-24,Bretagne,53,0
56237,F,C,maison,1954,92.1,473.0,2021-08-24,Bretagne,53,1
29231,D,E,maison,1980,33.8,268.0,2021-08-25,Bretagne,53,0
35215,C,F,maison,1985,29.0,324.0,2021-08-25,Bretagne,53,0
29061,D,E,immeuble,1980,76.2,180.0,2021-08-25,Bretagne,53,0
29206,G,D,appartement,1955,63.5,422.0,2021-08-25,Bretagne,53,1
56094,G,A,appartement,1974,22.9,560.0,2021-08-26,Bretagne,53,1
22127,D,F,appartement,1974,58.9,293.0,2021-08-26,Bretagne,53,0
29011,F,E,maison,1943,21.3,487.0,2021-08-26,Bretagne,53,1
35319,D,F,maison,1978,72.4,284.0,2021-08-26,Bretagne,53,0
35196,C,F,maison,1989,53.1,198.0,2021-08-27,Bretagne,53,0
56333,C,G,appartement,1995,41.0,280.0,2021-08-27,Bretagne,53,0
56169,E,A,appartement,1965,110.3,530.0,2021-08-27,Bretagne,53,0
56329,E,E,maison,1978,54.9,541.0,2021-08-27,Bretagne,53,0
35116,B,D,maison,2018,38.0,127.0,2021-08-28,Bretagne,53,0
22116,E,G,appartement,1988,68.1,532.0,2021-08-28,Bretagne,53,0
56398,B,D,appartement,2006,101.3,97.0,2021-08-28,Bretagne,53,0
22256,F,B,maison,1931,105.4,359.0,2021-08-28,Bretagne,53,1
35135,D,F,maison,1970,47.9,296.0,2021-08-29,Bretagne,53,0
22063,E,F,appartement,1968,132.9,522.0,2021-08-29,Bretagne,53,0
35262,F,F,appartement,1942,56.0,685.0,2021-08-29,Bretagne,53,1
29024,E,C,appartement,1973,104.5,602.0,2021-08-29,Bretagne,53,0
22027,E,D,maison,1988,67.1,645.0,2021-08-30,Bretagne,53,0
22164,D,D,maison,1972,86.2,325.0,2021-08-30,Bretagne,53,0
29057,C,D,appartement,2012,133.1,258.0,2021-08-30,Bretagne,53,0
29375,D,C,appartement,1965,142.1,229.0,2021-08-30,Bretagne,53,0
29182,E,D,appartement,1977,60.9,367.0,2021-08-31,Bretagne,53,0
56043,D,C,maison,1993,45.1,206.0,2021-08-31,Bretagne,53,0
35180,D,G,appartement,1978,64.6,289.0,2021-08-31,Bretagne,53,0
56103,E,D,appartement,1968,54.1,531.0,2021-08-31,Bretagne,53,0
22051,G,C,appartement,1971,65.6,648.0,2021-09-01,Bretagne,53,1
29259,F,E,maison,1949,39.5,530.0,2021-09-01,Bretagne,53,1
56360,F,E,maison,1930,69.6,474.0,2021-09-01,Bretagne,53,1
35044,C,D,appartement,1996,39.1,325.0,2021-09-01,Bretagne,53,0
29104,G,D,appartement,1972,49.6,424.0,2021-09-02,Bretagne,53,1
56005,F,D,appartement,1974,65.3,615.0,2021-09-02,Bretagne,53,1
35121,D,A,appartement,1972,48.3,162.0,2021-09-02,Bretagne,53,0
29220,E,E,maison,1977,38.8,440.0,2021-09-02,Bretagne,53,0
56068,E,D,immeuble,1973,59.4,440.0,2021-09-03,Bretagne,53,0
56018,D,E,appartement,1994,58.3,161.0,2021-09-03,Bretagne,53,0
29396,A,D,maison,1995,60.4,100.0,2021-09-03,Bretagne,53,0
56090,C,D,appartement,1989,66.6,283.0,2021-09-03,Bretagne,53,0
56263,C,F,appartement,2004,80.1,295.0,2021-09-04,Bretagne,53,0
56272,E,F,appartement,1970,100.3,642.0,2021-09-04,Bretagne,53,0
29313,G,E,maison,1962,74.7,565.0,2021-09-04,Bretagne,53,1
56129,C,D,immeuble,1999,26.0,189.0,2021-09-05,Bretagne,53,0
22247,B,E,maison,1999,73.3,100.0,2021-09-05,Bretagne,53,0
22187,E,B,maison,1965,28.5,564.0,2021-09-05,Bretagne,53,0
29264,D,G,appartement,1966,53.0,193.0,2021-09-05,Bretagne,53,0
22352,D,G,maison,1985,115.6,164.0,2021-09-06,Bretagne,53,0
29247,D,E,appartement,1978,62.2,325.0,2021-09-06,Bretagne,53,0
56392,B,F,appartement,1988,62.5,61.0,2021-09-06,Bretagne,53,0
22135,F,D,appartement,1971,33.3,445.0,2021-09-06,Bretagne,53,1
29082,D,E,appartement,1991,69.5,266.0,2021-09-07,Bretagne,53,0
56384,D,E,appartement,1965,23.5,157.0,2021-09-07,Bretagne,53,0
29014,C,D,maison,1992,48.5,272.0,2021-09-07,Bretagne,53,0
22297,E,B,maison,1966,47.0,618.0,2021-09-07,Bretagne,53,0
29024,D,F,appartement,1987,41.9,285.0,2021-09-08,Bretagne,53,0
22187,F,G,appartement,1929,39.1,446.0,2021-09-08,Bretagne,53,1
29025,D,D,immeuble,1985,72.6,183.0,2021-09-08,Bretagne,53,0
22181,F,D,maison,1927,34.3,520.0,2021-09-08,Bretagne,53,1
35206,E,E,maison,1976,61.2,527.0,2021-09-09,Bretagne,53,0
35381,D,C,appartement,1968,93.7,194.0,2021-09-09,Bretagne,53,0
22138,F,E,maison,1937,50.1,604.0,2021-09-09,Bretagne,53,1
29017,F,D,appartement,1972,40.2,511.0,2021-09-09,Bretagne,53,1
35223,F,D,appartement,1932,120.8,594.0,2021-09-10,Bretagne,53,1
35041,E,D,maison,1965,71.8,677.0,2021-09-10,Bretagne,53,0
35166,D,D,maison,1990,111.7,295.0,2021-09-10,Bretagne,53,0
35069,G,E,appartement,1939,99.4,516.0,2021-09-10,Bretagne,53,1
56376,E,F,appartement,1979,40.2,517.0,2021-09-11,Bretagne,53,0
56265,A,G,immeuble,1991,210.0,77.0,2021-09-11,Bretagne,53,0
22023,E,D,appartement,1988,97.8,607.0,2021-09-11,Bretagne,53,0
56175,D,F,maison,1986,35.3,293.0,2021-09-11,Bretagne,53,0
35122,C,B,appartement,2011,102.2,321.0,2021-09-12,Bretagne,53,0
56290,C,F,maison,1999,58.1,245.0,2021-09-12,Bretagne,53,0
35391,D,C,appartement,1989,52.2,217.0,2021-09-12,Bretagne,53,0
35031,G,E,appartement,1925,47.5,458.0,2021-09-12,Bretagne,53,1
56330,G,F,maison,1927,77.7,388.0,2021-09-13,Bretagne,53,1
29028,E,E,appartement,1977,87.3,370.0,2021-09-13,Bretagne,53,0
22279,G,E,appartement,1958,105.9,579.0,2021-09-13,Bretagne,53,1
35137,D,G,maison,1976,82.0,194.0,2021-09-13,Bretagne,53,0
35027,G,F,maison,1922,150.5,581.0,2021-09-14,Bretagne,53,1
56229,E,E,appartement,1971,78.2,692.0,2021-09-14,Bretagne,53,0
22324,C,G,maison,2000,62.3,264.0,2021-09-14,Bretagne,53,0
35217,G,D,appartement,1944,58.3,700.0,2021-09-14,Bretagne,53,1
35024,G,B,appartement,1932,72.3,480.0,2021-09-15,Bretagne,53,1
22167,C,A,maison,2012,52.6,266.0,2021-09-15,Bretagne,53,0
22146,G,B,maison,1926,118.1,685.0,2021-09-15,Bretagne,53,1
29238,E,F,maison,1993,82.4,594.0,2021-09-16,Bretagne,53,0
29219,C,F,maison,2007,125.1,231.0,2021-09-16,Bretagne,53,0
22126,D,E,appartement,1992,26.7,185.0,2021-09-16,Bretagne,53,0
35017,G,E,maison,1973,104.4,531.0,2021-09-16,Bretagne,53,1
29281,D,E,maison,1992,54.3,187.0,2021-09-17,Bretagne,53,0
29340,F,C,maison,1948,38.6,600.0,2021-09-17,Bretagne,53,1
22158,G,F,maison,1967,82.8,666.0,2021-09-17,Bretagne,53,1
22307,D,E,maison,1965,90.4,313.0,2021-09-17,Bretagne,53,0
35307,E,F,appartement,1970,57.7,488.0,2021-09-18,Bretagne,53,0
22174,E,C,appartement,1985,62.8,649.0,2021-09-18,Bretagne,53,0
29171,E,E,maison,1990,33.1,676.0,2021-09-18,Bretagne,53,0
56357,F,F,appartement,1952,138.2,483.0,2021-09-18,Bretagne,53,1
56024,D,G,appartement,1986,61.0,159.0,2021-09-19,Bretagne,53,0
56082,D,C,maison,1978,39.8,207.0,2021-09-19,Bretagne,53,0
22174,D,D,appartement,1989,40.4,252.0,2021-09-19,Bretagne,53,0
56094,C,G,appartement,2010,84.5,325.0,2021-09-19,Bretagne,53,0
29061,E,C,maison,1967,52.8,589.0,2021-09-20,Bretagne,53,0
56244,F,D,appartement,1947,34.2,556.0,2021-09-20,Bretagne,53,1
29022,E,G,appartement,1977,74.2,446.0,2021-09-20,Bretagne,53,0
22168,D,D,immeuble,1984,63.6,232.0,2021-09-20,Bretagne,53,0
22312,F,B,maison,1955,47.5,374.0,2021-09-21,Bretagne,53,1
35203,C,D,immeuble,1993,48.6,254.0,2021-09-21,Bretagne,53,0
22046,C,F,maison,2000,81.4,232.0,2021-09-21,Bretagne,53,0
56063,B,F,maison,1995,43.8,141.0,2021-09-21,Bretagne,53,0
35390,F,G,maison,1926,66.1,538.0,2021-09-22,Bretagne,53,1
29221,G,B,maison,1938,71.6,382.0,2021-09-22,Bretagne,53,1
29152,E,D,appartement,1994,160.0,612.0,2021-09-22,Bretagne,53,0
22207,A,E,appartement,2003,49.4,92.0,2021-09-22,Bretagne,53,0
35019,B,D,maison,2006,122.6,70.0,2021-09-23,Bretagne,53,0
56357,E,E,appartement,1978,108.5,598.0,2021-09-23,Bretagne,53,0
35119,E,E,appartement,1990,58.8,475.0,2021-09-23,Bretagne,53,0
22369,G,E,maison,1939,121.6,631.0,2021-09-23,Bretagne,53,1
35175,G,G,maison,1968,78.9,498.0,2021-09-24,Bretagne,53,1
56129,E,F,maison,1974,43.3,665.0,2021-09-24,Bretagne,53,0
29271,C,B,appartement,2015,36.1,244.0,2021-09-24,Bretagne,53,0
35190,A,D,maison,1990,86.9,54.0,2021-09-24,Bretagne,53,0
29187,D,C,maison,1992,97.8,285.0,2021-09-25,Bretagne,53,0
56376,F,C,maison,1958,33.3,614.0,2021-09-25,Bretagne,53,1
56251,C,F,appartement,1997,22.2,325.0,2021-09-25,Bretagne,53,0
56112,A,C,appartement,2002,69.2,70.0,2021-09-25,Bretagne,53,0
22340,F,B,maison,1921,67.2,640.0,2021-09-26,Bretagne,53,1
29382,D,F,maison,1973,36.5,180.0,2021-09-26,Bretagne,53,0
35315,C,G,maison,1999,71.0,307.0,2021-09-26,Bretagne,53,0
29320,D,F,appartement,1989,166.2,235.0,2021-09-27,Bretagne,53,0
22003,F,E,maison,1972,90.8,510.0,2021-09-27,Bretagne,53,1
29218,F,G,appartement,1949,43.0,535.0,2021-09-27,Bretagne,53,1
56385,D,A,appartement,1980,154.5,275.0,2021-09-27,Bretagne,53,0
35151,E,F,maison,1985,28.8,401.0,2021-09-28,Bretagne,53,0
35149,A,D,appartement,1997,158.0,67.0,2021-09-28,Bretagne,53,0
29253,F,B,maison,1970,147.2,486.0,2021-09-28,Bretagne,53,1
29144,D,D,maison,1972,40.2,321.0,2021-09-28,Bretagne,53,0
22060,F,D,appartement,1971,68.3,466.0,2021-09-29,Bretagne,53,1
29151,F,G,maison,1925,62.1,675.0,2021-09-29,Bretagne,53,1
22081,G,F,maison,1950,41.1,624.0,2021-09-29,Bretagne,53,1
35115,E,G,appartement,1977,83.0,456.0,2021-09-29,Bretagne,53,0
35096,D,E,appartement,1979,55.5,230.0,2021-09-30,Bretagne,53,0
22138,C,E,maison,2004,167.3,232.0,2021-09-30,Bretagne,53,0
35209,E,D,maison,1987,42.7,382.0,2021-09-30,Bretagne,53,0
22075,D,A,maison,1972,33.7,294.0,2021-09-30,Bretagne,53,0
56270,D,F,immeuble,1982,92.9,183.0,2021-10-01,Bretagne,53,0
29339,E,E,maison,1976,46.3,367.0,2021-10-01,Bretagne,53,0
22219,G,F,maison,1957,179.4,508.0,2021-10-01,Bretagne,53,1
29124,E,F,maison,1970,107.2,410.0,2021-10-01,Bretagne,53,0
29143,F,D,appartement,1930,119.6,552.0,2021-10-02,Bretagne,53,1
22170,G,D,appartement,1962,65.3,389.0,2021-10-02,Bretagne,53,1
29302,D,D,maison,1984,34.4,277.0,2021-10-02,Bretagne,53,0
22338,C,G,maison,2008,98.3,236.0,2021-10-02,Bretagne,53,0
35111,E,E,maison,1991,101.0,464.0,2021-10-03,Bretagne,53,0
22337,E,F,appartement,1991,173.6,332.0,2021-10-03,Bretagne,53,0
56368,B,C,maison,2015,100.7,102.0,2021-10-03,Bretagne,53,0
22273,D,F,maison,1994,32.2,162.0,2021-10-03,Bretagne,53,0
22057,D,E,maison,1971,62.1,183.0,2021-10-04,Bretagne,53,0
22369,F,E,appartement,1930,118.7,539.0,2021-10-04,Bretagne,53,1
22075,C,C,maison,1992,43.0,157.0,2021-10-04,Bretagne,53,0
29234,F,D,maison,1964,94.5,690.0,2021-10-04,Bretagne,53,1
22138,F,E,immeuble,1965,31.1,570.0,2021-10-05,Bretagne,53,1
56151,D,F,appartement,1993,61.5,322.0,2021-10-05,Bretagne,53,0
29331,G,E,maison,1943,56.9,601.0,2021-10-05,Bretagne,53,1
29095,E,C,maison,1980,36.7,685.0,2021-10-05,Bretagne,53,0
35310,E,D,immeuble,1991,104.7,479.0,2021-10-06,Bretagne,53,0
29025,C,D,maison,2006,73.6,323.0,2021-10-06,Bretagne,53,0
29286,E,G,appartement,1972,78.4,554.0,2021-10-06,Bretagne,53,0
29205,A,F,appartement,1991,33.0,122.0,2021-10-06,Bretagne,53,0
22039,D,F,appartement,1992,111.7,301.0,2021-10-07,Bretagne,53,0
29295,F,D,maison,1973,64.5,375.0,2021-10-07,Bretagne,53,1
35010,E,D,appartement,1980,76.3,543.0,2021-10-07,Bretagne,53,0
22026,F,A,maison,1920,50.0,682.0,2021-10-08,Bretagne,53,1
56201,D,D,appartement,1966,45.7,260.0,2021-10-08,Bretagne,53,0
22171,E,B,maison,1987,65.2,547.0,2021-10-08,Bretagne,53,0
35175,F,E,appartement,1954,98.2,408.0,2021-10-08,Bretagne,53,1
29286,D,D,maison,1986,47.3,291.0,2021-10-09,Bretagne,53,0
29109,C,D,maison,2012,80.1,226.0,2021-10-09,Bretagne,53,0
56066,C,F,maison,1992,69.2,153.0,2021-10-09,Bretagne,53,0
35375,E,C,appartement,1985,126.3,691.0,2021-10-09,Bretagne,53,0
56250,F,G,appartement,1952,133.1,457.0,2021-10-10,Bretagne,53,1
22292,F,D,appartement,1952,56.6,556.0,2021-10-10,Bretagne,53,1
22147,G,E,maison,1952,39.9,487.0,2021-10-10,Bretagne,53,1
22217,D,F,maison,1985,106.7,262.0,2021-10-10,Bretagne,53,0
22085,F,D,maison,1971,113.8,484.0,2021-10-11,Bretagne,53,1
22377,D,D,maison,1969,74.8,223.0,2021-10-11,Bretagne,53,0
22300,D,E,maison,1985,86.3,244.0,2021-10-11,Bretagne,53,0
29051,C,E,immeuble,2007,39.8,216.0,2021-10-11,Bretagne,53,0
35211,F,C,maison,1927,86.4,334.0,2021-10-12,Bretagne,53,1
56291,F,E,maison,1973,44.7,668.0,2021-10-12,Bretagne,53,1
29392,E,E,maison,1989,83.2,482.0,2021-10-12,Bretagne,53,0
35179,D,B,appartement,1983,83.8,296.0,2021-10-12,Bretagne,53,0
35027,D,D,maison,1983,46.0,170.0,2021-10-13,Bretagne,53,0
56054,E,D,appartement,1984,78.5,352.0,2021-10-13,Bretagne,53,0
29147,D,F,appartement,1972,97.7,259.0,2021-10-13,Bretagne,53,0
56063,A,D,appartement,1995,64.7,69.0,2021-10-13,Bretagne,53,0
22152,D,E,appartement,1970,117.7,292.0,2021-10-14,Bretagne,53,0
56252,B,D,maison,1995,93.6,147.0,2021-10-14,Bretagne,53,0
35228,G,E,maison,1956,88.4,580.0,2021-10-14,Bretagne,53,1
22151,G,F,maison,1950,40.6,488.0,2021-10-14,Bretagne,53,1
35233,F,G,appartement,1947,60.4,501.0,2021-10-15,Bretagne,53,1
56221,E,E,appartement,1992,109.5,500.0,2021-10-15,Bretagne,53,0
56207,F,E,appartement,1920,73.7,375.0,2021-10-15,Bretagne,53,1
35073,E,G,appartement,1968,71.1,452.0,2021-10-15,Bretagne,53,0
35155,C,D,appartement,2017,101.3,191.0,2021-10-16,Bretagne,53,0
22376,F,D,immeuble,1924,80.6,595.0,2021-10-16,Bretagne,53,1
35175,E,F,maison,1994,79.1,483.0,2021-10-16,Bretagne,53,0
35055,G,E,maison,1969,82.9,619.0,2021-10-16,Bretagne,53,1
56360,D,B,maison,1994,156.0,191.0,2021-10-17,Bretagne,53,0
29057,C,D,maison,2010,60.3,264.0,2021-10-17,Bretagne,53,0
35311,F,D,maison,1922,52.8,364.0,2021-10-17,Bretagne,53,1
22055,G,C,maison,1955,67.3,556.0,2021-10-17,Bretagne,53,1
22370,G,C,maison,1956,37.1,695.0,2021-10-18,Bretagne,53,1
22336,D,B,maison,1965,89.4,288.0,2021-10-18,Bretagne,53,0
35044,C,D,maison,2009,75.5,183.0,2021-10-18,Bretagne,53,0
56065,E,G,maison,1970,35.3,541.0,2021-10-19,Bretagne,53,0
22392,E,E,maison,1975,54.3,457.0,2021-10-19,Bretagne,53,0
35245,F,A,appartement,1950,86.3,459.0,2021-10-19,Bretagne,53,1
35368,F,F,appartement,1959,59.0,614.0,2021-10-19,Bretagne,53,1
22359,F,D,maison,1925,70.9,334.0,2021-10-20,Bretagne,53,1
35136,E,D,maison,1978,53.5,473.0,2021-10-20,Bretagne,53,0
29092,D,F,maison,1992,153.6,285.0,2021-10-20,Bretagne,53,0
56295,F,F,maison,1947,46.9,361.0,2021-10-20,Bretagne,53,1
56194,D,E,maison,1980,82.0,213.0,2021-10-21,Bretagne,53,0
35340,G,F,appartement,1968,40.8,668.0,2021-10-21,Bretagne,53,1
29223,D,F,maison,1987,58.1,238.0,2021-10-21,Bretagne,53,0
35242,D,G,maison,1979,77.2,188.0,2021-10-21,Bretagne,53,0
35364,C,D,appartement,1993,87.6,233.0,2021-10-22,Bretagne,53,0
22046,G,E,maison,1936,67.6,494.0,2021-10-22,Bretagne,53,1
29273,D,A,appartement,1987,124.1,309.0,2021-10-22,Bretagne,53,0
35222,F,C,appartement,1926,50.7,653.0,2021-10-22,Bretagne,53,1
56222,B,F,maison,1998,111.2,120.0,2021-10-23,Bretagne,53,0
29130,D,G,maison,1988,95.5,215.0,2021-10-23,Bretagne,53,0
56234,D,E,maison,1968,61.0,233.0,2021-10-23,Bretagne,53,0
22250,F,G,appartement,1925,38.1,696.0,2021-10-23,Bretagne,53,1
56111,F,C,maison,1965,87.5,582.0,2021-10-24,Bretagne,53,1
29351,F,G,appartement,1941,123.5,386.0,2021-10-24,Bretagne,53,1
29295,D,F,maison,1991,91.9,304.0,2021-10-24,Bretagne,53,0
35276,D,E,appartement,1988,64.1,290.0,2021-10-24,Bretagne,53,0
29386,E,D,maison,1991,48.5,552.0,2021-10-25,Bretagne,53,0
35161,A,C,immeuble,2013,65.2,75.0,2021-10-25,Bretagne,53,0
29247,G,F,appartement,1951,120.6,536.0,2021-10-25,Bretagne,53,1
29184,E,B,maison,1986,64.0,614.0,2021-10-25,Bretagne,53,0
56115,F,D,maison,1966,45.2,352.0,2021-10-26,Bretagne,53,1
35114,E,E,maison,1988,128.6,500.0,2021-10-26,Bretagne,53,0
35025,E,D,appartement,1966,169.6,620.0,2021-10-26,Bretagne,53,0
35270,B,F,maison,2019,53.7,110.0,2021-10-26,Bretagne,53,0
35306,E,D,maison,1986,36.9,442.0,2021-10-27,Bretagne,53,0
29344,E,D,appartement,1965,53.8,434.0,2021-10-27,Bretagne,53,0
35300,F,E,maison,1929,70.0,519.0,2021-10-27,Bretagne,53,1
56140,E,C,appartement,1981,30.6,583.0,2021-10-27,Bretagne,53,0
29349,D,E,maison,1974,48.4,154.0,2021-10-28,Bretagne,53,0
22276,E,D,appartement,1992,93.2,376.0,2021-10-28,Bretagne,53,0
29368,E,F,maison,1989,216.7,424.0,2021-10-28,Bretagne,53,0
56375,F,G,appartement,1954,39.5,526.0,2021-10-28,Bretagne,53,1
22095,A,E,appartement,2015,27.3,97.0,2021-10-29,Bretagne,53,0
22107,E,C,appartement,1970,70.8,618.0,2021-10-29,Bretagne,53,0
56066,E,C,appartement,1965,61.1,545.0,2021-10-29,Bretagne,53,0
56082,F,E,maison,1938,55.4,639.0,2021-10-30,Bretagne,53,1
56149,F,E,appartement,1922,95.8,547.0,2021-10-30,Bretagne,53,1
22041,B,C,appartement,2012,123.9,135.0,2021-10-30,Bretagne,53,0
22229,D,F,appartement,1989,99.9,206.0,2021-10-30,Bretagne,53,0
29018,E,D,appartement,1986,51.1,609.0,2021-10-31,Bretagne,53,0
35013,F,F,appartement,1945,62.3,404.0,2021-10-31,Bretagne,53,1
22216,C,D,maison,2002,18.0,249.0,2021-10-31,Bretagne,53,0
56009,D,F,appartement,1973,69.2,284.0,2021-10-31,Bretagne,53,0
35134,B,G,appartement,1988,63.2,146.0,2021-11-01,Bretagne,53,0
22274,F,E,appartement,1948,59.6,377.0,2021-11-01,Bretagne,53,1
22003,D,D,appartement,1987,34.6,270.0,2021-11-01,Bretagne,53,0
35305,E,G,maison,1989,99.6,501.0,2021-11-01,Bretagne,53,0
22255,D,C,maison,1974,120.6,316.0,2021-11-02,Bretagne,53,0
29275,C,D,maison,2019,23.2,157.0,2021-11-02,Bretagne,53,0
35036,E,F,appartement,1981,188.5,437.0,2021-11-02,Bretagne,53,0
22377,G,F,immeuble,1937,50.8,700.0,2021-11-02,Bretagne,53,1
35139,A,C,maison,2000,79.6,97.0,2021-11-03,Bretagne,53,0
22316,D,E,maison,1970,41.4,216.0,2021-11-03,Bretagne,53,0
22372,A,F,appartement,1997,40.6,59.0,2021-11-03,Bretagne,53,0
29007,D,D,maison,1989,76.2,164.0,2021-11-03,Bretagne,53,0
56030,F,E,appartement,1925,177.9,433.0,2021-11-04,Bretagne,53,1
35068,F,D,appartement,1922,63.2,667.0,2021-11-04,Bretagne,53,1
56028,D,E,appartement,1992,58.4,221.0,2021-11-04,Bretagne,53,0
35250,G,D,appartement,1958,85.8,429.0,2021-11-04,Bretagne,53,1
35084,F,C,maison,1966,79.1,473.0,2021-11-05,Bretagne,53,1
29250,F,D,maison,1942,86.2,566.0,2021-11-05,Bretagne,53,1
29070,F,D,maison,1924,120.2,411.0,2021-11-05,Bretagne,53,1
29285,E,D,appartement,1990,91.1,687.0,2021-11-05,Bretagne,53,0
56246,D,E,appartement,1971,42.3,220.0,2021-11-06,Bretagne,53,0
56041,F,E,appartement,1957,88.6,658.0,2021-11-06,Bretagne,53,1
29144,G,G,maison,1940,38.9,623.0,2021-11-06,Bretagne,53,1
29368,D,D,maison,1988,81.0,287.0,2021-11-06,Bretagne,53,0
35358,C,B,maison,2007,52.8,196.0,2021-11-07,Bretagne,53,0
29352,E,B,maison,1970,69.3,494.0,2021-11-07,Bretagne,53,0
35183,E,C,appartement,1994,70.6,376.0,2021-11-07,Bretagne,53,0
35330,C,C,appartement,2019,54.9,219.0,2021-11-07,Bretagne,53,0
29344,C,D,appartement,1985,66.2,315.0,2021-11-08,Bretagne,53,0
35234,F,D,immeuble,1923,43.5,600.0,2021-11-08,Bretagne,53,1
22192,D,F,maison,1969,85.4,249.0,2021-11-08,Bretagne,53,0
35215,F,D,maison,1945,36.6,359.0,2021-11-08,Bretagne,53,1
22058,A,D,appartement,2007,150.7,89.0,2021-11-09,Bretagne,53,0
22240,B,E,maison,1986,116.2,63.0,2021-11-09,Bretagne,53,0
22234,B,D,appartement,1987,20.2,112.0,2021-11-09,Bretagne,53,0
56014,F,F,maison,1927,51.3,461.0,2021-11-10,Bretagne,53,1
56031,C,E,appartement,2002,69.2,286.0,2021-11-10,Bretagne,53,0
35163,F,E,appartement,1955,61.2,434.0,2021-11-10,Bretagne,53,1
35385,D,F,appartement,1981,77.3,158.0,2021-11-10,Bretagne,53,0
22044,E,D,appartement,1973,120.2,479.0,2021-11-11,Bretagne,53,0
56184,C,E,maison,2001,40.3,317.0,2021-11-11,Bretagne,53,0
35093,E,D,appartement,1982,21.4,520.0,2021-11-11,Bretagne,53,0
56124,E,E,maison,1989,45.7,658.0,2021-11-11,Bretagne,53,0
56368,A,E,maison,2002,95.6,146.0,2021-11-12,Bretagne,53,0
22202,D,G,maison,1972,52.0,298.0,2021-11-12,Bretagne,53,0
56072,C,G,maison,1995,56.5,307.0,2021-11-12,Bretagne,53,0
56347,F,F,appartement,1937,48.9,463.0,2021-11-12,Bretagne,53,1
56075,E,F,appartement,1977,31.9,463.0,2021-11-13,Bretagne,53,0
35211,E,D,maison,1993,38.5,521.0,2021-11-13,Bretagne,53,0
56318,C,E,maison,2011,93.1,307.0,2021-11-13,Bretagne,53,0
29395,D,G,appartement,1967,70.9,167.0,2021-11-13,Bretagne,53,0
29277,F,E,maison,1938,141.4,689.0,2021-11-14,Bretagne,53,1
56259,G,E,maison,1972,117.8,639.0,2021-11-14,Bretagne,53,1
56109,C,G,maison,1993,42.6,319.0,2021-11-14,Bretagne,53,0
29253,E,C,maison,1985,114.0,398.0,2021-11-14,Bretagne,53,0
56030,A,D,maison,2003,63.6,69.0,2021-11-15,Bretagne,53,0
56039,F,A,maison,1941,118.6,339.0,2021-11-15,Bretagne,53,1
56250,E,E,appartement,1994,303.4,400.0,2021-11-15,Bretagne,53,0
35171,D,F,maison,1967,45.3,215.0,2021-11-15,Bretagne,53,0
35235,E,E,maison,1971,76.9,405.0,2021-11-16,Bretagne,53,0
56065,B,F,maison,1995,121.9,61.0,2021-11-16,Bretagne,53,0
29154,E,E,appartement,1979,63.6,339.0,2021-11-16,Bretagne,53,0
35121,E,E,maison,1977,57.2,688.0,2021-11-16,Bretagne,53,0
56259,D,F,appartement,1984,56.8,180.0,2021-11-17,Bretagne,53,0
35347,G,E,maison,1938,34.2,521.0,2021-11-17,Bretagne,53,1
29053,D,E,appartement,1990,75.8,157.0,2021-11-17,Bretagne,53,0
22269,C,F,appartement,2009,126.8,249.0,2021-11-17,Bretagne,53,0
56158,F,D,maison,1957,138.7,359.0,2021-11-18,Bretagne,53,1
22146,D,F,maison,1974,75.1,221.0,2021-11-18,Bretagne,53,0
35071,E,E,maison,1970,78.4,651.0,2021-11-18,Bretagne,53,0
35229,D,E,maison,1985,77.2,187.0,2021-11-18,Bretagne,53,0
29208,F,C,appartement,1932,40.0,629.0,2021-11-19,Bretagne,53,1
29091,G,G,appartement,1940,58.4,532.0,2021-11-19,Bretagne,53,1
35229,E,B,maison,1981,50.3,405.0,2021-11-19,Bretagne,53,0
56333,C,F,immeuble,2018,40.8,264.0,2021-11-19,Bretagne,53,0
29370,E,E,maison,1968,79.0,612.0,2021-11-20,Bretagne,53,0
56193,E,C,appartement,1992,133.7,638.0,2021-11-20,Bretagne,53,0
56174,C,F,maison,1987,233.6,156.0,2021-11-20,Bretagne,53,0
22274,B,D,appartement,1995,57.7,142.0,2021-11-21,Bretagne,53,0
22377,C,D,appartement,1988,89.7,194.0,2021-11-21,Bretagne,53,0
22372,A,D,maison,1997,80.0,57.0,2021-11-21,Bretagne,53,0
56325,C,E,maison,2013,60.7,283.0,2021-11-21,Bretagne,53,0
29259,G,A,maison,1961,95.7,529.0,2021-11-22,Bretagne,53,1
56240,E,E,maison,1967,150.3,689.0,2021-11-22,Bretagne,53,0
35239,G,B,maison,1924,60.2,382.0,2021-11-22,Bretagne,53,1
56141,B,B,appartement,2003,127.4,143.0,2021-11-22,Bretagne,53,0
35227,C,C,appartement,2017,130.8,168.0,2021-11-23,Bretagne,53,0
35217,G,B,maison,1948,25.0,358.0,2021-11-23,Bretagne,53,1
29387,F,D,maison,1940,76.7,591.0,2021-11-23,Bretagne,53,1
29282,F,G,appartement,1967,64.4,635.0,2021-11-23,Bretagne,53,1
29198,G,E,appartement,1939,64.5,597.0,2021-11-24,Bretagne,53,1
56199,F,E,maison,1948,81.1,626.0,2021-11-24,Bretagne,53,1
35241,F,G,maison,1924,63.9,373.0,2021-11-24,Bretagne,53,1
56211,A,G,immeuble,2012,143.3,62.0,2021-11-24,Bretagne,53,0
22189,E,C,appartement,1968,137.8,561.0,2021-11-25,Bretagne,53,0
56066,B,C,maison,1987,64.4,57.0,2021-11-25,Bretagne,53,0
22100,C,F,maison,1991,121.6,256.0,2021-11-25,Bretagne,53,0
56224,D,D,maison,1967,93.1,192.0,2021-11-25,Bretagne,53,0
29238,E,E,maison,1993,94.7,498.0,2021-11-26,Bretagne,53,0
22195,D,E,maison,1979,39.4,316.0,2021-11-26,Bretagne,53,0
22256,D,D,maison,1982,78.8,261.0,2021-11-26,Bretagne,53,0
29182,F,E,appartement,1937,167.3,477.0,2021-11-26,Bretagne,53,1
29053,E,E,appartement,1979,136.2,530.0,2021-11-27,Bretagne,53,0
56244,F,F,appartement,1924,55.4,450.0,2021-11-27,Bretagne,53,1
29275,E,C,appartement,1969,58.4,523.0,2021-11-27,Bretagne,53,0
29372,G,E,appartement,1940,130.3,470.0,2021-11-27,Bretagne,53,1
56237,G,B,appartement,1942,30.7,690.0,2021-11-28,Bretagne,53,1
35098,E,C,appartement,1993,129.9,670.0,2021-11-28,Bretagne,53,0
35016,B,A,appartement,1992,37.8,100.0,2021-11-28,Bretagne,53,0
56193,G,D,appartement,1972,94.3,456.0,2021-11-28,Bretagne,53,1
29138,G,E,appartement,1923,114.2,538.0,2021-11-29,Bretagne,53,1
56265,G,E,appartement,1957,51.4,499.0,2021-11-29,Bretagne,53,1
22148,E,E,appartement,1967,35.8,639.0,2021-11-29,Bretagne,53,0
35273,G,B,appartement,1964,68.1,638.0,2021-11-29,Bretagne,53,1
56047,F,F,maison,1921,52.1,360.0,2021-11-30,Bretagne,53,1
22243,F,F,maison,1971,128.9,631.0,2021-11-30,Bretagne,53,1
22149,F,E,maison,1920,118.1,673.0,2021-11-30,Bretagne,53,1
29034,C,F,maison,2011,25.6,173.0,2021-11-30,Bretagne,53,0
35130,D,E,maison,1970,40.8,329.0,2021-12-01,Bretagne,53,0
56216,E,G,maison,1989,112.5,446.0,2021-12-01,Bretagne,53,0
35240,E,G,appartement,1989,69.4,547.0,2021-12-01,Bretagne,53,0
35223,F,D,maison,1969,37.3,666.0,2021-12-02,Bretagne,53,1
22110,F,F,appartement,1952,28.6,525.0,2021-12-02,Bretagne,53,1
35366,F,E,appartement,1964,34.2,658.0,2021-12-02,Bretagne,53,1
29329,E,D,maison,1988,46.5,521.0,2021-12-02,Bretagne,53,0
22061,C,D,maison,2012,172.0,320.0,2021-12-03,Bretagne,53,0
29054,D,E,maison,1984,58.1,243.0,2021-12-03,Bretagne,53,0
22023,C,G,appartement,2006,38.3,279.0,2021-12-03,Bretagne,53,0
35300,E,A,appartement,1983,77.3,679.0,2021-12-03,Bretagne,53,0
22320,D,E,appartement,1979,48.6,195.0,2021-12-04,Bretagne,53,0
29300,A,C,appartement,2018,44.4,58.0,2021-12-04,Bretagne,53,0
29069,D,D,appartement,1967,112.9,233.0,2021-12-04,Bretagne,53,0
35323,B,D,maison,2013,65.5,98.0,2021-12-04,Bretagne,53,0
56277,F,E,maison,1922,92.5,698.0,2021-12-05,Bretagne,53,1
56332,E,D,maison,1990,111.0,509.0,2021-12-05,Bretagne,53,0
35128,E,D,appartement,1981,129.5,446.0,2021-12-05,Bretagne,53,0
56299,B,G,maison,2001,84.4,71.0,2021-12-05,Bretagne,53,0
29071,E,C,appartement,1977,369.0,404.0,2021-12-06,Bretagne,53,0
35365,D,D,appartement,1975,158.6,232.0,2021-12-06,Bretagne,53,0
35128,G,F,appartement,1953,83.8,432.0,2021-12-06,Bretagne,53,1
22062,D,G,maison,1991,69.9,154.0,2021-12-06,Bretagne,53,0
56034,D,C,appartement,1983,129.5,320.0,2021-12-07,Bretagne,53,0
29180,B,D,maison,1998,32.5,79.0,2021-12-07,Bretagne,53,0
56078,F,G,appartement,1965,109.2,615.0,2021-12-07,Bretagne,53,1
35006,D,D,immeuble,1987,147.3,219.0,2021-12-07,Bretagne,53,0
35067,B,E,appartement,2007,53.1,85.0,2021-12-08,Bretagne,53,0
22115,E,G,maison,1986,114.5,597.0,2021-12-08,Bretagne,53,0
35235,D,E,maison,1973,243.0,179.0,2021-12-08,Bretagne,53,0
29038,C,G,appartement,2008,34.1,316.0,2021-12-08,Bretagne,53,0
56091,E,F,appartement,1992,37.7,442.0,2021-12-09,Bretagne,53,0
56233,E,F,appartement,1989,72.3,609.0,2021-12-09,Bretagne,53,0
35140,C,F,maison,2015,67.6,234.0,2021-12-09,Bretagne,53,0
35307,C,D,appartement,1985,108.1,168.0,2021-12-09,Bretagne,53,0
29304,F,E,maison,1969,47.8,678.0,2021-12-10,Bretagne,53,1
29146,D,F,appartement,1982,77.6,279.0,2021-12-10,Bretagne,53,0
56354,E,F,appartement,1965,65.7,441.0,2021-12-10,Bretagne,53,0
29280,D,F,appartement,1976,62.5,217.0,2021-12-10,Bretagne,53,0
22350,D,G,appartement,1967,35.7,300.0,2021-12-11,Bretagne,53,0
29306,C,F,maison,2012,109.1,256.0,2021-12-11,Bretagne,53,0
22347,C,D,maison,1988,158.8,217.0,2021-12-11,Bretagne,53,0
56064,G,D,appartement,1937,177.8,548.0,2021-12-12,Bretagne,53,1
29354,E,A,maison,1974,36.0,364.0,2021-12-12,Bretagne,53,0
56329,C,G,maison,2011,41.1,294.0,2021-12-12,Bretagne,53,0
35224,E,D,maison,1988,105.5,538.0,2021-12-12,Bretagne,53,0
22106,G,G,appartement,1951,85.6,460.0,2021-12-13,Bretagne,53,1
22234,C,E,appartement,1985,100.1,324.0,2021-12-13,Bretagne,53,0
22215,F,D,appartement,1969,62.0,341.0,2021-12-13,Bretagne,53,1
56165,B,B,appartement,1997,110.9,107.0,2021-12-13,Bretagne,53,0
56282,E,C,maison,1977,44.9,393.0,2021-12-14,Bretagne,53,0
29041,E,G,maison,1991,94.0,569.0,2021-12-14,Bretagne,53,0
35204,F,D,appartement,1964,73.1,624.0,2021-12-14,Bretagne,53,1
22233,D,G,maison,1969,183.3,253.0,2021-12-14,Bretagne,53,0
56096,F,C,appartement,1941,44.1,677.0,2021-12-15,Bretagne,53,1
35295,C,E,appartement,2012,87.7,191.0,2021-12-15,Bretagne,53,0
56049,A,G,appartement,2006,31.4,76.0,2021-12-15,Bretagne,53,0
56360,E,D,maison,1993,28.3,509.0,2021-12-15,Bretagne,53,0
29043,E,E,maison,1969,113.5,653.0,2021-12-16,Bretagne,53,0
22105,G,E,immeuble,1933,178.2,595.0,2021-12-16,Bretagne,53,1
35096,E,E,maison,1967,48.6,528.0,2021-12-16,Bretagne,53,0
22345,G,C,appartement,1946,81.3,507.0,2021-12-16,Bretagne,53,1
56163,F,D,appartement,1931,66.7,594.0,2021-12-17,Bretagne,53,1
29385,F,D,appartement,1964,103.0,554.0,2021-12-17,Bretagne,53,1
56294,D,E,maison,1975,73.7,161.0,2021-12-17,Bretagne,53,0
29398,D,E,appartement,1983,50.1,329.0,2021-12-17,Bretagne,53,0
56111,E,G,appartement,1980,59.5,672.0,2021-12-18,Bretagne,53,0
22006,F,E,maison,1921,69.2,454.0,2021-12-18,Bretagne,53,1
22280,F,D,maison,1962,49.5,344.0,2021-12-18,Bretagne,53,1
35063,C,F,appartement,2018,62.7,250.0,2021-12-18,Bretagne,53,0
35342,B,D,appartement,1994,98.9,127.0,2021-12-19,Bretagne,53,0
56243,F,D,appartement,1950,54.2,380.0,2021-12-19,Bretagne,53,1
35353,F,F,maison,1971,42.9,341.0,2021-12-19,Bretagne,53,1
22395,G,F,appartement,1972,128.2,560.0,2021-12-19,Bretagne,53,1
22093,B,A,maison,2004,44.5,131.0,2021-12-20,Bretagne,53,0
22179,E,G,maison,1983,52.6,391.0,2021-12-20,Bretagne,53,0
29319,F,G,appartement,1926,93.2,361.0,2021-12-20,Bretagne,53,1
35349,D,E,appartement,1989,57.1,301.0,2021-12-20,Bretagne,53,0
56119,D,F,maison,1987,74.1,215.0,2021-12-21,Bretagne,53,0
22219,G,D,maison,1965,48.7,670.0,2021-12-21,Bretagne,53,1
22151,G,D,immeuble,1940,54.9,355.0,2021-12-21,Bretagne,53,1
56209,G,G,maison,1952,70.1,509.0,2021-12-21,Bretagne,53,1
35075,A,D,appartement,1988,62.5,114.0,2021-12-22,Bretagne,53,0
29195,G,F,appartement,1953,44.9,652.0,2021-12-22,Bretagne,53,1
29094,G,G,appartement,1936,53.4,599.0,2021-12-22,Bretagne,53,1
22147,D,F,appartement,1988,80.6,278.0,2021-12-23,Bretagne,53,0
29220,E,D,immeuble,1993,141.1,698.0,2021-12-23,Bretagne,53,0
56271,D,G,appartement,1976,49.1,220.0,2021-12-23,Bretagne,53,0
35012,F,B,appartement,1923,68.5,654.0,2021-12-23,Bretagne,53,1
22316,E,D,appartement,1969,52.7,398.0,2021-12-24,Bretagne,53,0
35218,D,D,appartement,1970,35.8,209.0,2021-12-24,Bretagne,53,0
35136,B,B,appartement,1990,87.8,87.0,2021-12-24,Bretagne,53,0
35267,E,D,appartement,1972,86.3,650.0,2021-12-24,Bretagne,53,0
56067,F,B,appartement,1941,57.5,439.0,2021-12-25,Bretagne,53,1
35029,E,E,maison,1975,205.4,436.0,2021-12-25,Bretagne,53,0
29262,D,D,appartement,1979,29.0,269.0,2021-12-25,Bretagne,53,0
29338,G,D,appartement,1955,150.1,401.0,2021-12-25,Bretagne,53,1
29147,D,E,appartement,1984,34.1,288.0,2021-12-26,Bretagne,53,0
22171,C,F,appartement,2008,30.9,297.0,2021-12-26,Bretagne,53,0
22374,C,C,appartement,2018,62.1,188.0,2021-12-26,Bretagne,53,0
56100,G,E,appartement,1929,68.9,663.0,2021-12-26,Bretagne,53,1
56280,D,E,appartement,1981,47.5,170.0,2021-12-27,Bretagne,53,0
22351,F,D,maison,1960,99.0,606.0,2021-12-27,Bretagne,53,1
22258,F,E,appartement,1965,122.6,602.0,2021-12-27,Bretagne,53,1
35041,D,E,maison,1988,41.9,191.0,2021-12-27,Bretagne,53,0
29075,C,D,maison,2017,61.8,316.0,2021-12-28,Bretagne,53,0
22235,G,D,appartement,1920,89.9,426.0,2021-12-28,Bretagne,53,1
29375,F,F,appartement,1957,49.7,483.0,2021-12-28,Bretagne,53,1
29025,G,F,appartement,1965,132.3,675.0,2021-12-28,Bretagne,53,1
56227,B,F,maison,2008,43.5,133.0,2021-12-29,Bretagne,53,0
56386,F,F,appartement,1940,78.1,673.0,2021-12-29,Bretagne,53,1
56050,C,F,appartement,1998,139.7,309.0,2021-12-29,Bretagne,53,0
35051,E,C,maison,1978,52.7,509.0,2021-12-29,Bretagne,53,0
29092,E,E,maison,1975,44.0,332.0,2021-12-30,Bretagne,53,0
56065,D,A,appartement,1985,50.4,181.0,2021-12-30,Bretagne,53,0
56038,C,E,maison,2000,25.1,243.0,2021-12-30,Bretagne,53,0
35013,B,E,appartement,1997,47.3,113.0,2021-12-30,Bretagne,53,0
35001,F,B,maison,1944,103.3,408.0,2021-12-31,Bretagne,53,1
29313,E,E,appartement,1977,57.0,679.0,2021-12-31,Bretagne,53,0
56046,C,E,appartement,1988,68.3,296.0,2021-12-31,Bretagne,53,0
29088,D,A,maison,1984,53.7,204.0,2021-12-31,Bretagne,53,0
56054,D,E,maison,1970,87.5,166.0,2022-01-01,Bretagne,53,0
22260,D,F,appartement,1988,39.5,275.0,2022-01-01,Bretagne,53,0
22346,E,F,appartement,1979,87.5,447.0,2022-01-01,Bretagne,53,0
29041,D,C,appartement,1976,62.6,297.0,2022-01-01,Bretagne,53,0
22260,E,D,appartement,1970,180.5,632.0,2022-01-02,Bretagne,53,0
56394,D,E,appartement,1977,55.3,183.0,2022-01-02,Bretagne,53,0
35072,D,C,appartement,1975,72.6,242.0,2022-01-02,Bretagne,53,0
29065,D,A,maison,1985,94.0,280.0,2022-01-03,Bretagne,53,0
29366,D,B,appartement,1993,137.1,153.0,2022-01-03,Bretagne,53,0
56005,C,G,maison,2002,118.9,296.0,2022-01-03,Bretagne,53,0
35262,C,D,appartement,2004,103.0,316.0,2022-01-03,Bretagne,53,0
35007,E,E,immeuble,1967,79.3,683.0,2022-01-04,Bretagne,53,0
35066,D,D,maison,1967,31.6,191.0,2022-01-04,Bretagne,53,0
56126,F,F,appartement,1940,98.3,436.0,2022-01-04,Bretagne,53,1
56246,E,D,maison,1965,92.3,367.0,2022-01-04,Bretagne,53,0
56303,D,D,appartement,1979,65.9,191.0,2022-01-05,Bretagne,53,0
56054,G,F,maison,1950,99.3,491.0,2022-01-05,Bretagne,53,1
22163,F,F,appartement,1925,59.3,605.0,2022-01-05,Bretagne,53,1
56089,G,F,maison,1950,28.9,605.0,2022-01-05,Bretagne,53,1
56342,E,F,appartement,1991,54.1,644.0,2022-01-06,Bretagne,53,0
35172,C,A,appartement,2015,65.2,267.0,2022-01-06,Bretagne,53,0
29052,G,F,maison,1942,85.7,544.0,2022-01-06,Bretagne,53,1
29050,F,G,maison,1938,75.2,657.0,2022-01-06,Bretagne,53,1
56070,D,D,appartement,1989,51.4,216.0,2022-01-07,Bretagne,53,0
29290,F,E,appartement,1938,78.4,378.0,2022-01-07,Bretagne,53,1
56023,F,B,appartement,1950,33.3,435.0,2022-01-07,Bretagne,53,1
29022,C,C,maison,2002,108.1,224.0,2022-01-07,Bretagne,53,0
29320,E,D,maison,1994,47.0,370.0,2022-01-08,Bretagne,53,0
22166,F,E,maison,1961,186.3,542.0,2022-01-08,Bretagne,53,1
22389,B,F,maison,1995,25.2,93.0,2022-01-08,Bretagne,53,0
35235,C,E,appartement,2015,49.4,286.0,2022-01-08,Bretagne,53,0
56390,C,E,appartement,2017,47.2,272.0,2022-01-09,Bretagne,53,0
35204,F,D,maison,1940,162.9,488.0,2022-01-09,Bretagne,53,1
29259,D,D,maison,1968,56.7,283.0,2022-01-09,Bretagne,53,0
29152,A,F,maison,1989,31.5,51.0,2022-01-09,Bretagne,53,0
29060,D,F,maison,1990,137.3,305.0,2022-01-10,Bretagne,53,0
56263,F,C,maison,1935,66.9,597.0,2022-01-10,Bretagne,53,1
56112,G,B,maison,1974,41.9,394.0,2022-01-10,Bretagne,53,1
35056,E,F,appartement,1974,58.6,419.0,2022-01-10,Bretagne,53,0
22097,D,C,appartement,1965,62.6,208.0,2022-01-11,Bretagne,53,0
35227,D,D,maison,1981,52.8,217.0,2022-01-11,Bretagne,53,0
35208,F,G,appartement,1932,86.9,469.0,2022-01-11,Bretagne,53,1
22189,E,C,immeuble,1976,85.1,374.0,2022-01-11,Bretagne,53,0
56198,D,F,maison,1966,67.9,241.0,2022-01-12,Bretagne,53,0
56147,D,E,appartement,1977,18.3,222.0,2022-01-12,Bretagne,53,0
35248,E,F,appartement,1980,117.4,381.0,2022-01-12,Bretagne,53,0
35067,F,B,appartement,1932,80.0,672.0,2022-01-12,Bretagne,53,1
22271,E,E,appartement,1966,59.9,548.0,2022-01-13,Bretagne,53,0
35388,D,C,appartement,1972,63.4,315.0,2022-01-13,Bretagne,53,0
56013,G,D,maison,1936,156.9,382.0,2022-01-13,Bretagne,53,1
29287,D,E,appartement,1983,96.6,175.0,2022-01-14,Bretagne,53,0
22190,C,D,appartement,1994,46.9,238.0,2022-01-14,Bretagne,53,0
35125,D,D,maison,1974,55.0,207.0,2022-01-14,Bretagne,53,0
29285,E,C,appartement,1980,32.8,523.0,2022-01-14,Bretagne,53,0
29114,C,C,maison,2015,67.2,166.0,2022-01-15,Bretagne,53,0
56199,D,F,appartement,1987,34.3,285.0,2022-01-15,Bretagne,53,0
56191,F,E,appartement,1946,30.7,653.0,2022-01-15,Bretagne,53,1
29306,B,B,appartement,2005,27.2,142.0,2022-01-15,Bretagne,53,0
35083,B,B,appartement,2015,63.0,66.0,2022-01-16,Bretagne,53,0
22291,E,G,maison,1973,171.2,395.0,2022-01-16,Bretagne,53,0
35316,B,G,appartement,1992,50.6,142.0,2022-01-16,Bretagne,53,0
29028,E,E,maison,1991,49.5,675.0,2022-01-16,Bretagne,53,0
22263,E,F,maison,1970,112.2,654.0,2022-01-17,Bretagne,53,0
56328,E,E,appartement,1981,47.4,634.0,2022-01-17,Bretagne,53,0
56131,B,G,maison,2017,85.3,129.0,2022-01-17,Bretagne,53,0
56066,E,D,maison,1967,66.7,413.0,2022-01-17,Bretagne,53,0
56173,B,D,maison,2017,69.2,62.0,2022-01-18,Bretagne,53,0
29376,D,D,appartement,1971,41.0,315.0,2022-01-18,Bretagne,53,0
56336,C,F,appartement,1992,30.3,232.0,2022-01-18,Bretagne,53,0
29230,C,D,maison,2000,38.7,195.0,2022-01-18,Bretagne,53,0
22316,F,D,appartement,1936,63.2,499.0,2022-01-19,Bretagne,53,1
22376,G,F,maison,1939,45.7,536.0,2022-01-19,Bretagne,53,1
29115,C,G,appartement,2012,148.7,184.0,2022-01-19,Bretagne,53,0
22242,G,E,maison,1924,108.8,465.0,2022-01-19,Bretagne,53,1
56125,D,B,appartement,1966,158.6,296.0,2022-01-20,Bretagne,53,0
29208,C,F,maison,1996,76.2,294.0,2022-01-20,Bretagne,53,0
22148,C,D,appartement,1996,40.0,263.0,2022-01-20,Bretagne,53,0
35255,F,D,appartement,1935,48.4,463.0,2022-01-20,Bretagne,53,1
29088,F,F,maison,1942,65.1,624.0,2022-01-21,Bretagne,53,1
22397,F,D,appartement,1943,92.7,460.0,2022-01-21,Bretagne,53,1
22161,F,F,appartement,1933,44.9,484.0,2022-01-21,Bretagne,53,1
22074,B,E,maison,2006,30.8,138.0,2022-01-21,Bretagne,53,0
22050,F,C,appartement,1955,46.7,636.0,2022-01-22,Bretagne,53,1
22195,D,A,appartement,1974,73.1,301.0,2022-01-22,Bretagne,53,0
29339,F,G,appartement,1966,83.7,334.0,2022-01-22,Bretagne,53,1
35274,C,D,appartement,2007,53.6,269.0,2022-01-22,Bretagne,53,0
35062,E,E,maison,1976,70.3,514.0,2022-01-23,Bretagne,53,0
56369,F,C,appartement,1932,104.1,388.0,2022-01-23,Bretagne,53,1
56181,D,D,maison,1987,23.7,326.0,2022-01-23,Bretagne,53,0
56373,D,E,appartement,1973,71.3,306.0,2022-01-23,Bretagne,53,0
56253,A,F,appartement,1997,53.9,109.0,2022-01-24,Bretagne,53,0
29185,F,G,appartement,1941,83.1,531.0,2022-01-24,Bretagne,53,1
22259,D,G,maison,1986,47.9,302.0,2022-01-24,Bretagne,53,0
35332,E,F,maison,1989,139.2,356.0,2022-01-25,Bretagne,53,0
22331,E,F,maison,1994,185.6,559.0,2022-01-25,Bretagne,53,0
29100,D,C,maison,1971,102.0,263.0,2022-01-25,Bretagne,53,0
35281,D,G,appartement,1985,47.1,156.0,2022-01-25,Bretagne,53,0
56081,D,D,appartement,1981,68.5,177.0,2022-01-26,Bretagne,53,0
35281,E,D,appartement,1971,123.9,357.0,2022-01-26,Bretagne,53,0
29082,E,F,maison,1993,188.6,426.0,2022-01-26,Bretagne,53,0
29373,C,B,maison,2009,55.9,209.0,2022-01-26,Bretagne,53,0
29260,E,E,maison,1980,46.2,392.0,2022-01-27,Bretagne,53,0
35076,F,F,maison,1967,261.0,654.0,2022-01-27,Bretagne,53,1
35072,E,D,maison,1977,38.5,601.0,2022-01-27,Bretagne,53,0
22004,D,E,appartement,1987,62.2,181.0,2022-01-27,Bretagne,53,0
22047,F,E,immeuble,1953,51.3,398.0,2022-01-28,Bretagne,53,1
22280,F,E,appartement,1956,72.3,510.0,2022-01-28,Bretagne,53,1
29027,C,G,maison,1988,29.6,158.0,2022-01-28,Bretagne,53,0
22024,E,G,maison,1979,66.2,505.0,2022-01-28,Bretagne,53,0
35157,D,B,appartement,1983,49.0,294.0,2022-01-29,Bretagne,53,0
56103,D,E,maison,1966,19.6,239.0,2022-01-29,Bretagne,53,0
29224,D,D,maison,1991,119.9,270.0,2022-01-29,Bretagne,53,0
35391,G,D,appartement,1948,145.9,592.0,2022-01-29,Bretagne,53,1
56354,F,F,appartement,1933,63.8,493.0,2022-01-30,Bretagne,53,1
22121,E,D,appartement,1988,38.8,596.0,2022-01-30,Bretagne,53,0
56087,C,D,maison,1994,30.6,236.0,2022-01-30,Bretagne,53,0
29227,F,B,maison,1949,35.5,578.0,2022-01-30,Bretagne,53,1
29365,E,D,maison,1970,79.6,475.0,2022-01-31,Bretagne,53,0
22356,G,D,maison,1937,88.8,564.0,2022-01-31,Bretagne,53,1
35214,D,E,maison,1986,27.2,160.0,2022-01-31,Bretagne,53,0
29007,E,E,appartement,1965,141.5,448.0,2022-01-31,Bretagne,53,0
22023,D,F,appartement,1966,34.3,239.0,2022-02-01,Bretagne,53,0
35237,E,D,appartement,1966,73.4,633.0,2022-02-01,Bretagne,53,0
35236,G,G,appartement,1933,34.6,375.0,2022-02-01,Bretagne,53,1
56394,E,E,appartement,1985,100.1,411.0,2022-02-01,Bretagne,53,0
35137,F,G,appartement,1949,47.8,356.0,2022-02-02,Bretagne,53,1
29259,G,F,appartement,1949,74.0,406.0,2022-02-02,Bretagne,53,1
22228,A,D,maison,2003,60.4,103.0,2022-02-02,Bretagne,53,0
29249,G,E,maison,1950,32.1,626.0,2022-02-02,Bretagne,53,1
29195,E,G,maison,1994,58.8,373.0,2022-02-03,Bretagne,53,0
56387,D,E,appartement,1990,52.4,191.0,2022-02-03,Bretagne,53,0
35085,E,B,maison,1978,49.9,615.0,2022-02-03,Bretagne,53,0
22176,G,C,maison,1920,32.0,628.0,2022-02-03,Bretagne,53,1
56320,F,D,maison,1956,83.8,678.0,2022-02-04,Bretagne,53,1
22094,D,F,maison,1992,62.3,266.0,2022-02-04,Bretagne,53,0
56362,G,E,maison,1945,74.4,613.0,2022-02-04,Bretagne,53,1
22294,F,E,appartement,1965,98.1,412.0,2022-02-05,Bretagne,53,1
22301,D,D,appartement,1971,53.3,278.0,2022-02-05,Bretagne,53,0
29173,E,G,maison,1967,63.4,517.0,2022-02-05,Bretagne,53,0
56294,E,G,appartement,1993,68.8,540.0,2022-02-05,Bretagne,53,0
22212,C,D,maison,2015,67.4,237.0,2022-02-06,Bretagne,53,0
22264,D,E,maison,1976,163.8,186.0,2022-02-06,Bretagne,53,0
29229,C,C,appartement,2012,34.6,156.0,2022-02-06,Bretagne,53,0
22150,F,D,appartement,1933,85.9,566.0,2022-02-06,Bretagne,53,1
29299,D,E,maison,1975,72.4,242.0,2022-02-07,Bretagne,53,0
22116,C,C,appartement,2002,65.6,199.0,2022-02-07,Bretagne,53,0
22112,D,C,maison,1972,34.2,278.0,2022-02-07,Bretagne,53,0
56297,F,F,appartement,1948,77.0,407.0,2022-02-07,Bretagne,53,1
22083,F,B,maison,1933,22.4,661.0,2022-02-08,Bretagne,53,1
29209,E,D,maison,1970,89.8,369.0,2022-02-08,Bretagne,53,0
22141,E,D,maison,1967,129.1,411.0,2022-02-08,Bretagne,53,0
35021,G,D,appartement,1957,67.2,334.0,2022-02-08,Bretagne,53,1
22150,D,D,appartement,1987,53.3,249.0,2022-02-09,Bretagne,53,0
22292,G,E,maison,1920,49.3,405.0,2022-02-09,Bretagne,53,1
35007,C,F,maison,2002,163.0,193.0,2022-02-09,Bretagne,53,0
56110,E,B,appartement,1974,85.2,425.0,2022-02-09,Bretagne,53,0
56394,E,G,appartement,1980,35.6,684.0,2022-02-10,Bretagne,53,0
56163,D,F,maison,1973,58.4,185.0,2022-02-10,Bretagne,53,0
35055,D,B,appartement,1994,52.8,202.0,2022-02-10,Bretagne,53,0
35285,D,F,appartement,1981,89.6,284.0,2022-02-10,Bretagne,53,0
35275,E,E,maison,1969,108.1,555.0,2022-02-11,Bretagne,53,0
56167,F,C,appartement,1922,52.3,527.0,2022-02-11,Bretagne,53,1
35247,D,F,appartement,1973,29.7,156.0,2022-02-11,Bretagne,53,0
29199,C,C,appartement,1985,41.7,179.0,2022-02-11,Bretagne,53,0
35397,D,D,appartement,1972,120.1,325.0,2022-02-12,Bretagne,53,0
22160,D,G,maison,1987,59.9,204.0,2022-02-12,Bretagne,53,0
56392,B,F,appartement,2011,57.1,115.0,2022-02-12,Bretagne,53,0
56321,G,G,appartement,1966,81.4,344.0,2022-02-12,Bretagne,53,1
22057,D,G,maison,1987,60.8,300.0,2022-02-13,Bretagne,53,0
35300,F,C,appartement,1950,121.7,573.0,2022-02-13,Bretagne,53,1
29259,D,B,appartement,1972,177.6,173.0,2022-02-13,Bretagne,53,0
22152,F,F,maison,1965,50.2,434.0,2022-02-13,Bretagne,53,1
29321,D,E,immeuble,1989,103.5,220.0,2022-02-14,Bretagne,53,0
56091,E,E,appartement,1969,132.1,546.0,2022-02-14,Bretagne,53,0
29057,D,D,appartement,1981,86.8,235.0,2022-02-14,Bretagne,53,0
35375,E,C,appartement,1972,55.6,382.0,2022-02-14,Bretagne,53,0
22003,E,F,appartement,1976,43.5,586.0,2022-02-15,Bretagne,53,0
35160,C,B,maison,2001,131.0,212.0,2022-02-15,Bretagne,53,0
29076,D,C,immeuble,1975,74.4,233.0,2022-02-15,Bretagne,53,0
29373,D,C,appartement,1987,94.1,235.0,2022-02-16,Bretagne,53,0
29079,D,D,maison,1991,53.9,242.0,2022-02-16,Bretagne,53,0
29249,G,F,maison,1960,105.1,413.0,2022-02-16,Bretagne,53,1
29150,C,G,appartement,1988,46.0,276.0,2022-02-16,Bretagne,53,0
35096,F,E,appartement,1950,89.6,645.0,2022-02-17,Bretagne,53,1
29169,D,F,maison,1990,76.8,176.0,2022-02-17,Bretagne,53,0
56255,B,F,maison,2000,97.0,93.0,2022-02-17,Bretagne,53,0
35208,G,B,appartement,1920,98.6,563.0,2022-02-17,Bretagne,53,1
29298,C,F,appartement,2013,98.0,245.0,2022-02-18,Bretagne,53,0
22264,C,G,appartement,1989,59.6,191.0,2022-02-18,Bretagne,53,0
35062,F,F,maison,1970,59.1,570.0,2022-02-18,Bretagne,53,1
56272,F,D,appartement,1957,48.4,447.0,2022-02-18,Bretagne,53,1
29384,F,D,maison,1966,129.6,579.0,2022-02-19,Bretagne,53,1
22224,G,F,appartement,1950,56.8,571.0,2022-02-19,Bretagne,53,1
35025,E,E,appartement,1987,70.6,526.0,2022-02-19,Bretagne,53,0
22236,F,C,maison,1934,33.5,537.0,2022-02-19,Bretagne,53,1
22335,E,C,appartement,1975,39.3,495.0,2022-02-20,Bretagne,53,0
29130,F,G,maison,1954,109.8,664.0,2022-02-20,Bretagne,53,1
35278,B,E,maison,1990,88.5,108.0,2022-02-20,Bretagne,53,0
22032,G,E,maison,1968,54.8,621.0,2022-02-20,Bretagne,53,1
56289,F,E,appartement,1921,46.9,630.0,2022-02-21,Bretagne,53,1
56063,C,E,appartement,2015,120.0,305.0,2022-02-21,Bretagne,53,0
22194,F,D,immeuble,1930,79.6,413.0,2022-02-21,Bretagne,53,1
56267,E,B,maison,1987,119.2,588.0,2022-02-21,Bretagne,53,0
29076,G,C,appartement,1961,75.2,623.0,2022-02-22,Bretagne,53,1
22038,D,F,maison,1983,105.7,305.0,2022-02-22,Bretagne,53,0
56059,B,G,maison,2017,31.0,108.0,2022-02-22,Bretagne,53,0
22040,F,E,immeuble,1970,95.1,649.0,2022-02-22,Bretagne,53,1
22368,G,B,appartement,1932,113.4,386.0,2022-02-23,Bretagne,53,1
35075,F,F,maison,1930,67.4,576.0,2022-02-23,Bretagne,53,1
29020,C,G,maison,1990,46.8,157.0,2022-02-23,Bretagne,53,0
56391,F,G,maison,1938,129.6,422.0,2022-02-23,Bretagne,53,1
56226,F,F,maison,1941,205.2,366.0,2022-02-24,Bretagne,53,1
22089,E,D,maison,1976,52.7,398.0,2022-02-24,Bretagne,53,0
56053,B,G,appartement,1989,68.8,119.0,2022-02-24,Bretagne,53,0
29061,F,C,appartement,1950,85.9,459.0,2022-02-24,Bretagne,53,1
35054,D,D,maison,1985,58.8,180.0,2022-02-25,Bretagne,53,0
56158,D,B,maison,1990,92.7,328.0,2022-02-25,Bretagne,53,0
35389,F,F,maison,1971,33.4,552.0,2022-02-25,Bretagne,53,1
22224,G,G,maison,1959,60.8,654.0,2022-02-25,Bretagne,53,1
56119,E,D,immeuble,1986,59.7,649.0,2022-02-26,Bretagne,53,0
35248,G,A,maison,1970,108.1,421.0,2022-02-26,Bretagne,53,1
35241,D,D,maison,1986,92.7,265.0,2022-02-26,Bretagne,53,0
22399,D,E,appartement,1986,143.1,316.0,2022-02-27,Bretagne,53,0
56359,E,E,appartement,1982,25.9,450.0,2022-02-27,Bretagne,53,0
35129,F,F,appartement,1939,96.8,554.0,2022-02-27,Bretagne,53,1
22115,G,D,maison,1965,63.2,497.0,2022-02-27,Bretagne,53,1
29159,E,F,appartement,1969,66.2,628.0,2022-02-28,Bretagne,53,0
29289,D,G,maison,1994,78.8,246.0,2022-02-28,Bretagne,53,0
35027,C,D,maison,2014,125.5,312.0,2022-02-28,Bretagne,53,0
56267,G,G,appartement,1937,117.6,485.0,2022-02-28,Bretagne,53,1
56194,C,F,appartement,2004,40.3,195.0,2022-03-01,Bretagne,53,0
56009,A,E,maison,1987,69.7,65.0,2022-03-01,Bretagne,53,0
56060,D,A,maison,1978,57.3,159.0,2022-03-01,Bretagne,53,0
56279,D,F,maison,1988,45.6,268.0,2022-03-01,Bretagne,53,0
29055,C,E,appartement,1997,75.4,155.0,2022-03-02,Bretagne,53,0
35211,D,C,appartement,1978,84.1,167.0,2022-03-02,Bretagne,53,0
29064,F,F,appartement,1930,71.0,396.0,2022-03-02,Bretagne,53,1
56235,C,F,maison,1993,85.9,303.0,2022-03-02,Bretagne,53,0
35002,D,C,appartement,1974,45.7,318.0,2022-03-03,Bretagne,53,0
29071,C,D,appartement,2008,23.2,181.0,2022-03-03,Bretagne,53,0
22343,F,D,maison,1958,76.6,575.0,2022-03-03,Bretagne,53,1
56029,D,F,appartement,1972,85.7,180.0,2022-03-03,Bretagne,53,0
22258,G,G,maison,1936,55.6,372.0,2022-03-04,Bretagne,53,1
35227,D,F,maison,1987,27.3,305.0,2022-03-04,Bretagne,53,0
29151,C,G,appartement,2017,27.0,245.0,2022-03-04,Bretagne,53,0
56016,D,G,maison,1991,135.6,277.0,2022-03-04,Bretagne,53,0
35188,E,D,maison,1976,129.2,510.0,2022-03-05,Bretagne,53,0
22340,E,E,maison,1970,49.3,420.0,2022-03-05,Bretagne,53,0
22307,C,D,immeuble,2011,36.8,241.0,2022-03-05,Bretagne,53,0
22028,C,E,appartement,2002,66.1,301.0,2022-03-05,Bretagne,53,0
35135,G,E,maison,1961,73.3,350.0,2022-03-06,Bretagne,53,1
56238,E,B,maison,1983,53.6,362.0,2022-03-06,Bretagne,53,0
22361,E,F,maison,1978,57.9,583.0,2022-03-06,Bretagne,53,0
56081,D,E,appartement,1980,44.1,218.0,2022-03-06,Bretagne,53,0
29004,B,F,maison,1986,79.2,121.0,2022-03-07,Bretagne,53,0
35157,B,E,appartement,1989,49.1,109.0,2022-03-07,Bretagne,53,0
22332,E,C,appartement,1993,41.5,475.0,2022-03-07,Bretagne,53,0
29148,E,E,maison,1975,35.4,480.0,2022-03-07,Bretagne,53,0
56210,C,B,maison,2004,58.1,222.0,2022-03-08,Bretagne,53,0
35036,E,G,immeuble,1977,41.7,449.0,2022-03-08,Bretagne,53,0
29240,F,D,appartement,1971,45.9,640.0,2022-03-08,Bretagne,53,1
22088,D,D,maison,1992,62.9,309.0,2022-03-08,Bretagne,53,0
56191,C,F,maison,2019,120.4,170.0,2022-03-09,Bretagne,53,0
56098,F,E,immeuble,1933,58.2,405.0,2022-03-09,Bretagne,53,1
35257,C,D,maison,1988,48.6,166.0,2022-03-09,Bretagne,53,0
56010,B,C,maison,2013,39.6,147.0,2022-03-10,Bretagne,53,0
56166,G,E,immeuble,1971,80.0,499.0,2022-03-10,Bretagne,53,1
56226,E,D,maison,1968,35.5,378.0,2022-03-10,Bretagne,53,0
22160,G,B,appartement,1961,98.5,437.0,2022-03-10,Bretagne,53,1
29066,C,D,appartement,2011,60.4,306.0,2022-03-11,Bretagne,53,0
29284,F,F,maison,1921,55.4,631.0,2022-03-11,Bretagne,53,1
35347,E,E,immeuble,1971,36.1,511.0,2022-03-11,Bretagne,53,0
29239,E,D,appartement,1989,32.5,582.0,2022-03-11,Bretagne,53,0
22243,E,F,maison,1968,72.3,333.0,2022-03-12,Bretagne,53,0
35185,F,D,appartement,1951,112.0,610.0,2022-03-12,Bretagne,53,1
56154,G,G,maison,1939,82.5,499.0,2022-03-12,Bretagne,53,1
22195,C,C,maison,2003,32.4,276.0,2022-03-12,Bretagne,53,0
35222,B,F,maison,1985,21.5,98.0,2022-03-13,Bretagne,53,0
22064,E,F,appartement,1986,52.8,628.0,2022-03-13,Bretagne,53,0
56165,F,G,maison,1936,62.2,360.0,2022-03-13,Bretagne,53,1
29230,E,F,maison,1985,105.5,599.0,2022-03-13,Bretagne,53,0
35150,F,D,appartement,1937,50.8,335.0,2022-03-14,Bretagne,53,1
22268,D,F,appartement,1985,210.8,185.0,2022-03-14,Bretagne,53,0
29217,E,C,appartement,1975,84.6,637.0,2022-03-14,Bretagne,53,0
29343,F,D,appartement,1943,94.1,568.0,2022-03-14,Bretagne,53,1
56364,D,D,appartement,1970,39.0,171.0,2022-03-15,Bretagne,53,0
29260,G,F,appartement,1969,41.2,568.0,2022-03-15,Bretagne,53,1
29251,E,C,maison,1968,103.6,383.0,2022-03-15,Bretagne,53,0
35338,F,E,appartement,1961,39.3,574.0,2022-03-15,Bretagne,53,1
22100,E,E,appartement,1988,47.9,653.0,2022-03-16,Bretagne,53,0
29116,E,D,appartement,1968,31.2,567.0,2022-03-16,Bretagne,53,0
29284,E,G,maison,1984,49.6,499.0,2022-03-16,Bretagne,53,0
56004,F,C,maison,1965,100.6,345.0,2022-03-16,Bretagne,53,1
29123,D,D,appartement,1965,58.2,232.0,2022-03-17,Bretagne,53,0
35268,F,E,maison,1923,35.3,350.0,2022-03-17,Bretagne,53,1
22031,E,A,maison,1969,77.1,408.0,2022-03-17,Bretagne,53,0
56314,E,D,appartement,1979,73.3,454.0,2022-03-17,Bretagne,53,0
56263,A,F,appartement,1996,18.0,90.0,2022-03-18,Bretagne,53,0
29037,C,D,appartement,2011,40.6,244.0,2022-03-18,Bretagne,53,0
56391,F,E,maison,1961,111.6,390.0,2022-03-18,Bretagne,53,1
56114,B,E,maison,2003,98.0,67.0,2022-03-18,Bretagne,53,0
22119,C,C,appartement,2015,32.0,193.0,2022-03-19,Bretagne,53,0
29095,E,E,maison,1993,81.3,333.0,2022-03-19,Bretagne,53,0
56252,G,G,appartement,1927,81.4,344.0,2022-03-19,Bretagne,53,1
56113,E,F,appartement,1989,113.1,667.0,2022-03-19,Bretagne,53,0
35012,G,E,appartement,1941,103.5,422.0,2022-03-20,Bretagne,53,1
35035,G,E,maison,1929,53.8,445.0,2022-03-20,Bretagne,53,1
22106,G,F,immeuble,1969,150.9,468.0,2022-03-20,Bretagne,53,1
29166,D,B,maison,1965,35.7,324.0,2022-03-21,Bretagne,53,0
35381,F,G,maison,1950,21.7,501.0,2022-03-21,Bretagne,53,1
22038,F,B,maison,1948,37.5,598.0,2022-03-21,Bretagne,53,1
35078,F,F,appartement,1949,62.1,430.0,2022-03-21,Bretagne,53,1
29096,F,E,appartement,1927,87.9,617.0,2022-03-22,Bretagne,53,1
29079,D,E,appartement,1972,141.7,180.0,2022-03-22,Bretagne,53,0
35218,D,G,immeuble,1988,82.5,218.0,2022-03-22,Bretagne,53,0
35007,F,E,appartement,1920,55.0,633.0,2022-03-22,Bretagne,53,1
35247,D,G,maison,1975,37.3,245.0,2022-03-23,Bretagne,53,0
22061,D,E,appartement,1980,126.8,248.0,2022-03-23,Bretagne,53,0
56179,B,F,maison,2006,46.1,65.0,2022-03-23,Bretagne,53,0
22158,F,E,maison,1942,92.9,341.0,2022-03-23,Bretagne,53,1
29036,F,G,maison,1963,67.8,353.0,2022-03-24,Bretagne,53,1
22338,C,E,appartement,1987,60.7,211.0,2022-03-24,Bretagne,53,0
22399,D,C,appartement,1969,139.9,280.0,2022-03-24,Bretagne,53,0
22033,D,D,appartement,1985,71.8,264.0,2022-03-24,Bretagne,53,0
56018,E,D,appartement,1968,69.6,443.0,2022-03-25,Bretagne,53,0
22189,B,E,maison,2007,33.8,148.0,2022-03-25,Bretagne,53,0
29373,B,F,maison,1996,59.8,108.0,2022-03-25,Bretagne,53,0
22265,A,F,appartement,2010,40.3,147.0,2022-03-25,Bretagne,53,0
35209,D,E,maison,1968,103.8,278.0,2022-03-26,Bretagne,53,0
29383,C,E,maison,2010,67.8,193.0,2022-03-26,Bretagne,53,0
29277,D,F,appartement,1991,73.8,259.0,2022-03-26,Bretagne,53,0
35397,D,C,maison,1978,96.5,203.0,2022-03-26,Bretagne,53,0
22338,E,F,maison,1987,72.2,447.0,2022-03-27,Bretagne,53,0
35339,D,F,maison,1970,103.9,271.0,2022-03-27,Bretagne,53,0
35341,F,B,maison,1961,95.6,604.0,2022-03-27,Bretagne,53,1
56363,F,A,maison,1923,54.2,344.0,2022-03-27,Bretagne,53,1
35042,F,D,appartement,1920,50.0,526.0,2022-03-28,Bretagne,53,1
56230,G,G,appartement,1959,39.4,633.0,2022-03-28,Bretagne,53,1
56386,G,B,maison,1966,30.2,619.0,2022-03-28,Bretagne,53,1
56220,D,B,maison,1985,95.4,206.0,2022-03-28,Bretagne,53,0
29202,D,E,maison,1974,25.1,321.0,2022-03-29,Bretagne,53,0
22305,D,G,maison,1971,40.4,196.0,2022-03-29,Bretagne,53,0
56172,G,E,immeuble,1956,176.8,449.0,2022-03-29,Bretagne,53,1
29321,D,E,appartement,1967,52.4,197.0,2022-03-29,Bretagne,53,0
56235,C,D,maison,1987,46.2,210.0,2022-03-30,Bretagne,53,0
22050,D,C,appartement,1966,74.6,309.0,2022-03-30,Bretagne,53,0
35231,C,E,maison,2014,38.3,163.0,2022-03-30,Bretagne,53,0
22232,C,E,maison,1985,67.4,197.0,2022-03-30,Bretagne,53,0
22244,E,E,maison,1968,118.7,410.0,2022-03-31,Bretagne,53,0
56186,D,E,maison,1968,90.3,175.0,2022-03-31,Bretagne,53,0
56131,D,E,appartement,1986,118.3,300.0,2022-03-31,Bretagne,53,0
29373,D,F,maison,1971,102.2,265.0,2022-04-01,Bretagne,53,0
35083,F,D,maison,1952,142.3,535.0,2022-04-01,Bretagne,53,1
35076,F,E,maison,1960,49.5,540.0,2022-04-01,Bretagne,53,1
56103,D,F,maison,1965,103.1,160.0,2022-04-01,Bretagne,53,0
22264,D,E,maison,1972,64.9,153.0,2022-04-02,Bretagne,53,0
35083,A,E,maison,2011,102.4,113.0,2022-04-02,Bretagne,53,0
29290,C,F,maison,1999,101.4,305.0,2022-04-02,Bretagne,53,0
29292,E,C,appartement,1971,88.6,463.0,2022-04-02,Bretagne,53,0
22036,E,D,maison,1990,117.4,357.0,2022-04-03,Bretagne,53,0
29293,D,E,maison,1980,65.8,171.0,2022-04-03,Bretagne,53,0
29166,D,F,maison,1987,55.4,249.0,2022-04-03,Bretagne,53,0
35124,D,D,maison,1984,104.8,293.0,2022-04-03,Bretagne,53,0
29280,D,G,maison,1981,42.9,206.0,2022-04-04,Bretagne,53,0
56206,F,D,appartement,1966,74.8,428.0,2022-04-04,Bretagne,53,1
22136,D,G,appartement,1984,46.2,214.0,2022-04-04,Bretagne,53,0
56045,G,C,maison,1938,69.0,504.0,2022-04-04,Bretagne,53,1
56016,C,D,maison,1986,37.5,317.0,2022-04-05,Bretagne,53,0
22050,E,D,appartement,1980,65.9,608.0,2022-04-05,Bretagne,53,0
56291,E,D,maison,1968,73.8,428.0,2022-04-05,Bretagne,53,0
56020,C,F,appartement,1989,105.7,247.0,2022-04-05,Bretagne,53,0
22169,D,E,maison,1992,129.0,233.0,2022-04-06,Bretagne,53,0
56333,D,B,maison,1968,116.6,300.0,2022-04-06,Bretagne,53,0
29197,F,B,appartement,1963,71.1,672.0,2022-04-06,Bretagne,53,1
29251,D,F,appartement,1972,69.9,303.0,2022-04-06,Bretagne,53,0
22137,D,B,appartement,1994,58.3,270.0,2022-04-07,Bretagne,53,0
29319,C,D,immeuble,2017,53.2,312.0,2022-04-07,Bretagne,53,0
56266,D,F,maison,1973,156.8,200.0,2022-04-07,Bretagne,53,0
35273,E,G,maison,1987,47.8,450.0,2022-04-07,Bretagne,53,0
35076,D,D,appartement,1993,69.7,177.0,2022-04-08,Bretagne,53,0
35248,E,E,maison,1973,42.1,666.0,2022-04-08,Bretagne,53,0
35173,C,A,maison,2011,115.6,224.0,2022-04-08,Bretagne,53,0
35333,F,D,appartement,1957,53.3,584.0,2022-04-08,Bretagne,53,1
35215,D,F,immeuble,1992,68.6,186.0,2022-04-09,Bretagne,53,0
56191,E,F,appartement,1985,86.1,584.0,2022-04-09,Bretagne,53,0
56344,D,E,maison,1974,65.6,310.0,2022-04-09,Bretagne,53,0
22013,E,F,maison,1969,129.1,426.0,2022-04-09,Bretagne,53,0
29321,C,E,maison,1998,93.9,224.0,2022-04-10,Bretagne,53,0
29026,C,C,maison,1986,43.6,169.0,2022-04-10,Bretagne,53,0
29322,C,F,maison,2018,73.7,184.0,2022-04-10,Bretagne,53,0
35200,E,D,maison,1987,74.1,399.0,2022-04-10,Bretagne,53,0
22111,G,D,appartement,1934,87.2,663.0,2022-04-11,Bretagne,53,1
35338,B,E,appartement,1988,88.9,141.0,2022-04-11,Bretagne,53,0
56130,C,B,appartement,1999,45.1,201.0,2022-04-11,Bretagne,53,0
35003,C,D,maison,1989,63.2,283.0,2022-04-12,Bretagne,53,0
35152,A,F,appartement,2011,58.8,94.0,2022-04-12,Bretagne,53,0
35288,F,F,maison,1928,183.2,486.0,2022-04-12,Bretagne,53,1
56151,D,E,maison,1979,222.5,165.0,2022-04-12,Bretagne,53,0
22318,D,F,maison,1985,95.0,261.0,2022-04-13,Bretagne,53,0
22330,E,E,immeuble,1973,60.8,652.0,2022-04-13,Bretagne,53,0
29179,C,B,maison,2004,18.7,237.0,2022-04-13,Bretagne,53,0
29380,C,D,maison,2009,62.2,240.0,2022-04-13,Bretagne,53,0
56256,A,F,appartement,2009,48.8,78.0,2022-04-14,Bretagne,53,0
22265,E,F,appartement,1985,61.7,680.0,2022-04-14,Bretagne,53,0
29254,E,G,appartement,1968,64.7,518.0,2022-04-14,Bretagne,53,0
29293,F,E,appartement,1962,55.6,483.0,2022-04-14,Bretagne,53,1
29383,C,D,maison,2008,48.4,267.0,2022-04-15,Bretagne,53,0
56270,C,F,maison,1992,19.4,215.0,2022-04-15,Bretagne,53,0
22042,E,D,appartement,1989,103.4,402.0,2022-04-15,Bretagne,53,0
29058,F,C,immeuble,1960,181.1,599.0,2022-04-15,Bretagne,53,1
22031,F,F,appartement,1923,220.4,380.0,2022-04-16,Bretagne,53,1
56028,A,D,maison,2014,92.5,55.0,2022-04-16,Bretagne,53,0
29224,A,F,maison,2002,68.5,80.0,2022-04-16,Bretagne,53,0
22162,D,F,maison,1984,71.8,276.0,2022-04-16,Bretagne,53,0
35307,B,G,immeuble,1992,63.1,95.0,2022-04-17,Bretagne,53,0
29297,E,B,maison,1973,64.9,499.0,2022-04-17,Bretagne,53,0
22271,G,E,maison,1937,73.7,615.0,2022-04-17,Bretagne,53,1
22137,D,C,appartement,1965,61.7,175.0,2022-04-17,Bretagne,53,0
56022,F,E,appartement,1967,74.0,442.0,2022-04-18,Bretagne,53,1
29210,D,D,maison,1988,81.8,237.0,2022-04-18,Bretagne,53,0
35143,A,D,appartement,2005,44.2,140.0,2022-04-18,Bretagne,53,0
22266,D,E,maison,1972,28.3,242.0,2022-04-18,Bretagne,53,0
29084,D,C,maison,1990,69.0,185.0,2022-04-19,Bretagne,53,0
35355,B,E,appartement,1992,81.1,115.0,2022-04-19,Bretagne,53,0
22129,D,F,maison,1965,53.4,196.0,2022-04-19,Bretagne,53,0
56054,C,F,maison,1999,18.0,307.0,2022-04-19,Bretagne,53,0
22028,C,F,maison,2013,39.6,285.0,2022-04-20,Bretagne,53,0
56313,D,F,maison,1991,103.0,174.0,2022-04-20,Bretagne,53,0
29392,D,E,appartement,1975,121.5,164.0,2022-04-20,Bretagne,53,0
56135,C,G,appartement,2010,175.3,302.0,2022-04-20,Bretagne,53,0
22016,C,D,appartement,2018,172.8,206.0,2022-04-21,Bretagne,53,0
29008,E,F,maison,1967,108.4,373.0,2022-04-21,Bretagne,53,0
56212,D,C,appartement,1991,86.7,152.0,2022-04-21,Bretagne,53,0
56315,F,G,appartement,1933,65.9,672.0,2022-04-21,Bretagne,53,1
22264,F,F,appartement,1921,132.9,494.0,2022-04-22,Bretagne,53,1
35068,D,D,maison,1978,79.9,234.0,2022-04-22,Bretagne,53,0
56097,B,B,maison,2001,65.6,131.0,2022-04-22,Bretagne,53,0
22206,E,D,appartement,1982,145.9,479.0,2022-04-23,Bretagne,53,0
35360,D,G,maison,1992,33.3,291.0,2022-04-23,Bretagne,53,0
56273,F,F,maison,1956,97.2,662.0,2022-04-23,Bretagne,53,1
29266,C,C,maison,2014,64.9,329.0,2022-04-23,Bretagne,53,0
22302,C,F,maison,1991,62.8,242.0,2022-04-24,Bretagne,53,0
35069,E,D,appartement,1991,25.3,596.0,2022-04-24,Bretagne,53,0
56005,G,C,maison,1925,66.1,589.0,2022-04-24,Bretagne,53,1
35220,F,F,appartement,1944,149.3,553.0,2022-04-24,Bretagne,53,1
35238,C,A,appartement,1994,33.5,281.0,2022-04-25,Bretagne,53,0
35217,G,E,immeuble,1949,24.2,410.0,2022-04-25,Bretagne,53,1
22060,G,F,appartement,1924,133.2,670.0,2022-04-25,Bretagne,53,1
35357,F,D,maison,1974,32.1,689.0,2022-04-25,Bretagne,53,1
29097,B,E,maison,1986,66.2,118.0,2022-04-26,Bretagne,53,0
29174,E,D,maison,1991,81.3,434.0,2022-04-26,Bretagne,53,0
29133,F,G,appartement,1937,99.3,577.0,2022-04-26,Bretagne,53,1
29074,C,E,immeuble,2019,46.5,193.0,2022-04-26,Bretagne,53,0
29154,D,E,appartement,1969,89.2,282.0,2022-04-27,Bretagne,53,0
35178,D,C,maison,1975,54.1,193.0,2022-04-27,Bretagne,53,0
35134,D,D,appartement,1973,62.3,321.0,2022-04-27,Bretagne,53,0
22108,F,F,maison,1967,95.5,697.0,2022-04-27,Bretagne,53,1
35317,D,E,appartement,1970,131.7,152.0,2022-04-28,Bretagne,53,0
35036,F,D,immeuble,1932,59.2,616.0,2022-04-28,Bretagne,53,1
22110,E,G,maison,1979,55.0,346.0,2022-04-28,Bretagne,53,0
29184,D,B,appartement,1985,185.2,184.0,2022-04-28,Bretagne,53,0
35100,C,E,appartement,2014,65.4,277.0,2022-04-29,Bretagne,53,0
56341,G,F,appartement,1962,107.1,651.0,2022-04-29,Bretagne,53,1
29190,B,D,maison,1988,38.6,136.0,2022-04-29,Bretagne,53,0
29327,D,D,immeuble,1985,77.9,194.0,2022-04-29,Bretagne,53,0
56323,C,E,appartement,1993,63.5,215.0,2022-04-30,Bretagne,53,0
35343,D,E,appartement,1977,58.4,270.0,2022-04-30,Bretagne,53,0
22306,D,D,appartement,1983,78.7,306.0,2022-04-30,Bretagne,53,0
29035,E,D,maison,1981,103.2,398.0,2022-04-30,Bretagne,53,0
56292,G,F,appartement,1944,135.6,607.0,2022-05-01,Bretagne,53,1
29295,G,D,maison,1970,51.4,414.0,2022-05-01,Bretagne,53,1
35071,E,F,maison,1978,100.8,553.0,2022-05-01,Bretagne,53,0
22148,D,B,appartement,1985,100.6,297.0,2022-05-01,Bretagne,53,0
56048,D,G,appartement,1994,50.5,187.0,2022-05-02,Bretagne,53,0
22151,G,E,maison,1960,129.7,362.0,2022-05-02,Bretagne,53,1
56354,F,E,appartement,1958,169.0,556.0,2022-05-02,Bretagne,53,1
29245,F,G,appartement,1921,44.6,436.0,2022-05-02,Bretagne,53,1
35249,G,G,appartement,1950,18.0,674.0,2022-05-03,Bretagne,53,1
56379,C,A,maison,1988,129.9,313.0,2022-05-03,Bretagne,53,0
35011,D,D,maison,1967,70.2,317.0,2022-05-03,Bretagne,53,0
29357,B,F,maison,2016,61.0,59.0,2022-05-04,Bretagne,53,0
35004,F,G,appartement,1965,67.1,426.0,2022-05-04,Bretagne,53,1
35319,E,D,appartement,1992,96.8,377.0,2022-05-04,Bretagne,53,0
22256,C,E,appartement,2000,48.6,215.0,2022-05-04,Bretagne,53,0
35063,G,B,maison,1937,62.1,582.0,2022-05-05,Bretagne,53,1
29361,B,B,appartement,1994,52.5,58.0,2022-05-05,Bretagne,53,0
29161,F,D,appartement,1967,78.3,543.0,2022-05-05,Bretagne,53,1
22014,D,E,maison,1965,47.2,188.0,2022-05-05,Bretagne,53,0
56109,F,D,maison,1952,86.9,485.0,2022-05-06,Bretagne,53,1
22108,D,B,maison,1977,108.7,161.0,2022-05-06,Bretagne,53,0
35046,G,F,maison,1930,49.8,683.0,2022-05-06,Bretagne,53,1
29239,C,D,appartement,1989,69.5,235.0,2022-05-06,Bretagne,53,0
22307,F,F,maison,1944,57.3,388.0,2022-05-07,Bretagne,53,1
29339,F,G,maison,1967,129.3,469.0,2022-05-07,Bretagne,53,1
56353,A,D,appartement,1997,85.0,135.0,2022-05-07,Bretagne,53,0
22253,G,B,appartement,1952,89.4,647.0,2022-05-07,Bretagne,53,1
56250,F,B,appartement,1969,68.4,350.0,2022-05-08,Bretagne,53,1
29290,E,F,appartement,1987,65.0,661.0,2022-05-08,Bretagne,53,0
22186,G,D,maison,1938,148.7,384.0,2022-05-08,Bretagne,53,1
29231,F,D,appartement,1948,70.2,410.0,2022-05-08,Bretagne,53,1
35046,A,F,maison,1995,129.6,126.0,2022-05-09,Bretagne,53,0
56131,E,E,maison,1969,39.3,460.0,2022-05-09,Bretagne,53,0
22159,G,E,maison,1927,158.4,602.0,2022-05-09,Bretagne,53,1
22034,F,D,appartement,1973,57.8,357.0,2022-05-09,Bretagne,53,1
22354,E,F,maison,1969,72.6,436.0,2022-05-10,Bretagne,53,0
56139,D,D,maison,1970,49.7,239.0,2022-05-10,Bretagne,53,0
29013,B,E,appartement,1988,107.3,79.0,2022-05-10,Bretagne,53,0
22236,B,G,appartement,2000,48.2,100.0,2022-05-10,Bretagne,53,0
22226,E,B,appartement,1979,99.8,592.0,2022-05-11,Bretagne,53,0
22350,G,F,maison,1920,45.2,451.0,2022-05-11,Bretagne,53,1
35102,D,F,maison,1981,52.4,324.0,2022-05-11,Bretagne,53,0
22278,D,E,maison,1979,39.7,296.0,2022-05-11,Bretagne,53,0
56001,E,D,appartement,1984,63.1,339.0,2022-05-12,Bretagne,53,0
22186,B,C,appartement,1991,144.0,75.0,2022-05-12,Bretagne,53,0
35142,A,E,appartement,2012,76.9,64.0,2022-05-12,Bretagne,53,0
29086,D,B,appartement,1975,133.6,215.0,2022-05-12,Bretagne,53,0
56170,D,G,maison,1982,107.8,281.0,2022-05-13,Bretagne,53,0
29144,E,F,maison,1971,52.1,611.0,2022-05-13,Bretagne,53,0
56062,E,E,maison,1972,19.9,586.0,2022-05-13,Bretagne,53,0
56109,D,A,maison,1976,65.6,318.0,2022-05-13,Bretagne,53,0
29145,C,E,appartement,2014,46.8,181.0,2022-05-14,Bretagne,53,0
35141,C,E,maison,2014,161.7,153.0,2022-05-14,Bretagne,53,0
56210,D,F,maison,1986,57.5,326.0,2022-05-14,Bretagne,53,0
29207,C,F,appartement,2016,64.9,238.0,2022-05-15,Bretagne,53,0
35223,F,D,appartement,1954,117.7,574.0,2022-05-15,Bretagne,53,1
35184,D,F,maison,1994,56.2,153.0,2022-05-15,Bretagne,53,0
35152,E,F,maison,1979,42.0,523.0,2022-05-15,Bretagne,53,0
56343,E,D,appartement,1991,87.3,382.0,2022-05-16,Bretagne,53,0
22142,E,F,maison,1965,117.1,686.0,2022-05-16,Bretagne,53,0
56178,F,F,maison,1935,64.2,678.0,2022-05-16,Bretagne,53,1
56354,C,E,appartement,1997,60.2,293.0,2022-05-16,Bretagne,53,0
22086,F,E,appartement,1956,136.8,447.0,2022-05-17,Bretagne,53,1
35006,F,E,appartement,1947,100.6,376.0,2022-05-17,Bretagne,53,1
29045,E,E,appartement,1981,77.4,496.0,2022-05-17,Bretagne,53,0
22329,F,B,maison,1964,47.8,692.0,2022-05-17,Bretagne,53,1
22177,D,F,appartement,1979,118.1,172.0,2022-05-18,Bretagne,53,0
56281,G,E,maison,1946,83.3,337.0,2022-05-18,Bretagne,53,1
56173,B,D,maison,2016,113.3,113.0,2022-05-18,Bretagne,53,0
22283,D,F,appartement,1971,142.3,293.0,2022-05-18,Bretagne,53,0
56368,E,E,appartement,1971,118.7,447.0,2022-05-19,Bretagne,53,0
35366,G,D,immeuble,1938,48.3,401.0,2022-05-19,Bretagne,53,1
35057,C,C,appartement,2018,64.8,190.0,2022-05-19,Bretagne,53,0
35199,F,B,appartement,1920,27.5,348.0,2022-05-19,Bretagne,53,1
22053,D,D,appartement,1970,59.8,155.0,2022-05-20,Bretagne,53,0
22319,D,C,maison,1979,133.4,285.0,2022-05-20,Bretagne,53,0
22307,A,E,maison,2012,34.9,107.0,2022-05-20,Bretagne,53,0
29133,G,D,appartement,1945,95.2,621.0,2022-05-20,Bretagne,53,1
35021,A,E,immeuble,2003,46.8,124.0,2022-05-21,Bretagne,53,0
22319,F,F,maison,1924,69.6,426.0,2022-05-21,Bretagne,53,1
22013,G,D,appartement,1925,53.1,622.0,2022-05-21,Bretagne,53,1
56301,D,D,maison,1972,48.1,318.0,2022-05-21,Bretagne,53,0
35049,F,B,appartement,1937,37.8,334.0,2022-05-22,Bretagne,53,1
29386,D,G,appartement,1987,120.1,246.0,2022-05-22,Bretagne,53,0
35041,E,E,appartement,1991,77.8,607.0,2022-05-22,Bretagne,53,0
56236,D,D,maison,1984,66.6,289.0,2022-05-22,Bretagne,53,0
29151,F,E,maison,1956,86.4,331.0,2022-05-23,Bretagne,53,1
56109,D,F,maison,1966,90.7,285.0,2022-05-23,Bretagne,53,0
35146,F,E,maison,1960,73.7,391.0,2022-05-23,Bretagne,53,1
35374,F,F,immeuble,1934,50.6,533.0,2022-05-23,Bretagne,53,1
56075,G,E,appartement,1969,46.1,613.0,2022-05-24,Bretagne,53,1
22050,F,C,appartement,1920,64.3,465.0,2022-05-24,Bretagne,53,1
56183,E,F,appartement,1994,69.4,609.0,2022-05-24,Bretagne,53,0
22195,E,G,appartement,1993,50.5,419.0,2022-05-25,Bretagne,53,0
56353,G,D,maison,1943,35.4,533.0,2022-05-25,Bretagne,53,1
56022,E,D,maison,1978,58.0,513.0,2022-05-25,Bretagne,53,0
56023,D,D,maison,1988,42.9,199.0,2022-05-25,Bretagne,53,0
35370,E,B,maison,1966,42.5,462.0,2022-05-26,Bretagne,53,0
29255,D,E,appartement,1994,34.1,250.0,2022-05-26,Bretagne,53,0
35204,C,D,appartement,2018,115.7,218.0,2022-05-26,Bretagne,53,0
35138,D,E,appartement,1984,77.3,185.0,2022-05-26,Bretagne,53,0
22003,G,G,appartement,1955,71.0,644.0,2022-05-27,Bretagne,53,1
56051,A,D,maison,2007,50.8,62.0,2022-05-27,Bretagne,53,0
35086,E,G,maison,1993,42.4,564.0,2022-05-27,Bretagne,53,0
29204,E,D,appartement,1989,54.2,350.0,2022-05-27,Bretagne,53,0
35356,F,B,appartement,1963,93.1,459.0,2022-05-28,Bretagne,53,1
56045,C,B,maison,1986,85.3,192.0,2022-05-28,Bretagne,53,0
22152,D,D,appartement,1970,77.8,291.0,2022-05-28,Bretagne,53,0
29063,D,D,appartement,1967,65.8,270.0,2022-05-28,Bretagne,53,0
35073,C,G,appartement,1985,18.0,262.0,2022-05-29,Bretagne,53,0
56174,E,F,maison,1986,41.7,433.0,2022-05-29,Bretagne,53,0
35198,F,E,appartement,1930,56.3,433.0,2022-05-29,Bretagne,53,1
29135,D,D,appartement,1981,33.9,309.0,2022-05-29,Bretagne,53,0
29306,F,C,appartement,1944,56.0,499.0,2022-05-30,Bretagne,53,1
22297,F,G,appartement,1972,118.6,686.0,2022-05-30,Bretagne,53,1
56343,D,C,maison,1982,123.1,187.0,2022-05-30,Bretagne,53,0
29037,G,D,appartement,1931,65.9,575.0,2022-05-30,Bretagne,53,1
35099,D,D,maison,1980,83.9,180.0,2022-05-31,Bretagne,53,0
56377,C,B,maison,2006,30.2,205.0,2022-05-31,Bretagne,53,0
56142,E,C,maison,1991,161.6,385.0,2022-05-31,Bretagne,53,0
35372,F,F,immeuble,1920,37.4,623.0,2022-05-31,Bretagne,53,1
29140,E,F,appartement,1992,85.3,447.0,2022-06-01,Bretagne,53,0
35135,C,C,appartement,1996,87.8,157.0,2022-06-01,Bretagne,53,0
35021,B,F,appartement,1989,34.3,115.0,2022-06-01,Bretagne,53,0
56016,C,D,appartement,2004,88.6,214.0,2022-06-01,Bretagne,53,0
35040,G,E,appartement,1960,35.2,585.0,2022-06-02,Bretagne,53,1
35316,F,C,appartement,1953,46.5,516.0,2022-06-02,Bretagne,53,1
35356,C,E,maison,1994,52.0,196.0,2022-06-02,Bretagne,53,0
35304,B,B,appartement,2012,42.6,108.0,2022-06-02,Bretagne,53,0
22087,D,D,appartement,1980,35.3,304.0,2022-06-03,Bretagne,53,0
29305,D,G,maison,1979,81.9,156.0,2022-06-03,Bretagne,53,0
22205,D,F,appartement,1980,70.8,230.0,2022-06-03,Bretagne,53,0
29146,F,G,maison,1961,40.0,425.0,2022-06-03,Bretagne,53,1
35337,E,D,maison,1986,110.1,676.0,2022-06-04,Bretagne,53,0
56399,C,G,maison,1997,72.1,330.0,2022-06-04,Bretagne,53,0
29075,D,F,maison,1990,72.6,166.0,2022-06-04,Bretagne,53,0
29392,G,F,maison,1973,55.6,416.0,2022-06-05,Bretagne,53,1
22195,E,E,appartement,1972,76.7,511.0,2022-06-05,Bretagne,53,0
56228,G,E,maison,1933,60.8,347.0,2022-06-05,Bretagne,53,1
29387,F,F,appartement,1952,68.5,483.0,2022-06-05,Bretagne,53,1
22018,D,E,appartement,1984,85.6,280.0,2022-06-06,Bretagne,53,0
56347,D,B,appartement,1983,86.2,235.0,2022-06-06,Bretagne,53,0
56014,G,D,maison,1946,63.9,375.0,2022-06-06,Bretagne,53,1
29335,G,D,maison,1948,254.2,506.0,2022-06-06,Bretagne,53,1
22222,C,D,appartement,2002,50.0,243.0,2022-06-07,Bretagne,53,0
35205,E,F,maison,1988,37.1,661.0,2022-06-07,Bretagne,53,0
29318,D,F,maison,1983,97.9,280.0,2022-06-07,Bretagne,53,0
56147,C,E,maison,2000,122.6,264.0,2022-06-07,Bretagne,53,0
56373,F,D,maison,1943,43.1,494.0,2022-06-08,Bretagne,53,1
35043,A,D,maison,2009,82.4,67.0,2022-06-08,Bretagne,53,0
56085,E,D,maison,1978,64.3,523.0,2022-06-08,Bretagne,53,0
35341,B,C,maison,2012,40.0,106.0,2022-06-08,Bretagne,53,0
29110,A,D,appartement,1987,112.5,90.0,2022-06-09,Bretagne,53,0
56281,D,E,appartement,1983,258.3,265.0,2022-06-09,Bretagne,53,0
22343,F,F,maison,1923,61.4,620.0,2022-06-09,Bretagne,53,1
29394,D,D,maison,1977,138.3,199.0,2022-06-09,Bretagne,53,0
35168,D,C,maison,1980,36.2,326.0,2022-06-10,Bretagne,53,0
22303,C,D,maison,1997,27.0,276.0,2022-06-10,Bretagne,53,0
35069,C,A,maison,1985,63.8,226.0,2022-06-10,Bretagne,53,0
22028,F,E,immeuble,1971,74.7,351.0,2022-06-10,Bretagne,53,1
22060,C,C,immeuble,2013,59.5,151.0,2022-06-11,Bretagne,53,0
56132,E,B,appartement,1969,40.1,486.0,2022-06-11,Bretagne,53,0
29175,E,F,appartement,1965,159.9,522.0,2022-06-11,Bretagne,53,0
56185,E,A,maison,1993,51.8,652.0,2022-06-11,Bretagne,53,0
56068,F,F,appartement,1938,44.7,443.0,2022-06-12,Bretagne,53,1
22091,E,E,maison,1986,83.0,422.0,2022-06-12,Bretagne,53,0
29284,E,D,maison,1978,54.3,562.0,2022-06-12,Bretagne,53,0
56280,A,B,appartement,2017,83.9,146.0,2022-06-12,Bretagne,53,0
35245,C,F,immeuble,2003,40.5,188.0,2022-06-13,Bretagne,53,0
22331,C,E,maison,2000,84.8,173.0,2022-06-13,Bretagne,53,0
22151,E,C,maison,1990,74.1,348.0,2022-06-13,Bretagne,53,0
56310,G,F,maison,1948,40.3,673.0,2022-06-13,Bretagne,53,1
35228,D,F,appartement,1993,55.4,304.0,2022-06-14,Bretagne,53,0
56301,E,D,appartement,1989,52.2,583.0,2022-06-14,Bretagne,53,0
35059,C,D,maison,2001,24.2,217.0,2022-06-14,Bretagne,53,0
56169,C,A,maison,2002,96.4,177.0,2022-06-14,Bretagne,53,0
22245,D,B,maison,1979,29.5,154.0,2022-06-15,Bretagne,53,0
29131,E,F,appartement,1987,48.8,346.0,2022-06-15,Bretagne,53,0
29014,E,F,appartement,1977,81.5,629.0,2022-06-15,Bretagne,53,0
56245,E,G,appartement,1987,43.5,577.0,2022-06-16,Bretagne,53,0
56229,F,G,appartement,1922,167.8,633.0,2022-06-16,Bretagne,53,1
22381,F,E,maison,1959,81.0,674.0,2022-06-16,Bretagne,53,1
35172,B,F,appartement,1997,83.9,124.0,2022-06-16,Bretagne,53,0
29085,D,C,maison,1987,76.7,186.0,2022-06-17,Bretagne,53,0
35053,G,C,maison,1951,20.3,463.0,2022-06-17,Bretagne,53,1
29257,E,F,immeuble,1982,91.4,596.0,2022-06-17,Bretagne,53,0
56084,B,G,appartement,1996,87.9,94.0,2022-06-17,Bretagne,53,0
29139,C,E,maison,1987,110.4,218.0,2022-06-18,Bretagne,53,0
22305,F,F,maison,1937,49.6,607.0,2022-06-18,Bretagne,53,1
35031,B,E,maison,2006,91.7,148.0,2022-06-18,Bretagne,53,0
35341,F,G,appartement,1941,46.8,415.0,2022-06-18,Bretagne,53,1
35260,D,F,appartement,1987,70.1,289.0,2022-06-19,Bretagne,53,0
29249,E,B,maison,1983,65.6,454.0,2022-06-19,Bretagne,53,0
29350,C,G,appartement,1990,100.1,221.0,2022-06-19,Bretagne,53,0
29346,G,D,maison,1930,99.7,452.0,2022-06-19,Bretagne,53,1
35204,E,F,maison,1982,49.6,559.0,2022-06-20,Bretagne,53,0
29317,D,G,maison,1977,36.5,292.0,2022-06-20,Bretagne,53,0
35048,D,D,appartement,1978,85.6,304.0,2022-06-20,Bretagne,53,0
22253,G,E,appartement,1937,80.6,375.0,2022-06-20,Bretagne,53,1
56140,E,D,maison,1981,48.3,490.0,2022-06-21,Bretagne,53,0
35151,D,F,maison,1965,35.1,314.0,2022-06-21,Bretagne,53,0
29393,E,B,appartement,1965,75.5,385.0,2022-06-21,Bretagne,53,0
22379,D,E,maison,1979,37.9,221.0,2022-06-21,Bretagne,53,0
22260,D,F,maison,1968,50.4,255.0,2022-06-22,Bretagne,53,0
56279,D,F,appartement,1987,57.8,213.0,2022-06-22,Bretagne,53,0
35279,D,E,appartement,1966,86.8,199.0,2022-06-22,Bretagne,53,0
35067,F,A,maison,1954,164.4,463.0,2022-06-22,Bretagne,53,1
35337,G,D,immeuble,1920,111.5,665.0,2022-06-23,Bretagne,53,1
35011,G,F,appartement,1965,116.0,647.0,2022-06-23,Bretagne,53,1
35292,E,D,maison,1989,18.4,347.0,2022-06-23,Bretagne,53,0
56099,F,E,appartement,1923,61.8,556.0,2022-06-23,Bretagne,53,1
56037,F,C,appartement,1940,62.9,468.0,2022-06-24,Bretagne,53,1
29019,A,E,appartement,1991,57.8,138.0,2022-06-24,Bretagne,53,0
56022,D,E,appartement,1969,122.5,225.0,2022-06-24,Bretagne,53,0
35371,F,F,appartement,1951,65.9,518.0,2022-06-24,Bretagne,53,1
35379,D,F,appartement,1976,40.5,285.0,2022-06-25,Bretagne,53,0
29259,D,D,maison,1987,46.4,180.0,2022-06-25,Bretagne,53,0
56176,G,G,appartement,1937,75.2,605.0,2022-06-25,Bretagne,53,1
29118,F,A,maison,1958,77.5,591.0,2022-06-25,Bretagne,53,1
56103,D,E,appartement,1970,99.5,182.0,2022-06-26,Bretagne,53,0
29348,C,C,immeuble,1998,71.5,212.0,2022-06-26,Bretagne,53,0
56152,D,D,maison,1989,49.3,272.0,2022-06-26,Bretagne,53,0
56363,C,A,maison,1998,108.3,201.0,2022-06-27,Bretagne,53,0
35357,F,F,maison,1950,62.0,406.0,2022-06-27,Bretagne,53,1
22119,D,D,appartement,1978,44.6,234.0,2022-06-27,Bretagne,53,0
22250,B,A,appartement,2015,56.6,134.0,2022-06-27,Bretagne,53,0
35156,G,B,maison,1961,38.5,415.0,2022-06-28,Bretagne,53,1
56259,F,F,appartement,1931,58.0,354.0,2022-06-28,Bretagne,53,1
22071,G,G,appartement,1967,27.9,354.0,2022-06-28,Bretagne,53,1
29103,D,D,maison,1965,75.1,156.0,2022-06-28,Bretagne,53,0
29161,F,F,appartement,1953,77.5,587.0,2022-06-29,Bretagne,53,1
22176,E,D,maison,1985,41.5,401.0,2022-06-29,Bretagne,53,0
22065,D,D,immeuble,1966,80.2,166.0,2022-06-29,Bretagne,53,0
22325,B,D,appartement,1994,66.0,76.0,2022-06-29,Bretagne,53,0
56168,E,F,appartement,1979,50.9,396.0,2022-06-30,Bretagne,53,0
35227,D,D,maison,1981,39.3,164.0,2022-06-30,Bretagne,53,0
56392,D,F,maison,1988,159.4,309.0,2022-06-30,Bretagne,53,0
35184,C,D,appartement,1987,59.8,273.0,2022-06-30,Bretagne,53,0
56053,F,F,maison,1972,85.5,495.0,2022-07-01,Bretagne,53,1
22036,F,C,immeuble,1954,85.9,648.0,2022-07-01,Bretagne,53,1
22225,F,E,appartement,1974,29.7,685.0,2022-07-01,Bretagne,53,1
56072,G,F,maison,1967,84.8,423.0,2022-07-01,Bretagne,53,1
35202,E,C,maison,1986,145.7,559.0,2022-07-02,Bretagne,53,0
56084,G,C,maison,1973,100.4,393.0,2022-07-02,Bretagne,53,1
56186,E,E,maison,1969,73.7,645.0,2022-07-02,Bretagne,53,0
22247,D,B,appartement,1970,99.6,224.0,2022-07-02,Bretagne,53,0
22015,E,D,maison,1978,63.8,414.0,2022-07-03,Bretagne,53,0
35088,D,C,maison,1993,109.4,249.0,2022-07-03,Bretagne,53,0
29133,F,F,maison,1932,76.9,568.0,2022-07-03,Bretagne,53,1
35271,C,A,appartement,2019,127.3,194.0,2022-07-03,Bretagne,53,0
29205,A,F,appartement,2019,50.3,101.0,2022-07-04,Bretagne,53,0
22147,E,A,appartement,1983,72.2,578.0,2022-07-04,Bretagne,53,0
35120,F,C,appartement,1936,18.0,597.0,2022-07-04,Bretagne,53,1
35244,E,B,maison,1989,72.6,537.0,2022-07-04,Bretagne,53,0
56377,F,E,maison,1972,54.6,520.0,2022-07-05,Bretagne,53,1
22388,E,C,maison,1986,52.4,667.0,2022-07-05,Bretagne,53,0
22027,F,G,maison,1920,50.7,442.0,2022-07-05,Bretagne,53,1
35213,E,E,maison,1974,81.4,541.0,2022-07-05,Bretagne,53,0
22175,D,F,appartement,1971,24.6,304.0,2022-07-06,Bretagne,53,0
35048,E,C,appartement,1993,93.8,422.0,2022-07-06,Bretagne,53,0
22068,D,E,appartement,1986,158.7,218.0,2022-07-06,Bretagne,53,0
29068,B,F,appartement,2004,30.1,116.0,2022-07-06,Bretagne,53,0
29159,E,F,maison,1968,57.4,659.0,2022-07-07,Bretagne,53,0
56112,E,C,appartement,1970,30.6,382.0,2022-07-07,Bretagne,53,0
29116,F,D,maison,1951,57.3,388.0,2022-07-07,Bretagne,53,1
22380,F,E,appartement,1941,109.6,393.0,2022-07-08,Bretagne,53,1
56075,B,D,appartement,2001,25.8,117.0,2022-07-08,Bretagne,53,0
35065,D,E,appartement,1982,48.3,284.0,2022-07-08,Bretagne,53,0
29226,G,F,maison,1935,32.0,356.0,2022-07-08,Bretagne,53,1
29209,D,D,maison,1978,50.5,279.0,2022-07-09,Bretagne,53,0
29286,E,E,appartement,1989,147.2,350.0,2022-07-09,Bretagne,53,0
35278,C,F,maison,2018,122.7,155.0,2022-07-09,Bretagne,53,0
56084,E,D,maison,1985,69.8,332.0,2022-07-09,Bretagne,53,0
29211,E,C,maison,1988,52.8,581.0,2022-07-10,Bretagne,53,0
29124,G,D,immeuble,1942,63.3,597.0,2022-07-10,Bretagne,53,1
22270,C,C,appartement,1987,71.6,174.0,2022-07-10,Bretagne,53,0
29150,E,D,maison,1981,54.9,424.0,2022-07-10,Bretagne,53,0
35189,C,F,appartement,2017,71.2,275.0,2022-07-11,Bretagne,53,0
56222,C,F,maison,2003,55.2,215.0,2022-07-11,Bretagne,53,0
56301,E,E,maison,1977,202.5,502.0,2022-07-11,Bretagne,53,0
35210,D,G,appartement,1989,70.6,156.0,2022-07-11,Bretagne,53,0
29204,D,C,maison,1980,44.2,262.0,2022-07-12,Bretagne,53,0
35037,B,D,appartement,1992,115.9,118.0,2022-07-12,Bretagne,53,0
22052,E,F,appartement,1981,195.2,558.0,2022-07-12,Bretagne,53,0
29315,F,D,appartement,1956,69.7,545.0,2022-07-12,Bretagne,53,1
22361,D,G,maison,1984,55.3,323.0,2022-07-13,Bretagne,53,0
29121,F,C,appartement,1943,44.6,463.0,2022-07-13,Bretagne,53,1
22314,C,E,maison,1990,81.8,253.0,2022-07-13,Bretagne,53,0
35347,B,C,appartement,2007,69.1,62.0,2022-07-13,Bretagne,53,0
22245,F,E,maison,1962,42.1,505.0,2022-07-14,Bretagne,53,1
35229,D,F,maison,1973,98.8,298.0,2022-07-14,Bretagne,53,0
56389,F,D,appartement,1938,51.0,653.0,2022-07-14,Bretagne,53,1
22379,G,F,immeuble,1949,51.1,518.0,2022-07-14,Bretagne,53,1
22371,D,C,appartement,1974,39.8,230.0,2022-07-15,Bretagne,53,0
35249,D,F,appartement,1965,32.8,311.0,2022-07-15,Bretagne,53,0
56066,F,F,maison,1966,91.1,407.0,2022-07-15,Bretagne,53,1
35159,F,D,maison,1930,77.7,337.0,2022-07-15,Bretagne,53,1
22303,E,D,maison,1969,76.0,560.0,2022-07-16,Bretagne,53,0
56210,F,D,maison,1966,32.2,513.0,2022-07-16,Bretagne,53,1
22241,G,C,maison,1974,68.8,447.0,2022-07-16,Bretagne,53,1
56399,C,E,appartement,1985,57.7,317.0,2022-07-16,Bretagne,53,0
35077,E,C,appartement,1992,54.7,697.0,2022-07-17,Bretagne,53,0
22240,E,G,maison,1985,51.9,368.0,2022-07-17,Bretagne,53,0
29204,C,E,maison,2018,55.0,273.0,2022-07-17,Bretagne,53,0
22105,G,B,maison,1935,39.3,352.0,2022-07-17,Bretagne,53,1
56209,C,A,appartement,2006,28.8,275.0,2022-07-18,Bretagne,53,0
22379,B,C,maison,1993,91.5,84.0,2022-07-18,Bretagne,53,0
29214,G,F,maison,1946,146.8,350.0,2022-07-18,Bretagne,53,1
56245,D,D,appartement,1977,66.5,294.0,2022-07-19,Bretagne,53,0
35177,B,E,appartement,2009,79.2,60.0,2022-07-19,Bretagne,53,0
56253,E,D,maison,1969,36.7,334.0,2022-07-19,Bretagne,53,0
22054,G,D,appartement,1971,32.3,609.0,2022-07-19,Bretagne,53,1
22107,D,A,appartement,1987,186.8,245.0,2022-07-20,Bretagne,53,0
56002,A,E,appartement,1995,78.3,92.0,2022-07-20,Bretagne,53,0
56066,D,E,maison,1987,28.1,249.0,2022-07-20,Bretagne,53,0
56009,G,D,appartement,1972,79.6,483.0,2022-07-20,Bretagne,53,1
29078,E,D,appartement,1967,84.5,672.0,2022-07-21,Bretagne,53,0
22375,E,C,maison,1985,99.0,639.0,2022-07-21,Bretagne,53,0
35231,E,C,appartement,1967,52.7,510.0,2022-07-21,Bretagne,53,0
35167,G,G,maison,1955,49.2,370.0,2022-07-21,Bretagne,53,1
56138,D,D,maison,1982,67.5,274.0,2022-07-22,Bretagne,53,0
22267,F,A,appartement,1925,61.8,689.0,2022-07-22,Bretagne,53,1
35278,D,G,maison,1967,81.4,152.0,2022-07-22,Bretagne,53,0
29261,E,G,maison,1972,47.3,672.0,2022-07-22,Bretagne,53,0
22026,F,C,appartement,1974,80.7,433.0,2022-07-23,Bretagne,53,1
22096,C,D,maison,1998,164.8,203.0,2022-07-23,Bretagne,53,0
35153,C,E,appartement,2008,53.9,237.0,2022-07-23,Bretagne,53,0
22191,F,G,appartement,1927,105.4,454.0,2022-07-23,Bretagne,53,1
35389,E,E,maison,1989,107.6,571.0,2022-07-24,Bretagne,53,0
56046,E,D,appartement,1976,48.7,685.0,2022-07-24,Bretagne,53,0
35080,E,C,maison,1969,129.3,582.0,2022-07-24,Bretagne,53,0
56138,F,D,immeuble,1965,32.4,518.0,2022-07-24,Bretagne,53,1
35321,D,G,appartement,1983,43.3,200.0,2022-07-25,Bretagne,53,0
35100,E,E,appartement,1974,66.2,585.0,2022-07-25,Bretagne,53,0
56228,D,F,appartement,1993,93.7,213.0,2022-07-25,Bretagne,53,0
22219,E,F,maison,1979,72.5,490.0,2022-07-25,Bretagne,53,0
35110,E,D,maison,1984,138.1,394.0,2022-07-26,Bretagne,53,0
22205,B,F,appartement,1993,78.7,130.0,2022-07-26,Bretagne,53,0
29222,B,D,maison,1999,63.0,75.0,2022-07-26,Bretagne,53,0
56103,F,F,immeuble,1957,85.1,432.0,2022-07-26,Bretagne,53,1
29256,F,F,appartement,1942,32.9,482.0,2022-07-27,Bretagne,53,1
29130,D,D,maison,1971,149.6,275.0,2022-07-27,Bretagne,53,0
29362,G,F,appartement,1940,73.8,390.0,2022-07-27,Bretagne,53,1
35176,B,E,appartement,2005,51.2,107.0,2022-07-27,Bretagne,53,0
29286,E,G,appartement,1973,27.4,417.0,2022-07-28,Bretagne,53,0
35360,E,D,maison,1992,48.6,625.0,2022-07-28,Bretagne,53,0
56329,D,E,appartement,1970,64.8,310.0,2022-07-28,Bretagne,53,0
35038,F,D,appartement,1966,53.4,407.0,2022-07-28,Bretagne,53,1
56236,D,B,appartement,1986,146.4,298.0,2022-07-29,Bretagne,53,0
56145,C,G,maison,1995,64.4,287.0,2022-07-29,Bretagne,53,0
35295,E,G,appartement,1977,61.8,428.0,2022-07-29,Bretagne,53,0
56295,D,G,appartement,1984,149.7,266.0,2022-07-30,Bretagne,53,0
29357,G,D,maison,1920,55.0,333.0,2022-07-30,Bretagne,53,1
22308,E,C,appartement,1989,43.2,612.0,2022-07-30,Bretagne,53,0
56005,E,B,appartement,1980,83.2,507.0,2022-07-30,Bretagne,53,0
22247,C,D,maison,1992,75.1,233.0,2022-07-31,Bretagne,53,0
56216,F,E,appartement,1924,124.1,468.0,2022-07-31,Bretagne,53,1
22083,G,F,maison,1930,65.3,676.0,2022-07-31,Bretagne,53,1
56343,D,F,appartement,1969,68.5,210.0,2022-07-31,Bretagne,53,0
56132,C,E,appartement,2006,83.6,206.0,2022-08-01,Bretagne,53,0
56321,C,D,maison,1994,92.8,154.0,2022-08-01,Bretagne,53,0
22188,E,E,maison,1969,128.4,476.0,2022-08-01,Bretagne,53,0
29250,E,D,appartement,1991,77.2,663.0,2022-08-01,Bretagne,53,0
35034,G,C,appartement,1951,57.3,652.0,2022-08-02,Bretagne,53,1
56187,E,G,maison,1978,149.8,443.0,2022-08-02,Bretagne,53,0
22234,E,G,maison,1992,54.4,501.0,2022-08-02,Bretagne,53,0
35255,D,D,maison,1970,222.3,324.0,2022-08-02,Bretagne,53,0
29123,E,F,appartement,1982,60.4,463.0,2022-08-03,Bretagne,53,0
22338,D,F,maison,1994,54.7,280.0,2022-08-03,Bretagne,53,0
29135,D,G,appartement,1974,69.3,317.0,2022-08-03,Bretagne,53,0
35109,G,F,maison,1928,236.3,609.0,2022-08-03,Bretagne,53,1
29186,C,E,maison,2018,156.6,326.0,2022-08-04,Bretagne,53,0
56357,E,E,appartement,1990,73.1,386.0,2022-08-04,Bretagne,53,0
29299,F,E,appartement,1974,97.7,420.0,2022-08-04,Bretagne,53,1
22251,A,F,immeuble,1996,48.9,100.0,2022-08-04,Bretagne,53,0
56204,E,D,appartement,1991,27.7,521.0,2022-08-05,Bretagne,53,0
35251,C,E,appartement,1987,41.5,185.0,2022-08-05,Bretagne,53,0
22347,C,D,maison,2012,122.4,183.0,2022-08-05,Bretagne,53,0
22327,F,D,appartement,1965,78.7,626.0,2022-08-05,Bretagne,53,1
56211,E,G,maison,1990,49.7,496.0,2022-08-06,Bretagne,53,0
35193,B,C,appartement,2009,81.9,65.0,2022-08-06,Bretagne,53,0
56354,E,C,maison,1982,39.2,696.0,2022-08-06,Bretagne,53,0
22279,E,G,maison,1981,52.4,488.0,2022-08-06,Bretagne,53,0
22092,D,C,maison,1992,109.7,155.0,2022-08-07,Bretagne,53,0
22304,C,G,appartement,2007,58.9,250.0,2022-08-07,Bretagne,53,0
35165,E,G,immeuble,1983,53.6,426.0,2022-08-07,Bretagne,53,0
29228,D,D,appartement,1986,45.3,285.0,2022-08-07,Bretagne,53,0
22209,G,E,appartement,1971,59.6,609.0,2022-08-08,Bretagne,53,1
56312,D,D,maison,1973,43.6,277.0,2022-08-08,Bretagne,53,0
29213,F,A,appartement,1926,58.4,432.0,2022-08-08,Bretagne,53,1
56030,G,F,maison,1947,131.2,649.0,2022-08-08,Bretagne,53,1
35352,E,E,appartement,1988,84.6,674.0,2022-08-09,Bretagne,53,0
29191,C,D,maison,1990,80.8,169.0,2022-08-09,Bretagne,53,0
22330,G,F,maison,1934,103.8,598.0,2022-08-09,Bretagne,53,1
22085,D,E,appartement,1992,75.8,241.0,2022-08-10,Bretagne,53,0
22068,G,F,appartement,1924,70.9,555.0,2022-08-10,Bretagne,53,1
22164,E,C,appartement,1992,63.0,557.0,2022-08-10,Bretagne,53,0
22136,A,D,maison,2019,134.3,136.0,2022-08-10,Bretagne,53,0
35195,C,G,maison,2016,120.8,226.0,2022-08-11,Bretagne,53,0
22269,E,F,maison,1989,35.0,380.0,2022-08-11,Bretagne,53,0
56244,D,F,maison,1984,57.1,275.0,2022-08-11,Bretagne,53,0
35295,F,D,appartement,1930,51.3,662.0,2022-08-11,Bretagne,53,1
35174,D,F,maison,1981,186.3,166.0,2022-08-12,Bretagne,53,0
22312,D,G,maison,1988,98.5,156.0,2022-08-12,Bretagne,53,0
22315,D,G,appartement,1978,85.4,314.0,2022-08-12,Bretagne,53,0
35026,G,D,maison,1928,56.8,559.0,2022-08-12,Bretagne,53,1
56003,D,E,immeuble,1976,49.1,190.0,2022-08-13,Bretagne,53,0
56256,A,G,maison,1998,50.2,101.0,2022-08-13,Bretagne,53,0
35115,E,G,appartement,1968,57.1,510.0,2022-08-13,Bretagne,53,0
35302,E,B,appartement,1978,50.1,507.0,2022-08-13,Bretagne,53,0
22262,C,A,appartement,1999,52.6,320.0,2022-08-14,Bretagne,53,0
56210,E,E,maison,1989,53.5,576.0,2022-08-14,Bretagne,53,0
29236,C,D,maison,2001,28.9,280.0,2022-08-14,Bretagne,53,0
35343,C,C,maison,1990,75.0,328.0,2022-08-14,Bretagne,53,0
35017,D,F,maison,1983,63.9,320.0,2022-08-15,Bretagne,53,0
29242,D,G,maison,1983,88.4,180.0,2022-08-15,Bretagne,53,0
22023,F,E,maison,1958,149.8,384.0,2022-08-15,Bretagne,53,1
22109,F,B,appartement,1934,18.0,456.0,2022-08-15,Bretagne,53,1
56170,E,C,appartement,1970,124.9,345.0,2022-08-16,Bretagne,53,0
22371,D,G,maison,1981,87.2,261.0,2022-08-16,Bretagne,53,0
56099,D,A,maison,1988,120.1,207.0,2022-08-16,Bretagne,53,0
35036,F,E,maison,1952,37.3,655.0,2022-08-16,Bretagne,53,1
56281,E,E,appartement,1991,26.2,508.0,2022-08-17,Bretagne,53,0
22315,E,D,maison,1970,78.7,413.0,2022-08-17,Bretagne,53,0
29391,G,E,maison,1964,49.4,564.0,2022-08-17,Bretagne,53,1
56149,B,F,maison,2000,72.4,90.0,2022-08-17,Bretagne,53,0
56319,D,C,maison,1979,54.1,175.0,2022-08-18,Bretagne,53,0
35009,A,C,maison,2007,71.6,128.0,2022-08-18,Bretagne,53,0
22271,F,F,maison,1926,44.7,608.0,2022-08-18,Bretagne,53,1
22033,E,B,maison,1994,194.0,508.0,2022-08-18,Bretagne,53,0
29232,C,D,maison,2010,46.4,261.0,2022-08-19,Bretagne,53,0
35184,E,C,maison,1994,37.0,602.0,2022-08-19,Bretagne,53,0
56069,F,D,appartement,1946,76.2,480.0,2022-08-19,Bretagne,53,1
35006,E,E,maison,1983,36.7,668.0,2022-08-19,Bretagne,53,0
35046,C,G,appartement,2015,78.4,246.0,2022-08-20,Bretagne,53,0
56146,D,F,maison,1967,36.2,285.0,2022-08-20,Bretagne,53,0
56309,E,D,maison,1972,119.3,519.0,2022-08-20,Bretagne,53,0
56096,G,F,maison,1951,102.7,345.0,2022-08-21,Bretagne,53,1
35172,G,E,maison,1969,35.2,547.0,2022-08-21,Bretagne,53,1
35387,E,C,maison,1981,49.4,639.0,2022-08-21,Bretagne,53,0
22271,D,F,appartement,1989,69.9,184.0,2022-08-21,Bretagne,53,0
22383,G,E,appartement,1947,48.4,519.0,2022-08-22,Bretagne,53,1
22280,C,B,appartement,2011,22.2,308.0,2022-08-22,Bretagne,53,0
29027,F,G,appartement,1957,68.9,433.0,2022-08-22,Bretagne,53,1
29097,C,F,appartement,2004,278.8,178.0,2022-08-22,Bretagne,53,0
56278,F,D,maison,1932,24.2,695.0,2022-08-23,Bretagne,53,1
29230,C,F,appartement,1999,54.8,286.0,2022-08-23,Bretagne,53,0
56239,E,E,appartement,1977,157.1,559.0,2022-08-23,Bretagne,53,0
22392,E,B,appartement,1969,176.2,592.0,2022-08-23,Bretagne,53,0
22179,A,G,appartement,1990,37.4,111.0,2022-08-24,Bretagne,53,0
35067,E,D,appartement,1971,48.5,590.0,2022-08-24,Bretagne,53,0
35269,F,D,appartement,1959,138.5,401.0,2022-08-24,Bretagne,53,1
22219,B,E,maison,1995,49.2,103.0,2022-08-24,Bretagne,53,0
56262,F,E,appartement,1971,58.6,500.0,2022-08-25,Bretagne,53,1
35097,E,C,maison,1971,151.8,424.0,2022-08-25,Bretagne,53,0
29282,C,E,maison,2018,148.0,268.0,2022-08-25,Bretagne,53,0
29187,E,E,appartement,1979,94.7,614.0,2022-08-25,Bretagne,53,0
29314,F,E,maison,1928,49.1,428.0,2022-08-26,Bretagne,53,1
56204,E,F,maison,1968,165.9,685.0,2022-08-26,Bretagne,53,0
29260,D,G,appartement,1992,103.6,161.0,2022-08-26,Bretagne,53,0
35075,E,G,appartement,1988,226.2,466.0,2022-08-26,Bretagne,53,0
35058,D,G,appartement,1976,76.7,191.0,2022-08-27,Bretagne,53,0
56091,E,E,appartement,1983,51.4,506.0,2022-08-27,Bretagne,53,0
29244,G,D,maison,1944,82.3,599.0,2022-08-27,Bretagne,53,1
22307,E,F,maison,1976,89.6,668.0,2022-08-27,Bretagne,53,0
56079,D,D,maison,1987,47.0,198.0,2022-08-28,Bretagne,53,0
22125,G,C,appartement,1951,132.4,395.0,2022-08-28,Bretagne,53,1
22178,G,D,maison,1927,44.3,344.0,2022-08-28,Bretagne,53,1
29046,G,F,maison,1968,69.3,405.0,2022-08-28,Bretagne,53,1
22340,G,D,appartement,1971,91.5,448.0,2022-08-29,Bretagne,53,1
29306,C,D,maison,2017,38.5,256.0,2022-08-29,Bretagne,53,0
35168,A,G,maison,2002,104.3,112.0,2022-08-29,Bretagne,53,0
56237,G,E,appartement,1928,32.9,434.0,2022-08-29,Bretagne,53,1
29336,F,E,maison,1947,70.9,591.0,2022-08-30,Bretagne,53,1
29026,E,F,maison,1969,41.9,548.0,2022-08-30,Bretagne,53,0
22071,D,F,appartement,1984,72.8,322.0,2022-08-30,Bretagne,53,0
35196,E,F,appartement,1969,87.6,694.0,2022-08-30,Bretagne,53,0
22281,C,F,maison,1985,54.0,264.0,2022-08-31,Bretagne,53,0
56204,A,D,appartement,1988,150.4,107.0,2022-08-31,Bretagne,53,0
29369,E,B,maison,1983,122.1,345.0,2022-08-31,Bretagne,53,0
22352,D,E,maison,1973,55.6,250.0,2022-09-01,Bretagne,53,0
22363,D,A,appartement,1981,87.7,268.0,2022-09-01,Bretagne,53,0
22071,F,F,immeuble,1965,99.3,423.0,2022-09-01,Bretagne,53,1
29044,C,E,appartement,1990,41.6,254.0,2022-09-01,Bretagne,53,0
29241,D,E,appartement,1990,44.5,151.0,2022-09-02,Bretagne,53,0
35251,A,G,maison,2010,234.8,75.0,2022-09-02,Bretagne,53,0
35063,E,G,maison,1966,150.1,693.0,2022-09-02,Bretagne,53,0
56239,C,E,appartement,1993,94.5,272.0,2022-09-02,Bretagne,53,0
22315,F,G,appartement,1964,44.3,526.0,2022-09-03,Bretagne,53,1
56050,E,G,maison,1988,48.8,466.0,2022-09-03,Bretagne,53,0
56123,D,E,appartement,1969,62.7,241.0,2022-09-03,Bretagne,53,0
22170,E,F,maison,1973,53.2,402.0,2022-09-03,Bretagne,53,0
29102,A,D,appartement,1989,65.1,144.0,2022-09-04,Bretagne,53,0
35040,D,D,appartement,1992,188.1,259.0,2022-09-04,Bretagne,53,0
22355,D,G,maison,1965,166.9,328.0,2022-09-04,Bretagne,53,0
56002,E,G,appartement,1970,53.4,471.0,2022-09-04,Bretagne,53,0
22035,B,F,maison,2002,77.0,101.0,2022-09-05,Bretagne,53,0
29009,D,F,maison,1993,70.9,209.0,2022-09-05,Bretagne,53,0
56132,B,F,appartement,2006,60.8,123.0,2022-09-05,Bretagne,53,0
22167,C,B,maison,2005,38.2,158.0,2022-09-05,Bretagne,53,0
29062,D,C,maison,1971,81.4,302.0,2022-09-06,Bretagne,53,0
35290,B,G,appartement,2018,68.5,73.0,2022-09-06,Bretagne,53,0
35321,C,B,appartement,2005,76.5,209.0,2022-09-06,Bretagne,53,0
35202,E,A,maison,1987,206.8,646.0,2022-09-06,Bretagne,53,0
35229,C,G,maison,1993,119.6,286.0,2022-09-07,Bretagne,53,0
29264,D,G,appartement,1990,56.7,226.0,2022-09-07,Bretagne,53,0
56296,D,F,maison,1980,60.5,218.0,2022-09-07,Bretagne,53,0
56395,E,D,maison,1982,54.2,485.0,2022-09-07,Bretagne,53,0
56006,D,E,maison,1990,93.6,160.0,2022-09-08,Bretagne,53,0
35190,A,D,maison,2003,57.8,105.0,2022-09-08,Bretagne,53,0
35350,E,E,appartement,1981,35.4,546.0,2022-09-08,Bretagne,53,0
22150,F,F,maison,1951,86.0,692.0,2022-09-08,Bretagne,53,1
35219,D,D,appartement,1987,60.8,227.0,2022-09-09,Bretagne,53,0
29276,E,E,maison,1994,37.5,698.0,2022-09-09,Bretagne,53,0
29223,E,F,maison,1987,49.1,497.0,2022-09-09,Bretagne,53,0
29287,C,F,appartement,2016,43.4,258.0,2022-09-09,Bretagne,53,0
35198,A,F,maison,2010,49.6,147.0,2022-09-10,Bretagne,53,0
35351,F,E,maison,1968,95.9,516.0,2022-09-10,Bretagne,53,1
56205,F,F,maison,1970,25.9,359.0,2022-09-10,Bretagne,53,1
29307,E,G,maison,1968,58.4,575.0,2022-09-10,Bretagne,53,0
56132,G,F,maison,1948,78.6,577.0,2022-09-11,Bretagne,53,1
29313,C,G,appartement,2009,117.2,183.0,2022-09-11,Bretagne,53,0
35369,G,A,maison,1940,79.6,568.0,2022-09-11,Bretagne,53,1
56244,B,C,appartement,2014,36.7,92.0,2022-09-12,Bretagne,53,0
56081,F,A,appartement,1927,51.0,583.0,2022-09-12,Bretagne,53,1
29152,E,F,maison,1992,82.5,635.0,2022-09-12,Bretagne,53,0
35234,C,F,maison,1999,39.2,172.0,2022-09-12,Bretagne,53,0
29321,B,G,maison,2010,78.1,105.0,2022-09-13,Bretagne,53,0
56149,G,E,appartement,1927,73.9,689.0,2022-09-13,Bretagne,53,1
29058,D,E,maison,1971,71.1,238.0,2022-09-13,Bretagne,53,0
22236,D,G,appartement,1985,43.0,222.0,2022-09-13,Bretagne,53,0
56025,G,D,maison,1955,75.5,410.0,2022-09-14,Bretagne,53,1
56340,D,D,maison,1978,62.9,213.0,2022-09-14,Bretagne,53,0
35202,E,G,maison,1988,82.8,393.0,2022-09-14,Bretagne,53,0
35108,D,A,maison,1992,32.0,198.0,2022-09-14,Bretagne,53,0
29258,E,G,maison,1971,39.7,527.0,2022-09-15,Bretagne,53,0
22065,C,F,appartement,1985,55.5,251.0,2022-09-15,Bretagne,53,0
56309,E,E,appartement,1966,58.9,599.0,2022-09-15,Bretagne,53,0
29314,D,B,maison,1968,77.5,230.0,2022-09-15,Bretagne,53,0
35170,E,E,maison,1979,59.1,420.0,2022-09-16,Bretagne,53,0
22304,C,E,maison,2006,48.9,300.0,2022-09-16,Bretagne,53,0
22323,F,B,appartement,1968,21.7,387.0,2022-09-16,Bretagne,53,1
56070,D,F,immeuble,1984,134.3,216.0,2022-09-16,Bretagne,53,0
29053,G,D,maison,1967,64.8,483.0,2022-09-17,Bretagne,53,1
29190,B,B,maison,2015,35.4,65.0,2022-09-17,Bretagne,53,0
56025,C,D,appartement,1992,29.0,239.0,2022-09-17,Bretagne,53,0
56249,D,D,appartement,1993,145.0,305.0,2022-09-17,Bretagne,53,0
22249,E,C,appartement,1980,61.1,537.0,2022-09-18,Bretagne,53,0
29081,C,E,immeuble,1998,29.6,276.0,2022-09-18,Bretagne,53,0
56242,C,F,appartement,2014,63.7,158.0,2022-09-18,Bretagne,53,0
35275,D,D,maison,1990,102.8,232.0,2022-09-18,Bretagne,53,0
29111,G,D,appartement,1942,26.5,345.0,2022-09-19,Bretagne,53,1
35053,D,C,maison,1987,85.9,261.0,2022-09-19,Bretagne,53,0
22398,C,F,appartement,1990,50.8,187.0,2022-09-19,Bretagne,53,0
56273,E,C,appartement,1977,72.3,671.0,2022-09-19,Bretagne,53,0
35211,F,F,maison,1936,33.0,340.0,2022-09-20,Bretagne,53,1
22247,F,C,appartement,1946,30.6,590.0,2022-09-20,Bretagne,53,1
29162,D,C,maison,1981,83.0,154.0,2022-09-20,Bretagne,53,0
35236,C,F,maison,2017,112.1,200.0,2022-09-20,Bretagne,53,0
35318,D,D,maison,1976,90.7,243.0,2022-09-21,Bretagne,53,0
56161,F,C,appartement,1956,97.0,452.0,2022-09-21,Bretagne,53,1
35016,B,D,maison,2019,86.8,113.0,2022-09-21,Bretagne,53,0
35311,B,E,appartement,1990,39.1,129.0,2022-09-21,Bretagne,53,0
29205,E,B,appartement,1984,136.2,536.0,2022-09-22,Bretagne,53,0
35162,D,F,maison,1974,50.6,314.0,2022-09-22,Bretagne,53,0
56273,F,F,maison,1924,45.9,670.0,2022-09-22,Bretagne,53,1
56193,D,D,appartement,1994,40.6,165.0,2022-09-23,Bretagne,53,0
56008,E,E,appartement,1971,124.8,498.0,2022-09-23,Bretagne,53,0
35256,B,F,maison,2004,46.3,90.0,2022-09-23,Bretagne,53,0
35257,E,F,appartement,1978,41.4,388.0,2022-09-23,Bretagne,53,0
22319,E,E,appartement,1994,40.6,555.0,2022-09-24,Bretagne,53,0
29177,B,E,appartement,1991,60.2,117.0,2022-09-24,Bretagne,53,0
35008,D,E,appartement,1975,34.2,289.0,2022-09-24,Bretagne,53,0
29081,G,D,maison,1931,62.4,494.0,2022-09-24,Bretagne,53,1
29344,F,F,appartement,1959,35.9,392.0,2022-09-25,Bretagne,53,1
22386,C,D,appartement,2014,104.5,280.0,2022-09-25,Bretagne,53,0
29334,E,F,maison,1987,122.8,609.0,2022-09-25,Bretagne,53,0
29181,D,F,appartement,1981,51.8,271.0,2022-09-25,Bretagne,53,0
22038,C,D,appartement,2018,65.5,183.0,2022-09-26,Bretagne,53,0
35381,D,E,maison,1965,22.6,311.0,2022-09-26,Bretagne,53,0
35332,E,C,appartement,1971,314.6,482.0,2022-09-26,Bretagne,53,0
35103,C,F,appartement,1988,88.8,246.0,2022-09-26,Bretagne,53,0
29274,E,G,maison,1974,64.0,474.0,2022-09-27,Bretagne,53,0
29322,A,C,maison,1992,110.7,97.0,2022-09-27,Bretagne,53,0
35173,D,D,maison,1975,71.9,259.0,2022-09-27,Bretagne,53,0
56228,F,E,immeuble,1972,35.5,691.0,2022-09-27,Bretagne,53,1
35137,D,E,appartement,1971,50.9,182.0,2022-09-28,Bretagne,53,0
22094,C,G,maison,2011,112.9,232.0,2022-09-28,Bretagne,53,0
35280,F,G,appartement,1960,109.9,591.0,2022-09-28,Bretagne,53,1
29170,E,F,maison,1984,43.5,523.0,2022-09-28,Bretagne,53,0
29030,G,F,appartement,1962,53.9,482.0,2022-09-29,Bretagne,53,1
56239,C,D,immeuble,2004,177.6,313.0,2022-09-29,Bretagne,53,0
22289,F,G,maison,1925,70.2,515.0,2022-09-29,Bretagne,53,1
29049,F,C,appartement,1924,42.5,362.0,2022-09-29,Bretagne,53,1
35091,E,E,maison,1992,115.7,548.0,2022-09-30,Bretagne,53,0
35009,F,E,maison,1942,25.1,418.0,2022-09-30,Bretagne,53,1
22361,D,G,maison,1978,72.9,290.0,2022-09-30,Bretagne,53,0
22182,B,E,appartement,2014,63.9,86.0,2022-09-30,Bretagne,53,0
35100,C,E,appartement,2005,57.9,221.0,2022-10-01,Bretagne,53,0
22255,D,F,appartement,1993,61.0,163.0,2022-10-01,Bretagne,53,0
29200,C,E,appartement,2004,154.4,218.0,2022-10-01,Bretagne,53,0
29078,D,G,maison,1976,43.3,252.0,2022-10-01,Bretagne,53,0
22160,F,F,maison,1940,79.1,364.0,2022-10-02,Bretagne,53,1
22247,E,D,maison,1981,83.2,493.0,2022-10-02,Bretagne,53,0
22221,E,D,appartement,1966,92.9,691.0,2022-10-02,Bretagne,53,0
56064,E,E,appartement,1975,80.4,481.0,2022-10-02,Bretagne,53,0
56306,D,E,immeuble,1982,75.0,200.0,2022-10-03,Bretagne,53,0
29097,D,F,appartement,1986,35.8,327.0,2022-10-03,Bretagne,53,0
22207,D,D,appartement,1973,65.1,290.0,2022-10-03,Bretagne,53,0
56382,G,E,maison,1969,141.1,593.0,2022-10-04,Bretagne,53,1
22252,C,G,appartement,2001,34.5,202.0,2022-10-04,Bretagne,53,0
22033,E,F,appartement,1991,39.9,382.0,2022-10-04,Bretagne,53,0
35039,C,F,maison,1992,61.6,314.0,2022-10-04,Bretagne,53,0
29368,G,D,maison,1935,130.6,432.0,2022-10-05,Bretagne,53,1
22249,D,D,maison,1966,93.2,219.0,2022-10-05,Bretagne,53,0
29189,D,F,appartement,1976,53.5,285.0,2022-10-05,Bretagne,53,0
22052,C,E,maison,2005,27.3,177.0,2022-10-05,Bretagne,53,0
35083,C,C,maison,1989,81.9,211.0,2022-10-06,Bretagne,53,0
29288,C,F,maison,2016,143.4,304.0,2022-10-06,Bretagne,53,0
22238,C,F,maison,2009,109.4,229.0,2022-10-06,Bretagne,53,0
22006,D,G,maison,1989,32.3,213.0,2022-10-06,Bretagne,53,0
29270,C,E,maison,2005,43.8,237.0,2022-10-07,Bretagne,53,0
22050,B,E,appartement,2003,53.0,85.0,2022-10-07,Bretagne,53,0
29138,D,D,appartement,1979,44.3,266.0,2022-10-07,Bretagne,53,0
29111,D,E,maison,1993,30.0,282.0,2022-10-07,Bretagne,53,0
22052,C,E,appartement,2005,41.1,152.0,2022-10-08,Bretagne,53,0
35332,C,E,appartement,1993,32.7,161.0,2022-10-08,Bretagne,53,0
56370,B,F,maison,1989,77.4,63.0,2022-10-08,Bretagne,53,0
22048,E,C,maison,1991,50.5,413.0,2022-10-08,Bretagne,53,0
22051,E,D,maison,1980,88.8,546.0,2022-10-09,Bretagne,53,0
29101,F,G,appartement,1951,81.1,666.0,2022-10-09,Bretagne,53,1
22291,D,F,immeuble,1992,75.1,250.0,2022-10-09,Bretagne,53,0
56007,D,E,maison,1989,36.7,306.0,2022-10-09,Bretagne,53,0
22070,E,D,maison,1980,148.1,447.0,2022-10-10,Bretagne,53,0
29290,D,D,maison,1979,104.2,224.0,2022-10-10,Bretagne,53,0
35190,E,E,maison,1972,49.4,671.0,2022-10-10,Bretagne,53,0
29188,E,D,appartement,1974,69.0,445.0,2022-10-10,Bretagne,53,0
35252,C,E,maison,1987,73.4,274.0,2022-10-11,Bretagne,53,0
35141,E,F,appartement,1985,110.5,483.0,2022-10-11,Bretagne,53,0
29103,C,E,maison,2018,85.1,227.0,2022-10-11,Bretagne,53,0
35232,D,C,appartement,1967,79.2,319.0,2022-10-11,Bretagne,53,0
29291,F,G,appartement,1967,54.0,340.0,2022-10-12,Bretagne,53,1
29315,F,F,maison,1945,46.0,486.0,2022-10-12,Bretagne,53,1
22152,C,G,immeuble,1994,48.7,281.0,2022-10-12,Bretagne,53,0
35098,G,D,appartement,1931,93.0,490.0,2022-10-12,Bretagne,53,1
29322,C,D,maison,1987,29.8,281.0,2022-10-13,Bretagne,53,0
29362,E,D,appartement,1976,74.7,676.0,2022-10-13,Bretagne,53,0
35052,C,C,immeuble,2014,52.7,154.0,2022-10-13,Bretagne,53,0
56172,C,G,maison,1993,67.6,235.0,2022-10-13,Bretagne,53,0
22158,B,C,appartement,1995,124.5,130.0,2022-10-14,Bretagne,53,0
35373,D,D,maison,1968,56.0,278.0,2022-10-14,Bretagne,53,0
22300,D,B,maison,1985,48.4,266.0,2022-10-14,Bretagne,53,0
35128,D,F,appartement,1989,30.8,290.0,2022-10-15,Bretagne,53,0
35011,D,E,maison,1973,110.8,167.0,2022-10-15,Bretagne,53,0
29128,E,D,maison,1986,69.8,607.0,2022-10-15,Bretagne,53,0
56241,B,E,appartement,2012,46.9,85.0,2022-10-15,Bretagne,53,0
56250,D,E,maison,1992,107.1,178.0,2022-10-16,Bretagne,53,0
35092,C,G,maison,1996,138.4,326.0,2022-10-16,Bretagne,53,0
29256,E,E,maison,1974,48.3,393.0,2022-10-16,Bretagne,53,0
35013,B,B,maison,1996,57.5,135.0,2022-10-16,Bretagne,53,0
56318,F,E,maison,1941,82.2,528.0,2022-10-17,Bretagne,53,1
29276,B,F,maison,1986,85.8,77.0,2022-10-17,Bretagne,53,0
22117,G,F,maison,1955,35.7,593.0,2022-10-17,Bretagne,53,1
35038,C,F,appartement,1992,70.2,259.0,2022-10-17,Bretagne,53,0
22262,D,F,immeuble,1993,20.6,245.0,2022-10-18,Bretagne,53,0
22090,G,C,maison,1956,40.6,549.0,2022-10-18,Bretagne,53,1
56307,B,G,appartement,1986,98.1,106.0,2022-10-18,Bretagne,53,0
35161,F,C,maison,1933,98.3,532.0,2022-10-18,Bretagne,53,1
56031,C,D,appartement,2012,70.6,269.0,2022-10-19,Bretagne,53,0
35209,F,F,maison,1931,68.6,567.0,2022-10-19,Bretagne,53,1
22165,F,C,maison,1943,114.2,413.0,2022-10-19,Bretagne,53,1
35257,D,F,maison,1972,69.5,264.0,2022-10-19,Bretagne,53,0
56219,E,E,maison,1985,44.4,681.0,2022-10-20,Bretagne,53,0
29098,G,C,maison,1955,202.8,653.0,2022-10-20,Bretagne,53,1
29159,A,F,maison,2007,83.3,130.0,2022-10-20,Bretagne,53,0
22107,B,E,appartement,2000,102.7,89.0,2022-10-20,Bretagne,53,0
29289,F,D,appartement,1953,85.8,558.0,2022-10-21,Bretagne,53,1
56369,F,G,appartement,1963,40.3,522.0,2022-10-21,Bretagne,53,1
56271,E,E,appartement,1978,75.1,393.0,2022-10-21,Bretagne,53,0
29200,E,E,appartement,1967,61.1,380.0,2022-10-21,Bretagne,53,0
22376,D,E,maison,1983,120.8,274.0,2022-10-22,Bretagne,53,0
56087,D,D,maison,1971,32.2,233.0,2022-10-22,Bretagne,53,0
29259,D,D,maison,1975,39.6,285.0,2022-10-22,Bretagne,53,0
56048,E,D,maison,1984,41.3,517.0,2022-10-22,Bretagne,53,0
29360,G,C,maison,1950,90.5,672.0,2022-10-23,Bretagne,53,1
22133,B,C,maison,2005,38.6,66.0,2022-10-23,Bretagne,53,0
29327,C,E,appartement,1994,56.4,168.0,2022-10-23,Bretagne,53,0
29321,E,F,appartement,1976,68.8,484.0,2022-10-23,Bretagne,53,0
35221,C,G,maison,2012,30.3,203.0,2022-10-24,Bretagne,53,0
56111,C,D,maison,2016,104.6,270.0,2022-10-24,Bretagne,53,0
29247,D,E,maison,1988,143.1,167.0,2022-10-24,Bretagne,53,0
35351,C,E,maison,2000,48.2,243.0,2022-10-25,Bretagne,53,0
29305,E,F,appartement,1965,29.4,644.0,2022-10-25,Bretagne,53,0
22026,E,B,appartement,1988,83.5,601.0,2022-10-25,Bretagne,53,0
56203,B,E,maison,2013,60.0,84.0,2022-10-25,Bretagne,53,0
29138,D,F,maison,1991,74.5,208.0,2022-10-26,Bretagne,53,0
35172,C,D,maison,2003,58.1,206.0,2022-10-26,Bretagne,53,0
29072,B,F,maison,2004,65.5,132.0,2022-10-26,Bretagne,53,0
56225,E,D,maison,1966,164.4,650.0,2022-10-26,Bretagne,53,0
29337,F,C,maison,1964,80.2,583.0,2022-10-27,Bretagne,53,1
22322,F,G,maison,1949,50.2,332.0,2022-10-27,Bretagne,53,1
22371,F,E,maison,1966,36.4,587.0,2022-10-27,Bretagne,53,1
35182,G,E,maison,1961,42.3,366.0,2022-10-27,Bretagne,53,1
22168,A,E,appartement,2018,153.6,115.0,2022-10-28,Bretagne,53,0
56297,F,B,appartement,1964,62.7,635.0,2022-10-28,Bretagne,53,1
22029,D,G,maison,1994,102.9,280.0,2022-10-28,Bretagne,53,0
29123,E,D,appartement,1972,157.6,467.0,2022-10-28,Bretagne,53,0
56326,C,E,immeuble,2013,66.4,221.0,2022-10-29,Bretagne,53,0
35167,C,F,maison,2000,77.0,330.0,2022-10-29,Bretagne,53,0
22061,F,D,appartement,1960,24.7,366.0,2022-10-29,Bretagne,53,1
35049,F,C,appartement,1923,60.1,540.0,2022-10-29,Bretagne,53,1
29314,G,B,maison,1920,52.9,604.0,2022-10-30,Bretagne,53,1
56321,G,E,appartement,1942,82.5,509.0,2022-10-30,Bretagne,53,1
22370,C,G,appartement,1999,52.6,187.0,2022-10-30,Bretagne,53,0
35247,G,C,appartement,1971,42.1,511.0,2022-10-30,Bretagne,53,1
35178,E,D,immeuble,1973,94.4,453.0,2022-10-31,Bretagne,53,0
22028,E,C,appartement,1979,62.7,530.0,2022-10-31,Bretagne,53,0
35150,F,G,appartement,1942,92.8,387.0,2022-10-31,Bretagne,53,1
22181,G,E,appartement,1925,59.0,566.0,2022-10-31,Bretagne,53,1
35277,G,G,maison,1974,55.7,343.0,2022-11-01,Bretagne,53,1
22253,F,D,maison,1921,93.3,417.0,2022-11-01,Bretagne,53,1
29163,E,F,appartement,1973,77.4,688.0,2022-11-01,Bretagne,53,0
22338,B,E,appartement,1988,118.2,55.0,2022-11-01,Bretagne,53,0
29301,A,D,appartement,2018,83.5,92.0,2022-11-02,Bretagne,53,0
35344,C,E,appartement,2019,26.1,178.0,2022-11-02,Bretagne,53,0
22385,F,D,appartement,1972,89.7,446.0,2022-11-02,Bretagne,53,1
22040,D,F,maison,1970,65.1,220.0,2022-11-02,Bretagne,53,0
56125,E,D,appartement,1986,129.8,653.0,2022-11-03,Bretagne,53,0
29083,G,D,appartement,1966,98.0,482.0,2022-11-03,Bretagne,53,1
35106,A,A,appartement,2004,42.0,116.0,2022-11-03,Bretagne,53,0
56101,G,E,appartement,1946,43.9,585.0,2022-11-03,Bretagne,53,1
56261,F,B,maison,1938,23.1,433.0,2022-11-04,Bretagne,53,1
56318,F,C,maison,1974,63.4,478.0,2022-11-04,Bretagne,53,1
35004,D,G,appartement,1983,31.1,255.0,2022-11-04,Bretagne,53,0
29345,G,C,maison,1968,100.6,489.0,2022-11-05,Bretagne,53,1
56262,C,E,immeuble,2018,81.0,300.0,2022-11-05,Bretagne,53,0
22262,D,D,appartement,1980,77.8,266.0,2022-11-05,Bretagne,53,0
56177,E,E,appartement,1990,41.9,613.0,2022-11-05,Bretagne,53,0
56248,D,G,maison,1989,45.6,235.0,2022-11-06,Bretagne,53,0
22044,D,F,appartement,1965,77.3,179.0,2022-11-06,Bretagne,53,0
29093,E,E,appartement,1989,84.3,415.0,2022-11-06,Bretagne,53,0
56350,F,D,appartement,1970,52.5,594.0,2022-11-06,Bretagne,53,1
35257,G,F,appartement,1956,52.8,683.0,2022-11-07,Bretagne,53,1
22228,E,D,maison,1979,77.5,609.0,2022-11-07,Bretagne,53,0
35255,G,B,maison,1965,51.8,464.0,2022-11-07,Bretagne,53,1
29150,C,D,maison,2019,66.9,166.0,2022-11-07,Bretagne,53,0
56120,E,D,appartement,1985,123.5,636.0,2022-11-08,Bretagne,53,0
56291,E,E,maison,1968,46.1,652.0,2022-11-08,Bretagne,53,0
56313,G,D,maison,1958,117.0,688.0,2022-11-08,Bretagne,53,1
56156,E,F,appartement,1972,70.3,571.0,2022-11-08,Bretagne,53,0
29019,C,D,appartement,1991,29.0,268.0,2022-11-09,Bretagne,53,0
35154,D,E,maison,1980,75.8,248.0,2022-11-09,Bretagne,53,0
29377,E,E,appartement,1966,88.0,437.0,2022-11-09,Bretagne,53,0
22367,C,E,maison,2006,55.0,294.0,2022-11-09,Bretagne,53,0
22160,A,E,appartement,2005,46.5,69.0,2022-11-10,Bretagne,53,0
56341,F,B,appartement,1921,156.3,481.0,2022-11-10,Bretagne,53,1
56122,B,E,appartement,1987,44.8,106.0,2022-11-10,Bretagne,53,0
35193,C,D,maison,2016,27.0,214.0,2022-11-10,Bretagne,53,0
29383,E,C,maison,1976,175.9,358.0,2022-11-11,Bretagne,53,0
56032,E,C,appartement,1977,123.8,420.0,2022-11-11,Bretagne,53,0
22298,D,F,maison,1984,172.7,258.0,2022-11-11,Bretagne,53,0
56141,F,F,appartement,1944,66.2,619.0,2022-11-11,Bretagne,53,1
35087,D,D,appartement,1981,73.3,227.0,2022-11-12,Bretagne,53,0
29380,D,D,appartement,1984,140.6,180.0,2022-11-12,Bretagne,53,0
56263,E,F,immeuble,1969,43.3,346.0,2022-11-12,Bretagne,53,0
22173,A,E,appartement,1989,47.2,66.0,2022-11-12,Bretagne,53,0
35300,C,G,immeuble,2017,41.3,232.0,2022-11-13,Bretagne,53,0
22022,D,D,maison,1977,33.4,248.0,2022-11-13,Bretagne,53,0
22293,F,C,appartement,1962,36.2,520.0,2022-11-13,Bretagne,53,1
35134,D,E,appartement,1986,74.3,249.0,2022-11-13,Bretagne,53,0
56181,E,D,maison,1987,57.9,369.0,2022-11-14,Bretagne,53,0
29279,D,C,appartement,1990,37.2,289.0,2022-11-14,Bretagne,53,0
35076,E,G,appartement,1980,27.1,633.0,2022-11-14,Bretagne,53,0
56159,G,D,maison,1956,42.7,415.0,2022-11-14,Bretagne,53,1
56235,D,E,maison,1967,109.6,293.0,2022-11-15,Bretagne,53,0
56180,C,F,appartement,2000,34.9,326.0,2022-11-15,Bretagne,53,0
56366,C,A,maison,2012,120.1,205.0,2022-11-15,Bretagne,53,0
22376,A,F,appartement,2001,93.4,86.0,2022-11-16,Bretagne,53,0
56018,F,E,maison,1964,164.6,693.0,2022-11-16,Bretagne,53,1
35107,C,C,maison,2001,51.3,243.0,2022-11-16,Bretagne,53,0
35311,E,B,appartement,1965,91.5,422.0,2022-11-16,Bretagne,53,0
29206,C,A,appartement,2009,53.8,312.0,2022-11-17,Bretagne,53,0
35133,E,F,maison,1968,90.1,353.0,2022-11-17,Bretagne,53,0
22124,D,F,maison,1976,23.1,230.0,2022-11-17,Bretagne,53,0
22108,E,F,appartement,1993,83.8,400.0,2022-11-17,Bretagne,53,0
56379,D,A,appartement,1974,69.5,260.0,2022-11-18,Bretagne,53,0
29366,D,D,appartement,1967,38.0,207.0,2022-11-18,Bretagne,53,0
56277,D,E,maison,1977,91.8,311.0,2022-11-18,Bretagne,53,0
22031,F,C,maison,1974,36.4,692.0,2022-11-18,Bretagne,53,1
29170,D,C,maison,1969,125.0,158.0,2022-11-19,Bretagne,53,0
29192,E,E,appartement,1976,36.9,548.0,2022-11-19,Bretagne,53,0
35002,B,G,appartement,1988,125.9,77.0,2022-11-19,Bretagne,53,0
56066,D,D,maison,1967,31.4,305.0,2022-11-19,Bretagne,53,0
29196,B,D,maison,1992,108.7,123.0,2022-11-20,Bretagne,53,0
29339,E,C,appartement,1974,105.1,370.0,2022-11-20,Bretagne,53,0
56188,F,E,appartement,1955,34.5,580.0,2022-11-20,Bretagne,53,1
29279,D,G,appartement,1987,24.8,180.0,2022-11-20,Bretagne,53,0
56210,D,D,maison,1979,78.2,329.0,2022-11-21,Bretagne,53,0
35286,D,G,appartement,1979,119.1,218.0,2022-11-21,Bretagne,53,0
56012,E,D,maison,1980,64.2,690.0,2022-11-21,Bretagne,53,0
22095,D,C,maison,1983,150.5,245.0,2022-11-21,Bretagne,53,0
22349,B,D,appartement,2017,89.7,146.0,2022-11-22,Bretagne,53,0
29214,D,D,maison,1977,28.6,239.0,2022-11-22,Bretagne,53,0
35014,C,B,maison,1989,42.8,188.0,2022-11-22,Bretagne,53,0
22232,C,B,appartement,2002,76.0,229.0,2022-11-22,Bretagne,53,0
35159,B,F,appartement,2002,63.9,65.0,2022-11-23,Bretagne,53,0
56019,G,G,maison,1966,33.0,533.0,2022-11-23,Bretagne,53,1
22234,G,C,appartement,1922,168.4,480.0,2022-11-23,Bretagne,53,1
29001,B,E,maison,1991,49.4,55.0,2022-11-23,Bretagne,53,0
29167,G,F,maison,1926,62.6,385.0,2022-11-24,Bretagne,53,1
29018,G,E,appartement,1927,99.7,574.0,2022-11-24,Bretagne,53,1
29396,E,B,maison,1982,38.3,455.0,2022-11-24,Bretagne,53,0
29166,F,D,maison,1972,34.8,483.0,2022-11-24,Bretagne,53,1
22380,D,E,appartement,1976,185.5,323.0,2022-11-25,Bretagne,53,0
56143,D,B,maison,1969,89.9,173.0,2022-11-25,Bretagne,53,0
35357,B,B,appartement,1988,37.6,65.0,2022-11-25,Bretagne,53,0
56219,G,E,appartement,1935,91.4,457.0,2022-11-25,Bretagne,53,1
56373,F,G,appartement,1963,58.8,630.0,2022-11-26,Bretagne,53,1
22097,D,D,maison,1981,49.6,243.0,2022-11-26,Bretagne,53,0
35353,C,E,maison,2012,90.5,328.0,2022-11-26,Bretagne,53,0
22248,F,G,maison,1956,63.8,665.0,2022-11-27,Bretagne,53,1
29208,C,C,appartement,2001,47.1,294.0,2022-11-27,Bretagne,53,0
22182,E,F,appartement,1988,55.8,381.0,2022-11-27,Bretagne,53,0
35058,E,E,maison,1990,59.3,512.0,2022-11-27,Bretagne,53,0
56314,G,D,immeuble,1960,67.3,432.0,2022-11-28,Bretagne,53,1
29383,B,D,appartement,2006,29.9,133.0,2022-11-28,Bretagne,53,0
29197,F,F,appartement,1957,197.4,690.0,2022-11-28,Bretagne,53,1
29203,C,E,maison,2012,47.2,304.0,2022-11-28,Bretagne,53,0
29110,D,E,appartement,1986,78.2,282.0,2022-11-29,Bretagne,53,0
22334,G,E,appartement,1949,63.9,579.0,2022-11-29,Bretagne,53,1
22245,E,F,maison,1986,59.0,552.0,2022-11-29,Bretagne,53,0
35363,F,B,maison,1952,27.2,645.0,2022-11-29,Bretagne,53,1
56244,D,C,maison,1965,55.8,272.0,2022-11-30,Bretagne,53,0
35211,D,G,maison,1985,206.8,244.0,2022-11-30,Bretagne,53,0
29163,C,E,appartement,2018,136.4,161.0,2022-11-30,Bretagne,53,0
29047,F,G,maison,1972,43.7,576.0,2022-11-30,Bretagne,53,1
22346,F,D,maison,1958,77.3,595.0,2022-12-01,Bretagne,53,1
35171,E,D,maison,1972,151.4,668.0,2022-12-01,Bretagne,53,0
22378,E,F,appartement,1991,49.5,590.0,2022-12-01,Bretagne,53,0
56333,E,E,appartement,1967,75.4,363.0,2022-12-01,Bretagne,53,0
22004,D,F,maison,1969,125.7,217.0,2022-12-02,Bretagne,53,0
29234,C,E,maison,2015,119.7,275.0,2022-12-02,Bretagne,53,0
29031,E,C,maison,1994,50.7,435.0,2022-12-02,Bretagne,53,0
35092,E,D,maison,1968,72.6,369.0,2022-12-02,Bretagne,53,0
29380,D,F,maison,1992,119.3,308.0,2022-12-03,Bretagne,53,0
22227,E,E,maison,1993,33.6,405.0,2022-12-03,Bretagne,53,0
56074,C,F,maison,1986,27.4,261.0,2022-12-03,Bretagne,53,0
56325,D,B,appartement,1993,46.5,220.0,2022-12-03,Bretagne,53,0
22177,G,C,appartement,1941,43.0,390.0,2022-12-04,Bretagne,53,1
22137,D,C,appartement,1990,176.8,201.0,2022-12-04,Bretagne,53,0
56292,E,F,appartement,1980,129.1,700.0,2022-12-04,Bretagne,53,0
22170,C,E,appartement,1990,64.6,218.0,2022-12-04,Bretagne,53,0
29259,G,F,appartement,1948,120.3,592.0,2022-12-05,Bretagne,53,1
56046,E,B,maison,1969,45.2,630.0,2022-12-05,Bretagne,53,0
35005,B,F,maison,2019,117.1,53.0,2022-12-05,Bretagne,53,0
29394,F,G,appartement,1936,47.4,468.0,2022-12-05,Bretagne,53,1
22084,D,C,maison,1980,69.0,171.0,2022-12-06,Bretagne,53,0
22187,D,B,appartement,1982,68.1,267.0,2022-12-06,Bretagne,53,0
56266,F,E,maison,1971,97.0,510.0,2022-12-06,Bretagne,53,1
35261,F,G,appartement,1967,39.4,388.0,2022-12-06,Bretagne,53,1
35141,D,F,maison,1984,176.3,171.0,2022-12-07,Bretagne,53,0
29168,F,E,appartement,1946,52.8,603.0,2022-12-07,Bretagne,53,1
56164,F,C,maison,1931,55.8,641.0,2022-12-07,Bretagne,53,1
29080,D,A,appartement,1971,62.1,302.0,2022-12-08,Bretagne,53,0
29244,F,C,maison,1927,64.0,437.0,2022-12-08,Bretagne,53,1
29151,E,F,appartement,1989,98.7,498.0,2022-12-08,Bretagne,53,0
22012,D,G,appartement,1991,81.5,228.0,2022-12-08,Bretagne,53,0
22199,F,F,maison,1950,253.0,354.0,2022-12-09,Bretagne,53,1
22089,C,E,immeuble,2009,18.0,328.0,2022-12-09,Bretagne,53,0
29162,F,E,maison,1929,99.7,423.0,2022-12-09,Bretagne,53,1
22049,E,F,maison,1979,128.5,522.0,2022-12-09,Bretagne,53,0
56081,G,F,appartement,1931,110.4,394.0,2022-12-10,Bretagne,53,1
56062,C,C,maison,1993,112.6,188.0,2022-12-10,Bretagne,53,0
29198,E,E,appartement,1982,18.0,380.0,2022-12-10,Bretagne,53,0
35224,F,D,appartement,1931,54.2,432.0,2022-12-10,Bretagne,53,1
29268,D,A,maison,1970,122.8,322.0,2022-12-11,Bretagne,53,0
35091,G,C,appartement,1947,62.9,464.0,2022-12-11,Bretagne,53,1
56129,F,D,appartement,1953,65.0,555.0,2022-12-11,Bretagne,53,1
29311,F,F,appartement,1933,64.7,682.0,2022-12-11,Bretagne,53,1
22068,F,D,appartement,1924,46.0,361.0,2022-12-12,Bretagne,53,1
29215,D,D,appartement,1980,110.1,239.0,2022-12-12,Bretagne,53,0
35395,C,F,maison,2011,72.3,194.0,2022-12-12,Bretagne,53,0
56018,F,F,maison,1923,36.6,595.0,2022-12-12,Bretagne,53,1
22273,E,D,appartement,1982,158.5,460.0,2022-12-13,Bretagne,53,0
35088,E,B,maison,1968,101.3,519.0,2022-12-13,Bretagne,53,0
56376,B,D,maison,2012,25.9,88.0,2022-12-13,Bretagne,53,0
22188,F,E,appartement,1926,37.4,483.0,2022-12-13,Bretagne,53,1
22250,E,B,appartement,1966,68.7,440.0,2022-12-14,Bretagne,53,0
22277,D,F,appartement,1969,95.8,322.0,2022-12-14,Bretagne,53,0
29393,G,B,maison,1972,40.4,615.0,2022-12-14,Bretagne,53,1
56035,D,F,appartement,1990,80.6,244.0,2022-12-14,Bretagne,53,0
29038,D,D,appartement,1970,64.0,320.0,2022-12-15,Bretagne,53,0
22191,D,E,maison,1994,88.8,296.0,2022-12-15,Bretagne,53,0
29198,C,D,appartement,2016,37.2,187.0,2022-12-15,Bretagne,53,0
56087,F,F,maison,1932,97.2,572.0,2022-12-15,Bretagne,53,1
29384,D,E,appartement,1993,39.7,180.0,2022-12-16,Bretagne,53,0
56255,F,E,maison,1967,283.9,684.0,2022-12-16,Bretagne,53,1
22027,B,E,maison,2017,84.3,115.0,2022-12-16,Bretagne,53,0
56066,G,D,maison,1966,88.6,469.0,2022-12-16,Bretagne,53,1
22112,D,E,appartement,1973,106.5,245.0,2022-12-17,Bretagne,53,0
29055,F,G,appartement,1929,124.6,584.0,2022-12-17,Bretagne,53,1
35154,F,C,appartement,1939,59.5,449.0,2022-12-17,Bretagne,53,1
35290,C,D,appartement,1997,24.1,155.0,2022-12-17,Bretagne,53,0
35229,E,E,appartement,1965,49.6,588.0,2022-12-18,Bretagne,53,0
56390,G,F,maison,1956,56.1,596.0,2022-12-18,Bretagne,53,1
35175,C,G,appartement,2009,64.1,206.0,2022-12-18,Bretagne,53,0
22184,B,F,immeuble,2012,113.1,85.0,2022-12-19,Bretagne,53,0
35252,D,C,maison,1970,46.1,170.0,2022-12-19,Bretagne,53,0
35228,D,E,appartement,1970,44.7,293.0,2022-12-19,Bretagne,53,0
35267,F,B,appartement,1943,88.0,365.0,2022-12-19,Bretagne,53,1
22187,D,D,maison,1973,39.7,277.0,2022-12-20,Bretagne,53,0
29299,E,F,immeuble,1969,46.1,698.0,2022-12-20,Bretagne,53,0
22355,E,C,maison,1989,64.4,471.0,2022-12-20,Bretagne,53,0
56313,E,C,maison,1966,25.7,406.0,2022-12-20,Bretagne,53,0
29368,F,C,appartement,1974,56.9,698.0,2022-12-21,Bretagne,53,1
56124,F,E,maison,1947,115.3,486.0,2022-12-21,Bretagne,53,1
56099,F,E,maison,1935,118.4,381.0,2022-12-21,Bretagne,53,1
56197,D,F,maison,1984,66.8,196.0,2022-12-21,Bretagne,53,0
29056,D,G,appartement,1994,53.1,219.0,2022-12-22,Bretagne,53,0
35183,C,A,maison,2017,88.7,185.0,2022-12-22,Bretagne,53,0
22274,B,G,appartement,2000,70.6,81.0,2022-12-22,Bretagne,53,0
56369,F,D,maison,1924,43.9,593.0,2022-12-22,Bretagne,53,1
29150,E,D,appartement,1991,87.6,597.0,2022-12-23,Bretagne,53,0
35066,E,C,appartement,1985,67.9,472.0,2022-12-23,Bretagne,53,0
56126,G,D,appartement,1932,91.0,700.0,2022-12-23,Bretagne,53,1
35392,G,E,maison,1957,34.9,341.0,2022-12-23,Bretagne,53,1
56041,C,C,appartement,2000,129.7,200.0,2022-12-24,Bretagne,53,0
29293,E,F,appartement,1988,84.9,626.0,2022-12-24,Bretagne,53,0
22175,G,E,appartement,1972,95.9,572.0,2022-12-24,Bretagne,53,1
22360,D,E,maison,1967,85.4,324.0,2022-12-24,Bretagne,53,0
22289,E,D,maison,1994,46.9,530.0,2022-12-25,Bretagne,53,0
29032,F,G,immeuble,1951,47.8,584.0,2022-12-25,Bretagne,53,1
56289,C,A,maison,2001,55.2,303.0,2022-12-25,Bretagne,53,0
56016,E,F,appartement,1968,62.5,402.0,2022-12-25,Bretagne,53,0
35356,E,B,maison,1987,174.0,687.0,2022-12-26,Bretagne,53,0
56151,E,D,appartement,1983,61.2,530.0,2022-12-26,Bretagne,53,0
29092,D,F,appartement,1983,73.7,264.0,2022-12-26,Bretagne,53,0
29126,G,D,appartement,1932,86.0,462.0,2022-12-26,Bretagne,53,1
56032,E,G,appartement,1987,26.6,613.0,2022-12-27,Bretagne,53,0
29397,F,G,immeuble,1974,63.4,335.0,2022-12-27,Bretagne,53,1
35362,E,E,appartement,1967,43.6,633.0,2022-12-27,Bretagne,53,0
22330,C,F,appartement,2008,86.6,219.0,2022-12-27,Bretagne,53,0
56044,B,G,appartement,2003,149.0,110.0,2022-12-28,Bretagne,53,0
22275,F,F,appartement,1970,59.8,553.0,2022-12-28,Bretagne,53,1
56173,F,D,appartement,1935,58.2,619.0,2022-12-28,Bretagne,53,1
56201,F,E,appartement,1971,36.6,333.0,2022-12-28,Bretagne,53,1
29382,D,G,appartement,1977,87.1,185.0,2022-12-29,Bretagne,53,0
56136,C,D,maison,2019,20.8,225.0,2022-12-29,Bretagne,53,0
35035,A,E,maison,1991,57.2,61.0,2022-12-29,Bretagne,53,0
56368,G,C,maison,1945,128.0,377.0,2022-12-30,Bretagne,53,1
22132,D,B,appartement,1985,72.5,183.0,2022-12-30,Bretagne,53,0
35246,E,F,appartement,1975,26.6,402.0,2022-12-30,Bretagne,53,0
56145,D,G,maison,1984,33.1,233.0,2022-12-30,Bretagne,53,0
29276,C,E,appartement,2003,23.5,259.0,2022-12-31,Bretagne,53,0
35270,C,C,maison,1998,41.0,285.0,2022-12-31,Bretagne,53,0
29333,E,D,appartement,1987,42.9,397.0,2022-12-31,Bretagne,53,0
56359,A,D,appartement,2002,33.5,85.0,2022-12-31,Bretagne,53,0
22171,A,C,appartement,2002,37.4,111.0,2023-01-01,Bretagne,53,0
56123,G,E,maison,1942,36.8,543.0,2023-01-01,Bretagne,53,1
35088,F,F,maison,1957,78.9,391.0,2023-01-01,Bretagne,53,1
29297,C,F,maison,1985,86.2,259.0,2023-01-01,Bretagne,53,0
29387,G,E,appartement,1970,81.3,389.0,2023-01-02,Bretagne,53,1
29066,F,C,maison,1973,96.8,625.0,2023-01-02,Bretagne,53,1
29205,D,D,maison,1993,49.4,319.0,2023-01-02,Bretagne,53,0
29191,E,D,appartement,1990,66.9,533.0,2023-01-02,Bretagne,53,0
29111,F,E,appartement,1935,65.5,454.0,2023-01-03,Bretagne,53,1
22021,F,E,maison,1947,93.7,494.0,2023-01-03,Bretagne,53,1
35148,E,E,maison,1990,78.6,430.0,2023-01-03,Bretagne,53,0
29167,C,G,maison,2007,79.6,178.0,2023-01-03,Bretagne,53,0
29080,F,G,appartement,1929,105.0,346.0,2023-01-04,Bretagne,53,1
56024,F,D,maison,1943,89.0,435.0,2023-01-04,Bretagne,53,1
56248,E,E,maison,1993,73.1,569.0,2023-01-04,Bretagne,53,0
29223,C,A,appartement,1989,45.5,313.0,2023-01-04,Bretagne,53,0
29398,G,F,maison,1962,43.8,466.0,2023-01-05,Bretagne,53,1
29332,D,E,appartement,1991,68.4,228.0,2023-01-05,Bretagne,53,0
22024,E,E,maison,1990,37.2,698.0,2023-01-05,Bretagne,53,0
22155,C,G,appartement,1992,98.2,317.0,2023-01-05,Bretagne,53,0
35363,D,F,immeuble,1993,99.1,165.0,2023-01-06,Bretagne,53,0
22006,E,D,appartement,1976,34.0,520.0,2023-01-06,Bretagne,53,0
35396,F,F,maison,1961,80.1,482.0,2023-01-06,Bretagne,53,1
29018,D,D,maison,1967,35.4,276.0,2023-01-06,Bretagne,53,0
56165,D,E,maison,1978,45.1,325.0,2023-01-07,Bretagne,53,0
29265,E,F,maison,1990,73.8,396.0,2023-01-07,Bretagne,53,0
56072,F,D,maison,1955,38.1,596.0,2023-01-07,Bretagne,53,1
56096,D,D,appartement,1966,73.0,292.0,2023-01-07,Bretagne,53,0
56242,D,E,maison,1970,37.8,228.0,2023-01-08,Bretagne,53,0
22134,E,B,immeuble,1984,87.3,624.0,2023-01-08,Bretagne,53,0
29037,E,D,appartement,1968,46.8,424.0,2023-01-08,Bretagne,53,0
22249,B,F,appartement,2001,54.3,98.0,2023-01-08,Bretagne,53,0
29148,D,D,appartement,1972,56.1,232.0,2023-01-09,Bretagne,53,0
22299,C,E,maison,2015,72.8,198.0,2023-01-09,Bretagne,53,0
35191,D,F,maison,1970,62.1,272.0,2023-01-09,Bretagne,53,0
56178,E,C,appartement,1987,59.5,492.0,2023-01-10,Bretagne,53,0
29098,E,E,maison,1983,151.1,414.0,2023-01-10,Bretagne,53,0
35363,B,B,maison,2013,116.1,106.0,2023-01-10,Bretagne,53,0
56299,D,F,maison,1968,72.5,278.0,2023-01-10,Bretagne,53,0
56373,D,C,appartement,1993,29.6,266.0,2023-01-11,Bretagne,53,0
35109,G,D,maison,1951,63.6,583.0,2023-01-11,Bretagne,53,1
22259,G,E,appartement,1961,30.7,454.0,2023-01-11,Bretagne,53,1
22354,F,D,immeuble,1943,65.5,608.0,2023-01-11,Bretagne,53,1
29305,D,G,immeuble,1986,104.7,236.0,2023-01-12,Bretagne,53,0
56386,B,F,maison,2018,100.6,138.0,2023-01-12,Bretagne,53,0
29229,G,F,appartement,1963,30.8,576.0,2023-01-12,Bretagne,53,1
56049,F,E,maison,1958,32.6,657.0,2023-01-12,Bretagne,53,1
22367,C,E,maison,2010,27.5,205.0,2023-01-13,Bretagne,53,0
35334,F,C,maison,1962,159.2,538.0,2023-01-13,Bretagne,53,1
56156,E,D,appartement,1983,41.5,374.0,2023-01-13,Bretagne,53,0
29005,E,F,maison,1982,84.9,351.0,2023-01-13,Bretagne,53,0
22096,D,D,maison,1970,49.6,279.0,2023-01-14,Bretagne,53,0
56054,D,C,maison,1966,71.0,305.0,2023-01-14,Bretagne,53,0
22191,F,E,maison,1970,58.3,542.0,2023-01-14,Bretagne,53,1
22001,G,E,appartement,1947,34.5,450.0,2023-01-14,Bretagne,53,1
35328,D,C,appartement,1968,33.6,273.0,2023-01-15,Bretagne,53,0
35048,E,A,maison,1975,61.4,670.0,2023-01-15,Bretagne,53,0
29020,G,G,appartement,1921,25.4,535.0,2023-01-15,Bretagne,53,1
56084,D,F,appartement,1975,31.6,163.0,2023-01-15,Bretagne,53,0
56275,D,F,maison,1986,81.3,324.0,2023-01-16,Bretagne,53,0
35122,D,G,maison,1990,55.4,158.0,2023-01-16,Bretagne,53,0
29264,D,F,appartement,1984,28.6,323.0,2023-01-16,Bretagne,53,0
35253,F,F,maison,1926,157.5,339.0,2023-01-16,Bretagne,53,1
56321,F,F,maison,1935,150.7,563.0,2023-01-17,Bretagne,53,1
56263,D,E,maison,1968,136.7,182.0,2023-01-17,Bretagne,53,0
56345,F,F,appartement,1950,77.7,457.0,2023-01-17,Bretagne,53,1
29253,A,E,appartement,2007,64.8,59.0,2023-01-17,Bretagne,53,0
22327,C,D,immeuble,1988,52.2,160.0,2023-01-18,Bretagne,53,0
35225,C,E,appartement,1986,56.7,273.0,2023-01-18,Bretagne,53,0
35366,F,G,appartement,1926,24.9,460.0,2023-01-18,Bretagne,53,1
35184,B,E,maison,1995,126.9,75.0,2023-01-18,Bretagne,53,0
35067,B,G,maison,2017,58.9,69.0,2023-01-19,Bretagne,53,0
56106,G,C,appartement,1946,60.2,402.0,2023-01-19,Bretagne,53,1
22033,F,D,maison,1936,54.1,543.0,2023-01-19,Bretagne,53,1
56056,E,D,maison,1983,72.4,452.0,2023-01-19,Bretagne,53,0
35168,D,D,appartement,1971,54.7,244.0,2023-01-20,Bretagne,53,0
56294,E,F,appartement,1968,23.9,663.0,2023-01-20,Bretagne,53,0
29163,C,E,appartement,2001,53.0,164.0,2023-01-20,Bretagne,53,0
22169,F,F,maison,1930,26.3,536.0,2023-01-21,Bretagne,53,1
29267,A,E,maison,1993,78.5,128.0,2023-01-21,Bretagne,53,0
56209,F,E,appartement,1926,180.7,586.0,2023-01-21,Bretagne,53,1
35356,E,E,maison,1994,109.8,364.0,2023-01-21,Bretagne,53,0
29153,D,B,appartement,1979,53.7,226.0,2023-01-22,Bretagne,53,0
22057,C,F,appartement,2005,80.6,212.0,2023-01-22,Bretagne,53,0
29094,D,C,maison,1983,56.7,157.0,2023-01-22,Bretagne,53,0
29161,A,E,maison,2002,55.2,63.0,2023-01-22,Bretagne,53,0
56179,D,G,appartement,1982,68.3,316.0,2023-01-23,Bretagne,53,0
56152,F,G,maison,1955,80.6,463.0,2023-01-23,Bretagne,53,1
56209,F,E,maison,1964,99.9,695.0,2023-01-23,Bretagne,53,1
35059,D,C,appartement,1967,50.8,197.0,2023-01-23,Bretagne,53,0
56295,E,D,appartement,1991,54.1,620.0,2023-01-24,Bretagne,53,0
29001,E,F,maison,1993,96.4,361.0,2023-01-24,Bretagne,53,0
35104,D,D,appartement,1992,85.6,206.0,2023-01-24,Bretagne,53,0
56122,C,D,maison,1986,59.7,198.0,2023-01-24,Bretagne,53,0
56387,D,D,appartement,1978,42.4,311.0,2023-01-25,Bretagne,53,0
29349,C,E,appartement,1992,67.9,191.0,2023-01-25,Bretagne,53,0
29236,D,C,appartement,1988,54.6,261.0,2023-01-25,Bretagne,53,0
56032,C,C,maison,2013,55.1,195.0,2023-01-25,Bretagne,53,0
29197,D,C,appartement,1976,112.2,231.0,2023-01-26,Bretagne,53,0
56274,C,E,appartement,1991,64.2,325.0,2023-01-26,Bretagne,53,0
22216,E,D,appartement,1965,124.2,624.0,2023-01-26,Bretagne,53,0
22176,F,C,appartement,1951,38.3,691.0,2023-01-26,Bretagne,53,1
22355,F,C,maison,1938,70.8,397.0,2023-01-27,Bretagne,53,1
22129,D,E,appartement,1991,61.4,162.0,2023-01-27,Bretagne,53,0
35167,B,D,appartement,2003,85.1,83.0,2023-01-27,Bretagne,53,0
22282,G,A,maison,1966,83.5,602.0,2023-01-27,Bretagne,53,1
22324,F,C,maison,1957,60.9,511.0,2023-01-28,Bretagne,53,1
29020,G,D,appartement,1945,99.0,387.0,2023-01-28,Bretagne,53,1
35180,E,D,appartement,1994,49.8,602.0,2023-01-28,Bretagne,53,0
35190,D,C,maison,1976,69.7,212.0,2023-01-28,Bretagne,53,0
22171,F,D,appartement,1946,54.5,368.0,2023-01-29,Bretagne,53,1
56006,G,D,maison,1942,50.5,554.0,2023-01-29,Bretagne,53,1
56125,B,F,maison,1991,74.4,78.0,2023-01-29,Bretagne,53,0
22231,E,F,maison,1984,56.6,611.0,2023-01-29,Bretagne,53,0
35039,E,G,appartement,1983,48.3,484.0,2023-01-30,Bretagne,53,0
29317,C,E,maison,1990,71.8,229.0,2023-01-30,Bretagne,53,0
56368,E,F,maison,1976,73.3,465.0,2023-01-30,Bretagne,53,0
56002,B,D,appartement,1998,51.2,81.0,2023-01-30,Bretagne,53,0
35280,D,E,appartement,1974,60.0,161.0,2023-01-31,Bretagne,53,0
29357,D,B,maison,1985,97.4,307.0,2023-01-31,Bretagne,53,0
56253,D,G,maison,1968,33.6,274.0,2023-01-31,Bretagne,53,0
56133,E,F,maison,1986,103.3,556.0,2023-02-01,Bretagne,53,0
35059,D,E,appartement,1992,56.2,164.0,2023-02-01,Bretagne,53,0
56180,F,D,maison,1934,25.9,415.0,2023-02-01,Bretagne,53,1
29179,F,E,maison,1927,108.0,358.0,2023-02-01,Bretagne,53,1
35285,A,G,maison,2007,155.6,73.0,2023-02-02,Bretagne,53,0
29167,E,C,appartement,1967,63.8,340.0,2023-02-02,Bretagne,53,0
35115,E,E,appartement,1966,52.4,471.0,2023-02-02,Bretagne,53,0
22305,E,F,appartement,1988,90.6,410.0,2023-02-02,Bretagne,53,0
22100,F,E,appartement,1956,44.1,541.0,2023-02-03,Bretagne,53,1
29133,D,C,maison,1994,84.3,179.0,2023-02-03,Bretagne,53,0
35068,E,D,appartement,1992,127.5,410.0,2023-02-03,Bretagne,53,0
56246,C,G,appartement,2012,83.9,286.0,2023-02-03,Bretagne,53,0
35133,D,E,maison,1970,93.5,321.0,2023-02-04,Bretagne,53,0
56042,D,E,maison,1972,48.2,163.0,2023-02-04,Bretagne,53,0
56225,D,E,appartement,1992,51.2,301.0,2023-02-04,Bretagne,53,0
56345,E,D,appartement,1992,143.8,531.0,2023-02-04,Bretagne,53,0
35098,D,C,maison,1966,90.3,248.0,2023-02-05,Bretagne,53,0
35175,D,D,maison,1977,132.0,297.0,2023-02-05,Bretagne,53,0
29119,E,D,maison,1968,84.5,402.0,2023-02-05,Bretagne,53,0
22225,F,C,appartement,1939,161.6,484.0,2023-02-05,Bretagne,53,1
29122,E,F,maison,1965,182.5,686.0,2023-02-06,Bretagne,53,0
22200,C,F,appartement,2016,89.2,328.0,2023-02-06,Bretagne,53,0
22101,D,D,immeuble,1966,105.8,162.0,2023-02-06,Bretagne,53,0
35323,D,E,maison,1972,49.0,250.0,2023-02-06,Bretagne,53,0
35040,G,D,maison,1942,24.5,550.0,2023-02-07,Bretagne,53,1
35118,F,E,appartement,1974,55.7,389.0,2023-02-07,Bretagne,53,1
56251,E,F,maison,1984,80.7,666.0,2023-02-07,Bretagne,53,0
56200,F,F,appartement,1973,23.8,597.0,2023-02-07,Bretagne,53,1
56218,C,D,maison,2011,86.4,160.0,2023-02-08,Bretagne,53,0
29252,F,G,appartement,1940,52.1,416.0,2023-02-08,Bretagne,53,1
56094,C,F,maison,2000,33.2,217.0,2023-02-08,Bretagne,53,0
29139,F,G,immeuble,1967,94.0,406.0,2023-02-08,Bretagne,53,1
35123,F,D,appartement,1932,52.3,692.0,2023-02-09,Bretagne,53,1
29077,G,F,appartement,1972,118.2,344.0,2023-02-09,Bretagne,53,1
22175,F,A,appartement,1943,83.6,487.0,2023-02-09,Bretagne,53,1
29272,E,B,immeuble,1967,207.2,623.0,2023-02-09,Bretagne,53,0
56004,E,E,appartement,1968,85.3,497.0,2023-02-10,Bretagne,53,0
29391,F,E,maison,1929,25.6,396.0,2023-02-10,Bretagne,53,1
29261,D,E,appartement,1966,45.2,245.0,2023-02-10,Bretagne,53,0
29051,C,E,appartement,1990,47.6,230.0,2023-02-10,Bretagne,53,0
29001,F,B,maison,1940,20.0,655.0,2023-02-11,Bretagne,53,1
22263,B,E,appartement,2019,178.4,137.0,2023-02-11,Bretagne,53,0
56044,F,D,appartement,1939,55.0,337.0,2023-02-11,Bretagne,53,1
22313,E,E,maison,1977,42.4,336.0,2023-02-12,Bretagne,53,0
22272,E,F,maison,1971,50.7,508.0,2023-02-12,Bretagne,53,0
22313,C,C,maison,2012,63.1,159.0,2023-02-12,Bretagne,53,0
35353,F,F,appartement,1962,57.0,437.0,2023-02-12,Bretagne,53,1
29320,F,G,maison,1952,38.8,398.0,2023-02-13,Bretagne,53,1
22153,E,G,appartement,1971,47.7,580.0,2023-02-13,Bretagne,53,0
22050,D,E,immeuble,1976,56.2,178.0,2023-02-13,Bretagne,53,0
35162,A,F,appartement,2017,100.8,90.0,2023-02-13,Bretagne,53,0
56129,E,F,maison,1991,73.7,585.0,2023-02-14,Bretagne,53,0
35058,E,C,appartement,1973,71.7,667.0,2023-02-14,Bretagne,53,0
35244,C,G,appartement,1995,43.7,215.0,2023-02-14,Bretagne,53,0
56373,F,F,maison,1953,61.3,516.0,2023-02-14,Bretagne,53,1
29282,E,C,appartement,1973,55.9,674.0,2023-02-15,Bretagne,53,0
29019,D,G,maison,1988,86.9,168.0,2023-02-15,Bretagne,53,0
22064,F,E,appartement,1940,63.9,485.0,2023-02-15,Bretagne,53,1
35306,C,A,immeuble,1987,42.5,297.0,2023-02-15,Bretagne,53,0
22259,C,E,appartement,2018,93.4,283.0,2023-02-16,Bretagne,53,0
29030,C,B,maison,2001,35.0,269.0,2023-02-16,Bretagne,53,0
29095,F,G,maison,1963,57.1,507.0,2023-02-16,Bretagne,53,1
22142,C,C,maison,2004,98.5,219.0,2023-02-16,Bretagne,53,0
22136,E,F,maison,1991,60.9,681.0,2023-02-17,Bretagne,53,0
56392,E,C,maison,1980,73.0,459.0,2023-02-17,Bretagne,53,0
56057,B,E,appartement,2015,97.0,142.0,2023-02-17,Bretagne,53,0
29157,B,D,appartement,2007,52.7,133.0,2023-02-17,Bretagne,53,0
29042,F,D,maison,1960,82.4,352.0,2023-02-18,Bretagne,53,1
29333,F,E,appartement,1943,53.7,376.0,2023-02-18,Bretagne,53,1
35293,G,F,appartement,1973,41.4,532.0,2023-02-18,Bretagne,53,1
22281,E,D,maison,1971,41.0,551.0,2023-02-18,Bretagne,53,0
35171,G,F,maison,1934,63.1,373.0,2023-02-19,Bretagne,53,1
56292,E,B,appartement,1993,53.1,464.0,2023-02-19,Bretagne,53,0
56053,C,F,maison,2013,76.9,270.0,2023-02-19,Bretagne,53,0
35270,D,F,appartement,1976,45.5,182.0,2023-02-19,Bretagne,53,0
56345,E,D,appartement,1969,99.7,356.0,2023-02-20,Bretagne,53,0
35388,D,D,appartement,1994,92.2,197.0,2023-02-20,Bretagne,53,0
56061,E,F,maison,1978,51.6,606.0,2023-02-20,Bretagne,53,0
22020,E,E,appartement,1978,46.3,693.0,2023-02-20,Bretagne,53,0
29139,F,E,maison,1965,115.6,574.0,2023-02-21,Bretagne,53,1
35178,C,A,appartement,2016,127.2,308.0,2023-02-21,Bretagne,53,0
22366,E,C,immeuble,1974,76.6,630.0,2023-02-21,Bretagne,53,0
35064,G,D,appartement,1946,33.7,365.0,2023-02-21,Bretagne,53,1
29352,G,C,appartement,1956,184.0,414.0,2023-02-22,Bretagne,53,1
29391,D,D,maison,1994,53.5,256.0,2023-02-22,Bretagne,53,0
22131,A,D,appartement,1993,20.6,74.0,2023-02-22,Bretagne,53,0
35082,B,D,maison,1996,46.1,100.0,2023-02-23,Bretagne,53,0
29024,D,D,appartement,1976,40.7,208.0,2023-02-23,Bretagne,53,0
56202,C,D,maison,2003,109.1,171.0,2023-02-23,Bretagne,53,0
56147,E,G,maison,1965,46.7,331.0,2023-02-23,Bretagne,53,0
29164,E,F,maison,1988,74.8,453.0,2023-02-24,Bretagne,53,0
22223,E,E,appartement,1985,124.1,621.0,2023-02-24,Bretagne,53,0
22224,E,E,maison,1976,82.1,596.0,2023-02-24,Bretagne,53,0
22053,F,E,maison,1926,87.8,598.0,2023-02-24,Bretagne,53,1
22110,F,E,maison,1964,57.3,636.0,2023-02-25,Bretagne,53,1
29345,C,F,appartement,1985,91.0,289.0,2023-02-25,Bretagne,53,0
22319,C,E,maison,1991,61.4,217.0,2023-02-25,Bretagne,53,0
35173,G,G,appartement,1962,64.3,544.0,2023-02-25,Bretagne,53,1
29094,C,G,immeuble,1985,83.6,161.0,2023-02-26,Bretagne,53,0
56032,E,B,maison,1994,79.1,489.0,2023-02-26,Bretagne,53,0
29178,D,F,maison,1989,76.0,274.0,2023-02-26,Bretagne,53,0
29351,C,B,immeuble,2017,44.5,232.0,2023-02-26,Bretagne,53,0
22043,F,D,maison,1964,123.2,385.0,2023-02-27,Bretagne,53,1
29257,G,E,appartement,1941,163.0,375.0,2023-02-27,Bretagne,53,1
56356,F,C,maison,1927,48.4,363.0,2023-02-27,Bretagne,53,1
56106,G,D,appartement,1940,75.9,514.0,2023-02-27,Bretagne,53,1
22019,B,E,maison,1989,236.7,64.0,2023-02-28,Bretagne,53,0
29018,A,E,maison,2015,130.4,53.0,2023-02-28,Bretagne,53,0
35111,B,F,appartement,2002,73.6,91.0,2023-02-28,Bretagne,53,0
35008,F,E,maison,1946,69.3,399.0,2023-02-28,Bretagne,53,1
22224,D,E,appartement,1970,84.8,182.0,2023-03-01,Bretagne,53,0
35189,G,E,appartement,1930,84.9,443.0,2023-03-01,Bretagne,53,1
29363,D,E,appartement,1986,35.9,290.0,2023-03-01,Bretagne,53,0
56172,E,E,appartement,1978,109.3,671.0,2023-03-01,Bretagne,53,0
56091,E,G,maison,1978,105.1,413.0,2023-03-02,Bretagne,53,0
56029,B,F,maison,2007,97.2,109.0,2023-03-02,Bretagne,53,0
35121,B,E,maison,2007,97.8,54.0,2023-03-02,Bretagne,53,0
35292,F,D,maison,1969,96.8,460.0,2023-03-02,Bretagne,53,1
29055,D,D,maison,1985,53.7,275.0,2023-03-03,Bretagne,53,0
35051,D,E,appartement,1970,99.6,325.0,2023-03-03,Bretagne,53,0
35111,E,C,maison,1974,63.7,562.0,2023-03-03,Bretagne,53,0
22224,F,D,maison,1947,58.3,614.0,2023-03-03,Bretagne,53,1
29229,E,G,appartement,1986,38.1,697.0,2023-03-04,Bretagne,53,0
56223,D,D,maison,1966,79.8,248.0,2023-03-04,Bretagne,53,0
35301,E,E,maison,1990,80.9,439.0,2023-03-04,Bretagne,53,0
29028,B,F,maison,2017,147.5,121.0,2023-03-04,Bretagne,53,0
35190,E,F,appartement,1989,89.4,457.0,2023-03-05,Bretagne,53,0
29324,D,D,appartement,1985,64.1,325.0,2023-03-05,Bretagne,53,0
35088,D,D,appartement,1973,93.2,216.0,2023-03-05,Bretagne,53,0
56069,D,G,maison,1983,40.8,216.0,2023-03-06,Bretagne,53,0
22027,G,F,maison,1961,105.0,532.0,2023-03-06,Bretagne,53,1
56072,B,E,appartement,1992,146.5,130.0,2023-03-06,Bretagne,53,0
35131,D,E,appartement,1990,62.4,221.0,2023-03-06,Bretagne,53,0
56357,G,C,maison,1947,290.2,636.0,2023-03-07,Bretagne,53,1
29036,D,E,maison,1966,30.2,281.0,2023-03-07,Bretagne,53,0
22280,D,D,maison,1981,76.2,232.0,2023-03-07,Bretagne,53,0
22215,D,E,maison,1966,74.4,299.0,2023-03-07,Bretagne,53,0
56325,D,E,appartement,1966,46.4,257.0,2023-03-08,Bretagne,53,0
22263,C,F,appartement,2019,59.6,238.0,2023-03-08,Bretagne,53,0
35105,F,E,appartement,1936,101.6,339.0,2023-03-08,Bretagne,53,1
56098,D,C,appartement,1991,118.0,185.0,2023-03-08,Bretagne,53,0
56339,F,G,maison,1952,59.4,485.0,2023-03-09,Bretagne,53,1
22198,F,C,maison,1937,41.4,519.0,2023-03-09,Bretagne,53,1
56071,C,E,maison,1993,81.8,212.0,2023-03-09,Bretagne,53,0
35205,C,D,maison,2002,32.5,233.0,2023-03-09,Bretagne,53,0
29389,B,C,appartement,1988,21.3,59.0,2023-03-10,Bretagne,53,0
35240,D,E,appartement,1981,56.2,185.0,2023-03-10,Bretagne,53,0
29140,D,D,appartement,1968,56.0,154.0,2023-03-10,Bretagne,53,0
29110,E,D,maison,1981,41.5,683.0,2023-03-10,Bretagne,53,0
22221,B,G,maison,2016,49.2,76.0,2023-03-11,Bretagne,53,0
22263,C,G,appartement,2013,127.5,176.0,2023-03-11,Bretagne,53,0
35377,G,F,maison,1947,54.5,444.0,2023-03-11,Bretagne,53,1
35006,C,E,appartement,2011,58.1,267.0,2023-03-11,Bretagne,53,0
22059,E,C,appartement,1993,54.8,530.0,2023-03-12,Bretagne,53,0
56294,F,E,appartement,1969,138.0,664.0,2023-03-12,Bretagne,53,1
29375,F,G,appartement,1939,154.0,660.0,2023-03-12,Bretagne,53,1
35094,D,D,appartement,1985,28.4,254.0,2023-03-12,Bretagne,53,0
29368,E,D,maison,1987,77.8,677.0,2023-03-13,Bretagne,53,0
29321,F,B,maison,1964,45.1,689.0,2023-03-13,Bretagne,53,1
56378,E,E,appartement,1973,41.7,528.0,2023-03-13,Bretagne,53,0
56376,F,C,appartement,1966,144.9,499.0,2023-03-13,Bretagne,53,1
29257,B,F,maison,2018,72.9,92.0,2023-03-14,Bretagne,53,0
22054,F,E,appartement,1959,25.1,333.0,2023-03-14,Bretagne,53,1
35228,A,D,immeuble,1986,122.1,115.0,2023-03-14,Bretagne,53,0
29264,F,E,appartement,1925,68.8,331.0,2023-03-14,Bretagne,53,1
22171,F,D,appartement,1932,83.2,439.0,2023-03-15,Bretagne,53,1
22005,F,E,maison,1963,52.0,627.0,2023-03-15,Bretagne,53,1
29169,E,E,appartement,1982,58.6,413.0,2023-03-15,Bretagne,53,0
35170,D,F,maison,1965,43.4,222.0,2023-03-15,Bretagne,53,0
29373,D,D,appartement,1967,68.5,160.0,2023-03-16,Bretagne,53,0
56108,F,C,maison,1951,42.8,497.0,2023-03-16,Bretagne,53,1
56300,C,C,maison,2009,70.0,324.0,2023-03-16,Bretagne,53,0
56273,C,D,appartement,2013,54.9,328.0,2023-03-17,Bretagne,53,0
56112,E,E,maison,1981,53.8,403.0,2023-03-17,Bretagne,53,0
35382,E,D,maison,1978,154.0,413.0,2023-03-17,Bretagne,53,0
35234,E,E,maison,1977,92.7,501.0,2023-03-17,Bretagne,53,0
22274,F,E,appartement,1934,86.8,428.0,2023-03-18,Bretagne,53,1
56284,F,C,appartement,1938,72.3,660.0,2023-03-18,Bretagne,53,1
22047,D,F,maison,1977,39.0,229.0,2023-03-18,Bretagne,53,0
29085,C,G,appartement,1998,97.9,304.0,2023-03-18,Bretagne,53,0
22121,F,E,maison,1928,35.1,684.0,2023-03-19,Bretagne,53,1
56168,D,B,maison,1994,43.9,322.0,2023-03-19,Bretagne,53,0
22103,E,D,appartement,1980,58.3,478.0,2023-03-19,Bretagne,53,0
35348,B,D,appartement,1997,110.3,131.0,2023-03-19,Bretagne,53,0
56001,C,D,maison,2003,54.0,155.0,2023-03-20,Bretagne,53,0
29354,G,F,appartement,1949,36.3,485.0,2023-03-20,Bretagne,53,1
29340,B,G,maison,1998,157.8,104.0,2023-03-20,Bretagne,53,0
22003,F,C,immeuble,1965,67.0,676.0,2023-03-20,Bretagne,53,1
22059,G,F,maison,1938,143.6,562.0,2023-03-21,Bretagne,53,1
35366,D,E,appartement,1992,126.7,259.0,2023-03-21,Bretagne,53,0
22091,C,A,immeuble,2018,92.5,163.0,2023-03-21,Bretagne,53,0
35080,B,G,appartement,2009,310.0,121.0,2023-03-21,Bretagne,53,0
35339,D,G,maison,1968,40.5,177.0,2023-03-22,Bretagne,53,0
29178,E,D,immeuble,1973,53.0,622.0,2023-03-22,Bretagne,53,0
22166,G,D,appartement,1964,122.3,345.0,2023-03-22,Bretagne,53,1
22050,G,D,appartement,1949,53.5,626.0,2023-03-22,Bretagne,53,1
22040,D,D,appartement,1984,84.6,225.0,2023-03-23,Bretagne,53,0
35294,E,F,appartement,1972,33.7,408.0,2023-03-23,Bretagne,53,0
22074,F,C,appartement,1937,56.1,414.0,2023-03-23,Bretagne,53,1
56295,E,E,maison,1974,44.7,488.0,2023-03-23,Bretagne,53,0
56184,E,D,maison,1988,40.0,628.0,2023-03-24,Bretagne,53,0
29226,B,E,appartement,1987,43.6,59.0,2023-03-24,Bretagne,53,0
29095,D,F,appartement,1987,67.7,241.0,2023-03-24,Bretagne,53,0
29064,C,G,maison,1994,55.1,233.0,2023-03-24,Bretagne,53,0
35347,G,F,appartement,1929,75.3,397.0,2023-03-25,Bretagne,53,1
29207,D,A,maison,1980,59.4,219.0,2023-03-25,Bretagne,53,0
35012,C,E,maison,1998,96.6,202.0,2023-03-25,Bretagne,53,0
56041,B,G,appartement,2001,41.9,74.0,2023-03-25,Bretagne,53,0
56041,D,D,maison,1994,71.5,282.0,2023-03-26,Bretagne,53,0
35180,F,D,maison,1956,148.0,339.0,2023-03-26,Bretagne,53,1
35041,F,D,maison,1922,128.6,469.0,2023-03-26,Bretagne,53,1
22020,A,E,appartement,1997,40.0,128.0,2023-03-26,Bretagne,53,0
35199,D,D,maison,1974,122.8,204.0,2023-03-27,Bretagne,53,0
56273,C,F,maison,2012,33.6,271.0,2023-03-27,Bretagne,53,0
56045,C,F,maison,2017,58.4,212.0,2023-03-27,Bretagne,53,0
35221,C,E,appartement,2005,90.9,321.0,2023-03-28,Bretagne,53,0
56274,F,F,maison,1947,90.4,415.0,2023-03-28,Bretagne,53,1
56251,A,D,maison,2001,69.4,68.0,2023-03-28,Bretagne,53,0
35388,D,G,appartement,1989,71.7,188.0,2023-03-28,Bretagne,53,0
56034,C,F,maison,1992,33.8,205.0,2023-03-29,Bretagne,53,0
22213,G,D,maison,1966,49.8,611.0,2023-03-29,Bretagne,53,1
29155,E,F,maison,1973,106.1,451.0,2023-03-29,Bretagne,53,0
29324,G,E,maison,1959,122.1,606.0,2023-03-29,Bretagne,53,1
29019,G,E,maison,1920,111.8,401.0,2023-03-30,Bretagne,53,1
35251,E,F,maison,1969,85.2,642.0,2023-03-30,Bretagne,53,0
22118,F,F,appartement,1945,41.4,593.0,2023-03-30,Bretagne,53,1
29315,E,B,appartement,1971,211.7,353.0,2023-03-30,Bretagne,53,0
35071,F,G,maison,1970,93.9,657.0,2023-03-31,Bretagne,53,1
29176,G,E,maison,1968,33.3,606.0,2023-03-31,Bretagne,53,1
22366,C,A,appartement,2008,45.9,194.0,2023-03-31,Bretagne,53,0
29305,C,E,immeuble,2017,67.1,213.0,2023-03-31,Bretagne,53,0
29311,G,D,maison,1951,68.6,399.0,2023-04-01,Bretagne,53,1
35036,F,F,appartement,1956,147.7,448.0,2023-04-01,Bretagne,53,1
56396,G,D,appartement,1952,30.3,367.0,2023-04-01,Bretagne,53,1
35130,B,C,maison,1988,123.4,87.0,2023-04-01,Bretagne,53,0
22202,E,E,appartement,1977,93.9,390.0,2023-04-02,Bretagne,53,0
29064,E,B,appartement,1981,79.9,697.0,2023-04-02,Bretagne,53,0
29303,E,E,appartement,1987,108.0,471.0,2023-04-02,Bretagne,53,0
29078,D,D,maison,1965,102.4,317.0,2023-04-02,Bretagne,53,0
35239,E,F,maison,1983,101.6,565.0,2023-04-03,Bretagne,53,0
35251,G,E,appartement,1948,41.4,378.0,2023-04-03,Bretagne,53,1
35015,F,F,maison,1936,55.2,622.0,2023-04-03,Bretagne,53,1
29015,B,E,maison,2014,62.1,73.0,2023-04-03,Bretagne,53,0
35059,D,A,maison,1968,72.9,240.0,2023-04-04,Bretagne,53,0
56053,D,E,appartement,1968,38.8,174.0,2023-04-04,Bretagne,53,0
22142,E,D,appartement,1980,31.8,610.0,2023-04-04,Bretagne,53,0
56290,E,C,maison,1974,64.8,534.0,2023-04-04,Bretagne,53,0
29208,F,G,appartement,1971,76.9,670.0,2023-04-05,Bretagne,53,1
56269,C,E,maison,1991,28.3,209.0,2023-04-05,Bretagne,53,0
22335,D,C,maison,1977,38.9,279.0,2023-04-05,Bretagne,53,0
29127,F,G,maison,1942,50.3,671.0,2023-04-05,Bretagne,53,1
29137,G,F,immeuble,1961,74.0,494.0,2023-04-06,Bretagne,53,1
56334,D,E,maison,1972,37.1,262.0,2023-04-06,Bretagne,53,0
35168,C,D,maison,2008,40.8,152.0,2023-04-06,Bretagne,53,0
29221,F,E,maison,1930,106.2,362.0,2023-04-07,Bretagne,53,1
35169,D,G,maison,1981,69.2,317.0,2023-04-07,Bretagne,53,0
22237,E,G,appartement,1988,37.7,561.0,2023-04-07,Bretagne,53,0
56258,G,G,maison,1961,62.1,573.0,2023-04-07,Bretagne,53,1
29180,D,C,maison,1989,76.5,284.0,2023-04-08,Bretagne,53,0
56341,D,D,appartement,1993,37.4,171.0,2023-04-08,Bretagne,53,0
56232,D,G,appartement,1990,69.8,229.0,2023-04-08,Bretagne,53,0
22291,G,E,appartement,1950,60.6,600.0,2023-04-08,Bretagne,53,1
35378,F,G,maison,1946,53.8,421.0,2023-04-09,Bretagne,53,1
35069,E,D,appartement,1966,77.2,584.0,2023-04-09,Bretagne,53,0
56026,D,G,appartement,1987,120.9,203.0,2023-04-09,Bretagne,53,0
56067,C,D,maison,2012,94.9,293.0,2023-04-09,Bretagne,53,0
22359,C,F,maison,2009,41.5,328.0,2023-04-10,Bretagne,53,0
35250,D,D,appartement,1982,62.4,272.0,2023-04-10,Bretagne,53,0
56270,D,D,appartement,1994,114.1,280.0,2023-04-10,Bretagne,53,0
56170,B,C,appartement,2004,67.6,86.0,2023-04-10,Bretagne,53,0
35376,D,G,maison,1989,27.5,202.0,2023-04-11,Bretagne,53,0
29212,G,G,appartement,1936,29.2,441.0,2023-04-11,Bretagne,53,1
22200,E,D,maison,1980,79.6,447.0,2023-04-11,Bretagne,53,0
56159,D,G,maison,1975,66.7,215.0,2023-04-11,Bretagne,53,0
22088,F,E,appartement,1934,178.2,581.0,2023-04-12,Bretagne,53,1
56276,D,E,appartement,1973,61.8,316.0,2023-04-12,Bretagne,53,0
29098,F,C,maison,1961,157.6,624.0,2023-04-12,Bretagne,53,1
29205,B,F,maison,2011,66.1,61.0,2023-04-12,Bretagne,53,0
56220,D,B,maison,1966,121.6,298.0,2023-04-13,Bretagne,53,0
22280,G,F,appartement,1954,84.4,514.0,2023-04-13,Bretagne,53,1
22144,E,F,maison,1973,25.9,395.0,2023-04-13,Bretagne,53,0
35160,B,D,appartement,2012,67.5,83.0,2023-04-13,Bretagne,53,0
56207,D,G,maison,1966,44.2,285.0,2023-04-14,Bretagne,53,0
35317,F,E,appartement,1923,115.2,546.0,2023-04-14,Bretagne,53,1
35375,D,E,appartement,1966,92.5,304.0,2023-04-14,Bretagne,53,0
56215,E,D,maison,1982,72.0,619.0,2023-04-14,Bretagne,53,0
56074,C,D,maison,1987,50.1,290.0,2023-04-15,Bretagne,53,0
56359,E,B,maison,1993,86.5,550.0,2023-04-15,Bretagne,53,0
56134,C,G,maison,1992,33.4,185.0,2023-04-15,Bretagne,53,0
22052,B,F,appartement,2011,134.3,91.0,2023-04-15,Bretagne,53,0
35395,C,G,appartement,2015,76.8,160.0,2023-04-16,Bretagne,53,0
29297,C,B,maison,2000,70.4,221.0,2023-04-16,Bretagne,53,0
35283,C,D,immeuble,2018,71.1,302.0,2023-04-16,Bretagne,53,0
35359,E,G,maison,1986,81.1,663.0,2023-04-16,Bretagne,53,0
22157,D,F,appartement,1986,99.0,240.0,2023-04-17,Bretagne,53,0
22133,D,F,maison,1967,83.0,316.0,2023-04-17,Bretagne,53,0
29376,D,F,appartement,1971,42.9,238.0,2023-04-17,Bretagne,53,0
35113,D,B,appartement,1987,33.6,183.0,2023-04-18,Bretagne,53,0
29323,F,E,maison,1934,38.6,679.0,2023-04-18,Bretagne,53,1
29205,F,D,maison,1934,43.4,654.0,2023-04-18,Bretagne,53,1
29054,C,E,appartement,2012,127.8,178.0,2023-04-18,Bretagne,53,0
22353,E,A,appartement,1988,46.3,574.0,2023-04-19,Bretagne,53,0
22132,E,E,maison,1981,96.1,485.0,2023-04-19,Bretagne,53,0
56305,E,F,maison,1987,101.8,470.0,2023-04-19,Bretagne,53,0
29323,F,E,appartement,1952,60.1,677.0,2023-04-19,Bretagne,53,1
35158,F,D,appartement,1965,27.9,493.0,2023-04-20,Bretagne,53,1
35138,A,E,appartement,2016,60.8,102.0,2023-04-20,Bretagne,53,0
22033,G,D,appartement,1951,44.8,444.0,2023-04-20,Bretagne,53,1
56047,C,F,maison,1987,41.9,156.0,2023-04-20,Bretagne,53,0
35333,D,D,appartement,1983,95.2,195.0,2023-04-21,Bretagne,53,0
56197,D,F,appartement,1990,39.0,217.0,2023-04-21,Bretagne,53,0
22130,A,G,maison,2000,64.5,124.0,2023-04-21,Bretagne,53,0
22322,C,F,appartement,2012,39.5,289.0,2023-04-21,Bretagne,53,0
29068,E,E,maison,1979,130.4,439.0,2023-04-22,Bretagne,53,0
22287,F,E,maison,1947,52.9,437.0,2023-04-22,Bretagne,53,1
29389,D,F,appartement,1984,109.5,286.0,2023-04-22,Bretagne,53,0
35008,C,B,maison,2013,30.5,318.0,2023-04-22,Bretagne,53,0
35054,E,F,maison,1972,37.8,567.0,2023-04-23,Bretagne,53,0
22008,D,D,appartement,1977,64.5,195.0,2023-04-23,Bretagne,53,0
35259,B,F,maison,2019,47.6,148.0,2023-04-23,Bretagne,53,0
56311,D,E,maison,1987,242.1,192.0,2023-04-23,Bretagne,53,0
56397,D,F,maison,1985,118.6,229.0,2023-04-24,Bretagne,53,0
22336,D,D,maison,1991,100.3,249.0,2023-04-24,Bretagne,53,0
35208,C,D,maison,2011,50.0,238.0,2023-04-24,Bretagne,53,0
35301,E,D,maison,1981,92.2,625.0,2023-04-24,Bretagne,53,0
29107,E,C,maison,1971,39.6,671.0,2023-04-25,Bretagne,53,0
35161,F,D,appartement,1961,70.2,373.0,2023-04-25,Bretagne,53,1
56072,G,E,maison,1939,96.0,529.0,2023-04-25,Bretagne,53,1
56369,D,F,appartement,1972,73.1,254.0,2023-04-25,Bretagne,53,0
29214,C,A,maison,2010,51.9,253.0,2023-04-26,Bretagne,53,0
56253,D,G,appartement,1973,68.6,259.0,2023-04-26,Bretagne,53,0
29329,C,C,maison,2004,58.5,210.0,2023-04-26,Bretagne,53,0
22093,E,D,appartement,1987,68.4,543.0,2023-04-26,Bretagne,53,0
35315,F,D,appartement,1952,59.7,506.0,2023-04-27,Bretagne,53,1
22335,B,G,appartement,2007,54.1,136.0,2023-04-27,Bretagne,53,0
56280,C,E,maison,2016,58.9,177.0,2023-04-27,Bretagne,53,0
56216,C,G,maison,2000,85.9,261.0,2023-04-27,Bretagne,53,0
29393,E,G,maison,1979,75.3,379.0,2023-04-28,Bretagne,53,0
22152,C,F,appartement,2010,111.8,234.0,2023-04-28,Bretagne,53,0
22159,D,A,maison,1974,56.7,312.0,2023-04-28,Bretagne,53,0
56296,C,F,appartement,1986,65.2,289.0,2023-04-29,Bretagne,53,0
22335,E,B,appartement,1983,126.1,451.0,2023-04-29,Bretagne,53,0
22161,D,C,maison,1975,53.2,295.0,2023-04-29,Bretagne,53,0
29018,E,G,maison,1974,141.2,425.0,2023-04-29,Bretagne,53,0
56260,E,B,maison,1979,50.6,638.0,2023-04-30,Bretagne,53,0
56058,F,E,appartement,1958,58.0,561.0,2023-04-30,Bretagne,53,1
56327,A,F,maison,1990,98.7,110.0,2023-04-30,Bretagne,53,0
35027,E,F,immeuble,1989,48.1,434.0,2023-04-30,Bretagne,53,0
22372,C,D,immeuble,2016,46.4,325.0,2023-05-01,Bretagne,53,0
35288,F,D,immeuble,1927,40.3,385.0,2023-05-01,Bretagne,53,1
35157,E,C,maison,1988,50.8,522.0,2023-05-01,Bretagne,53,0
35091,E,B,appartement,1980,51.7,388.0,2023-05-01,Bretagne,53,0
56280,G,E,appartement,1935,154.7,632.0,2023-05-02,Bretagne,53,1
29003,D,D,maison,1978,39.2,190.0,2023-05-02,Bretagne,53,0
56015,G,D,maison,1922,54.4,699.0,2023-05-02,Bretagne,53,1
29182,B,G,maison,2015,37.3,85.0,2023-05-02,Bretagne,53,0
56199,F,D,maison,1953,92.4,555.0,2023-05-03,Bretagne,53,1
29009,C,G,maison,2000,44.2,286.0,2023-05-03,Bretagne,53,0
22357,F,B,appartement,1942,67.9,699.0,2023-05-03,Bretagne,53,1
29295,D,E,appartement,1993,61.3,317.0,2023-05-03,Bretagne,53,0
29158,D,C,immeuble,1988,41.2,171.0,2023-05-04,Bretagne,53,0
35319,E,G,appartement,1987,52.3,419.0,2023-05-04,Bretagne,53,0
22387,F,F,appartement,1929,92.5,339.0,2023-05-04,Bretagne,53,1
29044,A,G,appartement,2004,72.2,148.0,2023-05-04,Bretagne,53,0
29021,G,G,maison,1944,151.5,352.0,2023-05-05,Bretagne,53,1
56291,C,D,appartement,1998,55.6,308.0,2023-05-05,Bretagne,53,0
29335,C,A,appartement,1999,110.7,183.0,2023-05-05,Bretagne,53,0
22103,C,F,maison,2009,80.6,324.0,2023-05-05,Bretagne,53,0
29068,D,B,appartement,1979,87.3,269.0,2023-05-06,Bretagne,53,0
29320,D,A,appartement,1976,190.9,249.0,2023-05-06,Bretagne,53,0
56256,D,E,appartement,1969,84.4,264.0,2023-05-06,Bretagne,53,0
29379,F,B,immeuble,1964,60.3,573.0,2023-05-06,Bretagne,53,1
22345,F,E,maison,1950,94.3,496.0,2023-05-07,Bretagne,53,1
56145,D,E,appartement,1990,51.8,310.0,2023-05-07,Bretagne,53,0
29395,G,A,appartement,1930,54.7,514.0,2023-05-07,Bretagne,53,1
22338,F,G,appartement,1928,35.1,358.0,2023-05-07,Bretagne,53,1
29097,G,G,appartement,1954,56.8,640.0,2023-05-08,Bretagne,53,1
29346,D,F,maison,1992,44.1,278.0,2023-05-08,Bretagne,53,0
29087,F,D,maison,1953,60.3,337.0,2023-05-08,Bretagne,53,1
29394,B,D,maison,2014,64.8,52.0,2023-05-08,Bretagne,53,0
29027,G,A,maison,1945,55.8,593.0,2023-05-09,Bretagne,53,1
35183,B,E,maison,2014,43.6,82.0,2023-05-09,Bretagne,53,0
29032,F,C,maison,1974,31.2,632.0,2023-05-09,Bretagne,53,1
56094,D,B,maison,1971,90.0,210.0,2023-05-10,Bretagne,53,0
35310,D,B,maison,1990,52.9,155.0,2023-05-10,Bretagne,53,0
29130,D,E,appartement,1965,86.9,187.0,2023-05-10,Bretagne,53,0
22020,F,D,appartement,1955,99.8,672.0,2023-05-10,Bretagne,53,1
56303,C,D,maison,2016,96.6,282.0,2023-05-11,Bretagne,53,0
35155,D,F,immeuble,1990,72.8,227.0,2023-05-11,Bretagne,53,0
56117,D,G,appartement,1978,89.4,322.0,2023-05-11,Bretagne,53,0
35215,D,C,maison,1978,91.5,157.0,2023-05-11,Bretagne,53,0
35142,E,E,maison,1973,46.1,637.0,2023-05-12,Bretagne,53,0
35263,F,D,appartement,1970,71.5,654.0,2023-05-12,Bretagne,53,1
29185,F,F,appartement,1972,49.0,352.0,2023-05-12,Bretagne,53,1
56269,E,G,appartement,1992,116.3,565.0,2023-05-12,Bretagne,53,0
56016,D,D,appartement,1970,96.8,166.0,2023-05-13,Bretagne,53,0
35230,D,E,appartement,1966,66.6,322.0,2023-05-13,Bretagne,53,0
56193,F,D,maison,1967,72.1,615.0,2023-05-13,Bretagne,53,1
29112,G,C,appartement,1943,58.0,684.0,2023-05-13,Bretagne,53,1
35361,D,D,appartement,1978,59.2,287.0,2023-05-14,Bretagne,53,0
35372,F,G,appartement,1967,29.9,533.0,2023-05-14,Bretagne,53,1
56220,D,F,appartement,1978,60.6,296.0,2023-05-14,Bretagne,53,0
35085,C,F,maison,1995,35.1,278.0,2023-05-14,Bretagne,53,0
56109,D,E,appartement,1991,47.0,295.0,2023-05-15,Bretagne,53,0
35094,D,E,maison,1980,74.0,290.0,2023-05-15,Bretagne,53,0
29278,F,G,appartement,1932,115.6,447.0,2023-05-15,Bretagne,53,1
29275,C,C,maison,2014,54.3,267.0,2023-05-15,Bretagne,53,0
22016,E,F,appartement,1983,121.5,377.0,2023-05-16,Bretagne,53,0
22182,D,G,maison,1965,78.4,318.0,2023-05-16,Bretagne,53,0
22272,C,G,maison,2017,109.6,212.0,2023-05-16,Bretagne,53,0
29142,E,F,maison,1965,58.0,351.0,2023-05-16,Bretagne,53,0
29259,C,F,appartement,2008,68.3,304.0,2023-05-17,Bretagne,53,0
35270,D,E,maison,1976,26.4,201.0,2023-05-17,Bretagne,53,0
22076,A,F,maison,2001,160.6,115.0,2023-05-17,Bretagne,53,0
56116,F,E,appartement,1934,99.0,430.0,2023-05-17,Bretagne,53,1
56071,F,E,appartement,1950,141.7,433.0,2023-05-18,Bretagne,53,1
56063,E,D,maison,1977,29.6,542.0,2023-05-18,Bretagne,53,0
22313,E,E,appartement,1993,120.6,570.0,2023-05-18,Bretagne,53,0
29309,G,E,appartement,1954,77.2,501.0,2023-05-18,Bretagne,53,1
22262,E,F,appartement,1972,86.7,636.0,2023-05-19,Bretagne,53,0
56159,F,C,appartement,1969,59.7,333.0,2023-05-19,Bretagne,53,1
35007,F,B,appartement,1959,58.0,421.0,2023-05-19,Bretagne,53,1
22188,C,C,immeuble,2008,83.1,224.0,2023-05-19,Bretagne,53,0
22001,E,D,maison,1971,66.3,498.0,2023-05-20,Bretagne,53,0
22205,D,G,appartement,1971,89.2,240.0,2023-05-20,Bretagne,53,0
35088,E,D,maison,1988,126.7,617.0,2023-05-20,Bretagne,53,0
56314,D,E,maison,1966,35.3,172.0,2023-05-21,Bretagne,53,0
22269,F,F,appartement,1970,64.1,476.0,2023-05-21,Bretagne,53,1
35393,G,F,appartement,1965,32.2,439.0,2023-05-21,Bretagne,53,1
56031,D,D,maison,1983,39.5,323.0,2023-05-21,Bretagne,53,0
35287,E,E,appartement,1973,50.6,505.0,2023-05-22,Bretagne,53,0
22116,G,E,maison,1952,75.3,531.0,2023-05-22,Bretagne,53,1
22395,D,D,maison,1974,35.0,216.0,2023-05-22,Bretagne,53,0
22241,D,F,maison,1991,42.8,254.0,2023-05-22,Bretagne,53,0
35331,D,F,maison,1979,38.0,159.0,2023-05-23,Bretagne,53,0
35307,E,G,maison,1986,78.8,394.0,2023-05-23,Bretagne,53,0
22339,F,C,appartement,1926,113.7,460.0,2023-05-23,Bretagne,53,1
22130,D,G,maison,1978,99.4,249.0,2023-05-23,Bretagne,53,0
29383,A,F,maison,1985,53.5,79.0,2023-05-24,Bretagne,53,0
35270,F,F,maison,1928,54.6,586.0,2023-05-24,Bretagne,53,1
29272,C,E,maison,2013,42.3,264.0,2023-05-24,Bretagne,53,0
56090,A,F,maison,1990,81.2,148.0,2023-05-24,Bretagne,53,0
22010,C,E,maison,2018,74.8,283.0,2023-05-25,Bretagne,53,0
22028,C,C,appartement,1994,29.9,165.0,2023-05-25,Bretagne,53,0
29020,E,A,appartement,1965,72.0,521.0,2023-05-25,Bretagne,53,0
22102,D,F,appartement,1976,177.2,316.0,2023-05-25,Bretagne,53,0
29135,A,G,appartement,1992,49.0,93.0,2023-05-26,Bretagne,53,0
35025,D,D,maison,1992,59.9,285.0,2023-05-26,Bretagne,53,0
56388,D,F,appartement,1978,106.5,259.0,2023-05-26,Bretagne,53,0
29220,D,F,maison,1985,54.5,292.0,2023-05-26,Bretagne,53,0
56214,F,E,appartement,1958,80.3,678.0,2023-05-27,Bretagne,53,1
56190,C,E,maison,1987,110.6,183.0,2023-05-27,Bretagne,53,0
35258,C,G,appartement,2011,125.8,232.0,2023-05-27,Bretagne,53,0
29186,E,B,maison,1969,69.8,355.0,2023-05-27,Bretagne,53,0
29365,B,E,maison,1994,45.2,135.0,2023-05-28,Bretagne,53,0
22057,E,G,appartement,1993,63.3,485.0,2023-05-28,Bretagne,53,0
56264,E,F,maison,1968,68.0,401.0,2023-05-28,Bretagne,53,0
56371,G,E,maison,1940,25.6,391.0,2023-05-28,Bretagne,53,1
56161,F,F,maison,1941,96.7,393.0,2023-05-29,Bretagne,53,1
56319,E,E,appartement,1979,49.4,445.0,2023-05-29,Bretagne,53,0
35067,D,G,appartement,1975,169.4,312.0,2023-05-29,Bretagne,53,0
29197,G,C,maison,1926,133.0,345.0,2023-05-29,Bretagne,53,1
22385,D,G,maison,1973,115.1,269.0,2023-05-30,Bretagne,53,0
29129,D,E,maison,1979,51.0,315.0,2023-05-30,Bretagne,53,0
35190,D,F,maison,1988,79.9,238.0,2023-05-30,Bretagne,53,0
35026,F,F,maison,1951,75.7,438.0,2023-05-30,Bretagne,53,1
29279,E,G,appartement,1971,46.0,372.0,2023-05-31,Bretagne,53,0
29188,F,E,maison,1926,27.8,445.0,2023-05-31,Bretagne,53,1
35053,D,D,appartement,1986,71.4,190.0,2023-05-31,Bretagne,53,0
29348,D,D,appartement,1970,51.4,233.0,2023-06-01,Bretagne,53,0
29256,C,E,maison,2009,50.4,312.0,2023-06-01,Bretagne,53,0
29388,B,F,maison,2010,47.5,140.0,2023-06-01,Bretagne,53,0
56212,D,F,maison,1970,143.2,326.0,2023-06-01,Bretagne,53,0
29100,E,A,maison,1978,51.2,373.0,2023-06-02,Bretagne,53,0
56238,D,E,appartement,1990,50.1,167.0,2023-06-02,Bretagne,53,0
56186,E,E,appartement,1972,32.7,388.0,2023-06-02,Bretagne,53,0
35338,F,F,maison,1929,160.6,501.0,2023-06-02,Bretagne,53,1
35230,E,D,appartement,1986,58.3,368.0,2023-06-03,Bretagne,53,0
29008,E,D,appartement,1966,89.9,592.0,2023-06-03,Bretagne,53,0
56231,D,F,appartement,1992,56.1,277.0,2023-06-03,Bretagne,53,0
35313,G,C,maison,1924,39.4,696.0,2023-06-03,Bretagne,53,1
29282,A,B,maison,1997,136.9,137.0,2023-06-04,Bretagne,53,0
29377,D,C,maison,1977,85.7,204.0,2023-06-04,Bretagne,53,0
35137,C,D,maison,2003,116.7,317.0,2023-06-04,Bretagne,53,0
35076,B,D,appartement,1993,98.4,137.0,2023-06-04,Bretagne,53,0
35023,B,E,appartement,2001,107.8,114.0,2023-06-05,Bretagne,53,0
29261,C,D,appartement,2011,89.9,246.0,2023-06-05,Bretagne,53,0
29039,E,E,maison,1984,68.5,422.0,2023-06-05,Bretagne,53,0
56019,D,E,appartement,1978,159.6,172.0,2023-06-05,Bretagne,53,0
56208,E,E,maison,1993,122.6,461.0,2023-06-06,Bretagne,53,0
35201,D,C,maison,1970,52.1,208.0,2023-06-06,Bretagne,53,0
22368,D,E,appartement,1989,85.8,221.0,2023-06-06,Bretagne,53,0
29381,A,D,maison,1989,38.3,132.0,2023-06-06,Bretagne,53,0
56312,D,E,maison,1994,82.3,231.0,2023-06-07,Bretagne,53,0
35106,F,D,maison,1969,49.7,567.0,2023-06-07,Bretagne,53,1
56196,C,D,maison,1988,168.7,194.0,2023-06-07,Bretagne,53,0
56181,D,F,appartement,1967,44.9,184.0,2023-06-07,Bretagne,53,0
35170,D,E,maison,1989,97.2,260.0,2023-06-08,Bretagne,53,0
35060,F,D,maison,1932,217.6,617.0,2023-06-08,Bretagne,53,1
56206,C,B,appartement,2014,110.6,234.0,2023-06-08,Bretagne,53,0
29100,E,B,maison,1971,54.8,652.0,2023-06-08,Bretagne,53,0
29138,E,D,maison,1974,98.4,436.0,2023-06-09,Bretagne,53,0
22061,D,F,appartement,1971,49.3,319.0,2023-06-09,Bretagne,53,0
22094,E,C,appartement,1975,143.2,564.0,2023-06-09,Bretagne,53,0
35228,F,C,maison,1926,104.2,662.0,2023-06-09,Bretagne,53,1
56293,F,D,maison,1967,173.6,552.0,2023-06-10,Bretagne,53,1
35354,F,F,appartement,1961,101.7,543.0,2023-06-10,Bretagne,53,1
22074,B,D,appartement,1987,66.9,114.0,2023-06-10,Bretagne,53,0
56328,G,E,maison,1941,88.2,648.0,2023-06-10,Bretagne,53,1
22381,F,E,maison,1972,121.5,464.0,2023-06-11,Bretagne,53,1
22060,F,B,maison,1928,145.6,496.0,2023-06-11,Bretagne,53,1
56037,C,D,appartement,1998,66.8,228.0,2023-06-11,Bretagne,53,0
35327,D,E,appartement,1965,39.8,189.0,2023-06-12,Bretagne,53,0
35226,C,F,maison,2003,151.9,324.0,2023-06-12,Bretagne,53,0
56370,D,F,appartement,1993,95.8,308.0,2023-06-12,Bretagne,53,0
35282,G,E,appartement,1932,41.2,382.0,2023-06-12,Bretagne,53,1
56110,E,C,maison,1990,229.4,550.0,2023-06-13,Bretagne,53,0
29222,D,C,maison,1986,70.2,263.0,2023-06-13,Bretagne,53,0
35188,D,D,appartement,1983,42.4,260.0,2023-06-13,Bretagne,53,0
22300,F,D,maison,1931,36.6,592.0,2023-06-13,Bretagne,53,1
35043,D,G,appartement,1980,107.3,189.0,2023-06-14,Bretagne,53,0
56128,D,E,maison,1985,36.8,200.0,2023-06-14,Bretagne,53,0
56324,E,A,appartement,1991,51.4,452.0,2023-06-14,Bretagne,53,0
35102,E,G,appartement,1973,53.0,512.0,2023-06-14,Bretagne,53,0
35099,G,E,appartement,1965,40.0,428.0,2023-06-15,Bretagne,53,1
22394,D,E,appartement,1976,93.3,194.0,2023-06-15,Bretagne,53,0
56156,G,E,maison,1930,48.0,663.0,2023-06-15,Bretagne,53,1
56061,C,C,maison,1999,58.5,316.0,2023-06-15,Bretagne,53,0
29304,A,G,appartement,2007,97.4,65.0,2023-06-16,Bretagne,53,0
29298,F,B,maison,1957,33.9,340.0,2023-06-16,Bretagne,53,1
29306,G,F,appartement,1946,65.5,442.0,2023-06-16,Bretagne,53,1
29066,E,F,maison,1988,154.6,509.0,2023-06-16,Bretagne,53,0
35380,G,D,maison,1971,23.1,568.0,2023-06-17,Bretagne,53,1
35046,D,E,maison,1985,29.1,177.0,2023-06-17,Bretagne,53,0
29176,B,G,appartement,2007,142.3,83.0,2023-06-17,Bretagne,53,0
29362,B,F,maison,2009,172.6,58.0,2023-06-17,Bretagne,53,0
22383,D,A,maison,1971,104.3,326.0,2023-06-18,Bretagne,53,0
29298,B,E,maison,2015,98.9,132.0,2023-06-18,Bretagne,53,0
35228,D,E,appartement,1969,91.0,227.0,2023-06-18,Bretagne,53,0
29267,E,E,appartement,1985,31.8,452.0,2023-06-18,Bretagne,53,0
22272,F,F,appartement,1932,105.3,528.0,2023-06-19,Bretagne,53,1
22369,D,C,immeuble,1991,106.5,309.0,2023-06-19,Bretagne,53,0
29084,C,E,appartement,2006,118.7,319.0,2023-06-19,Bretagne,53,0
56176,G,C,appartement,1944,119.0,479.0,2023-06-19,Bretagne,53,1
29389,C,C,appartement,2017,79.2,294.0,2023-06-20,Bretagne,53,0
29126,G,F,appartement,1967,39.3,355.0,2023-06-20,Bretagne,53,1
22162,D,C,appartement,1976,108.4,299.0,2023-06-20,Bretagne,53,0
35150,D,C,maison,1969,71.9,244.0,2023-06-20,Bretagne,53,0
35378,F,E,maison,1968,36.9,666.0,2023-06-21,Bretagne,53,1
35024,G,D,appartement,1941,69.6,427.0,2023-06-21,Bretagne,53,1
29189,C,E,maison,2014,38.0,184.0,2023-06-21,Bretagne,53,0
22268,C,E,appartement,1994,124.0,162.0,2023-06-21,Bretagne,53,0
29214,D,F,appartement,1988,18.0,164.0,2023-06-22,Bretagne,53,0
56283,E,F,appartement,1966,55.5,684.0,2023-06-22,Bretagne,53,0
29315,F,E,maison,1936,184.1,555.0,2023-06-22,Bretagne,53,1
56130,D,C,maison,1971,74.6,308.0,2023-06-23,Bretagne,53,0
29112,E,G,appartement,1975,41.1,594.0,2023-06-23,Bretagne,53,0
22010,G,E,immeuble,1938,32.0,557.0,2023-06-23,Bretagne,53,1
22110,F,D,maison,1973,83.9,498.0,2023-06-23,Bretagne,53,1
56379,C,D,maison,2009,234.0,276.0,2023-06-24,Bretagne,53,0
22305,D,E,maison,1968,62.8,199.0,2023-06-24,Bretagne,53,0
22042,A,E,maison,1988,122.9,110.0,2023-06-24,Bretagne,53,0
56126,E,D,appartement,1984,36.1,409.0,2023-06-24,Bretagne,53,0
29375,D,E,maison,1994,101.9,187.0,2023-06-25,Bretagne,53,0
22142,D,D,immeuble,1965,46.5,204.0,2023-06-25,Bretagne,53,0
35038,D,E,maison,1993,79.2,316.0,2023-06-25,Bretagne,53,0
29247,C,C,maison,1996,53.3,280.0,2023-06-25,Bretagne,53,0
22114,F,F,appartement,1924,245.8,335.0,2023-06-26,Bretagne,53,1
29258,C,E,appartement,1997,50.6,298.0,2023-06-26,Bretagne,53,0
29187,E,C,maison,1974,82.6,654.0,2023-06-26,Bretagne,53,0
29321,D,D,maison,1987,39.4,279.0,2023-06-26,Bretagne,53,0
56202,G,E,maison,1939,88.0,650.0,2023-06-27,Bretagne,53,1
56207,D,F,appartement,1966,42.1,259.0,2023-06-27,Bretagne,53,0
56089,D,A,appartement,1966,69.5,314.0,2023-06-27,Bretagne,53,0
35147,C,D,maison,1993,98.2,270.0,2023-06-27,Bretagne,53,0
56040,F,D,maison,1950,97.0,679.0,2023-06-28,Bretagne,53,1
35015,D,E,appartement,1985,65.9,228.0,2023-06-28,Bretagne,53,0
29029,E,G,maison,1988,61.5,544.0,2023-06-28,Bretagne,53,0
56031,D,C,maison,1992,91.7,267.0,2023-06-28,Bretagne,53,0
22040,E,F,appartement,1986,44.6,431.0,2023-06-29,Bretagne,53,0
56253,C,F,appartement,2019,66.8,296.0,2023-06-29,Bretagne,53,0
29321,E,E,maison,1979,52.6,571.0,2023-06-29,Bretagne,53,0
56218,B,G,maison,2016,51.9,55.0,2023-06-29,Bretagne,53,0
56245,F,E,appartement,1944,91.3,337.0,2023-06-30,Bretagne,53,1
56205,F,E,appartement,1933,48.6,406.0,2023-06-30,Bretagne,53,1
56002,D,F,maison,1982,77.9,281.0,2023-06-30,Bretagne,53,0
29116,E,G,maison,1989,214.4,516.0,2023-06-30,Bretagne,53,0
56064,G,F,maison,1974,44.6,479.0,2023-07-01,Bretagne,53,1
56024,E,C,appartement,1969,86.1,416.0,2023-07-01,Bretagne,53,0
35235,F,F,maison,1941,28.5,584.0,2023-07-01,Bretagne,53,1
35199,F,F,appartement,1969,66.6,383.0,2023-07-01,Bretagne,53,1
35344,F,D,maison,1938,113.4,362.0,2023-07-02,Bretagne,53,1
29370,E,F,maison,1987,35.3,416.0,2023-07-02,Bretagne,53,0
56291,C,D,appartement,1993,43.5,153.0,2023-07-02,Bretagne,53,0
35306,E,E,maison,1977,38.6,512.0,2023-07-02,Bretagne,53,0
35025,G,G,maison,1937,110.3,584.0,2023-07-03,Bretagne,53,1
22080,D,E,maison,1979,49.8,211.0,2023-07-03,Bretagne,53,0
22296,F,D,maison,1933,93.8,451.0,2023-07-03,Bretagne,53,1
22160,F,F,maison,1945,30.7,446.0,2023-07-04,Bretagne,53,1
56262,D,C,appartement,1991,93.8,216.0,2023-07-04,Bretagne,53,0
56216,D,G,appartement,1968,74.8,318.0,2023-07-04,Bretagne,53,0
56371,D,E,appartement,1973,100.8,328.0,2023-07-04,Bretagne,53,0
56365,F,C,appartement,1958,63.0,514.0,2023-07-05,Bretagne,53,1
35375,C,B,maison,2015,132.0,203.0,2023-07-05,Bretagne,53,0
56211,D,C,maison,1967,65.5,226.0,2023-07-05,Bretagne,53,0
56212,E,D,appartement,1976,110.3,466.0,2023-07-05,Bretagne,53,0
35248,F,D,maison,1934,61.5,561.0,2023-07-06,Bretagne,53,1
29070,G,G,maison,1935,40.1,387.0,2023-07-06,Bretagne,53,1
22039,D,G,appartement,1976,85.4,170.0,2023-07-06,Bretagne,53,0
22266,D,F,immeuble,1985,62.8,250.0,2023-07-06,Bretagne,53,0
29146,F,F,maison,1922,60.7,509.0,2023-07-07,Bretagne,53,1
56398,F,G,maison,1927,146.3,345.0,2023-07-07,Bretagne,53,1
22398,B,E,appartement,2012,166.8,107.0,2023-07-07,Bretagne,53,0
22129,E,F,appartement,1984,38.3,677.0,2023-07-07,Bretagne,53,0
35037,D,D,maison,1993,58.1,303.0,2023-07-08,Bretagne,53,0
35238,E,C,appartement,1988,58.4,568.0,2023-07-08,Bretagne,53,0
29397,C,F,maison,1996,67.3,319.0,2023-07-08,Bretagne,53,0
22090,B,C,appartement,2016,93.2,65.0,2023-07-08,Bretagne,53,0
56019,D,F,appartement,1975,40.2,232.0,2023-07-09,Bretagne,53,0
22079,D,E,maison,1968,68.3,251.0,2023-07-09,Bretagne,53,0
29008,G,G,appartement,1954,98.3,637.0,2023-07-09,Bretagne,53,1
35270,A,F,maison,2016,68.3,79.0,2023-07-09,Bretagne,53,0
29174,E,E,appartement,1989,66.8,609.0,2023-07-10,Bretagne,53,0
56053,F,E,appartement,1957,89.6,452.0,2023-07-10,Bretagne,53,1
56202,D,D,maison,1982,99.0,168.0,2023-07-10,Bretagne,53,0
56176,C,C,maison,2002,72.9,221.0,2023-07-10,Bretagne,53,0
29278,F,E,immeuble,1942,104.5,636.0,2023-07-11,Bretagne,53,1
35291,A,G,maison,1996,149.4,127.0,2023-07-11,Bretagne,53,0
35046,F,F,appartement,1947,39.5,388.0,2023-07-11,Bretagne,53,1
35100,F,D,maison,1937,50.0,513.0,2023-07-11,Bretagne,53,1
22238,E,B,maison,1978,255.7,359.0,2023-07-12,Bretagne,53,0
56084,E,D,appartement,1986,170.7,600.0,2023-07-12,Bretagne,53,0
22186,G,G,appartement,1933,42.0,563.0,2023-07-12,Bretagne,53,1
56248,E,F,maison,1983,88.0,487.0,2023-07-12,Bretagne,53,0
35050,G,D,appartement,1927,118.4,680.0,2023-07-13,Bretagne,53,1
35330,B,E,immeuble,2010,42.0,76.0,2023-07-13,Bretagne,53,0
29376,C,C,appartement,2001,75.8,229.0,2023-07-13,Bretagne,53,0
22224,A,D,maison,1997,107.0,54.0,2023-07-13,Bretagne,53,0
56079,B,C,maison,1997,86.8,54.0,2023-07-14,Bretagne,53,0
22041,D,F,immeuble,1968,48.8,208.0,2023-07-14,Bretagne,53,0
35291,F,G,maison,1939,100.3,447.0,2023-07-14,Bretagne,53,1
29039,E,D,maison,1965,90.0,699.0,2023-07-15,Bretagne,53,0
56281,F,D,appartement,1952,72.3,700.0,2023-07-15,Bretagne,53,1
22367,G,G,maison,1940,45.9,649.0,2023-07-15,Bretagne,53,1
22248,F,E,maison,1957,65.8,534.0,2023-07-15,Bretagne,53,1
29093,F,G,maison,1957,67.6,511.0,2023-07-16,Bretagne,53,1
22325,E,D,appartement,1994,68.0,666.0,2023-07-16,Bretagne,53,0
56026,D,E,maison,1976,70.2,264.0,2023-07-16,Bretagne,53,0
35263,F,E,maison,1940,77.2,397.0,2023-07-16,Bretagne,53,1
56063,E,D,maison,1971,67.3,590.0,2023-07-17,Bretagne,53,0
35311,B,C,maison,1986,63.5,128.0,2023-07-17,Bretagne,53,0
29147,F,E,maison,1948,82.7,402.0,2023-07-17,Bretagne,53,1
35127,D,G,appartement,1989,46.8,157.0,2023-07-17,Bretagne,53,0
29001,D,F,maison,1981,167.3,239.0,2023-07-18,Bretagne,53,0
22043,C,F,appartement,2003,45.4,313.0,2023-07-18,Bretagne,53,0
22167,D,D,maison,1977,77.7,160.0,2023-07-18,Bretagne,53,0
56098,F,F,appartement,1965,69.3,627.0,2023-07-18,Bretagne,53,1
22276,E,E,maison,1989,22.9,342.0,2023-07-19,Bretagne,53,0
56097,F,D,maison,1937,97.4,449.0,2023-07-19,Bretagne,53,1
22001,A,D,appartement,1997,88.5,120.0,2023-07-19,Bretagne,53,0
22167,C,F,appartement,2010,201.8,222.0,2023-07-19,Bretagne,53,0
29015,G,E,appartement,1968,82.8,685.0,2023-07-20,Bretagne,53,1
22288,E,E,maison,1970,69.2,512.0,2023-07-20,Bretagne,53,0
29313,E,F,appartement,1973,84.3,630.0,2023-07-20,Bretagne,53,0
29116,D,C,maison,1974,57.0,295.0,2023-07-20,Bretagne,53,0
35025,F,E,maison,1938,77.2,486.0,2023-07-21,Bretagne,53,1
29010,F,D,immeuble,1950,28.6,684.0,2023-07-21,Bretagne,53,1
56249,G,E,immeuble,1962,87.4,697.0,2023-07-21,Bretagne,53,1
22160,C,E,appartement,1998,32.9,198.0,2023-07-21,Bretagne,53,0
35001,C,F,appartement,2017,48.4,169.0,2023-07-22,Bretagne,53,0
56023,D,E,maison,1980,40.3,298.0,2023-07-22,Bretagne,53,0
29019,A,D,appartement,1995,143.5,123.0,2023-07-22,Bretagne,53,0
56065,F,F,appartement,1928,71.1,532.0,2023-07-22,Bretagne,53,1
22340,E,G,appartement,1965,88.9,437.0,2023-07-23,Bretagne,53,0
29224,G,F,appartement,1953,72.2,482.0,2023-07-23,Bretagne,53,1
29252,B,E,maison,2005,94.2,68.0,2023-07-23,Bretagne,53,0
56094,D,D,maison,1970,66.9,285.0,2023-07-23,Bretagne,53,0
29386,F,E,appartement,1941,199.7,356.0,2023-07-24,Bretagne,53,1
56078,E,D,maison,1986,75.1,473.0,2023-07-24,Bretagne,53,0
29327,D,E,maison,1971,134.9,196.0,2023-07-24,Bretagne,53,0
29268,G,E,appartement,1938,77.4,642.0,2023-07-24,Bretagne,53,1
29127,E,E,maison,1969,27.0,400.0,2023-07-25,Bretagne,53,0
29344,D,E,maison,1993,125.7,170.0,2023-07-25,Bretagne,53,0
29322,C,C,appartement,2017,140.2,178.0,2023-07-25,Bretagne,53,0
56258,F,E,appartement,1933,58.6,375.0,2023-07-26,Bretagne,53,1
56376,B,C,maison,2015,59.5,96.0,2023-07-26,Bretagne,53,0
35327,D,F,appartement,1972,40.9,285.0,2023-07-26,Bretagne,53,0
56337,D,D,appartement,1981,114.0,163.0,2023-07-26,Bretagne,53,0
35172,E,D,maison,1969,39.3,683.0,2023-07-27,Bretagne,53,0
35084,E,F,maison,1992,96.4,665.0,2023-07-27,Bretagne,53,0
22228,F,B,maison,1943,79.2,636.0,2023-07-27,Bretagne,53,1
35068,G,G,appartement,1941,27.5,612.0,2023-07-27,Bretagne,53,1
29160,E,F,maison,1971,48.9,576.0,2023-07-28,Bretagne,53,0
22303,G,F,appartement,1963,57.3,686.0,2023-07-28,Bretagne,53,1
29324,F,E,maison,1948,46.6,475.0,2023-07-28,Bretagne,53,1
22304,E,E,maison,1994,51.7,662.0,2023-07-28,Bretagne,53,0
56384,E,D,maison,1968,60.3,484.0,2023-07-29,Bretagne,53,0
56035,E,E,maison,1992,68.2,608.0,2023-07-29,Bretagne,53,0
56356,D,D,appartement,1965,35.3,226.0,2023-07-29,Bretagne,53,0
22013,D,E,appartement,1983,63.5,263.0,2023-07-29,Bretagne,53,0
56264,F,A,maison,1935,49.1,479.0,2023-07-30,Bretagne,53,1
22189,E,D,maison,1980,159.6,492.0,2023-07-30,Bretagne,53,0
35294,C,C,maison,2015,48.1,198.0,2023-07-30,Bretagne,53,0
22381,E,G,appartement,1986,39.1,542.0,2023-07-30,Bretagne,53,0
29306,F,C,maison,1932,59.6,412.0,2023-07-31,Bretagne,53,1
35166,E,E,maison,1968,68.0,608.0,2023-07-31,Bretagne,53,0
29090,D,F,maison,1971,40.3,217.0,2023-07-31,Bretagne,53,0
29376,C,A,maison,2005,90.1,213.0,2023-07-31,Bretagne,53,0
22109,C,G,appartement,2016,134.6,234.0,2023-08-01,Bretagne,53,0
35203,F,G,appartement,1959,72.2,599.0,2023-08-01,Bretagne,53,1
22335,F,G,maison,1966,55.8,620.0,2023-08-01,Bretagne,53,1
29162,F,B,appartement,1960,32.1,503.0,2023-08-01,Bretagne,53,1
22204,C,D,appartement,2010,62.5,176.0,2023-08-02,Bretagne,53,0
35056,E,D,appartement,1994,60.1,504.0,2023-08-02,Bretagne,53,0
35289,F,A,maison,1941,31.7,373.0,2023-08-02,Bretagne,53,1
29177,D,D,maison,1968,42.8,261.0,2023-08-02,Bretagne,53,0
56194,F,E,maison,1925,54.3,645.0,2023-08-03,Bretagne,53,1
22174,G,D,appartement,1956,89.3,496.0,2023-08-03,Bretagne,53,1
35213,C,B,appartement,1985,59.0,240.0,2023-08-03,Bretagne,53,0
29303,D,C,appartement,1985,76.6,216.0,2023-08-03,Bretagne,53,0
29119,E,E,appartement,1978,68.6,697.0,2023-08-04,Bretagne,53,0
22088,F,D,appartement,1929,91.0,385.0,2023-08-04,Bretagne,53,1
56078,B,F,appartement,1996,80.9,95.0,2023-08-04,Bretagne,53,0
35320,D,E,maison,1991,80.3,191.0,2023-08-04,Bretagne,53,0
35009,D,G,maison,1983,43.6,277.0,2023-08-05,Bretagne,53,0
56363,D,E,appartement,1991,85.5,209.0,2023-08-05,Bretagne,53,0
29315,G,C,appartement,1922,46.3,442.0,2023-08-05,Bretagne,53,1
22065,E,G,appartement,1982,60.8,590.0,2023-08-06,Bretagne,53,0
22061,D,F,maison,1974,71.0,257.0,2023-08-06,Bretagne,53,0
56337,G,E,maison,1933,85.4,598.0,2023-08-06,Bretagne,53,1
35343,E,D,appartement,1977,49.9,484.0,2023-08-06,Bretagne,53,0
29070,G,B,appartement,1952,207.8,541.0,2023-08-07,Bretagne,53,1
22249,D,E,immeuble,1979,47.7,197.0,2023-08-07,Bretagne,53,0
56224,D,G,maison,1973,82.5,315.0,2023-08-07,Bretagne,53,0
22215,F,E,maison,1972,70.3,403.0,2023-08-07,Bretagne,53,1
35211,F,F,immeuble,1942,41.0,476.0,2023-08-08,Bretagne,53,1
29399,D,G,maison,1992,56.9,306.0,2023-08-08,Bretagne,53,0
22227,F,C,maison,1961,150.5,540.0,2023-08-08,Bretagne,53,1
29003,E,B,maison,1993,107.5,602.0,2023-08-08,Bretagne,53,0
22257,D,E,appartement,1976,69.1,289.0,2023-08-09,Bretagne,53,0
56116,A,D,maison,1998,33.5,52.0,2023-08-09,Bretagne,53,0
22388,C,E,maison,1998,71.9,270.0,2023-08-09,Bretagne,53,0
35253,E,E,immeuble,1973,130.5,681.0,2023-08-09,Bretagne,53,0
29167,F,E,appartement,1935,102.6,335.0,2023-08-10,Bretagne,53,1
56387,E,E,maison,1974,86.5,397.0,2023-08-10,Bretagne,53,0
29197,E,F,maison,1979,235.3,462.0,2023-08-10,Bretagne,53,0
29353,G,C,appartement,1939,38.6,547.0,2023-08-10,Bretagne,53,1
56111,F,D,maison,1927,100.1,371.0,2023-08-11,Bretagne,53,1
22159,G,F,maison,1950,88.5,613.0,2023-08-11,Bretagne,53,1
35189,C,C,appartement,1987,85.2,273.0,2023-08-11,Bretagne,53,0
35055,G,D,appartement,1931,87.1,516.0,2023-08-11,Bretagne,53,1
22277,C,E,maison,2010,49.2,242.0,2023-08-12,Bretagne,53,0
56375,D,D,maison,1973,41.3,282.0,2023-08-12,Bretagne,53,0
22124,B,F,maison,1994,35.4,148.0,2023-08-12,Bretagne,53,0
29107,C,C,maison,1997,58.5,186.0,2023-08-12,Bretagne,53,0
56350,G,E,maison,1952,65.3,347.0,2023-08-13,Bretagne,53,1
56119,A,B,maison,2000,197.8,60.0,2023-08-13,Bretagne,53,0
35032,D,E,appartement,1993,170.2,153.0,2023-08-13,Bretagne,53,0
35029,E,E,maison,1971,93.4,421.0,2023-08-13,Bretagne,53,0
35192,E,G,appartement,1966,42.6,472.0,2023-08-14,Bretagne,53,0
22282,C,E,maison,2017,41.9,208.0,2023-08-14,Bretagne,53,0
35246,E,F,appartement,1965,82.7,630.0,2023-08-14,Bretagne,53,0
35136,D,E,maison,1987,59.6,228.0,2023-08-14,Bretagne,53,0
22234,E,B,immeuble,1993,111.0,636.0,2023-08-15,Bretagne,53,0
56125,A,F,maison,1997,36.2,115.0,2023-08-15,Bretagne,53,0
22159,F,C,appartement,1965,208.4,441.0,2023-08-15,Bretagne,53,1
29298,A,E,maison,2000,34.9,107.0,2023-08-15,Bretagne,53,0
29075,E,G,appartement,1976,164.6,339.0,2023-08-16,Bretagne,53,0
22279,F,D,appartement,1934,67.1,423.0,2023-08-16,Bretagne,53,1
29131,E,A,appartement,1993,88.9,644.0,2023-08-16,Bretagne,53,0
35105,A,C,immeuble,1989,78.1,75.0,2023-08-17,Bretagne,53,0
56243,D,E,appartement,1970,106.2,174.0,2023-08-17,Bretagne,53,0
29076,D,E,maison,1985,54.8,226.0,2023-08-17,Bretagne,53,0
29397,D,C,maison,1979,98.7,310.0,2023-08-17,Bretagne,53,0
29068,E,D,maison,1979,68.0,623.0,2023-08-18,Bretagne,53,0
56345,F,A,appartement,1938,46.6,584.0,2023-08-18,Bretagne,53,1
35066,G,C,maison,1941,43.3,683.0,2023-08-18,Bretagne,53,1
56328,D,F,appartement,1988,92.8,269.0,2023-08-18,Bretagne,53,0
29361,F,E,maison,1967,177.9,482.0,2023-08-19,Bretagne,53,1
56346,E,F,appartement,1993,81.2,358.0,2023-08-19,Bretagne,53,0
29016,E,G,maison,1965,54.0,332.0,2023-08-19,Bretagne,53,0
35031,D,F,appartement,1980,31.5,298.0,2023-08-19,Bretagne,53,0
22273,C,F,appartement,1999,126.4,155.0,2023-08-20,Bretagne,53,0
22064,E,D,appartement,1966,56.3,562.0,2023-08-20,Bretagne,53,0
29302,C,F,maison,2017,47.2,280.0,2023-08-20,Bretagne,53,0
29202,D,F,maison,1985,77.6,205.0,2023-08-20,Bretagne,53,0
56385,E,C,maison,1983,69.2,485.0,2023-08-21,Bretagne,53,0
56171,F,E,maison,1965,152.0,364.0,2023-08-21,Bretagne,53,1
35257,C,G,appartement,1995,68.6,248.0,2023-08-21,Bretagne,53,0
29002,E,E,maison,1969,69.9,421.0,2023-08-21,Bretagne,53,0
35086,D,G,immeuble,1966,55.1,202.0,2023-08-22,Bretagne,53,0
29270,D,D,appartement,1972,43.1,294.0,2023-08-22,Bretagne,53,0
22168,C,F,immeuble,2010,103.0,223.0,2023-08-22,Bretagne,53,0
56045,C,E,maison,1996,53.3,319.0,2023-08-22,Bretagne,53,0
56389,G,D,maison,1974,94.4,459.0,2023-08-23,Bretagne,53,1
56352,B,D,maison,1989,55.6,136.0,2023-08-23,Bretagne,53,0
56139,D,B,appartement,1974,56.7,201.0,2023-08-23,Bretagne,53,0
56244,F,D,maison,1934,51.2,341.0,2023-08-23,Bretagne,53,1
35240,E,E,appartement,1965,49.5,391.0,2023-08-24,Bretagne,53,0
56313,E,F,appartement,1969,62.8,473.0,2023-08-24,Bretagne,53,0
56064,E,G,maison,1966,49.3,692.0,2023-08-24,Bretagne,53,0
22011,D,E,appartement,1986,90.5,190.0,2023-08-24,Bretagne,53,0
35276,E,D,maison,1978,115.7,438.0,2023-08-25,Bretagne,53,0
22004,F,F,immeuble,1929,24.8,348.0,2023-08-25,Bretagne,53,1
35149,D,C,appartement,1975,51.4,307.0,2023-08-25,Bretagne,53,0
35115,D,E,maison,1991,22.9,215.0,2023-08-25,Bretagne,53,0
22110,F,D,maison,1946,63.3,483.0,2023-08-26,Bretagne,53,1
56008,G,F,appartement,1948,164.5,479.0,2023-08-26,Bretagne,53,1
56232,D,C,maison,1992,35.3,283.0,2023-08-26,Bretagne,53,0
22219,D,E,immeuble,1988,131.1,206.0,2023-08-26,Bretagne,53,0
22323,D,E,appartement,1982,63.7,314.0,2023-08-27,Bretagne,53,0
22296,D,E,maison,1991,102.6,305.0,2023-08-27,Bretagne,53,0
35233,B,G,immeuble,2003,35.8,132.0,2023-08-27,Bretagne,53,0
56332,D,G,appartement,1991,93.3,330.0,2023-08-28,Bretagne,53,0
29275,G,F,appartement,1952,69.3,502.0,2023-08-28,Bretagne,53,1
22165,D,D,appartement,1984,47.7,264.0,2023-08-28,Bretagne,53,0
29258,F,F,maison,1926,159.7,575.0,2023-08-28,Bretagne,53,1
35346,C,F,appartement,1993,45.0,196.0,2023-08-29,Bretagne,53,0
22079,B,D,appartement,2005,85.4,67.0,2023-08-29,Bretagne,53,0
29309,F,D,appartement,1952,109.1,540.0,2023-08-29,Bretagne,53,1
29035,F,D,maison,1965,70.1,539.0,2023-08-29,Bretagne,53,1
29284,D,E,maison,1991,89.3,178.0,2023-08-30,Bretagne,53,0
29035,D,G,maison,1971,67.5,278.0,2023-08-30,Bretagne,53,0
56199,D,D,appartement,1974,67.5,162.0,2023-08-30,Bretagne,53,0
35218,B,D,maison,2018,52.4,137.0,2023-08-30,Bretagne,53,0
56148,E,C,appartement,1978,73.0,387.0,2023-08-31,Bretagne,53,0
29282,D,G,appartement,1977,72.6,229.0,2023-08-31,Bretagne,53,0
22207,D,G,maison,1980,69.6,183.0,2023-08-31,Bretagne,53,0
35086,D,F,appartement,1984,96.5,152.0,2023-08-31,Bretagne,53,0
29229,E,E,appartement,1993,84.5,480.0,2023-09-01,Bretagne,53,0
35043,D,F,appartement,1967,31.6,307.0,2023-09-01,Bretagne,53,0
35281,D,G,maison,1973,37.6,152.0,2023-09-01,Bretagne,53,0
22240,G,C,appartement,1935,76.4,561.0,2023-09-01,Bretagne,53,1
29127,D,F,appartement,1966,108.0,302.0,2023-09-02,Bretagne,53,0
35055,F,C,maison,1925,228.9,539.0,2023-09-02,Bretagne,53,1
56185,F,E,appartement,1935,30.8,488.0,2023-09-02,Bretagne,53,1
35169,D,F,maison,1971,80.7,275.0,2023-09-02,Bretagne,53,0
22132,E,C,appartement,1966,52.5,557.0,2023-09-03,Bretagne,53,0
56054,F,D,maison,1936,48.1,361.0,2023-09-03,Bretagne,53,1
22368,D,C,appartement,1971,144.9,235.0,2023-09-03,Bretagne,53,0
56337,F,E,appartement,1926,65.3,612.0,2023-09-03,Bretagne,53,1
35070,E,F,maison,1985,63.7,549.0,2023-09-04,Bretagne,53,0
35199,F,E,maison,1953,64.1,342.0,2023-09-04,Bretagne,53,1
35176,D,E,maison,1974,90.9,289.0,2023-09-04,Bretagne,53,0
22275,E,E,maison,1972,126.9,421.0,2023-09-04,Bretagne,53,0
35168,F,F,appartement,1941,208.6,334.0,2023-09-05,Bretagne,53,1
29060,E,C,maison,1993,161.9,672.0,2023-09-05,Bretagne,53,0
35238,E,G,maison,1990,169.8,369.0,2023-09-05,Bretagne,53,0
35181,A,D,appartement,2010,51.6,101.0,2023-09-05,Bretagne,53,0
29083,E,D,maison,1975,79.3,518.0,2023-09-06,Bretagne,53,0
56026,E,E,appartement,1975,60.8,670.0,2023-09-06,Bretagne,53,0
22310,F,E,maison,1968,84.1,634.0,2023-09-06,Bretagne,53,1
56110,D,G,maison,1982,85.2,258.0,2023-09-06,Bretagne,53,0
56328,E,G,maison,1990,89.1,668.0,2023-09-07,Bretagne,53,0
22138,F,D,appartement,1962,31.0,396.0,2023-09-07,Bretagne,53,1
29131,C,E,immeuble,2009,115.7,328.0,2023-09-07,Bretagne,53,0
35091,E,D,maison,1974,74.2,460.0,2023-09-08,Bretagne,53,0
22211,G,G,maison,1953,97.4,353.0,2023-09-08,Bretagne,53,1
22015,C,F,appartement,2004,55.9,270.0,2023-09-08,Bretagne,53,0
56172,D,E,maison,1983,37.2,152.0,2023-09-08,Bretagne,53,0
56206,C,C,appartement,2015,31.6,169.0,2023-09-09,Bretagne,53,0
56215,G,G,appartement,1952,35.6,612.0,2023-09-09,Bretagne,53,1
56391,E,F,maison,1990,46.3,382.0,2023-09-09,Bretagne,53,0
29160,D,A,appartement,1981,86.4,272.0,2023-09-09,Bretagne,53,0
35252,D,F,appartement,1965,47.8,227.0,2023-09-10,Bretagne,53,0
35215,D,C,appartement,1982,160.2,230.0,2023-09-10,Bretagne,53,0
22174,E,D,maison,1991,64.1,669.0,2023-09-10,Bretagne,53,0
22187,E,D,appartement,1977,55.2,634.0,2023-09-10,Bretagne,53,0
29359,F,B,appartement,1974,73.3,585.0,2023-09-11,Bretagne,53,1
35082,D,E,appartement,1968,60.3,176.0,2023-09-11,Bretagne,53,0
56027,D,F,appartement,1985,110.5,304.0,2023-09-11,Bretagne,53,0
56128,C,E,appartement,2001,27.6,177.0,2023-09-11,Bretagne,53,0
56176,E,D,appartement,1994,110.3,443.0,2023-09-12,Bretagne,53,0
35161,G,D,appartement,1927,123.4,447.0,2023-09-12,Bretagne,53,1
56085,D,G,appartement,1987,47.5,157.0,2023-09-12,Bretagne,53,0
35199,C,F,maison,2001,62.8,286.0,2023-09-12,Bretagne,53,0
22061,F,C,appartement,1952,28.2,576.0,2023-09-13,Bretagne,53,1
35125,E,G,maison,1993,25.2,500.0,2023-09-13,Bretagne,53,0
56019,E,C,maison,1971,34.6,652.0,2023-09-13,Bretagne,53,0
22020,F,F,maison,1951,36.8,337.0,2023-09-13,Bretagne,53,1
56003,D,C,appartement,1983,32.9,280.0,2023-09-14,Bretagne,53,0
22262,E,G,maison,1966,54.2,656.0,2023-09-14,Bretagne,53,0
22312,D,D,appartement,1989,89.7,168.0,2023-09-14,Bretagne,53,0
35146,C,G,appartement,1992,169.2,210.0,2023-09-14,Bretagne,53,0
22225,E,F,appartement,1983,35.5,668.0,2023-09-15,Bretagne,53,0
22054,D,E,appartement,1978,31.1,152.0,2023-09-15,Bretagne,53,0
22033,D,G,immeuble,1992,85.4,192.0,2023-09-15,Bretagne,53,0
29298,C,G,maison,2006,69.6,168.0,2023-09-15,Bretagne,53,0
29384,E,B,maison,1972,52.3,391.0,2023-09-16,Bretagne,53,0
29383,F,F,appartement,1956,66.7,599.0,2023-09-16,Bretagne,53,1
56312,F,G,maison,1961,61.3,687.0,2023-09-16,Bretagne,53,1
29009,F,B,maison,1969,158.0,464.0,2023-09-16,Bretagne,53,1
29027,A,E,maison,1987,76.0,97.0,2023-09-17,Bretagne,53,0
35131,E,B,appartement,1972,58.1,434.0,2023-09-17,Bretagne,53,0
35094,F,A,maison,1954,43.0,402.0,2023-09-17,Bretagne,53,1
22174,D,C,appartement,1981,34.0,313.0,2023-09-18,Bretagne,53,0
35324,E,D,maison,1982,64.8,481.0,2023-09-18,Bretagne,53,0
56311,F,D,maison,1927,72.2,667.0,2023-09-18,Bretagne,53,1
29118,E,E,maison,1967,38.3,693.0,2023-09-18,Bretagne,53,0
29289,E,E,appartement,1976,20.9,570.0,2023-09-19,Bretagne,53,0
29347,F,F,appartement,1951,45.9,549.0,2023-09-19,Bretagne,53,1
22065,F,E,maison,1962,36.5,636.0,2023-09-19,Bretagne,53,1
56218,B,E,appartement,2016,109.2,123.0,2023-09-19,Bretagne,53,0
35099,A,D,maison,1997,40.4,59.0,2023-09-20,Bretagne,53,0
35201,F,D,maison,1956,50.2,539.0,2023-09-20,Bretagne,53,1
35287,C,F,maison,2009,24.9,182.0,2023-09-20,Bretagne,53,0
29303,F,G,appartement,1966,86.1,482.0,2023-09-20,Bretagne,53,1
22310,E,G,maison,1992,74.2,469.0,2023-09-21,Bretagne,53,0
56206,D,F,appartement,1986,239.3,214.0,2023-09-21,Bretagne,53,0
29143,D,D,appartement,1965,112.5,238.0,2023-09-21,Bretagne,53,0
35122,A,D,appartement,1994,56.5,59.0,2023-09-21,Bretagne,53,0
35343,E,C,appartement,1965,35.4,675.0,2023-09-22,Bretagne,53,0
35073,C,E,maison,2002,48.1,289.0,2023-09-22,Bretagne,53,0
56347,C,B,appartement,2014,29.2,249.0,2023-09-22,Bretagne,53,0
29187,E,C,maison,1984,90.9,608.0,2023-09-22,Bretagne,53,0
29112,F,E,maison,1958,62.6,363.0,2023-09-23,Bretagne,53,1
56289,E,E,appartement,1984,71.9,520.0,2023-09-23,Bretagne,53,0
56127,D,D,maison,1988,50.7,210.0,2023-09-23,Bretagne,53,0
29085,D,G,maison,1973,30.5,282.0,2023-09-23,Bretagne,53,0
29261,D,G,maison,1975,92.1,304.0,2023-09-24,Bretagne,53,0
22117,D,C,appartement,1977,116.2,267.0,2023-09-24,Bretagne,53,0
29055,E,E,appartement,1983,96.8,349.0,2023-09-24,Bretagne,53,0
29336,F,E,maison,1956,48.3,342.0,2023-09-24,Bretagne,53,1
56065,F,F,appartement,1952,74.1,510.0,2023-09-25,Bretagne,53,1
56130,D,F,maison,1988,72.6,160.0,2023-09-25,Bretagne,53,0
56092,D,E,maison,1968,50.7,272.0,2023-09-25,Bretagne,53,0
35273,F,C,maison,1953,63.3,406.0,2023-09-25,Bretagne,53,1
29210,D,F,maison,1986,66.4,231.0,2023-09-26,Bretagne,53,0
22352,G,E,immeuble,1945,70.6,680.0,2023-09-26,Bretagne,53,1
22298,D,C,appartement,1981,34.2,307.0,2023-09-26,Bretagne,53,0
35058,E,F,appartement,1978,65.1,563.0,2023-09-26,Bretagne,53,0
56181,G,E,maison,1972,48.8,496.0,2023-09-27,Bretagne,53,1
22173,G,B,appartement,1929,53.9,639.0,2023-09-27,Bretagne,53,1
56058,C,E,maison,1987,60.3,208.0,2023-09-27,Bretagne,53,0
22127,D,D,appartement,1991,53.3,167.0,2023-09-27,Bretagne,53,0
22022,C,F,maison,1986,33.2,201.0,2023-09-28,Bretagne,53,0
56112,F,D,maison,1926,36.7,444.0,2023-09-28,Bretagne,53,1
22313,G,B,maison,1965,76.5,632.0,2023-09-28,Bretagne,53,1
22093,C,E,maison,1998,89.3,250.0,2023-09-29,Bretagne,53,0
22234,G,G,immeuble,1956,116.9,688.0,2023-09-29,Bretagne,53,1
35078,F,E,maison,1932,73.5,600.0,2023-09-29,Bretagne,53,1
56023,D,D,maison,1972,39.5,209.0,2023-09-29,Bretagne,53,0
29085,D,D,appartement,1981,131.7,226.0,2023-09-30,Bretagne,53,0
29179,F,F,appartement,1971,53.6,610.0,2023-09-30,Bretagne,53,1
56181,F,G,appartement,1939,50.8,689.0,2023-09-30,Bretagne,53,1
29158,G,F,appartement,1946,50.6,438.0,2023-09-30,Bretagne,53,1
56235,E,G,appartement,1991,82.3,454.0,2023-10-01,Bretagne,53,0
22317,D,E,maison,1993,100.5,232.0,2023-10-01,Bretagne,53,0
22383,E,F,maison,1987,50.4,468.0,2023-10-01,Bretagne,53,0
29012,D,D,maison,1979,27.5,280.0,2023-10-01,Bretagne,53,0
35093,E,E,maison,1973,59.1,477.0,2023-10-02,Bretagne,53,0
22223,D,F,appartement,1988,46.8,173.0,2023-10-02,Bretagne,53,0
29093,D,E,appartement,1989,39.9,222.0,2023-10-02,Bretagne,53,0
35170,E,D,maison,1965,37.2,402.0,2023-10-02,Bretagne,53,0
56252,E,D,appartement,1968,38.4,447.0,2023-10-03,Bretagne,53,0
29197,C,E,maison,1997,92.1,187.0,2023-10-03,Bretagne,53,0
29205,E,E,immeuble,1986,28.7,511.0,2023-10-03,Bretagne,53,0
35046,D,D,maison,1988,67.4,230.0,2023-10-03,Bretagne,53,0
22265,D,F,maison,1981,104.8,216.0,2023-10-04,Bretagne,53,0
56280,D,C,appartement,1990,44.1,328.0,2023-10-04,Bretagne,53,0
56213,D,E,appartement,1972,52.1,218.0,2023-10-04,Bretagne,53,0
56372,B,F,maison,1998,80.5,83.0,2023-10-04,Bretagne,53,0
56295,D,F,maison,1982,25.3,244.0,2023-10-05,Bretagne,53,0
56298,A,D,appartement,2007,30.3,71.0,2023-10-05,Bretagne,53,0
29297,G,D,maison,1955,49.3,436.0,2023-10-05,Bretagne,53,1
22339,C,C,maison,1992,170.0,173.0,2023-10-05,Bretagne,53,0
29222,E,G,maison,1987,68.2,505.0,2023-10-06,Bretagne,53,0
56281,E,F,maison,1983,44.5,445.0,2023-10-06,Bretagne,53,0
35304,C,C,appartement,2013,106.1,166.0,2023-10-06,Bretagne,53,0
56004,G,D,maison,1947,23.6,516.0,2023-10-06,Bretagne,53,1
56043,G,D,appartement,1924,18.0,563.0,2023-10-07,Bretagne,53,1
22175,B,F,appartement,1999,69.7,106.0,2023-10-07,Bretagne,53,0
56294,D,E,appartement,1978,85.0,254.0,2023-10-07,Bretagne,53,0
29182,D,E,appartement,1989,54.5,272.0,2023-10-07,Bretagne,53,0
29297,D,F,maison,1983,78.1,166.0,2023-10-08,Bretagne,53,0
22358,D,F,appartement,1992,30.2,329.0,2023-10-08,Bretagne,53,0
22224,D,B,appartement,1990,52.4,264.0,2023-10-08,Bretagne,53,0
22045,F,C,appartement,1937,45.6,356.0,2023-10-08,Bretagne,53,1
56175,E,A,maison,1966,76.4,543.0,2023-10-09,Bretagne,53,0
35085,F,B,maison,1972,37.3,541.0,2023-10-09,Bretagne,53,1
35146,C,E,maison,2005,80.6,194.0,2023-10-09,Bretagne,53,0
56096,B,C,maison,2009,50.6,75.0,2023-10-10,Bretagne,53,0
29277,C,D,appartement,2014,71.6,304.0,2023-10-10,Bretagne,53,0
56122,C,F,appartement,1995,73.1,253.0,2023-10-10,Bretagne,53,0
22026,E,D,maison,1966,56.2,400.0,2023-10-10,Bretagne,53,0
29377,D,C,maison,1965,37.3,221.0,2023-10-11,Bretagne,53,0
29103,D,E,maison,1981,116.2,185.0,2023-10-11,Bretagne,53,0
29145,E,F,appartement,1971,117.5,401.0,2023-10-11,Bretagne,53,0
22049,E,D,appartement,1976,35.2,559.0,2023-10-11,Bretagne,53,0
22162,C,E,appartement,2019,59.1,220.0,2023-10-12,Bretagne,53,0
22367,F,D,maison,1924,113.6,398.0,2023-10-12,Bretagne,53,1
56103,G,G,maison,1941,32.7,691.0,2023-10-12,Bretagne,53,1
56081,E,G,maison,1965,79.6,407.0,2023-10-12,Bretagne,53,0
29008,C,D,immeuble,1992,49.4,177.0,2023-10-13,Bretagne,53,0
29012,C,F,immeuble,2017,81.8,328.0,2023-10-13,Bretagne,53,0
56245,D,E,maison,1984,55.2,226.0,2023-10-13,Bretagne,53,0
22076,F,F,appartement,1928,48.1,567.0,2023-10-13,Bretagne,53,1
35381,D,D,appartement,1991,91.8,199.0,2023-10-14,Bretagne,53,0
29379,E,G,maison,1980,107.8,691.0,2023-10-14,Bretagne,53,0
22058,F,E,appartement,1949,49.9,359.0,2023-10-14,Bretagne,53,1
22338,F,D,immeuble,1924,108.7,644.0,2023-10-14,Bretagne,53,1
29149,F,E,appartement,1957,199.4,471.0,2023-10-15,Bretagne,53,1
35148,D,E,maison,1969,90.7,233.0,2023-10-15,Bretagne,53,0
22348,E,B,maison,1986,86.7,408.0,2023-10-15,Bretagne,53,0
22289,F,E,appartement,1971,41.4,425.0,2023-10-15,Bretagne,53,1
35295,D,D,appartement,1970,80.4,217.0,2023-10-16,Bretagne,53,0
56204,D,B,appartement,1965,38.3,162.0,2023-10-16,Bretagne,53,0
22096,E,E,appartement,1994,132.9,372.0,2023-10-16,Bretagne,53,0
35299,D,C,maison,1990,120.6,273.0,2023-10-16,Bretagne,53,0
35231,C,G,maison,2012,67.0,235.0,2023-10-17,Bretagne,53,0
56240,E,F,maison,1987,55.3,537.0,2023-10-17,Bretagne,53,0
29085,B,B,immeuble,2001,73.1,144.0,2023-10-17,Bretagne,53,0
29351,C,F,maison,2016,36.6,240.0,2023-10-17,Bretagne,53,0
35284,F,G,appartement,1955,56.0,377.0,2023-10-18,Bretagne,53,1
56223,F,E,appartement,1929,56.7,519.0,2023-10-18,Bretagne,53,1
29320,G,D,appartement,1971,152.9,351.0,2023-10-18,Bretagne,53,1
35252,G,G,appartement,1938,49.6,430.0,2023-10-18,Bretagne,53,1
35112,F,B,immeuble,1968,61.9,472.0,2023-10-19,Bretagne,53,1
35344,B,E,appartement,2004,95.3,75.0,2023-10-19,Bretagne,53,0
56043,E,C,appartement,1982,80.7,649.0,2023-10-19,Bretagne,53,0
35029,D,D,immeuble,1987,118.0,327.0,2023-10-19,Bretagne,53,0
22240,G,F,maison,1962,112.7,674.0,2023-10-20,Bretagne,53,1
35171,F,E,maison,1923,36.8,575.0,2023-10-20,Bretagne,53,1
29085,D,G,appartement,1986,56.0,306.0,2023-10-20,Bretagne,53,0
35106,F,G,appartement,1924,93.0,403.0,2023-10-21,Bretagne,53,1
35349,E,F,appartement,1988,84.3,438.0,2023-10-21,Bretagne,53,0
22204,D,E,appartement,1976,53.4,226.0,2023-10-21,Bretagne,53,0
29353,D,E,maison,1980,94.3,193.0,2023-10-21,Bretagne,53,0
22048,D,F,appartement,1967,53.0,206.0,2023-10-22,Bretagne,53,0
29354,F,D,appartement,1972,110.4,449.0,2023-10-22,Bretagne,53,1
22260,F,E,maison,1930,90.3,553.0,2023-10-22,Bretagne,53,1
22006,F,E,maison,1923,50.3,429.0,2023-10-22,Bretagne,53,1
56139,B,D,appartement,2011,83.4,80.0,2023-10-23,Bretagne,53,0
35220,E,B,maison,1977,93.0,526.0,2023-10-23,Bretagne,53,0
56205,F,E,maison,1934,51.6,610.0,2023-10-23,Bretagne,53,1
29042,D,E,maison,1984,48.7,187.0,2023-10-23,Bretagne,53,0
35277,D,F,maison,1990,58.7,301.0,2023-10-24,Bretagne,53,0
56241,C,G,maison,2019,50.0,299.0,2023-10-24,Bretagne,53,0
35335,G,F,appartement,1928,28.9,356.0,2023-10-24,Bretagne,53,1
22269,E,E,appartement,1985,48.4,394.0,2023-10-24,Bretagne,53,0
29187,B,D,maison,1993,61.5,67.0,2023-10-25,Bretagne,53,0
35382,A,F,maison,1992,102.3,62.0,2023-10-25,Bretagne,53,0
29033,B,E,appartement,2004,47.6,117.0,2023-10-25,Bretagne,53,0
22129,E,D,maison,1966,75.0,498.0,2023-10-25,Bretagne,53,0
22192,F,E,maison,1947,110.5,697.0,2023-10-26,Bretagne,53,1
56225,F,C,appartement,1960,35.1,630.0,2023-10-26,Bretagne,53,1
29100,E,D,maison,1984,96.2,440.0,2023-10-26,Bretagne,53,0
22238,D,D,appartement,1985,53.4,312.0,2023-10-26,Bretagne,53,0
22346,C,G,appartement,2019,65.0,317.0,2023-10-27,Bretagne,53,0
29076,C,E,appartement,2016,43.0,156.0,2023-10-27,Bretagne,53,0
29232,G,E,appartement,1954,165.2,484.0,2023-10-27,Bretagne,53,1
29040,C,E,appartement,1991,56.5,282.0,2023-10-27,Bretagne,53,0
35210,C,D,appartement,2012,72.3,323.0,2023-10-28,Bretagne,53,0
22090,E,C,appartement,1983,48.3,429.0,2023-10-28,Bretagne,53,0
35227,E,G,appartement,1968,54.9,634.0,2023-10-28,Bretagne,53,0
56297,G,D,appartement,1961,37.9,627.0,2023-10-28,Bretagne,53,1
22253,D,G,maison,1977,78.6,186.0,2023-10-29,Bretagne,53,0
22100,D,D,appartement,1966,154.4,245.0,2023-10-29,Bretagne,53,0
35091,D,E,maison,1968,24.4,252.0,2023-10-29,Bretagne,53,0
56354,E,F,maison,1983,82.4,393.0,2023-10-29,Bretagne,53,0
35226,B,A,maison,2008,74.8,102.0,2023-10-30,Bretagne,53,0
35215,E,G,maison,1978,65.3,439.0,2023-10-30,Bretagne,53,0
56358,B,G,maison,2012,82.0,128.0,2023-10-30,Bretagne,53,0
35035,E,E,appartement,1994,58.8,523.0,2023-10-30,Bretagne,53,0
29332,F,F,maison,1951,122.3,586.0,2023-10-31,Bretagne,53,1
56024,D,G,maison,1987,32.7,325.0,2023-10-31,Bretagne,53,0
29333,F,F,maison,1974,33.9,519.0,2023-10-31,Bretagne,53,1
35342,E,C,maison,1972,52.0,639.0,2023-11-01,Bretagne,53,0
29099,D,F,maison,1986,67.4,164.0,2023-11-01,Bretagne,53,0
35303,F,B,appartement,1944,65.1,349.0,2023-11-01,Bretagne,53,1
29304,F,C,appartement,1934,89.0,681.0,2023-11-01,Bretagne,53,1
22300,C,E,maison,2004,110.1,313.0,2023-11-02,Bretagne,53,0
35208,E,A,appartement,1981,56.5,415.0,2023-11-02,Bretagne,53,0
29124,D,E,maison,1974,53.3,251.0,2023-11-02,Bretagne,53,0
29067,E,E,maison,1979,141.8,476.0,2023-11-02,Bretagne,53,0
29376,D,D,maison,1980,51.4,216.0,2023-11-03,Bretagne,53,0
29339,F,D,appartement,1957,53.1,472.0,2023-11-03,Bretagne,53,1
35143,D,F,maison,1992,69.7,286.0,2023-11-03,Bretagne,53,0
56387,F,A,appartement,1948,123.2,425.0,2023-11-03,Bretagne,53,1
56045,D,C,maison,1994,69.7,326.0,2023-11-04,Bretagne,53,0
29297,A,G,appartement,1999,75.9,137.0,2023-11-04,Bretagne,53,0
29136,E,A,maison,1978,140.8,334.0,2023-11-04,Bretagne,53,0
56296,E,D,appartement,1968,25.6,376.0,2023-11-04,Bretagne,53,0
56043,D,F,appartement,1992,94.7,298.0,2023-11-05,Bretagne,53,0
22288,E,G,maison,1994,68.6,606.0,2023-11-05,Bretagne,53,0
35270,G,D,maison,1939,41.8,586.0,2023-11-05,Bretagne,53,1
22369,G,D,appartement,1933,66.6,404.0,2023-11-05,Bretagne,53,1
35018,E,D,appartement,1971,79.7,580.0,2023-11-06,Bretagne,53,0
35159,G,B,appartement,1949,30.1,607.0,2023-11-06,Bretagne,53,1
35318,C,E,maison,2007,109.2,324.0,2023-11-06,Bretagne,53,0
29084,D,F,maison,1972,60.4,325.0,2023-11-06,Bretagne,53,0
35124,A,E,appartement,1990,42.8,144.0,2023-11-07,Bretagne,53,0
29025,C,E,maison,2016,56.9,257.0,2023-11-07,Bretagne,53,0
22387,B,G,maison,2019,89.7,57.0,2023-11-07,Bretagne,53,0
29163,D,E,maison,1978,58.0,259.0,2023-11-07,Bretagne,53,0
22207,D,E,maison,1976,42.2,272.0,2023-11-08,Bretagne,53,0
29218,D,G,maison,1979,58.4,271.0,2023-11-08,Bretagne,53,0
22097,C,E,appartement,2002,63.9,229.0,2023-11-08,Bretagne,53,0
22261,E,E,appartement,1965,85.3,691.0,2023-11-08,Bretagne,53,0
22199,D,E,maison,1975,49.8,244.0,2023-11-09,Bretagne,53,0
35376,G,B,appartement,1944,107.3,477.0,2023-11-09,Bretagne,53,1
29261,D,E,maison,1992,30.1,217.0,2023-11-09,Bretagne,53,0
22268,B,D,immeuble,1990,57.6,83.0,2023-11-09,Bretagne,53,0
56167,F,E,maison,1921,75.0,627.0,2023-11-10,Bretagne,53,1
29061,D,G,immeuble,1975,128.4,195.0,2023-11-10,Bretagne,53,0
56044,F,E,maison,1924,73.8,695.0,2023-11-10,Bretagne,53,1
22031,E,F,immeuble,1990,160.7,438.0,2023-11-10,Bretagne,53,0
22317,F,D,appartement,1960,96.6,691.0,2023-11-11,Bretagne,53,1
29340,E,F,maison,1989,79.9,624.0,2023-11-11,Bretagne,53,0
22197,G,E,maison,1940,77.4,696.0,2023-11-11,Bretagne,53,1
56016,F,B,immeuble,1973,50.7,500.0,2023-11-12,Bretagne,53,1
22341,B,E,appartement,1996,70.0,51.0,2023-11-12,Bretagne,53,0
35378,E,G,maison,1993,45.2,638.0,2023-11-12,Bretagne,53,0
56081,E,F,maison,1969,18.0,434.0,2023-11-12,Bretagne,53,0
22245,G,D,maison,1967,57.3,334.0,2023-11-13,Bretagne,53,1
35311,E,D,appartement,1986,58.8,552.0,2023-11-13,Bretagne,53,0
35289,G,D,maison,1932,81.2,335.0,2023-11-13,Bretagne,53,1
35332,D,B,maison,1991,102.4,301.0,2023-11-13,Bretagne,53,0
22345,C,F,maison,2014,55.2,165.0,2023-11-14,Bretagne,53,0
56048,E,G,appartement,1975,56.8,348.0,2023-11-14,Bretagne,53,0
56304,C,C,maison,2014,37.7,208.0,2023-11-14,Bretagne,53,0
56025,F,E,appartement,1927,51.8,447.0,2023-11-14,Bretagne,53,1
22001,F,E,appartement,1932,71.4,554.0,2023-11-15,Bretagne,53,1
56071,D,C,appartement,1988,69.8,171.0,2023-11-15,Bretagne,53,0
35228,E,D,maison,1981,55.1,625.0,2023-11-15,Bretagne,53,0
22258,D,F,maison,1986,69.1,217.0,2023-11-15,Bretagne,53,0
22051,C,F,maison,2007,67.4,323.0,2023-11-16,Bretagne,53,0
56199,G,D,maison,1939,42.5,587.0,2023-11-16,Bretagne,53,1
56128,C,E,maison,1999,123.3,208.0,2023-11-16,Bretagne,53,0
56132,D,E,maison,1990,49.7,206.0,2023-11-16,Bretagne,53,0
22127,F,G,appartement,1934,158.4,655.0,2023-11-17,Bretagne,53,1
29162,A,G,appartement,1989,112.8,80.0,2023-11-17,Bretagne,53,0
35268,D,E,maison,1972,35.3,293.0,2023-11-17,Bretagne,53,0
56233,E,E,appartement,1991,59.3,522.0,2023-11-17,Bretagne,53,0
29123,F,E,appartement,1957,102.1,428.0,2023-11-18,Bretagne,53,1
22095,E,B,maison,1969,90.6,412.0,2023-11-18,Bretagne,53,0
35387,D,E,maison,1985,172.6,176.0,2023-11-18,Bretagne,53,0
22398,F,F,appartement,1934,79.5,583.0,2023-11-18,Bretagne,53,1
22211,B,C,maison,1994,64.7,92.0,2023-11-19,Bretagne,53,0
35025,C,F,maison,1999,34.2,164.0,2023-11-19,Bretagne,53,0
35231,E,D,immeuble,1994,93.5,527.0,2023-11-19,Bretagne,53,0
35211,D,D,appartement,1981,29.8,307.0,2023-11-19,Bretagne,53,0
56100,D,E,appartement,1965,64.6,300.0,2023-11-20,Bretagne,53,0
56235,D,F,appartement,1993,128.6,178.0,2023-11-20,Bretagne,53,0
22083,C,E,maison,2014,83.5,241.0,2023-11-20,Bretagne,53,0
35254,B,B,maison,2002,50.4,53.0,2023-11-20,Bretagne,53,0
35053,C,D,maison,2009,34.3,172.0,2023-11-21,Bretagne,53,0
56135,D,F,maison,1969,89.0,222.0,2023-11-21,Bretagne,53,0
35277,C,E,maison,2009,146.3,328.0,2023-11-21,Bretagne,53,0
29331,E,D,appartement,1991,76.3,550.0,2023-11-21,Bretagne,53,0
56301,G,D,maison,1970,56.9,679.0,2023-11-22,Bretagne,53,1
29135,C,F,maison,1994,34.9,253.0,2023-11-22,Bretagne,53,0
22272,D,C,maison,1965,46.7,176.0,2023-11-22,Bretagne,53,0
29183,C,G,appartement,1998,117.6,223.0,2023-11-23,Bretagne,53,0
56191,E,D,maison,1975,53.4,520.0,2023-11-23,Bretagne,53,0
22046,D,F,appartement,1966,101.3,201.0,2023-11-23,Bretagne,53,0
35175,F,F,maison,1922,52.1,637.0,2023-11-23,Bretagne,53,1
22261,E,G,maison,1977,101.8,603.0,2023-11-24,Bretagne,53,0
35142,F,E,maison,1936,98.1,511.0,2023-11-24,Bretagne,53,1
22125,A,C,maison,1996,56.6,106.0,2023-11-24,Bretagne,53,0
35317,D,C,maison,1971,92.9,329.0,2023-11-24,Bretagne,53,0
56049,G,C,appartement,1949,81.2,476.0,2023-11-25,Bretagne,53,1
22331,F,D,maison,1972,74.0,666.0,2023-11-25,Bretagne,53,1
56128,G,G,appartement,1932,51.5,578.0,2023-11-25,Bretagne,53,1
22039,F,C,appartement,1957,86.0,582.0,2023-11-25,Bretagne,53,1
35136,C,E,appartement,2009,107.7,259.0,2023-11-26,Bretagne,53,0
22018,E,D,maison,1992,100.9,667.0,2023-11-26,Bretagne,53,0
56161,D,D,maison,1989,140.4,162.0,2023-11-26,Bretagne,53,0
29254,F,F,appartement,1958,78.7,687.0,2023-11-26,Bretagne,53,1
35354,C,B,maison,2016,81.7,217.0,2023-11-27,Bretagne,53,0
56246,D,C,maison,1973,117.8,168.0,2023-11-27,Bretagne,53,0
35090,E,E,maison,1987,46.9,564.0,2023-11-27,Bretagne,53,0
29351,C,G,immeuble,2007,65.6,316.0,2023-11-27,Bretagne,53,0
29331,C,E,appartement,1988,55.8,217.0,2023-11-28,Bretagne,53,0
29299,C,D,appartement,1993,161.2,262.0,2023-11-28,Bretagne,53,0
35072,E,E,maison,1986,73.7,683.0,2023-11-28,Bretagne,53,0
35284,E,D,maison,1975,77.3,608.0,2023-11-28,Bretagne,53,0
35378,D,E,appartement,1965,31.2,272.0,2023-11-29,Bretagne,53,0
22333,D,E,maison,1990,25.8,240.0,2023-11-29,Bretagne,53,0
56360,B,F,maison,1997,33.6,124.0,2023-11-29,Bretagne,53,0
29213,F,E,maison,1956,87.9,478.0,2023-11-29,Bretagne,53,1
22162,E,A,maison,1976,47.5,579.0,2023-11-30,Bretagne,53,0
22066,F,B,maison,1969,23.2,683.0,2023-11-30,Bretagne,53,1
22001,E,G,maison,1971,83.5,610.0,2023-11-30,Bretagne,53,0
29234,F,D,appartement,1957,33.2,402.0,2023-11-30,Bretagne,53,1
29267,E,G,maison,1981,43.7,485.0,2023-12-01,Bretagne,53,0
29339,D,F,maison,1982,86.1,222.0,2023-12-01,Bretagne,53,0
22255,G,D,appartement,1928,59.1,432.0,2023-12-01,Bretagne,53,1
22121,A,G,appartement,2018,74.7,91.0,2023-12-01,Bretagne,53,0
29282,D,E,appartement,1971,156.4,255.0,2023-12-02,Bretagne,53,0
29396,D,F,maison,1987,75.0,172.0,2023-12-02,Bretagne,53,0
29053,A,C,maison,1989,111.5,114.0,2023-12-02,Bretagne,53,0
22313,F,C,maison,1954,133.3,464.0,2023-12-02,Bretagne,53,1
22032,C,E,appartement,2003,138.8,229.0,2023-12-03,Bretagne,53,0
56222,D,E,maison,1988,38.7,320.0,2023-12-03,Bretagne,53,0
35396,E,D,appartement,1977,72.3,507.0,2023-12-03,Bretagne,53,0
56089,F,E,maison,1951,161.1,639.0,2023-12-04,Bretagne,53,1
56199,G,F,appartement,1963,18.9,467.0,2023-12-04,Bretagne,53,1
29336,F,F,appartement,1962,53.8,509.0,2023-12-04,Bretagne,53,1
56380,B,E,appartement,1997,139.0,146.0,2023-12-04,Bretagne,53,0
35020,F,F,appartement,1952,94.6,646.0,2023-12-05,Bretagne,53,1
22051,F,D,appartement,1955,48.4,338.0,2023-12-05,Bretagne,53,1
29221,F,D,maison,1964,42.7,474.0,2023-12-05,Bretagne,53,1
22352,F,F,appartement,1963,48.3,533.0,2023-12-05,Bretagne,53,1
29207,G,E,maison,1960,56.5,334.0,2023-12-06,Bretagne,53,1
35344,E,G,appartement,1974,138.2,571.0,2023-12-06,Bretagne,53,0
56240,A,E,maison,1987,132.6,61.0,2023-12-06,Bretagne,53,0
22190,F,G,maison,1941,118.8,543.0,2023-12-06,Bretagne,53,1
56101,D,F,appartement,1992,69.2,295.0,2023-12-07,Bretagne,53,0
35243,B,D,maison,2006,208.2,128.0,2023-12-07,Bretagne,53,0
22124,G,D,appartement,1947,86.1,630.0,2023-12-07,Bretagne,53,1
22366,G,G,appartement,1937,53.0,630.0,2023-12-07,Bretagne,53,1
35065,E,G,maison,1975,77.6,470.0,2023-12-08,Bretagne,53,0
29191,E,E,maison,1980,102.0,621.0,2023-12-08,Bretagne,53,0
56050,F,F,maison,1948,86.1,547.0,2023-12-08,Bretagne,53,1
35314,E,F,maison,1974,70.5,579.0,2023-12-08,Bretagne,53,0
56129,B,E,appartement,1990,54.4,84.0,2023-12-09,Bretagne,53,0
56048,F,E,maison,1944,66.1,432.0,2023-12-09,Bretagne,53,1
56074,E,E,appartement,1969,106.5,505.0,2023-12-09,Bretagne,53,0
56092,F,D,appartement,1956,52.4,532.0,2023-12-09,Bretagne,53,1
56136,F,D,maison,1959,101.3,486.0,2023-12-10,Bretagne,53,1
35248,D,D,maison,1971,66.7,168.0,2023-12-10,Bretagne,53,0
35103,F,D,maison,1951,86.2,339.0,2023-12-10,Bretagne,53,1
22185,B,F,maison,2000,44.1,77.0,2023-12-10,Bretagne,53,0
22179,E,F,maison,1990,64.5,698.0,2023-12-11,Bretagne,53,0
56155,F,F,appartement,1974,52.7,411.0,2023-12-11,Bretagne,53,1
56226,G,B,maison,1957,125.1,373.0,2023-12-11,Bretagne,53,1
29090,G,E,appartement,1931,105.9,350.0,2023-12-11,Bretagne,53,1
22098,D,G,appartement,1987,66.2,187.0,2023-12-12,Bretagne,53,0
56311,G,E,appartement,1938,70.7,421.0,2023-12-12,Bretagne,53,1
22377,E,D,appartement,1986,79.6,555.0,2023-12-12,Bretagne,53,0
35380,D,E,appartement,1986,71.0,190.0,2023-12-12,Bretagne,53,0
29170,B,F,maison,2019,74.8,77.0,2023-12-13,Bretagne,53,0
35192,F,D,appartement,1965,59.3,410.0,2023-12-13,Bretagne,53,1
35065,E,G,appartement,1992,73.8,468.0,2023-12-13,Bretagne,53,0
35306,F,F,appartement,1937,70.1,433.0,2023-12-13,Bretagne,53,1
56352,D,B,appartement,1967,44.6,245.0,2023-12-14,Bretagne,53,0
56340,G,G,maison,1935,123.5,425.0,2023-12-14,Bretagne,53,1
29322,B,C,maison,2006,37.9,70.0,2023-12-14,Bretagne,53,0
22014,G,F,maison,1928,71.6,670.0,2023-12-15,Bretagne,53,1
56111,F,F,appartement,1954,90.3,334.0,2023-12-15,Bretagne,53,1
35063,D,F,appartement,1983,42.6,174.0,2023-12-15,Bretagne,53,0
56231,E,G,appartement,1981,37.7,438.0,2023-12-15,Bretagne,53,0
22387,B,E,maison,1995,22.9,93.0,2023-12-16,Bretagne,53,0
29255,D,D,maison,1965,48.3,227.0,2023-12-16,Bretagne,53,0
56305,D,E,appartement,1968,139.5,220.0,2023-12-16,Bretagne,53,0
22332,D,F,appartement,1984,73.3,223.0,2023-12-16,Bretagne,53,0
56151,C,G,maison,1998,79.8,201.0,2023-12-17,Bretagne,53,0
56301,D,D,maison,1988,82.3,206.0,2023-12-17,Bretagne,53,0
35180,D,C,maison,1993,103.3,330.0,2023-12-17,Bretagne,53,0
29252,D,D,appartement,1983,89.9,304.0,2023-12-17,Bretagne,53,0
56330,G,E,appartement,1941,118.4,345.0,2023-12-18,Bretagne,53,1
22328,C,F,appartement,2011,47.1,277.0,2023-12-18,Bretagne,53,0
29333,D,D,maison,1986,74.5,254.0,2023-12-18,Bretagne,53,0
35240,F,F,appartement,1961,167.3,500.0,2023-12-18,Bretagne,53,1
56083,D,E,appartement,1976,44.7,156.0,2023-12-19,Bretagne,53,0
29275,D,E,appartement,1986,61.8,155.0,2023-12-19,Bretagne,53,0
29082,D,E,appartement,1970,65.8,253.0,2023-12-19,Bretagne,53,0
35117,C,G,appartement,2001,98.4,270.0,2023-12-19,Bretagne,53,0
22283,B,D,appartement,1997,70.3,148.0,2023-12-20,Bretagne,53,0
35076,F,A,appartement,1928,118.7,525.0,2023-12-20,Bretagne,53,1
29288,G,E,maison,1969,53.1,333.0,2023-12-20,Bretagne,53,1
29320,E,E,appartement,1983,50.7,620.0,2023-12-20,Bretagne,53,0
22210,E,B,maison,1975,90.7,467.0,2023-12-21,Bretagne,53,0
22203,E,D,appartement,1992,47.8,353.0,2023-12-21,Bretagne,53,0
56040,C,F,appartement,2015,72.7,175.0,2023-12-21,Bretagne,53,0
35086,A,C,maison,2009,34.4,107.0,2023-12-21,Bretagne,53,0
56244,B,G,maison,1991,96.6,138.0,2023-12-22,Bretagne,53,0
29388,F,F,appartement,1941,123.2,335.0,2023-12-22,Bretagne,53,1
29256,E,F,appartement,1974,92.3,445.0,2023-12-22,Bretagne,53,0
29167,F,C,appartement,1951,185.0,480.0,2023-12-22,Bretagne,53,1
56364,D,D,appartement,1975,70.2,195.0,2023-12-23,Bretagne,53,0
35347,D,C,maison,1989,129.8,257.0,2023-12-23,Bretagne,53,0
56195,E,F,maison,1986,98.3,648.0,2023-12-23,Bretagne,53,0
29291,C,E,maison,1997,76.8,209.0,2023-12-23,Bretagne,53,0
56038,D,D,immeuble,1974,191.2,242.0,2023-12-24,Bretagne,53,0
56221,D,C,appartement,1994,162.2,180.0,2023-12-24,Bretagne,53,0
56062,A,E,appartement,2011,61.3,140.0,2023-12-24,Bretagne,53,0
35329,E,D,appartement,1968,22.5,585.0,2023-12-24,Bretagne,53,0
29044,E,B,maison,1993,78.0,527.0,2023-12-25,Bretagne,53,0
22061,D,F,maison,1968,60.4,251.0,2023-12-25,Bretagne,53,0
56097,E,G,appartement,1969,29.9,479.0,2023-12-25,Bretagne,53,0
56208,E,C,maison,1967,36.4,634.0,2023-12-26,Bretagne,53,0
29339,E,D,maison,1993,228.7,670.0,2023-12-26,Bretagne,53,0
35307,F,G,maison,1953,97.7,386.0,2023-12-26,Bretagne,53,1
35019,C,F,appartement,1987,78.8,324.0,2023-12-26,Bretagne,53,0
35378,F,E,appartement,1920,67.1,697.0,2023-12-27,Bretagne,53,1
22331,A,E,immeuble,2011,52.9,110.0,2023-12-27,Bretagne,53,0
56044,F,E,maison,1934,27.2,692.0,2023-12-27,Bretagne,53,1
56278,B,B,appartement,2014,40.0,107.0,2023-12-27,Bretagne,53,0
56201,E,B,maison,1974,53.0,551.0,2023-12-28,Bretagne,53,0
35356,D,F,appartement,1972,52.8,212.0,2023-12-28,Bretagne,53,0
29307,E,G,appartement,1970,68.1,482.0,2023-12-28,Bretagne,53,0
35234,G,D,immeuble,1922,38.1,401.0,2023-12-28,Bretagne,53,1
35150,G,F,appartement,1929,57.7,653.0,2023-12-29,Bretagne,53,1
22155,G,C,maison,1921,91.7,513.0,2023-12-29,Bretagne,53,1
35343,D,D,immeuble,1984,55.7,292.0,2023-12-29,Bretagne,53,0
56168,F,E,appartement,1933,98.3,514.0,2023-12-29,Bretagne,53,1
29207,E,G,maison,1989,31.8,361.0,2023-12-30,Bretagne,53,0
22103,C,E,maison,2004,195.1,321.0,2023-12-30,Bretagne,53,0
56390,C,G,appartement,2019,31.8,193.0,2023-12-30,Bretagne,53,0
29140,E,C,maison,1985,67.3,379.0,2023-12-30,Bretagne,53,0
56163,D,E,maison,1979,111.3,305.0,2023-12-31,Bretagne,53,0
29260,E,F,appartement,1991,67.0,404.0,2023-12-31,Bretagne,53,0
29112,B,B,maison,2002,29.6,144.0,2023-12-31,Bretagne,53,0
22011,E,D,appartement,1975,84.5,528.0,2023-12-31,Bretagne,53,0
56327,B,G,maison,1993,39.9,82.0,2024-01-01,Bretagne,53,0
56248,E,E,maison,1966,80.3,567.0,2024-01-01,Bretagne,53,0
29152,E,F,maison,1966,67.0,341.0,2024-01-01,Bretagne,53,0
29029,C,E,appartement,2006,24.5,219.0,2024-01-01,Bretagne,53,0
56348,F,C,maison,1963,104.0,646.0,2024-01-02,Bretagne,53,1
22252,D,D,maison,1967,23.1,305.0,2024-01-02,Bretagne,53,0
22214,D,B,maison,1976,104.8,289.0,2024-01-02,Bretagne,53,0
22107,E,E,maison,1985,64.2,551.0,2024-01-02,Bretagne,53,0
56092,F,F,appartement,1952,63.6,569.0,2024-01-03,Bretagne,53,1
22368,F,E,maison,1974,100.4,590.0,2024-01-03,Bretagne,53,1
22259,F,E,appartement,1961,150.3,661.0,2024-01-03,Bretagne,53,1
35220,A,D,maison,2008,71.2,145.0,2024-01-03,Bretagne,53,0
29376,E,G,maison,1967,52.4,469.0,2024-01-04,Bretagne,53,0
22145,D,D,immeuble,1984,46.6,328.0,2024-01-04,Bretagne,53,0
29127,F,G,appartement,1941,32.6,596.0,2024-01-04,Bretagne,53,1
35303,B,G,appartement,2003,81.7,132.0,2024-01-04,Bretagne,53,0
29198,G,E,appartement,1943,69.3,656.0,2024-01-05,Bretagne,53,1
22260,B,D,appartement,1986,69.1,56.0,2024-01-05,Bretagne,53,0
29291,E,F,appartement,1969,128.8,597.0,2024-01-05,Bretagne,53,0
56205,D,G,maison,1981,77.0,231.0,2024-01-06,Bretagne,53,0
22064,C,A,immeuble,1987,44.1,171.0,2024-01-06,Bretagne,53,0
35238,D,G,appartement,1985,163.6,237.0,2024-01-06,Bretagne,53,0
56298,F,F,maison,1932,29.2,376.0,2024-01-06,Bretagne,53,1
22086,C,D,appartement,1987,47.0,306.0,2024-01-07,Bretagne,53,0
29228,E,D,maison,1975,98.2,674.0,2024-01-07,Bretagne,53,0
35286,D,E,appartement,1978,67.2,294.0,2024-01-07,Bretagne,53,0
56172,D,G,maison,1993,41.1,243.0,2024-01-07,Bretagne,53,0
22270,C,F,maison,1992,127.3,220.0,2024-01-08,Bretagne,53,0
29363,E,C,maison,1986,85.4,439.0,2024-01-08,Bretagne,53,0
56073,F,C,appartement,1922,95.3,628.0,2024-01-08,Bretagne,53,1
29231,G,A,maison,1925,92.9,426.0,2024-01-08,Bretagne,53,1
35343,D,B,appartement,1994,49.1,278.0,2024-01-09,Bretagne,53,0
29055,G,C,maison,1958,118.5,401.0,2024-01-09,Bretagne,53,1
56247,E,E,appartement,1994,60.7,669.0,2024-01-09,Bretagne,53,0
56267,E,F,appartement,1979,76.2,458.0,2024-01-09,Bretagne,53,0
35229,F,F,maison,1957,101.5,332.0,2024-01-10,Bretagne,53,1
22017,D,F,maison,1994,31.5,212.0,2024-01-10,Bretagne,53,0
56364,B,F,maison,2017,98.8,71.0,2024-01-10,Bretagne,53,0
22337,C,D,maison,2001,64.0,174.0,2024-01-10,Bretagne,53,0
56010,B,A,maison,1995,72.7,52.0,2024-01-11,Bretagne,53,0
56057,C,E,maison,2019,65.7,309.0,2024-01-11,Bretagne,53,0
35377,E,C,maison,1972,97.2,351.0,2024-01-11,Bretagne,53,0
35069,E,C,maison,1974,81.0,517.0,2024-01-11,Bretagne,53,0
35217,D,C,appartement,1983,67.2,204.0,2024-01-12,Bretagne,53,0
35385,D,F,maison,1972,40.1,317.0,2024-01-12,Bretagne,53,0
29220,F,G,maison,1933,75.7,606.0,2024-01-12,Bretagne,53,1
22123,C,E,maison,1994,78.8,237.0,2024-01-12,Bretagne,53,0
56114,D,E,immeuble,1966,72.9,268.0,2024-01-13,Bretagne,53,0
22027,A,D,appartement,2015,140.5,68.0,2024-01-13,Bretagne,53,0
56056,E,E,appartement,1980,94.7,595.0,2024-01-13,Bretagne,53,0
29254,D,E,appartement,1993,75.8,153.0,2024-01-13,Bretagne,53,0
35073,F,C,maison,1971,85.9,611.0,2024-01-14,Bretagne,53,1
56016,D,G,appartement,1975,67.6,308.0,2024-01-14,Bretagne,53,0
56184,D,F,appartement,1967,67.3,178.0,2024-01-14,Bretagne,53,0
35268,F,E,maison,1925,64.4,636.0,2024-01-14,Bretagne,53,1
35174,G,F,maison,1971,44.4,655.0,2024-01-15,Bretagne,53,1
56359,F,C,appartement,1966,111.0,623.0,2024-01-15,Bretagne,53,1
35036,E,E,maison,1968,66.4,361.0,2024-01-15,Bretagne,53,0
56107,F,G,maison,1922,139.8,593.0,2024-01-15,Bretagne,53,1
56135,A,D,appartement,1987,39.7,107.0,2024-01-16,Bretagne,53,0
29088,E,F,maison,1986,42.3,359.0,2024-01-16,Bretagne,53,0
35393,G,F,appartement,1920,75.9,636.0,2024-01-16,Bretagne,53,1
22150,E,D,maison,1986,46.7,483.0,2024-01-17,Bretagne,53,0
35095,D,G,appartement,1971,162.2,300.0,2024-01-17,Bretagne,53,0
22337,A,C,maison,1994,89.0,84.0,2024-01-17,Bretagne,53,0
56272,F,F,maison,1960,184.5,617.0,2024-01-17,Bretagne,53,1
29290,D,D,appartement,1982,60.2,193.0,2024-01-18,Bretagne,53,0
56287,F,C,maison,1974,40.1,478.0,2024-01-18,Bretagne,53,1
35306,F,E,maison,1920,106.0,652.0,2024-01-18,Bretagne,53,1
35207,D,G,appartement,1989,35.3,183.0,2024-01-18,Bretagne,53,0
29273,B,D,appartement,1989,71.1,50.0,2024-01-19,Bretagne,53,0
35205,E,C,maison,1985,27.3,600.0,2024-01-19,Bretagne,53,0
29167,D,E,appartement,1978,29.5,220.0,2024-01-19,Bretagne,53,0
22297,B,F,maison,1991,106.3,107.0,2024-01-19,Bretagne,53,0
56316,C,E,immeuble,1993,90.9,157.0,2024-01-20,Bretagne,53,0
22351,A,E,maison,1987,50.4,58.0,2024-01-20,Bretagne,53,0
29051,D,C,maison,1972,35.9,258.0,2024-01-20,Bretagne,53,0
22250,E,D,maison,1974,48.8,593.0,2024-01-20,Bretagne,53,0
22336,D,E,appartement,1973,40.8,307.0,2024-01-21,Bretagne,53,0
22276,D,C,appartement,1981,71.2,304.0,2024-01-21,Bretagne,53,0
22341,G,C,appartement,1961,46.7,337.0,2024-01-21,Bretagne,53,1
35164,E,F,appartement,1980,57.9,458.0,2024-01-21,Bretagne,53,0
22214,D,F,maison,1968,78.1,185.0,2024-01-22,Bretagne,53,0
35141,A,A,maison,1995,123.7,133.0,2024-01-22,Bretagne,53,0
35064,G,E,maison,1924,24.1,630.0,2024-01-22,Bretagne,53,1
35187,G,F,maison,1960,134.1,346.0,2024-01-22,Bretagne,53,1
22028,F,D,maison,1949,76.2,566.0,2024-01-23,Bretagne,53,1
29096,C,C,appartement,1987,124.5,302.0,2024-01-23,Bretagne,53,0
29397,D,E,maison,1966,75.5,307.0,2024-01-23,Bretagne,53,0
29223,B,A,immeuble,2014,57.6,135.0,2024-01-23,Bretagne,53,0
35360,F,F,appartement,1967,108.1,338.0,2024-01-24,Bretagne,53,1
35147,F,B,appartement,1937,123.5,495.0,2024-01-24,Bretagne,53,1
35090,G,F,appartement,1921,42.1,669.0,2024-01-24,Bretagne,53,1
29134,D,G,appartement,1988,53.9,259.0,2024-01-24,Bretagne,53,0
35143,D,B,appartement,1986,59.3,328.0,2024-01-25,Bretagne,53,0
56320,F,C,maison,1929,128.8,642.0,2024-01-25,Bretagne,53,1
35318,D,E,appartement,1966,35.4,328.0,2024-01-25,Bretagne,53,0
22045,D,D,appartement,1988,75.0,312.0,2024-01-25,Bretagne,53,0
29321,C,D,appartement,2008,34.2,288.0,2024-01-26,Bretagne,53,0
22298,D,D,immeuble,1978,93.9,305.0,2024-01-26,Bretagne,53,0
35129,G,D,maison,1968,54.7,614.0,2024-01-26,Bretagne,53,1
29356,B,D,maison,2005,36.8,89.0,2024-01-26,Bretagne,53,0
56386,E,G,appartement,1990,54.5,470.0,2024-01-27,Bretagne,53,0
35158,D,F,appartement,1988,46.4,303.0,2024-01-27,Bretagne,53,0
35060,D,E,appartement,1978,44.7,198.0,2024-01-27,Bretagne,53,0
35126,E,F,maison,1971,56.2,576.0,2024-01-28,Bretagne,53,0
29239,G,G,maison,1922,59.2,480.0,2024-01-28,Bretagne,53,1
22167,E,C,maison,1977,158.5,477.0,2024-01-28,Bretagne,53,0
56381,E,C,appartement,1979,53.1,448.0,2024-01-28,Bretagne,53,0
22392,E,D,maison,1969,97.0,600.0,2024-01-29,Bretagne,53,0
29231,F,D,appartement,1964,70.6,532.0,2024-01-29,Bretagne,53,1
35276,D,D,maison,1966,77.6,186.0,2024-01-29,Bretagne,53,0
29293,E,D,appartement,1994,57.3,543.0,2024-01-29,Bretagne,53,0
56152,D,G,maison,1975,73.2,200.0,2024-01-30,Bretagne,53,0
56308,E,C,appartement,1988,118.8,636.0,2024-01-30,Bretagne,53,0
35196,E,D,maison,1967,104.7,484.0,2024-01-30,Bretagne,53,0
29230,F,D,maison,1933,56.1,348.0,2024-01-30,Bretagne,53,1
29055,F,C,appartement,1967,32.9,431.0,2024-01-31,Bretagne,53,1
29357,G,B,maison,1968,42.4,423.0,2024-01-31,Bretagne,53,1
22319,D,D,immeuble,1971,195.0,189.0,2024-01-31,Bretagne,53,0
56277,G,F,maison,1932,35.8,404.0,2024-01-31,Bretagne,53,1
29247,F,E,immeuble,1957,33.1,587.0,2024-02-01,Bretagne,53,1
56124,E,F,maison,1993,42.2,537.0,2024-02-01,Bretagne,53,0
29094,G,D,appartement,1926,99.1,656.0,2024-02-01,Bretagne,53,1
35160,F,B,appartement,1934,79.3,350.0,2024-02-01,Bretagne,53,1
29392,F,D,maison,1942,73.3,561.0,2024-02-02,Bretagne,53,1
56065,D,D,maison,1988,140.6,164.0,2024-02-02,Bretagne,53,0
56348,F,E,maison,1941,28.8,579.0,2024-02-02,Bretagne,53,1
56181,B,C,maison,1998,63.7,71.0,2024-02-02,Bretagne,53,0
56209,D,C,appartement,1978,48.3,200.0,2024-02-03,Bretagne,53,0
29304,F,E,maison,1934,35.2,645.0,2024-02-03,Bretagne,53,1
56323,E,C,maison,1967,31.1,399.0,2024-02-03,Bretagne,53,0
22063,C,F,appartement,1991,74.4,195.0,2024-02-03,Bretagne,53,0
35140,D,D,maison,1975,71.0,303.0,2024-02-04,Bretagne,53,0
35280,D,F,appartement,1978,102.4,169.0,2024-02-04,Bretagne,53,0
56075,E,D,appartement,1979,85.1,676.0,2024-02-04,Bretagne,53,0
56194,G,C,maison,1926,40.9,413.0,2024-02-04,Bretagne,53,1
35373,F,G,appartement,1936,38.0,442.0,2024-02-05,Bretagne,53,1
29097,F,E,immeuble,1964,43.2,584.0,2024-02-05,Bretagne,53,1
35159,C,D,appartement,1996,33.1,322.0,2024-02-05,Bretagne,53,0
35254,C,D,appartement,2014,35.2,161.0,2024-02-05,Bretagne,53,0
56096,C,G,immeuble,1989,64.0,224.0,2024-02-06,Bretagne,53,0
29024,D,E,appartement,1994,24.0,234.0,2024-02-06,Bretagne,53,0
22204,D,D,maison,1970,116.0,236.0,2024-02-06,Bretagne,53,0
22235,D,E,maison,1984,87.3,189.0,2024-02-06,Bretagne,53,0
29303,F,E,appartement,1960,110.1,696.0,2024-02-07,Bretagne,53,1
35051,G,G,appartement,1957,70.4,598.0,2024-02-07,Bretagne,53,1
35242,E,D,maison,1968,54.4,440.0,2024-02-07,Bretagne,53,0
35380,C,C,maison,2008,111.1,176.0,2024-02-08,Bretagne,53,0
22309,F,E,appartement,1964,51.9,672.0,2024-02-08,Bretagne,53,1
35239,E,E,maison,1994,38.4,543.0,2024-02-08,Bretagne,53,0
56399,D,C,appartement,1980,67.5,322.0,2024-02-08,Bretagne,53,0
56055,F,G,appartement,1974,246.8,467.0,2024-02-09,Bretagne,53,1
22316,D,G,appartement,1965,88.3,190.0,2024-02-09,Bretagne,53,0
22106,D,D,maison,1983,23.1,303.0,2024-02-09,Bretagne,53,0
35172,G,E,maison,1959,42.7,617.0,2024-02-09,Bretagne,53,1
29302,G,D,maison,1960,35.9,568.0,2024-02-10,Bretagne,53,1
22245,C,G,immeuble,2000,38.2,257.0,2024-02-10,Bretagne,53,0
22012,B,E,maison,2019,83.1,89.0,2024-02-10,Bretagne,53,0
35257,E,G,appartement,1966,99.3,447.0,2024-02-10,Bretagne,53,0
35230,E,E,maison,1990,67.8,489.0,2024-02-11,Bretagne,53,0
29190,D,G,maison,1978,64.5,163.0,2024-02-11,Bretagne,53,0
29325,G,D,appartement,1953,73.5,595.0,2024-02-11,Bretagne,53,1
35371,C,F,maison,2010,111.8,278.0,2024-02-11,Bretagne,53,0
56037,F,C,appartement,1952,88.3,512.0,2024-02-12,Bretagne,53,1
35314,E,F,maison,1978,84.8,542.0,2024-02-12,Bretagne,53,0
22331,C,D,appartement,1998,67.4,173.0,2024-02-12,Bretagne,53,0
35055,F,F,appartement,1963,43.4,512.0,2024-02-12,Bretagne,53,1
35104,G,C,maison,1964,65.5,497.0,2024-02-13,Bretagne,53,1
56208,F,E,maison,1929,78.6,550.0,2024-02-13,Bretagne,53,1
29047,F,E,appartement,1920,153.8,431.0,2024-02-13,Bretagne,53,1
56271,F,C,maison,1956,161.3,660.0,2024-02-13,Bretagne,53,1
35073,A,D,appartement,2012,54.4,81.0,2024-02-14,Bretagne,53,0
35062,F,F,maison,1950,41.5,397.0,2024-02-14,Bretagne,53,1
35329,D,G,appartement,1991,52.6,237.0,2024-02-14,Bretagne,53,0
56396,E,F,maison,1971,61.0,537.0,2024-02-14,Bretagne,53,0
35334,E,D,appartement,1982,111.5,422.0,2024-02-15,Bretagne,53,0
22354,E,F,maison,1984,73.3,600.0,2024-02-15,Bretagne,53,0
29240,F,E,appartement,1940,70.1,355.0,2024-02-15,Bretagne,53,1
22181,C,G,appartement,1990,88.4,240.0,2024-02-15,Bretagne,53,0
56260,E,D,maison,1984,19.7,572.0,2024-02-16,Bretagne,53,0
35108,G,C,appartement,1921,74.0,335.0,2024-02-16,Bretagne,53,1
56123,E,D,immeuble,1993,103.7,430.0,2024-02-16,Bretagne,53,0
56168,F,E,maison,1961,46.4,377.0,2024-02-16,Bretagne,53,1
22006,D,E,maison,1977,52.8,282.0,2024-02-17,Bretagne,53,0
22396,E,E,appartement,1981,23.9,513.0,2024-02-17,Bretagne,53,0
29344,D,D,appartement,1972,69.4,222.0,2024-02-17,Bretagne,53,0
56085,E,D,maison,1969,90.6,339.0,2024-02-18,Bretagne,53,0
29107,D,E,maison,1968,51.3,291.0,2024-02-18,Bretagne,53,0
56006,B,F,maison,2010,172.4,72.0,2024-02-18,Bretagne,53,0
22037,E,C,appartement,1992,112.8,344.0,2024-02-18,Bretagne,53,0
35190,A,F,maison,2009,94.5,98.0,2024-02-19,Bretagne,53,0
56395,A,E,maison,2016,36.6,130.0,2024-02-19,Bretagne,53,0
56336,G,E,appartement,1939,82.5,683.0,2024-02-19,Bretagne,53,1
29321,E,F,appartement,1975,48.9,370.0,2024-02-19,Bretagne,53,0
35133,G,D,maison,1948,94.4,670.0,2024-02-20,Bretagne,53,1
35205,D,E,appartement,1987,83.6,204.0,2024-02-20,Bretagne,53,0
56107,F,C,immeuble,1934,97.1,398.0,2024-02-20,Bretagne,53,1
22138,D,D,appartement,1981,27.6,319.0,2024-02-20,Bretagne,53,0
56338,G,D,immeuble,1949,64.1,629.0,2024-02-21,Bretagne,53,1
35058,F,G,appartement,1970,31.8,582.0,2024-02-21,Bretagne,53,1
56187,G,D,appartement,1968,81.1,472.0,2024-02-21,Bretagne,53,1
56378,E,F,maison,1968,70.7,604.0,2024-02-21,Bretagne,53,0
35266,E,D,appartement,1976,56.8,432.0,2024-02-22,Bretagne,53,0
56328,G,F,maison,1959,107.4,357.0,2024-02-22,Bretagne,53,1
56036,F,D,maison,1967,139.9,489.0,2024-02-22,Bretagne,53,1
22017,C,E,maison,1992,61.9,232.0,2024-02-22,Bretagne,53,0
35361,E,E,maison,1992,55.8,676.0,2024-02-23,Bretagne,53,0
35387,A,B,maison,1993,122.0,142.0,2024-02-23,Bretagne,53,0
56307,D,D,maison,1993,51.0,230.0,2024-02-23,Bretagne,53,0
22021,B,E,maison,1998,80.8,132.0,2024-02-23,Bretagne,53,0
35257,A,B,appartement,2018,91.3,101.0,2024-02-24,Bretagne,53,0
29099,D,F,maison,1988,100.0,249.0,2024-02-24,Bretagne,53,0
29363,G,E,appartement,1935,40.1,363.0,2024-02-24,Bretagne,53,1
22027,C,D,appartement,2011,36.9,223.0,2024-02-24,Bretagne,53,0
56065,F,B,appartement,1924,112.5,398.0,2024-02-25,Bretagne,53,1
29328,E,F,maison,1978,26.9,545.0,2024-02-25,Bretagne,53,0
29388,F,D,maison,1960,94.0,382.0,2024-02-25,Bretagne,53,1
22167,G,B,immeuble,1960,59.0,357.0,2024-02-25,Bretagne,53,1
35166,D,C,immeuble,1990,201.4,183.0,2024-02-26,Bretagne,53,0
29104,C,E,appartement,2003,85.7,225.0,2024-02-26,Bretagne,53,0
22210,F,E,appartement,1939,43.5,619.0,2024-02-26,Bretagne,53,1
22102,C,E,appartement,2003,28.0,311.0,2024-02-26,Bretagne,53,0
56132,F,E,maison,1935,79.0,369.0,2024-02-27,Bretagne,53,1
56307,E,C,maison,1978,171.4,637.0,2024-02-27,Bretagne,53,0
29234,E,C,maison,1992,66.4,662.0,2024-02-27,Bretagne,53,0
29086,D,D,appartement,1973,122.6,175.0,2024-02-27,Bretagne,53,0
22179,E,F,appartement,1965,43.2,633.0,2024-02-28,Bretagne,53,0
35140,B,E,maison,1997,53.8,127.0,2024-02-28,Bretagne,53,0
22022,E,E,maison,1986,114.8,642.0,2024-02-28,Bretagne,53,0
56308,A,E,appartement,1988,53.8,110.0,2024-02-29,Bretagne,53,0
29015,F,D,appartement,1930,34.1,649.0,2024-02-29,Bretagne,53,1
35216,G,E,maison,1934,69.8,634.0,2024-02-29,Bretagne,53,1
35390,C,F,maison,2002,83.2,223.0,2024-02-29,Bretagne,53,0
29105,D,F,maison,1976,52.1,269.0,2024-03-01,Bretagne,53,0
29364,D,E,appartement,1990,24.2,265.0,2024-03-01,Bretagne,53,0
35333,D,F,maison,1971,92.9,218.0,2024-03-01,Bretagne,53,0
35204,F,A,appartement,1941,94.7,700.0,2024-03-01,Bretagne,53,1
29347,F,E,appartement,1946,41.9,562.0,2024-03-02,Bretagne,53,1
29141,D,E,appartement,1965,166.6,248.0,2024-03-02,Bretagne,53,0
35185,B,B,maison,2003,86.7,90.0,2024-03-02,Bretagne,53,0
29327,D,C,appartement,1994,46.5,167.0,2024-03-02,Bretagne,53,0
56049,D,C,maison,1976,98.4,199.0,2024-03-03,Bretagne,53,0
29378,G,D,maison,1942,62.0,592.0,2024-03-03,Bretagne,53,1
22226,C,G,appartement,2002,48.1,177.0,2024-03-03,Bretagne,53,0
22034,F,D,maison,1964,85.7,435.0,2024-03-03,Bretagne,53,1
29027,D,F,immeuble,1971,61.5,271.0,2024-03-04,Bretagne,53,0
56262,C,D,appartement,1995,75.4,308.0,2024-03-04,Bretagne,53,0
22047,D,E,appartement,1985,40.3,292.0,2024-03-04,Bretagne,53,0
22163,B,E,immeuble,2003,135.0,80.0,2024-03-04,Bretagne,53,0
22294,E,G,appartement,1982,25.6,406.0,2024-03-05,Bretagne,53,0
22262,F,D,appartement,1947,38.6,695.0,2024-03-05,Bretagne,53,1
56377,D,G,appartement,1978,94.1,190.0,2024-03-05,Bretagne,53,0
22092,E,C,maison,1987,124.8,419.0,2024-03-05,Bretagne,53,0
56124,F,C,maison,1955,71.1,616.0,2024-03-06,Bretagne,53,1
56087,E,E,appartement,1966,41.5,476.0,2024-03-06,Bretagne,53,0
35155,E,F,appartement,1978,57.2,674.0,2024-03-06,Bretagne,53,0
22156,A,B,maison,2009,111.4,102.0,2024-03-06,Bretagne,53,0
22289,D,F,appartement,1982,45.9,266.0,2024-03-07,Bretagne,53,0
35278,D,E,appartement,1988,78.0,220.0,2024-03-07,Bretagne,53,0
35363,D,D,appartement,1968,139.1,197.0,2024-03-07,Bretagne,53,0
56059,E,D,appartement,1965,30.8,656.0,2024-03-07,Bretagne,53,0
56116,C,E,immeuble,2009,207.7,203.0,2024-03-08,Bretagne,53,0
22073,C,F,appartement,2006,144.9,210.0,2024-03-08,Bretagne,53,0
35388,A,F,appartement,2015,67.0,81.0,2024-03-08,Bretagne,53,0
35168,G,F,appartement,1923,178.2,659.0,2024-03-08,Bretagne,53,1
22121,E,D,appartement,1977,39.9,607.0,2024-03-09,Bretagne,53,0
35016,C,E,appartement,2003,54.9,180.0,2024-03-09,Bretagne,53,0
35235,E,D,appartement,1993,176.2,634.0,2024-03-09,Bretagne,53,0
22392,G,G,maison,1939,46.9,443.0,2024-03-09,Bretagne,53,1
35264,C,F,appartement,2012,80.9,224.0,2024-03-10,Bretagne,53,0
22109,D,E,appartement,1977,29.3,197.0,2024-03-10,Bretagne,53,0
29064,F,F,maison,1972,176.3,547.0,2024-03-10,Bretagne,53,1
22150,E,D,maison,1973,54.9,627.0,2024-03-11,Bretagne,53,0
29143,G,E,appartement,1931,45.5,575.0,2024-03-11,Bretagne,53,1
29303,E,F,maison,1975,68.5,399.0,2024-03-11,Bretagne,53,0
22217,E,E,appartement,1986,68.5,496.0,2024-03-11,Bretagne,53,0
35207,F,D,appartement,1948,47.2,542.0,2024-03-12,Bretagne,53,1
29303,D,D,maison,1973,86.5,184.0,2024-03-12,Bretagne,53,0
29357,D,E,maison,1973,91.1,152.0,2024-03-12,Bretagne,53,0
56033,E,A,appartement,1981,60.4,455.0,2024-03-12,Bretagne,53,0
22266,F,E,appartement,1955,83.9,507.0,2024-03-13,Bretagne,53,1
56019,E,E,appartement,1977,47.6,646.0,2024-03-13,Bretagne,53,0
29045,D,F,maison,1981,135.9,312.0,2024-03-13,Bretagne,53,0
35368,D,D,maison,1981,22.6,226.0,2024-03-13,Bretagne,53,0
56046,D,D,appartement,1984,40.1,303.0,2024-03-14,Bretagne,53,0
29286,B,E,appartement,2002,54.3,122.0,2024-03-14,Bretagne,53,0
22208,E,C,maison,1971,96.8,504.0,2024-03-14,Bretagne,53,0
35341,E,G,appartement,1994,69.4,635.0,2024-03-14,Bretagne,53,0
56308,C,F,appartement,2015,30.6,272.0,2024-03-15,Bretagne,53,0
56087,F,E,appartement,1923,71.7,674.0,2024-03-15,Bretagne,53,1
56012,D,G,maison,1990,48.6,308.0,2024-03-15,Bretagne,53,0
22012,E,F,appartement,1975,35.6,385.0,2024-03-15,Bretagne,53,0
35243,F,E,appartement,1949,97.8,598.0,2024-03-16,Bretagne,53,1
22031,F,F,maison,1946,34.3,464.0,2024-03-16,Bretagne,53,1
35217,F,B,maison,1958,40.3,590.0,2024-03-16,Bretagne,53,1
22091,A,E,maison,1997,34.5,70.0,2024-03-16,Bretagne,53,0
56361,F,E,appartement,1948,94.1,351.0,2024-03-17,Bretagne,53,1
22323,A,D,maison,2007,60.6,66.0,2024-03-17,Bretagne,53,0
29110,E,G,maison,1985,106.2,582.0,2024-03-17,Bretagne,53,0
29346,E,E,appartement,1987,93.8,610.0,2024-03-17,Bretagne,53,0
35035,D,C,appartement,1975,33.5,287.0,2024-03-18,Bretagne,53,0
22294,E,G,appartement,1990,60.9,586.0,2024-03-18,Bretagne,53,0
35047,E,D,maison,1969,69.1,543.0,2024-03-18,Bretagne,53,0
56191,C,D,appartement,2001,36.9,156.0,2024-03-18,Bretagne,53,0
22034,D,C,maison,1982,63.8,209.0,2024-03-19,Bretagne,53,0
35288,D,D,maison,1975,40.8,240.0,2024-03-19,Bretagne,53,0
29237,E,F,maison,1974,51.7,681.0,2024-03-19,Bretagne,53,0
56105,G,D,appartement,1928,37.1,406.0,2024-03-19,Bretagne,53,1
35162,C,D,appartement,2007,85.4,186.0,2024-03-20,Bretagne,53,0
29366,F,C,appartement,1924,86.3,615.0,2024-03-20,Bretagne,53,1
22178,E,F,maison,1992,41.2,460.0,2024-03-20,Bretagne,53,0
35390,D,B,maison,1980,30.8,276.0,2024-03-20,Bretagne,53,0
29048,B,E,appartement,2015,53.3,136.0,2024-03-21,Bretagne,53,0
29122,D,F,immeuble,1975,55.8,188.0,2024-03-21,Bretagne,53,0
56185,G,D,maison,1971,120.6,543.0,2024-03-21,Bretagne,53,1
35202,G,B,maison,1970,45.0,542.0,2024-03-22,Bretagne,53,1
56378,D,E,maison,1985,18.4,152.0,2024-03-22,Bretagne,53,0
29291,D,D,maison,1971,55.7,226.0,2024-03-22,Bretagne,53,0
22085,D,C,maison,1984,55.0,258.0,2024-03-22,Bretagne,53,0
29114,G,D,appartement,1973,36.0,502.0,2024-03-23,Bretagne,53,1
29002,F,F,maison,1963,46.8,673.0,2024-03-23,Bretagne,53,1
56300,G,D,appartement,1974,33.7,653.0,2024-03-23,Bretagne,53,1
29022,F,F,appartement,1969,123.1,408.0,2024-03-23,Bretagne,53,1
22019,C,C,appartement,1988,45.3,295.0,2024-03-24,Bretagne,53,0
29294,D,F,maison,1991,63.1,161.0,2024-03-24,Bretagne,53,0
56050,E,E,maison,1971,152.2,378.0,2024-03-24,Bretagne,53,0
35002,E,C,appartement,1966,83.3,358.0,2024-03-24,Bretagne,53,0
29238,D,F,maison,1984,98.8,280.0,2024-03-25,Bretagne,53,0
29250,E,C,appartement,1966,145.9,376.0,2024-03-25,Bretagne,53,0
56361,E,A,maison,1969,40.6,534.0,2024-03-25,Bretagne,53,0
29227,D,G,maison,1978,27.8,297.0,2024-03-25,Bretagne,53,0
29274,D,C,maison,1965,110.6,162.0,2024-03-26,Bretagne,53,0
56109,E,D,maison,1967,89.9,698.0,2024-03-26,Bretagne,53,0
35065,D,D,immeuble,1979,47.2,281.0,2024-03-26,Bretagne,53,0
29246,E,G,maison,1967,45.6,683.0,2024-03-26,Bretagne,53,0
56193,D,C,appartement,1979,76.6,252.0,2024-03-27,Bretagne,53,0
35356,E,E,maison,1981,30.5,536.0,2024-03-27,Bretagne,53,0
22077,G,F,maison,1921,48.7,512.0,2024-03-27,Bretagne,53,1
22245,E,E,appartement,1977,96.5,481.0,2024-03-27,Bretagne,53,0
22106,E,F,maison,1979,151.3,579.0,2024-03-28,Bretagne,53,0
22063,D,B,appartement,1989,155.4,223.0,2024-03-28,Bretagne,53,0
35116,G,F,maison,1959,195.7,690.0,2024-03-28,Bretagne,53,1
35071,G,F,maison,1962,56.7,609.0,2024-03-28,Bretagne,53,1
56307,E,E,appartement,1970,78.8,525.0,2024-03-29,Bretagne,53,0
22394,F,E,appartement,1968,68.3,673.0,2024-03-29,Bretagne,53,1
56057,D,E,maison,1987,97.2,264.0,2024-03-29,Bretagne,53,0
35073,E,E,maison,1991,119.4,593.0,2024-03-29,Bretagne,53,0
35149,C,E,appartement,2016,72.3,236.0,2024-03-30,Bretagne,53,0
35201,F,G,appartement,1934,60.1,367.0,2024-03-30,Bretagne,53,1
29210,C,C,appartement,2016,97.0,317.0,2024-03-30,Bretagne,53,0
56396,F,F,maison,1928,125.2,459.0,2024-03-30,Bretagne,53,1
35378,E,E,maison,1981,51.3,605.0,2024-03-31,Bretagne,53,0
56252,E,E,appartement,1976,61.1,603.0,2024-03-31,Bretagne,53,0
29374,D,C,appartement,1965,32.2,231.0,2024-03-31,Bretagne,53,0
56101,F,D,maison,1932,28.3,391.0,2024-03-31,Bretagne,53,1
29142,C,D,maison,2000,48.5,216.0,2024-04-01,Bretagne,53,0
22207,D,D,maison,1970,86.2,154.0,2024-04-01,Bretagne,53,0
56392,D,C,maison,1981,93.3,242.0,2024-04-01,Bretagne,53,0
56019,C,C,appartement,2017,43.3,162.0,2024-04-02,Bretagne,53,0
56028,F,F,maison,1929,137.4,667.0,2024-04-02,Bretagne,53,1
35392,G,C,maison,1946,46.4,390.0,2024-04-02,Bretagne,53,1
56159,D,D,maison,1971,117.9,208.0,2024-04-02,Bretagne,53,0
22242,E,B,appartement,1973,95.3,695.0,2024-04-03,Bretagne,53,0
22357,D,F,maison,1977,89.2,291.0,2024-04-03,Bretagne,53,0
56166,C,E,maison,2000,59.7,205.0,2024-04-03,Bretagne,53,0
22286,C,D,maison,2000,75.4,242.0,2024-04-03,Bretagne,53,0
35049,E,D,appartement,1990,98.3,451.0,2024-04-04,Bretagne,53,0
22109,E,F,appartement,1981,56.9,407.0,2024-04-04,Bretagne,53,0
35248,F,D,maison,1920,94.4,568.0,2024-04-04,Bretagne,53,1
35111,F,D,appartement,1945,52.9,343.0,2024-04-04,Bretagne,53,1
56043,D,C,maison,1971,47.1,200.0,2024-04-05,Bretagne,53,0
29199,G,F,maison,1960,49.6,626.0,2024-04-05,Bretagne,53,1
29371,F,E,appartement,1925,70.1,400.0,2024-04-05,Bretagne,53,1
22076,E,D,maison,1969,76.1,564.0,2024-04-05,Bretagne,53,0
56396,F,A,appartement,1939,121.4,585.0,2024-04-06,Bretagne,53,1
56094,F,E,maison,1942,65.2,602.0,2024-04-06,Bretagne,53,1
56128,D,G,maison,1982,33.0,227.0,2024-04-06,Bretagne,53,0
22321,G,E,maison,1921,29.9,502.0,2024-04-06,Bretagne,53,1
22022,F,D,maison,1930,120.9,624.0,2024-04-07,Bretagne,53,1
29218,C,G,appartement,1990,85.4,274.0,2024-04-07,Bretagne,53,0
56089,E,A,appartement,1975,37.0,629.0,2024-04-07,Bretagne,53,0
22291,F,G,immeuble,1966,59.9,461.0,2024-04-07,Bretagne,53,1
56190,C,F,appartement,2001,79.9,234.0,2024-04-08,Bretagne,53,0
56070,C,F,maison,2018,56.0,176.0,2024-04-08,Bretagne,53,0
29385,G,D,appartement,1972,81.8,549.0,2024-04-08,Bretagne,53,1
35015,D,E,appartement,1989,45.3,223.0,2024-04-08,Bretagne,53,0
35309,D,B,maison,1966,127.5,276.0,2024-04-09,Bretagne,53,0
56391,B,D,maison,1986,81.3,62.0,2024-04-09,Bretagne,53,0
22077,E,B,maison,1987,63.5,645.0,2024-04-09,Bretagne,53,0
29090,E,D,maison,1983,51.9,366.0,2024-04-09,Bretagne,53,0
35271,C,B,appartement,2014,94.6,209.0,2024-04-10,Bretagne,53,0
56224,B,E,maison,2011,54.7,87.0,2024-04-10,Bretagne,53,0
35091,G,B,maison,1964,51.8,677.0,2024-04-10,Bretagne,53,1
56308,C,F,maison,2011,77.8,225.0,2024-04-10,Bretagne,53,0
22050,C,C,appartement,2014,94.1,304.0,2024-04-11,Bretagne,53,0
56168,D,E,appartement,1975,164.3,278.0,2024-04-11,Bretagne,53,0
29211,F,D,maison,1943,96.3,340.0,2024-04-11,Bretagne,53,1
29099,F,C,maison,1945,172.8,628.0,2024-04-11,Bretagne,53,1
35366,D,E,appartement,1994,126.5,235.0,2024-04-12,Bretagne,53,0
29159,D,G,appartement,1971,88.8,203.0,2024-04-12,Bretagne,53,0
56064,F,E,appartement,1949,86.9,648.0,2024-04-12,Bretagne,53,1
22131,G,C,maison,1949,54.3,551.0,2024-04-13,Bretagne,53,1
56360,D,D,maison,1976,90.3,174.0,2024-04-13,Bretagne,53,0
35390,F,A,appartement,1943,50.9,356.0,2024-04-13,Bretagne,53,1
35216,D,E,maison,1987,131.2,226.0,2024-04-13,Bretagne,53,0
22104,D,E,appartement,1986,32.2,259.0,2024-04-14,Bretagne,53,0
22398,B,E,maison,2011,100.6,94.0,2024-04-14,Bretagne,53,0
56221,E,A,maison,1991,85.1,513.0,2024-04-14,Bretagne,53,0
56328,F,C,appartement,1947,70.8,442.0,2024-04-14,Bretagne,53,1
22249,E,F,appartement,1977,41.3,431.0,2024-04-15,Bretagne,53,0
35055,C,E,maison,2008,79.0,203.0,2024-04-15,Bretagne,53,0
29150,F,G,appartement,1958,56.5,649.0,2024-04-15,Bretagne,53,1
22095,E,C,maison,1973,59.8,356.0,2024-04-15,Bretagne,53,0
35008,E,G,maison,1975,38.9,405.0,2024-04-16,Bretagne,53,0
29243,D,F,maison,1988,74.4,199.0,2024-04-16,Bretagne,53,0
35104,E,E,maison,1981,77.6,616.0,2024-04-16,Bretagne,53,0
35298,E,F,appartement,1991,18.5,700.0,2024-04-16,Bretagne,53,0
35163,G,C,maison,1940,98.6,489.0,2024-04-17,Bretagne,53,1
35077,D,D,appartement,1979,73.7,328.0,2024-04-17,Bretagne,53,0
29267,F,F,maison,1923,75.8,344.0,2024-04-17,Bretagne,53,1
56303,F,D,maison,1960,111.3,347.0,2024-04-17,Bretagne,53,1
22242,E,E,maison,1986,108.5,563.0,2024-04-18,Bretagne,53,0
56326,C,E,maison,2010,24.7,255.0,2024-04-18,Bretagne,53,0
35170,B,F,appartement,2012,67.0,118.0,2024-04-18,Bretagne,53,0
56088,F,D,immeuble,1930,83.5,507.0,2024-04-18,Bretagne,53,1
35398,D,A,maison,1973,25.6,303.0,2024-04-19,Bretagne,53,0
56049,E,C,maison,1965,39.2,693.0,2024-04-19,Bretagne,53,0
22009,G,A,maison,1955,55.6,620.0,2024-04-19,Bretagne,53,1
22173,C,D,appartement,2013,60.8,310.0,2024-04-19,Bretagne,53,0
22024,F,G,appartement,1946,78.4,456.0,2024-04-20,Bretagne,53,1
22275,D,C,appartement,1975,38.6,207.0,2024-04-20,Bretagne,53,0
35394,F,G,maison,1923,49.6,333.0,2024-04-20,Bretagne,53,1
22016,G,E,appartement,1966,79.4,471.0,2024-04-20,Bretagne,53,1
29321,F,E,appartement,1965,79.1,651.0,2024-04-21,Bretagne,53,1
22085,E,F,maison,1979,85.5,661.0,2024-04-21,Bretagne,53,0
56232,A,C,maison,2019,106.5,69.0,2024-04-21,Bretagne,53,0
35057,D,C,appartement,1972,19.1,282.0,2024-04-21,Bretagne,53,0
35237,D,F,maison,1984,108.4,292.0,2024-04-22,Bretagne,53,0
35230,B,E,maison,2018,146.9,126.0,2024-04-22,Bretagne,53,0
22276,E,E,maison,1989,31.8,677.0,2024-04-22,Bretagne,53,0
22057,B,E,maison,1999,98.2,97.0,2024-04-22,Bretagne,53,0
35193,D,E,immeuble,1989,101.3,198.0,2024-04-23,Bretagne,53,0
35174,E,E,appartement,1966,21.5,619.0,2024-04-23,Bretagne,53,0
29377,F,B,maison,1954,97.2,685.0,2024-04-23,Bretagne,53,1
22337,D,D,appartement,1974,51.6,180.0,2024-04-24,Bretagne,53,0
29004,D,E,maison,1974,81.7,301.0,2024-04-24,Bretagne,53,0
35104,F,D,maison,1938,72.5,676.0,2024-04-24,Bretagne,53,1
22230,F,F,maison,1963,96.6,695.0,2024-04-24,Bretagne,53,1
56260,D,E,maison,1978,68.7,290.0,2024-04-25,Bretagne,53,0
56001,B,E,appartement,2011,77.1,142.0,2024-04-25,Bretagne,53,0
56188,E,C,maison,1968,74.0,406.0,2024-04-25,Bretagne,53,0
22160,F,C,maison,1925,30.6,395.0,2024-04-25,Bretagne,53,1
35118,E,C,appartement,1986,73.4,342.0,2024-04-26,Bretagne,53,0
35390,G,E,appartement,1923,44.4,696.0,2024-04-26,Bretagne,53,1
22368,F,D,appartement,1957,42.6,587.0,2024-04-26,Bretagne,53,1
29362,E,F,maison,1977,68.5,382.0,2024-04-26,Bretagne,53,0
56120,D,G,appartement,1978,93.9,160.0,2024-04-27,Bretagne,53,0
22298,E,E,appartement,1987,96.3,367.0,2024-04-27,Bretagne,53,0
56167,F,F,maison,1966,98.1,656.0,2024-04-27,Bretagne,53,1
22321,D,E,appartement,1983,142.4,324.0,2024-04-27,Bretagne,53,0
29086,A,D,appartement,1993,131.5,79.0,2024-04-28,Bretagne,53,0
35053,G,D,appartement,1939,159.8,414.0,2024-04-28,Bretagne,53,1
35355,D,E,maison,1987,53.5,253.0,2024-04-28,Bretagne,53,0
56014,B,D,appartement,2001,36.2,141.0,2024-04-28,Bretagne,53,0
29304,F,E,appartement,1954,51.4,454.0,2024-04-29,Bretagne,53,1
29379,A,F,maison,1985,38.4,60.0,2024-04-29,Bretagne,53,0
35356,C,G,appartement,2005,64.7,289.0,2024-04-29,Bretagne,53,0
29264,B,D,appartement,2009,47.7,53.0,2024-04-29,Bretagne,53,0
22062,C,D,maison,2014,78.5,301.0,2024-04-30,Bretagne,53,0
22202,G,D,maison,1954,110.8,364.0,2024-04-30,Bretagne,53,1
35124,A,D,appartement,2011,34.3,108.0,2024-04-30,Bretagne,53,0
22376,E,D,maison,1974,194.4,471.0,2024-04-30,Bretagne,53,0
56320,D,F,maison,1989,34.0,325.0,2024-05-01,Bretagne,53,0
29328,C,G,appartement,2009,148.9,294.0,2024-05-01,Bretagne,53,0
29387,F,D,maison,1923,55.0,344.0,2024-05-01,Bretagne,53,1
56099,C,E,appartement,1985,31.2,221.0,2024-05-01,Bretagne,53,0
56099,D,E,maison,1973,42.3,170.0,2024-05-02,Bretagne,53,0
29044,C,E,maison,1992,46.1,287.0,2024-05-02,Bretagne,53,0
29296,D,F,appartement,1976,55.1,254.0,2024-05-02,Bretagne,53,0
22011,D,D,appartement,1984,75.5,174.0,2024-05-02,Bretagne,53,0
35174,E,D,appartement,1985,39.5,483.0,2024-05-03,Bretagne,53,0
29368,B,G,appartement,2006,39.8,142.0,2024-05-03,Bretagne,53,0
56227,E,G,maison,1979,25.5,585.0,2024-05-03,Bretagne,53,0
35294,E,E,appartement,1970,61.2,664.0,2024-05-03,Bretagne,53,0
35040,G,D,appartement,1944,63.6,554.0,2024-05-04,Bretagne,53,1
29167,E,B,appartement,1971,69.8,455.0,2024-05-04,Bretagne,53,0
29131,G,E,maison,1922,97.3,636.0,2024-05-04,Bretagne,53,1
29101,E,B,appartement,1973,85.6,569.0,2024-05-05,Bretagne,53,0
56393,E,F,immeuble,1986,101.7,445.0,2024-05-05,Bretagne,53,0
22009,D,E,appartement,1984,61.1,188.0,2024-05-05,Bretagne,53,0
29041,D,E,maison,1970,46.1,228.0,2024-05-05,Bretagne,53,0
35214,E,E,maison,1973,74.7,508.0,2024-05-06,Bretagne,53,0
29298,B,C,appartement,1992,102.4,98.0,2024-05-06,Bretagne,53,0
56081,G,C,maison,1920,100.8,431.0,2024-05-06,Bretagne,53,1
22017,E,B,appartement,1968,122.1,491.0,2024-05-06,Bretagne,53,0
35001,D,G,immeuble,1981,37.1,234.0,2024-05-07,Bretagne,53,0
35155,C,F,maison,1995,47.6,300.0,2024-05-07,Bretagne,53,0
29065,C,G,appartement,2018,66.7,225.0,2024-05-07,Bretagne,53,0
35127,D,E,maison,1992,117.8,245.0,2024-05-07,Bretagne,53,0
35108,E,G,immeuble,1970,38.6,517.0,2024-05-08,Bretagne,53,0
22125,C,F,maison,2000,92.1,186.0,2024-05-08,Bretagne,53,0
22167,G,D,immeuble,1942,30.8,430.0,2024-05-08,Bretagne,53,1
56175,F,C,maison,1950,69.8,434.0,2024-05-08,Bretagne,53,1
56378,D,F,appartement,1973,95.3,225.0,2024-05-09,Bretagne,53,0
22236,F,G,maison,1942,55.7,354.0,2024-05-09,Bretagne,53,1
35071,F,E,appartement,1966,62.2,539.0,2024-05-09,Bretagne,53,1
56016,D,D,maison,1983,114.8,306.0,2024-05-09,Bretagne,53,0
29262,D,G,appartement,1990,34.4,156.0,2024-05-10,Bretagne,53,0
35344,B,E,maison,1985,78.0,146.0,2024-05-10,Bretagne,53,0
22155,D,F,maison,1989,72.5,189.0,2024-05-10,Bretagne,53,0
22076,F,F,appartement,1926,28.5,585.0,2024-05-10,Bretagne,53,1
56153,D,F,maison,1965,78.7,166.0,2024-05-11,Bretagne,53,0
35346,D,C,appartement,1994,111.9,181.0,2024-05-11,Bretagne,53,0
29152,D,E,appartement,1983,68.3,178.0,2024-05-11,Bretagne,53,0
22298,F,F,maison,1956,75.8,448.0,2024-05-11,Bretagne,53,1
35285,B,G,maison,1989,81.2,84.0,2024-05-12,Bretagne,53,0
29101,D,F,maison,1966,58.1,290.0,2024-05-12,Bretagne,53,0
22274,C,E,immeuble,2012,32.0,263.0,2024-05-12,Bretagne,53,0
56360,G,F,appartement,1921,36.0,425.0,2024-05-12,Bretagne,53,1
56048,G,D,appartement,1931,59.0,353.0,2024-05-13,Bretagne,53,1
29057,G,E,appartement,1966,107.1,649.0,2024-05-13,Bretagne,53,1
29317,E,B,maison,1988,76.1,388.0,2024-05-13,Bretagne,53,0
29264,F,E,appartement,1969,41.2,477.0,2024-05-13,Bretagne,53,1
22174,D,G,appartement,1991,59.2,294.0,2024-05-14,Bretagne,53,0
35208,G,D,appartement,1936,110.3,498.0,2024-05-14,Bretagne,53,1
29075,D,F,maison,1985,129.1,313.0,2024-05-14,Bretagne,53,0
35163,F,E,maison,1936,54.4,668.0,2024-05-14,Bretagne,53,1
29088,E,E,maison,1988,67.6,408.0,2024-05-15,Bretagne,53,0
29282,C,D,appartement,2002,87.3,180.0,2024-05-15,Bretagne,53,0
29244,E,E,appartement,1976,103.0,479.0,2024-05-15,Bretagne,53,0
22084,A,C,maison,2010,55.0,93.0,2024-05-16,Bretagne,53,0
22303,D,E,maison,1978,46.1,244.0,2024-05-16,Bretagne,53,0
22385,F,D,maison,1928,95.1,547.0,2024-05-16,Bretagne,53,1
29205,E,F,immeuble,1984,151.6,616.0,2024-05-16,Bretagne,53,0
35279,B,G,maison,2006,23.6,118.0,2024-05-17,Bretagne,53,0
22054,F,G,appartement,1946,71.0,477.0,2024-05-17,Bretagne,53,1
29092,B,E,maison,1993,47.8,142.0,2024-05-17,Bretagne,53,0
22245,F,G,appartement,1934,36.2,338.0,2024-05-17,Bretagne,53,1
35335,E,F,maison,1967,32.2,388.0,2024-05-18,Bretagne,53,0
35041,D,C,appartement,1974,70.8,213.0,2024-05-18,Bretagne,53,0
35353,F,C,appartement,1958,44.2,647.0,2024-05-18,Bretagne,53,1
35355,E,G,maison,1989,89.9,688.0,2024-05-18,Bretagne,53,0
56007,E,D,appartement,1990,69.9,526.0,2024-05-19,Bretagne,53,0
29038,D,E,appartement,1978,55.8,318.0,2024-05-19,Bretagne,53,0
22273,F,E,maison,1939,97.0,657.0,2024-05-19,Bretagne,53,1
29101,B,F,appartement,1992,178.1,118.0,2024-05-19,Bretagne,53,0
56222,E,E,immeuble,1986,188.9,556.0,2024-05-20,Bretagne,53,0
56347,G,C,maison,1953,174.2,431.0,2024-05-20,Bretagne,53,1
35248,C,E,immeuble,2010,43.3,297.0,2024-05-20,Bretagne,53,0
29084,A,C,appartement,1986,58.1,74.0,2024-05-20,Bretagne,53,0
29181,D,C,appartement,1992,74.8,301.0,2024-05-21,Bretagne,53,0
22322,A,B,maison,2011,56.4,111.0,2024-05-21,Bretagne,53,0
29219,E,E,appartement,1966,68.7,655.0,2024-05-21,Bretagne,53,0
35161,E,F,maison,1987,88.8,405.0,2024-05-21,Bretagne,53,0
22039,C,E,appartement,2012,43.7,197.0,2024-05-22,Bretagne,53,0
22138,D,G,appartement,1994,43.0,168.0,2024-05-22,Bretagne,53,0
56200,F,F,maison,1962,117.0,355.0,2024-05-22,Bretagne,53,1
22291,E,F,appartement,1977,67.6,477.0,2024-05-22,Bretagne,53,0
29134,G,D,maison,1933,33.2,511.0,2024-05-23,Bretagne,53,1
29296,A,E,maison,2008,64.5,100.0,2024-05-23,Bretagne,53,0
22280,E,D,maison,1965,293.0,510.0,2024-05-23,Bretagne,53,0
35080,F,F,appartement,1955,60.7,384.0,2024-05-23,Bretagne,53,1
35032,F,C,maison,1947,64.6,515.0,2024-05-24,Bretagne,53,1
22368,G,C,maison,1947,18.0,679.0,2024-05-24,Bretagne,53,1
35081,D,F,maison,1976,52.2,183.0,2024-05-24,Bretagne,53,0
35306,D,C,immeuble,1984,34.1,320.0,2024-05-24,Bretagne,53,0
35310,E,D,maison,1965,163.2,551.0,2024-05-25,Bretagne,53,0
22016,D,E,appartement,1994,85.5,176.0,2024-05-25,Bretagne,53,0
56084,F,B,appartement,1947,90.7,694.0,2024-05-25,Bretagne,53,1
22117,C,F,appartement,2014,82.6,272.0,2024-05-25,Bretagne,53,0
56141,C,E,appartement,2018,116.4,326.0,2024-05-26,Bretagne,53,0
35323,F,B,appartement,1932,44.8,405.0,2024-05-26,Bretagne,53,1
29198,D,F,appartement,1990,26.2,329.0,2024-05-26,Bretagne,53,0
56381,D,F,maison,1977,53.5,152.0,2024-05-27,Bretagne,53,0
35029,F,F,appartement,1924,37.0,456.0,2024-05-27,Bretagne,53,1
35289,D,B,maison,1977,55.2,223.0,2024-05-27,Bretagne,53,0
29038,E,F,maison,1979,65.6,635.0,2024-05-27,Bretagne,53,0
35126,E,F,maison,1987,55.7,523.0,2024-05-28,Bretagne,53,0
29054,E,A,appartement,1983,55.9,592.0,2024-05-28,Bretagne,53,0
35281,D,D,immeuble,1966,40.5,249.0,2024-05-28,Bretagne,53,0
29187,E,G,maison,1975,107.8,520.0,2024-05-28,Bretagne,53,0
56229,F,C,appartement,1969,108.9,534.0,2024-05-29,Bretagne,53,1
35110,E,D,appartement,1973,64.2,355.0,2024-05-29,Bretagne,53,0
56168,D,A,maison,1985,100.1,327.0,2024-05-29,Bretagne,53,0
56296,E,C,immeuble,1969,72.0,447.0,2024-05-29,Bretagne,53,0
56221,B,B,appartement,2002,39.7,86.0,2024-05-30,Bretagne,53,0
29065,D,F,immeuble,1967,100.0,272.0,2024-05-30,Bretagne,53,0
35071,D,F,appartement,1987,44.3,284.0,2024-05-30,Bretagne,53,0
56158,G,C,maison,1947,83.1,557.0,2024-05-30,Bretagne,53,1
56306,D,G,maison,1978,97.9,216.0,2024-05-31,Bretagne,53,0
35125,F,G,appartement,1945,60.9,571.0,2024-05-31,Bretagne,53,1
35070,E,F,appartement,1966,30.5,593.0,2024-05-31,Bretagne,53,0
35215,F,C,appartement,1930,46.0,613.0,2024-05-31,Bretagne,53,1
56221,D,G,appartement,1994,59.6,163.0,2024-06-01,Bretagne,53,0
35381,E,D,maison,1975,91.6,628.0,2024-06-01,Bretagne,53,0
29300,E,G,maison,1967,92.0,374.0,2024-06-01,Bretagne,53,0
56186,F,C,appartement,1957,52.0,451.0,2024-06-01,Bretagne,53,1
56246,E,D,maison,1987,87.1,497.0,2024-06-02,Bretagne,53,0
22180,D,C,appartement,1973,77.6,235.0,2024-06-02,Bretagne,53,0
56064,A,F,maison,2009,46.3,78.0,2024-06-02,Bretagne,53,0
35254,D,C,appartement,1979,40.3,199.0,2024-06-02,Bretagne,53,0
29249,B,D,maison,2003,87.4,134.0,2024-06-03,Bretagne,53,0
35262,D,A,maison,1994,47.2,300.0,2024-06-03,Bretagne,53,0
22087,E,E,appartement,1976,106.3,651.0,2024-06-03,Bretagne,53,0
56001,F,B,appartement,1953,91.9,405.0,2024-06-03,Bretagne,53,1
22073,B,E,appartement,2019,39.0,127.0,2024-06-04,Bretagne,53,0
22141,G,G,maison,1967,82.4,599.0,2024-06-04,Bretagne,53,1
56342,E,D,appartement,1967,95.3,514.0,2024-06-04,Bretagne,53,0
22013,B,D,appartement,2000,50.2,115.0,2024-06-04,Bretagne,53,0
29114,B,D,immeuble,2019,136.6,117.0,2024-06-05,Bretagne,53,0
29133,G,F,maison,1948,32.9,634.0,2024-06-05,Bretagne,53,1
56274,D,D,appartement,1969,67.7,255.0,2024-06-05,Bretagne,53,0
29273,B,F,maison,1996,79.2,95.0,2024-06-05,Bretagne,53,0
29393,E,E,maison,1968,52.6,489.0,2024-06-06,Bretagne,53,0
29044,D,G,maison,1984,70.3,256.0,2024-06-06,Bretagne,53,0
56373,D,D,appartement,1973,73.0,274.0,2024-06-06,Bretagne,53,0
35180,E,G,maison,1994,49.9,631.0,2024-06-07,Bretagne,53,0
22039,F,E,appartement,1962,23.0,669.0,2024-06-07,Bretagne,53,1
22300,G,E,maison,1960,57.2,453.0,2024-06-07,Bretagne,53,1
35308,E,A,maison,1973,60.6,345.0,2024-06-07,Bretagne,53,0
56056,E,D,appartement,1981,46.1,418.0,2024-06-08,Bretagne,53,0
56261,C,D,appartement,1985,54.7,283.0,2024-06-08,Bretagne,53,0
35339,D,D,appartement,1975,68.5,317.0,2024-06-08,Bretagne,53,0
22246,G,D,maison,1938,89.6,567.0,2024-06-08,Bretagne,53,1
56327,F,E,appartement,1920,85.8,377.0,2024-06-09,Bretagne,53,1
29360,C,D,appartement,2005,46.8,292.0,2024-06-09,Bretagne,53,0
56001,E,F,appartement,1971,28.0,633.0,2024-06-09,Bretagne,53,0
35170,E,C,maison,1967,48.3,615.0,2024-06-09,Bretagne,53,0
35137,D,G,appartement,1967,92.6,229.0,2024-06-10,Bretagne,53,0
29224,G,A,maison,1973,81.3,539.0,2024-06-10,Bretagne,53,1
56208,E,F,maison,1965,89.7,413.0,2024-06-10,Bretagne,53,0
56336,F,F,maison,1967,66.5,593.0,2024-06-10,Bretagne,53,1
29024,B,E,appartement,2009,137.0,89.0,2024-06-11,Bretagne,53,0
56019,D,E,appartement,1994,94.1,253.0,2024-06-11,Bretagne,53,0
35361,E,C,maison,1966,91.8,617.0,2024-06-11,Bretagne,53,0
35179,G,E,appartement,1970,166.1,334.0,2024-06-11,Bretagne,53,1
22205,F,E,appartement,1965,291.5,347.0,2024-06-12,Bretagne,53,1
29184,E,F,appartement,1981,62.1,471.0,2024-06-12,Bretagne,53,0
22324,E,E,maison,1966,82.5,511.0,2024-06-12,Bretagne,53,0
29338,F,E,appartement,1965,59.7,404.0,2024-06-12,Bretagne,53,1
22058,F,C,maison,1934,73.8,541.0,2024-06-13,Bretagne,53,1
56196,G,A,maison,1947,95.2,607.0,2024-06-13,Bretagne,53,1
22205,C,F,appartement,2019,42.2,239.0,2024-06-13,Bretagne,53,0
35350,D,F,maison,1970,55.8,272.0,2024-06-13,Bretagne,53,0
29188,F,D,appartement,1928,38.8,532.0,2024-06-14,Bretagne,53,1
22240,E,A,appartement,1968,107.8,616.0,2024-06-14,Bretagne,53,0
29052,C,F,appartement,2018,33.4,307.0,2024-06-14,Bretagne,53,0
22028,E,E,maison,1994,100.9,448.0,2024-06-14,Bretagne,53,0
29213,F,D,appartement,1967,77.6,682.0,2024-06-15,Bretagne,53,1
29036,D,C,maison,1971,91.6,154.0,2024-06-15,Bretagne,53,0
35229,F,D,appartement,1965,39.1,550.0,2024-06-15,Bretagne,53,1
35154,B,F,appartement,2012,69.4,119.0,2024-06-15,Bretagne,53,0
29245,D,C,maison,1978,122.6,208.0,2024-06-16,Bretagne,53,0
22150,D,G,appartement,1967,51.3,218.0,2024-06-16,Bretagne,53,0
56097,E,E,appartement,1986,26.1,445.0,2024-06-16,Bretagne,53,0
29301,D,D,appartement,1994,35.4,282.0,2024-06-16,Bretagne,53,0
35201,B,E,appartement,2007,56.2,51.0,2024-06-17,Bretagne,53,0
29024,E,E,immeuble,1973,36.3,462.0,2024-06-17,Bretagne,53,0
29154,B,F,appartement,2002,51.6,58.0,2024-06-17,Bretagne,53,0
56055,F,E,appartement,1944,28.4,544.0,2024-06-18,Bretagne,53,1
35260,B,D,appartement,2007,47.6,100.0,2024-06-18,Bretagne,53,0
29120,D,E,appartement,1994,64.5,200.0,2024-06-18,Bretagne,53,0
56009,C,D,appartement,1991,139.7,155.0,2024-06-18,Bretagne,53,0
56115,D,G,maison,1975,87.8,302.0,2024-06-19,Bretagne,53,0
22177,F,G,appartement,1936,27.5,535.0,2024-06-19,Bretagne,53,1
35004,D,D,maison,1985,49.3,158.0,2024-06-19,Bretagne,53,0
56036,B,D,maison,2001,30.4,114.0,2024-06-19,Bretagne,53,0
56019,F,B,maison,1954,103.7,554.0,2024-06-20,Bretagne,53,1
35306,E,F,maison,1992,112.6,425.0,2024-06-20,Bretagne,53,0
35110,E,C,maison,1992,138.7,426.0,2024-06-20,Bretagne,53,0
56240,G,C,appartement,1934,115.6,494.0,2024-06-20,Bretagne,53,1
35320,E,C,maison,1984,109.6,481.0,2024-06-21,Bretagne,53,0
35305,D,D,immeuble,1973,68.0,208.0,2024-06-21,Bretagne,53,0
29210,G,E,maison,1947,18.0,573.0,2024-06-21,Bretagne,53,1
35119,D,F,maison,1985,241.0,312.0,2024-06-21,Bretagne,53,0
35150,D,G,appartement,1974,55.2,157.0,2024-06-22,Bretagne,53,0
56007,A,E,maison,1998,45.9,86.0,2024-06-22,Bretagne,53,0
29325,D,F,maison,1977,38.1,300.0,2024-06-22,Bretagne,53,0
22233,A,E,appartement,1985,60.6,77.0,2024-06-22,Bretagne,53,0
22326,C,G,maison,1994,28.9,300.0,2024-06-23,Bretagne,53,0
56357,C,G,maison,2018,89.6,310.0,2024-06-23,Bretagne,53,0
56036,F,E,maison,1947,146.4,570.0,2024-06-23,Bretagne,53,1
22051,B,C,appartement,2009,47.9,108.0,2024-06-23,Bretagne,53,0
35308,E,D,maison,1974,30.5,444.0,2024-06-24,Bretagne,53,0
35360,E,C,maison,1974,152.0,492.0,2024-06-24,Bretagne,53,0
35102,F,G,maison,1964,45.6,686.0,2024-06-24,Bretagne,53,1
29014,E,G,maison,1979,38.0,526.0,2024-06-24,Bretagne,53,0
22140,F,E,appartement,1956,78.6,335.0,2024-06-25,Bretagne,53,1
35223,D,F,appartement,1980,47.3,173.0,2024-06-25,Bretagne,53,0
29005,E,C,appartement,1967,81.5,607.0,2024-06-25,Bretagne,53,0
22208,E,D,maison,1974,128.0,614.0,2024-06-25,Bretagne,53,0
22172,E,G,appartement,1985,93.4,382.0,2024-06-26,Bretagne,53,0
35102,D,F,appartement,1970,230.2,218.0,2024-06-26,Bretagne,53,0
56292,C,F,maison,2017,87.5,173.0,2024-06-26,Bretagne,53,0
35214,F,G,maison,1950,59.1,532.0,2024-06-26,Bretagne,53,1
22354,C,D,appartement,2006,100.4,220.0,2024-06-27,Bretagne,53,0
35088,E,E,appartement,1993,25.1,497.0,2024-06-27,Bretagne,53,0
56041,D,F,appartement,1987,42.1,312.0,2024-06-27,Bretagne,53,0
29245,C,B,maison,2000,58.7,282.0,2024-06-27,Bretagne,53,0
35197,F,F,maison,1932,55.9,439.0,2024-06-28,Bretagne,53,1
56351,D,D,maison,1975,84.5,256.0,2024-06-28,Bretagne,53,0
35020,D,D,maison,1976,34.7,229.0,2024-06-28,Bretagne,53,0
29131,C,C,immeuble,2015,90.9,283.0,2024-06-29,Bretagne,53,0
56334,F,E,appartement,1930,126.8,643.0,2024-06-29,Bretagne,53,1
35294,E,E,appartement,1979,42.3,514.0,2024-06-29,Bretagne,53,0
22218,D,D,appartement,1983,240.0,217.0,2024-06-29,Bretagne,53,0
22353,E,E,appartement,1983,106.2,496.0,2024-06-30,Bretagne,53,0
22284,C,D,appartement,1999,34.0,200.0,2024-06-30,Bretagne,53,0
56129,E,D,maison,1985,156.7,510.0,2024-06-30,Bretagne,53,0
29140,D,C,maison,1993,37.8,220.0,2024-06-30,Bretagne,53,0
56253,A,C,appartement,1992,67.9,78.0,2024-07-01,Bretagne,53,0
29236,B,D,appartement,1998,48.3,133.0,2024-07-01,Bretagne,53,0
22381,C,E,appartement,2007,60.8,237.0,2024-07-01,Bretagne,53,0
22145,D,D,maison,1986,67.5,220.0,2024-07-01,Bretagne,53,0
22089,G,F,appartement,1945,151.8,591.0,2024-07-02,Bretagne,53,1
22378,E,F,maison,1977,95.2,532.0,2024-07-02,Bretagne,53,0
29288,B,F,appartement,1990,40.3,83.0,2024-07-02,Bretagne,53,0
35097,F,F,maison,1953,129.2,666.0,2024-07-02,Bretagne,53,1
22043,F,B,maison,1948,92.0,628.0,2024-07-03,Bretagne,53,1
22283,A,E,maison,2013,142.0,67.0,2024-07-03,Bretagne,53,0
35356,F,D,maison,1952,39.0,591.0,2024-07-03,Bretagne,53,1
35102,E,G,maison,1989,130.7,486.0,2024-07-03,Bretagne,53,0
22041,D,D,maison,1975,79.9,326.0,2024-07-04,Bretagne,53,0
56136,D,E,immeuble,1977,134.0,218.0,2024-07-04,Bretagne,53,0
29130,D,E,maison,1972,204.5,230.0,2024-07-04,Bretagne,53,0
35217,G,F,appartement,1951,29.1,440.0,2024-07-04,Bretagne,53,1
35200,D,E,maison,1990,55.7,238.0,2024-07-05,Bretagne,53,0
56366,D,C,maison,1969,37.8,269.0,2024-07-05,Bretagne,53,0
22120,D,E,maison,1968,57.0,197.0,2024-07-05,Bretagne,53,0
56248,E,C,appartement,1973,25.7,390.0,2024-07-05,Bretagne,53,0
22114,F,D,maison,1923,53.9,549.0,2024-07-06,Bretagne,53,1
56343,D,B,maison,1974,54.7,256.0,2024-07-06,Bretagne,53,0
29333,F,A,maison,1962,106.5,482.0,2024-07-06,Bretagne,53,1
29079,B,E,appartement,2007,76.9,126.0,2024-07-06,Bretagne,53,0
56063,D,E,maison,1974,49.7,239.0,2024-07-07,Bretagne,53,0
22332,E,D,maison,1979,44.1,525.0,2024-07-07,Bretagne,53,0
29209,B,F,appartement,1987,56.4,81.0,2024-07-07,Bretagne,53,0
29222,E,A,maison,1993,53.5,339.0,2024-07-07,Bretagne,53,0
56243,E,C,appartement,1993,38.9,562.0,2024-07-08,Bretagne,53,0
29156,E,E,maison,1965,24.1,415.0,2024-07-08,Bretagne,53,0
56174,D,A,appartement,1979,83.3,180.0,2024-07-08,Bretagne,53,0
56059,F,D,immeuble,1928,46.1,550.0,2024-07-08,Bretagne,53,1
56370,F,E,maison,1943,88.4,378.0,2024-07-09,Bretagne,53,1
35215,G,E,appartement,1949,61.6,422.0,2024-07-09,Bretagne,53,1
35093,F,C,appartement,1961,51.1,561.0,2024-07-09,Bretagne,53,1
22012,D,C,appartement,1984,89.9,263.0,2024-07-10,Bretagne,53,0
56026,D,D,immeuble,1968,56.6,253.0,2024-07-10,Bretagne,53,0
29303,C,E,maison,2004,62.1,199.0,2024-07-10,Bretagne,53,0
35122,B,E,maison,2003,75.1,124.0,2024-07-10,Bretagne,53,0
29219,A,C,appartement,2006,49.5,104.0,2024-07-11,Bretagne,53,0
29181,D,B,maison,1991,60.7,179.0,2024-07-11,Bretagne,53,0
35153,G,G,maison,1963,69.1,631.0,2024-07-11,Bretagne,53,1
29116,C,F,maison,1996,38.3,217.0,2024-07-11,Bretagne,53,0
29229,A,F,immeuble,1995,71.8,85.0,2024-07-12,Bretagne,53,0
22095,D,C,maison,1983,239.8,226.0,2024-07-12,Bretagne,53,0
22108,E,B,maison,1983,42.2,570.0,2024-07-12,Bretagne,53,0
29130,F,D,appartement,1923,67.1,478.0,2024-07-12,Bretagne,53,1
29041,E,F,appartement,1969,80.6,535.0,2024-07-13,Bretagne,53,0
56083,D,D,appartement,1970,24.6,271.0,2024-07-13,Bretagne,53,0
22340,E,D,maison,1991,67.3,375.0,2024-07-13,Bretagne,53,0
35077,C,C,appartement,1994,49.5,289.0,2024-07-13,Bretagne,53,0
56026,G,F,appartement,1937,79.4,643.0,2024-07-14,Bretagne,53,1
29157,E,E,maison,1992,175.5,569.0,2024-07-14,Bretagne,53,0
56243,E,E,immeuble,1994,88.1,595.0,2024-07-14,Bretagne,53,0
22353,F,F,maison,1962,146.9,566.0,2024-07-14,Bretagne,53,1
56373,F,G,appartement,1968,130.4,638.0,2024-07-15,Bretagne,53,1
29046,F,E,maison,1923,48.9,407.0,2024-07-15,Bretagne,53,1
22042,D,E,maison,1989,147.6,310.0,2024-07-15,Bretagne,53,0
29276,E,D,maison,1994,49.2,680.0,2024-07-15,Bretagne,53,0
35392,E,D,appartement,1966,96.6,442.0,2024-07-16,Bretagne,53,0
22038,E,E,maison,1987,52.1,359.0,2024-07-16,Bretagne,53,0
56019,F,F,maison,1960,104.4,670.0,2024-07-16,Bretagne,53,1
29248,E,C,appartement,1967,39.2,677.0,2024-07-16,Bretagne,53,0
35046,E,E,appartement,1985,62.9,689.0,2024-07-17,Bretagne,53,0
35255,E,E,maison,1980,75.9,581.0,2024-07-17,Bretagne,53,0
35027,C,G,maison,1995,91.9,303.0,2024-07-17,Bretagne,53,0
29115,B,G,appartement,1997,58.4,119.0,2024-07-17,Bretagne,53,0
29270,C,F,maison,2006,32.4,152.0,2024-07-18,Bretagne,53,0
35136,F,D,maison,1939,75.5,680.0,2024-07-18,Bretagne,53,1
35208,D,E,maison,1976,37.8,189.0,2024-07-18,Bretagne,53,0
29341,D,F,maison,1975,51.8,269.0,2024-07-18,Bretagne,53,0
35200,A,B,appartement,2001,57.1,109.0,2024-07-19,Bretagne,53,0
35234,D,D,appartement,1969,59.3,199.0,2024-07-19,Bretagne,53,0
22369,F,G,appartement,1957,95.3,636.0,2024-07-19,Bretagne,53,1
22213,C,F,appartement,1993,43.2,252.0,2024-07-19,Bretagne,53,0
22051,D,F,maison,1970,25.5,271.0,2024-07-20,Bretagne,53,0
56307,D,F,maison,1978,102.3,267.0,2024-07-20,Bretagne,53,0
29386,G,E,maison,1947,81.2,519.0,2024-07-20,Bretagne,53,1
56303,E,G,maison,1978,43.4,663.0,2024-07-21,Bretagne,53,0
56398,D,G,appartement,1976,80.9,286.0,2024-07-21,Bretagne,53,0
29262,D,E,maison,1985,62.8,170.0,2024-07-21,Bretagne,53,0
22098,E,C,appartement,1994,155.6,389.0,2024-07-21,Bretagne,53,0
22124,E,D,appartement,1982,54.2,572.0,2024-07-22,Bretagne,53,0
29067,E,C,maison,1994,73.0,473.0,2024-07-22,Bretagne,53,0
29256,E,B,maison,1967,58.0,540.0,2024-07-22,Bretagne,53,0
56321,F,D,maison,1934,83.1,363.0,2024-07-22,Bretagne,53,1
35189,F,F,maison,1934,62.4,639.0,2024-07-23,Bretagne,53,1
29357,C,F,appartement,2000,195.4,249.0,2024-07-23,Bretagne,53,0
56306,C,E,appartement,2016,66.4,212.0,2024-07-23,Bretagne,53,0
56285,A,G,appartement,2017,70.7,141.0,2024-07-23,Bretagne,53,0
29321,E,D,appartement,1990,54.2,641.0,2024-07-24,Bretagne,53,0
35060,F,F,appartement,1958,79.5,374.0,2024-07-24,Bretagne,53,1
22319,A,E,appartement,2016,55.9,85.0,2024-07-24,Bretagne,53,0
35039,D,C,appartement,1970,80.0,311.0,2024-07-24,Bretagne,53,0
35145,E,F,appartement,1969,82.4,399.0,2024-07-25,Bretagne,53,0
56355,D,G,maison,1981,44.3,307.0,2024-07-25,Bretagne,53,0
56312,F,E,maison,1969,66.9,642.0,2024-07-25,Bretagne,53,1
35297,D,F,appartement,1977,24.4,153.0,2024-07-25,Bretagne,53,0
35182,C,G,appartement,2019,117.0,244.0,2024-07-26,Bretagne,53,0
22005,D,F,appartement,1967,168.1,203.0,2024-07-26,Bretagne,53,0
29035,D,D,appartement,1989,60.5,270.0,2024-07-26,Bretagne,53,0
22185,G,F,maison,1965,91.3,342.0,2024-07-26,Bretagne,53,1
56032,F,C,maison,1955,54.6,405.0,2024-07-27,Bretagne,53,1
56255,E,D,appartement,1992,104.9,554.0,2024-07-27,Bretagne,53,0
29397,E,F,appartement,1965,70.8,418.0,2024-07-27,Bretagne,53,0
22291,F,B,maison,1931,94.2,341.0,2024-07-27,Bretagne,53,1
22171,D,D,appartement,1977,46.0,170.0,2024-07-28,Bretagne,53,0
35215,D,E,maison,1977,52.3,222.0,2024-07-28,Bretagne,53,0
35008,G,A,maison,1968,38.1,630.0,2024-07-28,Bretagne,53,1
29385,E,E,maison,1983,58.0,653.0,2024-07-28,Bretagne,53,0
56021,C,E,maison,1994,37.1,251.0,2024-07-29,Bretagne,53,0
22226,C,D,appartement,2019,51.8,306.0,2024-07-29,Bretagne,53,0
29350,E,C,appartement,1983,43.9,572.0,2024-07-29,Bretagne,53,0
29231,D,D,appartement,1969,49.6,284.0,2024-07-29,Bretagne,53,0
35081,D,C,appartement,1981,125.2,263.0,2024-07-30,Bretagne,53,0
56255,F,C,appartement,1974,108.3,375.0,2024-07-30,Bretagne,53,1
35043,A,G,maison,1990,141.0,146.0,2024-07-30,Bretagne,53,0
22205,E,C,maison,1979,104.5,636.0,2024-07-31,Bretagne,53,0
22225,C,B,maison,1997,61.9,279.0,2024-07-31,Bretagne,53,0
29233,F,G,immeuble,1922,114.7,631.0,2024-07-31,Bretagne,53,1
56333,D,G,appartement,1977,92.3,158.0,2024-07-31,Bretagne,53,0
29223,E,G,appartement,1988,110.6,511.0,2024-08-01,Bretagne,53,0
35303,G,G,appartement,1963,68.4,515.0,2024-08-01,Bretagne,53,1
29248,E,E,maison,1994,98.0,433.0,2024-08-01,Bretagne,53,0
29376,G,E,appartement,1926,98.1,651.0,2024-08-01,Bretagne,53,1
29330,A,D,maison,1986,30.9,147.0,2024-08-02,Bretagne,53,0
56231,A,D,maison,2017,35.3,144.0,2024-08-02,Bretagne,53,0
56141,C,F,appartement,2018,23.2,268.0,2024-08-02,Bretagne,53,0
29125,D,G,appartement,1978,102.0,227.0,2024-08-02,Bretagne,53,0
35226,G,F,maison,1920,124.8,388.0,2024-08-03,Bretagne,53,1
35043,E,C,appartement,1974,229.5,525.0,2024-08-03,Bretagne,53,0
56167,B,F,maison,2015,240.1,106.0,2024-08-03,Bretagne,53,0
22257,E,D,maison,1984,132.7,681.0,2024-08-03,Bretagne,53,0
29318,F,F,appartement,1936,46.6,491.0,2024-08-04,Bretagne,53,1
22205,F,E,maison,1956,160.1,624.0,2024-08-04,Bretagne,53,1
22043,D,E,maison,1986,44.8,262.0,2024-08-04,Bretagne,53,0
35399,A,G,appartement,2004,62.0,148.0,2024-08-04,Bretagne,53,0
35131,D,F,maison,1980,47.4,199.0,2024-08-05,Bretagne,53,0
35315,D,B,maison,1987,129.7,304.0,2024-08-05,Bretagne,53,0
22172,B,C,appartement,2000,44.4,84.0,2024-08-05,Bretagne,53,0
56270,E,B,maison,1987,134.8,597.0,2024-08-05,Bretagne,53,0
56223,E,D,maison,1981,42.3,378.0,2024-08-06,Bretagne,53,0
56210,B,D,maison,2016,179.8,133.0,2024-08-06,Bretagne,53,0
22196,E,D,maison,1967,78.2,366.0,2024-08-06,Bretagne,53,0
29272,D,E,maison,1979,32.1,240.0,2024-08-06,Bretagne,53,0
35167,G,F,appartement,1954,145.6,591.0,2024-08-07,Bretagne,53,1
29050,E,E,maison,1978,58.0,619.0,2024-08-07,Bretagne,53,0
29084,G,E,appartement,1931,30.1,470.0,2024-08-07,Bretagne,53,1
35088,C,G,maison,1989,25.7,229.0,2024-08-07,Bretagne,53,0
35140,C,E,appartement,1986,83.6,157.0,2024-08-08,Bretagne,53,0
29020,C,E,maison,2000,73.8,290.0,2024-08-08,Bretagne,53,0
29251,G,C,maison,1926,54.0,542.0,2024-08-08,Bretagne,53,1
22374,D,F,maison,1986,51.5,199.0,2024-08-08,Bretagne,53,0
56153,D,D,appartement,1994,87.5,167.0,2024-08-09,Bretagne,53,0
35313,G,C,maison,1925,40.9,610.0,2024-08-09,Bretagne,53,1
35149,C,D,appartement,1989,204.8,193.0,2024-08-09,Bretagne,53,0
56050,F,F,maison,1934,37.6,567.0,2024-08-09,Bretagne,53,1
35181,D,D,appartement,1970,44.0,242.0,2024-08-10,Bretagne,53,0
22265,G,D,appartement,1938,49.3,569.0,2024-08-10,Bretagne,53,1
56028,C,C,appartement,1991,51.6,170.0,2024-08-10,Bretagne,53,0
29017,G,E,maison,1939,58.1,643.0,2024-08-11,Bretagne,53,1
35003,D,G,maison,1974,147.6,221.0,2024-08-11,Bretagne,53,0
29371,E,E,maison,1978,23.7,695.0,2024-08-11,Bretagne,53,0
56219,F,D,maison,1973,54.7,575.0,2024-08-11,Bretagne,53,1
22376,F,B,maison,1966,43.7,353.0,2024-08-12,Bretagne,53,1
22147,F,D,appartement,1951,50.8,556.0,2024-08-12,Bretagne,53,1
35174,E,E,maison,1991,120.5,546.0,2024-08-12,Bretagne,53,0
35379,G,B,appartement,1931,44.7,425.0,2024-08-12,Bretagne,53,1
35199,C,D,maison,1986,119.6,261.0,2024-08-13,Bretagne,53,0
22092,C,D,maison,1999,25.2,208.0,2024-08-13,Bretagne,53,0
56299,G,F,maison,1934,109.1,428.0,2024-08-13,Bretagne,53,1
35060,D,E,maison,1986,88.4,315.0,2024-08-13,Bretagne,53,0
56029,E,D,maison,1985,122.3,426.0,2024-08-14,Bretagne,53,0
35336,F,A,maison,1959,47.6,655.0,2024-08-14,Bretagne,53,1
29239,D,F,maison,1986,37.9,156.0,2024-08-14,Bretagne,53,0
56012,G,E,maison,1953,51.1,548.0,2024-08-14,Bretagne,53,1
56075,F,D,appartement,1938,112.0,562.0,2024-08-15,Bretagne,53,1
35087,D,F,appartement,1990,36.0,234.0,2024-08-15,Bretagne,53,0
22059,E,C,maison,1974,53.7,679.0,2024-08-15,Bretagne,53,0
29116,C,G,maison,2009,98.9,183.0,2024-08-15,Bretagne,53,0
29267,D,F,maison,1980,34.7,230.0,2024-08-16,Bretagne,53,0
35373,E,D,maison,1973,78.7,365.0,2024-08-16,Bretagne,53,0
29277,C,D,maison,1998,97.0,271.0,2024-08-16,Bretagne,53,0
29101,E,F,appartement,1994,40.9,424.0,2024-08-16,Bretagne,53,0
35074,D,D,appartement,1977,34.6,208.0,2024-08-17,Bretagne,53,0
22333,C,F,appartement,2009,92.0,218.0,2024-08-17,Bretagne,53,0
29280,D,B,appartement,1991,95.9,302.0,2024-08-17,Bretagne,53,0
22074,G,F,appartement,1947,57.0,396.0,2024-08-17,Bretagne,53,1
22213,G,E,appartement,1969,129.8,698.0,2024-08-18,Bretagne,53,1
35395,F,F,maison,1939,38.4,630.0,2024-08-18,Bretagne,53,1
35394,G,D,appartement,1940,50.4,604.0,2024-08-18,Bretagne,53,1
29320,G,G,appartement,1964,39.1,652.0,2024-08-18,Bretagne,53,1
56332,F,E,maison,1943,154.5,376.0,2024-08-19,Bretagne,53,1
29054,F,E,appartement,1967,62.7,451.0,2024-08-19,Bretagne,53,1
56052,D,F,maison,1966,78.8,246.0,2024-08-19,Bretagne,53,0
35344,D,D,maison,1990,137.9,197.0,2024-08-19,Bretagne,53,0
22257,E,E,maison,1969,37.0,351.0,2024-08-20,Bretagne,53,0
35356,G,E,immeuble,1954,46.9,544.0,2024-08-20,Bretagne,53,1
35149,D,E,appartement,1979,81.5,231.0,2024-08-20,Bretagne,53,0
56029,G,E,maison,1949,45.3,356.0,2024-08-20,Bretagne,53,1
56108,D,F,maison,1969,60.8,157.0,2024-08-21,Bretagne,53,0
35286,B,E,appartement,2002,95.2,87.0,2024-08-21,Bretagne,53,0
56122,D,E,maison,1968,60.8,249.0,2024-08-21,Bretagne,53,0
22187,D,E,appartement,1988,154.8,174.0,2024-08-22,Bretagne,53,0
22360,D,F,maison,1993,49.2,240.0,2024-08-22,Bretagne,53,0
29016,D,B,immeuble,1986,103.1,329.0,2024-08-22,Bretagne,53,0
35087,E,F,appartement,1978,59.1,635.0,2024-08-22,Bretagne,53,0
22259,E,E,appartement,1969,30.2,573.0,2024-08-23,Bretagne,53,0
56243,E,C,maison,1986,26.8,441.0,2024-08-23,Bretagne,53,0
35076,E,E,maison,1974,57.3,667.0,2024-08-23,Bretagne,53,0
35293,C,F,maison,2009,32.8,323.0,2024-08-23,Bretagne,53,0
29310,D,F,appartement,1980,85.7,263.0,2024-08-24,Bretagne,53,0
22257,G,E,maison,1958,46.8,459.0,2024-08-24,Bretagne,53,1
35279,G,F,maison,1939,95.2,643.0,2024-08-24,Bretagne,53,1
56324,F,D,maison,1928,70.2,662.0,2024-08-24,Bretagne,53,1
22296,D,G,maison,1981,45.8,321.0,2024-08-25,Bretagne,53,0
56390,E,F,maison,1980,63.9,426.0,2024-08-25,Bretagne,53,0
29009,C,F,appartement,2007,56.4,178.0,2024-08-25,Bretagne,53,0
56077,C,D,maison,2007,95.5,276.0,2024-08-25,Bretagne,53,0
29194,F,D,maison,1937,84.9,396.0,2024-08-26,Bretagne,53,1
22319,B,D,appartement,2003,77.5,68.0,2024-08-26,Bretagne,53,0
22346,B,D,maison,1996,78.4,58.0,2024-08-26,Bretagne,53,0
22134,F,E,appartement,1921,86.2,610.0,2024-08-26,Bretagne,53,1
29294,E,E,appartement,1967,65.2,695.0,2024-08-27,Bretagne,53,0
22122,G,D,immeuble,1964,50.9,609.0,2024-08-27,Bretagne,53,1
22200,F,D,maison,1933,56.4,363.0,2024-08-27,Bretagne,53,1
35289,F,D,appartement,1971,55.1,598.0,2024-08-27,Bretagne,53,1
35079,A,B,appartement,1998,46.4,67.0,2024-08-28,Bretagne,53,0
56141,E,G,maison,1978,72.6,368.0,2024-08-28,Bretagne,53,0
29079,C,G,maison,1991,50.3,291.0,2024-08-28,Bretagne,53,0
22396,B,G,maison,2000,76.7,114.0,2024-08-28,Bretagne,53,0
29166,G,D,maison,1943,43.1,413.0,2024-08-29,Bretagne,53,1
35302,E,F,appartement,1988,52.5,566.0,2024-08-29,Bretagne,53,0
22195,D,D,appartement,1965,233.7,176.0,2024-08-29,Bretagne,53,0
22150,D,D,appartement,1979,58.2,320.0,2024-08-29,Bretagne,53,0
29318,E,C,maison,1984,105.9,682.0,2024-08-30,Bretagne,53,0
22360,F,E,appartement,1941,136.6,634.0,2024-08-30,Bretagne,53,1
35279,E,F,maison,1972,91.0,516.0,2024-08-30,Bretagne,53,0
22041,E,D,appartement,1993,207.0,497.0,2024-08-30,Bretagne,53,0
56025,E,E,maison,1969,68.5,495.0,2024-08-31,Bretagne,53,0
35198,A,E,maison,2011,98.5,137.0,2024-08-31,Bretagne,53,0
29371,D,F,maison,1993,59.1,228.0,2024-08-31,Bretagne,53,0
29261,D,F,maison,1970,49.1,284.0,2024-08-31,Bretagne,53,0
35218,D,G,maison,1984,76.3,185.0,2024-09-01,Bretagne,53,0
35171,E,G,maison,1989,61.1,568.0,2024-09-01,Bretagne,53,0
56335,B,E,appartement,2019,59.2,145.0,2024-09-01,Bretagne,53,0
22145,C,D,appartement,2001,59.4,176.0,2024-09-02,Bretagne,53,0
56233,E,F,appartement,1966,80.7,569.0,2024-09-02,Bretagne,53,0
35049,D,D,maison,1982,63.0,226.0,2024-09-02,Bretagne,53,0
29326,D,G,appartement,1991,197.2,315.0,2024-09-02,Bretagne,53,0
35328,E,A,appartement,1988,79.2,384.0,2024-09-03,Bretagne,53,0
22145,E,G,maison,1990,108.7,423.0,2024-09-03,Bretagne,53,0
29022,E,D,appartement,1965,72.4,579.0,2024-09-03,Bretagne,53,0
35157,F,A,maison,1922,77.1,537.0,2024-09-03,Bretagne,53,1
29168,E,F,appartement,1992,86.4,581.0,2024-09-04,Bretagne,53,0
35254,B,D,appartement,2006,97.8,106.0,2024-09-04,Bretagne,53,0
22374,D,C,maison,1986,46.1,175.0,2024-09-04,Bretagne,53,0
22201,E,E,appartement,1965,35.4,549.0,2024-09-04,Bretagne,53,0
29215,E,D,appartement,1977,32.1,385.0,2024-09-05,Bretagne,53,0
35358,C,B,maison,1997,120.2,228.0,2024-09-05,Bretagne,53,0
29179,D,F,maison,1979,23.5,193.0,2024-09-05,Bretagne,53,0
35335,C,C,appartement,1989,34.4,276.0,2024-09-05,Bretagne,53,0
22227,E,D,appartement,1984,58.9,453.0,2024-09-06,Bretagne,53,0
56174,F,D,immeuble,1944,131.4,524.0,2024-09-06,Bretagne,53,1
56121,F,E,maison,1924,58.1,514.0,2024-09-06,Bretagne,53,1
22197,E,E,appartement,1991,40.3,607.0,2024-09-06,Bretagne,53,0
29290,C,E,maison,2002,112.5,311.0,2024-09-07,Bretagne,53,0
56015,B,F,maison,1993,71.0,67.0,2024-09-07,Bretagne,53,0
22070,D,F,appartement,1992,87.5,179.0,2024-09-07,Bretagne,53,0
56129,C,G,maison,2016,110.2,324.0,2024-09-07,Bretagne,53,0
29077,G,D,appartement,1928,31.2,633.0,2024-09-08,Bretagne,53,1
22353,F,C,immeuble,1960,120.2,591.0,2024-09-08,Bretagne,53,1
29353,E,E,appartement,1972,160.5,599.0,2024-09-08,Bretagne,53,0
35047,G,F,maison,1957,78.0,576.0,2024-09-08,Bretagne,53,1
22113,E,E,appartement,1982,258.0,492.0,2024-09-09,Bretagne,53,0
22308,D,D,appartement,1969,60.4,204.0,2024-09-09,Bretagne,53,0
29268,D,E,maison,1989,95.7,163.0,2024-09-09,Bretagne,53,0
22239,D,D,appartement,1987,97.3,265.0,2024-09-09,Bretagne,53,0
22301,D,D,appartement,1984,78.0,283.0,2024-09-10,Bretagne,53,0
56042,D,F,appartement,1971,143.6,258.0,2024-09-10,Bretagne,53,0
35165,D,D,maison,1981,66.6,163.0,2024-09-10,Bretagne,53,0
35167,D,G,appartement,1967,194.7,268.0,2024-09-10,Bretagne,53,0
29023,E,D,appartement,1994,100.3,524.0,2024-09-11,Bretagne,53,0
35030,B,E,immeuble,2012,31.0,140.0,2024-09-11,Bretagne,53,0
56121,B,G,appartement,1998,62.8,99.0,2024-09-11,Bretagne,53,0
29115,E,E,maison,1981,31.2,538.0,2024-09-11,Bretagne,53,0
56381,D,E,appartement,1983,86.9,173.0,2024-09-12,Bretagne,53,0
56026,C,C,maison,1985,271.0,211.0,2024-09-12,Bretagne,53,0
22388,D,E,maison,1971,102.7,259.0,2024-09-12,Bretagne,53,0
35173,E,F,maison,1993,65.4,421.0,2024-09-13,Bretagne,53,0
35238,E,E,appartement,1982,37.0,503.0,2024-09-13,Bretagne,53,0
22276,D,D,appartement,1986,56.0,172.0,2024-09-13,Bretagne,53,0
22307,E,G,appartement,1987,43.2,561.0,2024-09-13,Bretagne,53,0
35020,E,D,appartement,1984,63.6,678.0,2024-09-14,Bretagne,53,0
29139,A,D,appartement,1987,49.8,137.0,2024-09-14,Bretagne,53,0
35292,G,F,appartement,1940,61.3,466.0,2024-09-14,Bretagne,53,1
35399,F,F,appartement,1958,75.9,365.0,2024-09-14,Bretagne,53,1
29178,D,E,maison,1993,78.9,267.0,2024-09-15,Bretagne,53,0
56019,G,E,appartement,1924,89.8,362.0,2024-09-15,Bretagne,53,1
29187,E,F,maison,1991,34.1,368.0,2024-09-15,Bretagne,53,0
35161,E,D,maison,1978,63.3,435.0,2024-09-15,Bretagne,53,0
29319,D,E,appartement,1987,21.7,318.0,2024-09-16,Bretagne,53,0
56224,E,D,appartement,1993,53.4,391.0,2024-09-16,Bretagne,53,0
35206,G,D,maison,1940,18.0,589.0,2024-09-16,Bretagne,53,1
56114,D,G,maison,1983,61.8,251.0,2024-09-16,Bretagne,53,0
35219,E,E,appartement,1980,137.5,667.0,2024-09-17,Bretagne,53,0
35060,E,F,maison,1989,97.0,437.0,2024-09-17,Bretagne,53,0
35077,D,F,appartement,1976,78.5,280.0,2024-09-17,Bretagne,53,0
29043,E,C,maison,1982,52.5,515.0,2024-09-17,Bretagne,53,0
22338,C,A,appartement,2010,74.2,171.0,2024-09-18,Bretagne,53,0
56318,E,F,maison,1978,151.2,440.0,2024-09-18,Bretagne,53,0
56343,E,F,maison,1992,37.6,336.0,2024-09-18,Bretagne,53,0
29240,C,D,appartement,2015,69.5,219.0,2024-09-18,Bretagne,53,0
35391,D,C,appartement,1990,52.0,283.0,2024-09-19,Bretagne,53,0
35300,F,B,maison,1928,82.2,560.0,2024-09-19,Bretagne,53,1
22238,B,F,appartement,2000,61.9,119.0,2024-09-19,Bretagne,53,0
56241,D,F,appartement,1980,49.3,183.0,2024-09-19,Bretagne,53,0
29262,E,C,immeuble,1976,153.8,587.0,2024-09-20,Bretagne,53,0
29111,A,E,appartement,2011,36.0,84.0,2024-09-20,Bretagne,53,0
35293,G,E,appartement,1972,27.6,623.0,2024-09-20,Bretagne,53,1
35150,G,C,appartement,1960,53.3,384.0,2024-09-20,Bretagne,53,1
29303,D,C,appartement,1979,55.8,180.0,2024-09-21,Bretagne,53,0
35224,C,C,maison,2017,64.3,294.0,2024-09-21,Bretagne,53,0
35382,F,C,maison,1950,104.5,660.0,2024-09-21,Bretagne,53,1
29238,G,A,appartement,1962,138.9,364.0,2024-09-21,Bretagne,53,1
35150,E,E,maison,1992,93.9,333.0,2024-09-22,Bretagne,53,0
35221,G,F,maison,1939,74.2,355.0,2024-09-22,Bretagne,53,1
35183,F,D,appartement,1948,43.7,537.0,2024-09-22,Bretagne,53,1
35166,D,F,maison,1976,39.8,173.0,2024-09-22,Bretagne,53,0
35088,F,F,appartement,1966,46.6,547.0,2024-09-23,Bretagne,53,1
29281,G,F,maison,1945,141.0,499.0,2024-09-23,Bretagne,53,1
22270,E,E,maison,1989,199.4,558.0,2024-09-23,Bretagne,53,0
29085,C,E,maison,2004,25.1,180.0,2024-09-24,Bretagne,53,0
29057,C,G,maison,2013,51.1,279.0,2024-09-24,Bretagne,53,0
35038,D,D,maison,1968,67.7,211.0,2024-09-24,Bretagne,53,0
56339,D,F,maison,1985,86.4,295.0,2024-09-24,Bretagne,53,0
35146,E,C,maison,1967,45.5,510.0,2024-09-25,Bretagne,53,0
29116,G,D,appartement,1935,128.3,401.0,2024-09-25,Bretagne,53,1
22130,D,E,appartement,1977,43.7,303.0,2024-09-25,Bretagne,53,0
29167,D,D,maison,1971,62.0,231.0,2024-09-25,Bretagne,53,0
35048,C,E,appartement,1997,42.4,255.0,2024-09-26,Bretagne,53,0
29021,D,D,maison,1969,55.7,185.0,2024-09-26,Bretagne,53,0
29086,E,F,immeuble,1982,227.2,501.0,2024-09-26,Bretagne,53,0
56337,G,D,maison,1933,83.9,586.0,2024-09-26,Bretagne,53,1
56200,G,F,maison,1950,98.6,385.0,2024-09-27,Bretagne,53,1
35061,E,F,maison,1979,82.7,511.0,2024-09-27,Bretagne,53,0
22159,G,G,maison,1969,45.8,543.0,2024-09-27,Bretagne,53,1
35087,E,D,appartement,1975,114.1,364.0,2024-09-27,Bretagne,53,0
35282,A,D,appartement,2017,129.0,79.0,2024-09-28,Bretagne,53,0
35021,D,D,appartement,1994,38.3,168.0,2024-09-28,Bretagne,53,0
29101,B,D,appartement,2008,112.8,95.0,2024-09-28,Bretagne,53,0
22070,B,D,appartement,1990,102.4,101.0,2024-09-28,Bretagne,53,0
22197,G,F,appartement,1944,103.5,402.0,2024-09-29,Bretagne,53,1
22335,F,E,maison,1944,54.3,488.0,2024-09-29,Bretagne,53,1
35393,D,D,maison,1981,45.2,237.0,2024-09-29,Bretagne,53,0
22293,D,F,appartement,1989,109.7,253.0,2024-09-29,Bretagne,53,0
29295,D,E,appartement,1974,107.4,243.0,2024-09-30,Bretagne,53,0
22318,F,E,immeuble,1954,71.7,411.0,2024-09-30,Bretagne,53,1
29266,B,B,maison,2005,67.9,97.0,2024-09-30,Bretagne,53,0
22347,E,A,maison,1984,69.3,497.0,2024-09-30,Bretagne,53,0
56336,D,D,maison,1984,68.2,205.0,2024-10-01,Bretagne,53,0
35314,C,E,appartement,2016,66.1,288.0,2024-10-01,Bretagne,53,0
22399,F,E,maison,1965,51.8,386.0,2024-10-01,Bretagne,53,1
35034,F,G,appartement,1922,75.0,450.0,2024-10-01,Bretagne,53,1
22271,D,G,appartement,1979,100.7,237.0,2024-10-02,Bretagne,53,0
56263,G,G,appartement,1952,97.3,392.0,2024-10-02,Bretagne,53,1
35340,F,D,appartement,1971,122.3,607.0,2024-10-02,Bretagne,53,1
35234,E,E,maison,1989,69.8,488.0,2024-10-02,Bretagne,53,0
29373,E,D,appartement,1978,31.9,356.0,2024-10-03,Bretagne,53,0
22076,F,F,appartement,1946,44.7,453.0,2024-10-03,Bretagne,53,1
56307,F,E,maison,1946,139.7,639.0,2024-10-03,Bretagne,53,1
56174,G,C,maison,1937,65.0,626.0,2024-10-03,Bretagne,53,1
56016,E,G,appartement,1967,117.0,563.0,2024-10-04,Bretagne,53,0
22094,F,B,appartement,1945,57.0,620.0,2024-10-04,Bretagne,53,1
22028,F,E,maison,1950,79.3,660.0,2024-10-04,Bretagne,53,1
35078,E,G,immeuble,1977,102.4,594.0,2024-10-05,Bretagne,53,0
35017,G,D,maison,1965,180.2,506.0,2024-10-05,Bretagne,53,1
22294,E,E,appartement,1986,58.6,699.0,2024-10-05,Bretagne,53,0
22338,D,D,appartement,1982,36.9,168.0,2024-10-05,Bretagne,53,0
22127,E,F,maison,1970,37.5,614.0,2024-10-06,Bretagne,53,0
29047,E,G,appartement,1965,228.7,658.0,2024-10-06,Bretagne,53,0
22122,B,B,maison,2009,73.8,61.0,2024-10-06,Bretagne,53,0
56390,D,G,appartement,1987,75.6,238.0,2024-10-06,Bretagne,53,0
56117,F,C,maison,1952,95.5,675.0,2024-10-07,Bretagne,53,1
56269,F,B,maison,1934,38.6,619.0,2024-10-07,Bretagne,53,1
22193,E,G,maison,1979,42.1,412.0,2024-10-07,Bretagne,53,0
35081,E,E,maison,1992,55.2,656.0,2024-10-07,Bretagne,53,0
29014,F,D,appartement,1924,55.1,353.0,2024-10-08,Bretagne,53,1
56352,E,G,appartement,1988,39.2,606.0,2024-10-08,Bretagne,53,0
35017,G,F,appartement,1963,85.1,551.0,2024-10-08,Bretagne,53,1
35031,D,E,maison,1988,83.2,204.0,2024-10-08,Bretagne,53,0
29160,G,G,appartement,1954,122.0,627.0,2024-10-09,Bretagne,53,1
35361,F,B,maison,1922,99.9,617.0,2024-10-09,Bretagne,53,1
56212,E,F,maison,1994,49.9,416.0,2024-10-09,Bretagne,53,0
35337,C,D,maison,2015,106.3,304.0,2024-10-09,Bretagne,53,0
35021,E,E,maison,1965,65.9,534.0,2024-10-10,Bretagne,53,0
29261,B,F,maison,1991,31.3,144.0,2024-10-10,Bretagne,53,0
22373,F,B,appartement,1956,50.0,547.0,2024-10-10,Bretagne,53,1
29364,F,B,immeuble,1953,37.5,371.0,2024-10-10,Bretagne,53,1
29124,E,E,appartement,1993,29.1,628.0,2024-10-11,Bretagne,53,0
22322,D,G,immeuble,1991,66.2,209.0,2024-10-11,Bretagne,53,0
56370,C,E,appartement,1992,49.4,269.0,2024-10-11,Bretagne,53,0
29140,D,C,maison,1993,59.5,167.0,2024-10-11,Bretagne,53,0
56029,B,E,appartement,2017,65.1,53.0,2024-10-12,Bretagne,53,0
22396,F,G,appartement,1939,84.8,478.0,2024-10-12,Bretagne,53,1
29329,D,F,appartement,1986,46.4,301.0,2024-10-12,Bretagne,53,0
22286,E,E,appartement,1970,70.3,466.0,2024-10-12,Bretagne,53,0
56084,C,F,maison,1997,78.0,284.0,2024-10-13,Bretagne,53,0
29312,D,F,appartement,1980,40.9,199.0,2024-10-13,Bretagne,53,0
56347,C,E,maison,1994,90.3,223.0,2024-10-13,Bretagne,53,0
22394,C,D,maison,1989,87.6,329.0,2024-10-13,Bretagne,53,0
56284,E,C,maison,1989,89.1,358.0,2024-10-14,Bretagne,53,0
56200,D,E,maison,1975,53.3,228.0,2024-10-14,Bretagne,53,0
22076,D,F,maison,1976,26.1,317.0,2024-10-14,Bretagne,53,0
35340,G,G,appartement,1953,68.2,481.0,2024-10-14,Bretagne,53,1
56159,E,C,maison,1994,49.6,542.0,2024-10-15,Bretagne,53,0
56065,E,F,immeuble,1978,35.3,536.0,2024-10-15,Bretagne,53,0
29176,F,E,appartement,1952,51.5,525.0,2024-10-15,Bretagne,53,1
56269,F,C,maison,1924,72.0,653.0,2024-10-16,Bretagne,53,1
29148,D,D,appartement,1993,148.2,246.0,2024-10-16,Bretagne,53,0
22056,E,F,maison,1970,93.2,610.0,2024-10-16,Bretagne,53,0
29096,F,C,appartement,1921,33.9,535.0,2024-10-16,Bretagne,53,1
35261,G,F,appartement,1942,65.2,617.0,2024-10-17,Bretagne,53,1
22106,D,E,appartement,1986,50.7,186.0,2024-10-17,Bretagne,53,0
22345,F,D,maison,1957,36.0,547.0,2024-10-17,Bretagne,53,1
35296,G,D,maison,1939,32.8,339.0,2024-10-17,Bretagne,53,1
22255,B,G,appartement,2015,39.6,72.0,2024-10-18,Bretagne,53,0
56243,G,F,appartement,1937,115.8,617.0,2024-10-18,Bretagne,53,1
35225,C,D,appartement,1993,92.5,255.0,2024-10-18,Bretagne,53,0
56059,D,C,appartement,1969,95.6,247.0,2024-10-18,Bretagne,53,0
35135,F,E,appartement,1923,19.9,582.0,2024-10-19,Bretagne,53,1
29092,B,G,maison,2009,50.1,115.0,2024-10-19,Bretagne,53,0
29048,B,E,appartement,1993,46.1,106.0,2024-10-19,Bretagne,53,0
29363,F,D,maison,1972,70.4,429.0,2024-10-19,Bretagne,53,1
22051,G,D,appartement,1923,67.9,615.0,2024-10-20,Bretagne,53,1
56123,B,D,maison,2000,156.0,69.0,2024-10-20,Bretagne,53,0
56048,G,C,maison,1946,64.9,411.0,2024-10-20,Bretagne,53,1
29327,B,E,appartement,2015,79.7,143.0,2024-10-20,Bretagne,53,0
35311,D,F,maison,1979,52.0,152.0,2024-10-21,Bretagne,53,0
35304,D,A,maison,1983,34.4,162.0,2024-10-21,Bretagne,53,0
29239,F,F,appartement,1963,49.5,649.0,2024-10-21,Bretagne,53,1
29384,D,E,maison,1967,27.5,326.0,2024-10-21,Bretagne,53,0
22179,E,E,maison,1982,125.3,686.0,2024-10-22,Bretagne,53,0
29219,C,G,appartement,2017,45.3,161.0,2024-10-22,Bretagne,53,0
22348,D,C,appartement,1986,26.5,241.0,2024-10-22,Bretagne,53,0
22070,F,D,appartement,1942,64.7,604.0,2024-10-22,Bretagne,53,1
56336,E,E,maison,1966,31.4,345.0,2024-10-23,Bretagne,53,0
29116,F,C,appartement,1924,41.0,360.0,2024-10-23,Bretagne,53,1
56112,G,E,appartement,1945,35.2,586.0,2024-10-23,Bretagne,53,1
35170,D,F,maison,1969,39.9,320.0,2024-10-23,Bretagne,53,0
22200,D,D,appartement,1965,90.3,273.0,2024-10-24,Bretagne,53,0
29077,B,G,appartement,1990,41.2,53.0,2024-10-24,Bretagne,53,0
22229,E,F,maison,1971,80.9,386.0,2024-10-24,Bretagne,53,0
29263,D,E,appartement,1986,96.4,251.0,2024-10-24,Bretagne,53,0
22003,D,F,maison,1969,59.7,273.0,2024-10-25,Bretagne,53,0
56205,F,G,maison,1950,96.2,599.0,2024-10-25,Bretagne,53,1
56180,E,E,appartement,1993,132.3,554.0,2024-10-25,Bretagne,53,0
22029,E,E,maison,1975,83.3,597.0,2024-10-25,Bretagne,53,0
29187,B,E,appartement,2019,52.7,82.0,2024-10-26,Bretagne,53,0
35149,D,D,appartement,1966,24.5,280.0,2024-10-26,Bretagne,53,0
29392,C,D,appartement,1995,55.4,236.0,2024-10-26,Bretagne,53,0
35354,D,A,appartement,1966,71.2,288.0,2024-10-27,Bretagne,53,0
35322,C,D,appartement,2017,78.1,250.0,2024-10-27,Bretagne,53,0
29178,A,D,maison,1989,52.4,119.0,2024-10-27,Bretagne,53,0
29295,C,E,maison,2005,160.5,277.0,2024-10-27,Bretagne,53,0
35270,D,E,maison,1991,41.0,272.0,2024-10-28,Bretagne,53,0
35338,C,F,appartement,2018,84.2,262.0,2024-10-28,Bretagne,53,0
35218,G,F,immeuble,1954,59.5,334.0,2024-10-28,Bretagne,53,1
35099,B,G,maison,1996,137.3,100.0,2024-10-28,Bretagne,53,0
56357,G,G,maison,1967,133.3,537.0,2024-10-29,Bretagne,53,1
56338,E,E,maison,1990,106.4,620.0,2024-10-29,Bretagne,53,0
22172,F,F,maison,1960,179.2,647.0,2024-10-29,Bretagne,53,1
56290,E,G,appartement,1991,105.3,338.0,2024-10-29,Bretagne,53,0
35117,D,F,maison,1991,48.2,238.0,2024-10-30,Bretagne,53,0
29084,D,D,appartement,1992,107.1,265.0,2024-10-30,Bretagne,53,0
29026,E,C,maison,1993,53.8,461.0,2024-10-30,Bretagne,53,0
29135,G,F,maison,1939,83.1,542.0,2024-10-30,Bretagne,53,1
29038,F,C,maison,1963,43.0,509.0,2024-10-31,Bretagne,53,1
56083,E,C,maison,1972,22.8,457.0,2024-10-31,Bretagne,53,0
22058,F,D,maison,1965,97.1,516.0,2024-10-31,Bretagne,53,1
56105,G,F,maison,1954,50.8,404.0,2024-10-31,Bretagne,53,1
29281,E,E,maison,1965,54.6,352.0,2024-11-01,Bretagne,53,0
22115,C,F,appartement,1997,59.8,178.0,2024-11-01,Bretagne,53,0
35233,E,E,appartement,1976,50.8,567.0,2024-11-01,Bretagne,53,0
22129,F,C,immeuble,1949,48.5,630.0,2024-11-01,Bretagne,53,1
35247,D,F,maison,1971,120.0,309.0,2024-11-02,Bretagne,53,0
22222,A,F,appartement,2018,72.6,61.0,2024-11-02,Bretagne,53,0
22187,F,G,appartement,1935,34.7,451.0,2024-11-02,Bretagne,53,1
29396,E,E,appartement,1980,64.7,539.0,2024-11-02,Bretagne,53,0
56358,D,F,immeuble,1983,77.8,272.0,2024-11-03,Bretagne,53,0
22280,F,F,appartement,1965,65.3,497.0,2024-11-03,Bretagne,53,1
56329,G,F,appartement,1942,32.7,556.0,2024-11-03,Bretagne,53,1
29214,G,G,maison,1963,79.6,601.0,2024-11-03,Bretagne,53,1
56130,D,A,maison,1980,99.0,250.0,2024-11-04,Bretagne,53,0
29304,B,D,maison,2019,40.3,119.0,2024-11-04,Bretagne,53,0
35141,D,F,appartement,1984,65.9,219.0,2024-11-04,Bretagne,53,0
35066,D,E,maison,1990,103.7,280.0,2024-11-04,Bretagne,53,0
29382,C,G,maison,1986,45.7,187.0,2024-11-05,Bretagne,53,0
35024,D,F,appartement,1991,73.7,161.0,2024-11-05,Bretagne,53,0
35251,C,E,appartement,1990,44.6,196.0,2024-11-05,Bretagne,53,0
35072,D,E,appartement,1993,94.1,301.0,2024-11-05,Bretagne,53,0
35174,F,E,maison,1940,18.7,481.0,2024-11-06,Bretagne,53,1
35047,E,B,appartement,1979,51.0,498.0,2024-11-06,Bretagne,53,0
29096,B,F,maison,1997,59.6,145.0,2024-11-06,Bretagne,53,0
56007,C,B,appartement,2015,46.8,200.0,2024-11-07,Bretagne,53,0
29239,C,F,maison,1989,182.7,204.0,2024-11-07,Bretagne,53,0
29290,D,E,maison,1983,27.4,282.0,2024-11-07,Bretagne,53,0
56362,A,E,maison,1996,73.2,55.0,2024-11-07,Bretagne,53,0
29333,C,G,maison,2001,98.3,260.0,2024-11-08,Bretagne,53,0
56122,D,F,appartement,1988,60.2,259.0,2024-11-08,Bretagne,53,0
56233,D,D,appartement,1978,90.7,318.0,2024-11-08,Bretagne,53,0
56322,D,B,maison,1980,47.1,316.0,2024-11-08,Bretagne,53,0
29071,F,B,maison,1961,40.5,496.0,2024-11-09,Bretagne,53,1
29243,D,C,maison,1986,93.8,153.0,2024-11-09,Bretagne,53,0
22376,C,E,appartement,1993,39.5,222.0,2024-11-09,Bretagne,53,0
22347,F,D,maison,1950,91.9,693.0,2024-11-09,Bretagne,53,1
22153,E,F,appartement,1968,44.3,638.0,2024-11-10,Bretagne,53,0
22183,B,F,maison,1985,58.3,133.0,2024-11-10,Bretagne,53,0
22051,D,F,maison,1994,33.8,253.0,2024-11-10,Bretagne,53,0
56357,A,E,appartement,2002,42.4,109.0,2024-11-10,Bretagne,53,0
35242,E,F,maison,1970,47.2,672.0,2024-11-11,Bretagne,53,0
35105,G,D,maison,1933,121.7,332.0,2024-11-11,Bretagne,53,1
22192,C,G,appartement,2008,64.3,212.0,2024-11-11,Bretagne,53,0
22145,G,F,appartement,1924,157.4,514.0,2024-11-11,Bretagne,53,1
29126,B,E,appartement,1995,177.1,98.0,2024-11-12,Bretagne,53,0
29258,G,D,appartement,1944,122.9,550.0,2024-11-12,Bretagne,53,1
56224,E,C,appartement,1994,35.4,622.0,2024-11-12,Bretagne,53,0
56244,G,E,maison,1932,94.3,549.0,2024-11-12,Bretagne,53,1
29389,G,G,appartement,1968,54.8,696.0,2024-11-13,Bretagne,53,1
29113,D,E,maison,1982,38.5,160.0,2024-11-13,Bretagne,53,0
35046,F,E,maison,1970,39.9,444.0,2024-11-13,Bretagne,53,1
29354,D,A,appartement,1965,92.0,160.0,2024-11-13,Bretagne,53,0
56213,C,D,maison,1989,80.2,327.0,2024-11-14,Bretagne,53,0
56112,E,F,maison,1971,190.3,594.0,2024-11-14,Bretagne,53,0
56224,D,G,maison,1970,75.0,315.0,2024-11-14,Bretagne,53,0
22350,E,E,appartement,1968,45.4,618.0,2024-11-14,Bretagne,53,0
22050,F,D,maison,1972,121.4,677.0,2024-11-15,Bretagne,53,1
29115,D,F,maison,1992,56.5,233.0,2024-11-15,Bretagne,53,0
56348,C,D,maison,2016,71.4,217.0,2024-11-15,Bretagne,53,0
35024,E,E,maison,1974,66.7,387.0,2024-11-15,Bretagne,53,0
56366,F,B,appartement,1939,51.8,573.0,2024-11-16,Bretagne,53,1
35355,E,D,appartement,1974,93.3,471.0,2024-11-16,Bretagne,53,0
35390,D,D,maison,1978,64.7,256.0,2024-11-16,Bretagne,53,0
29314,E,C,maison,1969,59.6,696.0,2024-11-16,Bretagne,53,0
22210,F,F,appartement,1927,132.5,448.0,2024-11-17,Bretagne,53,1
22217,G,F,appartement,1958,68.6,414.0,2024-11-17,Bretagne,53,1
35235,C,D,maison,2000,39.0,256.0,2024-11-17,Bretagne,53,0
22042,F,F,appartement,1948,77.8,425.0,2024-11-18,Bretagne,53,1
56175,C,A,appartement,1998,80.9,157.0,2024-11-18,Bretagne,53,0
56268,B,G,appartement,2002,118.7,88.0,2024-11-18,Bretagne,53,0
29110,C,A,maison,2007,62.2,170.0,2024-11-18,Bretagne,53,0
29119,D,C,maison,1978,73.7,198.0,2024-11-19,Bretagne,53,0
56088,C,E,appartement,2015,166.8,194.0,2024-11-19,Bretagne,53,0
35156,E,E,maison,1980,369.0,499.0,2024-11-19,Bretagne,53,0
56117,D,F,maison,1989,43.7,177.0,2024-11-19,Bretagne,53,0
35357,F,D,appartement,1928,94.1,401.0,2024-11-20,Bretagne,53,1
35292,E,E,immeuble,1986,99.0,439.0,2024-11-20,Bretagne,53,0
56341,F,E,appartement,1967,100.7,368.0,2024-11-20,Bretagne,53,1
29244,F,D,appartement,1933,38.8,508.0,2024-11-20,Bretagne,53,1
35039,G,F,maison,1931,101.4,579.0,2024-11-21,Bretagne,53,1
29148,C,D,appartement,2010,33.7,216.0,2024-11-21,Bretagne,53,0
56349,D,E,maison,1994,56.9,167.0,2024-11-21,Bretagne,53,0
22235,E,D,immeuble,1994,76.1,374.0,2024-11-21,Bretagne,53,0
56349,E,A,appartement,1984,111.3,498.0,2024-11-22,Bretagne,53,0
22046,B,F,maison,2003,60.8,76.0,2024-11-22,Bretagne,53,0
35107,F,C,maison,1943,36.3,591.0,2024-11-22,Bretagne,53,1
56312,F,E,maison,1943,162.4,687.0,2024-11-22,Bretagne,53,1
35173,E,F,maison,1985,93.5,621.0,2024-11-23,Bretagne,53,0
56099,E,F,appartement,1971,49.8,569.0,2024-11-23,Bretagne,53,0
29042,F,G,maison,1972,33.8,536.0,2024-11-23,Bretagne,53,1
29211,D,D,maison,1968,44.4,324.0,2024-11-23,Bretagne,53,0
29145,D,D,appartement,1973,52.5,284.0,2024-11-24,Bretagne,53,0
29130,D,F,appartement,1974,60.7,168.0,2024-11-24,Bretagne,53,0
35321,D,C,maison,1972,90.0,190.0,2024-11-24,Bretagne,53,0
35053,E,B,appartement,1990,53.6,551.0,2024-11-24,Bretagne,53,0
35117,G,E,appartement,1938,133.6,417.0,2024-11-25,Bretagne,53,1
22265,D,F,maison,1968,47.8,293.0,2024-11-25,Bretagne,53,0
35098,D,D,appartement,1994,75.0,193.0,2024-11-25,Bretagne,53,0
22216,A,D,appartement,2014,48.7,53.0,2024-11-25,Bretagne,53,0
56241,D,F,maison,1979,88.7,303.0,2024-11-26,Bretagne,53,0
29085,E,D,appartement,1990,75.3,673.0,2024-11-26,Bretagne,53,0
29210,A,D,appartement,2007,113.9,62.0,2024-11-26,Bretagne,53,0
35386,D,F,maison,1983,22.9,324.0,2024-11-26,Bretagne,53,0
29311,D,G,maison,1994,50.4,307.0,2024-11-27,Bretagne,53,0
29281,E,D,appartement,1991,246.7,524.0,2024-11-27,Bretagne,53,0
29131,D,F,appartement,1966,58.7,313.0,2024-11-27,Bretagne,53,0
35304,C,D,appartement,2012,66.7,197.0,2024-11-27,Bretagne,53,0
22035,F,G,appartement,1967,72.1,551.0,2024-11-28,Bretagne,53,1
29052,A,D,maison,2009,102.0,111.0,2024-11-28,Bretagne,53,0
22393,E,C,maison,1967,55.0,592.0,2024-11-28,Bretagne,53,0
35182,F,F,maison,1960,84.1,614.0,2024-11-29,Bretagne,53,1
56150,D,G,immeuble,1976,126.2,293.0,2024-11-29,Bretagne,53,0
35395,E,C,appartement,1971,22.7,408.0,2024-11-29,Bretagne,53,0
29346,E,A,appartement,1992,63.5,680.0,2024-11-29,Bretagne,53,0
35381,C,D,maison,1988,139.1,173.0,2024-11-30,Bretagne,53,0
22268,D,C,maison,1979,82.9,242.0,2024-11-30,Bretagne,53,0
56079,E,D,maison,1985,60.5,478.0,2024-11-30,Bretagne,53,0
29084,C,D,maison,2018,52.2,296.0,2024-11-30,Bretagne,53,0
29238,F,E,appartement,1952,26.3,511.0,2024-12-01,Bretagne,53,1
29337,E,D,maison,1975,65.7,615.0,2024-12-01,Bretagne,53,0
35094,D,E,maison,1993,123.5,310.0,2024-12-01,Bretagne,53,0
22179,F,D,appartement,1947,141.7,504.0,2024-12-01,Bretagne,53,1
35032,E,C,maison,1987,25.9,580.0,2024-12-02,Bretagne,53,0
35381,F,D,appartement,1937,52.4,546.0,2024-12-02,Bretagne,53,1
22006,C,D,appartement,1995,94.5,183.0,2024-12-02,Bretagne,53,0
35329,D,F,maison,1967,66.7,173.0,2024-12-02,Bretagne,53,0
22366,D,G,appartement,1978,82.8,301.0,2024-12-03,Bretagne,53,0
56394,B,G,maison,2011,61.0,118.0,2024-12-03,Bretagne,53,0
35153,B,D,maison,1998,99.7,128.0,2024-12-03,Bretagne,53,0
56363,E,F,maison,1965,23.6,486.0,2024-12-03,Bretagne,53,0
35104,E,G,maison,1985,61.0,571.0,2024-12-04,Bretagne,53,0
29223,B,E,appartement,1987,129.0,61.0,2024-12-04,Bretagne,53,0
35030,B,E,appartement,2007,80.9,60.0,2024-12-04,Bretagne,53,0
22014,B,E,appartement,2013,20.0,91.0,2024-12-04,Bretagne,53,0
56025,C,G,appartement,1993,79.6,172.0,2024-12-05,Bretagne,53,0
22267,F,D,maison,1935,117.4,424.0,2024-12-05,Bretagne,53,1
56007,D,E,appartement,1976,46.0,158.0,2024-12-05,Bretagne,53,0
56164,E,E,appartement,1986,146.1,565.0,2024-12-05,Bretagne,53,0
22096,D,F,maison,1968,36.8,284.0,2024-12-06,Bretagne,53,0
22194,F,E,appartement,1956,56.7,641.0,2024-12-06,Bretagne,53,1
35327,G,C,appartement,1968,85.3,599.0,2024-12-06,Bretagne,53,1
22385,G,E,maison,1951,93.7,444.0,2024-12-06,Bretagne,53,1
35026,C,E,maison,2010,56.8,285.0,2024-12-07,Bretagne,53,0
35311,D,C,maison,1991,69.5,171.0,2024-12-07,Bretagne,53,0
56154,D,E,maison,1993,83.3,165.0,2024-12-07,Bretagne,53,0
22187,D,C,immeuble,1981,38.3,204.0,2024-12-07,Bretagne,53,0
29155,D,B,appartement,1992,66.9,203.0,2024-12-08,Bretagne,53,0
29381,A,D,maison,2001,48.4,59.0,2024-12-08,Bretagne,53,0
56009,C,C,appartement,2018,92.2,159.0,2024-12-08,Bretagne,53,0
22111,C,F,appartement,1989,58.1,224.0,2024-12-08,Bretagne,53,0
29157,F,G,appartement,1933,30.5,690.0,2024-12-09,Bretagne,53,1
35069,E,E,appartement,1967,48.8,414.0,2024-12-09,Bretagne,53,0
35305,E,E,maison,1992,50.7,515.0,2024-12-09,Bretagne,53,0
22017,C,A,appartement,2006,56.3,235.0,2024-12-10,Bretagne,53,0
29050,D,B,appartement,1981,48.9,307.0,2024-12-10,Bretagne,53,0
56262,E,F,maison,1994,71.7,421.0,2024-12-10,Bretagne,53,0
56215,F,E,appartement,1920,64.4,647.0,2024-12-10,Bretagne,53,1
56060,E,D,maison,1974,58.7,631.0,2024-12-11,Bretagne,53,0
22393,A,C,appartement,1995,46.4,65.0,2024-12-11,Bretagne,53,0
56294,D,C,maison,1972,83.7,302.0,2024-12-11,Bretagne,53,0
35353,A,G,appartement,2001,94.0,131.0,2024-12-11,Bretagne,53,0
56067,A,E,maison,1994,80.4,85.0,2024-12-12,Bretagne,53,0
29323,F,C,appartement,1934,56.4,400.0,2024-12-12,Bretagne,53,1
29239,C,E,maison,2000,53.2,282.0,2024-12-12,Bretagne,53,0
35268,C,C,appartement,2002,21.0,295.0,2024-12-12,Bretagne,53,0
56164,D,C,maison,1982,33.7,316.0,2024-12-13,Bretagne,53,0
29117,B,D,maison,2015,76.9,50.0,2024-12-13,Bretagne,53,0
56114,G,C,maison,1955,35.2,356.0,2024-12-13,Bretagne,53,1
56354,E,E,appartement,1966,20.4,493.0,2024-12-13,Bretagne,53,0
29137,D,E,maison,1971,61.0,221.0,2024-12-14,Bretagne,53,0
29097,G,E,appartement,1962,47.1,587.0,2024-12-14,Bretagne,53,1
29115,E,D,appartement,1967,86.6,673.0,2024-12-14,Bretagne,53,0
22164,E,E,maison,1965,155.1,384.0,2024-12-14,Bretagne,53,0
56170,D,G,maison,1985,51.2,310.0,2024-12-15,Bretagne,53,0
56204,C,E,maison,1990,71.0,285.0,2024-12-15,Bretagne,53,0
29121,G,F,maison,1946,54.3,482.0,2024-12-15,Bretagne,53,1
29251,F,E,appartement,1961,28.5,379.0,2024-12-15,Bretagne,53,1
56341,G,G,maison,1920,87.1,525.0,2024-12-16,Bretagne,53,1
29073,C,D,appartement,2015,44.2,213.0,2024-12-16,Bretagne,53,0
56168,D,B,appartement,1977,39.8,226.0,2024-12-16,Bretagne,53,0
29379,E,E,appartement,1973,27.1,392.0,2024-12-16,Bretagne,53,0
35132,E,G,maison,1979,68.0,445.0,2024-12-17,Bretagne,53,0
29078,D,C,appartement,1974,281.0,266.0,2024-12-17,Bretagne,53,0
22094,C,E,maison,1988,89.3,283.0,2024-12-17,Bretagne,53,0
22243,D,G,maison,1970,45.2,229.0,2024-12-17,Bretagne,53,0
29234,B,B,maison,2013,89.6,68.0,2024-12-18,Bretagne,53,0
22366,D,C,appartement,1976,26.3,166.0,2024-12-18,Bretagne,53,0
56179,D,E,maison,1993,116.4,187.0,2024-12-18,Bretagne,53,0
22197,E,E,appartement,1976,32.0,351.0,2024-12-18,Bretagne,53,0
56171,D,G,immeuble,1989,51.2,305.0,2024-12-19,Bretagne,53,0
22222,G,E,maison,1930,89.7,668.0,2024-12-19,Bretagne,53,1
56002,E,F,appartement,1975,50.9,468.0,2024-12-19,Bretagne,53,0
35358,G,F,maison,1931,26.1,521.0,2024-12-19,Bretagne,53,1
29270,F,F,appartement,1920,71.3,484.0,2024-12-20,Bretagne,53,1
56116,E,B,appartement,1993,24.3,481.0,2024-12-20,Bretagne,53,0
56084,F,F,maison,1950,76.7,587.0,2024-12-20,Bretagne,53,1
56331,E,F,maison,1988,76.1,537.0,2024-12-21,Bretagne,53,0
22014,F,D,maison,1953,64.9,430.0,2024-12-21,Bretagne,53,1
56111,B,E,appartement,2018,74.1,54.0,2024-12-21,Bretagne,53,0
56399,D,E,appartement,1983,26.5,311.0,2024-12-21,Bretagne,53,0
22300,G,D,appartement,1959,85.9,581.0,2024-12-22,Bretagne,53,1
56352,F,G,appartement,1931,76.4,507.0,2024-12-22,Bretagne,53,1
22353,E,D,maison,1977,135.8,667.0,2024-12-22,Bretagne,53,0
35383,F,E,appartement,1929,69.8,358.0,2024-12-22,Bretagne,53,1
22244,E,E,appartement,1976,80.9,646.0,2024-12-23,Bretagne,53,0
35210,C,E,appartement,1995,53.5,182.0,2024-12-23,Bretagne,53,0
56182,D,F,maison,1994,70.8,278.0,2024-12-23,Bretagne,53,0
22159,F,D,appartement,1925,43.8,582.0,2024-12-23,Bretagne,53,1
35395,D,D,immeuble,1973,115.7,197.0,2024-12-24,Bretagne,53,0
35092,E,D,appartement,1981,43.0,673.0,2024-12-24,Bretagne,53,0
56118,D,D,maison,1987,40.0,228.0,2024-12-24,Bretagne,53,0
22079,G,D,appartement,1969,102.6,615.0,2024-12-24,Bretagne,53,1
35193,D,G,appartement,1965,121.3,239.0,2024-12-25,Bretagne,53,0
35254,E,D,maison,1975,101.6,583.0,2024-12-25,Bretagne,53,0
56307,D,G,maison,1968,62.7,277.0,2024-12-25,Bretagne,53,0
56168,E,E,appartement,1970,30.3,506.0,2024-12-25,Bretagne,53,0
35095,B,D,maison,2018,107.6,97.0,2024-12-26,Bretagne,53,0
56295,F,F,maison,1940,55.6,612.0,2024-12-26,Bretagne,53,1
22127,E,D,immeuble,1977,50.8,390.0,2024-12-26,Bretagne,53,0
56333,G,D,maison,1936,68.6,372.0,2024-12-26,Bretagne,53,1
35355,B,C,appartement,1995,55.0,78.0,2024-12-27,Bretagne,53,0
22380,D,E,maison,1965,34.0,296.0,2024-12-27,Bretagne,53,0
22099,C,F,appartement,2014,62.1,252.0,2024-12-27,Bretagne,53,0
29095,F,A,appartement,1960,78.3,665.0,2024-12-27,Bretagne,53,1
22177,D,C,appartement,1975,96.9,265.0,2024-12-28,Bretagne,53,0
29193,G,C,maison,1945,34.9,495.0,2024-12-28,Bretagne,53,1
56293,F,E,maison,1972,51.9,337.0,2024-12-28,Bretagne,53,1
35184,E,C,maison,1991,87.1,508.0,2024-12-28,Bretagne,53,0
22254,E,F,maison,1989,118.3,590.0,2024-12-29,Bretagne,53,0
35196,E,F,appartement,1985,35.4,608.0,2024-12-29,Bretagne,53,0
29051,C,E,maison,2011,57.9,219.0,2024-12-29,Bretagne,53,0
29302,D,D,appartement,1990,53.3,259.0,2024-12-29,Bretagne,53,0
35345,F,E,appartement,1921,50.9,347.0,2024-12-30,Bretagne,53,1
29360,A,D,appartement,2005,36.6,83.0,2024-12-30,Bretagne,53,0
35240,G,C,appartement,1936,137.8,404.0,2024-12-30,Bretagne,53,1
56007,E,F,maison,1989,33.2,611.0,2024-12-31,Bretagne,53,0
