CODGEO,NOM_COMMUNE,REVENU_MEDIAN,TAUX_PAUVRETE,MENAGES_PAUVRES
75056,Paris,31157.0,10.0,11.6
77001,Achères-la-Forêt,23651.0,20.5,22.6
77002,Amillis,20396.0,25.4,25.8
77003,Amponville,23841.0,15.8,15.2
77004,Andrezel,25784.0,17.5,18.1
77005,Annet-sur-Marne,21678.0,19.7,21.3
77006,Arbonne-la-Forêt,20422.0,23.0,25.3
77007,Argentières,18032.0,25.8,21.1
77008,Armentières-en-Brie,21472.0,21.6,23.8
77009,Arville,22411.0,19.3,18.3
77010,Aubepierre-Ozouer-le-Repos,23404.0,17.1,16.7
77011,Aufferville,19936.0,22.8,24.1
77012,Augers-en-Brie,21720.0,20.0,19.1
77013,Aulnoy,24304.0,18.3,20.0
77014,Avon,27682.0,13.5,15.0
77015,Baby,19546.0,22.1,18.8
77016,Bagneaux-sur-Loing,25278.0,16.9,16.0
77018,Bailly-Romainvilliers,27219.0,14.5,17.1
77019,Balloy,26016.0,14.2,11.6
77020,Bannost-Villegagnon,22890.0,17.9,18.5
77021,Barbey,19571.0,23.4,21.1
77022,Barbizon,24406.0,19.9,23.9
77023,Barcy,20970.0,18.7,21.4
77024,Bassevelle,17582.0,29.1,29.6
77025,Bazoches-lès-Bray,23120.0,16.8,17.0
77026,Beauchery-Saint-Martin,24653.0,17.4,16.8
77027,Beaumont-du-Gâtinais,21678.0,21.6,17.8
77029,Beauvoir,21515.0,24.2,19.9
77030,Bellot,19529.0,22.4,26.4
77031,Bernay-Vilbert,22304.0,21.2,17.8
77032,Beton-Bazoches,28650.0,13.9,14.5
77033,Bezalles,26372.0,16.1,14.9
77034,Blandy,20183.0,24.9,22.8
77035,Blennes,19363.0,22.9,18.5
77036,Boisdon,26584.0,16.1,14.5
77037,Bois-le-Roi,24171.0,20.6,17.8
77038,Boissettes,22402.0,19.5,21.3
77039,Boissise-la-Bertrand,29852.0,11.0,12.9
77040,Boissise-le-Roi,18249.0,24.0,22.6
77041,Boissy-aux-Cailles,22328.0,20.7,21.2
77042,Boissy-le-Châtel,27904.0,11.9,10.0
77043,Boitron,20873.0,25.2,22.7
77044,Bombon,22773.0,16.8,15.5
77045,Bougligny,25653.0,19.7,16.3
77046,Boulancourt,29235.0,11.8,10.4
77047,Bouleurs,25426.0,17.5,14.2
77048,Bourron-Marlotte,23148.0,18.1,16.7
77049,Boutigny,25783.0,12.9,15.5
77050,Bransles,21976.0,19.6,20.4
77051,Bray-sur-Seine,26895.0,11.0,12.5
77052,Bréau,27395.0,11.9,12.3
77053,Brie-Comte-Robert,30623.0,9.8,11.6
77054,La Brosse-Montceaux,21377.0,18.5,16.5
77055,Brou-sur-Chantereine,20149.0,24.3,22.8
77056,Burcy,21021.0,19.7,17.0
77057,Bussières,22721.0,20.9,21.2
77058,Bussy-Saint-Georges,25163.0,17.7,19.9
77059,Bussy-Saint-Martin,29892.0,15.1,17.6
77060,Buthiers,23617.0,19.0,17.0
77061,Cannes-Écluse,25194.0,19.3,20.6
77062,Carnetin,14880.0,31.7,36.1
77063,La Celle-sur-Morin,20289.0,24.7,24.6
77065,Cély,28917.0,13.9,14.3
77066,Cerneux,25894.0,16.5,17.5
77067,Cesson,33377.0,3.5,3.1
77068,Cessoy-en-Montois,20844.0,23.3,20.8
77069,Chailly-en-Bière,26338.0,16.8,15.0
77070,Chailly-en-Brie,25547.0,14.3,16.2
77071,Chaintreaux,23166.0,22.6,19.3
77072,Chalautre-la-Grande,21501.0,19.8,21.4
77073,Chalautre-la-Petite,19942.0,22.2,21.6
77075,Chalifert,25583.0,17.0,16.2
77076,Chalmaison,19574.0,23.8,21.7
77077,Chambry,21420.0,22.6,19.7
77078,Chamigny,25508.0,16.9,18.0
77079,Champagne-sur-Seine,29202.0,11.8,11.1
77080,Champcenest,24666.0,21.0,19.4
77081,Champdeuil,18635.0,27.2,22.2
77082,Champeaux,25436.0,19.0,16.7
77083,Champs-sur-Marne,27537.0,14.8,13.1
77084,Changis-sur-Marne,18776.0,24.8,27.5
77085,Chanteloup-en-Brie,23899.0,20.3,17.2
77086,La Chapelle-Gauthier,22548.0,18.9,17.7
77087,La Chapelle-Iger,24519.0,18.9,19.8
77088,La Chapelle-la-Reine,28674.0,15.3,15.2
77089,La Chapelle-Rablais,25614.0,18.6,17.2
77090,La Chapelle-Saint-Sulpice,30130.0,13.7,16.3
77091,Les Chapelles-Bourbon,15671.0,27.5,23.7
77093,La Chapelle-Moutils,19971.0,21.7,18.9
77094,Charmentray,18024.0,29.7,24.8
77095,Charny,22004.0,18.1,16.6
77096,Chartrettes,19150.0,24.5,27.0
77097,Chartronges,23507.0,19.0,19.3
77098,Châteaubleau,20060.0,22.6,23.0
77099,Château-Landon,17833.0,29.0,34.6
77100,Le Châtelet-en-Brie,23003.0,18.1,16.3
77101,Châtenay-sur-Seine,20002.0,22.4,19.3
77102,Châtenoy,21513.0,23.0,20.9
77103,Châtillon-la-Borde,18678.0,24.6,29.4
77104,Châtres,24311.0,17.9,15.5
77106,Chauffry,16667.0,30.7,28.5
77107,Chaumes-en-Brie,26123.0,14.4,16.5
77108,Chelles,27998.0,13.5,11.5
77109,Chenoise-Cucharmoy,19778.0,22.9,19.7
77110,Chenou,29097.0,14.7,12.1
77111,Chessy,31143.0,7.5,8.5
77112,Chevrainvilliers,19251.0,24.7,22.2
77113,Chevru,20114.0,24.2,24.9
77114,Chevry-Cossigny,25452.0,19.6,21.3
77115,Chevry-en-Sereine,26496.0,19.5,19.0
77116,Choisy-en-Brie,17255.0,25.7,23.6
77117,Citry,30181.0,11.1,11.5
77118,Claye-Souilly,25274.0,19.1,19.1
77119,Clos-Fontaine,18754.0,23.4,27.8
77120,Cocherel,23661.0,22.5,22.3
77121,Collégien,23269.0,17.3,17.7
77122,Combs-la-Ville,27194.0,12.8,14.3
77123,Compans,23245.0,20.4,23.6
77124,Conches-sur-Gondoire,21835.0,20.1,20.2
77125,Condé-Sainte-Libiaire,26360.0,14.7,12.3
77126,Congis-sur-Thérouanne,19636.0,22.5,23.0
77127,Coubert,27461.0,15.9,16.4
77128,Couilly-Pont-aux-Dames,22792.0,17.8,14.6
77129,Coulombs-en-Valois,18898.0,25.0,24.2
77130,Coulommes,19292.0,25.4,24.5
77131,Coulommiers,24743.0,17.2,17.5
77132,Coupvray,27870.0,13.7,14.8
77133,Courcelles-en-Bassée,29948.0,9.1,9.7
77134,Courchamp,17542.0,31.0,34.0
77135,Courpalay,25088.0,15.3,13.6
77136,Courquetaine,29263.0,12.8,13.9
77137,Courtacon,23423.0,22.5,25.8
77138,Courtomer,21665.0,20.1,16.5
77139,Courtry,20204.0,23.0,22.1
77140,Coutençon,20195.0,24.2,20.1
77141,Coutevroult,24085.0,20.1,17.9
77142,Crécy-la-Chapelle,26075.0,14.5,12.5
77143,Crégy-lès-Meaux,26658.0,17.6,15.2
77144,Crèvecœur-en-Brie,25271.0,15.0,13.7
77145,Crisenoy,27224.0,14.6,15.8
77146,Croissy-Beaubourg,26665.0,17.2,19.1
77147,La Croix-en-Brie,18823.0,23.5,22.6
77148,Crouy-sur-Ourcq,21567.0,23.8,21.0
77150,Cuisy,30134.0,9.5,8.8
77151,Dagny,22721.0,19.3,22.4
77152,Dammarie-les-Lys,23149.0,20.6,18.0
77153,Dammartin-en-Goële,23811.0,20.0,23.5
77154,Dammartin-sur-Tigeaux,20156.0,21.3,19.2
77155,Dampmart,25582.0,16.7,16.2
77156,Darvault,29839.0,12.0,9.7
77157,Dhuisy,18288.0,25.8,29.8
77158,Diant,23886.0,18.4,19.3
77159,Donnemarie-Dontilly,23673.0,19.3,17.5
77161,Dormelles,24669.0,17.3,17.5
77162,Doue,17514.0,27.8,22.8
77163,Douy-la-Ramée,17518.0,24.7,25.8
77164,Échouboulains,21252.0,26.3,23.0
77165,Les Écrennes,20164.0,24.6,21.0
77167,Égligny,23615.0,15.5,15.7
77168,Égreville,18278.0,26.6,31.1
77169,Émerainville,29384.0,14.5,17.2
77171,Esbly,26488.0,13.2,12.9
77172,Esmans,14880.0,28.6,27.3
77173,Étrépilly,19655.0,26.1,22.6
77174,Everly,26618.0,11.0,11.4
77175,Évry-Grégy-sur-Yerre,28125.0,9.8,7.9
77176,Faremoutiers,29033.0,11.2,11.8
77177,Favières,19400.0,22.5,21.8
77178,Faÿ-lès-Nemours,18172.0,23.1,27.3
77179,Féricy,23967.0,17.5,17.1
77180,Férolles-Attilly,19555.0,24.6,24.7
77181,Ferrières-en-Brie,23486.0,21.9,25.0
77182,La Ferté-Gaucher,24033.0,21.5,25.6
77183,La Ferté-sous-Jouarre,27884.0,16.7,17.7
77184,Flagy,27638.0,13.6,15.8
77185,Fleury-en-Bière,21395.0,24.1,26.6
77186,Fontainebleau,29097.0,14.1,16.3
77187,Fontaine-Fourches,27890.0,13.4,16.0
77188,Fontaine-le-Port,22009.0,21.6,18.3
77190,Fontains,24707.0,19.5,23.1
77191,Fontenailles,23510.0,16.5,15.1
77192,Fontenay-Trésigny,20794.0,22.2,18.5
77193,Forfry,24436.0,21.0,18.4
77194,Forges,32142.0,5.9,4.8
77195,Fouju,20118.0,21.1,22.7
77196,Fresnes-sur-Marne,20894.0,22.1,20.6
77197,Frétoy,20249.0,20.7,23.8
77198,Fromont,19508.0,23.8,28.5
77199,Fublaines,14880.0,30.6,29.5
77200,Garentreville,25891.0,16.7,18.3
77201,Gastins,21105.0,17.4,20.6
77202,La Genevraye,24323.0,17.4,19.7
77203,Germigny-l'Évêque,20136.0,22.6,24.2
77204,Germigny-sous-Coulombs,22550.0,19.3,19.6
77205,Gesvres-le-Chapitre,24914.0,20.6,18.6
77206,Giremoutiers,23914.0,19.5,21.3
77207,Gironville,21342.0,21.4,20.2
77208,Gouaix,20410.0,23.2,23.9
77209,Gouvernes,26098.0,14.6,13.5
77210,La Grande-Paroisse,23349.0,17.6,19.6
77211,Grandpuits-Bailly-Carrois,23340.0,15.6,14.2
77212,Gravon,21325.0,22.0,17.9
77214,Gressy,23485.0,14.3,14.4
77215,Gretz-Armainvilliers,25265.0,15.5,16.1
77216,Grez-sur-Loing,17351.0,25.1,27.2
77217,Grisy-Suisnes,31214.0,7.7,7.2
77218,Grisy-sur-Seine,21180.0,21.2,19.3
77219,Guérard,29210.0,9.8,9.7
77220,Guercheville,20936.0,23.8,24.7
77221,Guermantes,24742.0,16.4,15.3
77222,Guignes,24863.0,17.1,17.3
77223,Gurcy-le-Châtel,19356.0,25.1,27.2
77224,Hautefeuille,28062.0,14.1,13.5
77225,La Haute-Maison,23633.0,17.5,20.5
77226,Héricy,23403.0,17.6,20.9
77227,Hermé,29429.0,9.3,10.0
77228,Hondevilliers,24877.0,20.0,18.9
77229,La Houssaye-en-Brie,27615.0,12.1,12.1
77230,Ichy,19308.0,26.6,22.2
77231,Isles-les-Meldeuses,14880.0,29.3,25.9
77232,Isles-lès-Villenoy,22083.0,20.6,22.9
77233,Iverny,20080.0,25.4,23.3
77234,Jablines,23922.0,18.1,18.7
77235,Jaignes,23703.0,17.3,19.0
77236,Jaulnes,26232.0,11.4,11.9
77237,Jossigny,20982.0,22.2,24.0
77238,Jouarre,23594.0,21.1,20.6
77239,Jouy-le-Châtel,25815.0,17.4,15.5
77240,Jouy-sur-Morin,18082.0,27.8,28.8
77241,Juilly,25195.0,18.5,14.9
77242,Jutigny,27187.0,14.4,13.2
77243,Lagny-sur-Marne,22479.0,25.6,30.3
77244,Larchant,24888.0,18.1,17.2
77245,Laval-en-Brie,20143.0,21.0,21.1
77246,Léchelle,24072.0,16.6,14.9
77247,Lescherolles,22278.0,20.8,21.0
77248,Lesches,17690.0,26.3,30.3
77249,Lésigny,24529.0,18.8,15.8
77250,Leudon-en-Brie,28021.0,14.2,12.4
77251,Lieusaint,25002.0,17.9,16.5
77252,Limoges-Fourches,23725.0,22.5,24.8
77253,Lissy,14880.0,29.4,29.2
77254,Liverdy-en-Brie,19685.0,23.0,19.8
77255,Livry-sur-Seine,26558.0,16.5,19.6
77256,Lizines,24971.0,20.2,22.1
77257,Lizy-sur-Ourcq,31101.0,13.0,12.6
77258,Lognes,26637.0,12.9,14.6
77259,Longperrier,27541.0,14.8,16.4
77260,Longueville,21103.0,25.0,21.3
77261,Lorrez-le-Bocage-Préaux,23904.0,16.4,15.5
77262,Louan-Villegruis-Fontaine,22706.0,20.5,18.7
77263,Luisetaines,19849.0,22.9,26.4
77264,Lumigny-Nesles-Ormeaux,24968.0,16.2,15.9
77265,Luzancy,24645.0,19.9,16.3
77266,Machault,19989.0,22.1,23.0
77267,La Madeleine-sur-Loing,21051.0,21.9,25.3
77268,Magny-le-Hongre,22459.0,22.9,25.9
77269,Maincy,22865.0,17.9,17.0
77270,Maisoncelles-en-Brie,25887.0,19.5,19.1
77271,Maisoncelles-en-Gâtinais,25792.0,15.2,15.5
77272,Maison-Rouge,21814.0,22.3,22.1
77273,Marchémoret,20104.0,24.2,25.7
77274,Marcilly,24365.0,17.7,18.5
77275,Les Marêts,22306.0,21.3,19.7
77276,Mareuil-lès-Meaux,25696.0,15.4,16.4
77277,Marles-en-Brie,24001.0,15.8,18.3
77278,Marolles-en-Brie,20462.0,21.4,24.4
77279,Marolles-sur-Seine,15200.0,30.3,29.9
77280,Mary-sur-Marne,24440.0,17.9,18.2
77281,Mauperthuis,15786.0,28.8,31.9
77282,Mauregard,25634.0,18.2,15.9
77283,May-en-Multien,17658.0,28.6,29.4
77284,Meaux,29941.0,13.4,13.5
77285,Le Mée-sur-Seine,31166.0,11.7,12.7
77286,Meigneux,23676.0,20.2,20.5
77287,Meilleray,27437.0,15.3,16.9
77288,Melun,29496.0,15.2,12.3
77289,Melz-sur-Seine,20606.0,22.9,24.4
77290,Méry-sur-Marne,28782.0,10.5,9.4
77291,Le Mesnil-Amelot,24467.0,16.0,18.2
77292,Messy,22666.0,24.0,28.7
77293,Misy-sur-Yonne,23490.0,21.5,24.7
77294,Mitry-Mory,22005.0,23.6,24.6
77295,Moisenay,24659.0,20.4,22.8
77296,Moissy-Cramayel,25770.0,14.2,12.8
77297,Mondreville,19201.0,28.6,31.5
77298,Mons-en-Montois,22793.0,19.8,21.3
77300,Montceaux-lès-Meaux,25344.0,15.7,13.0
77301,Montceaux-lès-Provins,23718.0,21.5,24.2
77302,Moncourt-Fromonville,23784.0,18.7,18.2
77303,Montdauphin,21833.0,23.2,24.7
77304,Montenils,22985.0,20.8,24.6
77305,Montereau-Fault-Yonne,22481.0,17.6,14.3
77306,Montereau-sur-le-Jard,18237.0,27.3,28.6
77307,Montévrain,26550.0,15.0,13.6
77308,Montgé-en-Goële,21762.0,18.3,15.4
77309,Monthyon,31518.0,8.1,6.7
77310,Montigny-le-Guesdier,25553.0,19.1,21.4
77311,Montigny-Lencoup,27560.0,13.8,12.9
77312,Montigny-sur-Loing,24274.0,17.2,20.6
77313,Montmachoux,21394.0,22.1,25.5
77314,Montolivet,22147.0,19.6,21.9
77315,Montry,25177.0,14.1,11.8
77316,Moret-Loing-et-Orvanne,25453.0,14.8,13.0
77317,Mormant,28548.0,14.6,12.4
77318,Mortcerf,18634.0,26.1,25.2
77319,Mortery,17403.0,25.1,29.0
77320,Mouroux,29327.0,10.6,9.6
77321,Mousseaux-lès-Bray,18097.0,25.6,24.2
77322,Moussy-le-Neuf,30748.0,10.5,9.5
77323,Moussy-le-Vieux,15174.0,27.3,27.3
77325,Mouy-sur-Seine,23701.0,17.3,14.7
77326,Nandy,21219.0,23.8,27.6
77327,Nangis,24807.0,16.6,19.8
77328,Nanteau-sur-Essonne,22379.0,17.3,17.2
77329,Nanteau-sur-Lunain,25781.0,18.0,16.0
77330,Nanteuil-lès-Meaux,27015.0,17.0,16.6
77331,Nanteuil-sur-Marne,17030.0,29.1,33.3
77332,Nantouillet,24313.0,20.1,19.9
77333,Nemours,23756.0,22.1,18.8
77335,Chauconin-Neufmontiers,22742.0,20.4,21.2
77336,Neufmoutiers-en-Brie,23284.0,18.3,20.5
77337,Noisiel,27443.0,15.4,13.7
77338,Noisy-Rudignon,25408.0,16.9,15.7
77339,Noisy-sur-École,20379.0,23.7,20.5
77340,Nonville,22900.0,21.6,23.7
77341,Noyen-sur-Seine,27680.0,15.5,13.1
77342,Obsonville,25361.0,15.4,16.3
77343,Ocquerre,20135.0,21.9,18.8
77344,Oissery,28265.0,15.0,14.8
77345,Orly-sur-Morin,27375.0,16.3,16.0
77347,Les Ormes-sur-Voulzie,24747.0,16.2,13.0
77348,Ormesson,18848.0,26.5,27.3
77349,Othis,26519.0,11.3,9.2
77350,Ozoir-la-Ferrière,26387.0,14.0,14.0
77352,Ozouer-le-Voulgis,19297.0,23.3,18.7
77353,Paley,24796.0,21.6,21.9
77354,Pamfou,23657.0,18.1,16.1
77355,Paroy,25601.0,16.7,14.0
77356,Passy-sur-Seine,24886.0,17.2,19.3
77357,Pécy,23825.0,19.4,19.5
77358,Penchard,22579.0,20.8,23.2
77359,Perthes,26063.0,13.8,11.5
77360,Pézarches,23019.0,21.1,24.2
77361,Pierre-Levée,20861.0,19.8,18.2
77363,Le Pin,22600.0,23.1,23.1
77364,Le Plessis-aux-Bois,22067.0,21.1,25.2
77365,Le Plessis-Feu-Aussoux,27702.0,15.0,13.5
77366,Le Plessis-l'Évêque,20890.0,22.6,22.9
77367,Le Plessis-Placy,16050.0,30.5,34.8
77368,Poigny,24833.0,16.6,15.3
77369,Poincy,26445.0,16.5,15.8
77370,Poligny,24209.0,18.3,20.4
77371,Pommeuse,25429.0,16.2,16.6
77372,Pomponne,25549.0,17.4,16.5
77373,Pontault-Combault,25051.0,16.0,15.0
77374,Pontcarré,25736.0,16.5,16.0
77376,Précy-sur-Marne,26717.0,13.2,12.1
77377,Presles-en-Brie,28125.0,12.1,12.0
77378,Pringy,24178.0,19.6,23.1
77379,Provins,26403.0,16.3,18.3
77380,Puisieux,29078.0,11.4,12.3
77381,Quiers,20658.0,22.3,19.5
77382,Quincy-Voisins,25918.0,18.5,19.4
77383,Rampillon,22182.0,21.8,25.0
77384,Réau,21521.0,24.2,19.5
77385,Rebais,25321.0,19.2,16.9
77386,Recloses,22914.0,20.3,16.3
77387,Remauville,15815.0,26.3,26.7
77388,Reuil-en-Brie,18108.0,24.7,27.3
77389,La Rochette,23376.0,22.5,22.0
77390,Roissy-en-Brie,32398.0,12.0,14.0
77391,Rouilly,23926.0,23.4,20.0
77392,Rouvres,22828.0,17.3,15.2
77393,Rozay-en-Brie,24336.0,17.9,19.4
77394,Rubelles,25365.0,20.2,22.5
77395,Rumont,20390.0,21.3,25.1
77396,Rupéreux,18254.0,25.3,21.7
77397,Saâcy-sur-Marne,21351.0,19.7,22.7
77398,Sablonnières,31704.0,10.5,10.8
77400,Saint-Augustin,23452.0,17.3,17.3
77401,Sainte-Aulde,18740.0,23.6,25.4
77402,Saint-Barthélemy,27479.0,14.1,14.3
77403,Saint-Brice,22508.0,21.2,23.2
77404,Sainte-Colombe,24202.0,17.8,18.1
77405,Saint-Cyr-sur-Morin,25613.0,14.6,16.6
77406,Saint-Denis-lès-Rebais,26958.0,14.2,12.9
77407,Saint-Fargeau-Ponthierry,25740.0,17.2,19.1
77408,Saint-Fiacre,19246.0,26.2,21.7
77409,Saint-Germain-Laval,26392.0,14.4,15.4
77410,Saint-Germain-Laxis,23297.0,19.2,20.3
77411,Saint-Germain-sous-Doue,24374.0,19.8,17.3
77412,Saint-Germain-sur-École,30028.0,9.3,10.4
77413,Saint-Germain-sur-Morin,21432.0,22.8,25.3
77414,Saint-Hilliers,19947.0,24.2,26.6
77415,Saint-Jean-les-Deux-Jumeaux,15632.0,30.7,33.7
77416,Saint-Just-en-Brie,19110.0,25.3,29.9
77417,Saint-Léger,26356.0,14.2,16.3
77418,Saint-Loup-de-Naud,19399.0,27.7,33.2
77419,Saint-Mammès,25037.0,16.8,19.2
77420,Saint-Mard,25479.0,14.8,12.3
77421,Saint-Mars-Vieux-Maisons,29839.0,12.8,14.7
77423,Saint-Martin-des-Champs,17739.0,27.9,23.9
77424,Saint-Martin-du-Boschet,25195.0,18.0,16.5
77425,Saint-Martin-en-Bière,28085.0,13.9,13.3
77426,Saint-Méry,16528.0,25.0,24.5
77427,Saint-Mesmes,22021.0,22.9,18.9
77428,Saint-Ouen-en-Brie,24105.0,19.4,22.7
77429,Saint-Ouen-sur-Morin,29425.0,8.1,8.4
77430,Saint-Pathus,27497.0,14.0,12.7
77431,Saint-Pierre-lès-Nemours,25640.0,15.5,15.5
77432,Saint-Rémy-de-la-Vanne,25808.0,15.1,16.7
77433,Beautheil-Saints,24419.0,21.1,24.9
77434,Saint-Sauveur-lès-Bray,26564.0,18.3,15.8
77435,Saint-Sauveur-sur-École,16879.0,25.0,24.9
77436,Saint-Siméon,21526.0,22.6,19.4
77437,Saint-Soupplets,24021.0,17.3,20.1
77438,Saint-Thibault-des-Vignes,22214.0,23.8,28.3
77439,Salins,27972.0,9.9,9.5
77440,Sammeron,22734.0,19.1,18.9
77441,Samois-sur-Seine,21675.0,20.2,23.7
77442,Samoreau,29462.0,11.8,12.9
77443,Sancy,28167.0,12.9,11.3
77444,Sancy-lès-Provins,24008.0,20.6,21.5
77445,Savigny-le-Temple,24024.0,23.4,22.8
77446,Savins,18997.0,26.2,22.9
77447,Seine-Port,15738.0,34.4,29.6
77448,Sept-Sorts,27829.0,16.9,15.9
77449,Serris,21684.0,24.3,25.3
77450,Servon,30806.0,9.8,11.5
77451,Signy-Signets,32314.0,8.2,7.2
77452,Sigy,20644.0,22.5,19.8
77453,Sivry-Courtry,25440.0,19.0,20.3
77454,Sognolles-en-Montois,25520.0,15.1,17.6
77455,Soignolles-en-Brie,27086.0,14.3,14.1
77456,Soisy-Bouy,14880.0,32.0,27.6
77457,Solers,26705.0,16.5,14.5
77458,Souppes-sur-Loing,21028.0,22.7,25.3
77459,Sourdun,20657.0,25.6,27.7
77460,Tancrou,23591.0,19.4,15.9
77461,Thénisy,14880.0,32.1,33.4
77462,Thieux,21122.0,19.8,23.2
77463,Thomery,23469.0,20.8,20.8
77464,Thorigny-sur-Marne,27317.0,13.1,12.6
77465,Thoury-Férottes,20895.0,23.8,21.8
77466,Tigeaux,21582.0,19.3,15.8
77467,La Tombe,18200.0,28.1,23.2
77468,Torcy,24991.0,19.4,22.0
77469,Touquin,24655.0,17.5,14.9
77470,Tournan-en-Brie,24264.0,17.8,17.5
77471,Tousson,21574.0,16.8,16.1
77472,La Trétoire,25114.0,19.9,21.0
77473,Treuzy-Levelay,25829.0,12.5,11.9
77474,Trilbardou,15812.0,29.5,26.3
77475,Trilport,31770.0,12.4,13.1
77476,Trocy-en-Multien,24720.0,18.6,15.6
77477,Ury,16579.0,28.7,24.8
77478,Ussy-sur-Marne,24635.0,11.1,10.7
77479,Vaires-sur-Marne,23714.0,21.1,24.7
77480,Valence-en-Brie,18383.0,23.5,19.6
77481,Vanvillé,25515.0,15.3,14.3
77482,Varennes-sur-Seine,22342.0,21.2,21.8
77483,Varreddes,29314.0,13.6,12.4
77484,Vaucourtois,17324.0,27.2,27.1
77485,Le Vaudoué,18783.0,22.3,23.0
77486,Vaudoy-en-Brie,26438.0,14.1,16.8
77487,Vaux-le-Pénil,29048.0,15.2,12.4
77489,Vaux-sur-Lunain,22292.0,23.9,20.3
77490,Vendrest,25053.0,16.3,17.6
77492,Verdelot,23775.0,16.5,18.8
77493,Verneuil-l'Étang,18104.0,24.4,26.3
77494,Vernou-la-Celle-sur-Seine,26155.0,18.5,20.9
77495,Vert-Saint-Denis,25189.0,19.7,20.5
77496,Vieux-Champagne,23781.0,17.5,17.5
77498,Vignely,31395.0,8.8,10.0
77500,Villebéon,21193.0,24.0,19.5
77501,Villecerf,22889.0,20.6,23.4
77504,Villemaréchal,29337.0,12.2,10.3
77505,Villemareuil,18747.0,27.8,29.3
77506,Villemer,24873.0,16.4,17.1
77507,Villenauxe-la-Petite,24441.0,18.2,15.1
77508,Villeneuve-le-Comte,20940.0,25.9,27.2
77509,Villeneuve-les-Bordes,23039.0,21.7,21.1
77510,Villeneuve-Saint-Denis,19626.0,20.5,18.0
77511,Villeneuve-sous-Dammartin,24648.0,18.5,20.8
77512,Villeneuve-sur-Bellot,27607.0,15.2,12.9
77513,Villenoy,30310.0,11.8,12.2
77514,Villeparisis,24895.0,19.1,19.5
77515,Villeroy,28781.0,11.8,11.3
77516,Ville-Saint-Jacques,21927.0,19.8,17.8
77517,Villevaudé,27513.0,16.3,17.2
77518,Villiers-en-Bière,17107.0,23.5,22.2
77519,Villiers-Saint-Georges,20771.0,24.5,20.1
77520,Villiers-sous-Grez,24692.0,17.0,16.8
77521,Villiers-sur-Morin,25258.0,17.2,16.4
77522,Villiers-sur-Seine,18525.0,24.6,29.2
77523,Villuis,25519.0,17.2,18.3
77524,Vimpelles,26617.0,20.7,17.1
77525,Vinantes,23758.0,21.2,18.2
77526,Vincy-Manœuvre,29159.0,12.7,10.9
77527,Voinsles,24730.0,21.5,18.2
77528,Voisenon,19389.0,27.4,24.1
77529,Voulangis,19968.0,22.9,18.8
77530,Voulton,23364.0,19.9,19.4
77531,Voulx,23788.0,18.6,20.4
77532,Vulaines-lès-Provins,25458.0,13.2,13.0
77533,Vulaines-sur-Seine,27805.0,15.0,12.4
77534,Yèbles,23479.0,18.2,17.3
78003,Ablis,27598.0,13.6,15.2
78005,Achères,31943.0,8.4,7.5
78006,Adainville,24950.0,16.3,17.3
78007,Aigremont,25751.0,17.2,15.5
78009,Allainville,33563.0,7.3,6.7
78010,Les Alluets-le-Roi,18993.0,25.6,30.0
78013,Andelu,20683.0,22.2,20.6
78015,Andrésy,30485.0,10.1,8.1
78020,Arnouville-lès-Mantes,27432.0,13.3,13.7
78029,Aubergenville,29712.0,11.8,11.4
78030,Auffargis,22801.0,20.7,16.6
78031,Auffreville-Brasseuil,21258.0,19.3,18.2
78033,Aulnay-sur-Mauldre,26547.0,16.6,15.1
78034,Auteuil,28724.0,16.4,18.0
78036,Autouillet,28919.0,12.5,11.3
78043,Bailly,23672.0,19.5,18.8
78048,Bazainville,25097.0,19.1,20.7
78049,Bazemont,26705.0,19.1,19.9
78050,Bazoches-sur-Guyonne,24850.0,15.9,18.0
78053,Béhoust,31286.0,8.0,7.4
78057,Bennecourt,27551.0,13.8,16.2
78062,Beynes,24086.0,18.6,21.5
78068,Blaru,34059.0,7.2,8.5
78070,Boinville-en-Mantois,34650.0,6.5,6.6
78071,Boinville-le-Gaillard,23975.0,20.1,16.2
78072,Boinvilliers,22125.0,16.6,16.1
78073,Bois-d'Arcy,25003.0,18.1,16.6
78076,Boissets,19090.0,22.7,23.1
78077,La Boissière-École,28030.0,15.1,13.8
78082,Boissy-Mauvoisin,25500.0,17.7,19.5
78084,Boissy-sans-Avoir,21580.0,21.8,21.8
78087,Bonnelles,24832.0,21.7,17.9
78089,Bonnières-sur-Seine,30146.0,13.0,12.1
78090,Bouafle,26591.0,14.6,17.2
78092,Bougival,21666.0,21.3,19.5
78096,Bourdonné,31075.0,7.4,7.8
78104,Breuil-Bois-Robert,23870.0,18.5,14.9
78107,Bréval,26975.0,17.2,16.6
78108,Les Bréviaires,33295.0,4.6,5.3
78113,Brueil-en-Vexin,26977.0,18.0,16.2
78117,Buc,25670.0,18.1,21.7
78118,Buchelay,25274.0,15.5,16.7
78120,Bullion,29422.0,15.1,14.0
78123,Carrières-sous-Poissy,28387.0,12.3,10.8
78124,Carrières-sur-Seine,30259.0,8.6,10.3
78125,La Celle-les-Bordes,24868.0,18.1,14.6
78126,La Celle-Saint-Cloud,26807.0,12.8,11.8
78128,Cernay-la-Ville,26602.0,16.7,14.1
78133,Chambourcy,30071.0,10.4,10.8
78138,Chanteloup-les-Vignes,26636.0,12.7,10.9
78140,Chapet,24105.0,14.8,12.9
78143,Châteaufort,19522.0,22.0,18.8
78146,Chatou,28068.0,15.7,15.0
78147,Chaufour-lès-Bonnières,27131.0,14.7,16.8
78152,Chavenay,22847.0,21.8,22.1
78158,Le Chesnay-Rocquencourt,28179.0,14.1,14.1
78160,Chevreuse,31083.0,7.1,8.5
78162,Choisel,19248.0,27.0,21.9
78163,Civry-la-Forêt,37454.0,3.0,3.0
78164,Clairefontaine-en-Yvelines,16320.0,27.0,30.7
78165,Les Clayes-sous-Bois,26926.0,16.4,19.1
78168,Coignières,28228.0,14.4,15.4
78171,Condé-sur-Vesgre,25572.0,17.8,19.8
78172,Conflans-Sainte-Honorine,31734.0,10.4,11.1
78185,Courgent,27646.0,13.4,15.6
78188,Cravent,22850.0,21.1,24.7
78189,Crespières,20601.0,21.4,21.4
78190,Croissy-sur-Seine,29466.0,13.0,14.3
78192,Dammartin-en-Serve,26107.0,18.8,17.7
78193,Dampierre-en-Yvelines,21982.0,20.7,20.6
78194,Dannemarie,23974.0,19.0,20.6
78196,Davron,16843.0,28.1,24.6
78202,Drocourt,17260.0,26.7,25.3
78206,Ecquevilly,28105.0,14.4,13.1
78208,Élancourt,28304.0,14.6,12.5
78209,Émancé,25459.0,17.1,18.5
78217,Épône,26964.0,14.7,15.5
78220,Les Essarts-le-Roi,23959.0,20.1,18.9
78224,L'Étang-la-Ville,25942.0,13.7,14.4
78227,Évecquemont,25425.0,19.0,21.5
78230,La Falaise,27426.0,17.4,15.4
78231,Favrieux,31701.0,9.2,9.4
78233,Feucherolles,25679.0,18.2,18.3
78234,Flacourt,26462.0,14.5,16.2
78236,Flexanville,22612.0,18.2,21.7
78237,Flins-Neuve-Église,27447.0,13.8,13.2
78238,Flins-sur-Seine,23702.0,21.8,23.2
78239,Follainville-Dennemont,24851.0,16.1,16.2
78242,Fontenay-le-Fleury,24593.0,18.2,18.9
78245,Fontenay-Mauvoisin,20460.0,22.0,21.6
78246,Fontenay-Saint-Père,27780.0,15.7,12.8
78255,Freneuse,23530.0,19.7,23.2
78261,Gaillon-sur-Montcient,23328.0,20.1,19.8
78262,Galluis,27408.0,19.9,22.4
78263,Gambais,39376.0,3.2,3.3
78264,Gambaiseuil,23770.0,16.3,16.9
78265,Garancières,29643.0,11.2,11.6
78267,Gargenville,25166.0,16.0,18.2
78269,Gazeran,31203.0,9.0,9.3
78276,Gommecourt,31063.0,10.7,12.0
78278,Goupillières,27238.0,15.0,13.3
78281,Goussonville,29494.0,10.7,9.6
78283,Grandchamp,26237.0,18.9,20.4
78285,Gressey,16574.0,27.3,28.9
78289,Grosrouvre,26077.0,17.5,16.5
78290,Guernes,30874.0,9.2,10.3
78291,Guerville,23893.0,17.6,15.1
78296,Guitrancourt,26473.0,18.6,18.4
78297,Guyancourt,32606.0,5.6,6.0
78299,Hardricourt,27464.0,15.2,17.4
78300,Hargeville,23686.0,21.3,24.2
78302,La Hauteville,25450.0,18.0,19.8
78305,Herbeville,19469.0,23.1,19.3
78307,Hermeray,24141.0,21.5,18.1
78310,Houdan,27230.0,15.8,15.6
78311,Houilles,27223.0,12.6,11.2
78314,Issou,27750.0,13.8,15.8
78317,Jambville,27799.0,17.3,17.9
78320,Notre-Dame-de-la-Mer,21782.0,20.9,20.0
78321,Jouars-Pontchartrain,26043.0,19.4,15.9
78322,Jouy-en-Josas,28327.0,10.6,9.1
78324,Jouy-Mauvoisin,26218.0,12.8,12.4
78325,Jumeauville,31746.0,8.5,8.7
78327,Juziers,27334.0,14.2,15.9
78329,Lainville-en-Vexin,29053.0,13.2,14.5
78334,Lévis-Saint-Nom,29371.0,13.8,14.9
78335,Limay,28463.0,16.5,13.4
78337,Limetz-Villez,31247.0,10.4,8.9
78343,Les Loges-en-Josas,20464.0,27.2,32.6
78344,Lommoye,25987.0,13.0,10.5
78346,Longnes,22254.0,21.7,19.3
78349,Longvilliers,24788.0,17.2,15.9
78350,Louveciennes,21844.0,20.2,17.2
78354,Magnanville,26690.0,16.6,18.1
78356,Magny-les-Hameaux,29247.0,11.7,10.8
78358,Maisons-Laffitte,30375.0,8.6,7.5
78361,Mantes-la-Jolie,25753.0,16.7,19.1
78362,Mantes-la-Ville,25149.0,16.0,13.7
78364,Marcq,30276.0,6.9,8.1
78366,Mareil-le-Guyon,27655.0,16.3,17.3
78367,Mareil-Marly,26858.0,14.9,17.8
78368,Mareil-sur-Mauldre,21515.0,21.5,25.4
78372,Marly-le-Roi,34226.0,6.0,5.0
78380,Maule,29344.0,10.4,8.4
78381,Maulette,28812.0,12.1,10.3
78382,Maurecourt,27614.0,13.4,11.6
78383,Maurepas,26845.0,19.4,21.2
78384,Médan,18979.0,22.2,20.1
78385,Ménerville,22540.0,14.3,12.6
78389,Méré,22010.0,28.6,26.4
78391,Méricourt,21394.0,22.0,20.9
78396,Le Mesnil-le-Roi,23988.0,17.5,15.5
78397,Le Mesnil-Saint-Denis,24288.0,16.8,18.0
78398,Les Mesnuls,28259.0,15.9,16.7
78401,Meulan-en-Yvelines,28032.0,8.9,9.6
78402,Mézières-sur-Seine,30744.0,11.3,9.1
78403,Mézy-sur-Seine,27650.0,13.9,15.4
78404,Millemont,25376.0,17.5,18.8
78406,Milon-la-Chapelle,22100.0,23.3,20.0
78407,Mittainville,30192.0,9.4,10.1
78410,Moisson,24139.0,17.9,15.1
78413,Mondreville,26814.0,12.0,10.9
78415,Montainville,31989.0,7.3,6.2
78416,Montalet-le-Bois,19561.0,22.7,26.3
78417,Montchauvet,31819.0,7.9,8.0
78418,Montesson,29156.0,15.5,16.8
78420,Montfort-l'Amaury,30228.0,8.8,7.2
78423,Montigny-le-Bretonneux,30363.0,10.5,9.5
78431,Morainvilliers,25344.0,16.5,14.5
78437,Mousseaux-sur-Seine,32719.0,6.4,6.1
78439,Mulcent,22471.0,20.3,20.3
78440,Les Mureaux,22323.0,18.4,15.5
78442,Neauphle-le-Château,19926.0,23.1,20.2
78443,Neauphle-le-Vieux,21987.0,20.6,20.4
78444,Neauphlette,24845.0,20.7,17.4
78451,Nézel,27431.0,13.9,14.2
78455,Noisy-le-Roi,26621.0,16.5,14.9
78460,Oinville-sur-Montcient,24087.0,17.2,16.0
78464,Orcemont,21656.0,22.2,20.6
78465,Orgerus,22370.0,20.8,22.3
78466,Orgeval,30464.0,11.2,12.2
78470,Orphin,25477.0,17.3,17.2
78472,Orsonville,26943.0,13.0,13.1
78474,Orvilliers,25844.0,16.4,13.3
78475,Osmoy,26347.0,16.4,16.7
78478,Paray-Douaville,20726.0,21.8,21.1
78481,Le Pecq,24430.0,16.6,19.8
78484,Perdreauville,28711.0,10.2,8.5
78486,Le Perray-en-Yvelines,24628.0,19.6,18.3
78490,Plaisir,22864.0,22.4,25.1
78497,Poigny-la-Forêt,20914.0,21.5,17.6
78498,Poissy,25120.0,17.0,18.2
78499,Ponthévrard,27260.0,11.1,12.0
78501,Porcheville,32615.0,10.2,11.0
78502,Le Port-Marly,26105.0,17.3,20.8
78505,Prunay-le-Temple,17285.0,24.2,21.0
78506,Prunay-en-Yvelines,29968.0,9.5,8.4
78513,La Queue-les-Yvelines,25377.0,14.6,11.9
78516,Raizeux,24737.0,16.2,14.3
78517,Rambouillet,26477.0,13.4,12.1
78518,Rennemoulin,19511.0,24.8,29.6
78520,Richebourg,25713.0,16.6,17.0
78522,Rochefort-en-Yvelines,20099.0,26.1,30.1
78528,Rolleboise,24115.0,18.1,15.9
78530,Rosay,32372.0,6.6,7.1
78531,Rosny-sur-Seine,31028.0,12.1,12.5
78536,Sailly,32451.0,8.1,8.2
78537,Saint-Arnoult-en-Yvelines,27909.0,13.7,12.1
78545,Saint-Cyr-l'École,25559.0,18.8,15.7
78548,Saint-Forget,28415.0,11.7,11.6
78550,Saint-Germain-de-la-Grange,22748.0,17.0,14.1
78551,Saint-Germain-en-Laye,24371.0,16.8,17.1
78557,Saint-Hilarion,23296.0,21.2,19.4
78558,Saint-Illiers-la-Ville,24418.0,16.2,13.8
78559,Saint-Illiers-le-Bois,24369.0,20.4,16.4
78561,Saint-Lambert,16320.0,29.4,25.5
78562,Saint-Léger-en-Yvelines,20054.0,21.3,18.4
78564,Saint-Martin-de-Bréthencourt,20634.0,25.9,29.0
78565,Saint-Martin-des-Champs,30865.0,9.7,8.1
78567,Saint-Martin-la-Garenne,19732.0,26.7,28.0
78569,Sainte-Mesme,24655.0,15.3,18.3
78571,Saint-Nom-la-Bretèche,24586.0,21.8,19.0
78575,Saint-Rémy-lès-Chevreuse,24615.0,16.4,15.9
78576,Saint-Rémy-l'Honoré,34932.0,5.6,5.0
78586,Sartrouville,29508.0,13.7,14.6
78588,Saulx-Marchais,26735.0,14.4,12.3
78590,Senlisse,28241.0,16.3,18.1
78591,Septeuil,25867.0,18.7,18.2
78597,Soindres,23807.0,24.5,26.3
78601,Sonchamp,21190.0,23.2,24.0
78605,Tacoignières,27678.0,16.4,16.6
78606,Le Tartre-Gaudran,24217.0,21.9,24.1
78608,Le Tertre-Saint-Denis,20897.0,24.8,22.4
78609,Tessancourt-sur-Aubette,23510.0,21.1,22.9
78615,Thiverval-Grignon,21340.0,19.1,22.0
78616,Thoiry,25658.0,16.5,15.9
78618,Tilly,27115.0,14.9,13.0
78620,Toussus-le-Noble,36407.0,3.7,3.2
78621,Trappes,31998.0,10.5,11.2
78623,Le Tremblay-sur-Mauldre,21865.0,23.6,28.1
78624,Triel-sur-Seine,30386.0,12.1,14.1
78638,Vaux-sur-Seine,27814.0,20.5,22.3
78640,Vélizy-Villacoublay,29432.0,13.3,14.5
78642,Verneuil-sur-Seine,32018.0,9.4,8.4
78643,Vernouillet,31379.0,8.9,8.5
78644,La Verrière,25377.0,15.3,18.2
78646,Versailles,31892.0,10.0,11.1
78647,Vert,25587.0,15.8,13.3
78650,Le Vésinet,30860.0,6.2,6.6
78653,Vicq,24073.0,15.8,15.0
78655,Vieille-Église-en-Yvelines,20904.0,21.9,25.0
78668,La Villeneuve-en-Chevrie,31181.0,10.3,11.7
78672,Villennes-sur-Seine,33026.0,11.8,9.9
78674,Villepreux,32815.0,8.4,7.3
78677,Villette,27222.0,15.1,16.3
78681,Villiers-le-Mahieu,25828.0,17.4,17.0
78683,Villiers-Saint-Frédéric,27826.0,14.6,16.9
78686,Viroflay,34627.0,6.0,4.8
78688,Voisins-le-Bretonneux,28663.0,13.6,15.5
91001,Abbéville-la-Rivière,21224.0,20.1,18.5
91016,Angerville,24763.0,16.5,18.0
91017,Angervilliers,23818.0,23.3,27.5
91021,Arpajon,26315.0,14.7,13.6
91022,Arrancourt,25337.0,17.5,14.6
91027,Athis-Mons,27203.0,13.4,14.3
91035,Authon-la-Plaine,23456.0,19.1,18.3
91037,Auvernaux,23012.0,17.3,18.4
91038,Auvers-Saint-Georges,20991.0,23.5,23.8
91041,Avrainville,24414.0,22.3,22.5
91044,Ballainvilliers,20641.0,22.5,26.2
91045,Ballancourt-sur-Essonne,25460.0,15.0,16.5
91047,Baulne,28922.0,11.3,12.5
91064,Bièvres,28617.0,10.6,9.2
91067,Blandy,18898.0,27.2,27.3
91069,Boigneville,24365.0,15.0,12.8
91075,Bois-Herpin,21277.0,26.8,31.6
91079,Boissy-la-Rivière,24428.0,18.6,17.3
91080,Boissy-le-Cutté,25156.0,19.0,15.9
91081,Boissy-le-Sec,35379.0,3.2,3.4
91085,Boissy-sous-Saint-Yon,23586.0,18.2,18.0
91086,Bondoufle,25939.0,18.6,20.9
91093,Boullay-les-Troux,29704.0,7.0,7.3
91095,Bouray-sur-Juine,26224.0,19.0,15.5
91097,Boussy-Saint-Antoine,24405.0,16.3,19.1
91098,Boutervilliers,19487.0,21.9,20.3
91099,Boutigny-sur-Essonne,29310.0,10.4,12.0
91100,Bouville,24726.0,17.4,20.8
91103,Brétigny-sur-Orge,26265.0,14.9,16.9
91105,Breuillet,27817.0,12.6,12.4
91106,Breux-Jouy,26061.0,11.8,9.5
91109,Brières-les-Scellés,25479.0,16.1,16.2
91111,Briis-sous-Forges,23868.0,17.9,17.6
91112,Brouy,28967.0,13.3,11.5
91114,Brunoy,26877.0,15.8,13.0
91115,Bruyères-le-Châtel,32277.0,8.8,8.6
91121,Buno-Bonnevaux,26391.0,14.9,17.7
91122,Bures-sur-Yvette,27231.0,13.9,14.7
91129,Cerny,23678.0,20.3,23.0
91130,Chalo-Saint-Mars,27917.0,13.4,15.1
91131,Chalou-Moulineux,24349.0,21.6,19.1
91132,Chamarande,26034.0,16.9,14.2
91135,Champcueil,28651.0,11.5,9.5
91136,Champlan,24059.0,19.6,22.6
91137,Champmotteux,24959.0,15.2,16.6
91145,Chatignonville,26090.0,15.4,15.4
91148,Chauffour-lès-Étréchy,24749.0,16.8,19.2
91156,Cheptainville,24939.0,18.6,16.0
91159,Chevannes,20701.0,24.1,26.4
91161,Chilly-Mazarin,24364.0,17.8,20.1
91174,Corbeil-Essonnes,30295.0,11.8,10.9
91175,Corbreuse,24411.0,17.6,14.2
91179,Le Coudray-Montceaux,26073.0,18.1,19.2
91180,Courances,25446.0,15.1,15.5
91184,Courdimanche-sur-Essonne,27609.0,17.5,17.7
91186,Courson-Monteloup,28488.0,14.3,13.0
91191,Crosne,24787.0,14.6,13.7
91195,Dannemois,26046.0,15.8,17.4
91198,D'Huison-Longueville,22433.0,19.7,20.9
91200,Dourdan,27995.0,14.3,13.9
91201,Draveil,24015.0,20.1,21.7
91204,Écharcon,24980.0,15.8,17.3
91207,Égly,23141.0,15.9,12.8
91215,Épinay-sous-Sénart,20600.0,30.3,28.1
91216,Épinay-sur-Orge,27799.0,17.3,19.4
91223,Étampes,29979.0,9.1,9.9
91225,Étiolles,31100.0,9.1,9.0
91226,Étréchy,19835.0,24.9,21.7
91228,Évry-Courcouronnes,25617.0,16.9,17.8
91232,La Ferté-Alais,23192.0,18.7,15.7
91235,Fleury-Mérogis,25673.0,16.6,18.5
91240,Fontaine-la-Rivière,29963.0,11.6,13.0
91243,Fontenay-lès-Briis,23341.0,21.7,21.7
91244,Fontenay-le-Vicomte,24925.0,17.2,18.5
91247,La Forêt-le-Roi,21454.0,19.0,19.7
91248,La Forêt-Sainte-Croix,20642.0,20.9,21.7
91249,Forges-les-Bains,26744.0,12.6,13.3
91272,Gif-sur-Yvette,31529.0,7.1,6.7
91273,Gironville-sur-Essonne,25343.0,15.8,18.8
91274,Gometz-la-Ville,27990.0,12.3,10.9
91275,Gometz-le-Châtel,30623.0,12.6,10.4
91284,Les Granges-le-Roi,18165.0,27.1,29.2
91286,Grigny,26025.0,16.4,17.8
91292,Guibeville,22219.0,21.4,22.9
91293,Guigneville-sur-Essonne,33063.0,7.3,8.4
91294,Guillerval,20595.0,21.9,18.4
91312,Igny,24150.0,18.3,19.0
91315,Itteville,21504.0,21.8,18.2
91318,Janville-sur-Juine,29936.0,10.0,11.2
91319,Janvry,25725.0,16.6,18.1
91326,Juvisy-sur-Orge,25207.0,18.0,17.1
91330,Lardy,26688.0,17.0,14.0
91332,Leudeville,23118.0,25.4,21.7
91333,Leuville-sur-Orge,29746.0,13.5,15.8
91338,Limours,26264.0,13.7,12.6
91339,Linas,27356.0,14.8,17.0
91340,Lisses,24743.0,16.4,14.8
91345,Longjumeau,29589.0,11.1,11.1
91347,Longpont-sur-Orge,31184.0,10.0,11.9
91359,Maisse,26892.0,14.7,16.6
91363,Marcoussis,23798.0,18.1,16.8
91374,Marolles-en-Beauce,25302.0,16.7,14.9
91376,Marolles-en-Hurepoix,25542.0,16.3,15.8
91377,Massy,28679.0,12.5,13.1
91378,Mauchamps,18918.0,24.9,22.7
91386,Mennecy,31054.0,7.8,7.2
91390,Le Mérévillois,30533.0,13.8,15.9
91393,Mérobert,24835.0,13.4,11.1
91399,Mespuits,23822.0,18.4,19.6
91405,Milly-la-Forêt,25440.0,16.3,19.3
91408,Moigny-sur-École,24994.0,17.2,15.5
91411,Les Molières,25113.0,17.1,18.9
91412,Mondeville,23811.0,17.6,20.6
91414,Monnerville,23365.0,19.4,18.1
91421,Montgeron,30827.0,9.4,10.3
91425,Montlhéry,25994.0,12.9,13.2
91432,Morangis,28154.0,12.5,14.1
91433,Morigny-Champigny,29198.0,11.9,13.5
91434,Morsang-sur-Orge,25282.0,17.6,14.2
91435,Morsang-sur-Seine,15579.0,30.7,29.3
91441,Nainville-les-Roches,15826.0,26.7,26.3
91457,La Norville,26492.0,16.5,18.4
91458,Nozay,25352.0,17.3,16.9
91461,Ollainville,28852.0,13.1,15.1
91463,Oncy-sur-École,22971.0,18.5,20.7
91468,Ormoy,25937.0,15.9,15.6
91469,Ormoy-la-Rivière,27527.0,10.3,11.8
91471,Orsay,25924.0,15.8,12.7
91473,Orveau,25952.0,15.6,13.6
91477,Palaiseau,26104.0,17.5,15.4
91479,Paray-Vieille-Poste,25438.0,17.5,14.2
91482,Pecqueuse,19722.0,25.2,28.2
91494,Le Plessis-Pâté,29610.0,9.6,7.7
91495,Plessis-Saint-Benoist,17297.0,29.6,28.5
91507,Prunay-sur-Essonne,26447.0,15.9,14.1
91508,Puiselet-le-Marais,24096.0,21.1,19.0
91511,Pussay,21506.0,21.5,25.6
91514,Quincy-sous-Sénart,27526.0,11.1,11.1
91519,Richarville,20362.0,23.6,24.0
91521,Ris-Orangis,28624.0,13.6,13.0
91525,Roinville,25737.0,19.2,17.0
91526,Roinvilliers,22917.0,18.0,15.4
91533,Saclas,25790.0,17.4,14.1
91534,Saclay,23432.0,21.0,17.3
91538,Saint-Aubin,17042.0,24.7,21.7
91540,Saint-Chéron,27593.0,13.6,13.5
91544,Saint-Cyr-la-Rivière,18789.0,24.2,27.9
91546,Saint-Cyr-sous-Dourdan,20356.0,21.4,19.1
91547,Saint-Escobille,25450.0,15.5,15.2
91549,Sainte-Geneviève-des-Bois,25834.0,18.5,17.5
91552,Saint-Germain-lès-Arpajon,24461.0,16.4,13.8
91553,Saint-Germain-lès-Corbeil,22746.0,18.3,19.6
91556,Saint-Hilaire,28673.0,10.3,10.6
91560,Saint-Jean-de-Beauregard,26555.0,15.3,13.1
91568,Saint-Maurice-Montcouronne,28381.0,12.9,15.2
91570,Saint-Michel-sur-Orge,25292.0,18.4,19.5
91573,Saint-Pierre-du-Perray,30527.0,9.5,8.2
91577,Saintry-sur-Seine,25116.0,17.6,17.9
91578,Saint-Sulpice-de-Favières,24909.0,18.5,17.9
91579,Saint-Vrain,21225.0,21.0,23.7
91581,Saint-Yon,21037.0,24.0,23.7
91587,Saulx-les-Chartreux,25741.0,20.6,23.6
91589,Savigny-sur-Orge,20484.0,23.1,27.0
91593,Sermaise,28070.0,12.4,14.0
91599,Soisy-sur-École,22394.0,21.0,21.8
91600,Soisy-sur-Seine,21931.0,22.9,25.9
91602,Souzy-la-Briche,21110.0,19.6,17.7
91613,Congerville-Thionville,21004.0,24.3,26.4
91617,Tigery,22336.0,22.0,18.2
91619,Torfou,20426.0,21.4,25.1
91629,Valpuiseaux,29005.0,10.5,10.6
91630,Le Val-Saint-Germain,20386.0,22.7,25.2
91631,Varennes-Jarcy,26133.0,17.5,16.4
91634,Vaugrigneuse,21549.0,19.2,22.7
91635,Vauhallan,27933.0,13.5,13.1
91639,Vayres-sur-Essonne,20906.0,23.3,26.1
91645,Verrières-le-Buisson,25934.0,15.1,13.0
91648,Vert-le-Grand,27208.0,16.1,18.7
91649,Vert-le-Petit,30009.0,6.9,8.3
91654,Videlles,21318.0,21.6,23.6
91657,Vigneux-sur-Seine,22757.0,21.2,22.0
91659,Villabé,20035.0,23.6,22.5
91661,Villebon-sur-Yvette,27219.0,13.4,11.0
91662,Villeconin,20765.0,24.8,21.4
91665,La Ville-du-Bois,26439.0,14.9,14.8
91666,Villejust,20899.0,23.6,19.4
91667,Villemoisson-sur-Orge,26574.0,17.7,18.7
91671,Villeneuve-sur-Auvers,23905.0,17.8,16.4
91679,Villiers-le-Bâcle,24945.0,14.9,16.7
91685,Villiers-sur-Orge,33904.0,7.5,6.5
91687,Viry-Châtillon,23915.0,14.9,13.6
91689,Wissous,22345.0,21.3,22.2
91691,Yerres,26414.0,15.7,13.4
91692,Les Ulis,31864.0,6.7,6.5
92002,Antony,37390.0,3.0,2.9
92004,Asnières-sur-Seine,35806.0,5.9,5.9
92007,Bagneux,35817.0,3.8,4.1
92009,Bois-Colombes,32013.0,10.4,11.8
92012,Boulogne-Billancourt,32264.0,7.5,7.2
92014,Bourg-la-Reine,34920.0,5.8,6.3
92019,Châtenay-Malabry,34944.0,5.7,4.9
92020,Châtillon,38364.0,3.0,3.5
92022,Chaville,30917.0,9.5,9.0
92023,Clamart,37226.0,3.0,2.5
92024,Clichy,37913.0,5.3,5.4
92025,Colombes,40577.0,3.0,2.5
92026,Courbevoie,30908.0,6.2,7.0
92032,Fontenay-aux-Roses,29187.0,9.3,7.7
92033,Garches,35934.0,3.1,3.1
92035,La Garenne-Colombes,32275.0,7.7,6.4
92036,Gennevilliers,38517.0,3.0,3.1
92040,Issy-les-Moulineaux,38442.0,3.0,2.4
92044,Levallois-Perret,38435.0,3.0,3.4
92046,Malakoff,37457.0,3.0,3.4
92047,Marnes-la-Coquette,36174.0,4.5,4.4
92048,Meudon,28603.0,8.0,7.0
92049,Montrouge,33779.0,7.9,6.9
92050,Nanterre,38244.0,3.0,3.0
92051,Neuilly-sur-Seine,36073.0,4.5,5.4
92060,Le Plessis-Robinson,36520.0,3.6,3.5
92062,Puteaux,34595.0,5.8,5.3
92063,Rueil-Malmaison,34001.0,7.3,7.0
92064,Saint-Cloud,33753.0,5.7,6.4
92071,Sceaux,31971.0,8.7,7.1
92072,Sèvres,27855.0,14.2,11.8
92073,Suresnes,36246.0,3.4,3.5
92075,Vanves,31571.0,8.3,9.6
92076,Vaucresson,36885.0,3.0,2.8
92077,Ville-d'Avray,34614.0,3.8,4.1
92078,Villeneuve-la-Garenne,28819.0,14.7,13.9
93001,Aubervilliers,26249.0,18.1,16.7
93005,Aulnay-sous-Bois,23645.0,20.3,21.6
93006,Bagnolet,24912.0,18.1,16.2
93007,Le Blanc-Mesnil,25440.0,16.4,15.8
93008,Bobigny,26732.0,14.8,12.9
93010,Bondy,23869.0,17.6,18.3
93013,Le Bourget,17535.0,29.7,33.3
93014,Clichy-sous-Bois,22887.0,21.5,18.0
93015,Coubron,20074.0,20.1,19.9
93027,La Courneuve,19236.0,25.9,24.6
93029,Drancy,22036.0,18.8,19.2
93030,Dugny,17873.0,21.7,25.4
93031,Épinay-sur-Seine,23326.0,19.2,19.0
93032,Gagny,21748.0,22.8,18.3
93033,Gournay-sur-Marne,20279.0,22.3,24.3
93039,L'Île-Saint-Denis,21858.0,23.7,19.8
93045,Les Lilas,18609.0,25.1,27.1
93046,Livry-Gargan,21494.0,18.9,19.8
93047,Montfermeil,22716.0,19.4,16.9
93048,Montreuil,22641.0,21.4,23.6
93049,Neuilly-Plaisance,20912.0,25.5,23.4
93050,Neuilly-sur-Marne,22783.0,16.7,16.2
93051,Noisy-le-Grand,23700.0,19.7,21.0
93053,Noisy-le-Sec,19644.0,23.8,24.6
93055,Pantin,22176.0,22.8,22.4
93057,Les Pavillons-sous-Bois,18644.0,26.2,23.6
93061,Le Pré-Saint-Gervais,20962.0,22.7,20.4
93062,Le Raincy,21153.0,27.4,22.5
93063,Romainville,19089.0,24.0,23.8
93064,Rosny-sous-Bois,24477.0,17.9,20.3
93066,Saint-Denis,23079.0,21.6,22.4
93070,Saint-Ouen-sur-Seine,23380.0,17.2,14.0
93071,Sevran,24608.0,16.0,18.3
93072,Stains,20535.0,21.9,20.7
93073,Tremblay-en-France,21086.0,22.8,19.2
93074,Vaujours,15903.0,31.7,37.0
93077,Villemomble,22182.0,22.2,25.0
93078,Villepinte,22568.0,18.3,19.8
93079,Villetaneuse,24354.0,16.3,15.5
94001,Ablon-sur-Seine,29191.0,15.3,16.5
94002,Alfortville,24356.0,13.9,13.3
94003,Arcueil,25434.0,17.0,20.2
94004,Boissy-Saint-Léger,29812.0,11.5,10.6
94011,Bonneuil-sur-Marne,26199.0,18.1,16.7
94015,Bry-sur-Marne,26332.0,18.2,21.7
94016,Cachan,28207.0,12.5,13.5
94017,Champigny-sur-Marne,30091.0,10.8,11.4
94018,Charenton-le-Pont,27151.0,14.8,12.7
94019,Chennevières-sur-Marne,30862.0,11.0,10.6
94021,Chevilly-Larue,25860.0,17.8,14.4
94022,Choisy-le-Roi,27954.0,11.5,10.1
94028,Créteil,31865.0,8.2,7.4
94033,Fontenay-sous-Bois,29694.0,8.0,8.6
94034,Fresnes,30549.0,10.8,11.3
94037,Gentilly,31694.0,10.5,9.3
94038,L'Haÿ-les-Roses,22878.0,15.2,14.6
94041,Ivry-sur-Seine,31024.0,14.6,12.0
94042,Joinville-le-Pont,30053.0,13.9,15.1
94043,Le Kremlin-Bicêtre,26901.0,20.4,18.0
94044,Limeil-Brévannes,34057.0,5.4,5.3
94046,Maisons-Alfort,27109.0,13.5,11.0
94047,Mandres-les-Roses,24637.0,20.4,20.9
94048,Marolles-en-Brie,28094.0,14.3,15.5
94052,Nogent-sur-Marne,27784.0,10.4,8.5
94053,Noiseau,24396.0,17.4,16.2
94054,Orly,32336.0,7.3,8.0
94055,Ormesson-sur-Marne,26404.0,14.0,12.2
94056,Périgny,26064.0,16.1,14.2
94058,Le Perreux-sur-Marne,25402.0,19.6,16.3
94059,Le Plessis-Trévise,28566.0,17.1,14.4
94060,La Queue-en-Brie,29366.0,12.6,10.5
94065,Rungis,27171.0,17.0,19.7
94067,Saint-Mandé,25041.0,14.4,12.1
94068,Saint-Maur-des-Fossés,29759.0,13.0,11.7
94069,Saint-Maurice,28504.0,14.0,16.2
94070,Santeny,26938.0,14.7,12.5
94071,Sucy-en-Brie,28885.0,11.7,11.1
94073,Thiais,29006.0,11.3,12.9
94074,Valenton,30074.0,12.5,11.7
94075,Villecresnes,31459.0,10.0,8.9
94076,Villejuif,30169.0,11.1,10.7
94077,Villeneuve-le-Roi,24625.0,21.3,25.3
94078,Villeneuve-Saint-Georges,26954.0,15.0,15.4
94079,Villiers-sur-Marne,21999.0,21.0,18.2
94080,Vincennes,31550.0,6.5,6.5
94081,Vitry-sur-Seine,30313.0,8.2,9.0
95002,Ableiges,19607.0,23.1,26.7
95008,Aincourt,22952.0,23.6,27.1
95011,Ambleville,21478.0,25.5,28.1
95012,Amenucourt,22017.0,22.1,26.2
95014,Andilly,33811.0,4.2,3.9
95018,Argenteuil,29734.0,10.9,10.4
95019,Arnouville,25539.0,13.7,12.7
95023,Arronville,21600.0,21.3,23.9
95024,Arthies,18967.0,23.7,23.1
95026,Asnières-sur-Oise,23191.0,21.3,20.1
95028,Attainville,21431.0,21.9,22.6
95039,Auvers-sur-Oise,25423.0,16.5,15.0
95040,Avernes,21483.0,18.7,19.7
95042,Baillet-en-France,22951.0,22.2,24.9
95046,Banthelu,19578.0,23.6,24.5
95051,Beauchamp,25658.0,17.3,14.0
95052,Beaumont-sur-Oise,23842.0,19.2,23.0
95054,Le Bellay-en-Vexin,21946.0,19.4,23.0
95055,Bellefontaine,21806.0,22.6,20.1
95056,Belloy-en-France,24215.0,20.1,18.8
95058,Bernes-sur-Oise,24451.0,15.1,16.0
95059,Berville,24331.0,20.1,16.4
95060,Bessancourt,25084.0,15.0,15.1
95061,Béthemont-la-Forêt,18723.0,25.6,26.5
95063,Bezons,24202.0,17.8,16.0
95074,Boisemont,27644.0,13.5,11.9
95078,Boissy-l'Aillerie,25709.0,15.8,18.5
95088,Bonneuil-en-France,20884.0,23.8,27.3
95091,Bouffémont,25324.0,18.9,19.3
95094,Bouqueval,20022.0,21.2,24.2
95101,Bray-et-Lû,22088.0,20.8,20.2
95102,Bréançon,14340.0,30.2,29.0
95110,Brignancourt,25033.0,18.7,20.1
95116,Bruyères-sur-Oise,20774.0,21.0,19.6
95119,Buhy,26420.0,16.4,14.2
95120,Butry-sur-Oise,23238.0,21.5,17.4
95127,Cergy,29557.0,10.5,11.4
95134,Champagne-sur-Oise,24589.0,15.8,15.9
95139,La Chapelle-en-Vexin,15393.0,31.0,31.8
95141,Charmont,23489.0,17.3,18.9
95142,Chars,23624.0,20.0,22.3
95144,Châtenay-en-France,28727.0,15.5,15.3
95149,Chaumontel,19712.0,25.2,25.9
95150,Chaussy,23824.0,23.5,19.6
95151,Chauvry,31771.0,9.3,9.4
95154,Chennevières-lès-Louvres,25661.0,19.5,16.3
95157,Chérence,17891.0,26.6,31.8
95166,Cléry-en-Vexin,22086.0,20.7,22.8
95169,Commeny,18439.0,23.6,24.3
95170,Condécourt,27698.0,16.8,18.9
95176,Cormeilles-en-Parisis,22522.0,20.7,24.2
95177,Cormeilles-en-Vexin,18962.0,26.0,23.0
95181,Courcelles-sur-Viosne,23001.0,19.3,21.7
95183,Courdimanche,24105.0,16.5,18.0
95197,Deuil-la-Barre,24424.0,17.3,19.5
95199,Domont,18374.0,26.3,28.9
95203,Eaubonne,19846.0,24.8,23.2
95205,Écouen,22888.0,20.5,18.5
95210,Enghien-les-Bains,20408.0,25.4,24.9
95211,Ennery,23153.0,23.6,25.1
95212,Épiais-lès-Louvres,21017.0,17.2,14.9
95213,Épiais-Rhus,28861.0,12.0,13.8
95214,Épinay-Champlâtreux,23510.0,15.6,14.2
95218,Éragny,25008.0,17.2,16.4
95219,Ermont,23153.0,21.0,18.6
95229,Ézanville,19463.0,24.2,25.0
95241,Fontenay-en-Parisis,19448.0,24.9,20.4
95250,Fosses,24694.0,14.6,13.0
95252,Franconville,24798.0,15.8,14.7
95253,Frémainville,22894.0,19.8,19.2
95254,Frémécourt,21831.0,25.0,28.4
95256,Frépillon,23940.0,19.9,20.9
95257,La Frette-sur-Seine,25477.0,17.3,17.8
95258,Frouville,23471.0,21.6,18.1
95268,Garges-lès-Gonesse,23150.0,17.3,16.1
95270,Genainville,25103.0,18.1,17.7
95271,Génicourt,19546.0,25.8,24.6
95277,Gonesse,24826.0,15.2,17.6
95280,Goussainville,21516.0,21.9,19.6
95287,Grisy-les-Plâtres,21110.0,24.2,20.3
95288,Groslay,24546.0,22.8,22.5
95295,Guiry-en-Vexin,23326.0,20.7,24.2
95298,Haravilliers,18093.0,26.5,30.5
95301,Haute-Isle,21164.0,20.4,18.4
95303,Le Heaulme,20215.0,26.1,27.7
95304,Hédouville,34662.0,4.4,3.8
95306,Herblay-sur-Seine,20122.0,21.0,25.2
95308,Hérouville-en-Vexin,23808.0,17.3,17.4
95309,Hodent,28848.0,10.7,11.6
95313,L'Isle-Adam,28552.0,14.0,11.5
95316,Jagny-sous-Bois,22793.0,18.1,16.2
95323,Jouy-le-Moutier,22994.0,23.0,26.2
95328,Labbeville,18513.0,22.0,23.9
95331,Lassy,24381.0,17.8,17.1
95341,Livilliers,25684.0,16.3,17.3
95348,Longuesse,27743.0,15.4,13.3
95351,Louvres,24096.0,16.9,19.4
95352,Luzarches,23354.0,20.1,19.1
95353,Maffliers,23384.0,17.8,21.3
95355,Magny-en-Vexin,29539.0,11.7,13.4
95365,Mareil-en-France,15887.0,28.1,31.5
95369,Margency,22405.0,20.3,21.3
95370,Marines,23316.0,17.4,15.5
95371,Marly-la-Ville,26260.0,17.5,14.7
95379,Maudétour-en-Vexin,17844.0,21.5,22.3
95387,Menouville,21218.0,21.8,21.6
95388,Menucourt,28265.0,15.1,15.3
95392,Mériel,22633.0,20.6,17.7
95394,Méry-sur-Oise,25838.0,18.5,15.4
95395,Le Mesnil-Aubry,23733.0,18.1,16.1
95409,Moisselles,28084.0,17.7,15.2
95422,Montgeroult,22883.0,20.8,24.4
95424,Montigny-lès-Cormeilles,23370.0,18.2,17.6
95426,Montlignon,22667.0,22.5,26.6
95427,Montmagny,25117.0,14.7,14.5
95428,Montmorency,26113.0,15.1,16.4
95429,Montreuil-sur-Epte,20099.0,21.9,22.7
95430,Montsoult,22406.0,18.9,20.5
95436,Mours,22837.0,23.9,26.2
95438,Moussy,23538.0,18.7,20.2
95445,Nerville-la-Forêt,20855.0,22.4,23.7
95446,Nesles-la-Vallée,26508.0,14.2,11.8
95447,Neuilly-en-Vexin,20692.0,26.3,29.2
95450,Neuville-sur-Oise,26838.0,13.6,15.9
95452,Nointel,22350.0,19.8,22.6
95456,Noisy-sur-Oise,25926.0,13.4,12.7
95459,Nucourt,23612.0,19.4,22.3
95462,Omerville,23589.0,17.8,15.1
95476,Osny,25099.0,17.4,15.7
95480,Parmain,22931.0,22.9,23.6
95483,Le Perchay,23393.0,17.9,19.4
95487,Persan,33056.0,7.2,6.4
95488,Pierrelaye,29598.0,9.4,9.2
95489,Piscop,23360.0,18.8,16.6
95491,Le Plessis-Bouchard,21575.0,19.0,18.4
95492,Le Plessis-Gassot,22120.0,23.8,26.7
95493,Le Plessis-Luzarches,22702.0,17.5,15.2
95500,Pontoise,27249.0,17.2,15.9
95504,Presles,23282.0,20.3,17.3
95509,Puiseux-en-France,23672.0,18.2,19.7
95510,Puiseux-Pontoise,22422.0,23.4,20.6
95523,La Roche-Guyon,30557.0,15.5,13.6
95527,Roissy-en-France,24862.0,16.4,13.5
95529,Ronquerolles,26767.0,15.9,16.2
95535,Sagy,21051.0,22.3,24.6
95539,Saint-Brice-sous-Forêt,27046.0,14.9,14.9
95541,Saint-Clair-sur-Epte,23773.0,16.2,17.6
95543,Saint-Cyr-en-Arthies,29213.0,14.4,14.4
95554,Saint-Gervais,20207.0,24.7,25.7
95555,Saint-Gratien,24017.0,22.4,21.1
95563,Saint-Leu-la-Forêt,25787.0,13.0,12.5
95566,Saint-Martin-du-Tertre,25609.0,12.5,12.5
95572,Saint-Ouen-l'Aumône,21599.0,22.7,25.8
95574,Saint-Prix,27220.0,15.3,15.8
95580,Saint-Witz,24746.0,16.4,16.7
95582,Sannois,25152.0,16.8,17.8
95584,Santeuil,27481.0,16.2,17.5
95585,Sarcelles,27629.0,13.2,11.1
95592,Seraincourt,18525.0,26.3,29.5
95594,Seugy,18871.0,24.0,22.2
95598,Soisy-sous-Montmorency,23422.0,21.3,21.5
95604,Survilliers,24996.0,21.5,23.3
95607,Taverny,24657.0,15.0,13.5
95610,Théméricourt,26599.0,14.1,14.6
95611,Theuville,22266.0,21.6,19.2
95612,Le Thillay,21116.0,22.0,25.8
95625,Us,20951.0,24.8,20.6
95627,Vallangoujard,21117.0,22.0,23.9
95628,Valmondois,18256.0,24.7,24.4
95633,Vaudherland,20159.0,25.8,26.6
95637,Vauréal,25798.0,12.2,9.9
95641,Vémars,25932.0,18.2,15.8
95651,Vétheuil,22827.0,19.9,17.9
95652,Viarmes,21058.0,28.8,23.6
95656,Vienne-en-Arthies,20262.0,26.6,26.6
95658,Vigny,25992.0,18.2,18.6
95660,Villaines-sous-Bois,22244.0,22.6,24.0
95675,Villeron,21103.0,25.5,22.1
95676,Villers-en-Arthies,17695.0,26.4,28.0
95678,Villiers-Adam,23539.0,20.7,21.8
95680,Villiers-le-Bel,24822.0,20.0,22.7
95682,Villiers-le-Sec,19741.0,22.2,24.5
95690,Wy-dit-Joli-Village,22873.0,17.5,16.6
02001,Abbécourt,16978.0,27.4,27.9
02002,Achery,12413.0,30.1,28.1
02003,Acy,19710.0,21.6,19.9
02004,Agnicourt-et-Séchelles,20412.0,20.4,20.6
02005,Aguilcourt,18339.0,23.6,20.6
02006,Aisonville-et-Bernoville,19642.0,25.0,24.9
02007,Aizelles,15995.0,28.8,28.0
02008,Aizy-Jouy,14090.0,32.1,27.1
02009,Alaincourt,16322.0,26.0,25.7
02010,Allemant,19849.0,21.6,21.5
02011,Ambleny,11880.0,34.1,38.1
02012,Ambrief,14723.0,30.9,33.4
02013,Amifontaine,18216.0,27.1,31.3
02014,Amigny-Rouy,20611.0,19.2,18.6
02015,Ancienville,22575.0,19.9,20.2
02016,Andelain,18391.0,27.0,22.5
02017,Anguilcourt-le-Sart,21187.0,21.5,20.7
02018,Anizy-le-Grand,23138.0,20.9,18.1
02019,Annois,18858.0,21.5,20.3
02020,Any-Martin-Rieux,18807.0,19.4,18.0
02021,Archon,16203.0,25.6,29.0
02022,Arcy-Sainte-Restitue,16070.0,31.5,25.4
02023,Armentières-sur-Ourcq,16276.0,30.1,31.1
02024,Arrancy,18027.0,21.3,20.6
02025,Artemps,20281.0,19.3,23.0
02027,Assis-sur-Serre,17213.0,25.8,21.1
02028,Athies-sous-Laon,21759.0,24.0,21.3
02029,Attilly,23612.0,17.1,18.2
02030,Aubencheul-aux-Bois,16844.0,28.4,32.6
02031,Aubenton,20507.0,24.4,24.8
02032,Aubigny-aux-Kaisnes,13054.0,34.5,31.2
02033,Aubigny-en-Laonnois,17749.0,28.2,28.7
02034,Audignicourt,21666.0,22.4,23.5
02035,Audigny,19234.0,22.3,22.2
02036,Augy,23667.0,20.0,18.0
02037,Aulnois-sous-Laon,18135.0,26.0,23.7
02038,Les Autels,15536.0,28.1,23.6
02039,Autremencourt,15479.0,28.0,25.6
02040,Autreppes,25791.0,13.6,15.5
02041,Autreville,20194.0,21.0,18.2
02042,Azy-sur-Marne,17255.0,28.0,30.7
02043,Bagneux,21552.0,23.0,18.7
02044,Bancigny,20449.0,21.2,17.7
02046,Barenton-Bugny,17979.0,25.8,26.7
02047,Barenton-Cel,17876.0,25.4,27.1
02048,Barenton-sur-Serre,19092.0,24.4,23.7
02049,Barisis-aux-Bois,13813.0,33.2,34.7
02050,Barzy-en-Thiérache,18012.0,27.4,24.2
02051,Barzy-sur-Marne,13622.0,27.6,27.7
02052,Bassoles-Aulers,16466.0,28.2,24.4
02053,Vallées en Champagne,23540.0,18.5,20.6
02054,Bazoches-et-Saint-Thibaut,18262.0,29.0,34.3
02055,Beaumé,17538.0,22.7,25.0
02056,Beaumont-en-Beine,17451.0,29.1,33.2
02057,Beaurevoir,23389.0,18.6,14.9
02058,Beaurieux,19089.0,23.4,21.4
02059,Beautor,18687.0,22.9,26.8
02060,Beauvois-en-Vermandois,20618.0,23.3,25.2
02061,Becquigny,30419.0,12.4,11.0
02062,Belleau,21257.0,22.5,24.1
02063,Bellenglise,17133.0,25.6,22.6
02064,Belleu,20542.0,23.9,22.5
02065,Bellicourt,22183.0,21.6,24.5
02066,Benay,20192.0,21.8,24.4
02067,Bergues-sur-Sambre,13900.0,30.7,35.4
02068,Berlancourt,21113.0,24.4,27.0
02069,Berlise,14847.0,28.8,30.3
02070,Bernot,20205.0,23.2,24.5
02071,Berny-Rivière,21284.0,21.5,20.5
02072,Berrieux,19764.0,22.9,22.6
02073,Berry-au-Bac,20799.0,20.6,24.6
02074,Bertaucourt-Epourdon,20496.0,21.8,24.1
02075,Berthenicourt,15064.0,29.7,30.1
02076,Bertricourt,15616.0,28.1,23.4
02078,Besmé,17278.0,24.5,25.9
02079,Besmont,18951.0,24.1,20.3
02080,Besny-et-Loizy,19857.0,22.2,25.6
02081,Béthancourt-en-Vaux,15620.0,29.1,29.8
02082,Beugneux,18396.0,23.1,24.1
02083,Beuvardes,16740.0,29.7,35.5
02084,Bézu-le-Guéry,21441.0,23.8,27.4
02085,Bézu-Saint-Germain,16370.0,28.7,30.1
02086,Bichancourt,15176.0,28.9,33.4
02087,Bieuxy,18533.0,28.2,27.8
02088,Bièvres,13125.0,32.2,30.9
02089,Billy-sur-Aisne,17340.0,27.0,31.2
02090,Billy-sur-Ourcq,17972.0,25.7,21.5
02091,Blanzy-lès-Fismes,22370.0,19.2,16.3
02093,Blérancourt,19740.0,23.4,27.2
02094,Blesmes,18327.0,30.0,28.5
02095,Bohain-en-Vermandois,20695.0,22.6,24.3
02096,Bois-lès-Pargny,16457.0,28.3,25.4
02097,Boncourt,18470.0,27.0,25.5
02098,Bonneil,16107.0,27.6,25.9
02099,Bonnesvalyn,18193.0,24.1,20.0
02100,Bony,11880.0,31.9,29.2
02101,Bosmont-sur-Serre,15047.0,28.6,26.1
02102,Bouconville-Vauclair,19261.0,23.3,24.6
02103,Boué,20370.0,22.6,21.6
02104,Bouffignereux,19693.0,28.9,26.9
02105,Bouresches,18209.0,25.7,30.2
02106,Bourg-et-Comin,17064.0,26.3,26.4
02107,Bourguignon-sous-Coucy,14781.0,32.7,30.2
02108,Bourguignon-sous-Montbavin,17168.0,30.1,31.7
02109,La Bouteille,16519.0,28.7,33.3
02110,Braine,18758.0,27.6,24.2
02111,Brancourt-en-Laonnois,17702.0,25.8,28.0
02112,Brancourt-le-Grand,16553.0,30.1,26.7
02114,Brasles,18751.0,25.2,21.1
02115,Braye-en-Laonnois,19694.0,22.4,19.2
02116,Braye-en-Thiérache,20651.0,21.7,20.0
02117,Bray-Saint-Christophe,22459.0,24.5,22.2
02118,Braye,15737.0,27.1,31.2
02119,Brécy,14785.0,29.0,29.7
02120,Brenelle,17113.0,33.7,31.0
02121,Breny,22646.0,20.6,23.2
02122,Brie,22326.0,21.1,17.2
02123,Brissay-Choigny,19604.0,22.9,21.8
02124,Brissy-Hamégicourt,20331.0,19.7,18.7
02125,Brumetz,17578.0,28.3,32.1
02126,Brunehamel,20551.0,23.4,23.3
02127,Bruyères-sur-Fère,18480.0,26.7,21.7
02128,Bruyères-et-Montbérault,20092.0,24.5,20.6
02129,Bruys,18424.0,26.7,29.3
02130,Bucilly,20103.0,27.8,32.9
02131,Bucy-le-Long,22336.0,25.8,21.1
02132,Bucy-lès-Cerny,23092.0,20.5,19.4
02133,Bucy-lès-Pierrepont,20181.0,27.2,24.0
02134,Buire,14148.0,36.4,34.0
02135,Buironfosse,16784.0,28.1,26.7
02136,Burelles,19452.0,24.3,26.2
02137,Bussiares,15104.0,30.6,29.8
02138,Buzancy,19887.0,23.6,23.2
02139,Caillouël-Crépigny,19410.0,26.3,30.3
02140,Camelin,17655.0,25.8,26.7
02141,La Capelle,11880.0,35.9,41.8
02142,Castres,20318.0,23.6,24.3
02143,Le Catelet,20202.0,26.1,22.8
02144,Caulaincourt,23654.0,21.1,21.9
02145,Caumont,25067.0,19.5,21.1
02146,Celles-lès-Condé,17596.0,27.0,31.5
02148,Celles-sur-Aisne,23680.0,18.2,17.4
02149,Cerizy,18649.0,24.6,23.3
02150,Cerny-en-Laonnois,13243.0,33.0,29.1
02151,Cerny-lès-Bucy,20653.0,22.0,25.7
02152,Cerseuil,18041.0,26.9,29.8
02153,Cessières-Suzy,19764.0,22.6,21.9
02154,Chacrise,17060.0,28.3,31.9
02155,Chaillevois,14989.0,29.6,27.3
02156,Chalandry,16864.0,31.2,27.9
02157,Chambry,20535.0,21.0,22.2
02158,Chamouille,17014.0,26.4,21.3
02159,Champs,21749.0,21.6,25.3
02160,Chaourse,15405.0,29.3,29.0
02162,La Chapelle-sur-Chézy,15203.0,27.5,24.7
02163,Charly-sur-Marne,19518.0,25.4,20.4
02164,Le Charmel,23896.0,18.8,21.2
02165,Charmes,20655.0,25.0,22.0
02166,Chartèves,16539.0,23.9,20.4
02167,Chassemy,15535.0,29.0,24.2
02168,Château-Thierry,20121.0,24.3,24.0
02169,Châtillon-lès-Sons,19942.0,24.2,22.3
02170,Châtillon-sur-Oise,18770.0,25.0,23.0
02171,Chaudardes,16046.0,27.8,27.2
02172,Chaudun,16262.0,25.9,24.2
02173,Chauny,18989.0,29.2,31.3
02174,Chavignon,15083.0,27.5,33.0
02175,Chavigny,20516.0,21.6,23.3
02176,Chavonne,15695.0,29.8,23.9
02177,Chérêt,17290.0,27.5,24.7
02178,Chermizy-Ailles,18665.0,26.9,26.4
02179,Chéry-Chartreuve,12121.0,32.6,38.7
02180,Chéry-lès-Pouilly,20250.0,20.0,21.5
02181,Chéry-lès-Rozoy,22104.0,17.5,15.4
02182,Chevennes,15855.0,28.1,29.7
02183,Chevregny,15752.0,25.4,24.2
02184,Chevresis-Monceau,15513.0,31.7,36.8
02185,Chézy-en-Orxois,15301.0,29.4,24.9
02186,Chézy-sur-Marne,19683.0,27.2,24.1
02187,Chierry,22877.0,25.2,28.8
02188,Chigny,14927.0,29.7,35.5
02189,Chivres-en-Laonnois,19655.0,21.7,21.2
02190,Chivres-Val,17192.0,23.3,19.7
02191,Chivy-lès-Étouvelles,19771.0,28.4,32.1
02192,Chouy,12934.0,31.6,29.3
02193,Cierges,16486.0,30.4,29.8
02194,Cilly,18799.0,23.5,25.7
02195,Ciry-Salsogne,17268.0,24.2,25.9
02196,Clacy-et-Thierret,23598.0,15.1,13.3
02197,Clairfontaine,17519.0,27.2,26.9
02198,Clamecy,16450.0,27.6,31.5
02199,Clastres,17785.0,23.7,24.8
02200,Clermont-les-Fermes,17757.0,23.1,23.4
02201,Cœuvres-et-Valsery,12130.0,31.9,28.8
02203,Coincy,18279.0,27.7,29.9
02204,Coingt,12851.0,33.3,33.0
02205,Colligis-Crandelain,18629.0,25.7,30.2
02206,Colonfay,16341.0,26.0,22.0
02207,Commenchon,16474.0,31.6,28.4
02208,Concevreux,13720.0,30.0,30.4
02209,Condé-en-Brie,19484.0,25.2,23.0
02210,Condé-sur-Aisne,19883.0,22.3,21.6
02211,Condé-sur-Suippe,19389.0,22.1,18.7
02212,Condren,17906.0,23.5,20.3
02213,Connigis,18176.0,24.5,28.5
02214,Contescourt,18986.0,26.6,30.1
02215,Corbeny,17939.0,26.6,29.1
02216,Corcy,18406.0,25.7,30.4
02217,Coucy-le-Château-Auffrique,19354.0,23.7,19.4
02218,Coucy-lès-Eppes,16872.0,32.6,33.9
02219,Coucy-la-Ville,19757.0,24.8,24.8
02220,Coulonges-Cohan,13976.0,33.3,38.2
02221,Coupru,16657.0,26.7,24.8
02222,Courbes,14080.0,30.3,35.4
02223,Courboin,20009.0,23.6,21.3
02224,Courcelles-sur-Vesle,22394.0,20.5,24.5
02225,Courchamps,13758.0,26.5,31.2
02226,Courmelles,13086.0,28.5,33.7
02227,Courmont,15012.0,30.0,35.3
02228,Courtemont-Varennes,11880.0,33.9,39.3
02229,Courtrizy-et-Fussigny,18113.0,27.5,24.0
02230,Couvrelles,18027.0,27.6,26.1
02231,Couvron-et-Aumencourt,20707.0,23.2,27.7
02232,Coyolles,15342.0,32.4,37.1
02233,Cramaille,18454.0,27.3,29.6
02234,Craonne,19358.0,26.1,27.7
02235,Craonnelle,22345.0,17.5,15.7
02236,Crécy-au-Mont,17186.0,26.2,25.6
02237,Crécy-sur-Serre,22080.0,19.1,18.2
02238,Crépy,12673.0,33.0,27.6
02239,Crézancy,15436.0,30.9,30.5
02240,Croix-Fonsomme,23258.0,21.5,20.8
02241,La Croix-sur-Ourcq,19885.0,23.3,24.6
02242,Crouttes-sur-Marne,20613.0,21.5,21.8
02243,Crouy,17731.0,26.2,23.3
02244,Crupilly,19156.0,23.5,25.8
02245,Cuffies,16314.0,28.2,24.5
02246,Cugny,15119.0,29.3,28.6
02248,Cuirieux,17190.0,27.2,29.6
02249,Cuiry-Housse,21112.0,25.9,29.1
02250,Cuiry-lès-Chaudardes,16678.0,29.1,24.1
02251,Cuiry-lès-Iviers,20821.0,22.1,24.5
02252,Cuissy-et-Geny,20781.0,21.0,21.6
02253,Cuisy-en-Almont,21062.0,20.5,18.7
02254,Cutry,14924.0,28.9,29.6
02255,Cys-la-Commune,24423.0,16.6,13.3
02256,Dagny-Lambercy,16818.0,27.5,25.4
02257,Dallon,18494.0,23.9,27.9
02258,Dammard,18130.0,28.4,26.6
02259,Dampleux,15316.0,26.4,27.7
02260,Danizy,18967.0,22.4,21.9
02261,Dercy,21419.0,21.2,23.2
02262,Deuillet,17068.0,25.6,22.0
02263,Dhuizel,16111.0,25.5,25.2
02264,Dizy-le-Gros,17452.0,26.7,27.1
02265,Dohis,22476.0,23.1,18.7
02266,Dolignon,19132.0,23.4,19.7
02267,Dommiers,17973.0,24.8,23.5
02268,Domptin,17479.0,27.1,24.1
02269,Dorengt,15335.0,27.2,21.8
02270,Douchy,17362.0,27.1,24.9
02271,Dravegny,16236.0,32.7,38.3
02272,Droizy,14096.0,30.6,36.7
02273,Dury,16285.0,29.2,29.5
02274,Ébouleau,20301.0,22.7,19.6
02275,Effry,19370.0,24.8,28.9
02276,Englancourt,19071.0,26.3,24.2
02277,Épagny,19162.0,26.0,21.9
02278,Éparcy,18246.0,26.9,23.4
02279,Épaux-Bézu,11880.0,32.9,29.1
02280,Épieds,19523.0,28.8,26.2
02281,L'Épine-aux-Bois,18747.0,28.1,26.3
02282,Eppes,18210.0,23.5,20.2
02283,Erlon,18185.0,27.7,32.3
02284,Erloy,16938.0,23.7,23.9
02286,Esquéhéries,15937.0,28.5,33.2
02287,Essigny-le-Grand,17076.0,29.8,31.8
02288,Essigny-le-Petit,24842.0,19.4,22.1
02289,Essises,20843.0,23.0,22.0
02290,Essômes-sur-Marne,18423.0,25.0,26.3
02291,Estrées,16641.0,25.4,24.4
02292,Étampes-sur-Marne,19592.0,24.5,29.3
02293,Étaves-et-Bocquiaux,15089.0,28.1,30.6
02294,Étouvelles,14916.0,31.9,37.6
02295,Étréaupont,16538.0,29.2,29.2
02296,Étreillers,18379.0,24.0,24.7
02297,Étrépilly,18065.0,23.5,19.3
02298,Étreux,16856.0,26.7,25.9
02299,Évergnicourt,11880.0,35.1,37.1
02302,Faverolles,13186.0,34.6,37.1
02303,Fayet,19328.0,25.5,26.7
02304,La Fère,17050.0,27.9,31.4
02305,Fère-en-Tardenois,17155.0,27.8,25.3
02306,La Ferté-Chevresis,14834.0,29.2,34.9
02307,La Ferté-Milon,19318.0,25.9,22.2
02308,Fesmy-le-Sart,14850.0,29.5,30.0
02309,Festieux,13706.0,34.5,37.0
02310,Fieulaine,25013.0,18.3,17.0
02312,La Flamengrie,17691.0,32.0,33.2
02313,Flavigny-le-Grand-et-Beaurain,18036.0,26.1,24.0
02315,Flavy-le-Martel,19475.0,24.8,28.2
02316,Fleury,21045.0,21.4,17.6
02317,Fluquières,20266.0,25.2,21.5
02318,Folembray,21165.0,23.9,20.9
02319,Fonsomme,15427.0,32.9,27.3
02320,Fontaine-lès-Clercs,14007.0,37.9,43.7
02321,Fontaine-lès-Vervins,21772.0,22.0,21.6
02322,Fontaine-Notre-Dame,18099.0,25.4,24.7
02323,Fontaine-Uterte,13363.0,33.2,32.9
02324,Fontenelle,20731.0,25.7,23.1
02326,Fontenoy,19563.0,23.5,23.6
02327,Foreste,16436.0,27.2,25.3
02328,Fossoy,17514.0,30.0,30.8
02329,Fourdrain,14663.0,31.1,29.1
02330,Francilly-Selency,19238.0,24.4,19.6
02331,Franqueville,13234.0,32.8,30.2
02332,Fresnes-en-Tardenois,20511.0,25.2,27.9
02333,Fresnes-sous-Coucy,16624.0,26.8,29.6
02334,Fresnoy-le-Grand,19823.0,25.6,27.7
02335,Fressancourt,21695.0,18.8,15.2
02336,Frières-Faillouël,17490.0,23.9,23.8
02337,Froidestrées,17116.0,26.1,21.7
02338,Froidmont-Cohartille,19455.0,24.1,24.8
02339,Gandelu,18292.0,24.7,29.0
02340,Gauchy,17908.0,28.0,32.5
02341,Gercy,20269.0,22.7,18.5
02342,Gergny,17782.0,24.6,23.1
02343,Germaine,15692.0,26.4,26.2
02345,Gibercourt,19354.0,26.8,31.2
02346,Gizy,17559.0,27.2,26.4
02347,Gland,13265.0,32.6,33.5
02349,Goudelancourt-lès-Berrieux,20074.0,22.8,19.8
02350,Goudelancourt-lès-Pierrepont,17545.0,27.8,25.3
02351,Goussancourt,17384.0,28.1,25.0
02352,Gouy,21470.0,19.5,15.8
02353,Grandlup-et-Fay,16277.0,28.5,33.3
02354,Grandrieux,25068.0,16.1,14.2
02355,Gricourt,18065.0,23.2,23.4
02356,Grisolles,19275.0,22.2,20.1
02357,Gronard,14507.0,32.2,31.3
02358,Grougis,17035.0,27.5,23.2
02359,Grugies,17908.0,24.6,25.0
02360,Villeneuve-sur-Aisne,21095.0,22.5,21.2
02361,Guise,19599.0,22.7,27.0
02362,Guivry,18085.0,24.6,28.0
02363,Guny,20086.0,22.4,18.5
02364,Guyencourt,15476.0,28.4,33.8
02366,Hannapes,13706.0,33.1,38.7
02367,Happencourt,12174.0,35.1,38.0
02368,Haramont,18813.0,25.4,20.9
02369,Harcigny,19224.0,26.4,22.7
02370,Hargicourt,16382.0,28.0,32.1
02371,Harly,17695.0,26.1,28.3
02372,Hartennes-et-Taux,15983.0,30.2,26.0
02373,Hary,18059.0,26.3,25.3
02374,Lehaucourt,16834.0,29.8,31.4
02375,Hautevesnes,16157.0,31.8,33.1
02376,Hauteville,20576.0,23.4,25.7
02377,Haution,16441.0,28.9,31.7
02378,La Hérie,19857.0,22.5,18.5
02379,Le Hérie-la-Viéville,17657.0,27.1,31.0
02380,Hinacourt,14152.0,33.9,27.9
02381,Hirson,20809.0,24.6,20.3
02382,Holnon,11880.0,31.7,37.8
02383,Homblières,20381.0,25.6,24.9
02384,Houry,12753.0,35.9,29.3
02385,Housset,20454.0,24.5,28.8
02386,Iron,15982.0,28.8,33.7
02387,Itancourt,16527.0,27.3,23.4
02388,Iviers,13103.0,35.2,38.1
02389,Jaulgonne,14819.0,30.8,34.5
02390,Jeancourt,17996.0,24.8,23.0
02391,Jeantes,17666.0,29.2,29.2
02392,Joncourt,24304.0,22.0,19.2
02393,Jouaignes,20126.0,21.7,24.7
02395,Jumencourt,15724.0,29.3,24.4
02396,Jumigny,19616.0,22.6,20.6
02397,Jussy,14835.0,29.7,26.6
02398,Juvigny,22267.0,17.8,21.2
02399,Juvincourt-et-Damary,17066.0,26.0,31.2
02400,Laffaux,13523.0,32.2,28.4
02401,Laigny,22775.0,22.2,25.6
02402,Lanchy,19763.0,20.9,21.5
02403,Landifay-et-Bertaignemont,17540.0,27.9,23.9
02404,Landouzy-la-Cour,17307.0,26.0,21.5
02405,Landouzy-la-Ville,20300.0,19.9,19.5
02406,Landricourt,19290.0,29.0,32.0
02407,Laniscourt,22702.0,19.8,19.6
02408,Laon,22572.0,22.0,25.1
02409,Lappion,19709.0,22.6,18.2
02410,Largny-sur-Automne,22111.0,17.1,13.9
02411,Latilly,22255.0,19.0,16.6
02412,Launoy,20645.0,22.5,20.9
02413,Laval-en-Laonnois,19607.0,27.1,22.3
02414,Lavaqueresse,19382.0,24.2,21.7
02415,Laversine,18648.0,26.3,23.1
02416,Lemé,23235.0,18.9,16.1
02417,Lempire,15498.0,29.4,29.4
02418,Lerzy,18712.0,28.4,24.6
02419,Leschelle,15736.0,30.5,25.1
02420,Lesdins,20588.0,19.6,20.2
02421,Lesges,17109.0,29.6,25.5
02422,Lesquielles-Saint-Germain,15511.0,33.3,29.1
02423,Leuilly-sous-Coucy,20956.0,25.9,21.4
02424,Leury,16499.0,28.6,25.4
02425,Leuze,23237.0,20.8,21.5
02426,Levergies,19126.0,26.1,31.0
02427,Lhuys,16622.0,26.9,23.6
02428,Licy-Clignon,19082.0,23.1,18.5
02429,Lierval,19419.0,27.0,24.9
02430,Liesse-Notre-Dame,16267.0,28.8,34.2
02431,Liez,20727.0,23.4,20.2
02432,Limé,19948.0,24.8,28.7
02433,Lislet,21427.0,21.0,18.1
02435,Logny-lès-Aubenton,16342.0,28.5,31.0
02438,Longpont,15808.0,28.4,30.3
02439,Les Septvallons,12886.0,31.2,29.5
02440,Lor,16733.0,30.7,35.4
02441,Louâtre,17186.0,25.1,28.8
02442,Loupeigne,22822.0,21.6,24.5
02443,Lucy-le-Bocage,15075.0,30.0,27.9
02444,Lugny,16127.0,27.6,28.8
02445,Luzoir,19538.0,23.6,23.2
02446,Ly-Fontaine,19510.0,25.1,26.7
02447,Maast-et-Violaine,19758.0,25.2,26.0
02448,Mâchecourt,15597.0,25.8,23.8
02449,Macogny,11880.0,33.1,30.9
02450,Macquigny,17597.0,24.9,21.3
02451,Magny-la-Fosse,15799.0,28.4,27.1
02452,Maissemy,15868.0,29.1,26.3
02453,Maizy,13359.0,31.0,31.8
02454,La Malmaison,19880.0,25.1,22.2
02455,Malzy,19002.0,22.3,21.1
02456,Manicamp,17073.0,27.2,30.5
02457,Marchais,17974.0,26.2,23.5
02458,Dhuys et Morin-en-Brie,20051.0,22.2,19.0
02459,Marcy,17615.0,25.4,26.5
02460,Marcy-sous-Marle,21850.0,21.7,21.1
02461,Marest-Dampcourt,16434.0,28.5,31.3
02462,Mareuil-en-Dôle,21004.0,23.7,19.9
02463,Marfontaine,24392.0,17.2,13.8
02464,Margival,19112.0,25.5,25.6
02465,Marigny-en-Orxois,22016.0,19.5,22.5
02466,Marizy-Sainte-Geneviève,21248.0,22.2,19.1
02467,Marizy-Saint-Mard,21834.0,19.6,18.5
02468,Marle,24870.0,18.3,19.0
02469,Marly-Gomont,14971.0,29.6,28.5
02470,Martigny,20140.0,22.4,25.0
02471,Martigny-Courpierre,19420.0,21.7,23.1
02472,Mauregny-en-Haye,15778.0,28.7,31.3
02473,Mayot,18967.0,23.9,19.9
02474,Mennessis,13514.0,33.2,31.9
02476,Mennevret,23418.0,20.9,23.4
02477,Mercin-et-Vaux,16228.0,29.3,28.8
02478,Merlieux-et-Fouquerolles,19740.0,25.5,22.8
02480,Mesbrecourt-Richecourt,19140.0,26.8,24.5
02481,Mesnil-Saint-Laurent,19440.0,24.3,22.0
02482,Meurival,18150.0,26.0,25.0
02483,Mézières-sur-Oise,17908.0,25.5,22.9
02484,Mézy-Moulins,17349.0,27.7,28.6
02485,Missy-aux-Bois,19564.0,28.4,33.5
02486,Missy-lès-Pierrepont,23913.0,17.1,19.6
02487,Missy-sur-Aisne,18944.0,22.0,26.3
02488,Molain,20563.0,25.0,23.9
02489,Molinchart,18834.0,25.6,25.0
02490,Monampteuil,23613.0,20.7,23.1
02491,Monceau-le-Neuf-et-Faucouzy,12455.0,31.9,27.3
02492,Monceau-lès-Leups,21046.0,24.2,21.2
02493,Monceau-le-Waast,17671.0,27.0,30.5
02494,Monceau-sur-Oise,19235.0,22.9,23.1
02495,Mondrepuis,19432.0,23.1,25.6
02496,Monnes,18158.0,28.0,28.2
02497,Mons-en-Laonnois,20285.0,23.9,22.8
02498,Montaigu,20824.0,26.1,22.8
02499,Montbavin,20716.0,23.7,23.4
02500,Montbrehain,18422.0,27.0,31.1
02501,Montchâlons,16731.0,30.8,28.4
02502,Montcornet,13317.0,29.9,24.5
02503,Mont-d'Origny,18032.0,25.6,22.4
02504,Montescourt-Lizerolles,21209.0,20.3,19.2
02505,Montfaucon,17706.0,28.8,33.9
02506,Montgobert,15980.0,29.4,25.0
02507,Montgru-Saint-Hilaire,22801.0,16.5,16.6
02508,Monthenault,17157.0,25.8,29.4
02509,Monthiers,18246.0,25.6,20.5
02510,Monthurel,14042.0,36.7,31.3
02511,Montigny-en-Arrouaise,23593.0,21.8,21.4
02512,Montigny-l'Allier,17525.0,22.8,21.2
02513,Montigny-le-Franc,16006.0,30.5,32.5
02514,Montigny-Lengrain,16807.0,29.3,25.6
02515,Montigny-lès-Condé,22210.0,21.6,20.3
02516,Montigny-sous-Marle,20478.0,23.7,19.8
02517,Montigny-sur-Crécy,21094.0,21.7,23.7
02518,Montlevon,17607.0,26.1,24.3
02519,Montloué,22268.0,22.3,22.1
02520,Mont-Notre-Dame,17645.0,27.9,31.4
02521,Montreuil-aux-Lions,11880.0,38.4,45.1
02522,Mont-Saint-Jean,18166.0,25.8,23.1
02523,Mont-Saint-Martin,11880.0,29.5,25.9
02524,Mont-Saint-Père,12630.0,35.6,41.8
02525,Morcourt,17723.0,27.8,30.6
02526,Morgny-en-Thiérache,13844.0,34.3,31.0
02527,Morsain,20214.0,25.0,22.1
02528,Mortefontaine,15621.0,25.0,25.0
02529,Mortiers,13230.0,34.5,35.9
02530,Moulins,20033.0,23.5,25.3
02531,Moussy-Verneuil,26221.0,17.8,15.0
02532,Moÿ-de-l'Aisne,21042.0,20.4,24.4
02533,Muret-et-Crouttes,16298.0,24.2,28.8
02534,Muscourt,18538.0,28.2,33.6
02535,Nampcelles-la-Cour,16158.0,30.3,27.9
02536,Nampteuil-sous-Muret,15557.0,24.0,20.5
02537,Nanteuil-la-Fosse,19088.0,28.6,32.5
02538,Nanteuil-Notre-Dame,19800.0,22.1,24.9
02539,Nauroy,18995.0,22.7,18.6
02540,Nesles-la-Montagne,19665.0,22.1,21.8
02541,Neufchâtel-sur-Aisne,18632.0,25.3,25.9
02542,Neuflieux,17419.0,24.6,26.6
02543,Neuilly-Saint-Front,15372.0,29.3,25.5
02544,Neuve-Maison,19107.0,21.6,22.8
02545,La Neuville-Bosmont,13830.0,31.2,29.2
02546,La Neuville-en-Beine,17134.0,28.4,30.2
02547,La Neuville-Housset,19569.0,24.1,19.4
02548,La Neuville-lès-Dorengt,21469.0,20.3,16.5
02549,Neuville-Saint-Amand,19693.0,23.9,25.6
02550,Neuville-sur-Ailette,18727.0,25.0,27.5
02551,Neuville-sur-Margival,13960.0,30.2,25.8
02552,Neuvillette,18480.0,22.8,18.5
02553,Nizy-le-Comte,22035.0,24.5,25.9
02554,Nogentel,18196.0,27.1,26.8
02555,Nogent-l'Artaud,20909.0,20.6,23.7
02556,Noircourt,17552.0,25.8,28.6
02557,Noroy-sur-Ourcq,18476.0,24.6,21.9
02558,Le Nouvion-en-Thiérache,17126.0,27.6,26.0
02559,Nouvion-et-Catillon,14757.0,26.9,32.0
02560,Nouvion-le-Comte,16996.0,26.2,28.0
02561,Nouvion-le-Vineux,20121.0,23.2,22.0
02562,Nouvron-Vingré,24224.0,13.7,14.1
02563,Noyales,20852.0,18.1,16.2
02564,Bernoy-le-Château,17519.0,26.6,27.0
02565,Œuilly,19743.0,24.0,26.7
02566,Ognes,14954.0,32.0,28.5
02567,Ohis,15141.0,31.2,25.9
02568,Oigny-en-Valois,19986.0,19.8,17.4
02569,Oisy,17796.0,26.5,23.8
02570,Ollezy,14945.0,29.6,34.8
02571,Omissy,21572.0,21.5,24.3
02572,Orainville,16835.0,27.8,31.0
02573,Orgeval,21807.0,19.6,17.2
02574,Origny-en-Thiérache,21481.0,19.2,17.1
02575,Origny-Sainte-Benoite,16485.0,25.8,20.7
02576,Osly-Courtil,16288.0,29.1,26.0
02577,Ostel,17957.0,24.9,22.6
02578,Oulches-la-Vallée-Foulon,24277.0,18.7,16.4
02579,Oulchy-la-Ville,20341.0,19.5,17.5
02580,Oulchy-le-Château,16845.0,26.1,28.0
02581,Paars,19002.0,26.4,25.2
02582,Paissy,15540.0,26.8,30.9
02583,Pancy-Courtecon,20526.0,23.2,23.2
02584,Papleux,17873.0,26.2,28.0
02585,Parcy-et-Tigny,20940.0,19.7,23.1
02586,Parfondeval,14504.0,28.5,27.2
02587,Parfondru,11917.0,31.2,26.2
02588,Pargnan,15864.0,28.2,24.9
02589,Pargny-et-Filain,16546.0,28.3,25.9
02590,Pargny-la-Dhuys,13699.0,32.9,33.2
02591,Pargny-les-Bois,24403.0,16.2,18.4
02592,Parpeville,20054.0,23.0,24.3
02593,Pasly,22120.0,20.3,19.8
02594,Passy-en-Valois,20614.0,23.7,22.0
02595,Passy-sur-Marne,11880.0,32.5,27.5
02596,Pavant,20560.0,22.4,26.3
02598,Pernant,15894.0,30.4,32.7
02599,Pierremande,20157.0,22.7,26.5
02600,Pierrepont,20257.0,22.3,19.8
02601,Pignicourt,19765.0,21.0,23.6
02602,Pinon,19346.0,21.4,24.7
02604,Pithon,16454.0,28.1,28.6
02605,Pleine-Selve,17735.0,28.1,26.4
02606,Le Plessier-Huleu,26817.0,12.9,10.7
02607,Ploisy,13416.0,31.9,33.8
02608,Plomion,25833.0,18.6,20.8
02609,Ployart-et-Vaurseine,12786.0,33.2,28.0
02610,Pommiers,17584.0,25.3,23.6
02612,Pont-Arcy,21313.0,20.4,21.2
02613,Pontavert,17270.0,25.1,29.0
02614,Pontru,17594.0,29.7,35.2
02615,Pontruet,19732.0,22.3,25.8
02616,Pont-Saint-Mard,18122.0,27.1,22.8
02617,Pouilly-sur-Serre,20004.0,24.0,22.9
02618,Prémont,17845.0,23.0,22.2
02619,Prémontré,20770.0,21.7,25.2
02620,Presles-et-Boves,24071.0,21.4,18.9
02621,Presles-et-Thierny,14773.0,28.1,23.4
02622,Priez,21763.0,20.4,18.1
02623,Prisces,17913.0,25.3,22.8
02624,Proisy,14572.0,33.5,39.6
02625,Proix,20638.0,24.9,20.4
02626,Prouvais,18021.0,22.3,25.9
02627,Proviseux-et-Plesnoy,20278.0,23.8,25.7
02628,Puiseux-en-Retz,16950.0,28.2,26.5
02629,Puisieux-et-Clanlieu,18030.0,25.9,29.7
02631,Quierzy,19679.0,24.3,19.8
02632,Quincy-Basse,24799.0,17.5,14.0
02633,Quincy-sous-le-Mont,16063.0,28.7,29.9
02634,Raillimont,18286.0,28.5,32.5
02635,Ramicourt,13535.0,34.2,39.2
02636,Regny,22858.0,20.0,21.9
02637,Remaucourt,19571.0,18.4,19.4
02638,Remies,19837.0,22.7,24.8
02639,Remigny,19202.0,26.1,26.3
02640,Renansart,20125.0,22.2,24.8
02641,Renneval,15617.0,25.6,26.0
02642,Résigny,17006.0,27.6,25.0
02643,Ressons-le-Long,21898.0,19.9,18.0
02644,Retheuil,21653.0,23.3,27.4
02645,Reuilly-Sauvigny,20572.0,21.7,20.7
02647,Ribeauville,20224.0,24.8,20.1
02648,Ribemont,17152.0,25.5,25.8
02649,Rocourt-Saint-Martin,17527.0,27.9,22.6
02650,Rocquigny,19486.0,25.9,27.8
02651,Rogécourt,20402.0,22.9,19.7
02652,Rogny,20507.0,23.6,19.0
02653,Romeny-sur-Marne,22085.0,21.2,19.6
02654,Romery,18797.0,25.2,26.6
02655,Ronchères,18394.0,24.3,25.9
02656,Roucy,12336.0,28.7,25.4
02657,Rougeries,17182.0,28.4,29.8
02658,Roupy,19077.0,26.2,27.8
02659,Rouvroy,23116.0,20.6,17.2
02660,Rouvroy-sur-Serre,16456.0,25.6,21.0
02661,Royaucourt-et-Chailvet,19695.0,22.6,21.5
02662,Rozet-Saint-Albin,22580.0,18.9,18.3
02663,Rozières-sur-Crise,17541.0,27.6,30.3
02664,Rozoy-Bellevalle,19182.0,25.1,22.6
02665,Grand-Rozoy,17866.0,27.2,21.8
02666,Rozoy-sur-Serre,15656.0,28.1,28.4
02667,Saconin-et-Breuil,18536.0,26.7,27.7
02668,Sains-Richaumont,23041.0,21.2,19.4
02670,Saint-Algis,20285.0,24.3,24.6
02671,Saint-Aubin,19371.0,23.3,25.2
02672,Saint-Bandry,16541.0,28.6,25.1
02673,Saint-Christophe-à-Berry,20317.0,23.1,27.1
02674,Saint-Clément,18445.0,23.0,19.0
02675,Sainte-Croix,20032.0,26.5,25.0
02676,Saint-Erme-Outre-et-Ramecourt,20078.0,23.9,20.0
02677,Saint-Eugène,21483.0,23.1,27.0
02678,Sainte-Geneviève,19859.0,22.6,23.5
02679,Saint-Gengoulph,23366.0,21.0,17.1
02680,Saint-Gobain,18472.0,25.5,29.9
02681,Saint-Gobert,19064.0,25.8,27.8
02682,Saint-Mard,24194.0,16.0,17.1
02683,Saint-Martin-Rivière,24138.0,20.5,17.3
02684,Saint-Michel,19169.0,19.8,21.1
02685,Saint-Nicolas-aux-Bois,14703.0,32.5,31.2
02686,Saint-Paul-aux-Bois,14997.0,28.6,32.9
02687,Saint-Pierre-Aigle,23575.0,19.5,21.6
02688,Saint-Pierre-lès-Franqueville,19566.0,24.6,25.6
02689,Saint-Pierremont,13078.0,36.6,31.2
02690,Sainte-Preuve,19814.0,25.8,21.6
02691,Saint-Quentin,21918.0,21.9,19.6
02693,Saint-Rémy-Blanzy,14231.0,29.9,26.9
02694,Saint-Simon,19410.0,24.8,27.4
02696,Saint-Thomas,18007.0,24.1,19.7
02697,Samoussy,17387.0,27.9,27.1
02698,Sancy-les-Cheminots,14248.0,30.9,35.6
02699,Saponay,20950.0,20.4,19.5
02701,Saulchery,16144.0,28.2,30.1
02702,Savy,15279.0,30.1,32.0
02703,Seboncourt,12539.0,35.0,38.8
02704,Selens,22512.0,19.1,16.7
02705,La Selve,18969.0,28.9,25.6
02706,Septmonts,18505.0,30.0,24.0
02707,Septvaux,19078.0,24.2,21.8
02708,Sequehart,17702.0,26.8,29.3
02709,Serain,20998.0,20.0,21.4
02710,Seraucourt-le-Grand,13169.0,28.6,32.7
02711,Serches,11880.0,33.1,38.4
02712,Sergy,16171.0,31.9,30.4
02713,Seringes-et-Nesles,17006.0,28.0,24.8
02714,Sermoise,24379.0,19.7,18.2
02715,Serval,15669.0,31.5,37.3
02716,Servais,18662.0,26.2,31.3
02717,Séry-lès-Mézières,12293.0,32.8,35.7
02718,Silly-la-Poterie,15871.0,25.2,26.8
02719,Sinceny,19285.0,24.4,26.7
02720,Sissonne,17364.0,28.0,29.7
02721,Sissy,19133.0,26.8,31.0
02722,Soissons,23852.0,20.8,23.7
02723,Soize,15238.0,29.1,32.2
02724,Sommelans,16246.0,27.9,27.2
02725,Sommeron,14571.0,29.0,28.1
02726,Sommette-Eaucourt,15658.0,27.2,32.4
02727,Sons-et-Ronchères,18026.0,24.2,21.5
02728,Sorbais,18837.0,25.9,25.3
02729,Soucy,18266.0,28.3,23.0
02730,Soupir,21921.0,24.5,27.1
02731,Le Sourd,17090.0,22.6,21.6
02732,Surfontaine,12673.0,26.6,22.8
02734,Taillefontaine,22112.0,23.8,26.1
02735,Tannières,21965.0,22.9,25.6
02736,Tartiers,17167.0,25.3,23.7
02737,Tavaux-et-Pontséricourt,19701.0,27.7,23.8
02738,Tergnier,21956.0,21.5,21.0
02739,Terny-Sorny,21274.0,22.5,23.3
02740,Thenailles,14834.0,31.3,35.8
02741,Thenelles,25389.0,16.2,13.8
02742,Thiernu,14000.0,29.7,30.1
02743,Le Thuel,19850.0,20.7,18.7
02744,Torcy-en-Valois,13406.0,34.4,31.1
02745,Toulis-et-Attencourt,18670.0,24.9,24.1
02746,Travecy,17011.0,29.0,29.6
02747,Trefcon,21891.0,21.3,21.3
02748,Trélou-sur-Marne,15890.0,28.6,26.3
02749,Troësnes,17101.0,26.5,27.6
02750,Trosly-Loire,16026.0,26.4,30.8
02751,Trucy,22035.0,20.9,17.2
02752,Tugny-et-Pont,16652.0,30.4,35.7
02753,Tupigny,17778.0,28.3,28.7
02754,Ugny-le-Gay,21792.0,23.5,27.1
02755,Urcel,20776.0,23.2,27.0
02756,Urvillers,20588.0,23.0,22.4
02757,Vadencourt,21305.0,25.1,29.1
02758,Vailly-sur-Aisne,20502.0,23.5,20.6
02759,La Vallée-au-Blé,21009.0,22.8,24.1
02760,La Vallée-Mulâtre,20707.0,22.9,24.2
02761,Variscourt,19224.0,24.4,26.9
02762,Vassens,16559.0,28.2,29.1
02763,Vasseny,23443.0,18.7,19.4
02764,Vassogne,17954.0,30.0,25.8
02765,Vaucelles-et-Beffecourt,18002.0,26.1,30.5
02766,Vaudesson,22997.0,19.3,19.9
02767,Vauxrezis,18091.0,26.3,26.9
02768,Vauxaillon,14874.0,28.7,26.1
02769,Vaux-Andigny,17445.0,28.4,26.1
02770,Vauxbuin,19556.0,24.9,22.5
02772,Vaux-en-Vermandois,19521.0,23.1,22.7
02773,Vauxtin,23748.0,20.7,22.1
02774,Vendelles,18011.0,29.0,23.3
02775,Vendeuil,22450.0,18.5,20.3
02776,Vendhuile,18600.0,27.5,24.6
02777,Vendières,17216.0,27.1,24.1
02778,Vendresse-Beaulne,22358.0,17.4,14.2
02779,Vénérolles,24143.0,18.9,22.6
02780,Venizel,19947.0,21.4,21.0
02781,Verdilly,15467.0,32.3,34.5
02782,Le Verguier,19963.0,27.2,25.6
02783,Grand-Verly,15834.0,29.8,34.4
02784,Petit-Verly,15055.0,27.0,24.1
02785,Vermand,22294.0,24.7,26.2
02786,Verneuil-sous-Coucy,22721.0,19.5,22.0
02787,Verneuil-sur-Serre,17193.0,25.5,24.0
02788,Versigny,18829.0,24.6,21.0
02789,Vervins,21005.0,22.5,25.8
02790,Vesles-et-Caumont,20121.0,26.4,22.9
02791,Veslud,19958.0,25.3,27.8
02792,Veuilly-la-Poterie,19071.0,23.2,23.8
02793,Vézaponin,13580.0,31.0,35.7
02794,Vézilly,16213.0,23.9,23.7
02795,Vic-sur-Aisne,17196.0,28.9,34.2
02796,Vichel-Nanteuil,18024.0,27.3,25.9
02797,Viel-Arcy,20597.0,24.3,25.7
02798,Viels-Maisons,19407.0,25.5,23.2
02799,Vierzy,20117.0,21.8,25.6
02800,Viffort,17702.0,26.6,25.5
02801,Vigneux-Hocquet,19692.0,19.3,22.8
02802,La Ville-aux-Bois-lès-Dizy,15900.0,29.5,29.5
02803,La Ville-aux-Bois-lès-Pontavert,11880.0,36.1,43.0
02804,Villemontoire,16567.0,26.5,24.9
02805,Villeneuve-Saint-Germain,20550.0,25.6,24.8
02806,Villeneuve-sur-Fère,16327.0,29.9,24.0
02807,Villequier-Aumont,17138.0,29.8,31.8
02808,Villeret,19097.0,25.8,29.2
02809,Villers-Agron-Aiguizy,17389.0,25.2,23.1
02810,Villers-Cotterêts,22424.0,24.8,23.7
02812,Villers-Hélon,11969.0,34.7,36.2
02813,Villers-le-Sec,15539.0,29.3,23.9
02814,Villers-lès-Guise,19113.0,26.8,26.7
02815,Villers-Saint-Christophe,13859.0,32.0,26.4
02816,Villers-sur-Fère,19673.0,26.9,25.6
02817,Ville-Savoye,22158.0,19.4,21.3
02818,Villiers-Saint-Denis,15516.0,28.8,29.6
02819,Vincy-Reuil-et-Magny,19679.0,22.5,21.5
02820,Viry-Noureuil,15464.0,29.2,34.8
02821,Vivaise,19310.0,23.0,21.5
02822,Vivières,17507.0,24.4,28.5
02823,Voharies,20876.0,22.4,23.7
02824,Vorges,13049.0,28.8,26.3
02826,Voulpaix,23307.0,21.0,20.1
02827,Voyenne,15069.0,28.8,23.2
02828,Vregny,16280.0,28.5,24.9
02829,Vuillery,18046.0,28.2,33.6
02830,Wassigny,16383.0,28.7,24.5
02831,Watigny,17969.0,28.8,28.1
02832,Wiège-Faty,17715.0,27.8,30.9
02833,Wimy,21133.0,26.4,30.1
02834,Wissignicourt,18631.0,26.5,23.4
59001,Abancourt,13526.0,33.0,29.8
59002,Abscon,16683.0,28.6,30.3
59003,Aibes,14842.0,33.7,32.4
59004,Aix-en-Pévèle,13918.0,30.8,26.3
59005,Allennes-les-Marais,20041.0,21.8,18.4
59006,L'Orée de Mormal,21000.0,21.5,19.9
59007,Anhiers,18974.0,24.9,28.0
59008,Aniche,19932.0,19.6,17.4
59009,Villeneuve-d'Ascq,26381.0,14.0,16.6
59010,Anneux,12878.0,28.9,30.5
59011,Annœullin,21442.0,23.6,23.9
59012,Anor,17517.0,26.5,31.1
59013,Anstaing,20011.0,24.0,23.6
59014,Anzin,24318.0,15.4,16.5
59015,Arleux,18339.0,28.0,25.7
59016,Armbouts-Cappel,18640.0,23.7,25.6
59017,Armentières,20757.0,24.0,25.9
59018,Arnèke,17360.0,27.3,29.9
59019,Artres,17087.0,24.0,28.1
59021,Assevent,21352.0,22.2,21.2
59022,Attiches,22340.0,21.2,18.3
59023,Aubencheul-au-Bac,17052.0,28.4,29.9
59024,Auberchicourt,24480.0,18.4,15.0
59025,Aubers,18990.0,25.4,30.1
59026,Aubigny-au-Bac,20740.0,20.6,19.4
59027,Aubry-du-Hainaut,16572.0,25.1,27.7
59028,Auby,22015.0,20.8,21.9
59029,Auchy-lez-Orchies,13926.0,31.1,33.1
59031,Audignies,23944.0,22.0,19.0
59032,Aulnoy-lez-Valenciennes,21385.0,24.5,28.0
59033,Aulnoye-Aymeries,20543.0,20.8,19.7
59034,Avelin,16052.0,29.3,32.5
59035,Avesnelles,18456.0,24.0,19.5
59036,Avesnes-sur-Helpe,21165.0,18.9,16.9
59037,Avesnes-les-Aubert,16555.0,28.6,30.4
59038,Avesnes-le-Sec,20328.0,23.7,26.4
59039,Awoingt,24423.0,19.0,18.6
59041,Bachant,20646.0,24.0,20.3
59042,Bachy,19252.0,27.4,32.1
59043,Bailleul,23704.0,22.2,18.2
59044,Baisieux,17226.0,22.9,23.5
59045,Baives,18520.0,23.0,25.4
59046,Bambecque,15824.0,30.5,30.7
59047,Banteux,13276.0,34.2,35.2
59048,Bantigny,18311.0,26.2,28.1
59049,Bantouzelle,21060.0,23.0,22.9
59050,Bas-Lieu,15979.0,23.7,21.1
59051,La Bassée,22611.0,20.3,20.1
59052,Bauvin,18022.0,25.4,29.4
59053,Bavay,22245.0,19.0,21.6
59054,Bavinchove,24098.0,21.0,18.4
59055,Bazuel,14421.0,30.9,33.7
59056,Beaucamps-Ligny,16599.0,29.3,31.9
59057,Beaudignies,18496.0,25.6,28.8
59058,Beaufort,15077.0,26.7,21.4
59059,Beaumont-en-Cambrésis,25255.0,20.2,22.4
59060,Beaurain,17763.0,27.5,24.1
59061,Beaurepaire-sur-Sambre,14304.0,34.3,36.2
59062,Beaurieux,23972.0,18.0,20.8
59063,Beauvois-en-Cambrésis,18000.0,25.1,27.7
59064,Bellaing,23025.0,19.4,17.2
59065,Bellignies,23053.0,17.8,18.6
59066,Bérelles,18562.0,26.2,29.5
59067,Bergues,20340.0,23.5,21.9
59068,Berlaimont,16767.0,28.6,28.8
59069,Bermerain,15951.0,31.3,25.7
59071,Bersée,20530.0,23.4,28.0
59072,Bersillies,13388.0,33.0,31.3
59073,Berthen,20006.0,25.4,21.6
59074,Bertry,23995.0,18.0,14.9
59075,Béthencourt,15593.0,28.4,30.4
59076,Bettignies,15004.0,29.1,31.9
59077,Bettrechies,23303.0,17.8,19.6
59078,Beugnies,17380.0,29.2,27.7
59079,Beuvrages,18592.0,26.8,27.6
59080,Beuvry-la-Forêt,20261.0,25.0,29.1
59081,Bévillers,18487.0,25.0,24.9
59082,Bierne,17842.0,29.6,29.6
59083,Bissezeele,20999.0,21.6,25.7
59084,Blaringhem,18375.0,24.5,28.5
59085,Blécourt,15576.0,28.2,28.7
59086,Boeschepe,17299.0,27.4,29.0
59087,Boëseghem,15249.0,30.7,35.7
59088,Bois-Grenier,22183.0,17.2,15.8
59089,Bollezeele,22569.0,22.4,19.1
59090,Bondues,13983.0,30.1,26.0
59091,Borre,21699.0,19.9,16.0
59092,Bouchain,15480.0,31.1,26.8
59093,Boulogne-sur-Helpe,14180.0,31.1,26.3
59094,Bourbourg,15862.0,29.0,28.8
59096,Bourghelles,14766.0,28.6,25.7
59097,Boursies,19540.0,24.9,24.3
59098,Bousbecque,22442.0,21.6,22.2
59099,Bousies,18361.0,28.1,28.4
59100,Bousignies,19273.0,22.9,25.8
59101,Bousignies-sur-Roc,17237.0,30.7,26.5
59102,Boussières-en-Cambrésis,19011.0,24.3,26.5
59103,Boussières-sur-Sambre,16211.0,33.6,36.6
59104,Boussois,17878.0,29.6,32.9
59105,Bouvignies,19915.0,23.7,25.5
59106,Bouvines,17709.0,27.1,31.6
59107,Bray-Dunes,22289.0,20.2,22.7
59108,Briastre,16330.0,29.6,24.1
59109,Brillon,19955.0,24.9,21.0
59110,Brouckerque,20331.0,25.1,22.3
59111,Broxeele,24237.0,16.6,13.8
59112,Bruay-sur-l'Escaut,23714.0,21.9,19.9
59113,Bruille-lez-Marchiennes,21619.0,22.0,23.5
59114,Bruille-Saint-Amand,20875.0,24.6,24.5
59115,Brunémont,20920.0,26.3,28.2
59116,Bry,17318.0,26.4,23.8
59117,Bugnicourt,16902.0,30.3,24.8
59118,Busigny,18723.0,27.2,30.2
59119,Buysscheure,18518.0,26.2,25.1
59120,Caëstre,15321.0,26.3,23.3
59121,Cagnoncles,18830.0,26.4,28.9
59122,Cambrai,18657.0,23.5,21.8
59123,Camphin-en-Carembault,19292.0,23.1,24.4
59124,Camphin-en-Pévèle,25725.0,21.9,22.7
59125,Cantaing-sur-Escaut,17662.0,25.7,26.7
59126,Cantin,15343.0,30.0,27.4
59127,Capelle,18618.0,24.9,26.5
59128,Capinghem,18597.0,24.5,25.4
59129,Cappelle-en-Pévèle,21426.0,27.6,23.8
59130,Cappelle-Brouck,16012.0,30.7,36.5
59131,Cappelle-la-Grande,17462.0,25.8,24.8
59132,Carnières,12120.0,31.5,26.5
59133,Carnin,19167.0,25.3,29.5
59134,Cartignies,15530.0,29.4,27.4
59135,Cassel,21377.0,20.5,16.8
59136,Le Cateau-Cambrésis,20341.0,21.3,21.6
59137,Catillon-sur-Sambre,18870.0,27.7,26.1
59138,Cattenières,14529.0,29.5,29.6
59139,Caudry,20601.0,23.3,27.4
59140,Caullery,16415.0,31.3,32.8
59141,Cauroir,15412.0,30.2,34.2
59142,Cerfontaine,12750.0,31.0,35.6
59143,La Chapelle-d'Armentières,18233.0,29.4,23.9
59144,Château-l'Abbaye,14695.0,31.2,29.8
59145,Chemy,22429.0,18.7,17.5
59146,Chéreng,20093.0,22.9,18.8
59147,Choisies,18912.0,24.4,28.0
59148,Clairfayts,21335.0,19.5,17.8
59149,Clary,20108.0,24.9,20.8
59150,Cobrieux,15645.0,23.3,24.5
59151,Colleret,13304.0,32.6,33.4
59152,Comines,23412.0,20.2,18.9
59153,Condé-sur-l'Escaut,17755.0,25.2,20.4
59155,Coudekerque-Branche,20549.0,23.0,26.2
59156,Courchelettes,19193.0,24.9,27.4
59157,Cousolre,24850.0,18.2,18.2
59158,Coutiches,24407.0,17.5,17.0
59159,Craywick,14918.0,33.2,27.2
59160,Crespin,21747.0,19.3,20.9
59161,Crèvecœur-sur-l'Escaut,16651.0,29.5,26.2
59162,Crochte,16771.0,28.9,31.1
59163,Croix,23723.0,21.7,20.0
59164,Croix-Caluyau,18478.0,24.6,26.9
59165,Cuincy,22535.0,19.6,18.7
59166,Curgies,18899.0,27.1,29.8
59167,Cuvillers,18298.0,25.8,25.9
59168,Cysoing,18292.0,24.6,25.6
59169,Damousies,24923.0,17.4,20.0
59170,Dechy,19022.0,23.2,21.2
59171,Dehéries,15889.0,29.7,29.1
59172,Denain,18991.0,22.6,26.7
59173,Deûlémont,20104.0,21.2,18.5
59174,Dimechaux,18814.0,22.0,20.2
59175,Dimont,16948.0,29.1,25.9
59176,Doignies,18759.0,24.9,29.4
59177,Dompierre-sur-Helpe,17458.0,27.2,28.8
59178,Douai,22723.0,18.9,18.9
59179,Douchy-les-Mines,19074.0,23.6,19.3
59180,Le Doulieu,19990.0,24.7,20.2
59181,Dourlers,18799.0,26.4,28.6
59182,Drincham,17227.0,30.7,30.6
59183,Dunkerque,21931.0,20.8,19.2
59184,Ebblinghem,17362.0,26.6,26.3
59185,Écaillon,17257.0,27.7,29.7
59186,Eccles,17818.0,22.3,18.4
59187,Éclaibes,20641.0,23.9,22.7
59188,Écuélin,21078.0,25.4,30.4
59189,Eecke,21724.0,23.4,25.0
59190,Élesmes,16082.0,28.8,33.7
59191,Élincourt,20092.0,25.4,29.5
59192,Émerchicourt,16462.0,27.6,26.1
59193,Emmerin,21250.0,21.9,20.2
59194,Englefontaine,21357.0,19.2,21.2
59195,Englos,15435.0,29.6,27.4
59196,Ennetières-en-Weppes,13177.0,35.2,29.4
59197,Ennevelin,16733.0,27.4,26.4
59198,Eppe-Sauvage,13430.0,30.8,27.7
59199,Erchin,12423.0,35.4,37.7
59200,Eringhem,22041.0,21.1,22.0
59201,Erquinghem-le-Sec,23275.0,20.3,16.4
59202,Erquinghem-Lys,16176.0,28.3,30.7
59203,Erre,18126.0,26.5,29.3
59204,Escarmain,20325.0,23.7,23.6
59205,Escaudain,22260.0,22.3,19.7
59206,Escaudœuvres,19723.0,28.0,32.4
59207,Escautpont,23917.0,22.7,23.0
59208,Escobecques,16907.0,23.6,19.8
59209,Esnes,21016.0,26.6,28.4
59210,Esquelbecq,21481.0,20.9,20.0
59211,Esquerchin,18654.0,27.8,24.5
59212,Estaires,13972.0,32.4,29.3
59213,Estourmel,20676.0,21.7,25.9
59214,Estrées,12127.0,34.2,29.1
59215,Estreux,21343.0,25.5,21.8
59216,Eswars,20095.0,22.8,23.8
59217,Eth,19766.0,22.7,26.6
59218,Étrœungt,19200.0,22.4,22.5
59219,Estrun,18169.0,25.0,24.7
59220,Faches-Thumesnil,20358.0,21.9,17.6
59221,Famars,21435.0,19.9,19.4
59222,Faumont,20975.0,24.5,25.1
59223,Le Favril,16728.0,28.6,29.9
59224,Féchain,20949.0,25.3,26.1
59225,Feignies,24666.0,19.8,20.9
59226,Felleries,18103.0,27.3,29.8
59227,Fenain,20028.0,26.8,30.6
59228,Férin,17592.0,28.9,34.6
59229,Féron,21158.0,24.1,25.8
59230,Ferrière-la-Grande,18338.0,25.0,28.1
59231,Ferrière-la-Petite,15479.0,31.5,32.7
59232,La Flamengrie,17171.0,25.9,21.7
59233,Flaumont-Waudrechies,17957.0,30.0,31.4
59234,Flers-en-Escrebieux,23302.0,19.5,20.0
59236,Flesquières,13934.0,32.8,27.3
59237,Flêtre,20322.0,25.2,24.9
59238,Flines-lès-Mortagne,18883.0,23.9,24.7
59239,Flines-lez-Raches,20064.0,23.2,20.1
59240,Floursies,15960.0,29.3,27.1
59241,Floyon,22481.0,20.6,19.9
59242,Fontaine-au-Bois,16753.0,30.6,33.0
59243,Fontaine-au-Pire,22388.0,18.6,21.8
59244,Fontaine-Notre-Dame,24382.0,19.3,15.5
59246,Forest-en-Cambrésis,19280.0,22.7,21.3
59247,Forest-sur-Marque,21457.0,19.8,23.4
59249,Fourmies,22362.0,21.9,24.1
59250,Fournes-en-Weppes,17067.0,24.7,22.7
59251,Frasnoy,17688.0,24.0,26.1
59252,Frelinghien,20812.0,22.4,25.6
59253,Fresnes-sur-Escaut,22719.0,21.3,20.6
59254,Fressain,16481.0,26.9,30.7
59255,Fressies,20527.0,22.5,24.5
59256,Fretin,19462.0,25.0,27.6
59257,Fromelles,17457.0,26.2,22.3
59258,Genech,21379.0,20.4,19.0
59259,Ghissignies,18686.0,24.8,25.8
59260,Ghyvelde,21790.0,21.5,23.9
59261,Glageon,12120.0,34.0,31.2
59262,Godewaersvelde,18793.0,23.6,28.0
59263,Gœulzin,20266.0,20.4,21.6
59264,Gognies-Chaussée,21664.0,22.3,24.8
59265,Gommegnies,23454.0,20.5,19.2
59266,Gondecourt,17379.0,22.3,20.7
59267,Gonnelieu,20645.0,20.3,24.2
59268,La Gorgue,20808.0,18.4,17.1
59269,Gouzeaucourt,16450.0,27.7,24.8
59270,Grand-Fayt,23910.0,18.2,14.9
59271,Grande-Synthe,20643.0,20.2,21.1
59272,Grand-Fort-Philippe,21929.0,22.5,26.1
59273,Gravelines,21371.0,23.2,24.0
59274,La Groise,20848.0,21.1,24.0
59275,Gruson,18866.0,27.7,24.7
59276,Guesnain,18153.0,27.3,24.7
59277,Gussignies,17623.0,26.2,26.4
59278,Hallennes-lez-Haubourdin,22073.0,21.7,23.6
59279,Halluin,18963.0,24.3,19.7
59280,Hamel,25869.0,16.4,13.5
59281,Hantay,17493.0,28.1,22.5
59282,Hardifort,21380.0,25.6,29.7
59283,Hargnies,18201.0,25.2,25.4
59284,Hasnon,21800.0,21.0,18.0
59285,Haspres,20793.0,23.6,18.9
59286,Haubourdin,24014.0,18.5,21.8
59287,Haucourt-en-Cambrésis,13040.0,37.3,34.7
59288,Haulchin,17541.0,31.3,34.5
59289,Haussy,22461.0,23.8,19.9
59290,Haut-Lieu,16515.0,26.9,31.0
59291,Hautmont,18864.0,28.3,28.6
59292,Haveluy,20315.0,19.8,23.7
59293,Haverskerque,21185.0,20.5,19.1
59294,Haynecourt,16587.0,27.9,29.5
59295,Hazebrouck,21902.0,17.5,19.1
59296,Hecq,13561.0,33.5,26.8
59297,Hélesmes,19928.0,26.2,28.5
59299,Hem,17176.0,25.7,23.0
59300,Hem-Lenglet,20903.0,21.1,22.9
59301,Hergnies,23966.0,16.8,14.5
59302,Hérin,20724.0,24.0,28.7
59303,Herlies,22646.0,25.8,20.7
59304,Herrin,21418.0,19.5,16.4
59305,Herzeele,22194.0,20.5,16.4
59306,Hestrud,19554.0,23.3,27.3
59307,Holque,17324.0,26.5,30.8
59308,Hondeghem,23833.0,16.5,15.2
59309,Hondschoote,13610.0,31.0,33.9
59310,Hon-Hergies,15351.0,30.9,34.6
59311,Honnechy,18579.0,24.7,19.9
59312,Honnecourt-sur-Escaut,22904.0,18.4,14.7
59313,Hordain,19259.0,24.5,23.3
59314,Hornaing,23943.0,22.4,20.0
59315,Houdain-lez-Bavay,19250.0,27.5,31.1
59316,Houplin-Ancoisne,20125.0,25.4,21.9
59317,Houplines,20234.0,24.6,20.9
59318,Houtkerque,21395.0,21.2,20.0
59319,Hoymille,19295.0,27.3,30.4
59320,Illies,19562.0,26.7,30.9
59321,Inchy,19657.0,23.1,25.7
59322,Iwuy,21444.0,22.2,20.7
59323,Jenlain,16832.0,26.1,22.2
59324,Jeumont,21288.0,22.7,26.5
59325,Jolimetz,19980.0,21.3,24.3
59326,Killem,18850.0,25.5,21.8
59327,Lallaing,23051.0,19.5,17.3
59328,Lambersart,19704.0,21.3,24.1
59329,Lambres-lez-Douai,22159.0,21.0,22.7
59330,Landas,17546.0,27.1,29.1
59331,Landrecies,20350.0,25.3,20.7
59332,Lannoy,17086.0,25.1,25.5
59333,Larouillies,19136.0,22.2,20.8
59334,Lauwin-Planque,16213.0,27.9,29.4
59335,Lecelles,23021.0,23.5,21.9
59336,Lécluse,19264.0,20.7,21.6
59337,Lederzeele,21957.0,19.2,21.2
59338,Ledringhem,21161.0,25.4,23.5
59339,Leers,16789.0,28.0,25.9
59340,Leffrinckoucke,22031.0,22.0,21.6
59341,Lesdain,20065.0,23.8,25.2
59342,Lez-Fontaine,17651.0,26.2,23.5
59343,Lesquin,20570.0,26.9,30.8
59344,Leval,17254.0,25.5,24.4
59345,Lewarde,20116.0,21.5,19.9
59346,Lezennes,19288.0,24.2,23.9
59347,Liessies,24051.0,14.9,13.9
59348,Lieu-Saint-Amand,15896.0,31.6,34.6
59349,Ligny-en-Cambrésis,17845.0,27.7,27.2
59350,Lille,24982.0,19.0,16.6
59351,Limont-Fontaine,16143.0,30.6,31.5
59352,Linselles,21033.0,21.1,22.0
59353,Locquignol,13046.0,35.3,35.7
59354,Loffre,19444.0,25.3,28.7
59356,Lompret,18192.0,26.8,29.4
59357,La Longueville,16351.0,27.9,30.7
59358,Looberghe,21285.0,25.8,28.3
59359,Loon-Plage,19959.0,27.9,31.6
59360,Loos,19376.0,24.0,19.6
59361,Lourches,18053.0,24.4,25.1
59363,Louvignies-Quesnoy,22251.0,19.9,18.4
59364,Louvil,16495.0,29.1,24.5
59365,Louvroil,19317.0,27.3,32.5
59366,Lynde,17370.0,27.8,26.8
59367,Lys-lez-Lannoy,21939.0,22.0,26.0
59368,La Madeleine,23248.0,18.4,15.8
59369,Maing,21243.0,20.9,22.7
59370,Mairieux,22524.0,25.3,29.2
59371,Le Maisnil,23326.0,19.8,23.1
59372,Malincourt,15315.0,31.6,31.5
59374,Marbaix,18541.0,22.9,26.8
59375,Marchiennes,24493.0,16.0,15.7
59377,Marcoing,19223.0,24.0,23.3
59378,Marcq-en-Barœul,21603.0,21.8,23.8
59379,Marcq-en-Ostrevent,18431.0,24.4,21.5
59381,Maresches,21169.0,18.4,15.3
59382,Maretz,18047.0,28.9,30.5
59383,Marly,19629.0,24.2,25.8
59384,Maroilles,19650.0,22.8,19.1
59385,Marpent,24765.0,19.4,17.7
59386,Marquette-lez-Lille,21013.0,22.2,17.8
59387,Marquette-en-Ostrevant,17712.0,28.9,23.5
59388,Marquillies,13768.0,30.7,36.0
59389,Masnières,23320.0,19.0,18.0
59390,Masny,21877.0,22.3,18.3
59391,Mastaing,24635.0,17.4,19.9
59392,Maubeuge,16980.0,28.9,28.9
59393,Maulde,17059.0,27.7,23.0
59394,Maurois,14143.0,31.0,25.5
59395,Mazinghien,19584.0,26.5,25.8
59396,Mecquignies,21022.0,24.5,20.9
59397,Merckeghem,14808.0,32.2,35.4
59398,Mérignies,21083.0,20.3,18.5
59399,Merris,15389.0,28.3,24.7
59400,Merville,24208.0,18.5,18.1
59401,Méteren,19105.0,27.7,27.8
59402,Millam,18653.0,25.6,24.0
59403,Millonfosse,19611.0,22.8,20.5
59405,Mœuvres,17228.0,26.6,30.4
59406,Monceau-Saint-Waast,19811.0,25.2,23.5
59407,Monchaux-sur-Écaillon,19122.0,26.0,26.4
59408,Moncheaux,19677.0,23.2,26.3
59409,Monchecourt,22722.0,20.3,22.4
59410,Mons-en-Barœul,20454.0,22.7,25.4
59411,Mons-en-Pévèle,19435.0,23.5,26.6
59412,Montay,15181.0,28.3,29.9
59413,Montigny-en-Cambrésis,18865.0,26.7,29.4
59414,Montigny-en-Ostrevent,21932.0,23.5,25.4
59415,Montrécourt,23045.0,24.6,22.1
59416,Morbecque,17255.0,26.6,26.9
59418,Mortagne-du-Nord,22457.0,18.2,14.8
59419,Mouchin,17035.0,29.4,33.4
59420,Moustier-en-Fagne,20890.0,21.4,23.6
59421,Mouvaux,22833.0,21.5,25.4
59422,Naves,18497.0,26.3,23.3
59423,Neuf-Berquin,15268.0,29.7,27.9
59424,Neuf-Mesnil,22048.0,22.4,24.0
59425,Neuville-en-Avesnois,21929.0,21.0,24.6
59426,Neuville-en-Ferrain,20710.0,23.3,19.7
59427,La Neuville,17752.0,28.7,26.7
59428,Neuville-Saint-Rémy,20900.0,24.1,21.4
59429,Neuville-sur-Escaut,21282.0,23.2,23.5
59430,Neuvilly,17135.0,28.5,31.6
59431,Nieppe,18261.0,25.9,23.9
59432,Niergnies,22167.0,21.5,25.6
59433,Nieurlet,18496.0,28.9,23.9
59434,Nivelle,21199.0,18.3,19.5
59435,Nomain,16133.0,26.8,22.6
59436,Noordpeene,22472.0,23.2,27.8
59437,Noyelles-lès-Seclin,20677.0,24.9,29.8
59438,Noyelles-sur-Escaut,15608.0,28.2,31.2
59439,Noyelles-sur-Sambre,23476.0,19.4,18.7
59440,Noyelles-sur-Selle,15881.0,29.9,33.4
59441,Obies,17005.0,29.0,24.3
59442,Obrechies,23630.0,19.1,21.8
59443,Ochtezeele,20023.0,24.8,20.9
59444,Odomez,19433.0,23.2,22.0
59445,Ohain,22825.0,16.0,14.9
59446,Oisy,20979.0,22.3,23.1
59447,Onnaing,21606.0,26.0,29.1
59448,Oost-Cappel,20858.0,22.2,24.6
59449,Orchies,26312.0,18.4,16.2
59450,Ors,21144.0,20.7,17.9
59451,Orsinval,19573.0,26.8,22.7
59452,Ostricourt,21293.0,25.0,23.9
59453,Oudezeele,17023.0,28.1,24.3
59454,Oxelaëre,14690.0,30.6,27.0
59455,Paillencourt,18026.0,28.7,28.6
59456,Pecquencourt,20032.0,25.3,27.0
59457,Pérenchies,16932.0,28.1,25.5
59458,Péronne-en-Mélantois,24134.0,20.2,21.7
59459,Petite-Forêt,18348.0,25.0,20.8
59461,Petit-Fayt,19413.0,24.2,20.3
59462,Phalempin,22560.0,20.0,21.5
59463,Pitgam,21914.0,20.5,23.2
59464,Poix-du-Nord,18512.0,25.4,20.8
59465,Pommereuil,17625.0,28.3,30.8
59466,Pont-à-Marcq,17900.0,28.5,24.1
59467,Pont-sur-Sambre,23552.0,17.7,17.6
59468,Potelle,13203.0,33.2,31.0
59469,Pradelles,19465.0,23.3,25.0
59470,Prémesques,17742.0,25.6,22.4
59471,Préseau,20265.0,24.5,23.9
59472,Preux-au-Bois,18617.0,23.4,22.1
59473,Preux-au-Sart,20198.0,22.7,19.1
59474,Prisches,15830.0,30.0,35.3
59475,Prouvy,15463.0,30.8,30.8
59476,Proville,16806.0,26.9,28.1
59477,Provin,20996.0,21.4,19.5
59478,Quaëdypre,17775.0,26.0,27.3
59479,Quarouble,16494.0,33.8,28.8
59480,Quérénaing,12120.0,35.3,36.0
59481,Le Quesnoy,16216.0,24.3,22.5
59482,Quesnoy-sur-Deûle,20014.0,25.2,22.6
59483,Quiévelon,15253.0,30.8,32.1
59484,Quiévrechain,23966.0,20.7,21.8
59485,Quiévy,25515.0,18.3,15.2
59486,Râches,21470.0,22.1,21.4
59487,Radinghem-en-Weppes,17215.0,28.0,28.6
59488,Raillencourt-Sainte-Olle,20323.0,22.7,21.5
59489,Raimbeaucourt,19349.0,25.1,24.7
59490,Rainsars,21732.0,22.3,18.3
59491,Raismes,22622.0,20.6,19.7
59492,Ramillies,19737.0,20.8,18.4
59493,Ramousies,19133.0,26.5,24.8
59494,Raucourt-au-Bois,24648.0,19.5,20.9
59495,Recquignies,18301.0,27.8,31.1
59496,Rejet-de-Beaulieu,16385.0,29.1,30.9
59497,Renescure,22181.0,23.2,26.8
59498,Reumont,16372.0,32.8,31.8
59499,Rexpoëde,17482.0,30.0,27.0
59500,Ribécourt-la-Tour,13552.0,31.9,30.1
59501,Rieulay,18876.0,25.8,24.2
59502,Rieux-en-Cambrésis,16423.0,30.3,33.6
59503,Robersart,18737.0,23.0,23.2
59504,Rœulx,22029.0,23.2,24.4
59505,Rombies-et-Marchipont,23780.0,19.5,17.6
59506,Romeries,22608.0,15.3,15.9
59507,Ronchin,18254.0,26.3,26.8
59508,Roncq,19580.0,23.9,22.0
59509,Roost-Warendin,22689.0,21.0,23.3
59511,Rosult,18580.0,26.8,22.4
59512,Roubaix,22172.0,22.9,22.9
59513,Roucourt,19522.0,23.0,19.0
59514,Rousies,20140.0,23.4,24.9
59515,Rouvignies,16854.0,25.9,24.4
59516,Rubrouck,22369.0,19.2,19.5
59517,Les Rues-des-Vignes,15164.0,31.7,34.1
59518,Ruesnes,21117.0,22.2,23.2
59519,Rumegies,17233.0,25.3,23.7
59520,Rumilly-en-Cambrésis,13967.0,31.6,29.6
59521,Sailly-lez-Cambrai,18448.0,26.2,22.8
59522,Sailly-lez-Lannoy,14191.0,31.7,37.1
59523,Sainghin-en-Mélantois,19726.0,27.8,31.5
59524,Sainghin-en-Weppes,21099.0,20.8,18.5
59525,Sains-du-Nord,20353.0,21.0,21.5
59526,Saint-Amand-les-Eaux,17844.0,26.4,24.3
59527,Saint-André-lez-Lille,23046.0,19.5,20.8
59528,Saint-Aubert,18035.0,26.3,26.3
59529,Saint-Aubin,17021.0,28.8,24.2
59530,Saint-Aybert,21519.0,22.2,25.8
59531,Saint-Benin,19033.0,24.9,25.4
59532,Saint-Georges-sur-l'Aa,17643.0,25.2,21.2
59533,Saint-Hilaire-lez-Cambrai,20614.0,23.0,22.5
59534,Saint-Hilaire-sur-Helpe,16358.0,30.4,32.7
59535,Saint-Jans-Cappel,15932.0,29.3,30.7
59536,Sainte-Marie-Cappel,22852.0,16.6,14.7
59537,Saint-Martin-sur-Écaillon,14156.0,31.9,31.1
59538,Saint-Momelin,25937.0,16.2,18.8
59539,Saint-Pierre-Brouck,14621.0,29.8,24.5
59541,Saint-Python,16978.0,27.4,30.0
59542,Saint-Remy-Chaussée,20404.0,24.5,21.1
59543,Saint-Remy-du-Nord,21411.0,24.0,27.7
59544,Saint-Saulve,23222.0,18.5,17.0
59545,Saint-Souplet,17376.0,27.8,26.8
59546,Saint-Sylvestre-Cappel,16906.0,32.1,32.4
59547,Saint-Vaast-en-Cambrésis,20854.0,22.3,23.0
59548,Saint-Waast,17799.0,28.1,30.9
59549,Salesches,20460.0,21.4,19.2
59550,Salomé,21038.0,21.9,18.1
59551,Saméon,19689.0,22.6,18.6
59552,Sancourt,14309.0,31.0,36.2
59553,Santes,20651.0,25.7,23.7
59554,Sars-et-Rosières,16402.0,31.8,33.1
59555,Sars-Poteries,18931.0,24.6,28.2
59556,Sassegnies,17322.0,28.2,33.7
59557,Saultain,18879.0,25.9,27.2
59558,Saulzoir,12211.0,34.7,37.9
59559,Sebourg,12120.0,32.3,33.0
59560,Seclin,20789.0,19.3,22.7
59562,Sémeries,18352.0,25.2,28.0
59563,Semousies,19826.0,25.7,29.3
59564,La Sentinelle,18980.0,28.6,26.6
59565,Sepmeries,17712.0,27.4,26.7
59566,Sequedin,23138.0,19.7,19.0
59567,Séranvillers-Forenville,20341.0,21.4,19.9
59568,Sercus,22129.0,21.7,24.3
59569,Sin-le-Noble,23068.0,18.7,16.7
59570,Socx,19252.0,24.6,21.6
59571,Solesmes,21781.0,24.0,23.7
59572,Solre-le-Château,14634.0,31.8,26.3
59573,Solrinnes,17934.0,27.9,29.7
59574,Somain,21841.0,19.5,21.6
59575,Sommaing,16713.0,29.6,32.0
59576,Spycker,18309.0,23.6,24.0
59577,Staple,18950.0,25.8,21.5
59578,Steenbecque,16916.0,28.5,24.9
59579,Steene,21609.0,19.3,18.1
59580,Steenvoorde,20938.0,20.2,16.4
59581,Steenwerck,22167.0,20.5,21.4
59582,Strazeele,19423.0,26.9,21.6
59583,Taisnières-en-Thiérache,20861.0,22.5,26.4
59584,Taisnières-sur-Hon,16232.0,28.8,23.9
59585,Templemars,23230.0,25.7,27.9
59586,Templeuve-en-Pévèle,20572.0,20.1,23.2
59587,Terdeghem,19137.0,26.6,22.7
59588,Téteghem-Coudekerque-Village,21096.0,25.0,24.6
59589,Thiant,20834.0,22.9,25.6
59590,Thiennes,14315.0,29.7,27.6
59591,Thivencelle,16783.0,28.1,29.8
59592,Thumeries,20749.0,23.0,21.2
59593,Thun-l'Évêque,20060.0,23.3,22.4
59594,Thun-Saint-Amand,15849.0,28.1,31.8
59595,Thun-Saint-Martin,15684.0,29.4,31.2
59596,Tilloy-lez-Marchiennes,21397.0,19.1,22.0
59597,Tilloy-lez-Cambrai,20292.0,22.6,19.8
59598,Toufflers,20068.0,24.8,29.5
59599,Tourcoing,24831.0,16.6,18.9
59600,Tourmignies,13550.0,30.4,24.5
59601,Trélon,21561.0,17.6,17.1
59602,Tressin,14553.0,31.4,33.8
59603,Trith-Saint-Léger,24054.0,18.7,20.6
59604,Troisvilles,21190.0,22.2,19.1
59605,Uxem,18436.0,24.3,22.3
59606,Valenciennes,20206.0,21.6,20.5
59607,Vendegies-au-Bois,17356.0,27.4,28.2
59608,Vendegies-sur-Écaillon,19835.0,20.8,23.1
59609,Vendeville,17133.0,29.1,31.4
59610,Verchain-Maugré,21494.0,20.1,16.1
59611,Verlinghem,19606.0,22.5,25.1
59612,Vertain,15350.0,30.6,31.4
59613,Vicq,22633.0,18.0,15.0
59614,Viesly,19139.0,26.5,23.6
59615,Vieux-Berquin,19040.0,26.0,21.4
59616,Vieux-Condé,20480.0,20.8,16.9
59617,Vieux-Mesnil,24336.0,17.4,15.3
59618,Vieux-Reng,19557.0,24.5,24.2
59619,Villereau,16459.0,26.3,22.1
59620,Villers-au-Tertre,19029.0,28.4,25.6
59622,Villers-en-Cauchies,17024.0,25.6,27.5
59623,Villers-Guislain,15902.0,28.5,28.8
59624,Villers-Outréaux,23290.0,18.7,18.7
59625,Villers-Plouich,18582.0,23.0,23.5
59626,Villers-Pol,18485.0,26.4,29.5
59627,Villers-Sire-Nicole,17924.0,27.8,30.3
59628,Volckerinckhove,21604.0,20.3,17.3
59629,Vred,16994.0,27.2,32.5
59630,Wahagnies,21478.0,22.2,24.3
59631,Walincourt-Selvigny,19365.0,23.9,21.9
59632,Wallers,19435.0,23.2,18.7
59633,Wallers-en-Fagne,19425.0,25.5,21.0
59634,Wallon-Cappel,21181.0,23.2,21.8
59635,Wambaix,21643.0,22.5,24.5
59636,Wambrechies,22098.0,20.2,16.5
59637,Wandignies-Hamage,15189.0,24.7,25.0
59638,Wannehain,23083.0,19.9,22.3
59639,Wargnies-le-Grand,18504.0,28.8,28.9
59640,Wargnies-le-Petit,19859.0,25.1,21.2
59641,Warhem,19018.0,27.8,29.7
59642,Warlaing,22065.0,19.6,20.4
59643,Warneton,16395.0,30.2,33.6
59645,Wasnes-au-Bac,14602.0,29.6,32.9
59646,Wasquehal,19418.0,23.7,19.4
59647,Watten,18092.0,26.3,29.3
59648,Wattignies,22156.0,21.9,23.7
59649,Wattignies-la-Victoire,19727.0,23.7,27.4
59650,Wattrelos,20096.0,25.3,22.3
59651,Wavrechain-sous-Denain,15494.0,30.4,28.8
59652,Wavrechain-sous-Faulx,19777.0,24.3,23.3
59653,Wavrin,19726.0,25.2,24.3
59654,Waziers,22204.0,24.0,22.5
59655,Wemaers-Cappel,19446.0,24.8,27.6
59656,Wervicq-Sud,21753.0,18.7,21.0
59657,West-Cappel,16130.0,26.6,23.2
59658,Wicres,16408.0,26.8,26.7
59659,Wignehies,19782.0,25.7,25.6
59660,Willems,21182.0,20.9,17.5
59661,Willies,16092.0,28.6,26.8
59662,Winnezeele,20258.0,21.8,22.0
59663,Wormhout,21345.0,23.4,23.5
59664,Wulverdinghe,19316.0,26.2,27.5
59665,Wylder,20038.0,24.4,21.9
59666,Zegerscappel,16148.0,29.8,24.5
59667,Zermezeele,23334.0,16.2,14.4
59668,Zuydcoote,20817.0,26.5,22.8
59669,Zuytpeene,18955.0,27.8,29.7
59670,Don,17321.0,28.8,27.7
60001,Abancourt,16807.0,26.6,24.7
60002,Abbecourt,22231.0,24.7,23.7
60003,Abbeville-Saint-Lucien,22159.0,21.8,20.4
60004,Achy,13828.0,31.5,28.0
60005,Acy-en-Multien,27137.0,14.9,15.7
60006,Les Ageux,20267.0,21.9,24.9
60007,Agnetz,22947.0,20.2,19.0
60008,Airion,20771.0,22.8,20.1
60009,Allonne,19688.0,23.6,25.0
60010,Amblainville,16558.0,29.8,32.9
60011,Amy,19903.0,24.9,24.2
60012,Andeville,25597.0,16.8,15.6
60013,Angicourt,21025.0,20.3,21.4
60014,Angivillers,18287.0,26.0,22.3
60015,Angy,26149.0,15.5,16.7
60016,Ansacq,20766.0,17.9,20.9
60017,Ansauvillers,16564.0,23.8,23.3
60019,Antheuil-Portes,20590.0,22.7,22.8
60020,Antilly,22945.0,21.0,16.8
60021,Appilly,18562.0,30.8,28.0
60022,Apremont,22557.0,19.3,18.9
60023,Armancourt,23177.0,16.7,17.4
60024,Arsy,25759.0,16.4,17.0
60025,Attichy,12900.0,31.2,34.4
60026,Auchy-la-Montagne,19538.0,23.6,23.7
60027,Auger-Saint-Vincent,19615.0,27.6,31.4
60028,Aumont-en-Halatte,25160.0,19.6,20.8
60029,Auneuil,18010.0,26.6,23.0
60030,Auteuil,19244.0,21.8,17.7
60031,Autheuil-en-Valois,16307.0,25.4,29.6
60032,Autrêches,18057.0,25.3,26.9
60033,Avilly-Saint-Léonard,18161.0,27.3,27.1
60034,Avrechy,16128.0,29.5,35.1
60035,Avricourt,13849.0,33.2,30.5
60036,Avrigny,21121.0,25.6,24.1
60037,Babœuf,20612.0,25.5,25.0
60039,Bacouël,21811.0,24.5,24.1
60040,Bailleul-le-Soc,18695.0,22.4,25.4
60041,Bailleul-sur-Thérain,21928.0,19.2,16.8
60042,Bailleval,22093.0,19.0,17.0
60043,Bailly,15466.0,28.6,24.4
60044,Balagny-sur-Thérain,15296.0,29.0,31.1
60045,Barbery,15892.0,30.0,32.4
60046,Bargny,13170.0,33.7,29.6
60047,Baron,28279.0,11.6,11.4
60048,Baugy,19619.0,27.0,22.8
60049,Bazancourt,18861.0,21.9,26.1
60050,Bazicourt,13918.0,29.5,27.6
60051,Beaudéduit,24313.0,16.1,18.0
60052,Beaugies-sous-Bois,24483.0,18.6,18.4
60053,Beaulieu-les-Fontaines,17739.0,25.2,23.3
60054,Beaumont-les-Nonains,21076.0,19.2,16.9
60055,Beaurains-lès-Noyon,16993.0,29.0,30.8
60056,Beaurepaire,20080.0,20.7,16.8
60057,Beauvais,22691.0,19.5,22.1
60058,Beauvoir,21068.0,19.7,20.5
60059,Béhéricourt,12900.0,36.5,31.1
60060,Belle-Église,21331.0,22.2,20.0
60061,Belloy,19682.0,22.8,25.2
60062,Berlancourt,18795.0,24.5,20.2
60063,Berneuil-en-Bray,25350.0,17.4,18.2
60064,Berneuil-sur-Aisne,19390.0,24.1,27.3
60065,Berthecourt,15933.0,28.8,24.8
60066,Béthancourt-en-Valois,14178.0,29.5,26.4
60067,Béthisy-Saint-Martin,22678.0,20.3,16.8
60068,Béthisy-Saint-Pierre,18780.0,22.6,23.9
60069,Betz,16215.0,30.7,24.8
60070,Bienville,19764.0,23.8,19.2
60071,Biermont,15673.0,27.5,27.6
60072,Bitry,22077.0,20.9,18.7
60073,Blacourt,17491.0,27.8,24.2
60074,Blaincourt-lès-Précy,21995.0,22.7,24.4
60075,Blancfossé,14660.0,27.7,31.9
60076,Blargies,17645.0,28.2,26.3
60077,Blicourt,14869.0,28.4,28.3
60078,Blincourt,22698.0,22.7,25.9
60079,Boissy-Fresnoy,19644.0,23.5,20.0
60081,Bonlier,23087.0,26.8,23.7
60082,Bonneuil-les-Eaux,24026.0,17.7,15.5
60083,Bonneuil-en-Valois,19302.0,24.1,24.9
60084,Bonnières,16156.0,30.8,36.6
60085,Bonvillers,18537.0,26.7,29.4
60086,Boran-sur-Oise,21018.0,22.9,25.8
60087,Borest,21002.0,23.8,22.1
60088,Bornel,24207.0,20.3,22.9
60089,Boubiers,14698.0,28.4,30.6
60090,Bouconvillers,18403.0,25.2,20.5
60091,Bouillancy,18194.0,26.0,23.6
60092,Boullarre,26206.0,14.5,13.6
60093,Boulogne-la-Grasse,24278.0,16.7,16.2
60094,Boursonne,19005.0,24.4,20.9
60095,Boury-en-Vexin,19763.0,22.5,26.4
60097,Boutencourt,24599.0,18.8,15.7
60098,Bouvresse,17048.0,26.8,29.4
60099,Braisnes-sur-Aronde,12900.0,33.4,35.5
60100,Brasseuse,18542.0,25.6,25.1
60101,Brégy,17591.0,28.8,23.3
60102,Brenouille,20043.0,21.6,22.0
60103,Bresles,16122.0,25.9,27.0
60104,Breteuil,22191.0,18.5,16.1
60105,Brétigny,20512.0,23.1,18.5
60106,Breuil-le-Sec,23713.0,16.7,14.7
60107,Breuil-le-Vert,22516.0,18.6,19.5
60108,Briot,18131.0,25.9,21.9
60109,Brombos,18159.0,25.1,20.9
60110,Broquiers,24421.0,16.8,15.3
60111,Broyes,16748.0,28.4,27.4
60112,Brunvillers-la-Motte,22383.0,18.4,21.1
60113,Bucamps,17765.0,28.5,32.4
60114,Buicourt,20082.0,25.8,30.2
60115,Bulles,18978.0,26.0,28.2
60116,Bury,21753.0,20.1,19.0
60117,Bussy,20438.0,24.3,29.1
60118,Caisnes,18949.0,23.4,22.6
60119,Cambronne-lès-Ribécourt,19738.0,23.6,23.3
60120,Cambronne-lès-Clermont,20841.0,23.8,22.7
60121,Campagne,17434.0,29.7,29.2
60122,Campeaux,14810.0,32.0,26.7
60123,Campremy,23896.0,19.0,22.7
60124,Candor,22885.0,22.1,25.7
60125,Canly,19063.0,24.6,22.9
60126,Cannectancourt,23490.0,22.5,22.5
60127,Canny-sur-Matz,21188.0,21.2,21.1
60128,Canny-sur-Thérain,19797.0,22.3,22.3
60129,Carlepont,18505.0,27.1,32.2
60130,Catenoy,14825.0,28.0,33.4
60131,Catheux,19455.0,23.6,21.5
60132,Catigny,23197.0,19.6,22.1
60133,Catillon-Fumechon,18582.0,26.6,31.4
60134,Cauffry,18736.0,23.7,25.0
60135,Cauvigny,23969.0,21.6,25.2
60136,Cempuis,20557.0,17.7,17.9
60137,Cernoy,18291.0,27.3,23.4
60138,Chamant,21885.0,20.8,17.3
60139,Chambly,21711.0,27.0,26.9
60140,Chambors,20522.0,23.3,27.1
60141,Chantilly,23595.0,20.0,19.6
60142,La Chapelle-en-Serval,20012.0,29.4,29.9
60143,Chaumont-en-Vexin,26639.0,14.7,11.9
60144,Chavençon,25503.0,19.7,22.0
60145,Chelles,19993.0,23.6,23.1
60146,Chepoix,17663.0,28.1,25.6
60147,Chevincourt,20251.0,20.6,21.7
60148,Chèvreville,19300.0,24.1,28.5
60149,Chevrières,22200.0,23.6,26.7
60150,Chiry-Ourscamp,18482.0,26.0,25.4
60151,Choisy-au-Bac,19337.0,24.2,28.6
60152,Choisy-la-Victoire,20064.0,23.2,24.8
60153,Choqueuse-les-Bénards,16163.0,28.6,32.6
60154,Cinqueux,18497.0,23.5,19.7
60155,Cires-lès-Mello,19289.0,24.1,23.8
60156,Clairoix,21292.0,23.1,25.1
60157,Clermont,18641.0,27.0,27.9
60158,Coivrel,19245.0,24.5,23.2
60159,Compiègne,20562.0,23.3,20.7
60160,Conchy-les-Pots,23613.0,18.9,22.3
60161,Conteville,14229.0,33.1,30.0
60162,Corbeil-Cerf,17450.0,27.8,28.6
60163,Cormeilles,20389.0,20.8,21.4
60164,Le Coudray-Saint-Germer,13507.0,29.6,28.0
60165,Le Coudray-sur-Thelle,17078.0,27.8,25.8
60166,Coudun,21625.0,23.8,27.3
60167,Couloisy,17928.0,26.7,28.8
60168,Courcelles-Epayelles,20626.0,24.5,29.1
60169,Courcelles-lès-Gisors,24306.0,16.8,15.2
60170,Courteuil,22177.0,17.3,17.0
60171,Courtieux,19261.0,27.6,22.3
60172,Coye-la-Forêt,19934.0,26.9,27.1
60173,Cramoisy,21663.0,22.5,24.5
60174,Crapeaumesnil,20026.0,20.1,21.0
60175,Creil,18916.0,25.6,24.7
60176,Crépy-en-Valois,23233.0,22.3,18.2
60177,Cressonsacq,16798.0,26.5,29.4
60178,Crèvecœur-le-Grand,20553.0,21.5,23.6
60179,Crèvecœur-le-Petit,25812.0,13.8,14.2
60180,Crillon,18247.0,29.9,25.5
60181,Crisolles,20756.0,24.5,24.9
60182,Le Crocq,18932.0,27.7,27.8
60183,Croissy-sur-Celle,25210.0,17.3,16.6
60184,Croutoy,12900.0,32.6,36.4
60185,Crouy-en-Thelle,21184.0,21.9,20.6
60186,Cuignières,26762.0,18.6,20.5
60187,Cuigy-en-Bray,19492.0,27.8,27.3
60188,Cuise-la-Motte,19302.0,23.0,22.2
60189,Cuts,20860.0,25.8,25.2
60190,Cuvergnon,17570.0,32.3,30.4
60191,Cuvilly,16307.0,25.1,24.8
60192,Cuy,19652.0,23.4,26.5
60193,Daméraucourt,24156.0,19.8,22.1
60194,Dargies,21429.0,22.4,24.8
60195,Delincourt,16717.0,29.5,31.7
60196,La Drenne,18916.0,24.2,25.8
60197,Dieudonné,19899.0,20.6,24.2
60198,Dives,18582.0,26.9,27.0
60199,Doméliers,17599.0,23.8,20.3
60200,Domfront,19406.0,24.4,27.7
60201,Dompierre,19008.0,22.6,26.9
60203,Duvy,15620.0,30.1,35.7
60204,Écuvilly,18599.0,25.9,23.6
60205,Élencourt,26542.0,15.2,15.7
60206,Élincourt-Sainte-Marguerite,22665.0,18.9,21.2
60207,Éméville,19144.0,23.6,22.3
60208,Énencourt-Léage,12999.0,30.8,31.0
60209,La Corne-en-Vexin,20557.0,23.2,20.3
60210,Épineuse,17854.0,28.3,27.4
60211,Éragny-sur-Epte,17104.0,25.2,29.0
60212,Ercuis,18883.0,24.5,25.9
60213,Ermenonville,18311.0,24.5,19.8
60214,Ernemont-Boutavent,21763.0,19.2,17.8
60215,Erquery,16915.0,26.9,30.4
60216,Erquinvillers,20969.0,23.5,19.4
60217,Escames,19858.0,20.8,16.8
60218,Esches,17970.0,23.2,26.1
60219,Escles-Saint-Pierre,18490.0,25.9,23.2
60220,Espaubourg,19559.0,24.2,28.0
60221,Esquennoy,23866.0,24.7,23.8
60222,Essuiles,14603.0,30.3,31.1
60223,Estrées-Saint-Denis,22505.0,18.6,19.2
60224,Étavigny,21073.0,21.6,22.7
60225,Étouy,20922.0,21.9,23.1
60226,Ève,19835.0,22.9,25.4
60227,Évricourt,15581.0,27.6,22.5
60228,Fay-les-Étangs,22835.0,20.8,18.7
60229,Le Fayel,19036.0,24.2,24.9
60230,Le Fay-Saint-Quentin,25112.0,19.1,19.7
60231,Feigneux,25650.0,14.7,12.5
60232,Ferrières,19686.0,21.3,18.7
60233,Feuquières,18598.0,29.3,27.8
60234,Fitz-James,24360.0,21.1,21.8
60235,Flavacourt,23140.0,21.5,19.5
60236,Flavy-le-Meldeux,17098.0,30.0,26.9
60237,Fléchy,25016.0,19.3,23.0
60238,Fleurines,18309.0,27.2,28.6
60239,Fleury,20777.0,21.9,25.3
60240,Fontaine-Bonneleau,23451.0,20.3,22.3
60241,Fontaine-Chaalis,19685.0,22.2,17.9
60242,Fontaine-Lavaganne,23475.0,20.7,17.3
60243,Fontaine-Saint-Lucien,19723.0,23.2,24.7
60244,Fontenay-Torcy,14988.0,31.1,31.9
60245,Formerie,21115.0,25.3,27.4
60247,Fouilleuse,22692.0,22.0,25.5
60248,Fouilloy,18125.0,25.3,22.7
60249,Foulangues,18582.0,29.4,24.2
60250,Fouquenies,26361.0,17.4,14.5
60251,Fouquerolles,22145.0,18.3,17.5
60252,Fournival,22417.0,21.0,22.8
60253,Francastel,21324.0,24.3,25.2
60254,Francières,14918.0,26.7,22.2
60255,Fréniches,19599.0,22.9,26.9
60256,Montchevreuil,25232.0,19.6,22.0
60257,Fresne-Léguillon,22167.0,19.7,22.2
60258,Fresnières,25613.0,16.2,19.1
60259,Fresnoy-en-Thelle,26617.0,18.1,19.7
60260,Fresnoy-la-Rivière,24296.0,20.9,24.2
60261,Fresnoy-le-Luat,18518.0,28.4,28.2
60262,Le Frestoy-Vaux,21765.0,23.7,22.6
60263,Frétoy-le-Château,12900.0,31.6,37.5
60264,Frocourt,20815.0,25.1,24.3
60265,Froissy,18774.0,22.4,24.4
60267,Le Gallet,17540.0,25.8,24.5
60268,Gannes,22624.0,20.7,17.1
60269,Gaudechart,22800.0,23.7,20.2
60270,Genvry,17428.0,28.7,25.1
60271,Gerberoy,16463.0,29.2,23.4
60272,Gilocourt,19132.0,25.3,27.0
60273,Giraumont,24721.0,18.8,21.0
60274,Glaignes,17586.0,25.7,20.9
60275,Glatigny,18378.0,26.4,24.6
60276,Godenvillers,23256.0,20.2,17.0
60277,Goincourt,20473.0,25.9,29.3
60278,Golancourt,14618.0,29.3,27.8
60279,Gondreville,25094.0,20.2,17.8
60280,Gourchelles,22513.0,21.9,24.3
60281,Gournay-sur-Aronde,23086.0,21.6,20.1
60282,Gouvieux,26169.0,17.5,18.1
60283,Gouy-les-Groseillers,17300.0,23.0,21.2
60284,Grandfresnoy,17727.0,26.5,28.0
60285,Grandvillers-aux-Bois,19758.0,23.0,20.6
60286,Grandvilliers,19082.0,24.3,27.4
60287,Grandrû,24232.0,16.8,17.0
60288,Grémévillers,21841.0,22.9,21.1
60289,Grez,21970.0,20.6,19.0
60290,Guignecourt,17109.0,26.2,22.1
60291,Guiscard,17079.0,29.5,27.8
60292,Gury,13058.0,33.9,36.8
60293,Hadancourt-le-Haut-Clocher,25874.0,15.8,15.0
60294,Hainvillers,25482.0,15.4,16.5
60295,Halloy,17686.0,28.2,26.3
60296,Hannaches,17911.0,28.0,30.9
60297,Le Hamel,17547.0,25.1,23.3
60298,Hanvoile,22553.0,17.3,15.5
60299,Hardivillers,20898.0,20.6,19.4
60301,Haucourt,13890.0,29.0,30.8
60302,Haudivillers,17539.0,31.1,32.2
60303,Hautbos,18681.0,27.3,31.8
60304,Haute-Épine,19871.0,31.1,33.5
60305,Hautefontaine,19976.0,22.5,22.3
60306,Hécourt,20657.0,23.5,22.8
60307,Heilles,15195.0,31.4,31.6
60308,Hémévillers,19337.0,24.8,24.4
60309,Hénonville,17416.0,29.4,25.2
60310,Herchies,21485.0,22.0,25.4
60311,La Hérelle,25244.0,18.8,18.0
60312,Héricourt-sur-Thérain,20325.0,22.1,21.9
60313,Hermes,21879.0,23.8,24.9
60314,Hétomesnil,15737.0,25.8,28.3
60315,Hodenc-en-Bray,20605.0,22.0,19.9
60316,Hodenc-l'Évêque,22625.0,23.7,21.6
60317,Hondainville,18312.0,22.7,23.1
60318,Houdancourt,15807.0,28.6,25.5
60319,La Houssoye,20931.0,21.9,21.6
60320,Ivors,22204.0,24.6,27.3
60321,Ivry-le-Temple,13504.0,34.9,41.1
60322,Jaméricourt,24437.0,17.5,16.1
60323,Janville,22754.0,23.3,22.9
60324,Jaulzy,14382.0,29.2,26.6
60325,Jaux,16382.0,30.0,33.0
60326,Jonquières,12900.0,34.5,32.2
60327,Jouy-sous-Thelle,19144.0,23.5,25.9
60328,Juvignies,18078.0,28.9,31.3
60329,Laberlière,18852.0,27.9,27.5
60330,Laboissière-en-Thelle,14959.0,31.1,36.6
60331,Labosse,16983.0,26.6,26.1
60332,Labruyère,19008.0,25.3,23.1
60333,Lachapelle-aux-Pots,20610.0,21.3,19.4
60334,Lachapelle-Saint-Pierre,24606.0,14.8,16.0
60335,Lachapelle-sous-Gerberoy,20706.0,21.7,24.5
60336,Lachaussée-du-Bois-d'Écu,18781.0,29.1,28.8
60337,Lachelle,16792.0,32.4,38.2
60338,Lacroix-Saint-Ouen,24633.0,19.1,17.9
60339,Lafraye,19204.0,25.6,22.7
60340,Lagny,20809.0,21.5,18.2
60341,Lagny-le-Sec,22683.0,20.8,20.3
60342,Laigneville,20237.0,25.4,30.4
60343,Lalande-en-Son,22580.0,21.9,21.4
60344,Lalandelle,23052.0,19.9,23.3
60345,Lamécourt,20502.0,22.9,26.1
60346,Lamorlaye,21186.0,22.8,21.4
60347,Lannoy-Cuillère,23283.0,21.5,23.7
60348,Larbroye,21994.0,20.7,18.1
60350,Lassigny,20335.0,25.0,28.6
60351,Lataule,18497.0,25.1,28.2
60352,Lattainville,18909.0,24.3,24.5
60353,Lavacquerie,17494.0,24.3,19.8
60354,Laverrière,18896.0,22.6,21.1
60355,Laversines,21034.0,17.8,21.3
60356,Lavilletertre,25238.0,18.1,20.4
60357,Léglantiers,23837.0,21.4,17.6
60358,Lévignen,14299.0,32.8,35.0
60359,Lhéraule,18176.0,26.4,31.0
60360,Liancourt,18124.0,24.1,19.8
60361,Liancourt-Saint-Pierre,17708.0,28.6,23.3
60362,Libermont,20292.0,22.9,25.5
60363,Lierville,26964.0,14.9,12.2
60364,Lieuvillers,22503.0,21.2,21.8
60365,Lihus,20130.0,23.5,24.5
60366,Litz,19919.0,21.8,24.0
60367,Loconville,25698.0,15.8,16.2
60368,Longueil-Annel,21328.0,19.7,19.0
60369,Longueil-Sainte-Marie,15145.0,29.7,30.2
60370,Lormaison,26893.0,17.9,18.5
60371,Loueuse,13796.0,31.0,30.6
60372,Luchy,23750.0,19.6,18.1
60373,Machemont,22557.0,23.1,24.0
60374,Maignelay-Montigny,23690.0,17.2,13.9
60375,Maimbeville,24756.0,16.1,19.3
60376,Maisoncelle-Saint-Pierre,18236.0,24.4,21.1
60377,Maisoncelle-Tuilerie,17748.0,30.5,35.1
60378,Marest-sur-Matz,24131.0,20.6,20.7
60379,Mareuil-la-Motte,21996.0,20.4,18.6
60380,Mareuil-sur-Ourcq,19240.0,23.7,25.5
60381,Margny-aux-Cerises,20802.0,24.8,24.9
60382,Margny-lès-Compiègne,21521.0,21.2,24.3
60383,Margny-sur-Matz,22655.0,20.7,18.7
60385,Marolles,18203.0,27.2,26.0
60386,Marquéglise,23879.0,15.5,13.0
60387,Marseille-en-Beauvaisis,19241.0,27.1,22.7
60388,Martincourt,15803.0,29.3,23.5
60389,Maucourt,12900.0,32.1,31.4
60390,Maulers,24414.0,18.3,17.5
60391,Maysel,21512.0,21.0,18.9
60392,Mélicocq,25331.0,17.3,18.5
60393,Mello,15808.0,31.7,29.7
60394,Ménévillers,21778.0,20.8,24.4
60395,Méru,20055.0,26.3,31.4
60396,Méry-la-Bataille,17073.0,29.3,34.7
60397,Le Mesnil-Conteville,12934.0,30.5,34.3
60398,Le Mesnil-en-Thelle,19410.0,21.4,21.8
60399,Le Mesnil-Saint-Firmin,18951.0,25.0,22.1
60400,Le Mesnil-sur-Bulles,15900.0,28.0,27.8
60401,Le Mesnil-Théribus,21888.0,21.7,19.3
60402,Le Meux,20838.0,26.0,24.3
60403,Milly-sur-Thérain,16335.0,29.0,24.3
60404,Mogneville,26433.0,17.7,19.8
60405,Moliens,22500.0,19.5,15.9
60406,Monceaux,27108.0,16.8,15.5
60407,Monceaux-l'Abbaye,23194.0,21.6,18.5
60408,Monchy-Humières,20568.0,24.4,29.1
60409,Monchy-Saint-Éloi,20800.0,21.0,20.5
60410,Mondescourt,23421.0,17.7,20.5
60411,Monneville,14974.0,28.1,22.6
60412,Montagny-en-Vexin,19546.0,24.9,21.0
60413,Montagny-Sainte-Félicité,16288.0,25.8,30.6
60414,Montataire,24421.0,18.9,16.1
60415,Montépilloy,17581.0,24.2,22.5
60416,Montgérain,24218.0,22.2,24.1
60418,Montiers,16005.0,24.9,20.3
60420,Montjavoult,20218.0,25.6,22.1
60421,Mont-l'Évêque,20002.0,26.2,25.5
60422,Montlognon,20350.0,25.8,24.6
60423,Montmacq,19680.0,23.3,27.0
60424,Montmartin,20093.0,26.1,27.7
60425,Montreuil-sur-Brêche,19589.0,24.5,22.0
60426,Montreuil-sur-Thérain,17640.0,24.8,25.3
60427,Monts,20792.0,22.4,25.4
60428,Le Mont-Saint-Adrien,19695.0,25.0,26.3
60429,Morangles,16862.0,24.6,24.2
60430,Morienval,24113.0,17.0,17.4
60431,Morlincourt,22649.0,16.7,19.6
60432,Mortefontaine,24571.0,15.1,18.0
60433,Mortefontaine-en-Thelle,22496.0,20.5,23.1
60434,Mortemer,22181.0,18.0,19.8
60435,Morvillers,15393.0,32.0,36.6
60436,Mory-Montcrux,18070.0,26.1,31.1
60437,Mouchy-le-Châtel,23681.0,19.7,19.4
60438,Moulin-sous-Touvent,12900.0,32.1,26.8
60439,Mouy,18553.0,21.1,21.7
60440,Moyenneville,17755.0,26.4,26.2
60441,Moyvillers,20263.0,20.4,19.7
60442,Muidorge,17051.0,27.1,25.6
60443,Muirancourt,22813.0,23.3,21.3
60444,Mureaumont,16723.0,24.5,20.6
60445,Nampcel,19197.0,25.8,27.5
60446,Nanteuil-le-Haudouin,25802.0,18.3,18.7
60447,Néry,13966.0,25.6,27.4
60448,Neufchelles,16419.0,28.7,25.4
60449,Neufvy-sur-Aronde,21909.0,22.6,26.4
60450,Neuilly-en-Thelle,28566.0,13.3,14.0
60451,Neuilly-sous-Clermont,21102.0,22.5,25.3
60452,Neuville-Bosc,20401.0,22.5,20.9
60454,La Neuville-en-Hez,24583.0,19.0,20.0
60456,La Neuville-Roy,20271.0,24.5,24.0
60457,La Neuville-Saint-Pierre,17338.0,29.4,32.0
60458,La Neuville-sur-Oudeuil,18512.0,24.6,25.9
60459,La Neuville-sur-Ressons,23934.0,20.6,24.1
60460,La Neuville-Vault,18105.0,27.6,24.4
60461,Nivillers,18082.0,29.5,34.4
60462,Noailles,23058.0,22.1,19.4
60463,Nogent-sur-Oise,21469.0,18.7,21.6
60464,Nointel,27835.0,12.5,11.6
60465,Noirémont,17835.0,27.6,27.1
60466,Noroy,13692.0,35.9,37.7
60468,Nourard-le-Franc,19088.0,26.4,21.5
60469,Novillers,21520.0,19.2,16.5
60470,Noyers-Saint-Martin,21498.0,22.3,19.6
60471,Noyon,19497.0,26.4,28.6
60472,Offoy,20102.0,23.4,23.4
60473,Ognes,21433.0,23.9,27.8
60474,Ognolles,19083.0,25.5,25.3
60476,Omécourt,16131.0,28.0,30.7
60477,Ons-en-Bray,16159.0,25.9,29.5
60478,Ormoy-le-Davien,23547.0,17.6,14.5
60479,Ormoy-Villers,18191.0,25.0,29.0
60480,Oroër,16760.0,27.7,28.9
60481,Orrouy,15878.0,28.1,25.3
60482,Orry-la-Ville,23573.0,17.7,20.5
60483,Orvillers-Sorel,18701.0,28.0,26.1
60484,Oudeuil,19330.0,24.0,26.9
60485,Oursel-Maison,22768.0,19.7,22.1
60486,Paillart,23535.0,17.2,14.7
60487,Parnes,18368.0,27.1,27.7
60488,Passel,21906.0,18.4,20.6
60489,Péroy-les-Gombries,18241.0,25.6,21.4
60490,Pierrefitte-en-Beauvaisis,16619.0,29.2,23.6
60491,Pierrefonds,25356.0,17.4,17.9
60492,Pimprez,18133.0,27.2,27.1
60493,Pisseleu,20445.0,19.5,16.6
60494,Plailly,15229.0,29.2,25.9
60495,Plainval,18503.0,24.6,29.2
60496,Plainville,19572.0,24.9,29.1
60497,Le Plessier-sur-Bulles,18501.0,23.0,20.7
60498,Le Plessier-sur-Saint-Just,18903.0,27.3,27.6
60499,Plessis-de-Roye,25175.0,18.2,21.2
60500,Le Plessis-Belleville,20869.0,21.3,18.9
60501,Le Plessis-Brion,17071.0,26.0,25.4
60502,Le Plessis-Patte-d'Oie,20551.0,24.1,19.4
60503,Le Ployron,23922.0,17.7,17.0
60504,Ponchon,15949.0,28.2,26.0
60505,Pontarmé,19878.0,22.0,17.9
60506,Pont-l'Évêque,17730.0,30.4,34.7
60507,Pontoise-lès-Noyon,19343.0,25.4,26.7
60508,Pontpoint,16738.0,26.3,27.5
60509,Pont-Sainte-Maxence,24884.0,20.2,22.4
60510,Porcheux,20268.0,24.6,27.8
60511,Porquéricourt,24399.0,19.3,19.3
60512,Pouilly,22897.0,17.8,16.6
60513,Précy-sur-Oise,20883.0,22.6,22.8
60514,Prévillers,20635.0,24.5,28.1
60515,Pronleroy,20186.0,23.4,26.5
60516,Puiseux-en-Bray,19842.0,23.5,20.3
60517,Puiseux-le-Hauberger,21296.0,22.1,18.4
60518,Puits-la-Vallée,16045.0,30.3,27.5
60519,Quesmy,21846.0,18.1,17.7
60520,Le Quesnel-Aubry,16312.0,29.2,29.6
60521,Quincampoix-Fleuzy,19902.0,24.5,25.3
60522,Quinquempoix,23278.0,19.6,16.9
60523,Rainvillers,18345.0,24.7,29.6
60524,Rantigny,20905.0,21.9,21.3
60525,Raray,22351.0,19.7,16.3
60526,Ravenel,20592.0,23.5,20.9
60527,Réez-Fosse-Martin,17211.0,25.3,20.5
60528,Reilly,21088.0,23.2,24.7
60529,Rémécourt,18003.0,24.5,21.3
60530,Rémérangles,14929.0,26.5,23.7
60531,Remy,22323.0,23.7,20.8
60533,Ressons-sur-Matz,19386.0,25.2,29.1
60534,Rethondes,24587.0,18.1,14.6
60535,Reuil-sur-Brêche,18972.0,22.1,26.3
60536,Rhuis,17927.0,25.0,22.9
60537,Ribécourt-Dreslincourt,24189.0,19.6,17.1
60538,Ricquebourg,19448.0,26.1,22.2
60539,Rieux,19397.0,25.8,23.9
60540,Rivecourt,15985.0,23.3,27.4
60541,Roberval,27936.0,11.1,13.2
60542,Rochy-Condé,19308.0,22.1,19.6
60543,Rocquemont,22593.0,19.8,23.5
60544,Rocquencourt,16475.0,26.7,22.7
60545,Romescamps,16377.0,28.9,29.7
60546,Rosières,24668.0,20.0,21.7
60547,Rosoy,22554.0,18.9,20.2
60548,Rosoy-en-Multien,15615.0,32.5,37.9
60549,Rotangy,17511.0,24.4,29.2
60550,Rothois,17829.0,26.2,30.1
60551,Rousseloy,16889.0,26.3,29.0
60552,Rouville,21785.0,18.8,16.1
60553,Rouvillers,20680.0,24.6,23.5
60554,Rouvres-en-Multien,20440.0,21.9,23.1
60555,Rouvroy-les-Merles,16201.0,26.1,30.7
60556,Royaucourt,13612.0,31.5,32.1
60557,Roy-Boissy,26910.0,14.1,15.8
60558,Roye-sur-Matz,23778.0,17.6,14.7
60559,La Rue-Saint-Pierre,17351.0,31.4,29.1
60560,Rully,13321.0,32.9,36.1
60561,Russy-Bémont,22627.0,21.9,24.1
60562,Sacy-le-Grand,17298.0,27.3,28.2
60563,Sacy-le-Petit,22789.0,16.8,19.5
60564,Sains-Morainvillers,19557.0,27.0,26.4
60565,Saint-André-Farivillers,20631.0,24.1,24.7
60566,Saint-Arnoult,15976.0,29.6,29.0
60567,Saint-Aubin-en-Bray,23688.0,18.3,15.6
60568,Saint-Aubin-sous-Erquery,19711.0,23.0,21.8
60569,Saint-Crépin-aux-Bois,20875.0,23.6,27.1
60570,Saint-Crépin-Ibouvillers,23965.0,18.9,15.3
60571,Saint-Deniscourt,22594.0,18.6,17.2
60572,Saint-Étienne-Roilaye,18886.0,28.6,27.1
60573,Sainte-Eusoye,18036.0,22.7,23.1
60574,Saint-Félix,17226.0,25.7,21.6
60575,Sainte-Geneviève,22158.0,21.4,18.5
60576,Saint-Germain-la-Poterie,20748.0,20.2,23.0
60577,Saint-Germer-de-Fly,15629.0,30.4,34.8
60578,Saintines,16545.0,27.8,32.4
60579,Saint-Jean-aux-Bois,14124.0,33.3,32.6
60581,Saint-Just-en-Chaussée,22895.0,21.6,18.4
60582,Saint-Léger-aux-Bois,21628.0,18.7,18.2
60583,Saint-Léger-en-Bray,15473.0,27.3,32.6
60584,Saint-Leu-d'Esserent,23054.0,19.8,21.2
60585,Saint-Martin-aux-Bois,19195.0,25.2,22.3
60586,Saint-Martin-le-Nœud,21596.0,21.2,19.8
60587,Saint-Martin-Longueau,17981.0,26.8,26.9
60588,Saint-Maur,17426.0,26.7,25.8
60589,Saint-Maximin,21058.0,20.9,22.1
60590,Saint-Omer-en-Chaussée,18624.0,28.1,22.7
60591,Saint-Paul,15218.0,31.7,26.6
60592,Saint-Pierre-es-Champs,20803.0,24.5,25.2
60593,Saint-Pierre-lès-Bitry,18836.0,23.3,21.1
60594,Saint-Quentin-des-Prés,29379.0,10.7,8.6
60595,Saint-Remy-en-l'Eau,12900.0,32.2,28.9
60596,Saint-Samson-la-Poterie,23606.0,21.1,24.7
60597,Saint-Sauveur,19112.0,23.5,23.1
60598,Saint-Sulpice,20917.0,21.5,22.7
60599,Saint-Thibault,23039.0,23.1,19.7
60600,Saint-Vaast-de-Longmont,16408.0,30.0,30.8
60601,Saint-Vaast-lès-Mello,18738.0,29.0,30.8
60602,Saint-Valery,21047.0,20.8,23.0
60603,Salency,13590.0,33.6,31.7
60604,Sarcus,19444.0,26.6,24.5
60605,Sarnois,23119.0,22.6,25.2
60608,Le Saulchoy,19864.0,26.1,22.0
60609,Savignies,18755.0,26.1,28.7
60610,Sempigny,18901.0,24.4,23.7
60611,Senantes,19863.0,21.3,19.1
60612,Senlis,23764.0,19.1,18.0
60613,Senots,18831.0,25.2,26.5
60614,Serans,20027.0,24.1,26.7
60615,Sérévillers,19236.0,23.7,22.7
60616,Sérifontaine,17580.0,27.7,27.2
60617,Sermaize,24479.0,18.8,15.6
60618,Séry-Magneval,24892.0,16.2,18.0
60619,Silly-le-Long,16103.0,33.4,31.6
60620,Silly-Tillard,25309.0,12.7,13.3
60621,Solente,17944.0,27.0,30.7
60622,Sommereux,17932.0,25.9,21.2
60623,Songeons,18011.0,25.4,21.6
60624,Sully,17336.0,29.5,29.6
60625,Suzoy,17102.0,30.3,27.9
60626,Talmontiers,17328.0,25.6,22.3
60627,Tartigny,20613.0,24.4,21.0
60628,Therdonne,22585.0,23.3,27.5
60629,Thérines,23770.0,20.7,24.5
60630,Thibivillers,20938.0,22.6,21.8
60631,Thiers-sur-Thève,22332.0,21.5,20.4
60632,Thiescourt,12900.0,31.8,34.3
60633,Thieuloy-Saint-Antoine,12900.0,34.2,38.7
60634,Thieux,21397.0,22.3,24.9
60635,Thiverny,17007.0,24.6,24.1
60636,Thourotte,18642.0,26.8,27.9
60637,Thury-en-Valois,19400.0,23.6,23.0
60638,Thury-sous-Clermont,15769.0,29.8,24.9
60639,Tillé,21685.0,18.5,21.5
60640,Tourly,19396.0,24.1,20.1
60641,Tracy-le-Mont,18213.0,28.8,27.6
60642,Tracy-le-Val,15033.0,31.5,28.9
60643,Tricot,19249.0,25.1,28.6
60644,Trie-Château,23477.0,17.9,14.8
60645,Trie-la-Ville,20151.0,22.5,25.1
60646,Troissereux,17830.0,27.3,32.1
60647,Trosly-Breuil,20982.0,21.5,21.0
60648,Troussencourt,16652.0,27.7,32.2
60650,Trumilly,18984.0,26.0,21.7
60651,Ully-Saint-Georges,20604.0,24.1,28.7
60652,Valdampierre,16467.0,27.4,26.5
60653,Valescourt,18267.0,26.3,31.5
60654,Vandélicourt,26054.0,14.3,12.2
60655,Varesnes,13578.0,32.2,33.5
60656,Varinfroy,24517.0,22.2,22.2
60657,Vauchelles,25091.0,16.7,14.4
60658,Vauciennes,16337.0,26.6,21.9
60659,Vaudancourt,22840.0,20.9,24.8
60660,Le Vaumain,18410.0,25.0,24.5
60661,Vaumoise,16577.0,24.8,25.2
60662,Le Vauroux,20477.0,24.3,24.6
60663,Velennes,20664.0,22.5,20.0
60664,Vendeuil-Caply,17279.0,26.8,27.7
60665,Venette,23106.0,19.1,20.7
60666,Ver-sur-Launette,16780.0,25.7,26.9
60667,Verberie,21937.0,19.5,22.6
60668,Verderel-lès-Sauqueuse,27524.0,15.8,17.0
60669,Verderonne,17585.0,27.8,26.7
60670,Verneuil-en-Halatte,21126.0,21.3,19.8
60671,Versigny,16622.0,29.3,29.0
60672,Vez,16549.0,33.0,38.6
60673,Viefvillers,15315.0,29.5,27.7
60674,Vieux-Moulin,16522.0,29.5,31.7
60675,Vignemont,22707.0,21.7,19.5
60676,Ville,20891.0,20.2,16.2
60677,Villembray,15897.0,26.8,29.7
60678,Villeneuve-les-Sablons,15036.0,33.0,38.3
60679,La Villeneuve-sous-Thury,19344.0,22.9,22.9
60680,Villeneuve-sur-Verberie,13827.0,30.4,30.4
60681,Villers-Saint-Barthélemy,17374.0,29.9,32.4
60682,Villers-Saint-Frambourg-Ognon,13716.0,35.3,33.0
60683,Villers-Saint-Genest,20953.0,22.2,23.2
60684,Villers-Saint-Paul,20817.0,19.9,23.3
60685,Villers-Saint-Sépulcre,20772.0,25.4,29.4
60686,Villers-sous-Saint-Leu,22503.0,24.3,22.1
60687,Villers-sur-Auchy,18535.0,23.6,23.2
60688,Villers-sur-Bonnières,18065.0,25.3,26.8
60689,Villers-sur-Coudun,20928.0,19.5,22.9
60691,Villers-Vermont,21598.0,22.1,21.4
60692,Villers-Vicomte,22131.0,25.5,20.6
60693,Villeselve,19619.0,24.5,26.2
60694,Les Hauts-Talican,20396.0,24.7,25.5
60695,Vineuil-Saint-Firmin,23573.0,20.8,17.4
60697,Vrocourt,19818.0,20.7,18.3
60698,Wacquemoulin,19079.0,25.9,25.2
60699,Wambez,15788.0,28.3,26.5
60700,Warluis,20058.0,25.9,30.2
60701,Wavignies,18749.0,26.4,28.3
60702,Welles-Pérennes,15768.0,29.8,25.7
60703,Aux Marais,23851.0,13.7,15.0
62001,Ablain-Saint-Nazaire,17904.0,25.3,28.8
62002,Ablainzevelle,23139.0,17.4,15.9
62003,Acheville,13474.0,32.4,29.0
62004,Achicourt,19816.0,24.8,20.0
62005,Achiet-le-Grand,16062.0,31.9,28.1
62006,Achiet-le-Petit,18266.0,26.0,25.0
62007,Acq,18789.0,23.0,21.9
62008,Acquin-Westbécourt,20515.0,23.0,19.3
62009,Adinfer,14873.0,29.8,25.2
62010,Affringues,18475.0,27.0,24.5
62011,Agnez-lès-Duisans,15610.0,30.4,27.8
62012,Agnières,18400.0,22.0,21.0
62013,Agny,19937.0,22.6,24.5
62014,Aire-sur-la-Lys,18591.0,27.5,25.7
62015,Airon-Notre-Dame,20659.0,23.4,25.1
62016,Airon-Saint-Vaast,14269.0,33.0,33.4
62017,Aix-en-Ergny,16391.0,27.2,30.0
62018,Aix-en-Issart,21126.0,22.6,19.6
62019,Aix-Noulette,19760.0,20.4,20.6
62020,Alembon,19227.0,24.2,27.9
62021,Alette,14158.0,28.5,30.3
62022,Alincthun,16546.0,30.7,36.5
62023,Allouagne,21296.0,23.0,26.9
62024,Alquines,22870.0,20.3,17.3
62025,Ambleteuse,20728.0,22.4,26.9
62026,Ambricourt,14007.0,31.1,33.2
62027,Ambrines,20637.0,25.3,29.9
62028,Ames,19279.0,24.8,23.4
62029,Amettes,25381.0,16.3,19.0
62030,Amplier,15214.0,30.2,26.6
62031,Andres,23207.0,17.8,17.3
62032,Angres,16834.0,26.1,31.2
62033,Annay,15968.0,30.4,27.0
62034,Annequin,19586.0,27.1,21.8
62035,Annezin,19810.0,27.0,25.2
62036,Anvin,16494.0,26.6,31.0
62037,Anzin-Saint-Aubin,23361.0,20.5,20.8
62038,Ardres,20654.0,21.0,18.4
62039,Arleux-en-Gohelle,22642.0,20.9,19.8
62040,Arques,19045.0,22.0,18.8
62041,Arras,22266.0,21.4,20.3
62042,Athies,12786.0,33.8,38.0
62043,Les Attaques,20575.0,21.0,18.6
62044,Attin,20017.0,24.2,27.4
62045,Aubigny-en-Artois,18203.0,26.4,21.3
62046,Aubin-Saint-Vaast,18771.0,26.1,21.9
62047,Aubrometz,14483.0,33.4,31.6
62048,Auchel,22034.0,22.1,20.2
62049,Auchy-au-Bois,14505.0,28.6,30.0
62050,Auchy-lès-Hesdin,17624.0,24.0,19.7
62051,Auchy-les-Mines,19476.0,26.2,30.3
62052,Audembert,16107.0,30.2,35.9
62053,Audincthun,20263.0,21.7,19.6
62054,Audinghen,11879.0,34.3,35.9
62055,Audrehem,16738.0,26.3,26.4
62056,Audresselles,15026.0,31.8,33.6
62057,Audruicq,22219.0,22.3,22.1
62058,Aumerval,17037.0,25.3,27.0
62059,Autingues,18074.0,30.1,33.7
62060,Auxi-le-Château,18807.0,29.1,30.4
62061,Averdoingt,19184.0,25.4,23.6
62062,Avesnes,18281.0,20.4,24.2
62063,Avesnes-le-Comte,21465.0,25.0,25.3
62064,Avesnes-lès-Bapaume,20009.0,27.0,28.2
62065,Avion,16750.0,28.0,29.1
62066,Avondance,16401.0,28.3,29.5
62067,Avroult,21339.0,22.6,19.6
62068,Ayette,17940.0,26.3,23.8
62069,Azincourt,22723.0,19.8,18.1
62070,Bailleul-aux-Cornailles,19694.0,23.1,21.4
62071,Bailleul-lès-Pernes,20688.0,23.1,25.8
62072,Bailleulmont,15306.0,30.9,31.6
62073,Bailleul-Sir-Berthoult,14567.0,31.6,26.5
62074,Bailleulval,19669.0,22.2,22.1
62075,Baincthun,16019.0,28.0,28.1
62076,Bainghen,19874.0,25.2,22.9
62077,Bajus,19474.0,24.0,23.1
62078,Balinghem,15923.0,25.2,27.7
62079,Bancourt,17252.0,26.7,30.3
62080,Bapaume,23203.0,20.0,19.6
62081,Baralle,22128.0,19.7,18.1
62082,Barastre,21224.0,21.6,23.1
62083,Barlin,21462.0,21.4,20.7
62084,Barly,13541.0,32.9,37.5
62085,Basseux,20046.0,24.2,26.4
62086,Bavincourt,15336.0,28.4,29.4
62087,Bayenghem-lès-Éperlecques,19374.0,24.0,19.8
62088,Bayenghem-lès-Seninghem,16849.0,28.1,29.3
62089,Bazinghen,20446.0,20.4,18.3
62090,Béalencourt,20983.0,22.6,23.7
62091,Beaudricourt,18290.0,22.0,20.1
62092,Beaufort-Blavincourt,15793.0,32.9,29.5
62093,Beaulencourt,18484.0,23.4,27.2
62094,Beaumerie-Saint-Martin,12381.0,33.1,39.0
62095,Beaumetz-lès-Aire,16255.0,27.6,24.4
62096,Beaumetz-lès-Cambrai,20841.0,23.0,22.7
62097,Beaumetz-lès-Loges,22448.0,16.7,15.3
62099,Beaurains,19146.0,20.7,21.2
62100,Beaurainville,13933.0,32.9,36.5
62101,Beauvois,21110.0,23.5,20.5
62102,Bécourt,17978.0,25.6,21.1
62103,Béhagnies,11892.0,34.1,38.4
62104,Bellebrune,17927.0,26.7,25.5
62105,Belle-et-Houllefort,20167.0,24.7,20.5
62106,Bellonne,18527.0,23.3,21.2
62107,Bénifontaine,17254.0,29.2,33.8
62108,Berck,22051.0,21.2,20.5
62109,Bergueneuse,14280.0,34.4,30.3
62111,Berlencourt-le-Cauroy,20007.0,26.1,27.3
62112,Berles-au-Bois,13956.0,33.6,27.4
62113,Berles-Monchel,18059.0,28.3,23.5
62114,Bermicourt,18472.0,24.7,23.0
62115,Berneville,17997.0,24.4,20.6
62116,Bernieulles,21453.0,20.3,20.3
62117,Bertincourt,22724.0,19.0,16.6
62118,Béthonsart,18576.0,27.4,25.0
62119,Béthune,20161.0,24.1,22.5
62120,Beugin,16252.0,29.1,30.6
62121,Beugnâtre,16050.0,29.3,29.9
62122,Beugny,19323.0,24.7,26.1
62123,Beussent,21399.0,24.1,21.9
62124,Beutin,20798.0,24.6,21.3
62125,Beuvrequen,16728.0,26.4,30.1
62126,Beuvry,20519.0,25.4,26.8
62127,Bezinghem,19605.0,23.7,27.6
62128,Biache-Saint-Vaast,21553.0,23.6,20.7
62129,Biefvillers-lès-Bapaume,20164.0,18.9,18.4
62130,Bienvillers-au-Bois,18954.0,24.3,23.7
62131,Bihucourt,20848.0,22.5,18.9
62132,Billy-Berclau,21399.0,23.4,23.7
62133,Billy-Montigny,19037.0,24.1,27.6
62134,Bimont,16929.0,25.3,23.0
62135,Blairville,16437.0,28.5,32.6
62137,Blangerval-Blangermont,16270.0,27.5,29.8
62138,Blangy-sur-Ternoise,16265.0,30.0,30.7
62139,Blendecques,17349.0,28.2,25.8
62140,Bléquin,21649.0,20.7,23.3
62141,Blessy,12817.0,32.5,29.8
62142,Blingel,16346.0,28.2,29.4
62143,Boffles,20414.0,26.2,23.0
62144,Boiry-Becquerelle,14484.0,33.8,38.1
62145,Boiry-Notre-Dame,11700.0,30.0,24.9
62146,Boiry-Saint-Martin,20164.0,20.8,19.6
62147,Boiry-Sainte-Rictrude,17668.0,24.6,28.3
62148,Bois-Bernard,20646.0,25.1,27.8
62149,Boisdinghem,12945.0,35.3,31.0
62150,Boisjean,18899.0,24.3,24.8
62151,Boisleux-au-Mont,16417.0,26.8,30.9
62152,Boisleux-Saint-Marc,16522.0,27.3,31.2
62153,Bomy,19412.0,24.6,22.9
62154,Bonnières,21376.0,22.6,26.4
62155,Bonningues-lès-Ardres,19049.0,23.0,23.1
62156,Bonningues-lès-Calais,16787.0,30.3,31.5
62157,Boubers-lès-Hesmond,21496.0,26.0,28.8
62158,Boubers-sur-Canche,20867.0,23.6,25.4
62160,Boulogne-sur-Mer,20485.0,25.0,23.8
62161,Bouquehault,19257.0,24.6,27.1
62162,Bourecq,18700.0,25.0,29.6
62163,Bouret-sur-Canche,18869.0,27.4,24.2
62164,Bourlon,15506.0,29.1,25.5
62165,Bournonville,14693.0,27.9,23.6
62166,Bours,18425.0,29.1,26.8
62167,Boursin,19791.0,25.9,21.3
62168,Bourthes,22161.0,21.1,19.0
62169,Bouvelinghem,20777.0,25.7,21.9
62170,Bouvigny-Boyeffles,19580.0,28.8,26.9
62171,Boyaval,16032.0,29.5,24.3
62172,Boyelles,17556.0,26.7,24.7
62173,Brebières,22847.0,21.5,24.3
62174,Brêmes,18959.0,24.4,26.1
62175,Brévillers,15889.0,30.1,33.6
62176,Bréxent-Énocq,18760.0,21.1,24.6
62177,Brimeux,16255.0,27.3,30.5
62178,Bruay-la-Buissière,18686.0,28.0,33.6
62179,Brunembert,17005.0,28.1,32.0
62180,Brias,18213.0,26.4,24.6
62181,Bucquoy,17585.0,25.1,24.1
62182,Buire-au-Bois,21365.0,22.2,25.6
62183,Buire-le-Sec,20642.0,24.5,22.5
62184,Buissy,14860.0,30.5,31.8
62185,Bullecourt,17510.0,28.4,33.2
62186,Bully-les-Mines,20333.0,21.8,19.1
62187,Buneville,15916.0,26.6,28.8
62188,Burbure,23162.0,23.8,21.7
62189,Bus,12466.0,36.2,40.6
62190,Busnes,17752.0,28.4,34.0
62191,Caffiers,19378.0,23.0,24.6
62192,Cagnicourt,18583.0,22.4,20.5
62193,Calais,21462.0,22.8,22.5
62194,Calonne-Ricouart,19640.0,23.3,19.7
62195,Calonne-sur-la-Lys,20382.0,23.2,25.5
62196,La Calotterie,21193.0,19.3,18.7
62197,Camblain-Châtelain,15764.0,28.8,33.1
62198,Cambligneul,17382.0,26.9,27.0
62199,Camblain-l'Abbé,22095.0,21.2,19.4
62200,Cambrin,16312.0,30.1,35.3
62201,Camiers,19848.0,23.7,28.2
62202,Campagne-lès-Boulonnais,17043.0,23.8,28.3
62203,Campagne-lès-Guines,14321.0,31.2,36.1
62204,Campagne-lès-Hesdin,22386.0,21.0,19.1
62205,Campagne-lès-Wardrecques,16410.0,28.8,27.3
62206,Campigneulles-les-Grandes,14211.0,33.4,37.4
62207,Campigneulles-les-Petites,16173.0,25.9,25.9
62208,Canettemont,25638.0,15.3,14.8
62209,Canlers,19284.0,23.7,19.6
62211,Capelle-Fermont,19068.0,24.8,26.9
62212,Capelle-lès-Hesdin,23112.0,20.5,24.0
62213,Carency,21456.0,23.5,25.8
62214,Carly,17455.0,26.1,27.7
62215,Carvin,17736.0,30.8,32.6
62216,La Cauchie,12713.0,31.3,25.2
62217,Cauchy-à-la-Tour,22014.0,20.3,18.8
62218,Caucourt,18722.0,23.6,24.3
62219,Caumont,21174.0,18.9,17.7
62220,Cavron-Saint-Martin,16389.0,31.7,36.8
62221,Chelers,11700.0,32.0,32.3
62222,Chériennes,13657.0,29.3,27.4
62223,Chérisy,22146.0,22.2,23.4
62224,Chocques,18864.0,26.7,28.0
62225,Clairmarais,18743.0,23.7,22.1
62227,Clenleu,15234.0,31.3,35.0
62228,Clerques,20462.0,22.2,20.7
62229,Cléty,19479.0,24.3,27.6
62230,Colembert,20199.0,19.3,18.9
62231,Colline-Beaumont,20012.0,27.5,27.1
62232,La Comté,18868.0,24.0,21.4
62233,Conchil-le-Temple,15418.0,28.6,30.6
62234,Conchy-sur-Canche,19053.0,26.5,27.8
62235,Condette,17143.0,30.0,35.5
62236,Contes,18950.0,25.6,25.5
62237,Conteville-lès-Boulogne,19414.0,23.8,25.9
62238,Conteville-en-Ternois,21251.0,20.3,19.1
62239,Coquelles,19461.0,24.4,20.1
62240,Corbehem,17447.0,28.2,24.2
62241,Cormont,19520.0,27.8,32.1
62242,Couin,16351.0,30.0,25.3
62243,Coullemont,18255.0,27.6,26.5
62244,Coulogne,19856.0,24.9,22.2
62245,Coulomby,19318.0,24.2,26.1
62246,Coupelle-Neuve,20371.0,24.7,26.7
62247,Coupelle-Vieille,12100.0,35.7,34.4
62248,Courcelles-le-Comte,18198.0,25.2,22.8
62249,Courcelles-lès-Lens,17950.0,27.6,25.4
62250,Courrières,19450.0,23.0,23.5
62251,Courset,15497.0,30.3,32.6
62252,La Couture,22239.0,22.7,22.7
62253,Couturelle,23979.0,20.5,16.9
62254,Coyecques,16240.0,26.6,27.0
62255,Crémarest,21612.0,24.3,20.6
62256,Crépy,15810.0,26.3,29.0
62257,Créquy,21419.0,24.9,25.2
62258,Croisette,21146.0,23.8,25.8
62259,Croisilles,17393.0,24.6,21.0
62260,Croix-en-Ternois,18458.0,26.5,24.1
62261,Cucq,19315.0,24.8,20.2
62262,Cuinchy,18792.0,25.1,25.5
62263,Dainville,18352.0,27.0,22.8
62264,Dannes,20149.0,24.1,20.0
62265,Delettes,18720.0,28.5,30.5
62266,Denier,17173.0,26.0,30.7
62267,Dennebrœucq,16859.0,25.9,24.1
62268,Desvres,16087.0,28.5,34.0
62269,Diéval,18504.0,25.8,25.5
62270,Divion,21719.0,20.9,17.6
62271,Dohem,14120.0,29.1,29.8
62272,Douchy-lès-Ayette,15383.0,28.3,24.2
62273,Doudeauville,18551.0,22.9,23.8
62274,Dourges,21079.0,20.7,23.0
62275,Douriez,19257.0,24.7,26.7
62276,Douvrin,18898.0,28.8,24.0
62277,Drocourt,17910.0,25.4,28.5
62278,Drouvin-le-Marais,15120.0,30.3,26.7
62279,Duisans,21483.0,24.1,24.0
62280,Dury,18183.0,27.4,26.7
62281,Echinghen,17813.0,29.5,29.1
62282,Éclimeux,23016.0,19.3,22.9
62283,Écoivres,12878.0,30.0,31.6
62284,Écourt-Saint-Quentin,11700.0,35.7,30.7
62285,Écoust-Saint-Mein,18036.0,24.8,19.9
62286,Ecquedecques,19352.0,28.7,28.7
62288,Ecques,21908.0,17.1,16.9
62289,Écuires,24512.0,17.7,18.9
62290,Écurie,17822.0,20.8,21.3
62291,Éleu-dit-Leauwette,26618.0,13.5,14.6
62292,Elnes,22185.0,19.1,16.2
62293,Embry,12465.0,34.8,38.9
62295,Enquin-lez-Guinegatte,12928.0,29.5,28.2
62296,Enquin-sur-Baillons,16152.0,30.9,35.3
62297,Éperlecques,21894.0,25.6,26.0
62298,Épinoy,19547.0,21.7,17.4
62299,Eps,20104.0,22.9,24.3
62300,Équihen-Plage,16322.0,30.4,33.5
62301,Équirre,17176.0,26.4,23.2
62302,Ergny,23578.0,21.2,20.5
62303,Érin,16370.0,32.4,26.0
62304,Erny-Saint-Julien,18611.0,24.8,21.6
62306,Ervillers,25271.0,20.2,18.5
62307,Escalles,22612.0,21.3,21.9
62308,Escœuilles,18284.0,26.3,28.4
62309,Esquerdes,14930.0,30.3,29.6
62310,Essars,22153.0,23.0,25.8
62311,Estevelles,18427.0,27.7,25.6
62312,Estrée,19668.0,21.6,24.2
62313,Estrée-Blanche,15417.0,29.8,26.3
62314,Estrée-Cauchy,14428.0,31.8,35.6
62315,Estréelles,20658.0,21.4,21.7
62316,Estrée-Wamin,19690.0,25.0,29.6
62317,Étaing,14605.0,32.6,33.8
62318,Étaples,22960.0,20.3,17.4
62319,Éterpigny,19271.0,18.3,17.9
62320,Étrun,17310.0,23.7,25.2
62321,Évin-Malmaison,18236.0,26.8,21.8
62322,Famechon,17337.0,27.7,27.2
62323,Fampoux,13875.0,33.8,27.7
62324,Farbus,18636.0,23.0,22.4
62325,Fauquembergues,21538.0,22.8,26.9
62326,Favreuil,17609.0,28.4,29.9
62327,Febvin-Palfart,14710.0,31.0,34.2
62328,Ferfay,17329.0,24.7,25.2
62329,Ferques,20903.0,19.9,21.0
62330,Festubert,19252.0,22.6,21.5
62331,Feuchy,25992.0,17.0,18.3
62332,Ficheux,19205.0,20.9,21.4
62333,Fiefs,20511.0,21.5,20.9
62334,Fiennes,19621.0,23.9,22.8
62335,Fillièvres,16059.0,28.3,25.8
62336,Fléchin,17122.0,27.4,28.6
62337,Flers,14977.0,30.4,26.8
62338,Fleurbaix,19204.0,27.5,25.6
62339,Fleury,16906.0,26.7,23.0
62340,Floringhem,21972.0,20.0,19.0
62341,Foncquevillers,14648.0,30.3,26.2
62342,Fontaine-lès-Boulans,20976.0,21.4,20.8
62343,Fontaine-lès-Croisilles,19786.0,25.3,21.9
62344,Fontaine-lès-Hermans,16540.0,28.4,22.8
62345,Fontaine-l'Étalon,14638.0,33.6,33.1
62346,Fortel-en-Artois,15522.0,27.9,32.2
62347,Fosseux,17052.0,26.2,22.0
62348,Foufflin-Ricametz,15133.0,31.4,29.6
62349,Fouquereuil,15041.0,31.8,37.8
62350,Fouquières-lès-Béthune,20394.0,23.0,19.9
62351,Fouquières-lès-Lens,17572.0,24.7,19.8
62352,Framecourt,16691.0,30.0,31.9
62353,Frémicourt,19927.0,25.0,22.8
62354,Frencq,20131.0,19.4,22.3
62355,Fresnes-lès-Montauban,12228.0,34.6,34.5
62356,Fresnicourt-le-Dolmen,20426.0,25.4,28.1
62357,Fresnoy,21452.0,22.8,23.2
62358,Fresnoy-en-Gohelle,12126.0,31.1,35.0
62359,Fressin,19914.0,26.3,28.0
62360,Fréthun,18561.0,23.2,23.3
62361,Frévent,18633.0,23.6,25.8
62362,Frévillers,15086.0,27.8,23.5
62363,Frévin-Capelle,20926.0,21.0,24.0
62364,Fruges,20213.0,24.0,19.3
62365,Galametz,20233.0,21.2,23.5
62366,Gauchin-Légal,12777.0,32.4,35.0
62367,Gauchin-Verloingt,15772.0,26.8,22.9
62368,Gaudiempré,14553.0,31.1,27.2
62369,Gavrelle,21001.0,23.3,26.2
62370,Gennes-Ivergny,13817.0,34.1,37.1
62371,Givenchy-en-Gohelle,17354.0,27.9,25.0
62372,Givenchy-le-Noble,18855.0,24.9,23.6
62373,Givenchy-lès-la-Bassée,26048.0,13.0,15.0
62374,Gomiécourt,23384.0,17.2,14.9
62375,Gommecourt,19647.0,21.9,24.6
62376,Gonnehem,17945.0,29.0,29.5
62377,Gosnay,20346.0,24.1,24.6
62378,Gouves,17859.0,22.2,18.9
62379,Gouy-en-Artois,19949.0,19.8,21.6
62380,Gouy-Servins,14105.0,29.6,33.5
62381,Gouy-en-Ternois,15701.0,28.3,23.6
62382,Gouy-Saint-André,16725.0,27.5,22.5
62383,Gouy-sous-Bellonne,21666.0,23.4,23.4
62384,Graincourt-lès-Havrincourt,18608.0,26.2,22.6
62385,Grand-Rullecourt,19807.0,25.2,21.6
62386,Grenay,18121.0,25.9,24.2
62387,Grévillers,11817.0,35.3,39.7
62388,Grigny,17866.0,26.9,25.4
62389,Grincourt-lès-Pas,18546.0,26.5,29.7
62390,Groffliers,18601.0,26.3,24.7
62391,Guarbecque,18086.0,25.8,28.8
62392,Guémappe,18113.0,27.7,26.4
62393,Guemps,19342.0,25.3,29.5
62395,Guigny,17383.0,26.3,26.3
62396,Guinecourt,17320.0,28.7,27.9
62397,Guînes,19175.0,28.6,29.5
62398,Guisy,19428.0,22.3,20.9
62399,Habarcq,15008.0,29.8,31.8
62400,Haillicourt,17474.0,28.4,23.2
62401,Haisnes,19222.0,24.5,22.0
62402,Halinghen,22620.0,18.7,20.7
62403,Hallines,21752.0,23.3,23.0
62404,Halloy,15187.0,26.7,22.7
62405,Hamblain-les-Prés,20828.0,23.7,26.9
62406,Hamelincourt,16209.0,26.0,26.2
62407,Ham-en-Artois,24103.0,17.5,16.7
62408,Hames-Boucres,14733.0,31.6,32.4
62409,Hannescamps,20190.0,22.5,25.1
62410,Haplincourt,14506.0,33.0,32.0
62411,Haravesnes,13889.0,37.3,34.5
62412,Hardinghen,24329.0,16.0,17.1
62413,Harnes,21657.0,22.0,19.5
62414,Haucourt,11959.0,35.2,36.8
62415,Haute-Avesnes,17435.0,29.8,32.7
62416,Hautecloque,16021.0,28.0,23.4
62418,Hauteville,18988.0,26.8,26.8
62419,Haut-Loquin,16431.0,30.1,24.8
62421,Havrincourt,16260.0,24.9,23.8
62422,Hébuterne,11700.0,33.2,30.9
62423,Helfaut,12284.0,36.5,39.7
62424,Hendecourt-lès-Cagnicourt,12617.0,31.2,25.5
62425,Hendecourt-lès-Ransart,17827.0,22.5,25.8
62426,Héninel,18588.0,22.6,21.7
62427,Hénin-Beaumont,20704.0,25.9,22.6
62428,Hénin-sur-Cojeul,18657.0,25.5,22.7
62429,Henneveux,18346.0,26.5,25.0
62430,Hénu,19760.0,20.2,17.6
62432,Herbinghen,20332.0,20.0,17.5
62433,Héricourt,13466.0,36.0,38.0
62434,La Herlière,19815.0,23.5,23.5
62435,Herlincourt,19478.0,27.3,30.3
62436,Herlin-le-Sec,14567.0,29.1,31.5
62437,Herly,22179.0,22.2,24.3
62438,Hermaville,21495.0,20.5,19.5
62439,Hermelinghen,16881.0,27.8,23.9
62440,Hermies,17000.0,27.6,27.6
62441,Hermin,14849.0,30.1,33.9
62442,Hernicourt,20571.0,26.2,29.7
62443,Hersin-Coupigny,18637.0,25.2,21.1
62444,Hervelinghen,11700.0,38.9,42.5
62445,Hesdigneul-lès-Béthune,20264.0,26.4,24.4
62446,Hesdigneul-lès-Boulogne,24131.0,17.1,14.6
62447,Hesdin-la-Forêt,15556.0,32.5,34.8
62448,Hesdin-l'Abbé,17599.0,27.4,24.1
62449,Hesmond,19002.0,19.9,17.2
62450,Hestrus,17258.0,27.1,32.1
62451,Heuchin,17532.0,28.6,23.1
62452,Heuringhem,15982.0,26.5,22.7
62453,Hézecques,15625.0,32.9,38.2
62454,Hinges,21772.0,21.9,19.0
62455,Hocquinghen,24921.0,16.8,18.4
62456,Houchin,23402.0,18.3,16.7
62457,Houdain,22014.0,19.9,20.8
62458,Houlle,16273.0,28.3,26.0
62459,Houvin-Houvigneul,18505.0,25.2,27.1
62460,Hubersent,18247.0,22.6,19.7
62462,Huclier,15017.0,30.0,27.1
62463,Hucqueliers,19734.0,25.4,28.4
62464,Hulluch,22291.0,15.9,18.2
62465,Humbercamps,22043.0,18.2,17.1
62466,Humbert,12866.0,34.6,37.0
62467,Humerœuille,16881.0,29.3,25.2
62468,Humières,14317.0,31.0,25.0
62469,Inchy-en-Artois,20949.0,22.3,24.9
62470,Incourt,18452.0,21.5,25.1
62471,Bellinghem,20788.0,24.4,20.7
62472,Inxent,19336.0,20.8,20.9
62473,Isbergues,17274.0,25.0,28.4
62474,Isques,20265.0,23.2,20.8
62475,Ivergny,18823.0,22.4,20.3
62476,Izel-lès-Équerchin,15483.0,33.6,30.5
62477,Izel-lès-Hameau,19223.0,25.8,23.5
62478,Journy,18781.0,23.9,28.6
62479,Labeuvrière,16176.0,29.5,28.6
62480,Labourse,20413.0,23.4,21.1
62481,Labroye,18518.0,25.0,29.9
62483,Lacres,22790.0,21.3,22.4
62484,Lagnicourt-Marcel,24253.0,18.0,19.7
62485,Laires,15998.0,27.1,27.8
62486,Lambres,24286.0,20.4,17.0
62487,Landrethun-le-Nord,17528.0,28.1,29.1
62488,Landrethun-lès-Ardres,21801.0,16.5,15.8
62489,Lapugnoy,19401.0,25.3,29.2
62490,Lattre-Saint-Quentin,21887.0,21.7,19.2
62491,Laventie,21117.0,20.9,19.6
62492,Lebiez,14025.0,28.7,28.5
62493,Lebucquière,20239.0,24.3,22.1
62494,Léchelle,21498.0,22.1,24.1
62495,Ledinghem,17205.0,28.8,30.6
62496,Lefaux,17806.0,26.3,30.6
62497,Leforest,22660.0,18.4,16.3
62498,Lens,21582.0,20.5,18.4
62499,Lépine,20316.0,18.8,20.3
62500,Lespesses,21280.0,21.7,24.7
62501,Lespinoy,16211.0,28.6,24.3
62502,Lestrem,22838.0,20.6,24.7
62503,Leubringhen,15918.0,32.2,35.6
62504,Leulinghem,16050.0,29.5,29.4
62505,Leulinghen-Bernes,15265.0,29.0,24.3
62506,Licques,17696.0,26.7,24.6
62507,Liencourt,19929.0,26.5,24.8
62508,Lières,17301.0,26.5,30.3
62509,Liettres,21198.0,20.6,17.1
62510,Liévin,21360.0,22.4,21.6
62511,Lignereuil,15035.0,33.0,27.0
62512,Ligny-lès-Aire,15838.0,29.0,24.3
62513,Ligny-sur-Canche,16434.0,27.3,32.7
62514,Ligny-Saint-Flochel,20576.0,24.3,28.3
62515,Ligny-Thilloy,19641.0,28.1,32.7
62516,Lillers,20975.0,24.1,25.7
62517,Linghem,21667.0,21.6,18.3
62518,Linzeux,16282.0,30.0,30.7
62519,Lisbourg,16799.0,24.1,26.4
62520,Locon,18925.0,23.6,21.4
62521,La Loge,17550.0,27.9,28.5
62522,Loison-sur-Créquoise,13561.0,32.8,27.3
62523,Loison-sous-Lens,18769.0,30.1,36.0
62524,Longfossé,20089.0,23.8,22.3
62525,Longuenesse,21657.0,24.3,26.6
62526,Longueville,18957.0,24.3,19.8
62527,Longvilliers,13178.0,33.2,27.4
62528,Loos-en-Gohelle,12928.0,32.0,35.3
62529,Lorgies,19343.0,20.7,24.2
62530,Lottinghen,15639.0,31.2,30.9
62531,Louches,16787.0,28.8,25.0
62532,Lozinghem,14530.0,30.8,27.2
62533,Lugy,13338.0,31.6,33.6
62534,Lumbres,18462.0,27.6,33.0
62535,La Madelaine-sous-Montreuil,16891.0,27.9,26.1
62536,Magnicourt-en-Comte,20640.0,23.3,22.9
62537,Magnicourt-sur-Canche,16595.0,24.5,25.4
62538,Maintenay,20035.0,24.2,23.1
62539,Maisnil,20227.0,21.5,21.2
62540,Maisnil-lès-Ruitz,17847.0,25.1,27.7
62541,Maisoncelle,15745.0,30.3,29.3
62542,Maizières,21646.0,20.4,16.7
62543,Mametz,13917.0,29.5,27.6
62544,Manin,18592.0,21.3,20.3
62545,Maninghem,19830.0,22.4,23.6
62546,Maninghen-Henne,19408.0,23.0,19.8
62547,Marant,21386.0,23.6,27.9
62548,Marck,19957.0,21.6,22.1
62550,Marconnelle,17694.0,26.7,23.2
62551,Marenla,16073.0,29.3,28.3
62552,Maresquel-Ecquemicourt,17047.0,25.1,28.1
62553,Marest,16327.0,26.1,26.0
62554,Maresville,15166.0,31.7,30.6
62555,Marles-les-Mines,21472.0,21.1,21.2
62556,Marles-sur-Canche,20424.0,21.4,25.3
62557,Marœuil,20592.0,23.8,28.5
62558,Marquay,18648.0,22.1,21.8
62559,Marquion,25789.0,15.5,13.7
62560,Marquise,19741.0,26.9,29.4
62561,Martinpuich,17895.0,25.6,24.0
62562,Matringhem,19021.0,26.1,23.5
62563,Mazingarbe,20404.0,18.4,19.5
62564,Mazinghem,15870.0,31.3,34.0
62565,Mencas,23464.0,17.4,19.8
62566,Menneville,22628.0,22.5,20.3
62567,Mentque-Nortbécourt,19183.0,27.1,32.0
62568,Mercatel,20251.0,21.3,21.0
62569,Merck-Saint-Liévin,16391.0,25.8,22.0
62570,Méricourt,20438.0,20.9,18.4
62571,Merlimont,20098.0,28.9,26.7
62572,Metz-en-Couture,16132.0,28.0,24.9
62573,Meurchin,19603.0,28.6,32.6
62574,Mingoval,20708.0,21.0,20.3
62576,Moncheaux-lès-Frévent,16362.0,28.1,29.0
62577,Monchel-sur-Canche,19016.0,30.4,33.6
62578,Monchiet,14898.0,30.5,25.4
62579,Monchy-au-Bois,19116.0,24.0,26.8
62580,Monchy-Breton,16219.0,26.6,24.5
62581,Monchy-Cayeux,21364.0,22.0,21.6
62582,Monchy-le-Preux,17931.0,28.0,31.1
62583,Mondicourt,21192.0,24.1,26.6
62584,Mont-Bernanchon,19534.0,23.5,23.0
62585,Montcavrel,14037.0,31.0,28.5
62586,Montenescourt,24444.0,18.7,20.2
62587,Montigny-en-Gohelle,24192.0,18.2,15.0
62588,Montreuil-sur-Mer,17106.0,25.3,26.5
62589,Mont-Saint-Éloi,24562.0,13.4,16.1
62590,Monts-en-Ternois,17633.0,26.0,24.3
62591,Morchies,19800.0,21.1,25.3
62592,Moringhem,15219.0,33.1,36.4
62593,Morval,15812.0,26.9,29.2
62594,Mory,16728.0,26.6,25.3
62595,Moulle,19316.0,22.1,21.9
62596,Mouriez,16400.0,29.5,29.6
62597,Moyenneville,19903.0,24.7,23.1
62598,Muncq-Nieurlet,17531.0,27.1,26.5
62599,Nabringhen,19852.0,23.4,26.5
62600,Nédon,16826.0,28.0,23.8
62601,Nédonchel,17200.0,21.5,18.5
62602,Nempont-Saint-Firmin,21484.0,23.9,21.9
62603,Nesles,15186.0,29.3,33.8
62604,Neufchâtel-Hardelot,22729.0,22.0,20.4
62605,Neulette,13128.0,32.8,38.7
62606,Neuve-Chapelle,11700.0,31.1,33.5
62607,Neuville-au-Cornet,15692.0,30.2,31.9
62608,Neuville-Bourjonval,20343.0,24.1,21.2
62609,Neuville-Saint-Vaast,19050.0,21.4,20.1
62610,Neuville-sous-Montreuil,16357.0,29.8,32.9
62611,Neuville-Vitasse,16247.0,28.4,30.1
62612,Neuvireuil,21491.0,20.0,20.6
62613,Nielles-lès-Bléquin,18555.0,21.5,23.3
62614,Nielles-lès-Ardres,17353.0,29.1,29.5
62615,Nielles-lès-Calais,15983.0,25.9,25.5
62616,Nœux-lès-Auxi,14844.0,30.4,35.3
62617,Nœux-les-Mines,22856.0,21.2,23.8
62618,Nordausques,15576.0,27.7,29.6
62619,Noreuil,12311.0,34.1,40.8
62620,Norrent-Fontes,17637.0,29.0,28.7
62621,Nortkerque,17776.0,25.5,22.5
62622,Nort-Leulinghem,19621.0,24.7,27.2
62623,Nouvelle-Église,15887.0,28.7,24.9
62624,Noyelles-Godault,18087.0,25.0,28.8
62625,Noyelles-lès-Humières,15452.0,25.8,29.6
62626,Noyelles-lès-Vermelles,21856.0,21.8,24.3
62627,Noyelles-sous-Bellonne,18140.0,26.4,30.2
62628,Noyelles-sous-Lens,16299.0,31.2,32.0
62629,Noyellette,19886.0,25.9,30.0
62630,Noyelle-Vion,18280.0,21.6,24.5
62631,Nuncq-Hautecôte,20703.0,21.8,20.4
62632,Oblinghem,21029.0,21.2,18.6
62633,Œuf-en-Ternois,16785.0,30.4,34.4
62634,Offekerque,14198.0,31.5,27.8
62635,Offin,22494.0,20.2,19.6
62636,Offrethun,16891.0,24.7,24.3
62637,Oignies,23218.0,21.0,23.1
62638,Oisy-le-Verger,20607.0,19.4,20.2
62639,Oppy,21992.0,24.2,24.2
62640,Orville,16564.0,30.6,24.7
62641,Ostreville,16998.0,29.2,27.3
62642,Ourton,18333.0,27.9,29.0
62643,Outreau,21738.0,20.1,18.4
62644,Ouve-Wirquin,16460.0,27.8,29.8
62645,Oye-Plage,15127.0,27.8,27.6
62646,Palluel,13418.0,34.6,36.6
62647,Le Parcq,18114.0,24.2,22.2
62648,Parenty,14870.0,29.2,29.9
62649,Pas-en-Artois,17754.0,27.7,32.6
62650,Pelves,17249.0,26.3,24.9
62651,Penin,14857.0,29.8,34.2
62652,Pernes,17297.0,31.8,25.5
62653,Pernes-lès-Boulogne,15954.0,29.1,34.4
62654,Peuplingues,21657.0,21.6,19.7
62655,Pierremont,17024.0,28.8,27.8
62656,Pihem,14330.0,31.8,34.1
62657,Pihen-lès-Guînes,21459.0,22.4,25.4
62658,Pittefaux,17400.0,32.3,30.9
62659,Planques,19122.0,26.1,27.2
62660,Plouvain,14868.0,31.2,25.9
62661,Bouin-Plumoison,17518.0,27.5,25.3
62662,Polincove,13958.0,31.1,31.1
62663,Pommera,21031.0,24.0,28.0
62664,Pommier,16390.0,29.1,29.8
62665,Le Ponchel,16833.0,24.0,26.3
62666,Pont-à-Vendin,21453.0,25.3,21.4
62667,Le Portel,22908.0,16.8,15.4
62668,Prédefin,18461.0,22.5,21.9
62669,Pressy,25740.0,18.2,21.3
62670,Preures,20925.0,21.8,18.4
62671,Pronville-en-Artois,16188.0,25.6,20.9
62672,Puisieux,17122.0,29.0,33.7
62673,Quéant,18811.0,23.3,20.0
62674,Quelmes,25476.0,19.4,16.1
62675,Quercamps,18321.0,27.6,32.3
62676,Quernes,21647.0,16.1,16.2
62677,Le Quesnoy-en-Artois,14954.0,33.4,35.8
62678,Quesques,17047.0,27.2,31.4
62679,Questrecques,14422.0,31.0,35.3
62680,Quiéry-la-Motte,22161.0,20.1,24.0
62681,Quiestède,19088.0,27.7,27.2
62682,Quilen,14372.0,32.2,36.9
62683,Quœux-Haut-Maînil,20258.0,17.8,17.2
62684,Racquinghem,22361.0,23.6,19.3
62685,Radinghem,15435.0,28.7,31.5
62686,Ramecourt,18592.0,27.7,27.2
62688,Rang-du-Fliers,14804.0,30.4,28.2
62689,Ransart,18420.0,29.3,33.7
62690,Raye-sur-Authie,18809.0,26.1,24.8
62691,Saint-Augustin,14790.0,32.1,31.8
62692,Rebergues,19602.0,23.1,22.6
62693,Rebreuve-Ranchicourt,15028.0,28.6,27.6
62694,Rebreuve-sur-Canche,18008.0,28.2,27.7
62695,Rebreuviette,17924.0,26.5,21.2
62696,Reclinghem,18279.0,26.1,31.3
62697,Récourt,12594.0,31.5,35.9
62698,Recques-sur-Course,21849.0,23.4,20.9
62699,Recques-sur-Hem,19296.0,27.2,31.0
62700,Regnauville,19561.0,23.6,21.1
62701,Rely,17352.0,27.3,26.9
62702,Remilly-Wirquin,15492.0,28.4,33.5
62703,Rémy,16573.0,27.6,26.9
62704,Renty,16741.0,26.7,29.8
62705,Rety,19303.0,26.4,21.7
62706,Richebourg,17543.0,26.7,28.5
62708,Riencourt-lès-Bapaume,15002.0,33.1,36.1
62709,Riencourt-lès-Cagnicourt,18028.0,25.5,27.9
62710,Rimboval,22691.0,19.2,19.9
62711,Rinxent,21543.0,19.5,18.1
62712,Rivière,15886.0,29.1,29.4
62713,Robecq,19141.0,22.8,26.8
62714,Roclincourt,23840.0,18.7,17.5
62715,Rocquigny,14695.0,31.5,32.5
62716,Rodelinghem,18745.0,27.0,32.3
62717,Roëllecourt,23110.0,19.3,16.7
62718,Rœux,15073.0,26.8,25.6
62719,Rollancourt,14016.0,30.0,29.6
62720,Rombly,20909.0,23.1,23.7
62721,Roquetoire,15841.0,28.7,32.6
62722,Rougefay,14371.0,31.7,34.6
62723,Roussent,13234.0,32.4,31.0
62724,Rouvroy,22407.0,19.7,21.9
62725,Royon,17502.0,31.0,27.4
62726,Ruisseauville,14371.0,29.2,26.1
62727,Ruitz,21318.0,22.5,22.8
62728,Rumaucourt,19586.0,24.9,20.7
62729,Rumilly,21149.0,20.0,18.2
62730,Ruminghem,15770.0,29.1,33.7
62731,Ruyaulcourt,14930.0,30.8,27.7
62732,Sachin,18056.0,24.7,20.2
62733,Sailly-au-Bois,20455.0,21.5,25.5
62734,Sailly-en-Ostrevent,17243.0,24.1,27.8
62735,Sailly-Labourse,18046.0,27.0,24.8
62736,Sailly-sur-la-Lys,20343.0,21.5,22.3
62737,Sains-en-Gohelle,20083.0,26.4,31.5
62738,Sains-lès-Fressin,20712.0,24.9,26.2
62739,Sains-lès-Marquion,13242.0,33.5,33.2
62740,Sains-lès-Pernes,16998.0,25.9,20.9
62741,Saint-Amand,18203.0,26.0,28.6
62742,Saint-Aubin,14129.0,30.0,25.8
62744,Sainte-Catherine,19176.0,28.3,28.0
62745,Saint-Denœux,17915.0,25.0,27.3
62746,Saint-Étienne-au-Mont,20361.0,22.9,18.8
62747,Saint-Floris,21846.0,22.3,25.9
62748,Saint-Folquin,20008.0,24.5,20.6
62749,Saint-Georges,19865.0,27.3,26.5
62750,Saint-Hilaire-Cottes,14946.0,28.4,28.4
62751,Saint-Inglevert,14295.0,29.6,30.8
62752,Saint-Josse,21167.0,23.7,21.0
62753,Saint-Laurent-Blangy,19165.0,26.1,28.5
62754,Saint-Léger,21313.0,22.7,24.7
62755,Saint-Léonard,22400.0,23.9,21.7
62756,Sainte-Marie-Kerque,17638.0,25.7,23.0
62757,Saint-Martin-lez-Tatinghem,22200.0,18.0,14.7
62758,Saint-Martin-Boulogne,17996.0,25.8,28.3
62759,Saint-Martin-Choquel,11700.0,35.5,40.4
62760,Saint-Martin-d'Hardinghem,17417.0,25.1,25.8
62761,Saint-Martin-sur-Cojeul,18440.0,27.5,22.0
62762,Saint-Michel-sous-Bois,21187.0,21.8,25.1
62763,Saint-Michel-sur-Ternoise,14610.0,31.6,30.9
62764,Saint-Nicolas,15608.0,28.8,25.7
62765,Saint-Omer,20876.0,22.6,24.1
62766,Saint-Omer-Capelle,20219.0,25.3,29.6
62767,Saint-Pol-sur-Ternoise,17388.0,29.5,32.1
62768,Saint-Rémy-au-Bois,15207.0,31.4,28.7
62769,Saint-Tricat,15172.0,26.0,24.1
62770,Saint-Venant,19205.0,25.5,28.6
62771,Sallaumines,19782.0,23.4,21.7
62772,Salperwick,15760.0,29.5,32.4
62773,Samer,16609.0,25.6,20.7
62774,Sangatte,15447.0,31.2,25.6
62775,Sanghen,15361.0,30.3,32.0
62776,Sapignies,20588.0,22.4,21.1
62777,Le Sars,14960.0,35.0,39.9
62778,Sars-le-Bois,15539.0,28.0,29.8
62779,Sarton,16989.0,26.9,27.7
62780,Sauchy-Cauchy,24047.0,16.9,16.7
62781,Sauchy-Lestrée,24986.0,14.4,16.8
62782,Saudemont,16196.0,28.6,32.1
62783,Saulchoy,20353.0,19.8,18.6
62784,Saulty,17962.0,24.1,26.3
62785,Savy-Berlette,14464.0,26.9,29.5
62786,Selles,16153.0,27.2,21.9
62787,Sempy,16210.0,27.4,22.1
62788,Seninghem,19349.0,24.2,24.2
62789,Senlecques,23081.0,14.9,16.8
62790,Senlis,21780.0,20.3,22.8
62791,Séricourt,19364.0,21.4,18.7
62792,Serques,16468.0,28.9,25.6
62793,Servins,14868.0,27.6,24.9
62794,Setques,14268.0,30.6,32.9
62795,Sibiville,18914.0,24.8,23.0
62796,Simencourt,15968.0,29.2,31.2
62797,Siracourt,16001.0,28.3,28.3
62798,Sombrin,18239.0,26.1,23.5
62799,Sorrus,17722.0,30.1,35.7
62800,Souastre,20024.0,26.1,29.4
62801,Souchez,17129.0,28.7,24.1
62802,Le Souich,23593.0,17.5,16.9
62803,Surques,25784.0,17.8,18.9
62804,Sus-Saint-Léger,16915.0,28.1,30.2
62805,Tangry,22612.0,17.8,19.0
62806,Tardinghen,22491.0,19.9,17.0
62808,Teneur,19256.0,24.2,25.4
62809,Ternas,20602.0,23.8,25.2
62810,Thélus,17512.0,25.0,28.5
62811,Thérouanne,17275.0,27.1,24.7
62812,Thiembronne,18782.0,24.2,25.2
62813,La Thieuloye,13144.0,34.3,31.9
62814,Thièvres,21068.0,17.8,15.5
62815,Tigny-Noyelle,14446.0,29.2,25.4
62816,Tilloy-lès-Hermaville,19408.0,23.4,25.8
62817,Tilloy-lès-Mofflaines,17769.0,24.7,20.5
62818,Tilly-Capelle,15175.0,31.0,35.2
62819,Tilques,24436.0,19.8,20.7
62820,Tincques,23434.0,21.7,25.8
62821,Tingry,16561.0,28.0,23.4
62822,Tollent,17001.0,28.4,28.3
62823,Torcy,19708.0,24.0,20.0
62824,Tortefontaine,16556.0,26.4,28.9
62825,Tortequesne,12844.0,32.9,29.5
62826,Le Touquet-Paris-Plage,18063.0,25.6,29.9
62827,Tournehem-sur-la-Hem,13497.0,31.5,36.0
62828,Tramecourt,15050.0,30.3,35.5
62829,Le Transloy,13986.0,32.4,38.6
62830,Trescault,19824.0,27.6,24.1
62831,Troisvaux,19544.0,26.8,24.7
62832,Tubersent,20152.0,24.2,25.2
62833,Vacquerie-le-Boucq,16547.0,26.6,21.7
62834,Vacqueriette-Erquières,17109.0,29.9,26.3
62835,Valhuon,21439.0,22.3,20.6
62836,Vaudricourt,15349.0,28.7,30.5
62837,Vaudringhem,15151.0,30.7,28.1
62838,Vaulx,19661.0,23.3,25.9
62839,Vaulx-Vraucourt,15348.0,30.6,33.9
62840,Vélu,16843.0,27.4,23.1
62841,Vendin-lès-Béthune,19093.0,24.7,20.0
62842,Vendin-le-Vieil,19978.0,24.1,27.3
62843,Verchin,14374.0,28.7,24.4
62844,Verchocq,21459.0,21.9,21.4
62845,Verlincthun,17513.0,25.8,21.1
62846,Vermelles,16293.0,26.6,21.5
62847,Verquigneul,16623.0,26.9,31.8
62848,Verquin,21623.0,23.9,26.5
62849,Verton,18639.0,28.1,24.1
62850,Vieil-Hesdin,17311.0,28.1,23.7
62851,Vieille-Chapelle,19159.0,26.2,28.6
62852,Vieille-Église,11700.0,30.6,34.4
62853,Vieil-Moutier,21769.0,19.9,20.3
62854,Villers-au-Bois,13342.0,34.2,29.7
62855,Villers-au-Flos,20546.0,22.5,20.3
62856,Villers-Brûlin,20310.0,22.0,24.4
62857,Villers-Châtel,18055.0,27.3,32.2
62858,Villers-lès-Cagnicourt,20844.0,21.2,24.5
62859,Villers-l'Hôpital,22411.0,21.5,24.8
62860,Villers-Sir-Simon,14754.0,32.3,34.7
62861,Vimy,18825.0,26.2,28.2
62862,Vincly,17776.0,29.7,28.4
62863,Violaines,18164.0,25.3,20.8
62864,Vis-en-Artois,25896.0,17.1,16.9
62865,Vitry-en-Artois,17976.0,24.8,23.3
62866,Waben,12768.0,34.7,39.8
62867,Wacquinghen,15036.0,30.1,29.3
62868,Wail,14110.0,31.4,33.3
62869,Wailly,16630.0,26.2,23.1
62870,Wailly-Beaucamp,16026.0,27.5,32.2
62871,Wambercourt,15324.0,31.7,28.8
62872,Wamin,15004.0,32.0,35.2
62873,Wancourt,16973.0,25.2,25.7
62874,Wanquetin,14086.0,33.7,31.8
62875,Wardrecques,16895.0,32.4,33.0
62876,Warlencourt-Eaucourt,19912.0,22.2,24.2
62877,Warlincourt-lès-Pas,20468.0,21.6,22.1
62878,Warlus,16866.0,31.4,35.7
62879,Warluzel,15552.0,29.9,32.7
62880,Le Wast,16725.0,26.6,26.6
62881,Beauvoir-Wavans,26846.0,12.5,14.2
62882,Wavrans-sur-l'Aa,16357.0,23.8,25.4
62883,Wavrans-sur-Ternoise,16802.0,31.2,26.5
62885,Westrehem,16767.0,28.6,25.4
62886,Wicquinghem,20133.0,25.7,28.5
62887,Widehem,15246.0,26.7,31.0
62888,Wierre-au-Bois,16068.0,30.7,25.5
62889,Wierre-Effroy,14342.0,30.3,34.3
62890,Willeman,20257.0,26.8,27.9
62891,Willencourt,13539.0,34.7,33.8
62892,Willerval,17346.0,23.3,19.1
62893,Wimereux,17923.0,27.5,22.9
62894,Wimille,19864.0,20.7,23.9
62895,Wingles,21444.0,20.6,19.7
62896,Wirwignes,19606.0,23.3,27.3
62897,Wismes,23436.0,22.8,26.1
62898,Wisques,17710.0,29.5,24.0
62899,Wissant,13632.0,32.9,35.8
62900,Witternesse,25754.0,18.0,16.2
62901,Wittes,18625.0,26.8,22.3
62902,Wizernes,24988.0,18.4,19.7
62903,Zoteux,19230.0,28.4,28.2
62904,Zouafques,18670.0,24.5,26.9
62905,Zudausques,11700.0,36.5,41.7
62906,Zutkerque,16557.0,26.8,21.6
62907,Libercourt,17675.0,27.1,23.4
62908,La Capelle-lès-Boulogne,14821.0,28.5,31.5
62909,Ytres,18701.0,24.7,21.0
80001,Abbeville,23808.0,19.4,17.6
80002,Ablaincourt-Pressoir,19493.0,24.9,26.7
80003,Acheux-en-Amiénois,15759.0,27.0,24.5
80004,Acheux-en-Vimeu,17028.0,26.6,27.0
80005,Agenville,16542.0,29.0,32.6
80006,Agenvillers,21040.0,21.5,17.3
80008,Aigneville,14122.0,33.1,30.8
80009,Ailly-le-Haut-Clocher,16407.0,23.0,27.1
80010,Ailly-sur-Noye,20356.0,28.6,28.0
80011,Ailly-sur-Somme,19941.0,25.8,26.1
80013,Airaines,19104.0,23.4,20.9
80014,Aizecourt-le-Bas,14930.0,30.2,26.0
80015,Aizecourt-le-Haut,18422.0,24.7,25.7
80016,Albert,20444.0,21.5,19.4
80017,Allaines,17124.0,29.3,34.1
80018,Allenay,18461.0,25.9,27.2
80019,Allery,20277.0,27.1,31.6
80020,Allonville,16986.0,27.6,24.4
80021,Amiens,21002.0,23.4,25.2
80022,Andainville,21816.0,18.0,20.9
80023,Andechy,20307.0,23.1,23.6
80024,Argœuves,17333.0,29.5,25.9
80025,Argoules,19987.0,20.5,23.6
80026,Arguel,15620.0,31.1,34.3
80027,Armancourt,17047.0,27.8,26.8
80028,Arquèves,19055.0,23.7,25.3
80029,Arrest,19229.0,26.8,24.9
80030,Arry,20986.0,24.0,20.4
80031,Arvillers,17512.0,26.7,30.2
80032,Assainvillers,16205.0,26.4,25.4
80033,Assevillers,23493.0,18.3,21.1
80034,Athies,15019.0,31.4,34.6
80035,Aubercourt,16271.0,27.7,23.7
80036,Aubigny,16940.0,25.8,27.4
80037,Aubvillers,15847.0,27.0,24.7
80038,Auchonvillers,19342.0,24.3,20.6
80039,Ault,17757.0,27.3,22.7
80040,Aumâtre,25378.0,15.6,16.3
80041,Aumont,14270.0,34.8,36.3
80042,Autheux,20668.0,23.5,26.6
80043,Authie,16455.0,28.7,29.1
80044,Authieule,23131.0,19.6,17.4
80045,Authuille,11520.0,31.5,37.5
80046,Avelesges,21110.0,21.1,18.9
80047,Aveluy,15280.0,30.6,36.1
80048,Avesnes-Chaussoy,15432.0,30.5,31.5
80049,Ayencourt,16061.0,27.2,23.0
80050,Bacouel-sur-Selle,18562.0,24.0,23.4
80051,Bailleul,16429.0,27.4,21.9
80052,Baizieux,17637.0,25.6,22.1
80053,Balâtre,14911.0,30.5,32.6
80054,Barleux,17327.0,24.4,28.8
80055,Barly,15363.0,34.2,35.5
80056,Bavelincourt,18710.0,23.5,22.6
80057,Bayencourt,19047.0,30.6,29.5
80058,Bayonvillers,18518.0,26.2,29.0
80059,Bazentin,21723.0,20.5,21.0
80060,Béalcourt,24526.0,19.7,21.5
80061,Beaucamps-le-Jeune,20955.0,23.5,23.1
80062,Beaucamps-le-Vieux,17407.0,23.9,20.2
80063,Beauchamps,18325.0,26.1,29.5
80064,Beaucourt-en-Santerre,11520.0,28.8,25.1
80065,Beaucourt-sur-l'Ancre,19173.0,25.7,21.2
80066,Beaucourt-sur-l'Hallue,19361.0,23.7,20.5
80067,Beaufort-en-Santerre,17375.0,28.4,24.3
80068,Beaumetz,14220.0,28.7,27.3
80069,Beaumont-Hamel,20584.0,25.3,22.8
80070,Beauquesne,19397.0,25.9,27.8
80071,Beauval,23455.0,20.9,22.1
80073,Bécordel-Bécourt,19999.0,22.6,26.1
80074,Becquigny,19067.0,22.0,23.7
80076,Béhen,15827.0,28.8,31.4
80077,Béhencourt,20154.0,23.0,27.0
80078,Bellancourt,18619.0,23.9,21.2
80079,Belleuse,16836.0,31.0,35.1
80080,Belloy-en-Santerre,19068.0,25.4,27.8
80081,Belloy-Saint-Léonard,21722.0,17.3,18.0
80082,Belloy-sur-Somme,20939.0,22.9,23.0
80083,Bergicourt,19723.0,24.0,22.9
80084,Bermesnil,25200.0,14.4,16.6
80085,Bernâtre,16262.0,28.3,29.3
80086,Bernaville,18958.0,26.2,21.8
80087,Bernay-en-Ponthieu,21139.0,21.0,17.2
80088,Bernes,13982.0,29.8,27.6
80089,Berneuil,21547.0,21.9,25.4
80090,Berny-en-Santerre,23289.0,16.6,18.5
80092,Bertangles,21607.0,22.5,21.6
80093,Berteaucourt-les-Dames,15272.0,30.3,32.1
80094,Berteaucourt-lès-Thennes,24836.0,19.6,22.2
80095,Bertrancourt,19122.0,27.0,29.8
80096,Béthencourt-sur-Mer,17320.0,27.5,31.2
80097,Béthencourt-sur-Somme,15491.0,32.5,37.4
80098,Bettembos,19148.0,25.4,22.2
80099,Bettencourt-Rivière,13447.0,33.0,32.8
80100,Bettencourt-Saint-Ouen,19498.0,26.9,25.1
80101,Beuvraignes,19617.0,20.2,23.2
80102,Biaches,21364.0,22.5,19.7
80103,Biarre,20569.0,19.9,20.3
80104,Biencourt,17454.0,27.1,26.7
80105,Billancourt,13456.0,30.5,26.0
80106,Blangy-sous-Poix,12996.0,33.1,39.2
80107,Blangy-Tronville,24490.0,18.2,17.4
80108,Boisbergues,19018.0,30.6,31.9
80109,Le Boisle,21035.0,20.8,16.8
80110,Boismont,16118.0,31.3,27.8
80112,Bonnay,15469.0,28.2,31.1
80113,Bonneville,19945.0,27.4,23.7
80114,Bosquel,19353.0,23.9,21.7
80115,Bouchavesnes-Bergen,16258.0,32.1,36.3
80116,Bouchoir,14607.0,30.3,33.9
80117,Bouchon,17463.0,24.1,28.4
80118,Boufflers,16173.0,26.9,22.0
80119,Bougainville,12576.0,31.7,32.6
80120,Bouillancourt-en-Séry,15816.0,26.8,23.0
80121,Bouillancourt-la-Bataille,18960.0,26.3,23.2
80122,Bouquemaison,14758.0,31.7,34.9
80123,Bourdon,14716.0,28.8,30.7
80124,Bourseville,19614.0,23.8,27.8
80125,Boussicourt,17594.0,27.6,32.1
80126,Bouttencourt,20961.0,24.6,25.9
80127,Bouvaincourt-sur-Bresle,15692.0,30.3,28.1
80128,Bouvincourt-en-Vermandois,16745.0,29.8,25.2
80129,Bouzincourt,20934.0,19.6,20.5
80130,Bovelles,12757.0,33.5,30.5
80131,Boves,17215.0,25.3,22.5
80132,Braches,14256.0,27.7,25.4
80133,Brailly-Cornehotte,21145.0,22.8,24.3
80134,Brassy,18818.0,25.8,28.4
80135,Bray-lès-Mareuil,20280.0,23.3,22.5
80136,Bray-sur-Somme,12786.0,31.2,27.5
80137,Breilly,19551.0,23.4,27.1
80138,Bresle,21195.0,21.9,21.3
80139,Breuil,18656.0,24.3,23.5
80140,Brévillers,15845.0,28.6,29.0
80141,Brie,17755.0,27.1,26.4
80142,Briquemesnil-Floxicourt,15415.0,30.7,24.6
80143,Brocourt,18675.0,25.3,21.2
80144,Brouchy,11712.0,34.9,31.9
80145,Brucamps,18905.0,22.5,26.4
80146,Brutelles,17081.0,29.6,30.5
80147,Buigny-l'Abbé,17846.0,24.9,25.9
80148,Buigny-lès-Gamaches,21690.0,23.0,22.2
80149,Buigny-Saint-Maclou,17395.0,28.1,31.3
80150,Buire-Courcelles,22565.0,17.2,17.9
80151,Buire-sur-l'Ancre,15909.0,29.4,33.3
80152,Bus-la-Mésière,18257.0,25.4,25.2
80153,Bus-lès-Artois,17122.0,23.5,19.1
80154,Bussu,16534.0,29.5,33.9
80155,Bussus-lès-Yaucourt,18413.0,26.9,28.6
80156,Bussy-lès-Daours,19029.0,26.5,24.2
80157,Bussy-lès-Poix,16934.0,28.4,25.4
80158,Buverchy,19271.0,22.5,27.0
80159,Cachy,12913.0,33.4,29.2
80160,Cagny,20351.0,23.3,22.8
80161,Cahon,13329.0,30.0,34.2
80162,Caix,20633.0,23.6,23.5
80163,Cambron,14559.0,32.9,31.4
80164,Camon,21194.0,21.8,19.8
80165,Camps-en-Amiénois,18591.0,25.8,29.6
80166,Canaples,19491.0,24.9,22.9
80167,Canchy,18000.0,25.5,21.0
80168,Candas,11520.0,37.1,36.1
80169,Cannessières,18359.0,28.5,33.8
80170,Cantigny,15310.0,29.5,33.4
80171,Caours,19681.0,22.1,18.0
80172,Cappy,16791.0,25.1,29.9
80173,Cardonnette,16087.0,26.4,22.7
80174,Le Cardonnois,17737.0,27.2,30.9
80176,Carrépuis,18252.0,28.7,23.0
80177,Cartigny,12328.0,35.7,38.2
80179,Caulières,16117.0,27.7,30.8
80180,Cavillon,17266.0,26.0,27.8
80181,Cayeux-en-Santerre,16269.0,27.8,31.2
80182,Cayeux-sur-Mer,19486.0,22.4,18.6
80183,Cerisy-Buleux,15101.0,29.9,31.8
80184,Cerisy,17013.0,27.8,33.2
80185,Champien,21146.0,21.4,17.8
80186,Chaulnes,20763.0,22.5,23.5
80187,La Chaussée-Tirancourt,16494.0,27.7,26.1
80188,Chaussoy-Epagny,15709.0,30.0,27.5
80189,La Chavatte,13668.0,29.0,27.4
80190,Chépy,15544.0,30.6,25.8
80191,Chilly,20286.0,22.0,22.7
80192,Chipilly,15568.0,26.7,23.6
80193,Chirmont,17650.0,27.1,31.9
80194,Chuignes,13811.0,30.2,35.1
80195,Chuignolles,16657.0,27.8,23.6
80196,Citerne,19005.0,26.7,26.3
80197,Cizancourt,20453.0,23.1,22.2
80198,Clairy-Saulchoix,17455.0,27.2,29.9
80199,Cléry-sur-Somme,20125.0,23.2,26.5
80200,Cocquerel,22837.0,17.8,16.4
80201,Coigneux,14375.0,27.6,26.3
80202,Coisy,15822.0,32.1,26.7
80203,Colincamps,16305.0,26.5,23.8
80204,Combles,18152.0,24.8,26.9
80205,Condé-Folie,17205.0,28.7,26.2
80206,Contalmaison,19763.0,24.0,26.6
80207,Contay,11520.0,34.2,27.4
80208,Conteville,17983.0,23.5,26.6
80210,Contre,17792.0,30.7,29.2
80211,Conty,14697.0,26.4,28.1
80212,Corbie,15842.0,27.6,22.8
80213,Cottenchy,19133.0,25.1,22.0
80214,Coullemelle,18204.0,24.2,22.8
80215,Coulonvillers,13911.0,32.4,32.6
80216,Courcelette,16367.0,28.1,28.6
80217,Courcelles-au-Bois,16260.0,24.4,21.9
80218,Courcelles-sous-Moyencourt,22205.0,22.1,19.9
80219,Courcelles-sous-Thoix,11520.0,34.0,32.6
80220,Courtemanche,11903.0,36.8,41.2
80221,Cramont,17690.0,24.9,25.6
80222,Crécy-en-Ponthieu,17118.0,28.5,33.7
80223,Crémery,16548.0,28.9,26.4
80224,Cressy-Omencourt,18115.0,27.2,31.7
80225,Creuse,11520.0,31.9,32.3
80226,Croix-Moligneaux,14343.0,30.2,34.7
80227,Croixrault,23685.0,19.7,20.3
80228,Le Crotoy,17228.0,26.8,25.2
80229,Crouy-Saint-Pierre,18021.0,29.3,25.2
80230,Curchy,16680.0,30.8,32.1
80231,Curlu,17926.0,27.3,22.1
80232,Damery,20319.0,22.1,20.7
80233,Dancourt-Popincourt,15083.0,32.7,30.7
80234,Daours,19546.0,26.2,23.0
80235,Dargnies,18663.0,26.6,24.0
80236,Davenescourt,15087.0,34.5,27.7
80237,Démuin,17607.0,29.9,27.0
80238,Dernancourt,18058.0,29.0,30.4
80239,Devise,16261.0,28.3,22.9
80240,Doingt,24362.0,19.4,22.0
80241,Domart-en-Ponthieu,15692.0,32.9,38.3
80242,Domart-sur-la-Luce,17865.0,25.7,28.4
80243,Domesmont,18667.0,25.1,28.9
80244,Dominois,18908.0,26.2,21.4
80245,Domléger-Longvillers,17835.0,28.9,32.6
80246,Dommartin,19287.0,24.5,25.7
80247,Dompierre-Becquincourt,17989.0,25.8,29.7
80248,Dompierre-sur-Authie,17482.0,25.6,25.9
80249,Domqueur,17445.0,28.7,24.8
80250,Domvast,14402.0,30.1,31.7
80251,Doudelainville,19320.0,25.4,25.6
80252,Douilly,17128.0,27.6,32.8
80253,Doullens,23041.0,21.0,24.0
80256,Dreuil-lès-Amiens,18609.0,28.6,27.4
80258,Driencourt,20462.0,20.4,21.7
80259,Dromesnil,12213.0,33.7,31.4
80260,Drucat,15849.0,28.3,25.8
80261,Dury,16423.0,27.9,32.1
80262,Eaucourt-sur-Somme,14101.0,30.6,28.3
80263,L'Échelle-Saint-Aurin,18715.0,25.4,28.4
80264,Éclusier-Vaux,15253.0,27.9,33.3
80265,Embreville,19291.0,26.0,24.8
80266,Englebelmer,15794.0,28.1,24.3
80267,Ennemain,22341.0,25.4,20.3
80268,Épagne-Épagnette,17208.0,22.7,21.8
80269,Épaumesnil,17212.0,26.0,30.9
80270,Épécamps,19888.0,25.4,22.5
80271,Épehy,19353.0,24.6,19.7
80272,Épénancourt,14109.0,30.3,26.4
80273,Éplessier,14620.0,32.0,32.2
80274,Eppeville,18541.0,28.1,31.8
80275,Équancourt,20643.0,23.4,22.4
80276,Équennes-Éramecourt,14981.0,31.6,28.6
80278,Erches,17874.0,27.3,25.2
80279,Ercheu,17384.0,27.6,32.1
80280,Ercourt,17314.0,28.8,32.1
80281,Ergnies,20351.0,19.4,21.6
80282,Érondelle,18816.0,27.6,33.0
80283,Esclainvillers,18667.0,22.9,25.9
80284,Esmery-Hallon,16604.0,25.2,26.5
80285,Essertaux,18004.0,27.4,29.0
80287,Estrébœuf,17457.0,24.3,27.9
80288,Estrées-Deniécourt,18589.0,21.2,24.2
80290,Estrées-lès-Crécy,20284.0,26.9,23.6
80291,Estrées-sur-Noye,18976.0,24.7,26.1
80292,Étalon,17134.0,26.8,30.6
80293,Ételfay,20311.0,24.8,22.7
80294,Éterpigny,20919.0,23.9,20.9
80295,Étinehem-Méricourt,16519.0,29.1,29.0
80296,L'Étoile,17017.0,27.8,27.1
80297,Étréjust,15754.0,33.1,34.8
80298,Étricourt-Manancourt,12786.0,32.0,32.3
80299,La Faloise,15614.0,29.2,34.5
80300,Falvy,16847.0,28.5,24.3
80301,Famechon,17114.0,26.0,26.4
80302,Faverolles,19272.0,27.1,29.2
80303,Favières,17651.0,26.1,24.4
80304,Fay,18426.0,28.4,31.2
80305,Ferrières,18516.0,20.2,22.4
80306,Fescamps,15191.0,30.5,29.3
80307,Feuillères,14439.0,30.3,29.1
80308,Feuquières-en-Vimeu,18733.0,25.1,29.4
80310,Fienvillers,17636.0,23.6,25.3
80311,Fignières,15971.0,31.3,35.8
80312,Fins,16208.0,29.8,30.8
80313,Flaucourt,13390.0,31.5,29.8
80314,Flers,18241.0,27.1,26.8
80315,Flers-sur-Noye,23109.0,18.9,15.7
80316,Flesselles,16805.0,27.1,25.1
80317,Fleury,13146.0,29.7,25.2
80318,Flixecourt,21774.0,22.1,25.6
80319,Fluy,16825.0,22.6,21.8
80320,Folies,21954.0,18.5,18.8
80321,Folleville,17506.0,29.0,30.8
80322,Fonches-Fonchette,19978.0,22.9,19.3
80324,Fontaine-le-Sec,19785.0,26.8,30.4
80325,Fontaine-lès-Cappy,17566.0,26.2,31.3
80326,Fontaine-sous-Montdidier,21371.0,17.4,18.4
80327,Fontaine-sur-Maye,16217.0,34.0,38.8
80328,Fontaine-sur-Somme,15558.0,28.0,32.5
80329,Forceville,18118.0,26.5,22.2
80330,Forceville-en-Vimeu,13289.0,32.8,26.4
80331,Forest-l'Abbaye,16393.0,28.4,30.1
80332,Forest-Montiers,19279.0,26.5,24.4
80333,Fort-Mahon-Plage,15690.0,28.8,30.6
80334,Fossemanant,20198.0,23.3,26.9
80335,Foucaucourt-en-Santerre,11863.0,30.8,25.5
80336,Foucaucourt-Hors-Nesle,16079.0,31.3,33.3
80337,Fouencamps,22028.0,19.5,17.9
80338,Fouilloy,16015.0,30.6,28.7
80339,Fouquescourt,15119.0,28.1,28.2
80340,Fourcigny,16249.0,27.6,32.4
80341,Fourdrinoy,16029.0,32.4,38.0
80342,Framerville-Rainecourt,24270.0,19.7,18.1
80343,Framicourt,18851.0,28.4,29.4
80344,Francières,11520.0,35.4,37.7
80345,Franleu,18708.0,25.9,27.0
80346,Franqueville,20176.0,25.3,27.9
80347,Fransart,17555.0,28.6,27.3
80348,Fransu,21069.0,18.9,19.7
80349,Fransures,22419.0,23.4,26.5
80350,Franvillers,19795.0,21.6,20.8
80351,Fréchencourt,18493.0,24.3,26.2
80352,Frémontiers,19122.0,24.2,20.1
80353,Fresnes-Mazancourt,15353.0,27.4,28.4
80354,Fresnes-Tilloloy,18731.0,23.4,22.1
80355,Fresneville,11520.0,33.3,31.1
80356,Fresnoy-Andainville,16732.0,29.6,32.6
80357,Fresnoy-au-Val,21549.0,23.3,24.9
80358,Fresnoy-en-Chaussée,14790.0,27.7,29.2
80359,Fresnoy-lès-Roye,17612.0,27.1,28.2
80360,Fressenneville,19471.0,19.7,22.8
80361,Frettecuisse,18154.0,26.1,29.2
80362,Frettemeule,16385.0,25.4,20.4
80364,Friaucourt,18322.0,23.7,22.9
80365,Fricamps,23725.0,20.8,23.6
80366,Fricourt,22060.0,20.9,25.0
80367,Frise,20086.0,23.5,24.3
80368,Friville-Escarbotin,21253.0,17.8,18.9
80369,Frohen-sur-Authie,18367.0,28.2,24.0
80371,Froyelles,22538.0,20.7,16.8
80372,Frucourt,15000.0,29.9,24.1
80373,Gamaches,18678.0,26.4,29.9
80374,Gapennes,18341.0,29.2,23.7
80375,Gauville,19521.0,25.1,23.3
80376,Gentelles,20342.0,23.5,25.5
80377,Gézaincourt,16150.0,28.7,25.0
80378,Ginchy,19915.0,26.1,24.0
80379,Glisy,19833.0,25.3,24.9
80380,Gorenflos,18421.0,26.1,21.1
80381,Gorges,18921.0,25.8,21.3
80383,Goyencourt,16913.0,29.4,29.7
80384,Grandcourt,18154.0,23.7,19.7
80385,Grand-Laviers,16152.0,23.8,27.0
80386,Gratibus,19321.0,27.2,22.0
80387,Grattepanche,13440.0,30.7,28.7
80388,Grébault-Mesnil,13457.0,31.8,31.9
80390,Grivesnes,15344.0,31.3,28.1
80391,Grivillers,16343.0,23.8,21.1
80392,Grouches-Luchuel,23113.0,22.9,21.4
80393,Gruny,18484.0,28.0,23.1
80395,Guerbigny,13961.0,36.5,39.3
80396,Gueschart,14181.0,32.1,38.5
80397,Gueudecourt,19265.0,24.9,29.7
80399,Guignemicourt,15328.0,31.7,28.4
80400,Guillaucourt,16894.0,22.8,26.8
80401,Guillemont,17658.0,26.8,24.5
80402,Guizancourt,14995.0,27.7,26.7
80403,Guyencourt-sur-Noye,11520.0,35.5,28.7
80404,Guyencourt-Saulcourt,13959.0,28.8,29.1
80405,Hailles,14883.0,30.2,25.4
80406,Hallencourt,21091.0,20.9,17.3
80407,Hallivillers,16704.0,23.0,19.1
80408,Halloy-lès-Pernois,18126.0,25.1,23.0
80409,Hallu,17907.0,22.7,26.5
80410,Ham,19683.0,23.6,27.4
80411,Le Hamel,14360.0,27.8,32.1
80412,Hamelet,19989.0,25.1,24.7
80413,Hancourt,14157.0,28.6,31.9
80414,Hangard,21429.0,22.7,24.2
80415,Hangest-en-Santerre,21911.0,22.0,20.4
80416,Hangest-sur-Somme,18792.0,24.6,26.8
80417,Harbonnières,15013.0,30.9,32.1
80418,Hardecourt-aux-Bois,17250.0,26.2,26.0
80420,Harponville,16920.0,30.3,34.9
80421,Hattencourt,21038.0,20.1,20.7
80422,Hautvillers-Ouville,18142.0,28.6,31.5
80423,Havernas,21119.0,24.6,21.6
80424,Hébécourt,18116.0,24.0,19.5
80425,Hédauville,14864.0,31.0,28.2
80426,Heilly,13975.0,29.8,29.5
80427,Hem-Hardinval,19530.0,22.0,21.3
80428,Hem-Monacu,15205.0,28.7,32.0
80429,Hénencourt,20139.0,25.1,27.4
80430,Herbécourt,17666.0,25.9,23.8
80431,Hérissart,13480.0,31.0,30.2
80432,Herleville,19184.0,26.0,24.6
80433,Herly,11983.0,32.2,28.3
80434,Hervilly,13206.0,32.6,37.3
80435,Hesbécourt,18996.0,24.2,24.7
80436,Hescamps,14458.0,30.8,25.3
80437,Heucourt-Croquoison,16266.0,28.9,25.2
80438,Heudicourt,15341.0,32.2,28.8
80439,Heuzecourt,16786.0,29.8,32.5
80440,Hiermont,15046.0,30.2,28.2
80442,Hombleux,12028.0,36.4,43.2
80443,Hornoy-le-Bourg,18186.0,27.3,25.5
80444,Huchenneville,15512.0,25.6,24.5
80445,Humbercourt,18867.0,25.7,25.6
80446,Huppy,20852.0,25.9,23.0
80449,Ignaucourt,12548.0,33.3,30.7
80450,Inval-Boiron,18172.0,28.7,23.2
80451,Irles,22922.0,21.8,22.9
80452,Jumel,21347.0,22.1,22.6
80453,Laboissière-en-Santerre,16550.0,34.0,38.7
80455,Lachapelle,16342.0,27.9,30.7
80456,Lafresguimont-Saint-Martin,19683.0,21.3,25.4
80458,Lahoussoye,13172.0,33.2,39.3
80459,Laleu,21709.0,17.7,14.6
80460,Lamaronde,14709.0,29.2,26.0
80461,Lamotte-Brebière,19903.0,23.5,27.6
80462,Lamotte-Buleux,13605.0,31.0,36.7
80463,Lamotte-Warfusée,19383.0,20.1,19.5
80464,Lanchères,19470.0,24.8,21.9
80465,Languevoisin-Quiquery,15071.0,31.3,30.9
80466,Lanches-Saint-Hilaire,17246.0,27.2,29.9
80467,Laucourt,19623.0,20.1,20.8
80468,Laviéville,12195.0,34.1,27.3
80469,Lawarde-Mauger-l'Hortoy,15977.0,27.3,24.8
80470,Léalvillers,15611.0,29.5,33.7
80472,Lesbœufs,16557.0,29.1,29.7
80473,Liancourt-Fosse,16900.0,27.0,30.9
80474,Licourt,15064.0,30.7,30.6
80475,Liéramont,19611.0,23.9,21.6
80476,Liercourt,18476.0,24.8,25.1
80477,Ligescourt,20253.0,23.2,19.3
80478,Lignières,17146.0,27.6,23.6
80479,Lignières-Châtelain,13992.0,30.7,32.9
80480,Lignières-en-Vimeu,19258.0,23.9,26.9
80481,Lihons,19232.0,27.1,31.5
80482,Limeux,15993.0,26.2,22.1
80484,Liomer,16285.0,29.9,31.8
80485,Ô-de-Selle,20319.0,24.4,29.1
80486,Long,18119.0,25.3,26.7
80487,Longavesnes,15159.0,29.7,34.9
80488,Longpré-les-Corps-Saints,19292.0,25.1,24.0
80489,Longueau,18596.0,27.5,31.1
80490,Longueval,15997.0,29.5,29.6
80491,Longuevillette,19495.0,25.5,24.4
80493,Louvencourt,20336.0,20.5,18.9
80494,Louvrechy,12601.0,34.5,28.1
80495,Lucheux,18376.0,26.5,29.1
80496,Machiel,17707.0,27.3,23.0
80497,Machy,18869.0,23.7,28.1
80498,Mailly-Maillet,16373.0,24.6,21.9
80499,Mailly-Raineval,16251.0,29.3,28.5
80500,Maisnières,16299.0,24.4,20.0
80501,Maison-Ponthieu,17698.0,28.5,31.3
80502,Maison-Roland,20552.0,20.5,23.7
80503,Maizicourt,17767.0,27.7,29.5
80504,Malpart,15080.0,29.9,32.8
80505,Carnoy-Mametz,17373.0,29.6,31.5
80507,Marcelcave,18078.0,26.0,21.3
80508,Marché-Allouarde,22753.0,20.5,21.3
80509,Marchélepot-Misery,11520.0,34.8,38.1
80511,Marestmontiers,19887.0,22.3,24.4
80512,Mareuil-Caubert,16272.0,29.0,28.8
80513,Maricourt,15601.0,28.1,29.6
80514,Marieux,18997.0,22.1,23.7
80515,Marlers,18519.0,22.2,21.3
80516,Marquaix,16714.0,25.4,25.9
80517,Marquivillers,14498.0,30.4,33.9
80518,Martainneville,18177.0,22.7,24.6
80519,Matigny,22232.0,17.7,21.2
80520,Maucourt,17609.0,23.6,24.9
80521,Maurepas,15730.0,29.6,32.8
80522,Le Mazis,18897.0,25.0,28.3
80523,Méaulte,15816.0,30.9,26.8
80524,Méharicourt,17702.0,30.2,24.9
80525,Meigneux,15578.0,29.4,27.7
80526,Le Meillard,14172.0,27.3,30.2
80527,Méneslies,13388.0,33.2,29.6
80528,Méréaucourt,13204.0,31.8,27.3
80529,Mérélessart,21224.0,21.2,17.8
80530,Méricourt-l'Abbé,19433.0,26.7,24.5
80531,Méricourt-en-Vimeu,13036.0,35.0,41.6
80533,Mers-les-Bains,16833.0,28.3,31.9
80535,Le Mesge,21638.0,20.4,23.4
80536,Mesnil-Bruntel,17202.0,29.2,27.8
80537,Mesnil-Domqueur,15208.0,26.7,26.5
80538,Mesnil-en-Arrouaise,13953.0,30.3,24.9
80540,Mesnil-Martinsart,14721.0,31.5,35.8
80541,Mesnil-Saint-Georges,17248.0,26.7,21.5
80542,Mesnil-Saint-Nicaise,17690.0,25.1,27.1
80543,Métigny,16592.0,31.7,27.5
80544,Mézerolles,19656.0,23.8,23.1
80545,Mézières-en-Santerre,18919.0,22.7,22.7
80546,Miannay,15064.0,30.7,32.5
80547,Millencourt,17801.0,25.2,21.9
80548,Millencourt-en-Ponthieu,18753.0,24.7,20.6
80549,Miraumont,17021.0,28.8,25.7
80550,Mirvaux,22440.0,19.4,16.3
80552,Moislains,18142.0,23.7,23.7
80553,Molliens-au-Bois,13657.0,30.3,27.1
80554,Molliens-Dreuil,17903.0,24.7,25.2
80555,Monchy-Lagache,15040.0,29.5,31.5
80556,Mons-Boubert,14336.0,32.3,27.7
80557,Estrées-Mons,21407.0,18.2,15.3
80558,Monsures,15544.0,28.9,33.4
80559,Montagne-Fayel,16365.0,27.1,28.7
80560,Montauban-de-Picardie,18762.0,24.0,20.9
80561,Montdidier,19736.0,23.4,23.4
80562,Montigny-sur-l'Hallue,20860.0,24.3,24.3
80563,Montigny-les-Jongleurs,16318.0,27.8,27.7
80565,Montonvillers,17887.0,26.5,26.7
80566,Fieffes-Montrelet,21142.0,22.1,20.6
80568,Morchain,20033.0,25.1,27.3
80569,Morcourt,18868.0,25.1,28.4
80570,Moreuil,20306.0,25.2,25.6
80571,Morisel,20222.0,22.2,22.6
80572,Morlancourt,18775.0,24.9,27.0
80573,Morvillers-Saint-Saturnin,18497.0,28.8,31.3
80574,Mouflers,17841.0,28.3,33.7
80575,Mouflières,14026.0,32.7,38.4
80576,Moyencourt,18953.0,24.0,28.4
80577,Moyencourt-lès-Poix,15002.0,32.0,27.3
80578,Moyenneville,17062.0,26.1,22.1
80579,Muille-Villette,20280.0,26.7,31.4
80580,Nampont,15795.0,32.2,26.5
80582,Namps-Maisnil,11520.0,30.6,36.5
80583,Nampty,20110.0,24.6,25.7
80584,Naours,18588.0,29.6,33.9
80585,Nesle,17770.0,27.2,23.2
80586,Nesle-l'Hôpital,19421.0,23.5,18.9
80587,Neslette,16857.0,28.4,22.7
80588,Neufmoulin,19787.0,21.4,22.4
80589,Neuilly-le-Dien,14708.0,28.3,29.3
80590,Neuilly-l'Hôpital,17255.0,29.2,29.5
80591,Neuville-au-Bois,15788.0,27.8,33.1
80592,Neuville-Coppegueule,18703.0,24.8,20.0
80593,La Neuville-lès-Bray,16600.0,29.4,24.7
80595,La Neuville-Sire-Bernard,15611.0,27.1,29.8
80596,Neuvillette,15569.0,28.6,32.3
80597,Nibas,21065.0,19.5,21.6
80598,Nouvion,18168.0,26.8,32.1
80599,Noyelles-en-Chaussée,20810.0,22.2,25.2
80600,Noyelles-sur-Mer,18609.0,24.1,24.5
80601,Nurlu,17922.0,25.9,22.7
80602,Occoches,14788.0,32.1,33.5
80603,Ochancourt,12390.0,35.2,33.6
80604,Offignies,17036.0,28.6,26.8
80605,Offoy,19806.0,25.5,24.7
80606,Oisemont,12649.0,32.1,34.1
80607,Oissy,16802.0,28.2,25.1
80609,Oneux,17865.0,25.4,30.2
80611,Oresmaux,21978.0,18.7,21.3
80613,Oust-Marest,14786.0,28.2,32.2
80614,Outrebois,20895.0,21.3,22.3
80615,Ovillers-la-Boisselle,18017.0,24.0,19.6
80616,Pargny,15330.0,25.5,30.4
80617,Parvillers-le-Quesnoy,14592.0,29.0,33.7
80618,Pendé,18742.0,26.8,29.4
80619,Pernois,25270.0,17.9,20.7
80620,Péronne,16168.0,28.6,25.4
80621,Hypercourt,17848.0,25.6,22.7
80622,Picquigny,14960.0,27.4,31.9
80623,Piennes-Onvillers,11760.0,33.2,28.2
80624,Pierregot,14777.0,29.8,33.1
80625,Trois-Rivières,19902.0,26.0,29.7
80626,Pissy,20466.0,19.9,20.9
80627,Plachy-Buyon,13479.0,33.4,37.0
80628,Le Plessier-Rozainvillers,15797.0,27.4,23.6
80629,Pœuilly,22277.0,20.8,24.2
80630,Poix-de-Picardie,18882.0,27.6,27.8
80631,Ponches-Estruval,16750.0,24.5,26.5
80632,Pont-de-Metz,19137.0,25.2,29.5
80633,Ponthoile,19912.0,20.1,21.7
80634,Pont-Noyelles,14419.0,29.0,31.6
80635,Pont-Remy,15049.0,31.0,27.3
80637,Port-le-Grand,19306.0,25.3,26.8
80638,Potte,20547.0,25.0,21.8
80639,Poulainville,19856.0,24.7,27.6
80640,Pozières,14236.0,32.7,28.9
80642,Prouville,20426.0,26.6,25.4
80643,Prouzel,18535.0,26.1,28.9
80644,Proyart,13937.0,30.8,30.3
80645,Puchevillers,17595.0,25.2,29.3
80646,Punchy,23388.0,20.3,19.6
80647,Puzeaux,21953.0,20.3,24.2
80648,Pys,18410.0,25.9,30.6
80649,Quend,12688.0,34.8,41.5
80650,Querrieu,13406.0,30.3,24.4
80651,Le Quesne,17419.0,24.7,21.3
80652,Le Quesnel,13294.0,30.5,34.2
80654,Quesnoy-le-Montant,22851.0,21.2,21.6
80655,Quesnoy-sur-Airaines,18737.0,26.5,28.1
80656,Quevauvillers,17159.0,26.8,28.1
80657,Quiry-le-Sec,21373.0,21.8,25.5
80658,Quivières,14319.0,31.2,33.6
80659,Raincheval,17601.0,27.3,31.7
80661,Rainneville,15121.0,26.1,30.0
80662,Ramburelles,16822.0,27.5,25.6
80663,Rambures,20505.0,21.2,19.0
80664,Rancourt,15034.0,30.7,33.7
80665,Regnière-Écluse,15340.0,29.5,32.7
80666,Remaisnil,15926.0,28.3,32.2
80667,Remaugies,17244.0,25.4,22.7
80668,Remiencourt,16538.0,25.2,29.9
80669,Rethonvillers,19985.0,23.5,22.1
80670,Revelles,20374.0,18.9,22.4
80671,Ribeaucourt,13885.0,29.0,32.8
80672,Ribemont-sur-Ancre,24778.0,17.2,17.6
80673,Riencourt,11520.0,35.1,39.5
80674,Rivery,20757.0,23.5,21.7
80675,Rogy,15587.0,29.3,27.7
80676,Roiglise,24474.0,17.9,17.3
80677,Roisel,15500.0,30.6,33.5
80678,Rollot,16125.0,28.0,23.1
80679,Ronssoy,19516.0,26.4,27.0
80680,Rosières-en-Santerre,18924.0,25.3,27.8
80681,Rouvrel,12388.0,33.2,29.3
80682,Rouvroy-en-Santerre,19990.0,21.2,18.0
80683,Rouy-le-Grand,16755.0,28.0,23.4
80684,Rouy-le-Petit,15659.0,27.1,27.9
80685,Roye,17938.0,26.4,29.6
80686,Rubempré,19447.0,28.3,23.0
80687,Rubescourt,20209.0,25.2,25.6
80688,Rue,17431.0,24.8,21.3
80690,Rumigny,13538.0,33.9,38.7
80691,Saigneville,15603.0,28.0,23.3
80692,Sailly-Flibeaucourt,14818.0,28.3,30.6
80693,Sailly-Laurette,15103.0,31.9,37.3
80694,Sailly-le-Sec,14703.0,32.3,32.2
80695,Sailly-Saillisel,21883.0,22.6,19.3
80696,Sains-en-Amiénois,17008.0,25.8,28.6
80697,Saint-Acheul,21107.0,22.6,23.1
80698,Saint-Aubin-Montenoy,15679.0,28.8,23.2
80699,Saint-Aubin-Rivière,15579.0,30.1,24.7
80700,Saint-Blimont,13500.0,32.0,30.6
80701,Saint-Christ-Briost,17435.0,27.5,32.4
80702,Saint-Fuscien,18740.0,23.0,20.2
80703,Saint-Germain-sur-Bresle,14735.0,29.5,25.0
80704,Saint-Gratien,20474.0,22.9,22.1
80705,Saint-Léger-lès-Authie,18295.0,27.2,26.9
80706,Saint-Léger-lès-Domart,19741.0,25.4,20.3
80707,Saint-Léger-sur-Bresle,23768.0,17.4,14.0
80708,Saint-Mard,18454.0,27.1,31.2
80709,Saint-Maulvis,21353.0,20.3,18.0
80710,Saint-Maxent,18224.0,19.2,19.7
80711,Saint-Ouen,18556.0,25.6,25.8
80713,Saint-Quentin-en-Tourmont,13166.0,34.0,29.5
80714,Saint-Quentin-la-Motte-Croix-au-Bailly,15417.0,28.0,24.0
80716,Saint-Riquier,14981.0,30.1,32.9
80717,Saint-Sauflieu,18006.0,27.7,24.3
80718,Saint-Sauveur,15478.0,30.1,26.8
80719,Sainte-Segrée,13986.0,30.2,35.9
80721,Saint-Valery-sur-Somme,23353.0,18.8,17.5
80722,Saint-Vaast-en-Chaussée,19688.0,25.2,30.1
80723,Saisseval,18470.0,29.3,29.5
80724,Saleux,19625.0,23.7,22.3
80725,Salouël,19013.0,26.7,22.1
80726,Sancourt,16989.0,24.1,20.9
80728,Saulchoy-sous-Poix,17708.0,29.2,28.2
80729,Sauvillers-Mongival,11996.0,34.6,31.6
80730,Saveuse,16684.0,30.0,30.3
80732,Senarpont,16146.0,32.3,27.1
80733,Senlis-le-Sec,24025.0,20.3,17.3
80734,Sentelie,17032.0,29.2,28.2
80735,Seux,17863.0,25.1,21.4
80736,Sorel-en-Vimeu,17442.0,26.8,30.5
80737,Sorel,16864.0,27.0,21.8
80738,Soues,13938.0,29.9,26.7
80740,Sourdon,16652.0,27.6,30.4
80741,Soyécourt,16927.0,29.6,31.2
80742,Surcamps,14153.0,32.4,29.4
80743,Suzanne,17370.0,25.6,24.8
80744,Tailly,21675.0,22.6,19.2
80746,Talmas,14742.0,26.6,29.1
80747,Templeux-la-Fosse,17652.0,25.4,21.1
80748,Templeux-le-Guérard,17592.0,26.4,26.5
80749,Terramesnil,21465.0,24.1,20.2
80750,Tertry,13356.0,35.4,41.7
80751,Thennes,16809.0,26.8,21.8
80752,Thézy-Glimont,16892.0,28.6,31.5
80753,Thiepval,15217.0,28.8,33.1
80754,Thieulloy-l'Abbaye,19211.0,28.7,32.5
80755,Thieulloy-la-Ville,18041.0,25.6,26.3
80756,Thièvres,20179.0,21.9,25.5
80757,Thoix,20983.0,24.3,28.8
80758,Thory,18339.0,26.3,31.1
80759,Tilloloy,21051.0,21.0,22.3
80760,Tilloy-Floriville,18437.0,22.1,21.6
80762,Tincourt-Boucly,13838.0,33.2,35.3
80763,Le Titre,24179.0,15.9,19.1
80764,Tœufles,13818.0,32.8,26.6
80765,Tours-en-Vimeu,16875.0,27.2,25.1
80766,Toutencourt,13806.0,33.2,33.9
80767,Le Translay,11520.0,37.1,35.2
80769,Treux,12197.0,32.3,35.3
80770,Tully,18143.0,29.4,25.1
80771,Ugny-l'Équipée,16178.0,26.4,31.4
80773,Vadencourt,17556.0,26.8,28.9
80774,Vaire-sous-Corbie,21287.0,18.9,21.8
80775,Valines,20534.0,23.3,19.2
80776,Varennes,15771.0,26.8,30.9
80777,Vauchelles-lès-Authie,19807.0,28.0,25.9
80778,Vauchelles-lès-Domart,18748.0,27.3,24.6
80779,Vauchelles-les-Quesnoy,18626.0,26.3,28.9
80780,Vaudricourt,19297.0,28.9,27.6
80781,Vauvillers,20390.0,26.2,28.3
80782,Vaux-en-Amiénois,18512.0,28.3,23.1
80783,Vaux-Marquenneville,14662.0,33.1,30.7
80784,Vaux-sur-Somme,20224.0,24.6,28.8
80785,Vecquemont,13566.0,33.5,35.1
80786,Velennes,16678.0,28.1,29.5
80787,Vercourt,16733.0,29.3,25.9
80788,Vergies,13505.0,30.1,30.4
80789,Vermandovillers,17920.0,24.7,21.2
80790,Verpillières,19630.0,23.3,27.6
80791,Vers-sur-Selle,20226.0,22.5,18.4
80792,La Vicogne,18773.0,25.6,22.1
80793,Vignacourt,16011.0,28.3,27.0
80794,Villecourt,15838.0,26.7,31.4
80795,Ville-le-Marclet,19401.0,24.1,22.9
80796,Villeroy,15313.0,31.0,36.7
80797,Villers-aux-Érables,17642.0,25.0,25.1
80798,Villers-Bocage,15215.0,27.9,23.0
80799,Villers-Bretonneux,21765.0,25.1,21.6
80800,Villers-Campsart,16231.0,28.0,22.6
80801,Villers-Carbonnel,14303.0,25.7,22.4
80802,Villers-Faucon,15863.0,29.0,30.2
80803,Villers-lès-Roye,21482.0,22.8,23.2
80804,Villers-sous-Ailly,11520.0,33.5,34.9
80805,Villers-Tournelle,11520.0,33.0,32.9
80806,Villers-sur-Authie,21377.0,17.4,14.2
80807,Ville-sur-Ancre,14433.0,27.2,29.4
80808,Vironchaux,17061.0,25.6,27.6
80809,Vismes,17285.0,26.5,22.3
80810,Vitz-sur-Authie,13602.0,32.2,26.9
80811,Voyennes,17605.0,28.0,27.9
80812,Vraignes-en-Vermandois,17374.0,27.7,22.2
80813,Vraignes-lès-Hornoy,20471.0,20.6,18.5
80814,Vrély,21225.0,23.7,21.3
80815,Vron,20042.0,20.2,18.6
80819,Wargnies,20516.0,24.1,20.0
80820,Warloy-Baillon,20313.0,25.4,26.8
80821,Warlus,22576.0,21.3,21.6
80822,Warsy,16787.0,28.6,31.3
80823,Warvillers,16264.0,27.4,26.5
80824,Wiencourt-l'Équipée,14926.0,31.2,27.3
80825,Wiry-au-Mont,15463.0,30.0,26.7
80826,Woignarue,12462.0,30.8,25.4
80827,Woincourt,19139.0,24.3,28.9
80828,Woirel,16298.0,25.7,26.6
80829,Y,19948.0,23.0,27.6
80832,Yvrench,15281.0,33.3,32.4
80833,Yvrencheux,15832.0,28.7,27.5
80834,Yzengremer,19794.0,25.3,25.9
80835,Yzeux,17872.0,28.7,25.4
80836,Yonval,15671.0,25.8,27.9
22001,Allineuc,19030.0,22.0,21.3
22002,Andel,18629.0,25.9,24.2
22003,Aucaleuc,22214.0,18.8,16.7
22004,Bégard,24309.0,18.9,20.8
22005,Belle-Isle-en-Terre,15986.0,30.9,34.2
22006,Berhet,16381.0,31.4,32.8
22008,Bobital,25179.0,14.1,15.2
22009,Le Bodéo,19828.0,23.7,26.0
22011,Boqueho,15891.0,28.9,28.7
22012,La Bouillie,13134.0,32.7,26.8
22013,Bourbriac,18766.0,25.0,20.5
22014,Bourseul,22022.0,22.1,18.8
22015,Bréhand,19072.0,22.7,20.0
22016,Île-de-Bréhat,20917.0,25.3,24.7
22018,Brélidy,17533.0,25.9,26.3
22019,Bringolo,21146.0,21.8,18.2
22020,Broons,18359.0,24.4,26.7
22021,Brusvily,21000.0,23.9,20.8
22023,Bulat-Pestivien,20682.0,22.6,26.6
22024,Calanhel,20090.0,21.2,19.0
22025,Callac,21032.0,20.0,20.6
22026,Calorguen,22073.0,14.7,13.7
22028,Camlez,18328.0,26.8,30.7
22029,Canihuel,23783.0,21.0,17.1
22030,Caouënnec-Lanvézéac,21715.0,21.6,21.1
22031,Carnoët,21101.0,21.3,23.9
22032,Caulnes,23923.0,18.5,17.5
22033,Caurel,20399.0,22.7,23.6
22034,Cavan,22492.0,22.2,21.3
22035,Les Champs-Géraux,17839.0,25.6,29.6
22036,La Chapelle-Blanche,21061.0,23.1,20.9
22037,La Chapelle-Neuve,16947.0,31.4,31.6
22039,La Chèze,17770.0,26.7,30.7
22040,Coadout,21033.0,18.3,14.7
22041,Coatascorn,21493.0,20.1,19.3
22042,Coatréven,21904.0,23.9,28.0
22044,Coëtmieux,17986.0,26.5,22.4
22045,Cohiniac,18381.0,28.9,30.1
22046,Le Mené,21003.0,24.8,27.9
22047,Corlay,17495.0,31.1,27.7
22048,Corseul,21098.0,24.9,20.2
22049,Créhen,19217.0,23.7,19.7
22050,Dinan,25998.0,17.0,14.0
22052,Duault,18982.0,26.4,31.4
22053,Éréac,23065.0,16.2,14.8
22054,Erquy,21122.0,19.7,23.6
22055,Binic-Étables-sur-Mer,15630.0,29.4,25.7
22056,Évran,19535.0,23.2,23.0
22057,Le Faouët,18465.0,27.8,25.1
22059,Le Fœil,18760.0,24.5,20.4
22060,Gausson,16633.0,29.7,27.9
22061,Glomel,22462.0,21.6,23.5
22062,Gomené,23693.0,18.2,17.4
22063,Gommenec'h,16076.0,29.7,33.8
22064,Gouarec,18897.0,27.6,24.6
22065,Goudelin,19368.0,24.2,24.3
22067,Grâces,21224.0,21.1,25.2
22068,Grâce-Uzel,20503.0,25.7,28.7
22069,Guenroc,18445.0,28.7,27.5
22070,Guingamp,19026.0,25.5,22.3
22071,Guitté,18667.0,28.1,24.5
22072,Gurunhuel,21136.0,22.2,22.5
22073,La Harmoye,20424.0,21.4,17.4
22074,Le Haut-Corlay,23453.0,19.5,19.0
22075,Hémonstoir,21961.0,21.2,23.1
22076,Hénanbihen,16893.0,27.8,30.5
22077,Hénansal,22172.0,20.2,21.1
22079,Hénon,26149.0,14.0,11.9
22081,Hillion,22518.0,20.3,20.6
22082,Le Hinglé,14330.0,31.3,32.7
22083,Illifaut,21072.0,19.2,21.3
22084,Jugon-les-Lacs,23608.0,20.8,21.5
22085,Kerbors,20420.0,21.7,25.6
22086,Kerfot,20578.0,22.2,21.5
22087,Kergrist-Moëlou,12661.0,33.6,34.6
22088,Kerien,12600.0,29.9,29.4
22090,Kermaria-Sulard,22228.0,22.7,21.5
22091,Kermoroc'h,18866.0,23.3,20.8
22092,Kerpert,21566.0,22.1,18.6
22093,Lamballe-Armor,20620.0,22.6,18.8
22094,Lancieux,22589.0,24.1,22.9
22095,Landebaëron,16943.0,28.1,29.2
22096,Landébia,18326.0,26.8,32.1
22097,La Landec,15965.0,28.3,23.6
22098,Landéhen,28291.0,14.2,11.6
22099,Lanfains,16886.0,28.0,24.4
22101,Langoat,21529.0,18.6,20.5
22103,Langrolay-sur-Rance,22498.0,23.1,22.3
22104,Languédias,27094.0,13.5,12.7
22105,Languenan,20337.0,24.1,22.3
22106,Langueux,22170.0,18.6,16.1
22107,Bon Repos sur Blavet,19712.0,22.4,19.9
22108,Lanleff,14957.0,27.6,22.8
22109,Lanloup,22623.0,17.7,17.9
22110,Lanmérin,15498.0,32.7,33.2
22111,Lanmodez,20086.0,21.0,21.2
22112,Lannebert,14140.0,34.8,41.4
22113,Lannion,26686.0,16.0,16.3
22114,Lanrelas,27652.0,15.3,13.2
22115,Lanrivain,18302.0,22.6,22.0
22116,Lanrodec,23094.0,16.5,15.6
22117,Lantic,17373.0,25.8,23.5
22118,Lanvallay,18453.0,24.5,25.5
22119,Lanvellec,17939.0,26.8,28.2
22121,Lanvollon,19937.0,24.5,21.1
22122,Laurenan,18787.0,24.7,22.9
22124,Lescouët-Gouarec,20335.0,21.9,21.9
22126,Le Leslay,28366.0,11.3,12.3
22127,Lézardrieux,18826.0,26.8,26.9
22128,Locarn,18917.0,28.0,27.4
22129,Loc-Envel,19150.0,25.1,29.9
22131,Loguivy-Plougras,20271.0,21.2,23.3
22132,Lohuec,18497.0,27.4,30.7
22133,Loscouët-sur-Meu,20986.0,19.7,19.0
22134,Louannec,20661.0,24.8,21.8
22135,Louargat,25848.0,15.5,12.6
22136,Loudéac,21701.0,21.9,17.6
22137,Maël-Carhaix,19220.0,24.9,20.1
22138,Maël-Pestivien,20762.0,21.7,21.2
22139,Magoar,18379.0,22.2,19.5
22140,La Malhoure,18455.0,25.9,29.3
22141,Mantallot,21664.0,20.4,22.5
22143,Matignon,20667.0,24.6,25.1
22144,La Méaugon,18237.0,29.8,28.3
22145,Mégrit,24670.0,13.6,11.2
22146,Mellionnec,22026.0,21.8,18.9
22147,Merdrignac,24976.0,18.5,19.8
22148,Mérillac,20548.0,26.2,25.7
22149,Merléac,21891.0,19.7,16.5
22150,Le Merzer,17059.0,26.2,23.7
22152,Minihy-Tréguier,22347.0,20.7,23.0
22153,Moncontour,19840.0,24.1,20.6
22155,La Motte,19135.0,28.2,25.9
22156,Moustéru,20862.0,26.0,22.5
22157,Le Moustoir,20707.0,21.6,19.0
22158,Guerlédan,21920.0,21.0,17.9
22160,Noyal,24640.0,22.0,22.4
22161,Pabu,21226.0,20.9,17.0
22162,Paimpol,20288.0,26.4,25.0
22163,Paule,17020.0,24.2,26.6
22164,Pédernec,20184.0,25.0,20.8
22165,Penguily,22448.0,19.8,21.1
22166,Penvénan,20980.0,26.4,22.3
22168,Perros-Guirec,20667.0,23.6,27.0
22169,Peumerit-Quintin,22105.0,20.8,23.4
22170,Plaine-Haute,22230.0,23.1,23.8
22171,Plaintel,21886.0,22.7,19.9
22172,Plancoët,25343.0,16.6,13.9
22174,Pléboulle,12600.0,33.9,37.9
22175,Plédéliac,23179.0,20.8,21.8
22176,Plédran,21249.0,21.5,18.9
22177,Pléguien,16288.0,31.2,33.4
22178,Pléhédel,24210.0,17.5,15.1
22179,Fréhel,22420.0,19.9,17.1
22180,Plélan-le-Petit,14708.0,26.9,23.8
22181,Plélauff,24229.0,18.5,19.6
22182,Plélo,19692.0,30.7,26.1
22183,Plémet,28735.0,12.4,13.3
22184,Plémy,17703.0,26.5,30.4
22185,Plénée-Jugon,21865.0,23.5,24.4
22186,Pléneuf-Val-André,20967.0,20.4,23.1
22187,Plérin,20452.0,22.0,17.8
22188,Plerneuf,19502.0,25.1,20.4
22189,Plésidy,20178.0,24.4,25.0
22190,Pleslin-Trigavou,20184.0,23.3,23.2
22193,Plestan,16509.0,24.5,22.7
22194,Plestin-les-Grèves,21201.0,21.0,18.0
22195,Pleubian,19924.0,21.7,21.6
22196,Pleudaniel,17988.0,26.6,31.7
22197,Pleudihen-sur-Rance,24941.0,17.7,15.7
22198,Pleumeur-Bodou,19567.0,23.7,19.6
22199,Pleumeur-Gautier,21231.0,20.2,21.2
22201,Plévenon,22048.0,19.0,16.1
22202,Plévin,21850.0,19.8,19.9
22203,Plœuc-L'Hermitage,23991.0,16.4,18.3
22204,Ploëzal,18128.0,27.4,23.2
22205,Plorec-sur-Arguenon,23146.0,19.6,16.0
22206,Châtelaudren-Plouagat,21052.0,17.9,17.7
22207,Plouaret,23430.0,23.7,19.6
22208,Plouasne,19122.0,23.2,24.0
22209,Beaussais-sur-Mer,21108.0,21.4,18.4
22210,Ploubazlanec,23216.0,20.3,21.8
22211,Ploubezre,22744.0,21.2,20.7
22212,Plouëc-du-Trieux,19169.0,27.0,21.8
22213,Plouër-sur-Rance,20371.0,24.2,27.3
22214,Plouézec,20947.0,21.7,24.9
22215,Ploufragan,18491.0,22.4,25.5
22216,Plougonver,17761.0,29.6,29.8
22217,Plougras,21939.0,27.0,21.7
22218,Plougrescant,13039.0,33.7,37.4
22219,Plouguenast-Langast,18421.0,28.2,30.7
22220,Plouguernével,17013.0,25.6,21.4
22221,Plouguiel,16571.0,29.1,24.7
22222,Plouha,18211.0,25.5,22.8
22223,Plouisy,23904.0,20.6,16.6
22224,Ploulec'h,15995.0,26.7,28.7
22225,Ploumagoar,22178.0,17.7,18.3
22226,Ploumilliau,25781.0,19.5,21.5
22227,Plounérin,21254.0,21.9,24.2
22228,Plounévez-Moëdec,20873.0,22.1,25.8
22229,Plounévez-Quintin,22720.0,19.5,23.0
22231,Plourac'h,18630.0,23.8,21.3
22232,Plourhan,19937.0,22.4,21.8
22233,Plourivo,25105.0,16.0,16.0
22234,Plouvara,14539.0,30.8,34.2
22235,Plouzélambre,16998.0,27.5,27.5
22236,Pludual,19816.0,24.1,26.2
22237,Val-d'Arguenon,20163.0,24.2,19.6
22238,Plufur,21067.0,22.4,18.9
22239,Plumaudan,12600.0,35.0,38.3
22240,Plumaugat,18601.0,25.4,24.6
22241,Plumieux,15677.0,32.2,32.2
22242,Plurien,20415.0,21.3,24.7
22243,Plusquellec,12600.0,32.1,31.6
22244,Plussulien,20566.0,21.7,23.9
22245,Pluzunet,13994.0,32.8,30.9
22246,Pommeret,18711.0,21.8,23.9
22248,Pommerit-le-Vicomte,15884.0,26.7,25.5
22249,Pont-Melvez,20512.0,24.1,21.9
22250,Pontrieux,19334.0,25.5,23.9
22251,Pordic,19630.0,25.0,23.0
22254,Prat,20247.0,21.2,20.8
22255,La Prénessaye,21120.0,23.9,24.7
22256,Quemper-Guézennec,19934.0,25.3,27.9
22257,Quemperven,27883.0,15.8,15.2
22258,Quessoy,17804.0,27.6,23.7
22259,Quévert,17374.0,26.1,29.8
22260,Le Quillio,14821.0,28.4,32.1
22261,Quintenic,19842.0,20.9,17.4
22262,Quintin,22938.0,19.4,16.6
22263,Le Quiou,20736.0,20.8,22.7
22264,La Roche-Jaudy,19617.0,21.3,17.7
22265,Rospez,23920.0,21.5,22.3
22266,Rostrenen,22231.0,21.9,22.1
22267,Rouillac,20806.0,23.4,27.0
22268,Ruca,22870.0,19.9,17.8
22269,Runan,16043.0,28.2,24.0
22271,Saint-Adrien,22022.0,23.3,27.4
22272,Saint-Agathon,19907.0,25.3,21.5
22273,Saint-Alban,21659.0,22.1,22.9
22274,Saint-André-des-Eaux,16229.0,26.0,23.6
22275,Saint-Barnabé,21082.0,23.0,19.4
22276,Saint-Bihy,17445.0,22.4,24.3
22277,Saint-Brandan,21213.0,20.8,18.5
22278,Saint-Brieuc,19158.0,23.8,25.4
22279,Saint-Caradec,22706.0,21.2,20.7
22280,Saint-Carné,16998.0,29.2,29.8
22281,Saint-Carreuc,17013.0,26.5,25.4
22282,Saint-Cast-le-Guildo,20244.0,22.6,26.4
22283,Saint-Clet,15617.0,27.5,24.8
22284,Saint-Connan,18899.0,23.8,21.5
22285,Saint-Connec,14594.0,30.1,32.2
22286,Saint-Denoual,21825.0,23.0,25.1
22287,Saint-Donan,18318.0,23.3,26.2
22288,Saint-Étienne-du-Gué-de-l'Isle,20400.0,21.3,21.8
22289,Saint-Fiacre,20184.0,25.3,27.3
22291,Saint-Gildas,19128.0,23.0,25.3
22293,Saint-Gilles-les-Bois,21778.0,22.3,21.0
22294,Saint-Gilles-Pligeaux,20575.0,22.4,25.7
22295,Saint-Gilles-Vieux-Marché,18933.0,23.5,19.5
22296,Saint-Glen,22245.0,19.0,16.4
22299,Saint-Hélen,18017.0,25.1,23.1
22300,Saint-Hervé,20453.0,25.2,21.9
22302,Saint-Jacut-de-la-Mer,18184.0,25.9,25.4
22304,Saint-Jean-Kerdaniel,19821.0,21.6,19.2
22305,Saint-Jouan-de-l'Isle,18007.0,28.9,33.4
22306,Saint-Judoce,17262.0,26.4,29.8
22307,Saint-Julien,19747.0,25.6,26.9
22308,Saint-Juvat,16767.0,27.1,26.8
22310,Saint-Laurent,16553.0,27.4,29.3
22311,Saint-Lormel,18885.0,23.8,20.4
22312,Saint-Maden,24810.0,17.0,18.8
22313,Saint-Martin-des-Prés,19893.0,27.4,25.5
22314,Saint-Maudan,19695.0,25.4,30.4
22315,Saint-Maudez,12887.0,30.5,33.4
22316,Saint-Mayeux,20268.0,23.5,26.4
22317,Saint-Méloir-des-Bois,17630.0,28.3,26.4
22318,Saint-Michel-de-Plélan,18358.0,24.7,21.1
22319,Saint-Michel-en-Grève,17730.0,27.1,32.0
22320,Saint-Nicodème,20028.0,25.0,23.9
22321,Saint-Nicolas-du-Pélem,21393.0,18.2,18.7
22322,Saint-Péver,25583.0,15.6,13.7
22323,Saint-Pôtan,16130.0,34.7,36.0
22324,Saint-Quay-Perros,15158.0,29.0,33.0
22325,Saint-Quay-Portrieux,20169.0,21.7,22.0
22326,Saint-Rieul,18076.0,21.8,23.4
22327,Saint-Samson-sur-Rance,20861.0,24.5,23.6
22328,Saint-Servais,20892.0,19.8,18.0
22330,Saint-Thélo,16114.0,31.6,28.8
22331,Sainte-Tréphine,21127.0,24.1,28.1
22332,Saint-Trimoël,17549.0,26.5,24.4
22333,Saint-Vran,17302.0,28.9,29.1
22334,Saint-Igeaux,23161.0,18.6,20.5
22335,Senven-Léhart,21308.0,20.0,19.2
22337,Sévignac,23090.0,20.1,21.0
22338,Squiffiec,14364.0,32.2,31.7
22339,Taden,17299.0,25.9,28.2
22340,Tonquédec,21461.0,24.3,24.4
22341,Tramain,19158.0,26.5,24.7
22342,Trébédan,20715.0,21.9,17.7
22343,Trébeurden,21525.0,24.2,24.7
22344,Trébrivan,24558.0,16.9,15.7
22345,Trébry,19108.0,22.3,23.4
22346,Trédaniel,18125.0,26.0,25.5
22347,Trédarzec,14909.0,28.1,29.5
22348,Trédias,22228.0,25.5,27.0
22349,Trédrez-Locquémeau,18183.0,23.9,27.9
22350,Tréduder,19062.0,23.9,26.4
22351,Treffrin,15183.0,29.2,33.3
22352,Tréfumel,23811.0,18.8,18.6
22353,Trégastel,23247.0,20.2,20.0
22354,Tréglamus,21674.0,21.6,22.0
22356,Trégomeur,24933.0,14.2,15.7
22358,Trégonneau,20485.0,25.8,29.6
22359,Trégrom,18843.0,25.2,28.4
22360,Trégueux,18452.0,26.3,30.3
22361,Tréguidel,16688.0,26.9,27.2
22362,Tréguier,21132.0,20.7,20.3
22363,Trélévern,19702.0,22.0,18.5
22364,Trélivan,19473.0,21.6,17.9
22365,Trémargat,27421.0,20.3,17.0
22366,Trémel,19367.0,26.1,24.4
22368,Tréméreuc,20062.0,21.1,18.3
22369,Trémeur,17503.0,25.3,25.1
22370,Tréméven,15088.0,31.5,35.4
22371,Trémorel,17015.0,28.8,30.6
22372,Trémuson,22419.0,19.8,18.6
22373,Tréogan,18116.0,27.4,22.0
22375,Tressignaux,20926.0,20.8,17.0
22376,Trévé,18389.0,22.5,25.4
22377,Tréveneuc,20027.0,21.7,23.0
22378,Trévérec,16856.0,30.5,32.7
22379,Trévou-Tréguignec,20907.0,22.3,24.9
22380,Trévron,20180.0,22.9,21.6
22381,Trézény,15149.0,27.8,33.4
22383,Troguéry,22925.0,17.8,15.6
22384,Uzel,15680.0,25.4,29.3
22385,La Vicomté-sur-Rance,25794.0,20.7,17.4
22386,Le Vieux-Bourg,17107.0,27.4,25.7
22387,Le Vieux-Marché,12600.0,34.4,38.0
22388,Vildé-Guingalan,21773.0,22.9,24.2
22389,Yffiniac,23095.0,19.3,22.0
22390,Yvias,17348.0,24.7,29.6
22391,Yvignac-la-Tour,23554.0,21.7,21.9
29001,Argol,18434.0,27.1,22.5
29002,Arzano,18878.0,28.3,28.8
29003,Audierne,23355.0,20.5,22.7
29004,Bannalec,19193.0,26.4,28.7
29005,Baye,19364.0,23.3,24.3
29006,Bénodet,19264.0,22.7,24.4
29007,Berrien,21028.0,23.3,18.6
29008,Beuzec-Cap-Sizun,19715.0,25.3,26.9
29010,Bodilis,18979.0,28.5,32.0
29011,Bohars,18784.0,24.9,26.3
29012,Bolazec,26611.0,14.9,12.4
29013,Botmeur,19404.0,28.7,31.6
29014,Botsorhel,13856.0,29.9,29.6
29015,Bourg-Blanc,20892.0,23.7,28.3
29016,Brasparts,21568.0,21.0,23.5
29017,Brélès,18149.0,24.4,25.1
29018,Brennilis,24238.0,15.9,17.4
29019,Brest,26696.0,11.1,11.0
29020,Briec,15124.0,30.0,35.7
29021,Plounéour-Brignogan-plages,20096.0,18.8,17.8
29022,Camaret-sur-Mer,23334.0,21.2,17.0
29023,Carantec,18879.0,28.9,26.2
29024,Carhaix-Plouguer,28082.0,10.3,11.6
29025,Cast,22494.0,20.1,20.1
29026,Châteaulin,22070.0,21.0,20.1
29027,Châteauneuf-du-Faou,23930.0,19.7,16.0
29028,Cléden-Cap-Sizun,16247.0,27.6,29.4
29029,Cléden-Poher,18440.0,25.3,26.8
29030,Cléder,22356.0,24.0,24.8
29031,Clohars-Carnoët,21519.0,25.1,24.9
29032,Clohars-Fouesnant,21402.0,23.7,20.9
29033,Le Cloître-Pleyben,16586.0,27.3,28.1
29034,Le Cloître-Saint-Thégonnec,20566.0,24.4,25.9
29035,Coat-Méal,18812.0,28.9,31.2
29036,Collorec,19234.0,20.1,21.3
29037,Combrit,21657.0,20.2,22.1
29038,Commana,25847.0,14.6,15.0
29039,Concarneau,23717.0,18.5,16.0
29040,Le Conquet,20366.0,23.1,22.8
29041,Coray,23020.0,20.7,21.5
29042,Crozon,19223.0,22.4,18.7
29043,Daoulas,23085.0,23.7,25.5
29044,Dinéault,23483.0,21.6,24.9
29045,Dirinon,22088.0,21.4,23.4
29046,Douarnenez,21019.0,22.9,25.0
29047,Le Drennec,23230.0,18.6,16.9
29048,Edern,21176.0,21.6,25.6
29049,Elliant,24612.0,20.5,17.8
29051,Ergué-Gabéric,22721.0,19.5,23.0
29053,Le Faou,20359.0,23.6,25.7
29054,La Feuillée,16123.0,26.9,25.6
29055,Le Folgoët,21066.0,21.5,17.8
29056,La Forest-Landerneau,20018.0,22.2,18.5
29057,La Forêt-Fouesnant,16495.0,28.4,33.6
29058,Fouesnant,24025.0,15.5,15.1
29059,Garlan,17336.0,27.2,26.7
29060,Gouesnach,14779.0,29.3,26.4
29061,Gouesnou,20250.0,25.9,21.8
29062,Gouézec,19504.0,25.6,29.4
29063,Goulien,21048.0,21.3,22.1
29064,Goulven,20011.0,23.1,19.1
29065,Gourlizon,17326.0,28.0,30.5
29066,Guengat,20945.0,22.0,24.6
29067,Guerlesquin,22360.0,20.8,19.9
29068,Guiclan,22348.0,20.8,20.2
29069,Guilers,18567.0,23.4,24.1
29070,Guiler-sur-Goyen,18003.0,26.3,29.5
29071,Guilligomarc'h,17673.0,24.8,20.5
29072,Guilvinec,27662.0,14.6,16.3
29073,Guimaëc,20979.0,19.3,22.3
29074,Guimiliau,20850.0,23.5,24.3
29075,Guipavas,21009.0,23.9,27.6
29076,Milizac-Guipronvel,19421.0,23.5,21.9
29077,Guissény,14789.0,28.3,24.9
29078,Hanvec,15177.0,32.2,29.5
29079,Henvic,21954.0,20.8,18.6
29080,Hôpital-Camfrout,23358.0,20.8,18.1
29081,Huelgoat,14573.0,35.2,31.0
29082,Île-de-Batz,18224.0,27.3,28.7
29083,Île-de-Sein,19525.0,24.6,24.4
29084,Île-Molène,21339.0,21.2,21.9
29085,Île-Tudy,22976.0,22.9,24.3
29086,Irvillac,23583.0,19.8,21.1
29087,Le Juch,18274.0,24.2,25.2
29089,Kergloff,19935.0,22.7,21.9
29090,Kerlaz,18701.0,27.1,23.2
29091,Kerlouan,24515.0,14.4,14.9
29093,Kernilis,20210.0,20.4,18.9
29094,Kernouës,21048.0,22.8,21.3
29095,Kersaint-Plabennec,21029.0,20.4,16.5
29097,Lampaul-Guimiliau,22655.0,17.5,19.3
29098,Lampaul-Plouarzel,27277.0,10.5,11.6
29099,Lampaul-Ploudalmézeau,23714.0,20.2,19.9
29100,Lanarvily,19336.0,23.4,20.1
29101,Landéda,22819.0,17.9,16.2
29102,Landeleau,18842.0,21.7,20.8
29103,Landerneau,18994.0,24.6,23.2
29104,Landévennec,24427.0,18.8,20.9
29105,Landivisiau,21064.0,20.5,17.7
29106,Landrévarzec,21972.0,18.4,19.8
29107,Landudal,23779.0,15.7,12.8
29108,Landudec,14337.0,26.8,26.1
29109,Landunvez,21761.0,20.0,20.7
29110,Langolen,25010.0,17.4,18.8
29111,Lanhouarneau,22053.0,23.6,26.3
29112,Lanildut,16559.0,27.1,27.4
29113,Lanmeur,21091.0,18.8,21.6
29114,Lannéanou,19790.0,24.2,24.3
29115,Lannédern,15297.0,30.4,26.0
29116,Lanneuffret,20190.0,23.0,26.5
29117,Lannilis,23235.0,19.6,19.4
29119,Lanrivoaré,21359.0,22.3,23.3
29120,Lanvéoc,22480.0,18.3,16.8
29122,Laz,20335.0,21.3,18.4
29123,Lennon,21567.0,19.3,17.3
29124,Lesneven,18539.0,24.0,28.5
29125,Leuhan,17796.0,26.7,27.4
29126,Loc-Brévalaire,15854.0,29.2,24.9
29128,Loc-Eguiner,16440.0,28.9,23.3
29130,Locmaria-Plouzané,22044.0,20.1,22.6
29131,Locmélar,19016.0,25.6,21.3
29132,Locquénolé,18386.0,29.2,28.6
29133,Locquirec,20177.0,25.6,26.4
29134,Locronan,17065.0,28.7,29.9
29135,Loctudy,21149.0,21.8,24.6
29136,Locunolé,15704.0,30.7,27.3
29137,Logonna-Daoulas,26752.0,18.6,21.4
29139,Lopérec,19399.0,24.9,26.2
29140,Loperhet,24234.0,19.3,22.7
29141,Loqueffret,27559.0,13.7,11.2
29142,Lothey,15161.0,31.1,36.3
29143,Mahalon,17957.0,28.5,26.3
29144,La Martyre,20433.0,24.4,22.3
29145,Confort-Meilars,19620.0,26.5,31.0
29146,Melgven,24130.0,18.0,16.6
29147,Mellac,19271.0,23.6,23.0
29148,Mespaul,23669.0,21.4,20.9
29150,Moëlan-sur-Mer,19237.0,22.9,26.4
29151,Morlaix,21674.0,23.4,21.5
29152,Motreff,18937.0,26.1,30.3
29153,Névez,21377.0,21.5,25.0
29155,Ouessant,26469.0,14.9,15.7
29156,Pencran,27103.0,15.0,15.8
29158,Penmarch,19132.0,25.6,29.8
29159,Peumerit,19068.0,21.4,22.2
29160,Plabennec,19892.0,22.2,18.9
29161,Pleuven,20364.0,24.6,19.8
29162,Pleyben,19220.0,24.6,21.5
29163,Pleyber-Christ,19916.0,23.1,21.5
29165,Plobannalec-Lesconil,19218.0,25.0,22.1
29166,Ploéven,22923.0,21.4,19.3
29167,Plogastel-Saint-Germain,23290.0,20.7,22.3
29168,Plogoff,17314.0,23.8,22.8
29169,Plogonnec,18113.0,26.4,27.9
29170,Plomelin,23156.0,18.8,21.0
29171,Plomeur,16470.0,28.5,26.8
29172,Plomodiern,26219.0,16.0,18.1
29173,Plonéis,17296.0,24.2,21.4
29174,Plonéour-Lanvern,20957.0,20.6,17.2
29175,Plonévez-du-Faou,23087.0,18.6,19.7
29176,Plonévez-Porzay,23614.0,19.8,19.3
29177,Plouarzel,19292.0,25.6,29.9
29178,Ploudalmézeau,18632.0,26.9,23.6
29179,Ploudaniel,20215.0,26.5,27.9
29180,Ploudiry,20084.0,22.4,23.5
29181,Plouédern,15431.0,30.6,34.1
29182,Plouégat-Guérand,28165.0,14.2,15.2
29183,Plouégat-Moysan,24121.0,19.7,20.9
29184,Plouénan,22454.0,20.1,20.6
29185,Plouescat,19295.0,25.7,22.4
29186,Plouezoc'h,21777.0,21.9,19.0
29187,Plougar,17291.0,27.7,31.6
29188,Plougasnou,18690.0,27.1,32.4
29189,Plougastel-Daoulas,22503.0,23.4,26.8
29190,Plougonvelin,24177.0,19.2,21.6
29191,Plougonven,19503.0,26.2,24.1
29192,Plougoulm,19321.0,24.6,28.9
29193,Plougourvest,16985.0,29.2,27.0
29195,Plouguerneau,17918.0,26.0,23.3
29196,Plouguin,17937.0,30.0,28.8
29197,Plouhinec,20489.0,22.7,22.5
29198,Plouider,16505.0,29.1,26.7
29199,Plouigneau,25285.0,19.5,21.8
29201,Ploumoguer,24775.0,17.4,20.3
29202,Plounéour-Ménez,19195.0,25.5,21.0
29204,Plounéventer,26086.0,19.0,15.3
29205,Plounévézel,21036.0,21.9,17.7
29206,Plounévez-Lochrist,19532.0,24.3,27.0
29207,Plourin-lès-Morlaix,20961.0,23.1,20.0
29208,Plourin,13129.0,30.8,36.8
29209,Plouvien,21232.0,20.8,18.5
29210,Plouvorn,21683.0,23.7,23.5
29211,Plouyé,18670.0,21.3,22.5
29212,Plouzané,20968.0,20.9,20.7
29213,Plouzévédé,20906.0,24.2,24.5
29214,Plovan,18118.0,27.7,24.1
29215,Plozévet,20287.0,25.3,21.3
29216,Pluguffan,23581.0,17.0,16.1
29217,Pont-Aven,21024.0,22.5,26.0
29218,Pont-Croix,20766.0,24.6,26.6
29220,Pont-l'Abbé,18188.0,22.6,24.3
29221,Porspoder,18301.0,26.5,30.4
29222,Port-Launay,15507.0,28.9,30.8
29224,Pouldergat,24395.0,15.0,17.1
29225,Pouldreuzic,21450.0,20.6,19.1
29226,Poullan-sur-Mer,21839.0,21.3,19.6
29227,Poullaouen,22270.0,20.7,24.8
29228,Primelin,16751.0,28.4,22.8
29229,Quéménéven,19784.0,27.4,24.8
29230,Querrien,19368.0,23.8,23.3
29232,Quimper,23304.0,18.3,19.3
29233,Quimperlé,23465.0,18.6,20.9
29234,Rédené,20619.0,21.0,24.2
29235,Le Relecq-Kerhuon,22585.0,22.0,22.8
29236,Riec-sur-Bélon,25553.0,17.2,19.0
29237,La Roche-Maurice,18165.0,29.8,27.8
29238,Roscanvel,24398.0,19.7,17.2
29239,Roscoff,24107.0,16.8,15.6
29240,Rosnoën,24334.0,21.1,18.8
29241,Rosporden,20055.0,24.8,23.9
29243,Saint-Coulitz,20684.0,22.2,19.4
29244,Saint-Derrien,13848.0,31.0,25.3
29245,Saint-Divy,22908.0,23.2,23.4
29246,Saint-Eloy,20117.0,25.5,28.1
29247,Saint-Évarzec,20500.0,23.3,27.2
29248,Saint-Frégant,24013.0,14.4,13.6
29249,Saint-Goazec,17183.0,30.3,30.8
29250,Saint-Hernin,18661.0,26.6,28.0
29251,Saint-Jean-du-Doigt,18662.0,25.6,23.4
29252,Saint-Jean-Trolimon,19691.0,23.9,26.6
29254,Saint-Martin-des-Champs,21019.0,22.9,19.7
29255,Saint-Méen,19158.0,24.5,21.2
29256,Saint-Nic,20329.0,26.1,30.9
29257,Saint-Pabu,20901.0,23.7,19.5
29259,Saint-Pol-de-Léon,23862.0,21.3,24.7
29260,Saint-Renan,22216.0,24.0,24.1
29261,Saint-Rivoal,16260.0,24.8,23.6
29262,Saint-Sauveur,12900.0,33.1,37.0
29263,Saint-Ségal,17948.0,28.6,28.5
29264,Saint-Servais,24226.0,18.2,14.7
29265,Sainte-Sève,20242.0,21.7,20.0
29266,Saint-Thégonnec Loc-Eguiner,19925.0,23.0,26.9
29267,Saint-Thois,15422.0,28.8,25.1
29268,Saint-Thonan,16439.0,24.4,28.6
29269,Saint-Thurien,15638.0,28.7,26.4
29270,Saint-Urbain,19838.0,25.1,24.4
29271,Saint-Vougay,22956.0,18.2,17.0
29272,Saint-Yvi,21829.0,18.9,19.6
29273,Santec,22345.0,21.7,23.6
29274,Scaër,20903.0,18.9,19.4
29275,Scrignac,16133.0,29.7,27.1
29276,Sibiril,12900.0,30.8,29.1
29277,Sizun,22355.0,22.7,18.6
29278,Spézet,19093.0,28.3,33.2
29279,Taulé,21570.0,22.2,26.1
29280,Telgruc-sur-Mer,20795.0,26.0,23.4
29281,Tourch,17974.0,26.4,25.5
29282,Trébabu,22923.0,21.6,20.4
29284,Treffiagat,19777.0,29.1,29.0
29285,Tréflaouénan,22150.0,22.5,25.3
29286,Tréflévénez,13908.0,34.7,28.4
29287,Tréflez,19582.0,24.0,20.7
29288,Trégarantec,21754.0,21.8,20.6
29289,Trégarvan,21875.0,18.7,19.8
29290,Tréglonou,16947.0,29.8,26.7
29291,Trégourez,13658.0,29.2,31.0
29292,Tréguennec,24365.0,16.2,15.3
29293,Trégunc,23967.0,16.7,14.8
29294,Le Tréhou,20670.0,23.6,26.2
29295,Trémaouézan,24747.0,14.7,11.8
29296,Tréméoc,21289.0,21.8,18.9
29297,Tréméven,18599.0,28.6,34.0
29298,Tréogat,18457.0,23.6,24.9
29299,Tréouergat,17958.0,26.6,24.8
29300,Le Trévoux,19765.0,25.2,29.8
29301,Trézilidé,19076.0,28.3,33.1
29302,Pont-de-Buis-lès-Quimerch,24070.0,20.9,22.2
35001,Acigné,17630.0,25.9,23.1
35002,Amanlis,23803.0,17.8,15.0
35003,Andouillé-Neuville,16114.0,30.2,32.4
35004,Val-Couesnon,25637.0,18.0,14.7
35005,Arbrissel,18233.0,27.4,23.5
35006,Argentré-du-Plessis,16078.0,29.4,24.3
35007,Aubigné,22575.0,21.2,21.5
35008,Availles-sur-Seiche,24531.0,18.1,15.7
35009,Baguer-Morvan,24960.0,16.9,20.1
35010,Baguer-Pican,24244.0,19.1,17.2
35012,Bain-de-Bretagne,19049.0,26.9,24.2
35013,Bains-sur-Oust,19995.0,24.0,22.5
35014,Bais,25754.0,17.4,16.4
35015,Balazé,24728.0,16.6,17.3
35016,Baulon,24874.0,17.6,18.7
35017,La Baussaine,16962.0,29.8,25.3
35018,La Bazouge-du-Désert,22525.0,19.4,19.5
35019,Bazouges-la-Pérouse,26516.0,15.1,17.8
35021,Beaucé,17156.0,26.9,28.8
35022,Bécherel,22698.0,17.2,14.5
35023,Bédée,16412.0,31.9,31.4
35024,Betton,22460.0,18.3,21.7
35025,Billé,28867.0,11.6,11.0
35026,Bléruais,23667.0,14.9,15.1
35027,Boisgervilly,22461.0,21.9,22.5
35028,Boistrudan,21444.0,20.5,23.8
35029,Bonnemain,16874.0,25.7,24.4
35030,La Bosse-de-Bretagne,13680.0,31.5,25.6
35031,La Bouëxière,24546.0,17.9,17.2
35032,Bourgbarré,22949.0,20.7,22.8
35033,Bourg-des-Comptes,24007.0,18.1,17.9
35034,La Boussac,23613.0,19.3,15.6
35035,Bovel,23740.0,18.3,21.7
35037,Bréal-sous-Montfort,25982.0,13.9,14.9
35038,Bréal-sous-Vitré,19518.0,28.1,32.6
35039,Brécé,22963.0,17.2,20.2
35040,Breteil,27955.0,15.9,14.5
35041,Brie,23186.0,22.6,21.4
35042,Brielles,17558.0,25.9,22.8
35044,Broualan,19996.0,26.6,31.2
35045,Bruc-sur-Aff,21017.0,22.5,19.3
35046,Les Brulais,17574.0,25.4,28.7
35047,Bruz,26733.0,19.8,23.4
35049,Cancale,16244.0,29.1,31.1
35050,Cardroc,18773.0,29.0,31.4
35051,Cesson-Sévigné,25416.0,15.5,14.1
35052,Champeaux,24331.0,20.5,24.3
35054,Chanteloup,21502.0,23.2,25.8
35055,Chantepie,18595.0,25.6,26.3
35056,La Chapelle-aux-Filtzméens,16066.0,30.0,31.3
35057,La Chapelle-Bouëxic,24309.0,19.1,16.8
35058,La Chapelle-Chaussée,13680.0,29.4,35.2
35059,La Chapelle-des-Fougeretz,19343.0,22.4,19.3
35060,La Chapelle du Lou du Lac,24643.0,16.0,15.1
35061,La Chapelle-Erbrée,22328.0,22.6,18.5
35062,La Chapelle-Fleurigné,21875.0,24.2,24.2
35063,La Chapelle-Saint-Aubert,23843.0,19.4,18.6
35064,La Chapelle-de-Brain,23231.0,20.0,16.1
35065,La Chapelle-Thouarault,20221.0,21.8,20.6
35066,Chartres-de-Bretagne,20312.0,28.8,33.1
35067,Chasné-sur-Illet,21367.0,26.5,24.9
35068,Châteaubourg,21015.0,23.8,23.3
35069,Châteaugiron,22399.0,16.1,17.6
35070,Châteauneuf-d'Ille-et-Vilaine,22040.0,19.5,20.3
35071,Le Châtellier,22661.0,22.5,22.3
35072,Châtillon-en-Vendelais,22734.0,26.8,24.3
35075,Chauvigné,19307.0,25.6,24.7
35076,Chavagne,23601.0,18.3,20.9
35077,Chelun,22531.0,22.1,18.2
35078,Cherrueix,23374.0,18.6,21.6
35079,Chevaigné,22849.0,19.9,22.5
35080,Cintré,20117.0,25.3,26.2
35081,Clayes,17455.0,24.9,23.6
35082,Coësmes,18387.0,27.2,28.1
35084,Comblessac,24717.0,19.1,16.1
35085,Combourg,21753.0,21.6,24.9
35086,Combourtillé,28725.0,11.4,12.5
35087,Cornillé,19494.0,22.8,24.2
35088,Corps-Nuds,18852.0,27.2,23.2
35089,La Couyère,20422.0,21.7,19.0
35090,Crevin,23226.0,20.5,16.5
35091,Le Crouais,23318.0,18.8,16.5
35092,Cuguen,14129.0,27.1,32.1
35093,Dinard,23282.0,21.1,19.6
35094,Dingé,24117.0,17.7,19.9
35095,Dol-de-Bretagne,21982.0,21.2,17.1
35096,Domagné,27576.0,14.8,13.1
35097,Domalain,19588.0,23.0,26.3
35098,La Dominelais,20546.0,24.6,25.9
35099,Domloup,21675.0,20.2,21.3
35101,Dourdain,18556.0,24.8,22.2
35102,Drouges,26319.0,15.3,12.7
35103,Eancé,17664.0,24.7,20.8
35104,Epiniac,23686.0,17.5,15.8
35105,Erbrée,16427.0,26.6,26.9
35106,Ercé-en-Lamée,22598.0,22.0,23.6
35107,Ercé-près-Liffré,20610.0,21.4,23.1
35108,Essé,23782.0,16.1,19.2
35109,Étrelles,26635.0,15.6,16.9
35110,Feins,19528.0,23.0,26.5
35111,Le Ferré,29612.0,12.1,13.9
35114,Forges-la-Forêt,26745.0,16.6,19.6
35115,Fougères,25248.0,15.5,15.4
35116,La Fresnais,19578.0,24.7,24.3
35117,Gaël,22151.0,18.1,21.1
35118,Gahard,23397.0,18.6,20.3
35119,Gennes-sur-Seiche,21501.0,24.8,20.3
35120,Gévezé,23545.0,23.1,21.5
35121,Gosné,23492.0,23.3,25.8
35122,La Gouesnière,23819.0,20.1,18.1
35123,Goven,26566.0,16.1,18.8
35124,Grand-Fougeray,27169.0,11.9,11.9
35125,La Guerche-de-Bretagne,29238.0,10.9,9.4
35126,Guichen,20973.0,22.2,20.5
35127,Guignen,21777.0,21.3,18.5
35128,Guipel,16415.0,28.4,31.8
35130,Hédé-Bazouges,23388.0,18.1,17.6
35131,L'Hermitage,17400.0,25.3,23.1
35132,Hirel,23906.0,20.3,22.9
35133,Iffendic,22232.0,19.0,21.0
35134,Les Iffs,21078.0,22.7,24.8
35135,Irodouër,18296.0,22.9,27.0
35136,Janzé,20155.0,25.5,20.8
35137,Javené,19267.0,24.3,24.9
35138,Laignelet,25760.0,15.4,14.1
35139,Laillé,19758.0,22.1,21.6
35140,Lalleu,21145.0,20.1,19.9
35141,Landavran,16737.0,26.4,22.5
35142,Landéan,19274.0,23.3,19.7
35143,Landujan,22707.0,17.2,14.1
35144,Langan,23307.0,13.0,13.8
35145,Langon,25766.0,15.3,13.2
35146,Langouet,22446.0,21.4,25.4
35148,Lanrigan,22026.0,18.7,19.0
35149,Lassy,18753.0,24.6,24.6
35150,Lécousse,22328.0,22.3,22.3
35151,Lieuron,19615.0,25.4,28.6
35152,Liffré,18242.0,26.9,32.2
35153,Lillemer,17569.0,24.6,23.2
35154,Livré-sur-Changeon,20490.0,25.3,28.0
35155,Lohéac,19063.0,28.0,24.9
35156,Longaulnay,23538.0,18.7,17.8
35157,Le Loroux,22394.0,19.2,17.8
35159,Lourmais,19708.0,22.9,22.1
35160,Loutehel,14628.0,30.3,25.0
35161,Louvigné-de-Bais,19722.0,28.3,25.8
35162,Louvigné-du-Désert,17412.0,28.7,27.6
35163,Luitré-Dompierre,28127.0,11.5,9.2
35164,Marcillé-Raoul,17562.0,23.3,25.9
35165,Marcillé-Robert,20684.0,21.2,20.5
35166,Marpiré,20780.0,25.7,30.7
35167,Martigné-Ferchaud,26201.0,16.2,16.1
35168,Val d'Anast,22271.0,18.9,19.9
35169,Maxent,19131.0,26.0,25.6
35170,Mecé,17387.0,24.9,28.5
35171,Médréac,19088.0,23.5,26.0
35172,Meillac,15700.0,29.3,33.6
35173,Melesse,21084.0,24.9,26.2
35174,Mellé,24457.0,20.5,22.2
35175,Mernel,22220.0,22.9,27.1
35176,Guipry-Messac,24598.0,19.8,20.0
35177,La Mézière,29486.0,13.6,14.8
35178,Mézières-sur-Couesnon,22664.0,22.8,21.4
35179,Miniac-Morvan,22955.0,21.1,25.0
35180,Miniac-sous-Bécherel,24402.0,18.7,15.8
35181,Le Minihic-sur-Rance,15882.0,28.1,27.6
35183,Mondevert,17671.0,24.9,25.2
35184,Montauban-de-Bretagne,21285.0,23.9,25.2
35185,Montautour,22672.0,19.0,22.1
35186,Mont-Dol,23425.0,19.0,15.4
35187,Monterfil,20652.0,26.0,21.2
35188,Montfort-sur-Meu,22633.0,21.5,19.4
35189,Montgermont,20639.0,20.3,20.7
35190,Monthault,25132.0,14.2,13.8
35191,Les Portes du Coglais,24078.0,19.4,18.0
35192,Montreuil-des-Landes,21410.0,22.3,22.9
35193,Montreuil-le-Gast,20016.0,23.8,27.2
35194,Montreuil-sous-Pérouse,20260.0,23.7,21.6
35195,Montreuil-sur-Ille,22860.0,23.9,27.0
35196,Mordelles,19591.0,22.9,25.9
35197,Mouazé,19946.0,19.6,20.0
35198,Moulins,20394.0,21.2,21.7
35199,Moussé,23556.0,18.7,22.1
35200,Moutiers,16312.0,28.0,30.8
35201,Muel,21169.0,25.4,24.7
35202,La Noë-Blanche,19413.0,24.7,21.9
35203,La Nouaye,18277.0,22.8,26.4
35204,Nouvoitou,23749.0,22.5,22.0
35205,Noyal-sous-Bazouges,26346.0,13.0,13.5
35206,Noyal-Châtillon-sur-Seiche,20761.0,22.2,21.5
35207,Noyal-sur-Vilaine,22168.0,17.8,15.2
35208,Orgères,24692.0,17.8,15.2
35210,Pacé,23732.0,20.4,18.9
35211,Paimpont,17436.0,27.9,30.1
35212,Pancé,27176.0,13.4,13.3
35214,Parcé,23554.0,16.0,14.1
35215,Parigné,23741.0,17.1,15.9
35216,Parthenay-de-Bretagne,20743.0,23.4,19.7
35217,Le Pertre,17186.0,24.5,29.2
35218,Le Petit-Fougeray,16966.0,28.1,33.4
35219,Pipriac,22223.0,21.7,22.3
35220,Piré-Chancé,20226.0,25.9,24.7
35221,Pléchâtel,19684.0,23.9,19.7
35222,Pleine-Fougères,24886.0,17.7,14.9
35223,Plélan-le-Grand,18836.0,24.3,23.8
35224,Plerguer,21879.0,19.2,16.4
35225,Plesder,14867.0,26.9,28.4
35226,Pleugueneuc,22490.0,21.4,20.9
35227,Pleumeleuc,24831.0,15.5,14.2
35228,Pleurtuit,26428.0,14.5,11.7
35229,Pocé-les-Bois,21919.0,23.1,20.4
35230,Poilley,16382.0,29.2,30.6
35231,Poligné,29771.0,9.9,11.7
35232,Princé,23880.0,18.5,20.4
35233,Québriac,24921.0,17.2,18.5
35234,Quédillac,19810.0,25.3,28.3
35235,Rannée,33736.0,10.2,9.2
35236,Redon,21900.0,21.2,21.9
35237,Renac,22188.0,20.3,21.7
35238,Rennes,23275.0,17.6,17.9
35239,Retiers,22699.0,21.9,21.5
35240,Le Rheu,28635.0,13.5,11.6
35241,La Richardais,19846.0,24.8,20.4
35242,Rimou,21723.0,18.9,16.6
35243,Romagné,19652.0,21.2,21.9
35244,Romazy,17104.0,30.3,34.2
35245,Romillé,24786.0,15.2,12.6
35246,Roz-Landrieux,20651.0,24.5,26.6
35247,Roz-sur-Couesnon,20776.0,19.2,18.8
35248,Sains,24338.0,16.3,19.1
35249,Sainte-Anne-sur-Vilaine,19950.0,22.6,23.2
35250,Saint-Armel,22327.0,18.4,22.0
35251,Saint-Aubin-d'Aubigné,20781.0,22.1,25.5
35252,Saint-Aubin-des-Landes,24854.0,15.9,16.7
35253,Saint-Aubin-du-Cormier,23454.0,19.7,16.0
35255,Saint-Benoît-des-Ondes,25138.0,21.0,23.5
35256,Saint-Briac-sur-Mer,24051.0,21.6,23.0
35257,Maen Roch,21795.0,20.0,17.2
35258,Saint-Brieuc-des-Iffs,19375.0,23.2,23.8
35259,Saint-Broladre,24531.0,18.3,20.6
35260,Saint-Christophe-des-Bois,18102.0,23.3,24.0
35261,Saint-Christophe-de-Valains,23701.0,20.4,21.4
35262,Sainte-Colombe,26184.0,17.4,14.5
35263,Saint-Coulomb,20815.0,21.8,26.1
35264,Saint-Didier,17206.0,27.9,22.9
35265,Saint-Domineuc,19713.0,25.2,24.3
35266,Saint-Erblon,25706.0,19.8,16.9
35268,Saint-Ganton,21038.0,23.6,21.7
35270,Saint-Georges-de-Gréhaigne,25569.0,14.8,12.0
35271,Saint-Georges-de-Reintembault,23982.0,20.5,18.7
35272,Saint-Germain-du-Pinel,14493.0,31.3,31.7
35273,Saint-Germain-en-Coglès,21048.0,21.1,17.6
35274,Saint-Germain-sur-Ille,25164.0,15.7,13.9
35275,Saint-Gilles,19623.0,22.2,25.7
35276,Saint-Gondran,18948.0,27.6,22.8
35277,Saint-Gonlay,27482.0,15.6,13.2
35278,Saint-Grégoire,22708.0,19.1,22.1
35279,Saint-Guinoux,19258.0,21.2,24.0
35280,Saint-Hilaire-des-Landes,25992.0,15.2,12.3
35281,Saint-Jacques-de-la-Lande,26783.0,12.9,14.0
35282,Rives-du-Couesnon,21954.0,23.8,19.2
35283,Saint-Jean-sur-Vilaine,15626.0,28.1,25.7
35284,Saint-Jouan-des-Guérets,18082.0,25.9,31.0
35285,Saint-Just,23399.0,18.8,19.3
35286,Saint-Léger-des-Prés,19829.0,26.8,27.7
35287,Saint-Lunaire,21034.0,21.4,21.8
35288,Saint-Malo,25751.0,16.0,14.5
35289,Saint-Malo-de-Phily,22237.0,22.9,22.4
35290,Saint-Malon-sur-Mel,19949.0,28.3,22.8
35291,Saint-Marcan,23768.0,20.0,23.0
35292,Saint-Marc-le-Blanc,22549.0,19.9,16.8
35294,Sainte-Marie,21085.0,23.0,22.5
35295,Saint-Maugan,23191.0,20.1,23.7
35296,Saint-Médard-sur-Ille,23000.0,18.1,15.3
35297,Saint-Méen-le-Grand,22696.0,19.5,22.1
35299,Saint-Méloir-des-Ondes,20942.0,24.1,25.8
35300,Saint-M'Hervé,20060.0,26.8,26.6
35302,Saint-Onen-la-Chapelle,21159.0,25.3,30.0
35304,Saint-Ouen-des-Alleux,24758.0,17.2,19.8
35305,Saint-Péran,18887.0,25.2,22.5
35306,Saint-Père-Marc-en-Poulet,19923.0,18.3,15.2
35307,Saint-Pern,23152.0,21.6,23.7
35308,Mesnil-Roc'h,24561.0,15.9,16.2
35309,Saint-Rémy-du-Plain,23084.0,21.8,25.5
35310,Saint-Sauveur-des-Landes,17795.0,26.4,30.9
35311,Saint-Séglin,20642.0,23.3,22.1
35312,Saint-Senoux,23582.0,16.8,17.0
35314,Saint-Suliac,27401.0,15.4,15.5
35315,Saint-Sulpice-la-Forêt,15430.0,29.7,28.4
35316,Saint-Sulpice-des-Landes,24888.0,16.6,16.2
35317,Saint-Symphorien,23594.0,20.0,23.4
35318,Saint-Thual,19059.0,25.9,24.5
35319,Saint-Thurial,24710.0,17.4,20.3
35320,Saint-Uniac,20150.0,24.3,26.6
35321,Saulnières,21156.0,23.2,23.2
35322,Le Sel-de-Bretagne,20920.0,19.9,18.1
35324,La Selle-en-Luitré,18298.0,23.6,19.0
35325,La Selle-Guerchaise,22084.0,22.4,26.6
35326,Sens-de-Bretagne,24863.0,18.2,16.5
35327,Servon-sur-Vilaine,23965.0,17.4,19.9
35328,Sixt-sur-Aff,23159.0,20.0,22.6
35329,Sougeal,22618.0,17.7,17.1
35330,Taillis,19271.0,24.3,27.1
35331,Talensac,23335.0,18.6,19.7
35332,Teillay,18184.0,28.7,23.0
35333,Le Theil-de-Bretagne,20755.0,18.2,19.3
35334,Thorigné-Fouillard,22017.0,21.4,19.1
35335,Thourie,13680.0,29.8,29.5
35336,Le Tiercent,16743.0,29.6,32.5
35337,Tinténiac,26666.0,16.3,15.6
35338,Torcé,18306.0,28.2,24.2
35339,Trans-la-Forêt,19674.0,22.6,26.9
35340,Treffendel,24091.0,20.1,22.8
35342,Trémeheuc,20365.0,23.4,23.7
35343,Tresbœuf,21977.0,21.4,21.3
35345,Trévérien,25862.0,17.8,17.8
35346,Trimer,19810.0,24.2,26.8
35347,Val-d'Izé,21032.0,21.6,24.3
35350,Vergéal,25192.0,21.2,21.5
35351,Le Verger,21505.0,24.3,24.5
35352,Vern-sur-Seiche,23568.0,16.1,19.2
35353,Vezin-le-Coquet,21037.0,17.8,15.4
35354,Vieux-Viel,21778.0,23.7,21.0
35355,Vieux-Vy-sur-Couesnon,18757.0,26.7,25.9
35356,Vignoc,21271.0,20.4,17.9
35357,Villamée,19555.0,27.0,29.4
35358,La Ville-ès-Nonais,24137.0,15.9,14.4
35359,Visseiche,26918.0,16.9,16.1
35360,Vitré,27611.0,10.4,8.9
35361,Le Vivier-sur-Mer,19524.0,21.7,24.8
35362,Le Tronchet,20811.0,19.0,20.5
35363,Pont-Péan,29201.0,8.4,9.2
56001,Allaire,18560.0,26.7,25.1
56002,Ambon,19712.0,25.6,25.2
56003,Arradon,20509.0,25.0,23.3
56004,Arzal,20352.0,21.8,22.2
56005,Arzon,20026.0,25.1,24.5
56006,Augan,20612.0,24.1,26.1
56007,Auray,23719.0,15.3,16.8
56008,Baden,21345.0,23.1,27.6
56009,Bangor,12720.0,33.1,38.8
56010,Baud,20092.0,21.0,20.8
56011,Béganne,20843.0,21.3,22.0
56012,Beignon,20866.0,21.6,18.7
56013,Belz,19008.0,26.7,29.4
56014,Berné,22110.0,20.0,19.0
56015,Berric,17737.0,26.3,22.6
56017,Bignan,19017.0,25.8,26.2
56018,Billiers,18917.0,26.0,29.6
56019,Billio,19366.0,23.9,23.0
56020,Bohal,18802.0,25.1,22.3
56021,Brandérion,20944.0,18.1,19.9
56022,Brandivy,17367.0,27.7,33.1
56023,Brech,21202.0,23.7,25.4
56024,Bréhan,17296.0,27.0,25.9
56025,Brignac,21177.0,22.3,19.7
56026,Bubry,28076.0,14.8,17.1
56027,Buléon,17723.0,30.3,33.0
56028,Caden,20504.0,24.4,20.5
56029,Calan,21401.0,24.2,22.1
56030,Camoël,19523.0,22.6,20.3
56031,Camors,25125.0,21.3,22.2
56032,Campénéac,22812.0,22.3,20.1
56033,Carentoir,18332.0,26.6,24.5
56034,Carnac,18311.0,26.9,30.9
56035,Caro,20110.0,22.3,24.0
56036,Caudan,22827.0,22.7,23.0
56039,La Chapelle-Neuve,17331.0,26.4,22.7
56040,Cléguer,24564.0,20.3,24.3
56041,Cléguérec,24808.0,14.3,16.5
56042,Colpo,26121.0,17.1,16.0
56043,Concoret,16400.0,26.7,31.7
56044,Cournon,22629.0,19.7,22.0
56045,Le Cours,19283.0,23.8,26.2
56046,Crach,20560.0,23.6,20.4
56047,Crédin,17237.0,26.4,22.8
56048,Le Croisty,22478.0,19.5,18.5
56050,La Croix-Helléan,18733.0,24.6,23.4
56051,Cruguel,16925.0,25.4,25.8
56052,Damgan,23055.0,18.7,17.9
56053,Elven,25214.0,16.3,14.5
56054,Erdeven,23958.0,16.0,17.1
56055,Étel,22733.0,18.7,17.5
56056,Évriguet,17373.0,27.2,31.1
56057,Le Faouët,21065.0,22.3,22.6
56058,Férel,23453.0,19.3,23.0
56060,Les Fougerêts,19423.0,25.2,20.8
56061,La Gacilly,21015.0,18.9,15.8
56062,Gâvres,17996.0,28.0,25.6
56063,Gestel,22672.0,21.1,22.2
56065,Gourhel,19211.0,23.9,23.3
56066,Gourin,23260.0,17.2,16.5
56067,Grand-Champ,22637.0,22.4,18.3
56068,La Grée-Saint-Laurent,19813.0,27.3,31.2
56069,Groix,14658.0,29.0,24.9
56070,Guégon,20151.0,23.1,21.8
56071,Guéhenno,19426.0,25.9,22.8
56072,Gueltas,18812.0,24.0,27.8
56073,Guémené-sur-Scorff,16780.0,27.0,25.1
56074,Guénin,15411.0,28.1,27.1
56075,Guer,22468.0,19.4,21.2
56076,Guern,19438.0,24.7,27.6
56077,Le Guerno,22022.0,23.5,19.0
56078,Guidel,22969.0,19.9,22.0
56079,Guillac,22546.0,25.6,23.2
56080,Guilliers,20064.0,27.1,25.9
56081,Guiscriff,20499.0,23.1,22.9
56082,Helléan,17898.0,24.9,27.5
56083,Hennebont,23802.0,18.4,21.1
56084,Le Hézo,26260.0,16.3,19.2
56085,Hœdic,13940.0,32.4,37.3
56086,Île-d'Houat,21880.0,19.1,21.5
56087,Île-aux-Moines,18847.0,26.4,25.7
56088,Île-d'Arz,18549.0,26.8,22.7
56089,Inguiniel,20853.0,22.5,23.7
56090,Inzinzac-Lochrist,22823.0,21.2,22.5
56091,Josselin,23331.0,18.9,20.6
56092,Kerfourn,20937.0,18.3,18.4
56093,Kergrist,25239.0,18.0,20.4
56094,Kervignac,21981.0,20.0,23.8
56096,Landaul,16297.0,30.0,25.9
56097,Landévant,20397.0,26.1,27.4
56098,Lanester,19333.0,23.2,20.5
56099,Langoëlan,19420.0,21.2,19.7
56100,Langonnet,21436.0,24.7,26.7
56101,Languidic,18573.0,25.7,28.7
56102,Forges de Lanouée,23169.0,19.3,20.6
56103,Lantillac,18116.0,27.2,28.1
56104,Lanvaudan,14827.0,27.6,30.6
56105,Lanvénégen,19991.0,23.1,24.6
56106,Larmor-Baden,19183.0,28.4,23.6
56107,Larmor-Plage,21379.0,22.1,18.0
56108,Larré,17408.0,26.5,29.0
56109,Lauzach,18764.0,24.6,27.5
56110,Lignol,16586.0,30.1,25.8
56111,Limerzel,14815.0,28.0,33.1
56112,Lizio,12720.0,30.4,32.0
56113,Locmalo,24909.0,17.5,15.4
56114,Locmaria,20793.0,19.9,17.8
56115,Locmaria-Grand-Champ,19395.0,28.2,32.2
56116,Locmariaquer,19896.0,23.7,19.7
56117,Locminé,21158.0,24.3,25.0
56118,Locmiquélic,20425.0,23.3,24.0
56119,Locoal-Mendon,20701.0,24.1,21.4
56120,Locqueltas,19796.0,22.2,26.2
56121,Lorient,26177.0,16.2,13.5
56122,Loyat,17195.0,24.4,21.6
56123,Malansac,20838.0,23.9,21.3
56124,Malestroit,27591.0,13.0,14.1
56125,Malguénac,18488.0,25.1,23.6
56126,Marzan,21925.0,23.3,21.5
56127,Mauron,25339.0,17.2,16.1
56128,Melrand,25206.0,17.9,15.6
56129,Ménéac,17792.0,26.8,23.2
56130,Merlevenez,21442.0,20.6,20.2
56131,Meslan,21873.0,18.5,19.7
56132,Meucon,20247.0,23.7,27.2
56133,Missiriac,21791.0,21.6,18.7
56134,Mohon,20549.0,23.1,20.1
56135,Molac,20853.0,23.5,22.5
56136,Monteneuf,19004.0,25.0,22.0
56137,Monterblanc,19456.0,23.8,23.3
56139,Montertelot,19277.0,25.5,21.7
56140,Moréac,18572.0,23.9,24.5
56141,Moustoir-Ac,18536.0,24.8,20.7
56143,Muzillac,17360.0,28.1,23.9
56144,Évellys,17797.0,26.3,28.3
56145,Néant-sur-Yvel,24671.0,17.2,17.1
56146,Neulliac,17699.0,27.5,27.8
56147,Nivillac,15639.0,27.7,29.7
56148,Nostang,23883.0,19.7,17.4
56149,Noyal-Muzillac,19793.0,23.2,22.4
56151,Noyal-Pontivy,19949.0,19.9,20.2
56152,Le Palais,23140.0,22.5,18.9
56153,Péaule,19918.0,22.6,22.9
56154,Peillac,20441.0,27.4,28.5
56155,Pénestin,20410.0,25.3,20.6
56156,Persquen,18389.0,27.2,25.5
56157,Plaudren,14640.0,28.9,32.4
56158,Plescop,21590.0,22.8,21.0
56159,Pleucadeuc,21860.0,23.6,21.2
56160,Pleugriffet,15207.0,31.4,32.8
56161,Ploemel,23070.0,19.0,19.2
56162,Ploemeur,22382.0,20.0,21.8
56163,Ploërdut,18862.0,23.4,23.9
56164,Ploeren,23637.0,19.9,23.7
56165,Ploërmel,21925.0,20.6,24.5
56166,Plouay,18921.0,25.9,28.4
56167,Plougoumelen,21311.0,22.4,24.5
56168,Plouharnel,20689.0,26.9,28.8
56169,Plouhinec,22122.0,16.7,14.4
56170,Plouray,15245.0,27.9,27.7
56171,Pluherlin,17916.0,26.2,22.5
56172,Plumelec,21551.0,22.7,26.1
56173,Pluméliau-Bieuzy,17980.0,26.6,29.6
56174,Plumelin,21302.0,23.0,18.4
56175,Plumergat,23413.0,20.5,18.9
56176,Pluneret,18378.0,24.9,20.1
56177,Pluvigner,24406.0,17.4,19.4
56178,Pontivy,20733.0,25.3,22.1
56179,Pont-Scorff,20948.0,22.1,20.0
56180,Porcaro,19251.0,21.9,22.1
56181,Port-Louis,22047.0,21.9,19.9
56182,Priziac,19389.0,26.5,23.0
56184,Questembert,19858.0,21.1,24.2
56185,Quéven,21968.0,24.2,28.2
56186,Quiberon,23068.0,20.2,21.4
56188,Quistinic,17961.0,28.4,28.4
56189,Radenac,26337.0,16.2,15.5
56190,Réguiny,15163.0,33.8,39.3
56191,Réminiac,21504.0,20.7,21.7
56193,Riantec,20540.0,24.0,23.4
56194,Rieux,23100.0,20.2,20.2
56195,La Roche-Bernard,21203.0,24.7,22.3
56196,Rochefort-en-Terre,19483.0,28.9,30.8
56197,Val d'Oust,17211.0,27.5,30.0
56198,Rohan,19625.0,26.8,24.0
56199,Roudouallec,19638.0,21.5,20.5
56200,Ruffiac,21535.0,23.5,21.1
56201,Le Saint,18778.0,24.7,28.1
56202,Saint-Abraham,24910.0,21.1,18.5
56203,Saint-Aignan,19881.0,20.3,21.1
56204,Saint-Allouestre,21042.0,25.5,25.6
56205,Saint-Armel,21586.0,20.9,19.0
56206,Saint-Avé,21194.0,20.5,17.0
56207,Saint-Barthélemy,15396.0,32.4,26.8
56208,Saint-Brieuc-de-Mauron,18185.0,26.7,25.2
56209,Sainte-Brigitte,17490.0,28.5,28.9
56210,Saint-Caradec-Trégomel,24062.0,16.8,14.4
56211,Saint-Congard,15447.0,28.2,25.9
56212,Saint-Dolay,22068.0,20.8,18.9
56213,Saint-Gérand-Croixanvec,19028.0,22.5,19.4
56214,Saint-Gildas-de-Rhuys,26520.0,14.0,13.3
56215,Saint-Gonnery,15316.0,28.4,25.4
56216,Saint-Gorgon,19061.0,27.1,24.3
56218,Saint-Gravé,19301.0,25.8,23.0
56219,Saint-Guyomard,19476.0,25.1,21.9
56220,Sainte-Hélène,14619.0,31.1,32.5
56221,Saint-Jacut-les-Pins,18697.0,23.3,19.6
56222,Saint-Jean-Brévelay,18950.0,23.9,21.8
56223,Saint-Jean-la-Poterie,18316.0,23.6,19.2
56224,Saint-Laurent-sur-Oust,20481.0,23.5,23.6
56225,Saint-Léry,21315.0,20.0,18.7
56226,Saint-Malo-de-Beignon,23095.0,18.6,21.0
56227,Saint-Malo-des-Trois-Fontaines,24439.0,14.4,14.5
56228,Saint-Marcel,21988.0,21.1,21.4
56229,Saint-Martin-sur-Oust,22047.0,24.6,24.9
56230,Saint-Nicolas-du-Tertre,22015.0,17.2,19.1
56231,Saint-Nolff,19127.0,25.3,23.7
56232,Saint-Perreux,16776.0,27.5,31.7
56233,Saint-Philibert,21324.0,23.5,19.5
56234,Saint-Pierre-Quiberon,19906.0,29.6,28.9
56236,Saint-Servant,14482.0,32.0,27.0
56237,Saint-Thuriau,14978.0,31.1,25.4
56238,Saint-Tugdual,18418.0,25.5,24.3
56239,Saint-Vincent-sur-Oust,20678.0,25.0,21.6
56240,Sarzeau,21603.0,21.9,19.2
56241,Sauzon,20800.0,22.4,20.0
56242,Séglien,19003.0,26.7,22.1
56243,Séné,23123.0,19.8,16.4
56244,Sérent,22187.0,21.5,25.2
56245,Silfiac,18105.0,24.4,21.3
56246,Le Sourn,20641.0,21.0,20.5
56247,Sulniac,27645.0,13.5,14.4
56248,Surzur,22040.0,22.8,26.2
56249,Taupont,25343.0,13.7,12.3
56250,Théhillac,18033.0,22.7,18.7
56251,Theix-Noyalo,21460.0,18.1,19.3
56252,Le Tour-du-Parc,20127.0,25.6,27.5
56253,Tréal,19460.0,22.2,19.1
56254,Trédion,16163.0,28.1,31.6
56255,Treffléan,23352.0,21.6,24.6
56256,Tréhorenteuc,18693.0,29.7,28.2
56257,La Trinité-Porhoët,17489.0,24.8,26.9
56258,La Trinité-sur-Mer,19937.0,21.4,25.2
56259,La Trinité-Surzur,18991.0,25.5,29.4
56260,Vannes,29695.0,12.0,12.1
56261,La Vraie-Croix,17719.0,25.3,29.1
56262,Le Bono,24727.0,14.1,16.6
56263,Sainte-Anne-d'Auray,23301.0,20.6,17.4
56264,Kernascléden,24372.0,15.3,16.1
