CODGEO,NOM_COMMUNE,POPULATION,DEP,REG
75056,Paris,2103778,75,11
77001,Achères-la-Forêt,1191,77,11
77002,Amillis,830,77,11
77003,Amponville,349,77,11
77004,Andrezel,336,77,11
77005,Annet-sur-Marne,3408,77,11
77006,Arbonne-la-Forêt,1021,77,11
77007,Argentières,361,77,11
77008,Armentières-en-Brie,1176,77,11
77009,Arville,145,77,11
77010,Aubepierre-Ozouer-le-Repos,984,77,11
77011,Aufferville,482,77,11
77012,Augers-en-Brie,265,77,11
77013,Aulnoy,362,77,11
77014,Avon,13651,77,11
77015,Baby,113,77,11
77016,Bagneaux-sur-Loing,1570,77,11
77018,Bailly-Romainvilliers,6980,77,11
77019,Balloy,359,77,11
77020,Bannost-Villegagnon,667,77,11
77021,Barbey,153,77,11
77022,Barbizon,1261,77,11
77023,Barcy,387,77,11
77024,Bassevelle,374,77,11
77025,Bazoches-lès-Bray,878,77,11
77026,Beauchery-Saint-Martin,384,77,11
77027,Beaumont-du-Gâtinais,1129,77,11
77029,Beauvoir,185,77,11
77030,Bellot,777,77,11
77031,Bernay-Vilbert,1005,77,11
77032,Beton-Bazoches,890,77,11
77033,Bezalles,221,77,11
77034,Blandy,763,77,11
77035,Blennes,546,77,11
77036,Boisdon,131,77,11
77037,Bois-le-Roi,6072,77,11
77038,Boissettes,437,77,11
77039,Boissise-la-Bertrand,1206,77,11
77040,Boissise-le-Roi,3941,77,11
77041,Boissy-aux-Cailles,272,77,11
77042,Boissy-le-Châtel,3346,77,11
77043,Boitron,322,77,11
77044,Bombon,935,77,11
77045,Bougligny,738,77,11
77046,Boulancourt,350,77,11
77047,Bouleurs,1743,77,11
77048,Bourron-Marlotte,2774,77,11
77049,Boutigny,874,77,11
77050,Bransles,526,77,11
77051,Bray-sur-Seine,2344,77,11
77052,Bréau,384,77,11
77053,Brie-Comte-Robert,19003,77,11
77054,La Brosse-Montceaux,776,77,11
77055,Brou-sur-Chantereine,5196,77,11
77056,Burcy,150,77,11
77057,Bussières,600,77,11
77058,Bussy-Saint-Georges,27498,77,11
77059,Bussy-Saint-Martin,738,77,11
77060,Buthiers,792,77,11
77061,Cannes-Écluse,2742,77,11
77062,Carnetin,461,77,11
77063,La Celle-sur-Morin,1235,77,11
77065,Cély,1259,77,11
77066,Cerneux,272,77,11
77067,Cesson,11222,77,11
77068,Cessoy-en-Montois,213,77,11
77069,Chailly-en-Bière,2162,77,11
77070,Chailly-en-Brie,1576,77,11
77071,Chaintreaux,821,77,11
77072,Chalautre-la-Grande,644,77,11
77073,Chalautre-la-Petite,541,77,11
77075,Chalifert,1584,77,11
77076,Chalmaison,749,77,11
77077,Chambry,1064,77,11
77078,Chamigny,1480,77,11
77079,Champagne-sur-Seine,6497,77,11
77080,Champcenest,205,77,11
77081,Champdeuil,739,77,11
77082,Champeaux,810,77,11
77083,Champs-sur-Marne,27451,77,11
77084,Changis-sur-Marne,1335,77,11
77085,Chanteloup-en-Brie,4130,77,11
77086,La Chapelle-Gauthier,1400,77,11
77087,La Chapelle-Iger,191,77,11
77088,La Chapelle-la-Reine,2170,77,11
77089,La Chapelle-Rablais,913,77,11
77090,La Chapelle-Saint-Sulpice,239,77,11
77091,Les Chapelles-Bourbon,459,77,11
77093,La Chapelle-Moutils,400,77,11
77094,Charmentray,291,77,11
77095,Charny,1585,77,11
77096,Chartrettes,2633,77,11
77097,Chartronges,304,77,11
77098,Châteaubleau,363,77,11
77099,Château-Landon,3149,77,11
77100,Le Châtelet-en-Brie,4207,77,11
77101,Châtenay-sur-Seine,1049,77,11
77102,Châtenoy,155,77,11
77103,Châtillon-la-Borde,226,77,11
77104,Châtres,714,77,11
77106,Chauffry,994,77,11
77107,Chaumes-en-Brie,3503,77,11
77108,Chelles,54620,77,11
77109,Chenoise-Cucharmoy,1607,77,11
77110,Chenou,291,77,11
77111,Chessy,7771,77,11
77112,Chevrainvilliers,255,77,11
77113,Chevru,1012,77,11
77114,Chevry-Cossigny,4075,77,11
77115,Chevry-en-Sereine,498,77,11
77116,Choisy-en-Brie,1354,77,11
77117,Citry,922,77,11
77118,Claye-Souilly,13353,77,11
77119,Clos-Fontaine,244,77,11
77120,Cocherel,618,77,11
77121,Collégien,3354,77,11
77122,Combs-la-Ville,23350,77,11
77123,Compans,754,77,11
77124,Conches-sur-Gondoire,1761,77,11
77125,Condé-Sainte-Libiaire,1500,77,11
77126,Congis-sur-Thérouanne,1772,77,11
77127,Coubert,2005,77,11
77128,Couilly-Pont-aux-Dames,2064,77,11
77129,Coulombs-en-Valois,576,77,11
77130,Coulommes,542,77,11
77131,Coulommiers,16374,77,11
77132,Coupvray,3066,77,11
77133,Courcelles-en-Bassée,223,77,11
77134,Courchamp,151,77,11
77135,Courpalay,1610,77,11
77136,Courquetaine,184,77,11
77137,Courtacon,245,77,11
77138,Courtomer,591,77,11
77139,Courtry,7330,77,11
77140,Coutençon,260,77,11
77141,Coutevroult,1187,77,11
77142,Crécy-la-Chapelle,4973,77,11
77143,Crégy-lès-Meaux,5446,77,11
77144,Crèvecœur-en-Brie,437,77,11
77145,Crisenoy,611,77,11
77146,Croissy-Beaubourg,2018,77,11
77147,La Croix-en-Brie,681,77,11
77148,Crouy-sur-Ourcq,1811,77,11
77150,Cuisy,476,77,11
77151,Dagny,305,77,11
77152,Dammarie-les-Lys,23559,77,11
77153,Dammartin-en-Goële,11907,77,11
77154,Dammartin-sur-Tigeaux,1280,77,11
77155,Dampmart,3677,77,11
77156,Darvault,987,77,11
77157,Dhuisy,334,77,11
77158,Diant,194,77,11
77159,Donnemarie-Dontilly,2706,77,11
77161,Dormelles,816,77,11
77162,Doue,1122,77,11
77163,Douy-la-Ramée,395,77,11
77164,Échouboulains,555,77,11
77165,Les Écrennes,628,77,11
77167,Égligny,310,77,11
77168,Égreville,2186,77,11
77169,Émerainville,7690,77,11
77171,Esbly,6072,77,11
77172,Esmans,934,77,11
77173,Étrépilly,805,77,11
77174,Everly,566,77,11
77175,Évry-Grégy-sur-Yerre,3321,77,11
77176,Faremoutiers,3057,77,11
77177,Favières,1316,77,11
77178,Faÿ-lès-Nemours,524,77,11
77179,Féricy,625,77,11
77180,Férolles-Attilly,1248,77,11
77181,Ferrières-en-Brie,3932,77,11
77182,La Ferté-Gaucher,4743,77,11
77183,La Ferté-sous-Jouarre,10254,77,11
77184,Flagy,584,77,11
77185,Fleury-en-Bière,652,77,11
77186,Fontainebleau,15583,77,11
77187,Fontaine-Fourches,576,77,11
77188,Fontaine-le-Port,1025,77,11
77190,Fontains,256,77,11
77191,Fontenailles,1109,77,11
77192,Fontenay-Trésigny,5994,77,11
77193,Forfry,238,77,11
77194,Forges,443,77,11
77195,Fouju,655,77,11
77196,Fresnes-sur-Marne,948,77,11
77197,Frétoy,173,77,11
77198,Fromont,230,77,11
77199,Fublaines,1370,77,11
77200,Garentreville,123,77,11
77201,Gastins,741,77,11
77202,La Genevraye,840,77,11
77203,Germigny-l'Évêque,1352,77,11
77204,Germigny-sous-Coulombs,201,77,11
77205,Gesvres-le-Chapitre,145,77,11
77206,Giremoutiers,188,77,11
77207,Gironville,166,77,11
77208,Gouaix,1299,77,11
77209,Gouvernes,1177,77,11
77210,La Grande-Paroisse,2893,77,11
77211,Grandpuits-Bailly-Carrois,1009,77,11
77212,Gravon,156,77,11
77214,Gressy,807,77,11
77215,Gretz-Armainvilliers,8825,77,11
77216,Grez-sur-Loing,1432,77,11
77217,Grisy-Suisnes,2948,77,11
77218,Grisy-sur-Seine,123,77,11
77219,Guérard,2688,77,11
77220,Guercheville,268,77,11
77221,Guermantes,1153,77,11
77222,Guignes,4448,77,11
77223,Gurcy-le-Châtel,559,77,11
77224,Hautefeuille,253,77,11
77225,La Haute-Maison,352,77,11
77226,Héricy,2507,77,11
77227,Hermé,647,77,11
77228,Hondevilliers,256,77,11
77229,La Houssaye-en-Brie,1731,77,11
77230,Ichy,157,77,11
77231,Isles-les-Meldeuses,760,77,11
77232,Isles-lès-Villenoy,1129,77,11
77233,Iverny,618,77,11
77234,Jablines,647,77,11
77235,Jaignes,322,77,11
77236,Jaulnes,344,77,11
77237,Jossigny,650,77,11
77238,Jouarre,4221,77,11
77239,Jouy-le-Châtel,1630,77,11
77240,Jouy-sur-Morin,2230,77,11
77241,Juilly,2036,77,11
77242,Jutigny,547,77,11
77243,Lagny-sur-Marne,21461,77,11
77244,Larchant,730,77,11
77245,Laval-en-Brie,412,77,11
77246,Léchelle,572,77,11
77247,Lescherolles,464,77,11
77248,Lesches,763,77,11
77249,Lésigny,6923,77,11
77250,Leudon-en-Brie,168,77,11
77251,Lieusaint,14017,77,11
77252,Limoges-Fourches,625,77,11
77253,Lissy,352,77,11
77254,Liverdy-en-Brie,1410,77,11
77255,Livry-sur-Seine,2226,77,11
77256,Lizines,174,77,11
77257,Lizy-sur-Ourcq,3627,77,11
77258,Lognes,15074,77,11
77259,Longperrier,3152,77,11
77260,Longueville,1804,77,11
77261,Lorrez-le-Bocage-Préaux,1274,77,11
77262,Louan-Villegruis-Fontaine,491,77,11
77263,Luisetaines,229,77,11
77264,Lumigny-Nesles-Ormeaux,1468,77,11
77265,Luzancy,1036,77,11
77266,Machault,815,77,11
77267,La Madeleine-sur-Loing,347,77,11
77268,Magny-le-Hongre,9060,77,11
77269,Maincy,1828,77,11
77270,Maisoncelles-en-Brie,977,77,11
77271,Maisoncelles-en-Gâtinais,141,77,11
77272,Maison-Rouge,880,77,11
77273,Marchémoret,659,77,11
77274,Marcilly,489,77,11
77275,Les Marêts,152,77,11
77276,Mareuil-lès-Meaux,3345,77,11
77277,Marles-en-Brie,1898,77,11
77278,Marolles-en-Brie,412,77,11
77279,Marolles-sur-Seine,1774,77,11
77280,Mary-sur-Marne,1155,77,11
77281,Mauperthuis,495,77,11
77282,Mauregard,341,77,11
77283,May-en-Multien,877,77,11
77284,Meaux,56905,77,11
77285,Le Mée-sur-Seine,19527,77,11
77286,Meigneux,236,77,11
77287,Meilleray,504,77,11
77288,Melun,45995,77,11
77289,Melz-sur-Seine,345,77,11
77290,Méry-sur-Marne,679,77,11
77291,Le Mesnil-Amelot,992,77,11
77292,Messy,1219,77,11
77293,Misy-sur-Yonne,834,77,11
77294,Mitry-Mory,20456,77,11
77295,Moisenay,1362,77,11
77296,Moissy-Cramayel,18511,77,11
77297,Mondreville,334,77,11
77298,Mons-en-Montois,454,77,11
77300,Montceaux-lès-Meaux,669,77,11
77301,Montceaux-lès-Provins,320,77,11
77302,Moncourt-Fromonville,1891,77,11
77303,Montdauphin,235,77,11
77304,Montenils,34,77,11
77305,Montereau-Fault-Yonne,22279,77,11
77306,Montereau-sur-le-Jard,499,77,11
77307,Montévrain,15687,77,11
77308,Montgé-en-Goële,717,77,11
77309,Monthyon,1756,77,11
77310,Montigny-le-Guesdier,295,77,11
77311,Montigny-Lencoup,1358,77,11
77312,Montigny-sur-Loing,2669,77,11
77313,Montmachoux,213,77,11
77314,Montolivet,257,77,11
77315,Montry,3945,77,11
77316,Moret-Loing-et-Orvanne,12810,77,11
77317,Mormant,5282,77,11
77318,Mortcerf,1400,77,11
77319,Mortery,137,77,11
77320,Mouroux,5810,77,11
77321,Mousseaux-lès-Bray,682,77,11
77322,Moussy-le-Neuf,3253,77,11
77323,Moussy-le-Vieux,1469,77,11
77325,Mouy-sur-Seine,353,77,11
77326,Nandy,6350,77,11
77327,Nangis,8867,77,11
77328,Nanteau-sur-Essonne,414,77,11
77329,Nanteau-sur-Lunain,702,77,11
77330,Nanteuil-lès-Meaux,7308,77,11
77331,Nanteuil-sur-Marne,406,77,11
77332,Nantouillet,302,77,11
77333,Nemours,12889,77,11
77335,Chauconin-Neufmontiers,3784,77,11
77336,Neufmoutiers-en-Brie,1338,77,11
77337,Noisiel,16053,77,11
77338,Noisy-Rudignon,580,77,11
77339,Noisy-sur-École,1797,77,11
77340,Nonville,591,77,11
77341,Noyen-sur-Seine,369,77,11
77342,Obsonville,126,77,11
77343,Ocquerre,378,77,11
77344,Oissery,2496,77,11
77345,Orly-sur-Morin,656,77,11
77347,Les Ormes-sur-Voulzie,864,77,11
77348,Ormesson,242,77,11
77349,Othis,6717,77,11
77350,Ozoir-la-Ferrière,21238,77,11
77352,Ozouer-le-Voulgis,2050,77,11
77353,Paley,483,77,11
77354,Pamfou,983,77,11
77355,Paroy,187,77,11
77356,Passy-sur-Seine,49,77,11
77357,Pécy,849,77,11
77358,Penchard,1373,77,11
77359,Perthes,2073,77,11
77360,Pézarches,410,77,11
77361,Pierre-Levée,480,77,11
77363,Le Pin,1530,77,11
77364,Le Plessis-aux-Bois,261,77,11
77365,Le Plessis-Feu-Aussoux,597,77,11
77366,Le Plessis-l'Évêque,291,77,11
77367,Le Plessis-Placy,305,77,11
77368,Poigny,501,77,11
77369,Poincy,797,77,11
77370,Poligny,825,77,11
77371,Pommeuse,3049,77,11
77372,Pomponne,4215,77,11
77373,Pontault-Combault,39096,77,11
77374,Pontcarré,2136,77,11
77376,Précy-sur-Marne,747,77,11
77377,Presles-en-Brie,2369,77,11
77378,Pringy,3864,77,11
77379,Provins,11632,77,11
77380,Puisieux,317,77,11
77381,Quiers,650,77,11
77382,Quincy-Voisins,5547,77,11
77383,Rampillon,836,77,11
77384,Réau,2127,77,11
77385,Rebais,2294,77,11
77386,Recloses,633,77,11
77387,Remauville,449,77,11
77388,Reuil-en-Brie,798,77,11
77389,La Rochette,3932,77,11
77390,Roissy-en-Brie,23229,77,11
77391,Rouilly,496,77,11
77392,Rouvres,1038,77,11
77393,Rozay-en-Brie,2860,77,11
77394,Rubelles,3537,77,11
77395,Rumont,125,77,11
77396,Rupéreux,106,77,11
77397,Saâcy-sur-Marne,1878,77,11
77398,Sablonnières,791,77,11
77400,Saint-Augustin,1888,77,11
77401,Sainte-Aulde,706,77,11
77402,Saint-Barthélemy,335,77,11
77403,Saint-Brice,819,77,11
77404,Sainte-Colombe,1781,77,11
77405,Saint-Cyr-sur-Morin,1976,77,11
77406,Saint-Denis-lès-Rebais,966,77,11
77407,Saint-Fargeau-Ponthierry,15724,77,11
77408,Saint-Fiacre,523,77,11
77409,Saint-Germain-Laval,2888,77,11
77410,Saint-Germain-Laxis,742,77,11
77411,Saint-Germain-sous-Doue,549,77,11
77412,Saint-Germain-sur-École,365,77,11
77413,Saint-Germain-sur-Morin,3902,77,11
77414,Saint-Hilliers,474,77,11
77415,Saint-Jean-les-Deux-Jumeaux,1298,77,11
77416,Saint-Just-en-Brie,265,77,11
77417,Saint-Léger,244,77,11
77418,Saint-Loup-de-Naud,848,77,11
77419,Saint-Mammès,3162,77,11
77420,Saint-Mard,3832,77,11
77421,Saint-Mars-Vieux-Maisons,244,77,11
77423,Saint-Martin-des-Champs,661,77,11
77424,Saint-Martin-du-Boschet,257,77,11
77425,Saint-Martin-en-Bière,746,77,11
77426,Saint-Méry,334,77,11
77427,Saint-Mesmes,579,77,11
77428,Saint-Ouen-en-Brie,837,77,11
77429,Saint-Ouen-sur-Morin,529,77,11
77430,Saint-Pathus,6479,77,11
77431,Saint-Pierre-lès-Nemours,5401,77,11
77432,Saint-Rémy-de-la-Vanne,985,77,11
77433,Beautheil-Saints,2093,77,11
77434,Saint-Sauveur-lès-Bray,350,77,11
77435,Saint-Sauveur-sur-École,1125,77,11
77436,Saint-Siméon,883,77,11
77437,Saint-Soupplets,3542,77,11
77438,Saint-Thibault-des-Vignes,6831,77,11
77439,Salins,1165,77,11
77440,Sammeron,1178,77,11
77441,Samois-sur-Seine,2126,77,11
77442,Samoreau,2384,77,11
77443,Sancy,401,77,11
77444,Sancy-lès-Provins,339,77,11
77445,Savigny-le-Temple,31148,77,11
77446,Savins,617,77,11
77447,Seine-Port,1742,77,11
77448,Sept-Sorts,616,77,11
77449,Serris,10326,77,11
77450,Servon,3565,77,11
77451,Signy-Signets,638,77,11
77452,Sigy,66,77,11
77453,Sivry-Courtry,1124,77,11
77454,Sognolles-en-Montois,371,77,11
77455,Soignolles-en-Brie,2021,77,11
77456,Soisy-Bouy,850,77,11
77457,Solers,1336,77,11
77458,Souppes-sur-Loing,4952,77,11
77459,Sourdun,1541,77,11
77460,Tancrou,340,77,11
77461,Thénisy,297,77,11
77462,Thieux,778,77,11
77463,Thomery,3384,77,11
77464,Thorigny-sur-Marne,10440,77,11
77465,Thoury-Férottes,649,77,11
77466,Tigeaux,421,77,11
77467,La Tombe,208,77,11
77468,Torcy,22810,77,11
77469,Touquin,1253,77,11
77470,Tournan-en-Brie,8274,77,11
77471,Tousson,334,77,11
77472,La Trétoire,459,77,11
77473,Treuzy-Levelay,458,77,11
77474,Trilbardou,700,77,11
77475,Trilport,5146,77,11
77476,Trocy-en-Multien,233,77,11
77477,Ury,882,77,11
77478,Ussy-sur-Marne,1058,77,11
77479,Vaires-sur-Marne,13931,77,11
77480,Valence-en-Brie,1007,77,11
77481,Vanvillé,197,77,11
77482,Varennes-sur-Seine,3748,77,11
77483,Varreddes,2167,77,11
77484,Vaucourtois,277,77,11
77485,Le Vaudoué,731,77,11
77486,Vaudoy-en-Brie,872,77,11
77487,Vaux-le-Pénil,11474,77,11
77489,Vaux-sur-Lunain,229,77,11
77490,Vendrest,686,77,11
77492,Verdelot,620,77,11
77493,Verneuil-l'Étang,3223,77,11
77494,Vernou-la-Celle-sur-Seine,2630,77,11
77495,Vert-Saint-Denis,9291,77,11
77496,Vieux-Champagne,192,77,11
77498,Vignely,322,77,11
77500,Villebéon,452,77,11
77501,Villecerf,724,77,11
77504,Villemaréchal,1055,77,11
77505,Villemareuil,386,77,11
77506,Villemer,759,77,11
77507,Villenauxe-la-Petite,453,77,11
77508,Villeneuve-le-Comte,1872,77,11
77509,Villeneuve-les-Bordes,610,77,11
77510,Villeneuve-Saint-Denis,1369,77,11
77511,Villeneuve-sous-Dammartin,595,77,11
77512,Villeneuve-sur-Bellot,1151,77,11
77513,Villenoy,5127,77,11
77514,Villeparisis,26946,77,11
77515,Villeroy,711,77,11
77516,Ville-Saint-Jacques,815,77,11
77517,Villevaudé,2132,77,11
77518,Villiers-en-Bière,242,77,11
77519,Villiers-Saint-Georges,1160,77,11
77520,Villiers-sous-Grez,706,77,11
77521,Villiers-sur-Morin,2083,77,11
77522,Villiers-sur-Seine,278,77,11
77523,Villuis,272,77,11
77524,Vimpelles,512,77,11
77525,Vinantes,381,77,11
77526,Vincy-Manœuvre,271,77,11
77527,Voinsles,580,77,11
77528,Voisenon,1170,77,11
77529,Voulangis,1541,77,11
77530,Voulton,295,77,11
77531,Voulx,1626,77,11
77532,Vulaines-lès-Provins,80,77,11
77533,Vulaines-sur-Seine,2730,77,11
77534,Yèbles,980,77,11
78003,Ablis,3913,78,11
78005,Achères,22241,78,11
78006,Adainville,673,78,11
78007,Aigremont,1075,78,11
78009,Allainville,281,78,11
78010,Les Alluets-le-Roi,1390,78,11
78013,Andelu,550,78,11
78015,Andrésy,13834,78,11
78020,Arnouville-lès-Mantes,951,78,11
78029,Aubergenville,12723,78,11
78030,Auffargis,1963,78,11
78031,Auffreville-Brasseuil,671,78,11
78033,Aulnay-sur-Mauldre,1180,78,11
78034,Auteuil,1020,78,11
78036,Autouillet,665,78,11
78043,Bailly,3731,78,11
78048,Bazainville,1469,78,11
78049,Bazemont,1727,78,11
78050,Bazoches-sur-Guyonne,721,78,11
78053,Béhoust,533,78,11
78057,Bennecourt,1747,78,11
78062,Beynes,7704,78,11
78068,Blaru,907,78,11
78070,Boinville-en-Mantois,285,78,11
78071,Boinville-le-Gaillard,597,78,11
78072,Boinvilliers,243,78,11
78073,Bois-d'Arcy,16586,78,11
78076,Boissets,301,78,11
78077,La Boissière-École,747,78,11
78082,Boissy-Mauvoisin,615,78,11
78084,Boissy-sans-Avoir,616,78,11
78087,Bonnelles,2165,78,11
78089,Bonnières-sur-Seine,5064,78,11
78090,Bouafle,2234,78,11
78092,Bougival,9134,78,11
78096,Bourdonné,506,78,11
78104,Breuil-Bois-Robert,764,78,11
78107,Bréval,2151,78,11
78108,Les Bréviaires,1302,78,11
78113,Brueil-en-Vexin,652,78,11
78117,Buc,5816,78,11
78118,Buchelay,3360,78,11
78120,Bullion,1916,78,11
78123,Carrières-sous-Poissy,20825,78,11
78124,Carrières-sur-Seine,14791,78,11
78125,La Celle-les-Bordes,840,78,11
78126,La Celle-Saint-Cloud,20460,78,11
78128,Cernay-la-Ville,1516,78,11
78133,Chambourcy,5847,78,11
78138,Chanteloup-les-Vignes,10861,78,11
78140,Chapet,1331,78,11
78143,Châteaufort,1564,78,11
78146,Chatou,30598,78,11
78147,Chaufour-lès-Bonnières,442,78,11
78152,Chavenay,1723,78,11
78158,Le Chesnay-Rocquencourt,30689,78,11
78160,Chevreuse,5502,78,11
78162,Choisel,540,78,11
78163,Civry-la-Forêt,373,78,11
78164,Clairefontaine-en-Yvelines,850,78,11
78165,Les Clayes-sous-Bois,16804,78,11
78168,Coignières,4321,78,11
78171,Condé-sur-Vesgre,1279,78,11
78172,Conflans-Sainte-Honorine,36958,78,11
78185,Courgent,414,78,11
78188,Cravent,438,78,11
78189,Crespières,1719,78,11
78190,Croissy-sur-Seine,11013,78,11
78192,Dammartin-en-Serve,1441,78,11
78193,Dampierre-en-Yvelines,1008,78,11
78194,Dannemarie,229,78,11
78196,Davron,295,78,11
78202,Drocourt,554,78,11
78206,Ecquevilly,4279,78,11
78208,Élancourt,26365,78,11
78209,Émancé,872,78,11
78217,Épône,7031,78,11
78220,Les Essarts-le-Roi,6831,78,11
78224,L'Étang-la-Ville,5157,78,11
78227,Évecquemont,754,78,11
78230,La Falaise,609,78,11
78231,Favrieux,157,78,11
78233,Feucherolles,3043,78,11
78234,Flacourt,184,78,11
78236,Flexanville,576,78,11
78237,Flins-Neuve-Église,162,78,11
78238,Flins-sur-Seine,2447,78,11
78239,Follainville-Dennemont,2184,78,11
78242,Fontenay-le-Fleury,13680,78,11
78245,Fontenay-Mauvoisin,460,78,11
78246,Fontenay-Saint-Père,949,78,11
78255,Freneuse,4505,78,11
78261,Gaillon-sur-Montcient,689,78,11
78262,Galluis,1298,78,11
78263,Gambais,2574,78,11
78264,Gambaiseuil,64,78,11
78265,Garancières,2621,78,11
78267,Gargenville,7869,78,11
78269,Gazeran,1492,78,11
78276,Gommecourt,613,78,11
78278,Goupillières,570,78,11
78281,Goussonville,650,78,11
78283,Grandchamp,300,78,11
78285,Gressey,533,78,11
78289,Grosrouvre,902,78,11
78290,Guernes,1085,78,11
78291,Guerville,2052,78,11
78296,Guitrancourt,646,78,11
78297,Guyancourt,29778,78,11
78299,Hardricourt,2599,78,11
78300,Hargeville,418,78,11
78302,La Hauteville,157,78,11
78305,Herbeville,228,78,11
78307,Hermeray,1007,78,11
78310,Houdan,3721,78,11
78311,Houilles,33983,78,11
78314,Issou,4060,78,11
78317,Jambville,793,78,11
78320,Notre-Dame-de-la-Mer,742,78,11
78321,Jouars-Pontchartrain,6039,78,11
78322,Jouy-en-Josas,7981,78,11
78324,Jouy-Mauvoisin,554,78,11
78325,Jumeauville,638,78,11
78327,Juziers,4065,78,11
78329,Lainville-en-Vexin,805,78,11
78334,Lévis-Saint-Nom,1603,78,11
78335,Limay,17885,78,11
78337,Limetz-Villez,2110,78,11
78343,Les Loges-en-Josas,1645,78,11
78344,Lommoye,639,78,11
78346,Longnes,1601,78,11
78349,Longvilliers,496,78,11
78350,Louveciennes,7990,78,11
78354,Magnanville,6383,78,11
78356,Magny-les-Hameaux,9386,78,11
78358,Maisons-Laffitte,23093,78,11
78361,Mantes-la-Jolie,43526,78,11
78362,Mantes-la-Ville,22332,78,11
78364,Marcq,802,78,11
78366,Mareil-le-Guyon,420,78,11
78367,Mareil-Marly,4141,78,11
78368,Mareil-sur-Mauldre,1776,78,11
78372,Marly-le-Roi,16756,78,11
78380,Maule,6083,78,11
78381,Maulette,1088,78,11
78382,Maurecourt,4454,78,11
78383,Maurepas,20629,78,11
78384,Médan,1289,78,11
78385,Ménerville,216,78,11
78389,Méré,1731,78,11
78391,Méricourt,383,78,11
78396,Le Mesnil-le-Roi,6332,78,11
78397,Le Mesnil-Saint-Denis,7276,78,11
78398,Les Mesnuls,910,78,11
78401,Meulan-en-Yvelines,8950,78,11
78402,Mézières-sur-Seine,3923,78,11
78403,Mézy-sur-Seine,2242,78,11
78404,Millemont,272,78,11
78406,Milon-la-Chapelle,295,78,11
78407,Mittainville,659,78,11
78410,Moisson,902,78,11
78413,Mondreville,381,78,11
78415,Montainville,589,78,11
78416,Montalet-le-Bois,322,78,11
78417,Montchauvet,275,78,11
78418,Montesson,14549,78,11
78420,Montfort-l'Amaury,2779,78,11
78423,Montigny-le-Bretonneux,32465,78,11
78431,Morainvilliers,3120,78,11
78437,Mousseaux-sur-Seine,689,78,11
78439,Mulcent,128,78,11
78440,Les Mureaux,34632,78,11
78442,Neauphle-le-Château,3250,78,11
78443,Neauphle-le-Vieux,937,78,11
78444,Neauphlette,871,78,11
78451,Nézel,1139,78,11
78455,Noisy-le-Roi,7713,78,11
78460,Oinville-sur-Montcient,1131,78,11
78464,Orcemont,985,78,11
78465,Orgerus,2489,78,11
78466,Orgeval,7252,78,11
78470,Orphin,875,78,11
78472,Orsonville,325,78,11
78474,Orvilliers,925,78,11
78475,Osmoy,413,78,11
78478,Paray-Douaville,218,78,11
78481,Le Pecq,16059,78,11
78484,Perdreauville,701,78,11
78486,Le Perray-en-Yvelines,6480,78,11
78490,Plaisir,31811,78,11
78497,Poigny-la-Forêt,957,78,11
78498,Poissy,40983,78,11
78499,Ponthévrard,693,78,11
78501,Porcheville,3382,78,11
78502,Le Port-Marly,5559,78,11
78505,Prunay-le-Temple,409,78,11
78506,Prunay-en-Yvelines,808,78,11
78513,La Queue-les-Yvelines,2629,78,11
78516,Raizeux,970,78,11
78517,Rambouillet,27724,78,11
78518,Rennemoulin,116,78,11
78520,Richebourg,1570,78,11
78522,Rochefort-en-Yvelines,910,78,11
78528,Rolleboise,346,78,11
78530,Rosay,387,78,11
78531,Rosny-sur-Seine,7328,78,11
78536,Sailly,354,78,11
78537,Saint-Arnoult-en-Yvelines,5875,78,11
78545,Saint-Cyr-l'École,21268,78,11
78548,Saint-Forget,436,78,11
78550,Saint-Germain-de-la-Grange,1847,78,11
78551,Saint-Germain-en-Laye,45931,78,11
78557,Saint-Hilarion,999,78,11
78558,Saint-Illiers-la-Ville,350,78,11
78559,Saint-Illiers-le-Bois,449,78,11
78561,Saint-Lambert,447,78,11
78562,Saint-Léger-en-Yvelines,1468,78,11
78564,Saint-Martin-de-Bréthencourt,690,78,11
78565,Saint-Martin-des-Champs,304,78,11
78567,Saint-Martin-la-Garenne,942,78,11
78569,Sainte-Mesme,904,78,11
78571,Saint-Nom-la-Bretèche,4965,78,11
78575,Saint-Rémy-lès-Chevreuse,7747,78,11
78576,Saint-Rémy-l'Honoré,1689,78,11
78586,Sartrouville,52763,78,11
78588,Saulx-Marchais,950,78,11
78590,Senlisse,511,78,11
78591,Septeuil,2264,78,11
78597,Soindres,757,78,11
78601,Sonchamp,1678,78,11
78605,Tacoignières,1219,78,11
78606,Le Tartre-Gaudran,37,78,11
78608,Le Tertre-Saint-Denis,137,78,11
78609,Tessancourt-sur-Aubette,966,78,11
78615,Thiverval-Grignon,1023,78,11
78616,Thoiry,1434,78,11
78618,Tilly,530,78,11
78620,Toussus-le-Noble,1172,78,11
78621,Trappes,34689,78,11
78623,Le Tremblay-sur-Mauldre,930,78,11
78624,Triel-sur-Seine,12206,78,11
78638,Vaux-sur-Seine,5202,78,11
78640,Vélizy-Villacoublay,23011,78,11
78642,Verneuil-sur-Seine,16280,78,11
78643,Vernouillet,9699,78,11
78644,La Verrière,5994,78,11
78646,Versailles,84095,78,11
78647,Vert,852,78,11
78650,Le Vésinet,15554,78,11
78653,Vicq,389,78,11
78655,Vieille-Église-en-Yvelines,652,78,11
78668,La Villeneuve-en-Chevrie,665,78,11
78672,Villennes-sur-Seine,5952,78,11
78674,Villepreux,11931,78,11
78677,Villette,524,78,11
78681,Villiers-le-Mahieu,888,78,11
78683,Villiers-Saint-Frédéric,3395,78,11
78686,Viroflay,17237,78,11
78688,Voisins-le-Bretonneux,10624,78,11
91001,Abbéville-la-Rivière,322,91,11
91016,Angerville,4428,91,11
91017,Angervilliers,1772,91,11
91021,Arpajon,11698,91,11
91022,Arrancourt,115,91,11
91027,Athis-Mons,36613,91,11
91035,Authon-la-Plaine,368,91,11
91037,Auvernaux,332,91,11
91038,Auvers-Saint-Georges,1223,91,11
91041,Avrainville,1052,91,11
91044,Ballainvilliers,4904,91,11
91045,Ballancourt-sur-Essonne,8191,91,11
91047,Baulne,1448,91,11
91064,Bièvres,4686,91,11
91067,Blandy,111,91,11
91069,Boigneville,369,91,11
91075,Bois-Herpin,81,91,11
91079,Boissy-la-Rivière,550,91,11
91080,Boissy-le-Cutté,1331,91,11
91081,Boissy-le-Sec,690,91,11
91085,Boissy-sous-Saint-Yon,3882,91,11
91086,Bondoufle,10767,91,11
91093,Boullay-les-Troux,624,91,11
91095,Bouray-sur-Juine,2108,91,11
91097,Boussy-Saint-Antoine,8097,91,11
91098,Boutervilliers,429,91,11
91099,Boutigny-sur-Essonne,3146,91,11
91100,Bouville,669,91,11
91103,Brétigny-sur-Orge,26658,91,11
91105,Breuillet,9157,91,11
91106,Breux-Jouy,1285,91,11
91109,Brières-les-Scellés,1186,91,11
91111,Briis-sous-Forges,3342,91,11
91112,Brouy,134,91,11
91114,Brunoy,25643,91,11
91115,Bruyères-le-Châtel,3788,91,11
91121,Buno-Bonnevaux,527,91,11
91122,Bures-sur-Yvette,9548,91,11
91129,Cerny,3531,91,11
91130,Chalo-Saint-Mars,1053,91,11
91131,Chalou-Moulineux,373,91,11
91132,Chamarande,1089,91,11
91135,Champcueil,2854,91,11
91136,Champlan,2615,91,11
91137,Champmotteux,356,91,11
91145,Chatignonville,72,91,11
91148,Chauffour-lès-Étréchy,132,91,11
91156,Cheptainville,2204,91,11
91159,Chevannes,1550,91,11
91161,Chilly-Mazarin,20443,91,11
91174,Corbeil-Essonnes,54471,91,11
91175,Corbreuse,1640,91,11
91179,Le Coudray-Montceaux,4801,91,11
91180,Courances,348,91,11
91184,Courdimanche-sur-Essonne,276,91,11
91186,Courson-Monteloup,563,91,11
91191,Crosne,9610,91,11
91195,Dannemois,865,91,11
91198,D'Huison-Longueville,1557,91,11
91200,Dourdan,11415,91,11
91201,Draveil,30098,91,11
91204,Écharcon,708,91,11
91207,Égly,7166,91,11
91215,Épinay-sous-Sénart,11611,91,11
91216,Épinay-sur-Orge,10722,91,11
91223,Étampes,26857,91,11
91225,Étiolles,3105,91,11
91226,Étréchy,6986,91,11
91228,Évry-Courcouronnes,66919,91,11
91232,La Ferté-Alais,3731,91,11
91235,Fleury-Mérogis,13721,91,11
91240,Fontaine-la-Rivière,192,91,11
91243,Fontenay-lès-Briis,2350,91,11
91244,Fontenay-le-Vicomte,1596,91,11
91247,La Forêt-le-Roi,492,91,11
91248,La Forêt-Sainte-Croix,148,91,11
91249,Forges-les-Bains,4241,91,11
91272,Gif-sur-Yvette,22544,91,11
91273,Gironville-sur-Essonne,760,91,11
91274,Gometz-la-Ville,1536,91,11
91275,Gometz-le-Châtel,2630,91,11
91284,Les Granges-le-Roi,1197,91,11
91286,Grigny,26842,91,11
91292,Guibeville,923,91,11
91293,Guigneville-sur-Essonne,904,91,11
91294,Guillerval,808,91,11
91312,Igny,10833,91,11
91315,Itteville,6746,91,11
91318,Janville-sur-Juine,2041,91,11
91319,Janvry,654,91,11
91326,Juvisy-sur-Orge,19292,91,11
91330,Lardy,5530,91,11
91332,Leudeville,1562,91,11
91333,Leuville-sur-Orge,4271,91,11
91338,Limours,6517,91,11
91339,Linas,7987,91,11
91340,Lisses,7373,91,11
91345,Longjumeau,21996,91,11
91347,Longpont-sur-Orge,6482,91,11
91359,Maisse,2797,91,11
91363,Marcoussis,8618,91,11
91374,Marolles-en-Beauce,237,91,11
91376,Marolles-en-Hurepoix,5708,91,11
91377,Massy,51729,91,11
91378,Mauchamps,387,91,11
91386,Mennecy,16433,91,11
91390,Le Mérévillois,3477,91,11
91393,Mérobert,635,91,11
91399,Mespuits,184,91,11
91405,Milly-la-Forêt,4562,91,11
91408,Moigny-sur-École,1294,91,11
91411,Les Molières,1975,91,11
91412,Mondeville,726,91,11
91414,Monnerville,376,91,11
91421,Montgeron,24022,91,11
91425,Montlhéry,9772,91,11
91432,Morangis,14129,91,11
91433,Morigny-Champigny,4412,91,11
91434,Morsang-sur-Orge,21667,91,11
91435,Morsang-sur-Seine,583,91,11
91441,Nainville-les-Roches,564,91,11
91457,La Norville,4268,91,11
91458,Nozay,4471,91,11
91461,Ollainville,5455,91,11
91463,Oncy-sur-École,1042,91,11
91468,Ormoy,3225,91,11
91469,Ormoy-la-Rivière,943,91,11
91471,Orsay,16498,91,11
91473,Orveau,141,91,11
91477,Palaiseau,37471,91,11
91479,Paray-Vieille-Poste,8202,91,11
91482,Pecqueuse,580,91,11
91494,Le Plessis-Pâté,4154,91,11
91495,Plessis-Saint-Benoist,325,91,11
91507,Prunay-sur-Essonne,324,91,11
91508,Puiselet-le-Marais,261,91,11
91511,Pussay,2288,91,11
91514,Quincy-sous-Sénart,9477,91,11
91519,Richarville,386,91,11
91521,Ris-Orangis,31189,91,11
91525,Roinville,1319,91,11
91526,Roinvilliers,112,91,11
91533,Saclas,1819,91,11
91534,Saclay,4437,91,11
91538,Saint-Aubin,661,91,11
91540,Saint-Chéron,5132,91,11
91544,Saint-Cyr-la-Rivière,466,91,11
91546,Saint-Cyr-sous-Dourdan,982,91,11
91547,Saint-Escobille,454,91,11
91549,Sainte-Geneviève-des-Bois,35438,91,11
91552,Saint-Germain-lès-Arpajon,11623,91,11
91553,Saint-Germain-lès-Corbeil,7469,91,11
91556,Saint-Hilaire,401,91,11
91560,Saint-Jean-de-Beauregard,471,91,11
91568,Saint-Maurice-Montcouronne,1543,91,11
91570,Saint-Michel-sur-Orge,21776,91,11
91573,Saint-Pierre-du-Perray,11993,91,11
91577,Saintry-sur-Seine,5882,91,11
91578,Saint-Sulpice-de-Favières,272,91,11
91579,Saint-Vrain,3089,91,11
91581,Saint-Yon,923,91,11
91587,Saulx-les-Chartreux,6733,91,11
91589,Savigny-sur-Orge,37601,91,11
91593,Sermaise,1617,91,11
91599,Soisy-sur-École,1174,91,11
91600,Soisy-sur-Seine,7418,91,11
91602,Souzy-la-Briche,503,91,11
91613,Congerville-Thionville,211,91,11
91617,Tigery,4333,91,11
91619,Torfou,294,91,11
91629,Valpuiseaux,617,91,11
91630,Le Val-Saint-Germain,1576,91,11
91631,Varennes-Jarcy,2465,91,11
91634,Vaugrigneuse,1458,91,11
91635,Vauhallan,1945,91,11
91639,Vayres-sur-Essonne,978,91,11
91645,Verrières-le-Buisson,15057,91,11
91648,Vert-le-Grand,2444,91,11
91649,Vert-le-Petit,2714,91,11
91654,Videlles,581,91,11
91657,Vigneux-sur-Seine,31466,91,11
91659,Villabé,5830,91,11
91661,Villebon-sur-Yvette,10291,91,11
91662,Villeconin,766,91,11
91665,La Ville-du-Bois,8161,91,11
91666,Villejust,2558,91,11
91667,Villemoisson-sur-Orge,7332,91,11
91671,Villeneuve-sur-Auvers,593,91,11
91679,Villiers-le-Bâcle,1031,91,11
91685,Villiers-sur-Orge,4545,91,11
91687,Viry-Châtillon,30838,91,11
91689,Wissous,7151,91,11
91691,Yerres,27906,91,11
91692,Les Ulis,25886,91,11
92002,Antony,64263,92,11
92004,Asnières-sur-Seine,93941,92,11
92007,Bagneux,44572,92,11
92009,Bois-Colombes,28909,92,11
92012,Boulogne-Billancourt,119019,92,11
92014,Bourg-la-Reine,21019,92,11
92019,Châtenay-Malabry,35825,92,11
92020,Châtillon,36705,92,11
92022,Chaville,20594,92,11
92023,Clamart,58576,92,11
92024,Clichy,64410,92,11
92025,Colombes,91053,92,11
92026,Courbevoie,82902,92,11
92032,Fontenay-aux-Roses,24070,92,11
92033,Garches,17743,92,11
92035,La Garenne-Colombes,30197,92,11
92036,Gennevilliers,50979,92,11
92040,Issy-les-Moulineaux,67669,92,11
92044,Levallois-Perret,68092,92,11
92046,Malakoff,30557,92,11
92047,Marnes-la-Coquette,1752,92,11
92048,Meudon,46334,92,11
92049,Montrouge,46324,92,11
92050,Nanterre,97783,92,11
92051,Neuilly-sur-Seine,59538,92,11
92060,Le Plessis-Robinson,28848,92,11
92062,Puteaux,44002,92,11
92063,Rueil-Malmaison,82874,92,11
92064,Saint-Cloud,29855,92,11
92071,Sceaux,20884,92,11
92072,Sèvres,22303,92,11
92073,Suresnes,48956,92,11
92075,Vanves,28622,92,11
92076,Vaucresson,8432,92,11
92077,Ville-d'Avray,11089,92,11
92078,Villeneuve-la-Garenne,26021,92,11
93001,Aubervilliers,88365,93,11
93005,Aulnay-sous-Bois,87599,93,11
93006,Bagnolet,43086,93,11
93007,Le Blanc-Mesnil,62376,93,11
93008,Bobigny,56927,93,11
93010,Bondy,50595,93,11
93013,Le Bourget,15925,93,11
93014,Clichy-sous-Bois,29354,93,11
93015,Coubron,5175,93,11
93027,La Courneuve,47167,93,11
93029,Drancy,72390,93,11
93030,Dugny,11700,93,11
93031,Épinay-sur-Seine,52833,93,11
93032,Gagny,42313,93,11
93033,Gournay-sur-Marne,7320,93,11
93039,L'Île-Saint-Denis,8696,93,11
93045,Les Lilas,23843,93,11
93046,Livry-Gargan,47228,93,11
93047,Montfermeil,28703,93,11
93048,Montreuil,111934,93,11
93049,Neuilly-Plaisance,21941,93,11
93050,Neuilly-sur-Marne,39800,93,11
93051,Noisy-le-Grand,72978,93,11
93053,Noisy-le-Sec,45510,93,11
93055,Pantin,61929,93,11
93057,Les Pavillons-sous-Bois,25804,93,11
93061,Le Pré-Saint-Gervais,16993,93,11
93062,Le Raincy,14735,93,11
93063,Romainville,37152,93,11
93064,Rosny-sous-Bois,47180,93,11
93066,Saint-Denis,149077,93,11
93070,Saint-Ouen-sur-Seine,53615,93,11
93071,Sevran,52535,93,11
93072,Stains,41388,93,11
93073,Tremblay-en-France,38348,93,11
93074,Vaujours,8007,93,11
93077,Villemomble,29795,93,11
93078,Villepinte,41470,93,11
93079,Villetaneuse,12530,93,11
94001,Ablon-sur-Seine,5988,94,11
94002,Alfortville,45531,94,11
94003,Arcueil,22200,94,11
94004,Boissy-Saint-Léger,17325,94,11
94011,Bonneuil-sur-Marne,18270,94,11
94015,Bry-sur-Marne,18503,94,11
94016,Cachan,31103,94,11
94017,Champigny-sur-Marne,78072,94,11
94018,Charenton-le-Pont,28830,94,11
94019,Chennevières-sur-Marne,18710,94,11
94021,Chevilly-Larue,19826,94,11
94022,Choisy-le-Roi,45946,94,11
94028,Créteil,93397,94,11
94033,Fontenay-sous-Bois,53757,94,11
94034,Fresnes,29528,94,11
94037,Gentilly,19963,94,11
94038,L'Haÿ-les-Roses,31188,94,11
94041,Ivry-sur-Seine,65064,94,11
94042,Joinville-le-Pont,20525,94,11
94043,Le Kremlin-Bicêtre,24110,94,11
94044,Limeil-Brévannes,27406,94,11
94046,Maisons-Alfort,56799,94,11
94047,Mandres-les-Roses,4922,94,11
94048,Marolles-en-Brie,4781,94,11
94052,Nogent-sur-Marne,32455,94,11
94053,Noiseau,4628,94,11
94054,Orly,24658,94,11
94055,Ormesson-sur-Marne,10977,94,11
94056,Périgny,2724,94,11
94058,Le Perreux-sur-Marne,35260,94,11
94059,Le Plessis-Trévise,21112,94,11
94060,La Queue-en-Brie,12241,94,11
94065,Rungis,5611,94,11
94067,Saint-Mandé,21071,94,11
94068,Saint-Maur-des-Fossés,76572,94,11
94069,Saint-Maurice,14506,94,11
94070,Santeny,3913,94,11
94071,Sucy-en-Brie,27764,94,11
94073,Thiais,32918,94,11
94074,Valenton,14406,94,11
94075,Villecresnes,11647,94,11
94076,Villejuif,60183,94,11
94077,Villeneuve-le-Roi,21000,94,11
94078,Villeneuve-Saint-Georges,36221,94,11
94079,Villiers-sur-Marne,33162,94,11
94080,Vincennes,48193,94,11
94081,Vitry-sur-Seine,93963,94,11
95002,Ableiges,1108,95,11
95008,Aincourt,854,95,11
95011,Ambleville,388,95,11
95012,Amenucourt,212,95,11
95014,Andilly,2742,95,11
95018,Argenteuil,106130,95,11
95019,Arnouville,15023,95,11
95023,Arronville,618,95,11
95024,Arthies,265,95,11
95026,Asnières-sur-Oise,3127,95,11
95028,Attainville,1904,95,11
95039,Auvers-sur-Oise,6863,95,11
95040,Avernes,871,95,11
95042,Baillet-en-France,2021,95,11
95046,Banthelu,146,95,11
95051,Beauchamp,9849,95,11
95052,Beaumont-sur-Oise,10232,95,11
95054,Le Bellay-en-Vexin,224,95,11
95055,Bellefontaine,474,95,11
95056,Belloy-en-France,2250,95,11
95058,Bernes-sur-Oise,2684,95,11
95059,Berville,374,95,11
95060,Bessancourt,8869,95,11
95061,Béthemont-la-Forêt,435,95,11
95063,Bezons,36434,95,11
95074,Boisemont,892,95,11
95078,Boissy-l'Aillerie,2120,95,11
95088,Bonneuil-en-France,1185,95,11
95091,Bouffémont,6593,95,11
95094,Bouqueval,314,95,11
95101,Bray-et-Lû,954,95,11
95102,Bréançon,432,95,11
95110,Brignancourt,262,95,11
95116,Bruyères-sur-Oise,4921,95,11
95119,Buhy,329,95,11
95120,Butry-sur-Oise,2252,95,11
95127,Cergy,70906,95,11
95134,Champagne-sur-Oise,5036,95,11
95139,La Chapelle-en-Vexin,320,95,11
95141,Charmont,32,95,11
95142,Chars,2006,95,11
95144,Châtenay-en-France,68,95,11
95149,Chaumontel,3332,95,11
95150,Chaussy,631,95,11
95151,Chauvry,297,95,11
95154,Chennevières-lès-Louvres,282,95,11
95157,Chérence,137,95,11
95166,Cléry-en-Vexin,476,95,11
95169,Commeny,646,95,11
95170,Condécourt,564,95,11
95176,Cormeilles-en-Parisis,27292,95,11
95177,Cormeilles-en-Vexin,1297,95,11
95181,Courcelles-sur-Viosne,310,95,11
95183,Courdimanche,7311,95,11
95197,Deuil-la-Barre,23099,95,11
95199,Domont,16065,95,11
95203,Eaubonne,26211,95,11
95205,Écouen,7202,95,11
95210,Enghien-les-Bains,11432,95,11
95211,Ennery,2243,95,11
95212,Épiais-lès-Louvres,156,95,11
95213,Épiais-Rhus,603,95,11
95214,Épinay-Champlâtreux,57,95,11
95218,Éragny,18436,95,11
95219,Ermont,29489,95,11
95229,Ézanville,9858,95,11
95241,Fontenay-en-Parisis,2219,95,11
95250,Fosses,10570,95,11
95252,Franconville,37754,95,11
95253,Frémainville,507,95,11
95254,Frémécourt,526,95,11
95256,Frépillon,3317,95,11
95257,La Frette-sur-Seine,4570,95,11
95258,Frouville,347,95,11
95268,Garges-lès-Gonesse,41791,95,11
95270,Genainville,522,95,11
95271,Génicourt,514,95,11
95277,Gonesse,27707,95,11
95280,Goussainville,31301,95,11
95287,Grisy-les-Plâtres,709,95,11
95288,Groslay,8453,95,11
95295,Guiry-en-Vexin,161,95,11
95298,Haravilliers,589,95,11
95301,Haute-Isle,293,95,11
95303,Le Heaulme,207,95,11
95304,Hédouville,278,95,11
95306,Herblay-sur-Seine,31779,95,11
95308,Hérouville-en-Vexin,584,95,11
95309,Hodent,225,95,11
95313,L'Isle-Adam,12493,95,11
95316,Jagny-sous-Bois,269,95,11
95323,Jouy-le-Moutier,17854,95,11
95328,Labbeville,641,95,11
95331,Lassy,196,95,11
95341,Livilliers,389,95,11
95348,Longuesse,496,95,11
95351,Louvres,12560,95,11
95352,Luzarches,5008,95,11
95353,Maffliers,1856,95,11
95355,Magny-en-Vexin,5779,95,11
95365,Mareil-en-France,734,95,11
95369,Margency,3012,95,11
95370,Marines,3594,95,11
95371,Marly-la-Ville,6022,95,11
95379,Maudétour-en-Vexin,208,95,11
95387,Menouville,62,95,11
95388,Menucourt,6184,95,11
95392,Mériel,5347,95,11
95394,Méry-sur-Oise,9983,95,11
95395,Le Mesnil-Aubry,914,95,11
95409,Moisselles,1261,95,11
95422,Montgeroult,361,95,11
95424,Montigny-lès-Cormeilles,22457,95,11
95426,Montlignon,3038,95,11
95427,Montmagny,15105,95,11
95428,Montmorency,21763,95,11
95429,Montreuil-sur-Epte,377,95,11
95430,Montsoult,4023,95,11
95436,Mours,1693,95,11
95438,Moussy,108,95,11
95445,Nerville-la-Forêt,756,95,11
95446,Nesles-la-Vallée,1842,95,11
95447,Neuilly-en-Vexin,240,95,11
95450,Neuville-sur-Oise,2058,95,11
95452,Nointel,903,95,11
95456,Noisy-sur-Oise,549,95,11
95459,Nucourt,719,95,11
95462,Omerville,327,95,11
95476,Osny,17954,95,11
95480,Parmain,5655,95,11
95483,Le Perchay,504,95,11
95487,Persan,14359,95,11
95488,Pierrelaye,10130,95,11
95489,Piscop,768,95,11
95491,Le Plessis-Bouchard,8518,95,11
95492,Le Plessis-Gassot,102,95,11
95493,Le Plessis-Luzarches,152,95,11
95500,Pontoise,31970,95,11
95504,Presles,4017,95,11
95509,Puiseux-en-France,3765,95,11
95510,Puiseux-Pontoise,603,95,11
95523,La Roche-Guyon,399,95,11
95527,Roissy-en-France,2674,95,11
95529,Ronquerolles,907,95,11
95535,Sagy,1096,95,11
95539,Saint-Brice-sous-Forêt,15063,95,11
95541,Saint-Clair-sur-Epte,964,95,11
95543,Saint-Cyr-en-Arthies,236,95,11
95554,Saint-Gervais,878,95,11
95555,Saint-Gratien,21336,95,11
95563,Saint-Leu-la-Forêt,16138,95,11
95566,Saint-Martin-du-Tertre,2689,95,11
95572,Saint-Ouen-l'Aumône,25578,95,11
95574,Saint-Prix,7612,95,11
95580,Saint-Witz,2724,95,11
95582,Sannois,26924,95,11
95584,Santeuil,658,95,11
95585,Sarcelles,59173,95,11
95592,Seraincourt,1305,95,11
95594,Seugy,1044,95,11
95598,Soisy-sous-Montmorency,18008,95,11
95604,Survilliers,4091,95,11
95607,Taverny,27593,95,11
95610,Théméricourt,283,95,11
95611,Theuville,53,95,11
95612,Le Thillay,4560,95,11
95625,Us,1374,95,11
95627,Vallangoujard,625,95,11
95628,Valmondois,1208,95,11
95633,Vaudherland,104,95,11
95637,Vauréal,16079,95,11
95641,Vémars,3124,95,11
95651,Vétheuil,849,95,11
95652,Viarmes,5558,95,11
95656,Vienne-en-Arthies,379,95,11
95658,Vigny,1137,95,11
95660,Villaines-sous-Bois,778,95,11
95675,Villeron,1766,95,11
95676,Villers-en-Arthies,498,95,11
95678,Villiers-Adam,858,95,11
95680,Villiers-le-Bel,30053,95,11
95682,Villiers-le-Sec,205,95,11
95690,Wy-dit-Joli-Village,326,95,11
02001,Abbécourt,518,02,32
02002,Achery,584,02,32
02003,Acy,1004,02,32
02004,Agnicourt-et-Séchelles,189,02,32
02005,Aguilcourt,417,02,32
02006,Aisonville-et-Bernoville,259,02,32
02007,Aizelles,118,02,32
02008,Aizy-Jouy,306,02,32
02009,Alaincourt,517,02,32
02010,Allemant,163,02,32
02011,Ambleny,1205,02,32
02012,Ambrief,79,02,32
02013,Amifontaine,391,02,32
02014,Amigny-Rouy,707,02,32
02015,Ancienville,78,02,32
02016,Andelain,212,02,32
02017,Anguilcourt-le-Sart,274,02,32
02018,Anizy-le-Grand,2472,02,32
02019,Annois,349,02,32
02020,Any-Martin-Rieux,456,02,32
02021,Archon,76,02,32
02022,Arcy-Sainte-Restitue,396,02,32
02023,Armentières-sur-Ourcq,96,02,32
02024,Arrancy,45,02,32
02025,Artemps,361,02,32
02027,Assis-sur-Serre,209,02,32
02028,Athies-sous-Laon,2578,02,32
02029,Attilly,337,02,32
02030,Aubencheul-aux-Bois,238,02,32
02031,Aubenton,658,02,32
02032,Aubigny-aux-Kaisnes,231,02,32
02033,Aubigny-en-Laonnois,102,02,32
02034,Audignicourt,104,02,32
02035,Audigny,273,02,32
02036,Augy,72,02,32
02037,Aulnois-sous-Laon,1348,02,32
02038,Les Autels,62,02,32
02039,Autremencourt,176,02,32
02040,Autreppes,175,02,32
02041,Autreville,777,02,32
02042,Azy-sur-Marne,369,02,32
02043,Bagneux,62,02,32
02044,Bancigny,26,02,32
02046,Barenton-Bugny,555,02,32
02047,Barenton-Cel,108,02,32
02048,Barenton-sur-Serre,130,02,32
02049,Barisis-aux-Bois,752,02,32
02050,Barzy-en-Thiérache,316,02,32
02051,Barzy-sur-Marne,380,02,32
02052,Bassoles-Aulers,131,02,32
02053,Vallées en Champagne,599,02,32
02054,Bazoches-et-Saint-Thibaut,516,02,32
02055,Beaumé,82,02,32
02056,Beaumont-en-Beine,168,02,32
02057,Beaurevoir,1281,02,32
02058,Beaurieux,794,02,32
02059,Beautor,2579,02,32
02060,Beauvois-en-Vermandois,263,02,32
02061,Becquigny,268,02,32
02062,Belleau,131,02,32
02063,Bellenglise,378,02,32
02064,Belleu,3659,02,32
02065,Bellicourt,560,02,32
02066,Benay,191,02,32
02067,Bergues-sur-Sambre,205,02,32
02068,Berlancourt,85,02,32
02069,Berlise,104,02,32
02070,Bernot,431,02,32
02071,Berny-Rivière,631,02,32
02072,Berrieux,178,02,32
02073,Berry-au-Bac,722,02,32
02074,Bertaucourt-Epourdon,601,02,32
02075,Berthenicourt,203,02,32
02076,Bertricourt,159,02,32
02078,Besmé,166,02,32
02079,Besmont,132,02,32
02080,Besny-et-Loizy,309,02,32
02081,Béthancourt-en-Vaux,421,02,32
02082,Beugneux,120,02,32
02083,Beuvardes,736,02,32
02084,Bézu-le-Guéry,248,02,32
02085,Bézu-Saint-Germain,991,02,32
02086,Bichancourt,979,02,32
02087,Bieuxy,31,02,32
02088,Bièvres,80,02,32
02089,Billy-sur-Aisne,1130,02,32
02090,Billy-sur-Ourcq,194,02,32
02091,Blanzy-lès-Fismes,98,02,32
02093,Blérancourt,1162,02,32
02094,Blesmes,474,02,32
02095,Bohain-en-Vermandois,5605,02,32
02096,Bois-lès-Pargny,187,02,32
02097,Boncourt,272,02,32
02098,Bonneil,375,02,32
02099,Bonnesvalyn,212,02,32
02100,Bony,137,02,32
02101,Bosmont-sur-Serre,170,02,32
02102,Bouconville-Vauclair,181,02,32
02103,Boué,1315,02,32
02104,Bouffignereux,96,02,32
02105,Bouresches,183,02,32
02106,Bourg-et-Comin,809,02,32
02107,Bourguignon-sous-Coucy,104,02,32
02108,Bourguignon-sous-Montbavin,140,02,32
02109,La Bouteille,464,02,32
02110,Braine,2248,02,32
02111,Brancourt-en-Laonnois,702,02,32
02112,Brancourt-le-Grand,554,02,32
02114,Brasles,1788,02,32
02115,Braye-en-Laonnois,195,02,32
02116,Braye-en-Thiérache,131,02,32
02117,Bray-Saint-Christophe,64,02,32
02118,Braye,129,02,32
02119,Brécy,317,02,32
02120,Brenelle,193,02,32
02121,Breny,210,02,32
02122,Brie,55,02,32
02123,Brissay-Choigny,296,02,32
02124,Brissy-Hamégicourt,653,02,32
02125,Brumetz,175,02,32
02126,Brunehamel,463,02,32
02127,Bruyères-sur-Fère,199,02,32
02128,Bruyères-et-Montbérault,1411,02,32
02129,Bruys,20,02,32
02130,Bucilly,204,02,32
02131,Bucy-le-Long,1947,02,32
02132,Bucy-lès-Cerny,188,02,32
02133,Bucy-lès-Pierrepont,410,02,32
02134,Buire,795,02,32
02135,Buironfosse,1122,02,32
02136,Burelles,123,02,32
02137,Bussiares,126,02,32
02138,Buzancy,175,02,32
02139,Caillouël-Crépigny,459,02,32
02140,Camelin,426,02,32
02141,La Capelle,1745,02,32
02142,Castres,246,02,32
02143,Le Catelet,186,02,32
02144,Caulaincourt,143,02,32
02145,Caumont,547,02,32
02146,Celles-lès-Condé,88,02,32
02148,Celles-sur-Aisne,248,02,32
02149,Cerizy,58,02,32
02150,Cerny-en-Laonnois,63,02,32
02151,Cerny-lès-Bucy,111,02,32
02152,Cerseuil,87,02,32
02153,Cessières-Suzy,801,02,32
02154,Chacrise,375,02,32
02155,Chaillevois,201,02,32
02156,Chalandry,234,02,32
02157,Chambry,827,02,32
02158,Chamouille,272,02,32
02159,Champs,313,02,32
02160,Chaourse,495,02,32
02162,La Chapelle-sur-Chézy,301,02,32
02163,Charly-sur-Marne,2594,02,32
02164,Le Charmel,323,02,32
02165,Charmes,1568,02,32
02166,Chartèves,361,02,32
02167,Chassemy,895,02,32
02168,Château-Thierry,15097,02,32
02169,Châtillon-lès-Sons,83,02,32
02170,Châtillon-sur-Oise,125,02,32
02171,Chaudardes,91,02,32
02172,Chaudun,238,02,32
02173,Chauny,11596,02,32
02174,Chavignon,859,02,32
02175,Chavigny,153,02,32
02176,Chavonne,214,02,32
02177,Chérêt,147,02,32
02178,Chermizy-Ailles,127,02,32
02179,Chéry-Chartreuve,378,02,32
02180,Chéry-lès-Pouilly,742,02,32
02181,Chéry-lès-Rozoy,98,02,32
02182,Chevennes,136,02,32
02183,Chevregny,197,02,32
02184,Chevresis-Monceau,329,02,32
02185,Chézy-en-Orxois,389,02,32
02186,Chézy-sur-Marne,1296,02,32
02187,Chierry,1195,02,32
02188,Chigny,140,02,32
02189,Chivres-en-Laonnois,359,02,32
02190,Chivres-Val,526,02,32
02191,Chivy-lès-Étouvelles,484,02,32
02192,Chouy,364,02,32
02193,Cierges,62,02,32
02194,Cilly,173,02,32
02195,Ciry-Salsogne,882,02,32
02196,Clacy-et-Thierret,289,02,32
02197,Clairfontaine,509,02,32
02198,Clamecy,243,02,32
02199,Clastres,589,02,32
02200,Clermont-les-Fermes,97,02,32
02201,Cœuvres-et-Valsery,467,02,32
02203,Coincy,1308,02,32
02204,Coingt,61,02,32
02205,Colligis-Crandelain,207,02,32
02206,Colonfay,71,02,32
02207,Commenchon,224,02,32
02208,Concevreux,256,02,32
02209,Condé-en-Brie,654,02,32
02210,Condé-sur-Aisne,352,02,32
02211,Condé-sur-Suippe,357,02,32
02212,Condren,674,02,32
02213,Connigis,306,02,32
02214,Contescourt,61,02,32
02215,Corbeny,851,02,32
02216,Corcy,332,02,32
02217,Coucy-le-Château-Auffrique,990,02,32
02218,Coucy-lès-Eppes,649,02,32
02219,Coucy-la-Ville,194,02,32
02220,Coulonges-Cohan,443,02,32
02221,Coupru,161,02,32
02222,Courbes,39,02,32
02223,Courboin,304,02,32
02224,Courcelles-sur-Vesle,352,02,32
02225,Courchamps,82,02,32
02226,Courmelles,1808,02,32
02227,Courmont,126,02,32
02228,Courtemont-Varennes,361,02,32
02229,Courtrizy-et-Fussigny,78,02,32
02230,Couvrelles,174,02,32
02231,Couvron-et-Aumencourt,926,02,32
02232,Coyolles,366,02,32
02233,Cramaille,127,02,32
02234,Craonne,84,02,32
02235,Craonnelle,119,02,32
02236,Crécy-au-Mont,335,02,32
02237,Crécy-sur-Serre,1472,02,32
02238,Crépy,1812,02,32
02239,Crézancy,1166,02,32
02240,Croix-Fonsomme,183,02,32
02241,La Croix-sur-Ourcq,87,02,32
02242,Crouttes-sur-Marne,591,02,32
02243,Crouy,3049,02,32
02244,Crupilly,64,02,32
02245,Cuffies,1733,02,32
02246,Cugny,607,02,32
02248,Cuirieux,152,02,32
02249,Cuiry-Housse,102,02,32
02250,Cuiry-lès-Chaudardes,84,02,32
02251,Cuiry-lès-Iviers,28,02,32
02252,Cuissy-et-Geny,72,02,32
02253,Cuisy-en-Almont,361,02,32
02254,Cutry,126,02,32
02255,Cys-la-Commune,161,02,32
02256,Dagny-Lambercy,123,02,32
02257,Dallon,424,02,32
02258,Dammard,378,02,32
02259,Dampleux,370,02,32
02260,Danizy,609,02,32
02261,Dercy,392,02,32
02262,Deuillet,208,02,32
02263,Dhuizel,114,02,32
02264,Dizy-le-Gros,717,02,32
02265,Dohis,84,02,32
02266,Dolignon,30,02,32
02267,Dommiers,287,02,32
02268,Domptin,654,02,32
02269,Dorengt,148,02,32
02270,Douchy,153,02,32
02271,Dravegny,134,02,32
02272,Droizy,75,02,32
02273,Dury,191,02,32
02274,Ébouleau,164,02,32
02275,Effry,307,02,32
02276,Englancourt,122,02,32
02277,Épagny,337,02,32
02278,Éparcy,38,02,32
02279,Épaux-Bézu,534,02,32
02280,Épieds,395,02,32
02281,L'Épine-aux-Bois,241,02,32
02282,Eppes,438,02,32
02283,Erlon,278,02,32
02284,Erloy,98,02,32
02286,Esquéhéries,847,02,32
02287,Essigny-le-Grand,1072,02,32
02288,Essigny-le-Petit,345,02,32
02289,Essises,399,02,32
02290,Essômes-sur-Marne,2691,02,32
02291,Estrées,408,02,32
02292,Étampes-sur-Marne,1329,02,32
02293,Étaves-et-Bocquiaux,543,02,32
02294,Étouvelles,208,02,32
02295,Étréaupont,839,02,32
02296,Étreillers,1157,02,32
02297,Étrépilly,125,02,32
02298,Étreux,1436,02,32
02299,Évergnicourt,522,02,32
02302,Faverolles,363,02,32
02303,Fayet,724,02,32
02304,La Fère,2796,02,32
02305,Fère-en-Tardenois,2836,02,32
02306,La Ferté-Chevresis,526,02,32
02307,La Ferté-Milon,2027,02,32
02308,Fesmy-le-Sart,519,02,32
02309,Festieux,704,02,32
02310,Fieulaine,249,02,32
02312,La Flamengrie,1103,02,32
02313,Flavigny-le-Grand-et-Beaurain,420,02,32
02315,Flavy-le-Martel,1701,02,32
02316,Fleury,130,02,32
02317,Fluquières,194,02,32
02318,Folembray,1355,02,32
02319,Fonsomme,518,02,32
02320,Fontaine-lès-Clercs,232,02,32
02321,Fontaine-lès-Vervins,862,02,32
02322,Fontaine-Notre-Dame,378,02,32
02323,Fontaine-Uterte,140,02,32
02324,Fontenelle,280,02,32
02326,Fontenoy,483,02,32
02327,Foreste,166,02,32
02328,Fossoy,535,02,32
02329,Fourdrain,404,02,32
02330,Francilly-Selency,463,02,32
02331,Franqueville,106,02,32
02332,Fresnes-en-Tardenois,272,02,32
02333,Fresnes-sous-Coucy,160,02,32
02334,Fresnoy-le-Grand,2890,02,32
02335,Fressancourt,166,02,32
02336,Frières-Faillouël,971,02,32
02337,Froidestrées,198,02,32
02338,Froidmont-Cohartille,236,02,32
02339,Gandelu,683,02,32
02340,Gauchy,5183,02,32
02341,Gercy,258,02,32
02342,Gergny,127,02,32
02343,Germaine,84,02,32
02345,Gibercourt,37,02,32
02346,Gizy,630,02,32
02347,Gland,425,02,32
02349,Goudelancourt-lès-Berrieux,65,02,32
02350,Goudelancourt-lès-Pierrepont,140,02,32
02351,Goussancourt,120,02,32
02352,Gouy,572,02,32
02353,Grandlup-et-Fay,275,02,32
02354,Grandrieux,80,02,32
02355,Gricourt,1011,02,32
02356,Grisolles,227,02,32
02357,Gronard,56,02,32
02358,Grougis,304,02,32
02359,Grugies,1280,02,32
02360,Villeneuve-sur-Aisne,2792,02,32
02361,Guise,4490,02,32
02362,Guivry,238,02,32
02363,Guny,357,02,32
02364,Guyencourt,244,02,32
02366,Hannapes,320,02,32
02367,Happencourt,179,02,32
02368,Haramont,556,02,32
02369,Harcigny,244,02,32
02370,Hargicourt,545,02,32
02371,Harly,1569,02,32
02372,Hartennes-et-Taux,343,02,32
02373,Hary,203,02,32
02374,Lehaucourt,822,02,32
02375,Hautevesnes,165,02,32
02376,Hauteville,189,02,32
02377,Haution,131,02,32
02378,La Hérie,125,02,32
02379,Le Hérie-la-Viéville,192,02,32
02380,Hinacourt,28,02,32
02381,Hirson,8469,02,32
02382,Holnon,1343,02,32
02383,Homblières,1412,02,32
02384,Houry,57,02,32
02385,Housset,170,02,32
02386,Iron,224,02,32
02387,Itancourt,999,02,32
02388,Iviers,218,02,32
02389,Jaulgonne,672,02,32
02390,Jeancourt,251,02,32
02391,Jeantes,229,02,32
02392,Joncourt,328,02,32
02393,Jouaignes,141,02,32
02395,Jumencourt,120,02,32
02396,Jumigny,60,02,32
02397,Jussy,1153,02,32
02398,Juvigny,288,02,32
02399,Juvincourt-et-Damary,604,02,32
02400,Laffaux,149,02,32
02401,Laigny,189,02,32
02402,Lanchy,38,02,32
02403,Landifay-et-Bertaignemont,241,02,32
02404,Landouzy-la-Cour,167,02,32
02405,Landouzy-la-Ville,503,02,32
02406,Landricourt,126,02,32
02407,Laniscourt,216,02,32
02408,Laon,24220,02,32
02409,Lappion,283,02,32
02410,Largny-sur-Automne,239,02,32
02411,Latilly,198,02,32
02412,Launoy,96,02,32
02413,Laval-en-Laonnois,251,02,32
02414,Lavaqueresse,203,02,32
02415,Laversine,155,02,32
02416,Lemé,409,02,32
02417,Lempire,125,02,32
02418,Lerzy,223,02,32
02419,Leschelle,269,02,32
02420,Lesdins,790,02,32
02421,Lesges,83,02,32
02422,Lesquielles-Saint-Germain,754,02,32
02423,Leuilly-sous-Coucy,455,02,32
02424,Leury,101,02,32
02425,Leuze,190,02,32
02426,Levergies,543,02,32
02427,Lhuys,140,02,32
02428,Licy-Clignon,65,02,32
02429,Lierval,117,02,32
02430,Liesse-Notre-Dame,1264,02,32
02431,Liez,385,02,32
02432,Limé,192,02,32
02433,Lislet,220,02,32
02435,Logny-lès-Aubenton,84,02,32
02438,Longpont,249,02,32
02439,Les Septvallons,1232,02,32
02440,Lor,141,02,32
02441,Louâtre,203,02,32
02442,Loupeigne,85,02,32
02443,Lucy-le-Bocage,202,02,32
02444,Lugny,110,02,32
02445,Luzoir,266,02,32
02446,Ly-Fontaine,118,02,32
02447,Maast-et-Violaine,126,02,32
02448,Mâchecourt,108,02,32
02449,Macogny,64,02,32
02450,Macquigny,357,02,32
02451,Magny-la-Fosse,122,02,32
02452,Maissemy,232,02,32
02453,Maizy,392,02,32
02454,La Malmaison,403,02,32
02455,Malzy,178,02,32
02456,Manicamp,311,02,32
02457,Marchais,389,02,32
02458,Dhuys et Morin-en-Brie,821,02,32
02459,Marcy,151,02,32
02460,Marcy-sous-Marle,203,02,32
02461,Marest-Dampcourt,341,02,32
02462,Mareuil-en-Dôle,221,02,32
02463,Marfontaine,83,02,32
02464,Margival,377,02,32
02465,Marigny-en-Orxois,530,02,32
02466,Marizy-Sainte-Geneviève,125,02,32
02467,Marizy-Saint-Mard,47,02,32
02468,Marle,2229,02,32
02469,Marly-Gomont,483,02,32
02470,Martigny,410,02,32
02471,Martigny-Courpierre,130,02,32
02472,Mauregny-en-Haye,398,02,32
02473,Mayot,207,02,32
02474,Mennessis,419,02,32
02476,Mennevret,637,02,32
02477,Mercin-et-Vaux,935,02,32
02478,Merlieux-et-Fouquerolles,253,02,32
02480,Mesbrecourt-Richecourt,320,02,32
02481,Mesnil-Saint-Laurent,435,02,32
02482,Meurival,56,02,32
02483,Mézières-sur-Oise,507,02,32
02484,Mézy-Moulins,558,02,32
02485,Missy-aux-Bois,100,02,32
02486,Missy-lès-Pierrepont,107,02,32
02487,Missy-sur-Aisne,625,02,32
02488,Molain,161,02,32
02489,Molinchart,359,02,32
02490,Monampteuil,122,02,32
02491,Monceau-le-Neuf-et-Faucouzy,320,02,32
02492,Monceau-lès-Leups,426,02,32
02493,Monceau-le-Waast,211,02,32
02494,Monceau-sur-Oise,132,02,32
02495,Mondrepuis,1028,02,32
02496,Monnes,90,02,32
02497,Mons-en-Laonnois,1146,02,32
02498,Montaigu,766,02,32
02499,Montbavin,39,02,32
02500,Montbrehain,816,02,32
02501,Montchâlons,63,02,32
02502,Montcornet,1207,02,32
02503,Mont-d'Origny,839,02,32
02504,Montescourt-Lizerolles,1606,02,32
02505,Montfaucon,209,02,32
02506,Montgobert,200,02,32
02507,Montgru-Saint-Hilaire,30,02,32
02508,Monthenault,140,02,32
02509,Monthiers,157,02,32
02510,Monthurel,135,02,32
02511,Montigny-en-Arrouaise,317,02,32
02512,Montigny-l'Allier,273,02,32
02513,Montigny-le-Franc,141,02,32
02514,Montigny-Lengrain,674,02,32
02515,Montigny-lès-Condé,51,02,32
02516,Montigny-sous-Marle,71,02,32
02517,Montigny-sur-Crécy,306,02,32
02518,Montlevon,279,02,32
02519,Montloué,193,02,32
02520,Mont-Notre-Dame,751,02,32
02521,Montreuil-aux-Lions,1305,02,32
02522,Mont-Saint-Jean,79,02,32
02523,Mont-Saint-Martin,70,02,32
02524,Mont-Saint-Père,684,02,32
02525,Morcourt,544,02,32
02526,Morgny-en-Thiérache,98,02,32
02527,Morsain,469,02,32
02528,Mortefontaine,208,02,32
02529,Mortiers,185,02,32
02530,Moulins,74,02,32
02531,Moussy-Verneuil,141,02,32
02532,Moÿ-de-l'Aisne,994,02,32
02533,Muret-et-Crouttes,117,02,32
02534,Muscourt,44,02,32
02535,Nampcelles-la-Cour,115,02,32
02536,Nampteuil-sous-Muret,88,02,32
02537,Nanteuil-la-Fosse,186,02,32
02538,Nanteuil-Notre-Dame,86,02,32
02539,Nauroy,659,02,32
02540,Nesles-la-Montagne,1189,02,32
02541,Neufchâtel-sur-Aisne,424,02,32
02542,Neuflieux,80,02,32
02543,Neuilly-Saint-Front,1943,02,32
02544,Neuve-Maison,602,02,32
02545,La Neuville-Bosmont,187,02,32
02546,La Neuville-en-Beine,197,02,32
02547,La Neuville-Housset,61,02,32
02548,La Neuville-lès-Dorengt,394,02,32
02549,Neuville-Saint-Amand,848,02,32
02550,Neuville-sur-Ailette,121,02,32
02551,Neuville-sur-Margival,116,02,32
02552,Neuvillette,170,02,32
02553,Nizy-le-Comte,225,02,32
02554,Nogentel,1106,02,32
02555,Nogent-l'Artaud,2134,02,32
02556,Noircourt,68,02,32
02557,Noroy-sur-Ourcq,124,02,32
02558,Le Nouvion-en-Thiérache,2468,02,32
02559,Nouvion-et-Catillon,527,02,32
02560,Nouvion-le-Comte,239,02,32
02561,Nouvion-le-Vineux,143,02,32
02562,Nouvron-Vingré,202,02,32
02563,Noyales,132,02,32
02564,Bernoy-le-Château,825,02,32
02565,Œuilly,293,02,32
02566,Ognes,1109,02,32
02567,Ohis,269,02,32
02568,Oigny-en-Valois,176,02,32
02569,Oisy,438,02,32
02570,Ollezy,169,02,32
02571,Omissy,660,02,32
02572,Orainville,490,02,32
02573,Orgeval,53,02,32
02574,Origny-en-Thiérache,1354,02,32
02575,Origny-Sainte-Benoite,1587,02,32
02576,Osly-Courtil,325,02,32
02577,Ostel,92,02,32
02578,Oulches-la-Vallée-Foulon,80,02,32
02579,Oulchy-la-Ville,131,02,32
02580,Oulchy-le-Château,785,02,32
02581,Paars,309,02,32
02582,Paissy,80,02,32
02583,Pancy-Courtecon,60,02,32
02584,Papleux,114,02,32
02585,Parcy-et-Tigny,245,02,32
02586,Parfondeval,143,02,32
02587,Parfondru,353,02,32
02588,Pargnan,66,02,32
02589,Pargny-et-Filain,367,02,32
02590,Pargny-la-Dhuys,174,02,32
02591,Pargny-les-Bois,142,02,32
02592,Parpeville,191,02,32
02593,Pasly,1100,02,32
02594,Passy-en-Valois,131,02,32
02595,Passy-sur-Marne,139,02,32
02596,Pavant,745,02,32
02598,Pernant,682,02,32
02599,Pierremande,250,02,32
02600,Pierrepont,341,02,32
02601,Pignicourt,173,02,32
02602,Pinon,1637,02,32
02604,Pithon,78,02,32
02605,Pleine-Selve,186,02,32
02606,Le Plessier-Huleu,93,02,32
02607,Ploisy,100,02,32
02608,Plomion,432,02,32
02609,Ployart-et-Vaurseine,24,02,32
02610,Pommiers,726,02,32
02612,Pont-Arcy,115,02,32
02613,Pontavert,605,02,32
02614,Pontru,290,02,32
02615,Pontruet,353,02,32
02616,Pont-Saint-Mard,176,02,32
02617,Pouilly-sur-Serre,490,02,32
02618,Prémont,683,02,32
02619,Prémontré,594,02,32
02620,Presles-et-Boves,320,02,32
02621,Presles-et-Thierny,401,02,32
02622,Priez,56,02,32
02623,Prisces,94,02,32
02624,Proisy,276,02,32
02625,Proix,146,02,32
02626,Prouvais,346,02,32
02627,Proviseux-et-Plesnoy,136,02,32
02628,Puiseux-en-Retz,219,02,32
02629,Puisieux-et-Clanlieu,331,02,32
02631,Quierzy,428,02,32
02632,Quincy-Basse,53,02,32
02633,Quincy-sous-le-Mont,62,02,32
02634,Raillimont,89,02,32
02635,Ramicourt,146,02,32
02636,Regny,187,02,32
02637,Remaucourt,265,02,32
02638,Remies,241,02,32
02639,Remigny,339,02,32
02640,Renansart,144,02,32
02641,Renneval,135,02,32
02642,Résigny,157,02,32
02643,Ressons-le-Long,790,02,32
02644,Retheuil,360,02,32
02645,Reuilly-Sauvigny,225,02,32
02647,Ribeauville,86,02,32
02648,Ribemont,1931,02,32
02649,Rocourt-Saint-Martin,299,02,32
02650,Rocquigny,359,02,32
02651,Rogécourt,88,02,32
02652,Rogny,95,02,32
02653,Romeny-sur-Marne,450,02,32
02654,Romery,83,02,32
02655,Ronchères,155,02,32
02656,Roucy,365,02,32
02657,Rougeries,200,02,32
02658,Roupy,237,02,32
02659,Rouvroy,506,02,32
02660,Rouvroy-sur-Serre,45,02,32
02661,Royaucourt-et-Chailvet,226,02,32
02662,Rozet-Saint-Albin,335,02,32
02663,Rozières-sur-Crise,239,02,32
02664,Rozoy-Bellevalle,122,02,32
02665,Grand-Rozoy,299,02,32
02666,Rozoy-sur-Serre,917,02,32
02667,Saconin-et-Breuil,202,02,32
02668,Sains-Richaumont,923,02,32
02670,Saint-Algis,148,02,32
02671,Saint-Aubin,276,02,32
02672,Saint-Bandry,234,02,32
02673,Saint-Christophe-à-Berry,441,02,32
02674,Saint-Clément,44,02,32
02675,Sainte-Croix,127,02,32
02676,Saint-Erme-Outre-et-Ramecourt,1697,02,32
02677,Saint-Eugène,232,02,32
02678,Sainte-Geneviève,73,02,32
02679,Saint-Gengoulph,152,02,32
02680,Saint-Gobain,2288,02,32
02681,Saint-Gobert,281,02,32
02682,Saint-Mard,116,02,32
02683,Saint-Martin-Rivière,118,02,32
02684,Saint-Michel,3199,02,32
02685,Saint-Nicolas-aux-Bois,110,02,32
02686,Saint-Paul-aux-Bois,370,02,32
02687,Saint-Pierre-Aigle,328,02,32
02688,Saint-Pierre-lès-Franqueville,39,02,32
02689,Saint-Pierremont,41,02,32
02690,Sainte-Preuve,67,02,32
02691,Saint-Quentin,52813,02,32
02693,Saint-Rémy-Blanzy,226,02,32
02694,Saint-Simon,593,02,32
02696,Saint-Thomas,71,02,32
02697,Samoussy,384,02,32
02698,Sancy-les-Cheminots,101,02,32
02699,Saponay,266,02,32
02701,Saulchery,687,02,32
02702,Savy,618,02,32
02703,Seboncourt,1087,02,32
02704,Selens,202,02,32
02705,La Selve,201,02,32
02706,Septmonts,576,02,32
02707,Septvaux,179,02,32
02708,Sequehart,219,02,32
02709,Serain,380,02,32
02710,Seraucourt-le-Grand,706,02,32
02711,Serches,273,02,32
02712,Sergy,139,02,32
02713,Seringes-et-Nesles,273,02,32
02714,Sermoise,340,02,32
02715,Serval,42,02,32
02716,Servais,287,02,32
02717,Séry-lès-Mézières,601,02,32
02718,Silly-la-Poterie,112,02,32
02719,Sinceny,2005,02,32
02720,Sissonne,2065,02,32
02721,Sissy,505,02,32
02722,Soissons,28046,02,32
02723,Soize,95,02,32
02724,Sommelans,56,02,32
02725,Sommeron,134,02,32
02726,Sommette-Eaucourt,178,02,32
02727,Sons-et-Ronchères,205,02,32
02728,Sorbais,266,02,32
02729,Soucy,74,02,32
02730,Soupir,272,02,32
02731,Le Sourd,155,02,32
02732,Surfontaine,92,02,32
02734,Taillefontaine,257,02,32
02735,Tannières,16,02,32
02736,Tartiers,162,02,32
02737,Tavaux-et-Pontséricourt,543,02,32
02738,Tergnier,13045,02,32
02739,Terny-Sorny,317,02,32
02740,Thenailles,220,02,32
02741,Thenelles,541,02,32
02742,Thiernu,122,02,32
02743,Le Thuel,158,02,32
02744,Torcy-en-Valois,81,02,32
02745,Toulis-et-Attencourt,110,02,32
02746,Travecy,685,02,32
02747,Trefcon,80,02,32
02748,Trélou-sur-Marne,952,02,32
02749,Troësnes,207,02,32
02750,Trosly-Loire,541,02,32
02751,Trucy,139,02,32
02752,Tugny-et-Pont,282,02,32
02753,Tupigny,341,02,32
02754,Ugny-le-Gay,187,02,32
02755,Urcel,534,02,32
02756,Urvillers,687,02,32
02757,Vadencourt,505,02,32
02758,Vailly-sur-Aisne,2050,02,32
02759,La Vallée-au-Blé,355,02,32
02760,La Vallée-Mulâtre,152,02,32
02761,Variscourt,217,02,32
02762,Vassens,172,02,32
02763,Vasseny,197,02,32
02764,Vassogne,92,02,32
02765,Vaucelles-et-Beffecourt,230,02,32
02766,Vaudesson,237,02,32
02767,Vauxrezis,323,02,32
02768,Vauxaillon,498,02,32
02769,Vaux-Andigny,924,02,32
02770,Vauxbuin,763,02,32
02772,Vaux-en-Vermandois,142,02,32
02773,Vauxtin,43,02,32
02774,Vendelles,123,02,32
02775,Vendeuil,923,02,32
02776,Vendhuile,585,02,32
02777,Vendières,133,02,32
02778,Vendresse-Beaulne,101,02,32
02779,Vénérolles,229,02,32
02780,Venizel,1324,02,32
02781,Verdilly,443,02,32
02782,Le Verguier,212,02,32
02783,Grand-Verly,124,02,32
02784,Petit-Verly,155,02,32
02785,Vermand,1104,02,32
02786,Verneuil-sous-Coucy,139,02,32
02787,Verneuil-sur-Serre,249,02,32
02788,Versigny,470,02,32
02789,Vervins,2549,02,32
02790,Vesles-et-Caumont,235,02,32
02791,Veslud,270,02,32
02792,Veuilly-la-Poterie,155,02,32
02793,Vézaponin,113,02,32
02794,Vézilly,181,02,32
02795,Vic-sur-Aisne,1608,02,32
02796,Vichel-Nanteuil,93,02,32
02797,Viel-Arcy,166,02,32
02798,Viels-Maisons,1192,02,32
02799,Vierzy,384,02,32
02800,Viffort,310,02,32
02801,Vigneux-Hocquet,262,02,32
02802,La Ville-aux-Bois-lès-Dizy,204,02,32
02803,La Ville-aux-Bois-lès-Pontavert,150,02,32
02804,Villemontoire,219,02,32
02805,Villeneuve-Saint-Germain,2616,02,32
02806,Villeneuve-sur-Fère,277,02,32
02807,Villequier-Aumont,684,02,32
02808,Villeret,263,02,32
02809,Villers-Agron-Aiguizy,75,02,32
02810,Villers-Cotterêts,10489,02,32
02812,Villers-Hélon,193,02,32
02813,Villers-le-Sec,262,02,32
02814,Villers-lès-Guise,166,02,32
02815,Villers-Saint-Christophe,418,02,32
02816,Villers-sur-Fère,508,02,32
02817,Ville-Savoye,84,02,32
02818,Villiers-Saint-Denis,997,02,32
02819,Vincy-Reuil-et-Magny,101,02,32
02820,Viry-Noureuil,1651,02,32
02821,Vivaise,654,02,32
02822,Vivières,403,02,32
02823,Voharies,70,02,32
02824,Vorges,383,02,32
02826,Voulpaix,348,02,32
02827,Voyenne,312,02,32
02828,Vregny,89,02,32
02829,Vuillery,43,02,32
02830,Wassigny,927,02,32
02831,Watigny,350,02,32
02832,Wiège-Faty,179,02,32
02833,Wimy,460,02,32
02834,Wissignicourt,145,02,32
59001,Abancourt,441,59,32
59002,Abscon,4108,59,32
59003,Aibes,350,59,32
59004,Aix-en-Pévèle,1338,59,32
59005,Allennes-les-Marais,3545,59,32
59006,L'Orée de Mormal,619,59,32
59007,Anhiers,888,59,32
59008,Aniche,9963,59,32
59009,Villeneuve-d'Ascq,62868,59,32
59010,Anneux,258,59,32
59011,Annœullin,10847,59,32
59012,Anor,3099,59,32
59013,Anstaing,1631,59,32
59014,Anzin,13183,59,32
59015,Arleux,3125,59,32
59016,Armbouts-Cappel,2077,59,32
59017,Armentières,26998,59,32
59018,Arnèke,1594,59,32
59019,Artres,1082,59,32
59021,Assevent,1769,59,32
59022,Attiches,2245,59,32
59023,Aubencheul-au-Bac,549,59,32
59024,Auberchicourt,4626,59,32
59025,Aubers,1749,59,32
59026,Aubigny-au-Bac,1143,59,32
59027,Aubry-du-Hainaut,1705,59,32
59028,Auby,7083,59,32
59029,Auchy-lez-Orchies,1599,59,32
59031,Audignies,359,59,32
59032,Aulnoy-lez-Valenciennes,7080,59,32
59033,Aulnoye-Aymeries,8612,59,32
59034,Avelin,2561,59,32
59035,Avesnelles,2232,59,32
59036,Avesnes-sur-Helpe,4012,59,32
59037,Avesnes-les-Aubert,3562,59,32
59038,Avesnes-le-Sec,1458,59,32
59039,Awoingt,757,59,32
59041,Bachant,2230,59,32
59042,Bachy,1898,59,32
59043,Bailleul,14732,59,32
59044,Baisieux,5545,59,32
59045,Baives,158,59,32
59046,Bambecque,845,59,32
59047,Banteux,339,59,32
59048,Bantigny,494,59,32
59049,Bantouzelle,441,59,32
59050,Bas-Lieu,348,59,32
59051,La Bassée,6650,59,32
59052,Bauvin,5249,59,32
59053,Bavay,3249,59,32
59054,Bavinchove,1045,59,32
59055,Bazuel,551,59,32
59056,Beaucamps-Ligny,845,59,32
59057,Beaudignies,574,59,32
59058,Beaufort,995,59,32
59059,Beaumont-en-Cambrésis,458,59,32
59060,Beaurain,234,59,32
59061,Beaurepaire-sur-Sambre,272,59,32
59062,Beaurieux,169,59,32
59063,Beauvois-en-Cambrésis,1933,59,32
59064,Bellaing,1301,59,32
59065,Bellignies,810,59,32
59066,Bérelles,163,59,32
59067,Bergues,3525,59,32
59068,Berlaimont,3159,59,32
59069,Bermerain,778,59,32
59071,Bersée,2318,59,32
59072,Bersillies,237,59,32
59073,Berthen,627,59,32
59074,Bertry,2140,59,32
59075,Béthencourt,689,59,32
59076,Bettignies,343,59,32
59077,Bettrechies,253,59,32
59078,Beugnies,599,59,32
59079,Beuvrages,6796,59,32
59080,Beuvry-la-Forêt,2861,59,32
59081,Bévillers,529,59,32
59082,Bierne,1716,59,32
59083,Bissezeele,239,59,32
59084,Blaringhem,2008,59,32
59085,Blécourt,313,59,32
59086,Boeschepe,2244,59,32
59087,Boëseghem,766,59,32
59088,Bois-Grenier,1775,59,32
59089,Bollezeele,1445,59,32
59090,Bondues,9747,59,32
59091,Borre,553,59,32
59092,Bouchain,4113,59,32
59093,Boulogne-sur-Helpe,291,59,32
59094,Bourbourg,6931,59,32
59096,Bourghelles,1682,59,32
59097,Boursies,360,59,32
59098,Bousbecque,4978,59,32
59099,Bousies,1769,59,32
59100,Bousignies,339,59,32
59101,Bousignies-sur-Roc,369,59,32
59102,Boussières-en-Cambrésis,436,59,32
59103,Boussières-sur-Sambre,522,59,32
59104,Boussois,3123,59,32
59105,Bouvignies,1580,59,32
59106,Bouvines,766,59,32
59107,Bray-Dunes,4189,59,32
59108,Briastre,689,59,32
59109,Brillon,771,59,32
59110,Brouckerque,1452,59,32
59111,Broxeele,425,59,32
59112,Bruay-sur-l'Escaut,11644,59,32
59113,Bruille-lez-Marchiennes,1340,59,32
59114,Bruille-Saint-Amand,1698,59,32
59115,Brunémont,704,59,32
59116,Bry,390,59,32
59117,Bugnicourt,1095,59,32
59118,Busigny,2435,59,32
59119,Buysscheure,582,59,32
59120,Caëstre,1951,59,32
59121,Cagnoncles,663,59,32
59122,Cambrai,31134,59,32
59123,Camphin-en-Carembault,1737,59,32
59124,Camphin-en-Pévèle,2518,59,32
59125,Cantaing-sur-Escaut,410,59,32
59126,Cantin,1741,59,32
59127,Capelle,135,59,32
59128,Capinghem,2728,59,32
59129,Cappelle-en-Pévèle,2257,59,32
59130,Cappelle-Brouck,1169,59,32
59131,Cappelle-la-Grande,7839,59,32
59132,Carnières,983,59,32
59133,Carnin,1105,59,32
59134,Cartignies,1209,59,32
59135,Cassel,2198,59,32
59136,Le Cateau-Cambrésis,6764,59,32
59137,Catillon-sur-Sambre,781,59,32
59138,Cattenières,689,59,32
59139,Caudry,13833,59,32
59140,Caullery,467,59,32
59141,Cauroir,579,59,32
59142,Cerfontaine,646,59,32
59143,La Chapelle-d'Armentières,8754,59,32
59144,Château-l'Abbaye,917,59,32
59145,Chemy,766,59,32
59146,Chéreng,3078,59,32
59147,Choisies,43,59,32
59148,Clairfayts,357,59,32
59149,Clary,1088,59,32
59150,Cobrieux,563,59,32
59151,Colleret,1541,59,32
59152,Comines,12731,59,32
59153,Condé-sur-l'Escaut,9253,59,32
59155,Coudekerque-Branche,20787,59,32
59156,Courchelettes,2855,59,32
59157,Cousolre,2153,59,32
59158,Coutiches,3436,59,32
59159,Craywick,791,59,32
59160,Crespin,4532,59,32
59161,Crèvecœur-sur-l'Escaut,716,59,32
59162,Crochte,659,59,32
59163,Croix,20566,59,32
59164,Croix-Caluyau,238,59,32
59165,Cuincy,6467,59,32
59166,Curgies,1333,59,32
59167,Cuvillers,177,59,32
59168,Cysoing,4839,59,32
59169,Damousies,205,59,32
59170,Dechy,5338,59,32
59171,Dehéries,43,59,32
59172,Denain,20665,59,32
59173,Deûlémont,1778,59,32
59174,Dimechaux,327,59,32
59175,Dimont,289,59,32
59176,Doignies,325,59,32
59177,Dompierre-sur-Helpe,815,59,32
59178,Douai,40250,59,32
59179,Douchy-les-Mines,10109,59,32
59180,Le Doulieu,1436,59,32
59181,Dourlers,536,59,32
59182,Drincham,281,59,32
59183,Dunkerque,86263,59,32
59184,Ebblinghem,660,59,32
59185,Écaillon,1869,59,32
59186,Eccles,94,59,32
59187,Éclaibes,269,59,32
59188,Écuélin,145,59,32
59189,Eecke,1213,59,32
59190,Élesmes,1013,59,32
59191,Élincourt,606,59,32
59192,Émerchicourt,804,59,32
59193,Emmerin,3026,59,32
59194,Englefontaine,1291,59,32
59195,Englos,618,59,32
59196,Ennetières-en-Weppes,1280,59,32
59197,Ennevelin,2416,59,32
59198,Eppe-Sauvage,237,59,32
59199,Erchin,670,59,32
59200,Eringhem,462,59,32
59201,Erquinghem-le-Sec,620,59,32
59202,Erquinghem-Lys,5341,59,32
59203,Erre,1586,59,32
59204,Escarmain,479,59,32
59205,Escaudain,9039,59,32
59206,Escaudœuvres,3171,59,32
59207,Escautpont,4202,59,32
59208,Escobecques,302,59,32
59209,Esnes,656,59,32
59210,Esquelbecq,2137,59,32
59211,Esquerchin,893,59,32
59212,Estaires,6525,59,32
59213,Estourmel,475,59,32
59214,Estrées,1134,59,32
59215,Estreux,937,59,32
59216,Eswars,363,59,32
59217,Eth,328,59,32
59218,Étrœungt,1233,59,32
59219,Estrun,725,59,32
59220,Faches-Thumesnil,18619,59,32
59221,Famars,2474,59,32
59222,Faumont,2278,59,32
59223,Le Favril,506,59,32
59224,Féchain,1635,59,32
59225,Feignies,6703,59,32
59226,Felleries,1433,59,32
59227,Fenain,5441,59,32
59228,Férin,1432,59,32
59229,Féron,514,59,32
59230,Ferrière-la-Grande,5131,59,32
59231,Ferrière-la-Petite,1024,59,32
59232,La Flamengrie,431,59,32
59233,Flaumont-Waudrechies,342,59,32
59234,Flers-en-Escrebieux,5424,59,32
59236,Flesquières,276,59,32
59237,Flêtre,923,59,32
59238,Flines-lès-Mortagne,1685,59,32
59239,Flines-lez-Raches,5745,59,32
59240,Floursies,131,59,32
59241,Floyon,505,59,32
59242,Fontaine-au-Bois,687,59,32
59243,Fontaine-au-Pire,1214,59,32
59244,Fontaine-Notre-Dame,1754,59,32
59246,Forest-en-Cambrésis,549,59,32
59247,Forest-sur-Marque,1662,59,32
59249,Fourmies,11449,59,32
59250,Fournes-en-Weppes,2179,59,32
59251,Frasnoy,389,59,32
59252,Frelinghien,2609,59,32
59253,Fresnes-sur-Escaut,7354,59,32
59254,Fressain,919,59,32
59255,Fressies,571,59,32
59256,Fretin,3214,59,32
59257,Fromelles,1161,59,32
59258,Genech,2803,59,32
59259,Ghissignies,505,59,32
59260,Ghyvelde,4133,59,32
59261,Glageon,1699,59,32
59262,Godewaersvelde,2024,59,32
59263,Gœulzin,1070,59,32
59264,Gognies-Chaussée,723,59,32
59265,Gommegnies,2264,59,32
59266,Gondecourt,4148,59,32
59267,Gonnelieu,279,59,32
59268,La Gorgue,5616,59,32
59269,Gouzeaucourt,1413,59,32
59270,Grand-Fayt,473,59,32
59271,Grande-Synthe,20239,59,32
59272,Grand-Fort-Philippe,4887,59,32
59273,Gravelines,11430,59,32
59274,La Groise,464,59,32
59275,Gruson,1207,59,32
59276,Guesnain,4635,59,32
59277,Gussignies,353,59,32
59278,Hallennes-lez-Haubourdin,4683,59,32
59279,Halluin,20715,59,32
59280,Hamel,797,59,32
59281,Hantay,1244,59,32
59282,Hardifort,385,59,32
59283,Hargnies,599,59,32
59284,Hasnon,3849,59,32
59285,Haspres,2626,59,32
59286,Haubourdin,15074,59,32
59287,Haucourt-en-Cambrésis,193,59,32
59288,Haulchin,2281,59,32
59289,Haussy,1451,59,32
59290,Haut-Lieu,361,59,32
59291,Hautmont,14152,59,32
59292,Haveluy,3222,59,32
59293,Haverskerque,1376,59,32
59294,Haynecourt,307,59,32
59295,Hazebrouck,21912,59,32
59296,Hecq,353,59,32
59297,Hélesmes,1907,59,32
59299,Hem,18582,59,32
59300,Hem-Lenglet,565,59,32
59301,Hergnies,4479,59,32
59302,Hérin,4169,59,32
59303,Herlies,2267,59,32
59304,Herrin,425,59,32
59305,Herzeele,1638,59,32
59306,Hestrud,288,59,32
59307,Holque,837,59,32
59308,Hondeghem,916,59,32
59309,Hondschoote,3957,59,32
59310,Hon-Hergies,867,59,32
59311,Honnechy,541,59,32
59312,Honnecourt-sur-Escaut,710,59,32
59313,Hordain,1446,59,32
59314,Hornaing,3496,59,32
59315,Houdain-lez-Bavay,902,59,32
59316,Houplin-Ancoisne,3326,59,32
59317,Houplines,7921,59,32
59318,Houtkerque,978,59,32
59319,Hoymille,3259,59,32
59320,Illies,1712,59,32
59321,Inchy,619,59,32
59322,Iwuy,3403,59,32
59323,Jenlain,1115,59,32
59324,Jeumont,10160,59,32
59325,Jolimetz,856,59,32
59326,Killem,1164,59,32
59327,Lallaing,6287,59,32
59328,Lambersart,27090,59,32
59329,Lambres-lez-Douai,4883,59,32
59330,Landas,2518,59,32
59331,Landrecies,3407,59,32
59332,Lannoy,1812,59,32
59333,Larouillies,231,59,32
59334,Lauwin-Planque,1608,59,32
59335,Lecelles,3046,59,32
59336,Lécluse,1346,59,32
59337,Lederzeele,703,59,32
59338,Ledringhem,611,59,32
59339,Leers,9521,59,32
59340,Leffrinckoucke,4078,59,32
59341,Lesdain,432,59,32
59342,Lez-Fontaine,236,59,32
59343,Lesquin,9600,59,32
59344,Leval,2474,59,32
59345,Lewarde,2353,59,32
59346,Lezennes,2978,59,32
59347,Liessies,527,59,32
59348,Lieu-Saint-Amand,1462,59,32
59349,Ligny-en-Cambrésis,1847,59,32
59350,Lille,238246,59,32
59351,Limont-Fontaine,525,59,32
59352,Linselles,8161,59,32
59353,Locquignol,301,59,32
59354,Loffre,712,59,32
59356,Lompret,2155,59,32
59357,La Longueville,2057,59,32
59358,Looberghe,1228,59,32
59359,Loon-Plage,5952,59,32
59360,Loos,22567,59,32
59361,Lourches,3734,59,32
59363,Louvignies-Quesnoy,899,59,32
59364,Louvil,922,59,32
59365,Louvroil,6294,59,32
59366,Lynde,783,59,32
59367,Lys-lez-Lannoy,14050,59,32
59368,La Madeleine,21790,59,32
59369,Maing,3954,59,32
59370,Mairieux,699,59,32
59371,Le Maisnil,628,59,32
59372,Malincourt,498,59,32
59374,Marbaix,461,59,32
59375,Marchiennes,4507,59,32
59377,Marcoing,1841,59,32
59378,Marcq-en-Barœul,40184,59,32
59379,Marcq-en-Ostrevent,741,59,32
59381,Maresches,808,59,32
59382,Maretz,1402,59,32
59383,Marly,11995,59,32
59384,Maroilles,1454,59,32
59385,Marpent,2653,59,32
59386,Marquette-lez-Lille,12622,59,32
59387,Marquette-en-Ostrevant,1943,59,32
59388,Marquillies,1961,59,32
59389,Masnières,2689,59,32
59390,Masny,3999,59,32
59391,Mastaing,911,59,32
59392,Maubeuge,28767,59,32
59393,Maulde,949,59,32
59394,Maurois,405,59,32
59395,Mazinghien,279,59,32
59396,Mecquignies,695,59,32
59397,Merckeghem,615,59,32
59398,Mérignies,3527,59,32
59399,Merris,1106,59,32
59400,Merville,9808,59,32
59401,Méteren,2231,59,32
59402,Millam,838,59,32
59403,Millonfosse,705,59,32
59405,Mœuvres,490,59,32
59406,Monceau-Saint-Waast,419,59,32
59407,Monchaux-sur-Écaillon,616,59,32
59408,Moncheaux,1663,59,32
59409,Monchecourt,2516,59,32
59410,Mons-en-Barœul,21105,59,32
59411,Mons-en-Pévèle,2075,59,32
59412,Montay,276,59,32
59413,Montigny-en-Cambrésis,552,59,32
59414,Montigny-en-Ostrevent,4495,59,32
59415,Montrécourt,228,59,32
59416,Morbecque,2573,59,32
59418,Mortagne-du-Nord,1599,59,32
59419,Mouchin,1491,59,32
59420,Moustier-en-Fagne,61,59,32
59421,Mouvaux,13369,59,32
59422,Naves,620,59,32
59423,Neuf-Berquin,1417,59,32
59424,Neuf-Mesnil,1286,59,32
59425,Neuville-en-Avesnois,298,59,32
59426,Neuville-en-Ferrain,10002,59,32
59427,La Neuville,593,59,32
59428,Neuville-Saint-Rémy,4012,59,32
59429,Neuville-sur-Escaut,2901,59,32
59430,Neuvilly,1103,59,32
59431,Nieppe,7764,59,32
59432,Niergnies,509,59,32
59433,Nieurlet,908,59,32
59434,Nivelle,1406,59,32
59435,Nomain,2651,59,32
59436,Noordpeene,825,59,32
59437,Noyelles-lès-Seclin,838,59,32
59438,Noyelles-sur-Escaut,816,59,32
59439,Noyelles-sur-Sambre,283,59,32
59440,Noyelles-sur-Selle,657,59,32
59441,Obies,660,59,32
59442,Obrechies,283,59,32
59443,Ochtezeele,351,59,32
59444,Odomez,945,59,32
59445,Ohain,1171,59,32
59446,Oisy,699,59,32
59447,Onnaing,8479,59,32
59448,Oost-Cappel,463,59,32
59449,Orchies,8396,59,32
59450,Ors,644,59,32
59451,Orsinval,564,59,32
59452,Ostricourt,6097,59,32
59453,Oudezeele,690,59,32
59454,Oxelaëre,540,59,32
59455,Paillencourt,1030,59,32
59456,Pecquencourt,6092,59,32
59457,Pérenchies,8455,59,32
59458,Péronne-en-Mélantois,1025,59,32
59459,Petite-Forêt,5054,59,32
59461,Petit-Fayt,286,59,32
59462,Phalempin,4847,59,32
59463,Pitgam,1007,59,32
59464,Poix-du-Nord,2126,59,32
59465,Pommereuil,765,59,32
59466,Pont-à-Marcq,3016,59,32
59467,Pont-sur-Sambre,2371,59,32
59468,Potelle,439,59,32
59469,Pradelles,399,59,32
59470,Prémesques,2031,59,32
59471,Préseau,2100,59,32
59472,Preux-au-Bois,832,59,32
59473,Preux-au-Sart,300,59,32
59474,Prisches,1000,59,32
59475,Prouvy,2178,59,32
59476,Proville,3206,59,32
59477,Provin,4428,59,32
59478,Quaëdypre,1108,59,32
59479,Quarouble,3145,59,32
59480,Quérénaing,865,59,32
59481,Le Quesnoy,4878,59,32
59482,Quesnoy-sur-Deûle,6805,59,32
59483,Quiévelon,135,59,32
59484,Quiévrechain,5949,59,32
59485,Quiévy,1803,59,32
59486,Râches,2672,59,32
59487,Radinghem-en-Weppes,1410,59,32
59488,Raillencourt-Sainte-Olle,2127,59,32
59489,Raimbeaucourt,4000,59,32
59490,Rainsars,197,59,32
59491,Raismes,12199,59,32
59492,Ramillies,579,59,32
59493,Ramousies,220,59,32
59494,Raucourt-au-Bois,150,59,32
59495,Recquignies,2338,59,32
59496,Rejet-de-Beaulieu,241,59,32
59497,Renescure,2113,59,32
59498,Reumont,337,59,32
59499,Rexpoëde,1976,59,32
59500,Ribécourt-la-Tour,380,59,32
59501,Rieulay,1261,59,32
59502,Rieux-en-Cambrésis,1425,59,32
59503,Robersart,201,59,32
59504,Rœulx,3743,59,32
59505,Rombies-et-Marchipont,741,59,32
59506,Romeries,471,59,32
59507,Ronchin,19787,59,32
59508,Roncq,14075,59,32
59509,Roost-Warendin,5956,59,32
59511,Rosult,2022,59,32
59512,Roubaix,98286,59,32
59513,Roucourt,456,59,32
59514,Rousies,3980,59,32
59515,Rouvignies,655,59,32
59516,Rubrouck,899,59,32
59517,Les Rues-des-Vignes,737,59,32
59518,Ruesnes,448,59,32
59519,Rumegies,1722,59,32
59520,Rumilly-en-Cambrésis,1431,59,32
59521,Sailly-lez-Cambrai,409,59,32
59522,Sailly-lez-Lannoy,1923,59,32
59523,Sainghin-en-Mélantois,2840,59,32
59524,Sainghin-en-Weppes,5638,59,32
59525,Sains-du-Nord,2755,59,32
59526,Saint-Amand-les-Eaux,15974,59,32
59527,Saint-André-lez-Lille,13233,59,32
59528,Saint-Aubert,1570,59,32
59529,Saint-Aubin,328,59,32
59530,Saint-Aybert,328,59,32
59531,Saint-Benin,343,59,32
59532,Saint-Georges-sur-l'Aa,287,59,32
59533,Saint-Hilaire-lez-Cambrai,1558,59,32
59534,Saint-Hilaire-sur-Helpe,733,59,32
59535,Saint-Jans-Cappel,1598,59,32
59536,Sainte-Marie-Cappel,825,59,32
59537,Saint-Martin-sur-Écaillon,483,59,32
59538,Saint-Momelin,410,59,32
59539,Saint-Pierre-Brouck,989,59,32
59541,Saint-Python,978,59,32
59542,Saint-Remy-Chaussée,469,59,32
59543,Saint-Remy-du-Nord,1054,59,32
59544,Saint-Saulve,10947,59,32
59545,Saint-Souplet,1191,59,32
59546,Saint-Sylvestre-Cappel,1144,59,32
59547,Saint-Vaast-en-Cambrésis,871,59,32
59548,Saint-Waast,686,59,32
59549,Salesches,327,59,32
59550,Salomé,3182,59,32
59551,Saméon,1704,59,32
59552,Sancourt,190,59,32
59553,Santes,5652,59,32
59554,Sars-et-Rosières,620,59,32
59555,Sars-Poteries,1402,59,32
59556,Sassegnies,260,59,32
59557,Saultain,2499,59,32
59558,Saulzoir,1672,59,32
59559,Sebourg,1967,59,32
59560,Seclin,13261,59,32
59562,Sémeries,520,59,32
59563,Semousies,227,59,32
59564,La Sentinelle,3103,59,32
59565,Sepmeries,640,59,32
59566,Sequedin,4675,59,32
59567,Séranvillers-Forenville,416,59,32
59568,Sercus,486,59,32
59569,Sin-le-Noble,16076,59,32
59570,Socx,869,59,32
59571,Solesmes,4142,59,32
59572,Solre-le-Château,1796,59,32
59573,Solrinnes,142,59,32
59574,Somain,11766,59,32
59575,Sommaing,397,59,32
59576,Spycker,1718,59,32
59577,Staple,756,59,32
59578,Steenbecque,1602,59,32
59579,Steene,1405,59,32
59580,Steenvoorde,4332,59,32
59581,Steenwerck,3450,59,32
59582,Strazeele,942,59,32
59583,Taisnières-en-Thiérache,475,59,32
59584,Taisnières-sur-Hon,963,59,32
59585,Templemars,3669,59,32
59586,Templeuve-en-Pévèle,7202,59,32
59587,Terdeghem,519,59,32
59588,Téteghem-Coudekerque-Village,8247,59,32
59589,Thiant,2914,59,32
59590,Thiennes,920,59,32
59591,Thivencelle,817,59,32
59592,Thumeries,4170,59,32
59593,Thun-l'Évêque,788,59,32
59594,Thun-Saint-Amand,1106,59,32
59595,Thun-Saint-Martin,543,59,32
59596,Tilloy-lez-Marchiennes,536,59,32
59597,Tilloy-lez-Cambrai,695,59,32
59598,Toufflers,3957,59,32
59599,Tourcoing,98772,59,32
59600,Tourmignies,936,59,32
59601,Trélon,2604,59,32
59602,Tressin,1386,59,32
59603,Trith-Saint-Léger,6019,59,32
59604,Troisvilles,805,59,32
59605,Uxem,1518,59,32
59606,Valenciennes,43468,59,32
59607,Vendegies-au-Bois,482,59,32
59608,Vendegies-sur-Écaillon,1123,59,32
59609,Vendeville,1654,59,32
59610,Verchain-Maugré,1103,59,32
59611,Verlinghem,2682,59,32
59612,Vertain,535,59,32
59613,Vicq,1464,59,32
59614,Viesly,1364,59,32
59615,Vieux-Berquin,2628,59,32
59616,Vieux-Condé,10617,59,32
59617,Vieux-Mesnil,641,59,32
59618,Vieux-Reng,938,59,32
59619,Villereau,1084,59,32
59620,Villers-au-Tertre,670,59,32
59622,Villers-en-Cauchies,1151,59,32
59623,Villers-Guislain,684,59,32
59624,Villers-Outréaux,2117,59,32
59625,Villers-Plouich,390,59,32
59626,Villers-Pol,1197,59,32
59627,Villers-Sire-Nicole,1009,59,32
59628,Volckerinckhove,573,59,32
59629,Vred,1302,59,32
59630,Wahagnies,2613,59,32
59631,Walincourt-Selvigny,2081,59,32
59632,Wallers,5633,59,32
59633,Wallers-en-Fagne,284,59,32
59634,Wallon-Cappel,808,59,32
59635,Wambaix,381,59,32
59636,Wambrechies,11012,59,32
59637,Wandignies-Hamage,1301,59,32
59638,Wannehain,1338,59,32
59639,Wargnies-le-Grand,1125,59,32
59640,Wargnies-le-Petit,771,59,32
59641,Warhem,2020,59,32
59642,Warlaing,603,59,32
59643,Warneton,231,59,32
59645,Wasnes-au-Bac,604,59,32
59646,Wasquehal,20726,59,32
59647,Watten,2564,59,32
59648,Wattignies,15525,59,32
59649,Wattignies-la-Victoire,240,59,32
59650,Wattrelos,40847,59,32
59651,Wavrechain-sous-Denain,1599,59,32
59652,Wavrechain-sous-Faulx,440,59,32
59653,Wavrin,7758,59,32
59654,Waziers,7266,59,32
59655,Wemaers-Cappel,225,59,32
59656,Wervicq-Sud,5426,59,32
59657,West-Cappel,644,59,32
59658,Wicres,581,59,32
59659,Wignehies,2804,59,32
59660,Willems,2941,59,32
59661,Willies,128,59,32
59662,Winnezeele,1261,59,32
59663,Wormhout,5584,59,32
59664,Wulverdinghe,334,59,32
59665,Wylder,298,59,32
59666,Zegerscappel,1562,59,32
59667,Zermezeele,252,59,32
59668,Zuydcoote,1630,59,32
59669,Zuytpeene,557,59,32
59670,Don,1387,59,32
60001,Abancourt,569,60,32
60002,Abbecourt,879,60,32
60003,Abbeville-Saint-Lucien,499,60,32
60004,Achy,408,60,32
60005,Acy-en-Multien,821,60,32
60006,Les Ageux,1153,60,32
60007,Agnetz,3058,60,32
60008,Airion,409,60,32
60009,Allonne,1767,60,32
60010,Amblainville,1805,60,32
60011,Amy,419,60,32
60012,Andeville,3434,60,32
60013,Angicourt,1345,60,32
60014,Angivillers,155,60,32
60015,Angy,1124,60,32
60016,Ansacq,273,60,32
60017,Ansauvillers,1134,60,32
60019,Antheuil-Portes,408,60,32
60020,Antilly,273,60,32
60021,Appilly,498,60,32
60022,Apremont,636,60,32
60023,Armancourt,548,60,32
60024,Arsy,832,60,32
60025,Attichy,1857,60,32
60026,Auchy-la-Montagne,562,60,32
60027,Auger-Saint-Vincent,515,60,32
60028,Aumont-en-Halatte,567,60,32
60029,Auneuil,2898,60,32
60030,Auteuil,554,60,32
60031,Autheuil-en-Valois,265,60,32
60032,Autrêches,738,60,32
60033,Avilly-Saint-Léonard,852,60,32
60034,Avrechy,1147,60,32
60035,Avricourt,232,60,32
60036,Avrigny,404,60,32
60037,Babœuf,508,60,32
60039,Bacouël,477,60,32
60040,Bailleul-le-Soc,645,60,32
60041,Bailleul-sur-Thérain,2330,60,32
60042,Bailleval,1483,60,32
60043,Bailly,599,60,32
60044,Balagny-sur-Thérain,1628,60,32
60045,Barbery,528,60,32
60046,Bargny,324,60,32
60047,Baron,729,60,32
60048,Baugy,286,60,32
60049,Bazancourt,100,60,32
60050,Bazicourt,388,60,32
60051,Beaudéduit,173,60,32
60052,Beaugies-sous-Bois,104,60,32
60053,Beaulieu-les-Fontaines,563,60,32
60054,Beaumont-les-Nonains,339,60,32
60055,Beaurains-lès-Noyon,341,60,32
60056,Beaurepaire,63,60,32
60057,Beauvais,55550,60,32
60058,Beauvoir,239,60,32
60059,Béhéricourt,192,60,32
60060,Belle-Église,730,60,32
60061,Belloy,68,60,32
60062,Berlancourt,310,60,32
60063,Berneuil-en-Bray,813,60,32
60064,Berneuil-sur-Aisne,912,60,32
60065,Berthecourt,1564,60,32
60066,Béthancourt-en-Valois,214,60,32
60067,Béthisy-Saint-Martin,996,60,32
60068,Béthisy-Saint-Pierre,3111,60,32
60069,Betz,1100,60,32
60070,Bienville,495,60,32
60071,Biermont,160,60,32
60072,Bitry,308,60,32
60073,Blacourt,592,60,32
60074,Blaincourt-lès-Précy,1189,60,32
60075,Blancfossé,143,60,32
60076,Blargies,498,60,32
60077,Blicourt,356,60,32
60078,Blincourt,125,60,32
60079,Boissy-Fresnoy,942,60,32
60081,Bonlier,467,60,32
60082,Bonneuil-les-Eaux,787,60,32
60083,Bonneuil-en-Valois,986,60,32
60084,Bonnières,201,60,32
60085,Bonvillers,189,60,32
60086,Boran-sur-Oise,2135,60,32
60087,Borest,367,60,32
60088,Bornel,4832,60,32
60089,Boubiers,382,60,32
60090,Bouconvillers,423,60,32
60091,Bouillancy,429,60,32
60092,Boullarre,194,60,32
60093,Boulogne-la-Grasse,472,60,32
60094,Boursonne,303,60,32
60095,Boury-en-Vexin,343,60,32
60097,Boutencourt,213,60,32
60098,Bouvresse,170,60,32
60099,Braisnes-sur-Aronde,174,60,32
60100,Brasseuse,110,60,32
60101,Brégy,627,60,32
60102,Brenouille,2105,60,32
60103,Bresles,4029,60,32
60104,Breteuil,4222,60,32
60105,Brétigny,435,60,32
60106,Breuil-le-Sec,2467,60,32
60107,Breuil-le-Vert,3183,60,32
60108,Briot,302,60,32
60109,Brombos,244,60,32
60110,Broquiers,231,60,32
60111,Broyes,150,60,32
60112,Brunvillers-la-Motte,335,60,32
60113,Bucamps,209,60,32
60114,Buicourt,143,60,32
60115,Bulles,830,60,32
60116,Bury,2838,60,32
60117,Bussy,305,60,32
60118,Caisnes,518,60,32
60119,Cambronne-lès-Ribécourt,1831,60,32
60120,Cambronne-lès-Clermont,1146,60,32
60121,Campagne,160,60,32
60122,Campeaux,483,60,32
60123,Campremy,469,60,32
60124,Candor,321,60,32
60125,Canly,741,60,32
60126,Cannectancourt,515,60,32
60127,Canny-sur-Matz,415,60,32
60128,Canny-sur-Thérain,222,60,32
60129,Carlepont,1393,60,32
60130,Catenoy,1125,60,32
60131,Catheux,100,60,32
60132,Catigny,176,60,32
60133,Catillon-Fumechon,542,60,32
60134,Cauffry,2649,60,32
60135,Cauvigny,1669,60,32
60136,Cempuis,467,60,32
60137,Cernoy,288,60,32
60138,Chamant,1043,60,32
60139,Chambly,9959,60,32
60140,Chambors,300,60,32
60141,Chantilly,10591,60,32
60142,La Chapelle-en-Serval,3084,60,32
60143,Chaumont-en-Vexin,3338,60,32
60144,Chavençon,159,60,32
60145,Chelles,471,60,32
60146,Chepoix,442,60,32
60147,Chevincourt,772,60,32
60148,Chèvreville,399,60,32
60149,Chevrières,2036,60,32
60150,Chiry-Ourscamp,1093,60,32
60151,Choisy-au-Bac,3449,60,32
60152,Choisy-la-Victoire,252,60,32
60153,Choqueuse-les-Bénards,98,60,32
60154,Cinqueux,1630,60,32
60155,Cires-lès-Mello,3978,60,32
60156,Clairoix,2208,60,32
60157,Clermont,10564,60,32
60158,Coivrel,249,60,32
60159,Compiègne,40761,60,32
60160,Conchy-les-Pots,734,60,32
60161,Conteville,71,60,32
60162,Corbeil-Cerf,357,60,32
60163,Cormeilles,392,60,32
60164,Le Coudray-Saint-Germer,870,60,32
60165,Le Coudray-sur-Thelle,554,60,32
60166,Coudun,1050,60,32
60167,Couloisy,592,60,32
60168,Courcelles-Epayelles,210,60,32
60169,Courcelles-lès-Gisors,809,60,32
60170,Courteuil,581,60,32
60171,Courtieux,171,60,32
60172,Coye-la-Forêt,3915,60,32
60173,Cramoisy,803,60,32
60174,Crapeaumesnil,225,60,32
60175,Creil,36301,60,32
60176,Crépy-en-Valois,14351,60,32
60177,Cressonsacq,435,60,32
60178,Crèvecœur-le-Grand,3462,60,32
60179,Crèvecœur-le-Petit,159,60,32
60180,Crillon,488,60,32
60181,Crisolles,917,60,32
60182,Le Crocq,178,60,32
60183,Croissy-sur-Celle,231,60,32
60184,Croutoy,203,60,32
60185,Crouy-en-Thelle,1092,60,32
60186,Cuignières,274,60,32
60187,Cuigy-en-Bray,987,60,32
60188,Cuise-la-Motte,2042,60,32
60189,Cuts,949,60,32
60190,Cuvergnon,323,60,32
60191,Cuvilly,620,60,32
60192,Cuy,215,60,32
60193,Daméraucourt,198,60,32
60194,Dargies,239,60,32
60195,Delincourt,537,60,32
60196,La Drenne,1080,60,32
60197,Dieudonné,987,60,32
60198,Dives,376,60,32
60199,Doméliers,250,60,32
60200,Domfront,310,60,32
60201,Dompierre,248,60,32
60203,Duvy,412,60,32
60204,Écuvilly,297,60,32
60205,Élencourt,48,60,32
60206,Élincourt-Sainte-Marguerite,922,60,32
60207,Éméville,283,60,32
60208,Énencourt-Léage,121,60,32
60209,La Corne-en-Vexin,544,60,32
60210,Épineuse,281,60,32
60211,Éragny-sur-Epte,598,60,32
60212,Ercuis,1603,60,32
60213,Ermenonville,906,60,32
60214,Ernemont-Boutavent,172,60,32
60215,Erquery,589,60,32
60216,Erquinvillers,185,60,32
60217,Escames,226,60,32
60218,Esches,1623,60,32
60219,Escles-Saint-Pierre,176,60,32
60220,Espaubourg,507,60,32
60221,Esquennoy,732,60,32
60222,Essuiles,505,60,32
60223,Estrées-Saint-Denis,3664,60,32
60224,Étavigny,180,60,32
60225,Étouy,844,60,32
60226,Ève,411,60,32
60227,Évricourt,209,60,32
60228,Fay-les-Étangs,473,60,32
60229,Le Fayel,233,60,32
60230,Le Fay-Saint-Quentin,531,60,32
60231,Feigneux,465,60,32
60232,Ferrières,435,60,32
60233,Feuquières,1437,60,32
60234,Fitz-James,2514,60,32
60235,Flavacourt,684,60,32
60236,Flavy-le-Meldeux,225,60,32
60237,Fléchy,84,60,32
60238,Fleurines,1910,60,32
60239,Fleury,592,60,32
60240,Fontaine-Bonneleau,236,60,32
60241,Fontaine-Chaalis,318,60,32
60242,Fontaine-Lavaganne,502,60,32
60243,Fontaine-Saint-Lucien,176,60,32
60244,Fontenay-Torcy,143,60,32
60245,Formerie,2097,60,32
60247,Fouilleuse,143,60,32
60248,Fouilloy,210,60,32
60249,Foulangues,193,60,32
60250,Fouquenies,406,60,32
60251,Fouquerolles,305,60,32
60252,Fournival,519,60,32
60253,Francastel,497,60,32
60254,Francières,543,60,32
60255,Fréniches,323,60,32
60256,Montchevreuil,1326,60,32
60257,Fresne-Léguillon,440,60,32
60258,Fresnières,154,60,32
60259,Fresnoy-en-Thelle,871,60,32
60260,Fresnoy-la-Rivière,670,60,32
60261,Fresnoy-le-Luat,551,60,32
60262,Le Frestoy-Vaux,224,60,32
60263,Frétoy-le-Château,264,60,32
60264,Frocourt,528,60,32
60265,Froissy,962,60,32
60267,Le Gallet,154,60,32
60268,Gannes,365,60,32
60269,Gaudechart,347,60,32
60270,Genvry,317,60,32
60271,Gerberoy,82,60,32
60272,Gilocourt,626,60,32
60273,Giraumont,518,60,32
60274,Glaignes,356,60,32
60275,Glatigny,216,60,32
60276,Godenvillers,196,60,32
60277,Goincourt,1552,60,32
60278,Golancourt,409,60,32
60279,Gondreville,233,60,32
60280,Gourchelles,102,60,32
60281,Gournay-sur-Aronde,515,60,32
60282,Gouvieux,8867,60,32
60283,Gouy-les-Groseillers,15,60,32
60284,Grandfresnoy,1829,60,32
60285,Grandvillers-aux-Bois,297,60,32
60286,Grandvilliers,2786,60,32
60287,Grandrû,371,60,32
60288,Grémévillers,478,60,32
60289,Grez,272,60,32
60290,Guignecourt,385,60,32
60291,Guiscard,1749,60,32
60292,Gury,232,60,32
60293,Hadancourt-le-Haut-Clocher,376,60,32
60294,Hainvillers,82,60,32
60295,Halloy,438,60,32
60296,Hannaches,132,60,32
60297,Le Hamel,180,60,32
60298,Hanvoile,654,60,32
60299,Hardivillers,548,60,32
60301,Haucourt,133,60,32
60302,Haudivillers,773,60,32
60303,Hautbos,187,60,32
60304,Haute-Épine,253,60,32
60305,Hautefontaine,345,60,32
60306,Hécourt,149,60,32
60307,Heilles,644,60,32
60308,Hémévillers,463,60,32
60309,Hénonville,925,60,32
60310,Herchies,582,60,32
60311,La Hérelle,237,60,32
60312,Héricourt-sur-Thérain,113,60,32
60313,Hermes,2466,60,32
60314,Hétomesnil,309,60,32
60315,Hodenc-en-Bray,478,60,32
60316,Hodenc-l'Évêque,238,60,32
60317,Hondainville,704,60,32
60318,Houdancourt,680,60,32
60319,La Houssoye,591,60,32
60320,Ivors,250,60,32
60321,Ivry-le-Temple,878,60,32
60322,Jaméricourt,302,60,32
60323,Janville,640,60,32
60324,Jaulzy,851,60,32
60325,Jaux,2243,60,32
60326,Jonquières,588,60,32
60327,Jouy-sous-Thelle,1071,60,32
60328,Juvignies,294,60,32
60329,Laberlière,196,60,32
60330,Laboissière-en-Thelle,1326,60,32
60331,Labosse,456,60,32
60332,Labruyère,687,60,32
60333,Lachapelle-aux-Pots,1512,60,32
60334,Lachapelle-Saint-Pierre,827,60,32
60335,Lachapelle-sous-Gerberoy,165,60,32
60336,Lachaussée-du-Bois-d'Écu,182,60,32
60337,Lachelle,805,60,32
60338,Lacroix-Saint-Ouen,5415,60,32
60339,Lafraye,342,60,32
60340,Lagny,524,60,32
60341,Lagny-le-Sec,2043,60,32
60342,Laigneville,4926,60,32
60343,Lalande-en-Son,606,60,32
60344,Lalandelle,504,60,32
60345,Lamécourt,196,60,32
60346,Lamorlaye,9082,60,32
60347,Lannoy-Cuillère,278,60,32
60348,Larbroye,505,60,32
60350,Lassigny,1469,60,32
60351,Lataule,115,60,32
60352,Lattainville,180,60,32
60353,Lavacquerie,182,60,32
60354,Laverrière,32,60,32
60355,Laversines,1116,60,32
60356,Lavilletertre,631,60,32
60357,Léglantiers,548,60,32
60358,Lévignen,1014,60,32
60359,Lhéraule,203,60,32
60360,Liancourt,6785,60,32
60361,Liancourt-Saint-Pierre,573,60,32
60362,Libermont,181,60,32
60363,Lierville,224,60,32
60364,Lieuvillers,718,60,32
60365,Lihus,423,60,32
60366,Litz,359,60,32
60367,Loconville,329,60,32
60368,Longueil-Annel,2586,60,32
60369,Longueil-Sainte-Marie,1895,60,32
60370,Lormaison,1247,60,32
60371,Loueuse,151,60,32
60372,Luchy,682,60,32
60373,Machemont,830,60,32
60374,Maignelay-Montigny,2473,60,32
60375,Maimbeville,381,60,32
60376,Maisoncelle-Saint-Pierre,178,60,32
60377,Maisoncelle-Tuilerie,285,60,32
60378,Marest-sur-Matz,375,60,32
60379,Mareuil-la-Motte,616,60,32
60380,Mareuil-sur-Ourcq,1581,60,32
60381,Margny-aux-Cerises,258,60,32
60382,Margny-lès-Compiègne,8677,60,32
60383,Margny-sur-Matz,531,60,32
60385,Marolles,641,60,32
60386,Marquéglise,484,60,32
60387,Marseille-en-Beauvaisis,1409,60,32
60388,Martincourt,136,60,32
60389,Maucourt,221,60,32
60390,Maulers,344,60,32
60391,Maysel,211,60,32
60392,Mélicocq,789,60,32
60393,Mello,600,60,32
60394,Ménévillers,103,60,32
60395,Méru,13897,60,32
60396,Méry-la-Bataille,604,60,32
60397,Le Mesnil-Conteville,66,60,32
60398,Le Mesnil-en-Thelle,2439,60,32
60399,Le Mesnil-Saint-Firmin,248,60,32
60400,Le Mesnil-sur-Bulles,265,60,32
60401,Le Mesnil-Théribus,770,60,32
60402,Le Meux,2327,60,32
60403,Milly-sur-Thérain,1922,60,32
60404,Mogneville,1487,60,32
60405,Moliens,1117,60,32
60406,Monceaux,947,60,32
60407,Monceaux-l'Abbaye,211,60,32
60408,Monchy-Humières,772,60,32
60409,Monchy-Saint-Éloi,2155,60,32
60410,Mondescourt,247,60,32
60411,Monneville,765,60,32
60412,Montagny-en-Vexin,672,60,32
60413,Montagny-Sainte-Félicité,425,60,32
60414,Montataire,14257,60,32
60415,Montépilloy,159,60,32
60416,Montgérain,166,60,32
60418,Montiers,392,60,32
60420,Montjavoult,530,60,32
60421,Mont-l'Évêque,416,60,32
60422,Montlognon,207,60,32
60423,Montmacq,1142,60,32
60424,Montmartin,294,60,32
60425,Montreuil-sur-Brêche,497,60,32
60426,Montreuil-sur-Thérain,239,60,32
60427,Monts,187,60,32
60428,Le Mont-Saint-Adrien,652,60,32
60429,Morangles,412,60,32
60430,Morienval,1035,60,32
60431,Morlincourt,500,60,32
60432,Mortefontaine,834,60,32
60433,Mortefontaine-en-Thelle,958,60,32
60434,Mortemer,220,60,32
60435,Morvillers,506,60,32
60436,Mory-Montcrux,84,60,32
60437,Mouchy-le-Châtel,72,60,32
60438,Moulin-sous-Touvent,185,60,32
60439,Mouy,5319,60,32
60440,Moyenneville,575,60,32
60441,Moyvillers,647,60,32
60442,Muidorge,133,60,32
60443,Muirancourt,587,60,32
60444,Mureaumont,141,60,32
60445,Nampcel,293,60,32
60446,Nanteuil-le-Haudouin,4258,60,32
60447,Néry,670,60,32
60448,Neufchelles,386,60,32
60449,Neufvy-sur-Aronde,280,60,32
60450,Neuilly-en-Thelle,4127,60,32
60451,Neuilly-sous-Clermont,1571,60,32
60452,Neuville-Bosc,472,60,32
60454,La Neuville-en-Hez,961,60,32
60456,La Neuville-Roy,897,60,32
60457,La Neuville-Saint-Pierre,162,60,32
60458,La Neuville-sur-Oudeuil,301,60,32
60459,La Neuville-sur-Ressons,200,60,32
60460,La Neuville-Vault,213,60,32
60461,Nivillers,213,60,32
60462,Noailles,2877,60,32
60463,Nogent-sur-Oise,21907,60,32
60464,Nointel,1170,60,32
60465,Noirémont,194,60,32
60466,Noroy,247,60,32
60468,Nourard-le-Franc,301,60,32
60469,Novillers,392,60,32
60470,Noyers-Saint-Martin,887,60,32
60471,Noyon,12971,60,32
60472,Offoy,109,60,32
60473,Ognes,346,60,32
60474,Ognolles,285,60,32
60476,Omécourt,201,60,32
60477,Ons-en-Bray,1367,60,32
60478,Ormoy-le-Davien,375,60,32
60479,Ormoy-Villers,805,60,32
60480,Oroër,537,60,32
60481,Orrouy,572,60,32
60482,Orry-la-Ville,3583,60,32
60483,Orvillers-Sorel,513,60,32
60484,Oudeuil,293,60,32
60485,Oursel-Maison,248,60,32
60486,Paillart,576,60,32
60487,Parnes,313,60,32
60488,Passel,271,60,32
60489,Péroy-les-Gombries,1224,60,32
60490,Pierrefitte-en-Beauvaisis,365,60,32
60491,Pierrefonds,1877,60,32
60492,Pimprez,848,60,32
60493,Pisseleu,519,60,32
60494,Plailly,1786,60,32
60495,Plainval,422,60,32
60496,Plainville,159,60,32
60497,Le Plessier-sur-Bulles,213,60,32
60498,Le Plessier-sur-Saint-Just,521,60,32
60499,Plessis-de-Roye,245,60,32
60500,Le Plessis-Belleville,4009,60,32
60501,Le Plessis-Brion,1298,60,32
60502,Le Plessis-Patte-d'Oie,113,60,32
60503,Le Ployron,112,60,32
60504,Ponchon,1163,60,32
60505,Pontarmé,905,60,32
60506,Pont-l'Évêque,648,60,32
60507,Pontoise-lès-Noyon,427,60,32
60508,Pontpoint,3275,60,32
60509,Pont-Sainte-Maxence,12361,60,32
60510,Porcheux,677,60,32
60511,Porquéricourt,416,60,32
60512,Pouilly,148,60,32
60513,Précy-sur-Oise,3332,60,32
60514,Prévillers,251,60,32
60515,Pronleroy,365,60,32
60516,Puiseux-en-Bray,398,60,32
60517,Puiseux-le-Hauberger,877,60,32
60518,Puits-la-Vallée,203,60,32
60519,Quesmy,171,60,32
60520,Le Quesnel-Aubry,217,60,32
60521,Quincampoix-Fleuzy,410,60,32
60522,Quinquempoix,320,60,32
60523,Rainvillers,895,60,32
60524,Rantigny,2524,60,32
60525,Raray,127,60,32
60526,Ravenel,1041,60,32
60527,Réez-Fosse-Martin,140,60,32
60528,Reilly,115,60,32
60529,Rémécourt,78,60,32
60530,Rémérangles,210,60,32
60531,Remy,1928,60,32
60533,Ressons-sur-Matz,1727,60,32
60534,Rethondes,647,60,32
60535,Reuil-sur-Brêche,329,60,32
60536,Rhuis,134,60,32
60537,Ribécourt-Dreslincourt,3871,60,32
60538,Ricquebourg,298,60,32
60539,Rieux,1559,60,32
60540,Rivecourt,639,60,32
60541,Roberval,350,60,32
60542,Rochy-Condé,995,60,32
60543,Rocquemont,117,60,32
60544,Rocquencourt,184,60,32
60545,Romescamps,560,60,32
60546,Rosières,139,60,32
60547,Rosoy,622,60,32
60548,Rosoy-en-Multien,604,60,32
60549,Rotangy,235,60,32
60550,Rothois,227,60,32
60551,Rousseloy,277,60,32
60552,Rouville,254,60,32
60553,Rouvillers,277,60,32
60554,Rouvres-en-Multien,471,60,32
60555,Rouvroy-les-Merles,71,60,32
60556,Royaucourt,215,60,32
60557,Roy-Boissy,328,60,32
60558,Roye-sur-Matz,448,60,32
60559,La Rue-Saint-Pierre,855,60,32
60560,Rully,757,60,32
60561,Russy-Bémont,247,60,32
60562,Sacy-le-Grand,1573,60,32
60563,Sacy-le-Petit,638,60,32
60564,Sains-Morainvillers,272,60,32
60565,Saint-André-Farivillers,514,60,32
60566,Saint-Arnoult,202,60,32
60567,Saint-Aubin-en-Bray,1174,60,32
60568,Saint-Aubin-sous-Erquery,349,60,32
60569,Saint-Crépin-aux-Bois,189,60,32
60570,Saint-Crépin-Ibouvillers,1637,60,32
60571,Saint-Deniscourt,80,60,32
60572,Saint-Étienne-Roilaye,301,60,32
60573,Sainte-Eusoye,331,60,32
60574,Saint-Félix,618,60,32
60575,Sainte-Geneviève,3505,60,32
60576,Saint-Germain-la-Poterie,439,60,32
60577,Saint-Germer-de-Fly,1662,60,32
60578,Saintines,1060,60,32
60579,Saint-Jean-aux-Bois,345,60,32
60581,Saint-Just-en-Chaussée,5810,60,32
60582,Saint-Léger-aux-Bois,735,60,32
60583,Saint-Léger-en-Bray,378,60,32
60584,Saint-Leu-d'Esserent,4638,60,32
60585,Saint-Martin-aux-Bois,263,60,32
60586,Saint-Martin-le-Nœud,1108,60,32
60587,Saint-Martin-Longueau,1449,60,32
60588,Saint-Maur,397,60,32
60589,Saint-Maximin,3335,60,32
60590,Saint-Omer-en-Chaussée,1172,60,32
60591,Saint-Paul,1633,60,32
60592,Saint-Pierre-es-Champs,672,60,32
60593,Saint-Pierre-lès-Bitry,153,60,32
60594,Saint-Quentin-des-Prés,285,60,32
60595,Saint-Remy-en-l'Eau,431,60,32
60596,Saint-Samson-la-Poterie,225,60,32
60597,Saint-Sauveur,1751,60,32
60598,Saint-Sulpice,1079,60,32
60599,Saint-Thibault,281,60,32
60600,Saint-Vaast-de-Longmont,654,60,32
60601,Saint-Vaast-lès-Mello,984,60,32
60602,Saint-Valery,53,60,32
60603,Salency,897,60,32
60604,Sarcus,262,60,32
60605,Sarnois,351,60,32
60608,Le Saulchoy,105,60,32
60609,Savignies,933,60,32
60610,Sempigny,760,60,32
60611,Senantes,577,60,32
60612,Senlis,15157,60,32
60613,Senots,331,60,32
60614,Serans,184,60,32
60615,Sérévillers,132,60,32
60616,Sérifontaine,2784,60,32
60617,Sermaize,271,60,32
60618,Séry-Magneval,269,60,32
60619,Silly-le-Long,1217,60,32
60620,Silly-Tillard,450,60,32
60621,Solente,130,60,32
60622,Sommereux,481,60,32
60623,Songeons,926,60,32
60624,Sully,165,60,32
60625,Suzoy,518,60,32
60626,Talmontiers,643,60,32
60627,Tartigny,250,60,32
60628,Therdonne,1225,60,32
60629,Thérines,196,60,32
60630,Thibivillers,217,60,32
60631,Thiers-sur-Thève,1090,60,32
60632,Thiescourt,750,60,32
60633,Thieuloy-Saint-Antoine,379,60,32
60634,Thieux,438,60,32
60635,Thiverny,1041,60,32
60636,Thourotte,4463,60,32
60637,Thury-en-Valois,462,60,32
60638,Thury-sous-Clermont,667,60,32
60639,Tillé,1258,60,32
60640,Tourly,161,60,32
60641,Tracy-le-Mont,1686,60,32
60642,Tracy-le-Val,1037,60,32
60643,Tricot,1392,60,32
60644,Trie-Château,1875,60,32
60645,Trie-la-Ville,303,60,32
60646,Troissereux,1374,60,32
60647,Trosly-Breuil,2077,60,32
60648,Troussencourt,314,60,32
60650,Trumilly,522,60,32
60651,Ully-Saint-Georges,1941,60,32
60652,Valdampierre,941,60,32
60653,Valescourt,295,60,32
60654,Vandélicourt,254,60,32
60655,Varesnes,367,60,32
60656,Varinfroy,265,60,32
60657,Vauchelles,246,60,32
60658,Vauciennes,701,60,32
60659,Vaudancourt,159,60,32
60660,Le Vaumain,401,60,32
60661,Vaumoise,998,60,32
60662,Le Vauroux,495,60,32
60663,Velennes,227,60,32
60664,Vendeuil-Caply,447,60,32
60665,Venette,2758,60,32
60666,Ver-sur-Launette,1130,60,32
60667,Verberie,3898,60,32
60668,Verderel-lès-Sauqueuse,721,60,32
60669,Verderonne,483,60,32
60670,Verneuil-en-Halatte,4775,60,32
60671,Versigny,349,60,32
60672,Vez,285,60,32
60673,Viefvillers,211,60,32
60674,Vieux-Moulin,593,60,32
60675,Vignemont,417,60,32
60676,Ville,741,60,32
60677,Villembray,247,60,32
60678,Villeneuve-les-Sablons,1196,60,32
60679,La Villeneuve-sous-Thury,140,60,32
60680,Villeneuve-sur-Verberie,724,60,32
60681,Villers-Saint-Barthélemy,474,60,32
60682,Villers-Saint-Frambourg-Ognon,726,60,32
60683,Villers-Saint-Genest,386,60,32
60684,Villers-Saint-Paul,6480,60,32
60685,Villers-Saint-Sépulcre,951,60,32
60686,Villers-sous-Saint-Leu,2284,60,32
60687,Villers-sur-Auchy,370,60,32
60688,Villers-sur-Bonnières,130,60,32
60689,Villers-sur-Coudun,1421,60,32
60691,Villers-Vermont,123,60,32
60692,Villers-Vicomte,162,60,32
60693,Villeselve,379,60,32
60694,Les Hauts-Talican,542,60,32
60695,Vineuil-Saint-Firmin,1380,60,32
60697,Vrocourt,33,60,32
60698,Wacquemoulin,283,60,32
60699,Wambez,158,60,32
60700,Warluis,1218,60,32
60701,Wavignies,1341,60,32
60702,Welles-Pérennes,233,60,32
60703,Aux Marais,921,60,32
62001,Ablain-Saint-Nazaire,1994,62,32
62002,Ablainzevelle,208,62,32
62003,Acheville,576,62,32
62004,Achicourt,7873,62,32
62005,Achiet-le-Grand,974,62,32
62006,Achiet-le-Petit,320,62,32
62007,Acq,783,62,32
62008,Acquin-Westbécourt,802,62,32
62009,Adinfer,287,62,32
62010,Affringues,254,62,32
62011,Agnez-lès-Duisans,621,62,32
62012,Agnières,255,62,32
62013,Agny,1871,62,32
62014,Aire-sur-la-Lys,9598,62,32
62015,Airon-Notre-Dame,261,62,32
62016,Airon-Saint-Vaast,185,62,32
62017,Aix-en-Ergny,194,62,32
62018,Aix-en-Issart,264,62,32
62019,Aix-Noulette,3902,62,32
62020,Alembon,624,62,32
62021,Alette,365,62,32
62022,Alincthun,291,62,32
62023,Allouagne,2823,62,32
62024,Alquines,973,62,32
62025,Ambleteuse,2033,62,32
62026,Ambricourt,118,62,32
62027,Ambrines,211,62,32
62028,Ames,676,62,32
62029,Amettes,469,62,32
62030,Amplier,297,62,32
62031,Andres,1523,62,32
62032,Angres,4641,62,32
62033,Annay,4571,62,32
62034,Annequin,2133,62,32
62035,Annezin,5825,62,32
62036,Anvin,700,62,32
62037,Anzin-Saint-Aubin,2833,62,32
62038,Ardres,4389,62,32
62039,Arleux-en-Gohelle,960,62,32
62040,Arques,9431,62,32
62041,Arras,42875,62,32
62042,Athies,1038,62,32
62043,Les Attaques,2064,62,32
62044,Attin,885,62,32
62045,Aubigny-en-Artois,1489,62,32
62046,Aubin-Saint-Vaast,733,62,32
62047,Aubrometz,141,62,32
62048,Auchel,10051,62,32
62049,Auchy-au-Bois,548,62,32
62050,Auchy-lès-Hesdin,1513,62,32
62051,Auchy-les-Mines,4625,62,32
62052,Audembert,424,62,32
62053,Audincthun,684,62,32
62054,Audinghen,617,62,32
62055,Audrehem,521,62,32
62056,Audresselles,608,62,32
62057,Audruicq,5309,62,32
62058,Aumerval,189,62,32
62059,Autingues,293,62,32
62060,Auxi-le-Château,2547,62,32
62061,Averdoingt,295,62,32
62062,Avesnes,46,62,32
62063,Avesnes-le-Comte,1840,62,32
62064,Avesnes-lès-Bapaume,174,62,32
62065,Avion,17435,62,32
62066,Avondance,33,62,32
62067,Avroult,536,62,32
62068,Ayette,330,62,32
62069,Azincourt,302,62,32
62070,Bailleul-aux-Cornailles,264,62,32
62071,Bailleul-lès-Pernes,408,62,32
62072,Bailleulmont,213,62,32
62073,Bailleul-Sir-Berthoult,1429,62,32
62074,Bailleulval,237,62,32
62075,Baincthun,1324,62,32
62076,Bainghen,208,62,32
62077,Bajus,355,62,32
62078,Balinghem,1220,62,32
62079,Bancourt,83,62,32
62080,Bapaume,3779,62,32
62081,Baralle,434,62,32
62082,Barastre,308,62,32
62083,Barlin,7331,62,32
62084,Barly,199,62,32
62085,Basseux,129,62,32
62086,Bavincourt,417,62,32
62087,Bayenghem-lès-Éperlecques,1018,62,32
62088,Bayenghem-lès-Seninghem,354,62,32
62089,Bazinghen,410,62,32
62090,Béalencourt,139,62,32
62091,Beaudricourt,98,62,32
62092,Beaufort-Blavincourt,403,62,32
62093,Beaulencourt,241,62,32
62094,Beaumerie-Saint-Martin,379,62,32
62095,Beaumetz-lès-Aire,222,62,32
62096,Beaumetz-lès-Cambrai,528,62,32
62097,Beaumetz-lès-Loges,1003,62,32
62099,Beaurains,5559,62,32
62100,Beaurainville,2014,62,32
62101,Beauvois,133,62,32
62102,Bécourt,280,62,32
62103,Béhagnies,114,62,32
62104,Bellebrune,427,62,32
62105,Belle-et-Houllefort,503,62,32
62106,Bellonne,212,62,32
62107,Bénifontaine,330,62,32
62108,Berck,12951,62,32
62109,Bergueneuse,213,62,32
62111,Berlencourt-le-Cauroy,277,62,32
62112,Berles-au-Bois,553,62,32
62113,Berles-Monchel,482,62,32
62114,Bermicourt,164,62,32
62115,Berneville,485,62,32
62116,Bernieulles,162,62,32
62117,Bertincourt,920,62,32
62118,Béthonsart,155,62,32
62119,Béthune,25224,62,32
62120,Beugin,460,62,32
62121,Beugnâtre,180,62,32
62122,Beugny,351,62,32
62123,Beussent,546,62,32
62124,Beutin,436,62,32
62125,Beuvrequen,458,62,32
62126,Beuvry,9189,62,32
62127,Bezinghem,367,62,32
62128,Biache-Saint-Vaast,4568,62,32
62129,Biefvillers-lès-Bapaume,93,62,32
62130,Bienvillers-au-Bois,671,62,32
62131,Bihucourt,286,62,32
62132,Billy-Berclau,5093,62,32
62133,Billy-Montigny,7937,62,32
62134,Bimont,112,62,32
62135,Blairville,304,62,32
62137,Blangerval-Blangermont,95,62,32
62138,Blangy-sur-Ternoise,715,62,32
62139,Blendecques,4859,62,32
62140,Bléquin,490,62,32
62141,Blessy,907,62,32
62142,Blingel,160,62,32
62143,Boffles,46,62,32
62144,Boiry-Becquerelle,478,62,32
62145,Boiry-Notre-Dame,450,62,32
62146,Boiry-Saint-Martin,255,62,32
62147,Boiry-Sainte-Rictrude,389,62,32
62148,Bois-Bernard,839,62,32
62149,Boisdinghem,260,62,32
62150,Boisjean,529,62,32
62151,Boisleux-au-Mont,514,62,32
62152,Boisleux-Saint-Marc,254,62,32
62153,Bomy,615,62,32
62154,Bonnières,659,62,32
62155,Bonningues-lès-Ardres,637,62,32
62156,Bonningues-lès-Calais,597,62,32
62157,Boubers-lès-Hesmond,68,62,32
62158,Boubers-sur-Canche,578,62,32
62160,Boulogne-sur-Mer,40539,62,32
62161,Bouquehault,788,62,32
62162,Bourecq,568,62,32
62163,Bouret-sur-Canche,239,62,32
62164,Bourlon,1156,62,32
62165,Bournonville,223,62,32
62166,Bours,582,62,32
62167,Boursin,236,62,32
62168,Bourthes,860,62,32
62169,Bouvelinghem,260,62,32
62170,Bouvigny-Boyeffles,2398,62,32
62171,Boyaval,147,62,32
62172,Boyelles,366,62,32
62173,Brebières,5283,62,32
62174,Brêmes,1324,62,32
62175,Brévillers,156,62,32
62176,Bréxent-Énocq,634,62,32
62177,Brimeux,868,62,32
62178,Bruay-la-Buissière,21424,62,32
62179,Brunembert,387,62,32
62180,Brias,295,62,32
62181,Bucquoy,1503,62,32
62182,Buire-au-Bois,237,62,32
62183,Buire-le-Sec,753,62,32
62184,Buissy,284,62,32
62185,Bullecourt,225,62,32
62186,Bully-les-Mines,12146,62,32
62187,Buneville,172,62,32
62188,Burbure,2834,62,32
62189,Bus,132,62,32
62190,Busnes,1243,62,32
62191,Caffiers,734,62,32
62192,Cagnicourt,421,62,32
62193,Calais,67571,62,32
62194,Calonne-Ricouart,5369,62,32
62195,Calonne-sur-la-Lys,1595,62,32
62196,La Calotterie,582,62,32
62197,Camblain-Châtelain,1762,62,32
62198,Cambligneul,352,62,32
62199,Camblain-l'Abbé,683,62,32
62200,Cambrin,1263,62,32
62201,Camiers,2582,62,32
62202,Campagne-lès-Boulonnais,669,62,32
62203,Campagne-lès-Guines,407,62,32
62204,Campagne-lès-Hesdin,1943,62,32
62205,Campagne-lès-Wardrecques,1301,62,32
62206,Campigneulles-les-Grandes,295,62,32
62207,Campigneulles-les-Petites,521,62,32
62208,Canettemont,66,62,32
62209,Canlers,168,62,32
62211,Capelle-Fermont,223,62,32
62212,Capelle-lès-Hesdin,474,62,32
62213,Carency,819,62,32
62214,Carly,638,62,32
62215,Carvin,17909,62,32
62216,La Cauchie,211,62,32
62217,Cauchy-à-la-Tour,2593,62,32
62218,Caucourt,331,62,32
62219,Caumont,150,62,32
62220,Cavron-Saint-Martin,423,62,32
62221,Chelers,247,62,32
62222,Chériennes,174,62,32
62223,Chérisy,293,62,32
62224,Chocques,2785,62,32
62225,Clairmarais,593,62,32
62227,Clenleu,186,62,32
62228,Clerques,312,62,32
62229,Cléty,805,62,32
62230,Colembert,907,62,32
62231,Colline-Beaumont,132,62,32
62232,La Comté,879,62,32
62233,Conchil-le-Temple,1073,62,32
62234,Conchy-sur-Canche,222,62,32
62235,Condette,2443,62,32
62236,Contes,354,62,32
62237,Conteville-lès-Boulogne,572,62,32
62238,Conteville-en-Ternois,83,62,32
62239,Coquelles,2638,62,32
62240,Corbehem,2258,62,32
62241,Cormont,309,62,32
62242,Couin,76,62,32
62243,Coullemont,111,62,32
62244,Coulogne,5438,62,32
62245,Coulomby,770,62,32
62246,Coupelle-Neuve,146,62,32
62247,Coupelle-Vieille,550,62,32
62248,Courcelles-le-Comte,479,62,32
62249,Courcelles-lès-Lens,7830,62,32
62250,Courrières,10176,62,32
62251,Courset,505,62,32
62252,La Couture,2590,62,32
62253,Couturelle,76,62,32
62254,Coyecques,597,62,32
62255,Crémarest,815,62,32
62256,Crépy,159,62,32
62257,Créquy,463,62,32
62258,Croisette,318,62,32
62259,Croisilles,1939,62,32
62260,Croix-en-Ternois,333,62,32
62261,Cucq,5129,62,32
62262,Cuinchy,1784,62,32
62263,Dainville,5683,62,32
62264,Dannes,1311,62,32
62265,Delettes,1124,62,32
62266,Denier,94,62,32
62267,Dennebrœucq,391,62,32
62268,Desvres,4829,62,32
62269,Diéval,709,62,32
62270,Divion,6766,62,32
62271,Dohem,826,62,32
62272,Douchy-lès-Ayette,286,62,32
62273,Doudeauville,593,62,32
62274,Dourges,6139,62,32
62275,Douriez,296,62,32
62276,Douvrin,5867,62,32
62277,Drocourt,2939,62,32
62278,Drouvin-le-Marais,622,62,32
62279,Duisans,1399,62,32
62280,Dury,301,62,32
62281,Echinghen,378,62,32
62282,Éclimeux,178,62,32
62283,Écoivres,124,62,32
62284,Écourt-Saint-Quentin,1706,62,32
62285,Écoust-Saint-Mein,485,62,32
62286,Ecquedecques,511,62,32
62288,Ecques,2181,62,32
62289,Écuires,682,62,32
62290,Écurie,370,62,32
62291,Éleu-dit-Leauwette,2805,62,32
62292,Elnes,836,62,32
62293,Embry,241,62,32
62295,Enquin-lez-Guinegatte,1594,62,32
62296,Enquin-sur-Baillons,237,62,32
62297,Éperlecques,3737,62,32
62298,Épinoy,491,62,32
62299,Eps,238,62,32
62300,Équihen-Plage,2619,62,32
62301,Équirre,71,62,32
62302,Ergny,230,62,32
62303,Érin,221,62,32
62304,Erny-Saint-Julien,338,62,32
62306,Ervillers,396,62,32
62307,Escalles,223,62,32
62308,Escœuilles,461,62,32
62309,Esquerdes,1594,62,32
62310,Essars,1753,62,32
62311,Estevelles,1979,62,32
62312,Estrée,304,62,32
62313,Estrée-Blanche,913,62,32
62314,Estrée-Cauchy,354,62,32
62315,Estréelles,342,62,32
62316,Estrée-Wamin,224,62,32
62317,Étaing,476,62,32
62318,Étaples,10710,62,32
62319,Éterpigny,252,62,32
62320,Étrun,327,62,32
62321,Évin-Malmaison,4628,62,32
62322,Famechon,111,62,32
62323,Fampoux,1267,62,32
62324,Farbus,629,62,32
62325,Fauquembergues,932,62,32
62326,Favreuil,228,62,32
62327,Febvin-Palfart,604,62,32
62328,Ferfay,861,62,32
62329,Ferques,1770,62,32
62330,Festubert,1242,62,32
62331,Feuchy,991,62,32
62332,Ficheux,496,62,32
62333,Fiefs,354,62,32
62334,Fiennes,850,62,32
62335,Fillièvres,510,62,32
62336,Fléchin,469,62,32
62337,Flers,227,62,32
62338,Fleurbaix,2947,62,32
62339,Fleury,109,62,32
62340,Floringhem,877,62,32
62341,Foncquevillers,401,62,32
62342,Fontaine-lès-Boulans,97,62,32
62343,Fontaine-lès-Croisilles,273,62,32
62344,Fontaine-lès-Hermans,105,62,32
62345,Fontaine-l'Étalon,92,62,32
62346,Fortel-en-Artois,212,62,32
62347,Fosseux,119,62,32
62348,Foufflin-Ricametz,148,62,32
62349,Fouquereuil,1632,62,32
62350,Fouquières-lès-Béthune,1108,62,32
62351,Fouquières-lès-Lens,6087,62,32
62352,Framecourt,116,62,32
62353,Frémicourt,239,62,32
62354,Frencq,893,62,32
62355,Fresnes-lès-Montauban,604,62,32
62356,Fresnicourt-le-Dolmen,791,62,32
62357,Fresnoy,62,62,32
62358,Fresnoy-en-Gohelle,233,62,32
62359,Fressin,579,62,32
62360,Fréthun,1403,62,32
62361,Frévent,3259,62,32
62362,Frévillers,239,62,32
62363,Frévin-Capelle,400,62,32
62364,Fruges,2362,62,32
62365,Galametz,208,62,32
62366,Gauchin-Légal,296,62,32
62367,Gauchin-Verloingt,774,62,32
62368,Gaudiempré,215,62,32
62369,Gavrelle,768,62,32
62370,Gennes-Ivergny,122,62,32
62371,Givenchy-en-Gohelle,2072,62,32
62372,Givenchy-le-Noble,155,62,32
62373,Givenchy-lès-la-Bassée,982,62,32
62374,Gomiécourt,151,62,32
62375,Gommecourt,86,62,32
62376,Gonnehem,2525,62,32
62377,Gosnay,941,62,32
62378,Gouves,195,62,32
62379,Gouy-en-Artois,327,62,32
62380,Gouy-Servins,360,62,32
62381,Gouy-en-Ternois,127,62,32
62382,Gouy-Saint-André,659,62,32
62383,Gouy-sous-Bellonne,1391,62,32
62384,Graincourt-lès-Havrincourt,632,62,32
62385,Grand-Rullecourt,383,62,32
62386,Grenay,6644,62,32
62387,Grévillers,353,62,32
62388,Grigny,290,62,32
62389,Grincourt-lès-Pas,32,62,32
62390,Groffliers,1470,62,32
62391,Guarbecque,1381,62,32
62392,Guémappe,408,62,32
62393,Guemps,1067,62,32
62395,Guigny,149,62,32
62396,Guinecourt,13,62,32
62397,Guînes,5479,62,32
62398,Guisy,275,62,32
62399,Habarcq,676,62,32
62400,Haillicourt,5064,62,32
62401,Haisnes,4396,62,32
62402,Halinghen,308,62,32
62403,Hallines,1196,62,32
62404,Halloy,201,62,32
62405,Hamblain-les-Prés,454,62,32
62406,Hamelincourt,260,62,32
62407,Ham-en-Artois,944,62,32
62408,Hames-Boucres,1439,62,32
62409,Hannescamps,205,62,32
62410,Haplincourt,191,62,32
62411,Haravesnes,51,62,32
62412,Hardinghen,1270,62,32
62413,Harnes,12247,62,32
62414,Haucourt,206,62,32
62415,Haute-Avesnes,465,62,32
62416,Hautecloque,214,62,32
62418,Hauteville,308,62,32
62419,Haut-Loquin,189,62,32
62421,Havrincourt,351,62,32
62422,Hébuterne,526,62,32
62423,Helfaut,1724,62,32
62424,Hendecourt-lès-Cagnicourt,288,62,32
62425,Hendecourt-lès-Ransart,143,62,32
62426,Héninel,187,62,32
62427,Hénin-Beaumont,25688,62,32
62428,Hénin-sur-Cojeul,528,62,32
62429,Henneveux,272,62,32
62430,Hénu,147,62,32
62432,Herbinghen,415,62,32
62433,Héricourt,77,62,32
62434,La Herlière,135,62,32
62435,Herlincourt,106,62,32
62436,Herlin-le-Sec,161,62,32
62437,Herly,330,62,32
62438,Hermaville,529,62,32
62439,Hermelinghen,407,62,32
62440,Hermies,1062,62,32
62441,Hermin,206,62,32
62442,Hernicourt,512,62,32
62443,Hersin-Coupigny,6082,62,32
62444,Hervelinghen,215,62,32
62445,Hesdigneul-lès-Béthune,828,62,32
62446,Hesdigneul-lès-Boulogne,853,62,32
62447,Hesdin-la-Forêt,4480,62,32
62448,Hesdin-l'Abbé,1891,62,32
62449,Hesmond,172,62,32
62450,Hestrus,215,62,32
62451,Heuchin,482,62,32
62452,Heuringhem,1389,62,32
62453,Hézecques,127,62,32
62454,Hinges,2485,62,32
62455,Hocquinghen,118,62,32
62456,Houchin,738,62,32
62457,Houdain,6945,62,32
62458,Houlle,1116,62,32
62459,Houvin-Houvigneul,247,62,32
62460,Hubersent,272,62,32
62462,Huclier,152,62,32
62463,Hucqueliers,494,62,32
62464,Hulluch,3371,62,32
62465,Humbercamps,219,62,32
62466,Humbert,249,62,32
62467,Humerœuille,182,62,32
62468,Humières,218,62,32
62469,Inchy-en-Artois,575,62,32
62470,Incourt,91,62,32
62471,Bellinghem,1062,62,32
62472,Inxent,157,62,32
62473,Isbergues,8650,62,32
62474,Isques,1122,62,32
62475,Ivergny,238,62,32
62476,Izel-lès-Équerchin,1040,62,32
62477,Izel-lès-Hameau,742,62,32
62478,Journy,310,62,32
62479,Labeuvrière,1648,62,32
62480,Labourse,2858,62,32
62481,Labroye,140,62,32
62483,Lacres,250,62,32
62484,Lagnicourt-Marcel,309,62,32
62485,Laires,365,62,32
62486,Lambres,1070,62,32
62487,Landrethun-le-Nord,1242,62,32
62488,Landrethun-lès-Ardres,787,62,32
62489,Lapugnoy,3481,62,32
62490,Lattre-Saint-Quentin,341,62,32
62491,Laventie,5044,62,32
62492,Lebiez,229,62,32
62493,Lebucquière,232,62,32
62494,Léchelle,44,62,32
62495,Ledinghem,316,62,32
62496,Lefaux,229,62,32
62497,Leforest,7060,62,32
62498,Lens,32920,62,32
62499,Lépine,291,62,32
62500,Lespesses,402,62,32
62501,Lespinoy,243,62,32
62502,Lestrem,5009,62,32
62503,Leubringhen,293,62,32
62504,Leulinghem,269,62,32
62505,Leulinghen-Bernes,540,62,32
62506,Licques,1679,62,32
62507,Liencourt,303,62,32
62508,Lières,335,62,32
62509,Liettres,378,62,32
62510,Liévin,30063,62,32
62511,Lignereuil,140,62,32
62512,Ligny-lès-Aire,565,62,32
62513,Ligny-sur-Canche,188,62,32
62514,Ligny-Saint-Flochel,235,62,32
62515,Ligny-Thilloy,514,62,32
62516,Lillers,10193,62,32
62517,Linghem,219,62,32
62518,Linzeux,174,62,32
62519,Lisbourg,582,62,32
62520,Locon,2324,62,32
62521,La Loge,224,62,32
62522,Loison-sur-Créquoise,252,62,32
62523,Loison-sous-Lens,5169,62,32
62524,Longfossé,1528,62,32
62525,Longuenesse,10548,62,32
62526,Longueville,149,62,32
62527,Longvilliers,253,62,32
62528,Loos-en-Gohelle,6799,62,32
62529,Lorgies,1651,62,32
62530,Lottinghen,544,62,32
62531,Louches,947,62,32
62532,Lozinghem,1256,62,32
62533,Lugy,140,62,32
62534,Lumbres,3579,62,32
62535,La Madelaine-sous-Montreuil,149,62,32
62536,Magnicourt-en-Comte,647,62,32
62537,Magnicourt-sur-Canche,105,62,32
62538,Maintenay,451,62,32
62539,Maisnil,266,62,32
62540,Maisnil-lès-Ruitz,1678,62,32
62541,Maisoncelle,119,62,32
62542,Maizières,205,62,32
62543,Mametz,1973,62,32
62544,Manin,182,62,32
62545,Maninghem,152,62,32
62546,Maninghen-Henne,336,62,32
62547,Marant,73,62,32
62548,Marck,10467,62,32
62550,Marconnelle,1090,62,32
62551,Marenla,283,62,32
62552,Maresquel-Ecquemicourt,1070,62,32
62553,Marest,279,62,32
62554,Maresville,93,62,32
62555,Marles-les-Mines,5411,62,32
62556,Marles-sur-Canche,314,62,32
62557,Marœuil,2422,62,32
62558,Marquay,166,62,32
62559,Marquion,1039,62,32
62560,Marquise,5217,62,32
62561,Martinpuich,173,62,32
62562,Matringhem,177,62,32
62563,Mazingarbe,8217,62,32
62564,Mazinghem,457,62,32
62565,Mencas,71,62,32
62566,Menneville,670,62,32
62567,Mentque-Nortbécourt,649,62,32
62568,Mercatel,730,62,32
62569,Merck-Saint-Liévin,655,62,32
62570,Méricourt,11619,62,32
62571,Merlimont,3342,62,32
62572,Metz-en-Couture,620,62,32
62573,Meurchin,3691,62,32
62574,Mingoval,228,62,32
62576,Moncheaux-lès-Frévent,133,62,32
62577,Monchel-sur-Canche,71,62,32
62578,Monchiet,104,62,32
62579,Monchy-au-Bois,545,62,32
62580,Monchy-Breton,512,62,32
62581,Monchy-Cayeux,285,62,32
62582,Monchy-le-Preux,679,62,32
62583,Mondicourt,600,62,32
62584,Mont-Bernanchon,1317,62,32
62585,Montcavrel,384,62,32
62586,Montenescourt,443,62,32
62587,Montigny-en-Gohelle,9743,62,32
62588,Montreuil-sur-Mer,1912,62,32
62589,Mont-Saint-Éloi,1022,62,32
62590,Monts-en-Ternois,62,62,32
62591,Morchies,210,62,32
62592,Moringhem,557,62,32
62593,Morval,87,62,32
62594,Mory,299,62,32
62595,Moulle,1170,62,32
62596,Mouriez,237,62,32
62597,Moyenneville,289,62,32
62598,Muncq-Nieurlet,673,62,32
62599,Nabringhen,225,62,32
62600,Nédon,158,62,32
62601,Nédonchel,357,62,32
62602,Nempont-Saint-Firmin,200,62,32
62603,Nesles,1095,62,32
62604,Neufchâtel-Hardelot,4115,62,32
62605,Neulette,22,62,32
62606,Neuve-Chapelle,1409,62,32
62607,Neuville-au-Cornet,59,62,32
62608,Neuville-Bourjonval,171,62,32
62609,Neuville-Saint-Vaast,1628,62,32
62610,Neuville-sous-Montreuil,618,62,32
62611,Neuville-Vitasse,481,62,32
62612,Neuvireuil,570,62,32
62613,Nielles-lès-Bléquin,902,62,32
62614,Nielles-lès-Ardres,577,62,32
62615,Nielles-lès-Calais,280,62,32
62616,Nœux-lès-Auxi,186,62,32
62617,Nœux-les-Mines,11590,62,32
62618,Nordausques,1271,62,32
62619,Noreuil,130,62,32
62620,Norrent-Fontes,1381,62,32
62621,Nortkerque,1756,62,32
62622,Nort-Leulinghem,261,62,32
62623,Nouvelle-Église,709,62,32
62624,Noyelles-Godault,5994,62,32
62625,Noyelles-lès-Humières,56,62,32
62626,Noyelles-lès-Vermelles,2273,62,32
62627,Noyelles-sous-Bellonne,848,62,32
62628,Noyelles-sous-Lens,6854,62,32
62629,Noyellette,154,62,32
62630,Noyelle-Vion,256,62,32
62631,Nuncq-Hautecôte,471,62,32
62632,Oblinghem,384,62,32
62633,Œuf-en-Ternois,251,62,32
62634,Offekerque,1291,62,32
62635,Offin,210,62,32
62636,Offrethun,276,62,32
62637,Oignies,10323,62,32
62638,Oisy-le-Verger,1213,62,32
62639,Oppy,418,62,32
62640,Orville,341,62,32
62641,Ostreville,227,62,32
62642,Ourton,719,62,32
62643,Outreau,13138,62,32
62644,Ouve-Wirquin,493,62,32
62645,Oye-Plage,5780,62,32
62646,Palluel,566,62,32
62647,Le Parcq,740,62,32
62648,Parenty,559,62,32
62649,Pas-en-Artois,768,62,32
62650,Pelves,770,62,32
62651,Penin,458,62,32
62652,Pernes,1574,62,32
62653,Pernes-lès-Boulogne,422,62,32
62654,Peuplingues,789,62,32
62655,Pierremont,325,62,32
62656,Pihem,919,62,32
62657,Pihen-lès-Guînes,545,62,32
62658,Pittefaux,114,62,32
62659,Planques,104,62,32
62660,Plouvain,452,62,32
62661,Bouin-Plumoison,511,62,32
62662,Polincove,867,62,32
62663,Pommera,307,62,32
62664,Pommier,244,62,32
62665,Le Ponchel,216,62,32
62666,Pont-à-Vendin,3062,62,32
62667,Le Portel,8768,62,32
62668,Prédefin,227,62,32
62669,Pressy,298,62,32
62670,Preures,642,62,32
62671,Pronville-en-Artois,307,62,32
62672,Puisieux,675,62,32
62673,Quéant,631,62,32
62674,Quelmes,529,62,32
62675,Quercamps,292,62,32
62676,Quernes,420,62,32
62677,Le Quesnoy-en-Artois,320,62,32
62678,Quesques,720,62,32
62679,Questrecques,333,62,32
62680,Quiéry-la-Motte,702,62,32
62681,Quiestède,663,62,32
62682,Quilen,64,62,32
62683,Quœux-Haut-Maînil,210,62,32
62684,Racquinghem,2257,62,32
62685,Radinghem,263,62,32
62686,Ramecourt,349,62,32
62688,Rang-du-Fliers,4297,62,32
62689,Ransart,407,62,32
62690,Raye-sur-Authie,227,62,32
62691,Saint-Augustin,880,62,32
62692,Rebergues,403,62,32
62693,Rebreuve-Ranchicourt,1071,62,32
62694,Rebreuve-sur-Canche,190,62,32
62695,Rebreuviette,253,62,32
62696,Reclinghem,238,62,32
62697,Récourt,318,62,32
62698,Recques-sur-Course,266,62,32
62699,Recques-sur-Hem,675,62,32
62700,Regnauville,213,62,32
62701,Rely,464,62,32
62702,Remilly-Wirquin,355,62,32
62703,Rémy,394,62,32
62704,Renty,596,62,32
62705,Rety,2032,62,32
62706,Richebourg,2687,62,32
62708,Riencourt-lès-Bapaume,33,62,32
62709,Riencourt-lès-Cagnicourt,253,62,32
62710,Rimboval,185,62,32
62711,Rinxent,2987,62,32
62712,Rivière,1123,62,32
62713,Robecq,1328,62,32
62714,Roclincourt,794,62,32
62715,Rocquigny,265,62,32
62716,Rodelinghem,558,62,32
62717,Roëllecourt,516,62,32
62718,Rœux,1381,62,32
62719,Rollancourt,293,62,32
62720,Rombly,53,62,32
62721,Roquetoire,1970,62,32
62722,Rougefay,83,62,32
62723,Roussent,251,62,32
62724,Rouvroy,8552,62,32
62725,Royon,121,62,32
62726,Ruisseauville,214,62,32
62727,Ruitz,1478,62,32
62728,Rumaucourt,691,62,32
62729,Rumilly,237,62,32
62730,Ruminghem,1614,62,32
62731,Ruyaulcourt,285,62,32
62732,Sachin,323,62,32
62733,Sailly-au-Bois,285,62,32
62734,Sailly-en-Ostrevent,665,62,32
62735,Sailly-Labourse,2493,62,32
62736,Sailly-sur-la-Lys,3981,62,32
62737,Sains-en-Gohelle,5948,62,32
62738,Sains-lès-Fressin,150,62,32
62739,Sains-lès-Marquion,310,62,32
62740,Sains-lès-Pernes,294,62,32
62741,Saint-Amand,122,62,32
62742,Saint-Aubin,289,62,32
62744,Sainte-Catherine,3471,62,32
62745,Saint-Denœux,173,62,32
62746,Saint-Étienne-au-Mont,5029,62,32
62747,Saint-Floris,618,62,32
62748,Saint-Folquin,2349,62,32
62749,Saint-Georges,318,62,32
62750,Saint-Hilaire-Cottes,830,62,32
62751,Saint-Inglevert,821,62,32
62752,Saint-Josse,1041,62,32
62753,Saint-Laurent-Blangy,6459,62,32
62754,Saint-Léger,520,62,32
62755,Saint-Léonard,3353,62,32
62756,Sainte-Marie-Kerque,1708,62,32
62757,Saint-Martin-lez-Tatinghem,5843,62,32
62758,Saint-Martin-Boulogne,10888,62,32
62759,Saint-Martin-Choquel,443,62,32
62760,Saint-Martin-d'Hardinghem,264,62,32
62761,Saint-Martin-sur-Cojeul,216,62,32
62762,Saint-Michel-sous-Bois,131,62,32
62763,Saint-Michel-sur-Ternoise,826,62,32
62764,Saint-Nicolas,4494,62,32
62765,Saint-Omer,14382,62,32
62766,Saint-Omer-Capelle,1073,62,32
62767,Saint-Pol-sur-Ternoise,4677,62,32
62768,Saint-Rémy-au-Bois,105,62,32
62769,Saint-Tricat,773,62,32
62770,Saint-Venant,2999,62,32
62771,Sallaumines,9414,62,32
62772,Salperwick,521,62,32
62773,Samer,4704,62,32
62774,Sangatte,4668,62,32
62775,Sanghen,315,62,32
62776,Sapignies,198,62,32
62777,Le Sars,153,62,32
62778,Sars-le-Bois,83,62,32
62779,Sarton,182,62,32
62780,Sauchy-Cauchy,390,62,32
62781,Sauchy-Lestrée,438,62,32
62782,Saudemont,409,62,32
62783,Saulchoy,325,62,32
62784,Saulty,750,62,32
62785,Savy-Berlette,929,62,32
62786,Selles,299,62,32
62787,Sempy,324,62,32
62788,Seninghem,685,62,32
62789,Senlecques,251,62,32
62790,Senlis,159,62,32
62791,Séricourt,49,62,32
62792,Serques,1210,62,32
62793,Servins,1147,62,32
62794,Setques,594,62,32
62795,Sibiville,118,62,32
62796,Simencourt,569,62,32
62797,Siracourt,286,62,32
62798,Sombrin,205,62,32
62799,Sorrus,942,62,32
62800,Souastre,375,62,32
62801,Souchez,2663,62,32
62802,Le Souich,197,62,32
62803,Surques,624,62,32
62804,Sus-Saint-Léger,359,62,32
62805,Tangry,265,62,32
62806,Tardinghen,150,62,32
62808,Teneur,259,62,32
62809,Ternas,125,62,32
62810,Thélus,1310,62,32
62811,Thérouanne,1146,62,32
62812,Thiembronne,815,62,32
62813,La Thieuloye,476,62,32
62814,Thièvres,96,62,32
62815,Tigny-Noyelle,163,62,32
62816,Tilloy-lès-Hermaville,215,62,32
62817,Tilloy-lès-Mofflaines,1616,62,32
62818,Tilly-Capelle,154,62,32
62819,Tilques,1072,62,32
62820,Tincques,818,62,32
62821,Tingry,291,62,32
62822,Tollent,81,62,32
62823,Torcy,171,62,32
62824,Tortefontaine,233,62,32
62825,Tortequesne,907,62,32
62826,Le Touquet-Paris-Plage,4224,62,32
62827,Tournehem-sur-la-Hem,1376,62,32
62828,Tramecourt,55,62,32
62829,Le Transloy,422,62,32
62830,Trescault,204,62,32
62831,Troisvaux,293,62,32
62832,Tubersent,578,62,32
62833,Vacquerie-le-Boucq,67,62,32
62834,Vacqueriette-Erquières,245,62,32
62835,Valhuon,538,62,32
62836,Vaudricourt,1138,62,32
62837,Vaudringhem,494,62,32
62838,Vaulx,89,62,32
62839,Vaulx-Vraucourt,1099,62,32
62840,Vélu,130,62,32
62841,Vendin-lès-Béthune,2374,62,32
62842,Vendin-le-Vieil,8536,62,32
62843,Verchin,235,62,32
62844,Verchocq,665,62,32
62845,Verlincthun,516,62,32
62846,Vermelles,4729,62,32
62847,Verquigneul,1978,62,32
62848,Verquin,3445,62,32
62849,Verton,2571,62,32
62850,Vieil-Hesdin,351,62,32
62851,Vieille-Chapelle,882,62,32
62852,Vieille-Église,1511,62,32
62853,Vieil-Moutier,391,62,32
62854,Villers-au-Bois,607,62,32
62855,Villers-au-Flos,245,62,32
62856,Villers-Brûlin,368,62,32
62857,Villers-Châtel,127,62,32
62858,Villers-lès-Cagnicourt,243,62,32
62859,Villers-l'Hôpital,255,62,32
62860,Villers-Sir-Simon,137,62,32
62861,Vimy,4270,62,32
62862,Vincly,146,62,32
62863,Violaines,3839,62,32
62864,Vis-en-Artois,632,62,32
62865,Vitry-en-Artois,4849,62,32
62866,Waben,449,62,32
62867,Wacquinghen,259,62,32
62868,Wail,261,62,32
62869,Wailly,1062,62,32
62870,Wailly-Beaucamp,1062,62,32
62871,Wambercourt,259,62,32
62872,Wamin,253,62,32
62873,Wancourt,626,62,32
62874,Wanquetin,748,62,32
62875,Wardrecques,1328,62,32
62876,Warlencourt-Eaucourt,131,62,32
62877,Warlincourt-lès-Pas,177,62,32
62878,Warlus,377,62,32
62879,Warluzel,218,62,32
62880,Le Wast,203,62,32
62881,Beauvoir-Wavans,355,62,32
62882,Wavrans-sur-l'Aa,1203,62,32
62883,Wavrans-sur-Ternoise,197,62,32
62885,Westrehem,246,62,32
62886,Wicquinghem,267,62,32
62887,Widehem,244,62,32
62888,Wierre-au-Bois,228,62,32
62889,Wierre-Effroy,834,62,32
62890,Willeman,183,62,32
62891,Willencourt,138,62,32
62892,Willerval,660,62,32
62893,Wimereux,6256,62,32
62894,Wimille,3866,62,32
62895,Wingles,8720,62,32
62896,Wirwignes,768,62,32
62897,Wismes,492,62,32
62898,Wisques,222,62,32
62899,Wissant,835,62,32
62900,Witternesse,636,62,32
62901,Wittes,973,62,32
62902,Wizernes,3321,62,32
62903,Zoteux,588,62,32
62904,Zouafques,592,62,32
62905,Zudausques,1084,62,32
62906,Zutkerque,1820,62,32
62907,Libercourt,7973,62,32
62908,La Capelle-lès-Boulogne,1551,62,32
62909,Ytres,425,62,32
80001,Abbeville,22395,80,32
80002,Ablaincourt-Pressoir,263,80,32
80003,Acheux-en-Amiénois,590,80,32
80004,Acheux-en-Vimeu,501,80,32
80005,Agenville,83,80,32
80006,Agenvillers,215,80,32
80008,Aigneville,904,80,32
80009,Ailly-le-Haut-Clocher,1024,80,32
80010,Ailly-sur-Noye,2648,80,32
80011,Ailly-sur-Somme,3003,80,32
80013,Airaines,2204,80,32
80014,Aizecourt-le-Bas,69,80,32
80015,Aizecourt-le-Haut,66,80,32
80016,Albert,9521,80,32
80017,Allaines,419,80,32
80018,Allenay,253,80,32
80019,Allery,843,80,32
80020,Allonville,778,80,32
80021,Amiens,136449,80,32
80022,Andainville,233,80,32
80023,Andechy,282,80,32
80024,Argœuves,543,80,32
80025,Argoules,322,80,32
80026,Arguel,31,80,32
80027,Armancourt,33,80,32
80028,Arquèves,152,80,32
80029,Arrest,820,80,32
80030,Arry,212,80,32
80031,Arvillers,759,80,32
80032,Assainvillers,136,80,32
80033,Assevillers,311,80,32
80034,Athies,614,80,32
80035,Aubercourt,69,80,32
80036,Aubigny,502,80,32
80037,Aubvillers,170,80,32
80038,Auchonvillers,125,80,32
80039,Ault,1346,80,32
80040,Aumâtre,170,80,32
80041,Aumont,119,80,32
80042,Autheux,120,80,32
80043,Authie,246,80,32
80044,Authieule,393,80,32
80045,Authuille,154,80,32
80046,Avelesges,48,80,32
80047,Aveluy,540,80,32
80048,Avesnes-Chaussoy,63,80,32
80049,Ayencourt,152,80,32
80050,Bacouel-sur-Selle,461,80,32
80051,Bailleul,253,80,32
80052,Baizieux,243,80,32
80053,Balâtre,78,80,32
80054,Barleux,233,80,32
80055,Barly,161,80,32
80056,Bavelincourt,104,80,32
80057,Bayencourt,70,80,32
80058,Bayonvillers,340,80,32
80059,Bazentin,79,80,32
80060,Béalcourt,126,80,32
80061,Beaucamps-le-Jeune,207,80,32
80062,Beaucamps-le-Vieux,1396,80,32
80063,Beauchamps,937,80,32
80064,Beaucourt-en-Santerre,161,80,32
80065,Beaucourt-sur-l'Ancre,89,80,32
80066,Beaucourt-sur-l'Hallue,278,80,32
80067,Beaufort-en-Santerre,193,80,32
80068,Beaumetz,215,80,32
80069,Beaumont-Hamel,200,80,32
80070,Beauquesne,1352,80,32
80071,Beauval,1929,80,32
80073,Bécordel-Bécourt,153,80,32
80074,Becquigny,109,80,32
80076,Béhen,500,80,32
80077,Béhencourt,301,80,32
80078,Bellancourt,494,80,32
80079,Belleuse,297,80,32
80080,Belloy-en-Santerre,149,80,32
80081,Belloy-Saint-Léonard,80,80,32
80082,Belloy-sur-Somme,717,80,32
80083,Bergicourt,145,80,32
80084,Bermesnil,197,80,32
80085,Bernâtre,40,80,32
80086,Bernaville,1042,80,32
80087,Bernay-en-Ponthieu,240,80,32
80088,Bernes,353,80,32
80089,Berneuil,279,80,32
80090,Berny-en-Santerre,155,80,32
80092,Bertangles,815,80,32
80093,Berteaucourt-les-Dames,1092,80,32
80094,Berteaucourt-lès-Thennes,517,80,32
80095,Bertrancourt,220,80,32
80096,Béthencourt-sur-Mer,882,80,32
80097,Béthencourt-sur-Somme,124,80,32
80098,Bettembos,91,80,32
80099,Bettencourt-Rivière,209,80,32
80100,Bettencourt-Saint-Ouen,605,80,32
80101,Beuvraignes,900,80,32
80102,Biaches,386,80,32
80103,Biarre,57,80,32
80104,Biencourt,137,80,32
80105,Billancourt,178,80,32
80106,Blangy-sous-Poix,161,80,32
80107,Blangy-Tronville,613,80,32
80108,Boisbergues,64,80,32
80109,Le Boisle,329,80,32
80110,Boismont,441,80,32
80112,Bonnay,247,80,32
80113,Bonneville,325,80,32
80114,Bosquel,349,80,32
80115,Bouchavesnes-Bergen,283,80,32
80116,Bouchoir,276,80,32
80117,Bouchon,158,80,32
80118,Boufflers,113,80,32
80119,Bougainville,389,80,32
80120,Bouillancourt-en-Séry,540,80,32
80121,Bouillancourt-la-Bataille,142,80,32
80122,Bouquemaison,493,80,32
80123,Bourdon,376,80,32
80124,Bourseville,725,80,32
80125,Boussicourt,80,80,32
80126,Bouttencourt,927,80,32
80127,Bouvaincourt-sur-Bresle,783,80,32
80128,Bouvincourt-en-Vermandois,154,80,32
80129,Bouzincourt,528,80,32
80130,Bovelles,425,80,32
80131,Boves,3234,80,32
80132,Braches,203,80,32
80133,Brailly-Cornehotte,211,80,32
80134,Brassy,82,80,32
80135,Bray-lès-Mareuil,249,80,32
80136,Bray-sur-Somme,1184,80,32
80137,Breilly,707,80,32
80138,Bresle,120,80,32
80139,Breuil,45,80,32
80140,Brévillers,116,80,32
80141,Brie,350,80,32
80142,Briquemesnil-Floxicourt,341,80,32
80143,Brocourt,109,80,32
80144,Brouchy,495,80,32
80145,Brucamps,155,80,32
80146,Brutelles,197,80,32
80147,Buigny-l'Abbé,341,80,32
80148,Buigny-lès-Gamaches,397,80,32
80149,Buigny-Saint-Maclou,514,80,32
80150,Buire-Courcelles,220,80,32
80151,Buire-sur-l'Ancre,294,80,32
80152,Bus-la-Mésière,144,80,32
80153,Bus-lès-Artois,140,80,32
80154,Bussu,207,80,32
80155,Bussus-lès-Yaucourt,556,80,32
80156,Bussy-lès-Daours,370,80,32
80157,Bussy-lès-Poix,90,80,32
80158,Buverchy,41,80,32
80159,Cachy,300,80,32
80160,Cagny,1191,80,32
80161,Cahon,222,80,32
80162,Caix,704,80,32
80163,Cambron,740,80,32
80164,Camon,4359,80,32
80165,Camps-en-Amiénois,182,80,32
80166,Canaples,705,80,32
80167,Canchy,348,80,32
80168,Candas,1035,80,32
80169,Cannessières,59,80,32
80170,Cantigny,110,80,32
80171,Caours,548,80,32
80172,Cappy,546,80,32
80173,Cardonnette,513,80,32
80174,Le Cardonnois,75,80,32
80176,Carrépuis,250,80,32
80177,Cartigny,688,80,32
80179,Caulières,223,80,32
80180,Cavillon,90,80,32
80181,Cayeux-en-Santerre,123,80,32
80182,Cayeux-sur-Mer,2316,80,32
80183,Cerisy-Buleux,278,80,32
80184,Cerisy,526,80,32
80185,Champien,272,80,32
80186,Chaulnes,1969,80,32
80187,La Chaussée-Tirancourt,699,80,32
80188,Chaussoy-Epagny,570,80,32
80189,La Chavatte,60,80,32
80190,Chépy,1190,80,32
80191,Chilly,169,80,32
80192,Chipilly,172,80,32
80193,Chirmont,158,80,32
80194,Chuignes,152,80,32
80195,Chuignolles,147,80,32
80196,Citerne,240,80,32
80197,Cizancourt,30,80,32
80198,Clairy-Saulchoix,376,80,32
80199,Cléry-sur-Somme,516,80,32
80200,Cocquerel,220,80,32
80201,Coigneux,45,80,32
80202,Coisy,387,80,32
80203,Colincamps,80,80,32
80204,Combles,757,80,32
80205,Condé-Folie,865,80,32
80206,Contalmaison,122,80,32
80207,Contay,305,80,32
80208,Conteville,210,80,32
80210,Contre,149,80,32
80211,Conty,1660,80,32
80212,Corbie,5982,80,32
80213,Cottenchy,566,80,32
80214,Coullemelle,313,80,32
80215,Coulonvillers,214,80,32
80216,Courcelette,152,80,32
80217,Courcelles-au-Bois,69,80,32
80218,Courcelles-sous-Moyencourt,164,80,32
80219,Courcelles-sous-Thoix,65,80,32
80220,Courtemanche,99,80,32
80221,Cramont,304,80,32
80222,Crécy-en-Ponthieu,1376,80,32
80223,Crémery,115,80,32
80224,Cressy-Omencourt,127,80,32
80225,Creuse,186,80,32
80226,Croix-Moligneaux,270,80,32
80227,Croixrault,460,80,32
80228,Le Crotoy,1958,80,32
80229,Crouy-Saint-Pierre,374,80,32
80230,Curchy,281,80,32
80231,Curlu,152,80,32
80232,Damery,215,80,32
80233,Dancourt-Popincourt,150,80,32
80234,Daours,737,80,32
80235,Dargnies,1174,80,32
80236,Davenescourt,555,80,32
80237,Démuin,524,80,32
80238,Dernancourt,517,80,32
80239,Devise,59,80,32
80240,Doingt,1389,80,32
80241,Domart-en-Ponthieu,1081,80,32
80242,Domart-sur-la-Luce,403,80,32
80243,Domesmont,44,80,32
80244,Dominois,168,80,32
80245,Domléger-Longvillers,287,80,32
80246,Dommartin,346,80,32
80247,Dompierre-Becquincourt,709,80,32
80248,Dompierre-sur-Authie,417,80,32
80249,Domqueur,308,80,32
80250,Domvast,333,80,32
80251,Doudelainville,363,80,32
80252,Douilly,250,80,32
80253,Doullens,5751,80,32
80256,Dreuil-lès-Amiens,1576,80,32
80258,Driencourt,78,80,32
80259,Dromesnil,82,80,32
80260,Drucat,887,80,32
80261,Dury,1441,80,32
80262,Eaucourt-sur-Somme,357,80,32
80263,L'Échelle-Saint-Aurin,43,80,32
80264,Éclusier-Vaux,85,80,32
80265,Embreville,560,80,32
80266,Englebelmer,282,80,32
80267,Ennemain,241,80,32
80268,Épagne-Épagnette,510,80,32
80269,Épaumesnil,104,80,32
80270,Épécamps,7,80,32
80271,Épehy,1099,80,32
80272,Épénancourt,129,80,32
80273,Éplessier,342,80,32
80274,Eppeville,1704,80,32
80275,Équancourt,300,80,32
80276,Équennes-Éramecourt,276,80,32
80278,Erches,201,80,32
80279,Ercheu,751,80,32
80280,Ercourt,132,80,32
80281,Ergnies,159,80,32
80282,Érondelle,504,80,32
80283,Esclainvillers,159,80,32
80284,Esmery-Hallon,715,80,32
80285,Essertaux,270,80,32
80287,Estrébœuf,244,80,32
80288,Estrées-Deniécourt,379,80,32
80290,Estrées-lès-Crécy,398,80,32
80291,Estrées-sur-Noye,287,80,32
80292,Étalon,126,80,32
80293,Ételfay,348,80,32
80294,Éterpigny,166,80,32
80295,Étinehem-Méricourt,589,80,32
80296,L'Étoile,1128,80,32
80297,Étréjust,42,80,32
80298,Étricourt-Manancourt,510,80,32
80299,La Faloise,204,80,32
80300,Falvy,163,80,32
80301,Famechon,270,80,32
80302,Faverolles,171,80,32
80303,Favières,453,80,32
80304,Fay,91,80,32
80305,Ferrières,496,80,32
80306,Fescamps,136,80,32
80307,Feuillères,155,80,32
80308,Feuquières-en-Vimeu,2414,80,32
80310,Fienvillers,663,80,32
80311,Fignières,142,80,32
80312,Fins,278,80,32
80313,Flaucourt,299,80,32
80314,Flers,190,80,32
80315,Flers-sur-Noye,531,80,32
80316,Flesselles,1937,80,32
80317,Fleury,206,80,32
80318,Flixecourt,3221,80,32
80319,Fluy,320,80,32
80320,Folies,152,80,32
80321,Folleville,154,80,32
80322,Fonches-Fonchette,168,80,32
80324,Fontaine-le-Sec,143,80,32
80325,Fontaine-lès-Cappy,54,80,32
80326,Fontaine-sous-Montdidier,97,80,32
80327,Fontaine-sur-Maye,162,80,32
80328,Fontaine-sur-Somme,502,80,32
80329,Forceville,163,80,32
80330,Forceville-en-Vimeu,226,80,32
80331,Forest-l'Abbaye,314,80,32
80332,Forest-Montiers,382,80,32
80333,Fort-Mahon-Plage,1363,80,32
80334,Fossemanant,100,80,32
80335,Foucaucourt-en-Santerre,235,80,32
80336,Foucaucourt-Hors-Nesle,79,80,32
80337,Fouencamps,216,80,32
80338,Fouilloy,1723,80,32
80339,Fouquescourt,154,80,32
80340,Fourcigny,181,80,32
80341,Fourdrinoy,380,80,32
80342,Framerville-Rainecourt,443,80,32
80343,Framicourt,151,80,32
80344,Francières,176,80,32
80345,Franleu,501,80,32
80346,Franqueville,163,80,32
80347,Fransart,163,80,32
80348,Fransu,193,80,32
80349,Fransures,125,80,32
80350,Franvillers,558,80,32
80351,Fréchencourt,250,80,32
80352,Frémontiers,166,80,32
80353,Fresnes-Mazancourt,158,80,32
80354,Fresnes-Tilloloy,211,80,32
80355,Fresneville,104,80,32
80356,Fresnoy-Andainville,96,80,32
80357,Fresnoy-au-Val,223,80,32
80358,Fresnoy-en-Chaussée,138,80,32
80359,Fresnoy-lès-Roye,286,80,32
80360,Fressenneville,2045,80,32
80361,Frettecuisse,69,80,32
80362,Frettemeule,296,80,32
80364,Friaucourt,695,80,32
80365,Fricamps,177,80,32
80366,Fricourt,457,80,32
80367,Frise,176,80,32
80368,Friville-Escarbotin,4306,80,32
80369,Frohen-sur-Authie,244,80,32
80371,Froyelles,96,80,32
80372,Frucourt,121,80,32
80373,Gamaches,2397,80,32
80374,Gapennes,270,80,32
80375,Gauville,327,80,32
80376,Gentelles,627,80,32
80377,Gézaincourt,399,80,32
80378,Ginchy,75,80,32
80379,Glisy,791,80,32
80380,Gorenflos,234,80,32
80381,Gorges,40,80,32
80383,Goyencourt,99,80,32
80384,Grandcourt,178,80,32
80385,Grand-Laviers,465,80,32
80386,Gratibus,175,80,32
80387,Grattepanche,321,80,32
80388,Grébault-Mesnil,204,80,32
80390,Grivesnes,409,80,32
80391,Grivillers,91,80,32
80392,Grouches-Luchuel,572,80,32
80393,Gruny,303,80,32
80395,Guerbigny,275,80,32
80396,Gueschart,361,80,32
80397,Gueudecourt,101,80,32
80399,Guignemicourt,386,80,32
80400,Guillaucourt,386,80,32
80401,Guillemont,126,80,32
80402,Guizancourt,113,80,32
80403,Guyencourt-sur-Noye,161,80,32
80404,Guyencourt-Saulcourt,145,80,32
80405,Hailles,404,80,32
80406,Hallencourt,1351,80,32
80407,Hallivillers,142,80,32
80408,Halloy-lès-Pernois,322,80,32
80409,Hallu,143,80,32
80410,Ham,4378,80,32
80411,Le Hamel,492,80,32
80412,Hamelet,624,80,32
80413,Hancourt,94,80,32
80414,Hangard,115,80,32
80415,Hangest-en-Santerre,1027,80,32
80416,Hangest-sur-Somme,760,80,32
80417,Harbonnières,1640,80,32
80418,Hardecourt-aux-Bois,84,80,32
80420,Harponville,170,80,32
80421,Hattencourt,302,80,32
80422,Hautvillers-Ouville,527,80,32
80423,Havernas,378,80,32
80424,Hébécourt,576,80,32
80425,Hédauville,106,80,32
80426,Heilly,438,80,32
80427,Hem-Hardinval,347,80,32
80428,Hem-Monacu,137,80,32
80429,Hénencourt,194,80,32
80430,Herbécourt,178,80,32
80431,Hérissart,764,80,32
80432,Herleville,192,80,32
80433,Herly,38,80,32
80434,Hervilly,184,80,32
80435,Hesbécourt,45,80,32
80436,Hescamps,522,80,32
80437,Heucourt-Croquoison,108,80,32
80438,Heudicourt,527,80,32
80439,Heuzecourt,165,80,32
80440,Hiermont,150,80,32
80442,Hombleux,1111,80,32
80443,Hornoy-le-Bourg,1622,80,32
80444,Huchenneville,679,80,32
80445,Humbercourt,247,80,32
80446,Huppy,749,80,32
80449,Ignaucourt,65,80,32
80450,Inval-Boiron,118,80,32
80451,Irles,111,80,32
80452,Jumel,532,80,32
80453,Laboissière-en-Santerre,134,80,32
80455,Lachapelle,87,80,32
80456,Lafresguimont-Saint-Martin,553,80,32
80458,Lahoussoye,442,80,32
80459,Laleu,98,80,32
80460,Lamaronde,51,80,32
80461,Lamotte-Brebière,260,80,32
80462,Lamotte-Buleux,328,80,32
80463,Lamotte-Warfusée,725,80,32
80464,Lanchères,859,80,32
80465,Languevoisin-Quiquery,192,80,32
80466,Lanches-Saint-Hilaire,133,80,32
80467,Laucourt,183,80,32
80468,Laviéville,170,80,32
80469,Lawarde-Mauger-l'Hortoy,154,80,32
80470,Léalvillers,156,80,32
80472,Lesbœufs,166,80,32
80473,Liancourt-Fosse,292,80,32
80474,Licourt,395,80,32
80475,Liéramont,217,80,32
80476,Liercourt,327,80,32
80477,Ligescourt,223,80,32
80478,Lignières,142,80,32
80479,Lignières-Châtelain,346,80,32
80480,Lignières-en-Vimeu,108,80,32
80481,Lihons,463,80,32
80482,Limeux,142,80,32
80484,Liomer,374,80,32
80485,Ô-de-Selle,1148,80,32
80486,Long,590,80,32
80487,Longavesnes,77,80,32
80488,Longpré-les-Corps-Saints,1500,80,32
80489,Longueau,5680,80,32
80490,Longueval,292,80,32
80491,Longuevillette,67,80,32
80493,Louvencourt,289,80,32
80494,Louvrechy,197,80,32
80495,Lucheux,521,80,32
80496,Machiel,151,80,32
80497,Machy,117,80,32
80498,Mailly-Maillet,628,80,32
80499,Mailly-Raineval,290,80,32
80500,Maisnières,472,80,32
80501,Maison-Ponthieu,280,80,32
80502,Maison-Roland,97,80,32
80503,Maizicourt,182,80,32
80504,Malpart,70,80,32
80505,Carnoy-Mametz,255,80,32
80507,Marcelcave,1302,80,32
80508,Marché-Allouarde,51,80,32
80509,Marchélepot-Misery,575,80,32
80511,Marestmontiers,120,80,32
80512,Mareuil-Caubert,840,80,32
80513,Maricourt,184,80,32
80514,Marieux,128,80,32
80515,Marlers,149,80,32
80516,Marquaix,190,80,32
80517,Marquivillers,189,80,32
80518,Martainneville,410,80,32
80519,Matigny,505,80,32
80520,Maucourt,205,80,32
80521,Maurepas,216,80,32
80522,Le Mazis,107,80,32
80523,Méaulte,1285,80,32
80524,Méharicourt,546,80,32
80525,Meigneux,183,80,32
80526,Le Meillard,154,80,32
80527,Méneslies,298,80,32
80528,Méréaucourt,9,80,32
80529,Mérélessart,183,80,32
80530,Méricourt-l'Abbé,587,80,32
80531,Méricourt-en-Vimeu,106,80,32
80533,Mers-les-Bains,2540,80,32
80535,Le Mesge,144,80,32
80536,Mesnil-Bruntel,290,80,32
80537,Mesnil-Domqueur,88,80,32
80538,Mesnil-en-Arrouaise,105,80,32
80540,Mesnil-Martinsart,237,80,32
80541,Mesnil-Saint-Georges,217,80,32
80542,Mesnil-Saint-Nicaise,569,80,32
80543,Métigny,122,80,32
80544,Mézerolles,184,80,32
80545,Mézières-en-Santerre,521,80,32
80546,Miannay,604,80,32
80547,Millencourt,202,80,32
80548,Millencourt-en-Ponthieu,337,80,32
80549,Miraumont,620,80,32
80550,Mirvaux,121,80,32
80552,Moislains,1109,80,32
80553,Molliens-au-Bois,349,80,32
80554,Molliens-Dreuil,921,80,32
80555,Monchy-Lagache,593,80,32
80556,Mons-Boubert,585,80,32
80557,Estrées-Mons,594,80,32
80558,Monsures,216,80,32
80559,Montagne-Fayel,146,80,32
80560,Montauban-de-Picardie,217,80,32
80561,Montdidier,5935,80,32
80562,Montigny-sur-l'Hallue,175,80,32
80563,Montigny-les-Jongleurs,102,80,32
80565,Montonvillers,93,80,32
80566,Fieffes-Montrelet,339,80,32
80568,Morchain,362,80,32
80569,Morcourt,327,80,32
80570,Moreuil,3936,80,32
80571,Morisel,469,80,32
80572,Morlancourt,382,80,32
80573,Morvillers-Saint-Saturnin,372,80,32
80574,Mouflers,96,80,32
80575,Mouflières,75,80,32
80576,Moyencourt,314,80,32
80577,Moyencourt-lès-Poix,165,80,32
80578,Moyenneville,693,80,32
80579,Muille-Villette,789,80,32
80580,Nampont,261,80,32
80582,Namps-Maisnil,1013,80,32
80583,Nampty,277,80,32
80584,Naours,1047,80,32
80585,Nesle,2284,80,32
80586,Nesle-l'Hôpital,174,80,32
80587,Neslette,89,80,32
80588,Neufmoulin,368,80,32
80589,Neuilly-le-Dien,106,80,32
80590,Neuilly-l'Hôpital,334,80,32
80591,Neuville-au-Bois,144,80,32
80592,Neuville-Coppegueule,509,80,32
80593,La Neuville-lès-Bray,263,80,32
80595,La Neuville-Sire-Bernard,263,80,32
80596,Neuvillette,212,80,32
80597,Nibas,828,80,32
80598,Nouvion,1196,80,32
80599,Noyelles-en-Chaussée,242,80,32
80600,Noyelles-sur-Mer,636,80,32
80601,Nurlu,373,80,32
80602,Occoches,121,80,32
80603,Ochancourt,322,80,32
80604,Offignies,83,80,32
80605,Offoy,196,80,32
80606,Oisemont,1127,80,32
80607,Oissy,206,80,32
80609,Oneux,434,80,32
80611,Oresmaux,998,80,32
80613,Oust-Marest,608,80,32
80614,Outrebois,313,80,32
80615,Ovillers-la-Boisselle,431,80,32
80616,Pargny,198,80,32
80617,Parvillers-le-Quesnoy,244,80,32
80618,Pendé,1025,80,32
80619,Pernois,686,80,32
80620,Péronne,7090,80,32
80621,Hypercourt,679,80,32
80622,Picquigny,1273,80,32
80623,Piennes-Onvillers,391,80,32
80624,Pierregot,280,80,32
80625,Trois-Rivières,1482,80,32
80626,Pissy,284,80,32
80627,Plachy-Buyon,897,80,32
80628,Le Plessier-Rozainvillers,753,80,32
80629,Pœuilly,107,80,32
80630,Poix-de-Picardie,2282,80,32
80631,Ponches-Estruval,127,80,32
80632,Pont-de-Metz,2425,80,32
80633,Ponthoile,563,80,32
80634,Pont-Noyelles,826,80,32
80635,Pont-Remy,1438,80,32
80637,Port-le-Grand,268,80,32
80638,Potte,111,80,32
80639,Poulainville,1335,80,32
80640,Pozières,263,80,32
80642,Prouville,304,80,32
80643,Prouzel,572,80,32
80644,Proyart,761,80,32
80645,Puchevillers,572,80,32
80646,Punchy,79,80,32
80647,Puzeaux,278,80,32
80648,Pys,125,80,32
80649,Quend,1280,80,32
80650,Querrieu,626,80,32
80651,Le Quesne,233,80,32
80652,Le Quesnel,764,80,32
80654,Quesnoy-le-Montant,514,80,32
80655,Quesnoy-sur-Airaines,427,80,32
80656,Quevauvillers,1102,80,32
80657,Quiry-le-Sec,311,80,32
80658,Quivières,139,80,32
80659,Raincheval,269,80,32
80661,Rainneville,1123,80,32
80662,Ramburelles,262,80,32
80663,Rambures,379,80,32
80664,Rancourt,188,80,32
80665,Regnière-Écluse,139,80,32
80666,Remaisnil,28,80,32
80667,Remaugies,137,80,32
80668,Remiencourt,164,80,32
80669,Rethonvillers,346,80,32
80670,Revelles,530,80,32
80671,Ribeaucourt,223,80,32
80672,Ribemont-sur-Ancre,609,80,32
80673,Riencourt,181,80,32
80674,Rivery,3636,80,32
80675,Rogy,149,80,32
80676,Roiglise,152,80,32
80677,Roisel,1626,80,32
80678,Rollot,755,80,32
80679,Ronssoy,577,80,32
80680,Rosières-en-Santerre,2894,80,32
80681,Rouvrel,304,80,32
80682,Rouvroy-en-Santerre,209,80,32
80683,Rouy-le-Grand,100,80,32
80684,Rouy-le-Petit,101,80,32
80685,Roye,5833,80,32
80686,Rubempré,720,80,32
80687,Rubescourt,129,80,32
80688,Rue,2987,80,32
80690,Rumigny,613,80,32
80691,Saigneville,344,80,32
80692,Sailly-Flibeaucourt,991,80,32
80693,Sailly-Laurette,333,80,32
80694,Sailly-le-Sec,351,80,32
80695,Sailly-Saillisel,469,80,32
80696,Sains-en-Amiénois,1187,80,32
80697,Saint-Acheul,36,80,32
80698,Saint-Aubin-Montenoy,218,80,32
80699,Saint-Aubin-Rivière,116,80,32
80700,Saint-Blimont,883,80,32
80701,Saint-Christ-Briost,425,80,32
80702,Saint-Fuscien,1409,80,32
80703,Saint-Germain-sur-Bresle,224,80,32
80704,Saint-Gratien,383,80,32
80705,Saint-Léger-lès-Authie,79,80,32
80706,Saint-Léger-lès-Domart,1809,80,32
80707,Saint-Léger-sur-Bresle,80,80,32
80708,Saint-Mard,155,80,32
80709,Saint-Maulvis,279,80,32
80710,Saint-Maxent,390,80,32
80711,Saint-Ouen,1772,80,32
80713,Saint-Quentin-en-Tourmont,302,80,32
80714,Saint-Quentin-la-Motte-Croix-au-Bailly,1252,80,32
80716,Saint-Riquier,1279,80,32
80717,Saint-Sauflieu,976,80,32
80718,Saint-Sauveur,1344,80,32
80719,Sainte-Segrée,47,80,32
80721,Saint-Valery-sur-Somme,2306,80,32
80722,Saint-Vaast-en-Chaussée,504,80,32
80723,Saisseval,263,80,32
80724,Saleux,2739,80,32
80725,Salouël,4179,80,32
80726,Sancourt,269,80,32
80728,Saulchoy-sous-Poix,74,80,32
80729,Sauvillers-Mongival,178,80,32
80730,Saveuse,1096,80,32
80732,Senarpont,623,80,32
80733,Senlis-le-Sec,324,80,32
80734,Sentelie,217,80,32
80735,Seux,162,80,32
80736,Sorel-en-Vimeu,235,80,32
80737,Sorel,162,80,32
80738,Soues,124,80,32
80740,Sourdon,288,80,32
80741,Soyécourt,186,80,32
80742,Surcamps,84,80,32
80743,Suzanne,190,80,32
80744,Tailly,58,80,32
80746,Talmas,1085,80,32
80747,Templeux-la-Fosse,139,80,32
80748,Templeux-le-Guérard,198,80,32
80749,Terramesnil,323,80,32
80750,Tertry,145,80,32
80751,Thennes,552,80,32
80752,Thézy-Glimont,661,80,32
80753,Thiepval,124,80,32
80754,Thieulloy-l'Abbaye,380,80,32
80755,Thieulloy-la-Ville,141,80,32
80756,Thièvres,54,80,32
80757,Thoix,147,80,32
80758,Thory,207,80,32
80759,Tilloloy,318,80,32
80760,Tilloy-Floriville,353,80,32
80762,Tincourt-Boucly,334,80,32
80763,Le Titre,332,80,32
80764,Tœufles,308,80,32
80765,Tours-en-Vimeu,805,80,32
80766,Toutencourt,435,80,32
80767,Le Translay,234,80,32
80769,Treux,220,80,32
80770,Tully,549,80,32
80771,Ugny-l'Équipée,29,80,32
80773,Vadencourt,98,80,32
80774,Vaire-sous-Corbie,288,80,32
80775,Valines,655,80,32
80776,Varennes,222,80,32
80777,Vauchelles-lès-Authie,132,80,32
80778,Vauchelles-lès-Domart,120,80,32
80779,Vauchelles-les-Quesnoy,815,80,32
80780,Vaudricourt,414,80,32
80781,Vauvillers,233,80,32
80782,Vaux-en-Amiénois,444,80,32
80783,Vaux-Marquenneville,79,80,32
80784,Vaux-sur-Somme,268,80,32
80785,Vecquemont,531,80,32
80786,Velennes,141,80,32
80787,Vercourt,97,80,32
80788,Vergies,174,80,32
80789,Vermandovillers,147,80,32
80790,Verpillières,168,80,32
80791,Vers-sur-Selle,929,80,32
80792,La Vicogne,241,80,32
80793,Vignacourt,2263,80,32
80794,Villecourt,46,80,32
80795,Ville-le-Marclet,461,80,32
80796,Villeroy,177,80,32
80797,Villers-aux-Érables,137,80,32
80798,Villers-Bocage,1545,80,32
80799,Villers-Bretonneux,4647,80,32
80800,Villers-Campsart,138,80,32
80801,Villers-Carbonnel,294,80,32
80802,Villers-Faucon,530,80,32
80803,Villers-lès-Roye,288,80,32
80804,Villers-sous-Ailly,167,80,32
80805,Villers-Tournelle,160,80,32
80806,Villers-sur-Authie,468,80,32
80807,Ville-sur-Ancre,281,80,32
80808,Vironchaux,503,80,32
80809,Vismes,474,80,32
80810,Vitz-sur-Authie,136,80,32
80811,Voyennes,595,80,32
80812,Vraignes-en-Vermandois,130,80,32
80813,Vraignes-lès-Hornoy,96,80,32
80814,Vrély,459,80,32
80815,Vron,839,80,32
80819,Wargnies,78,80,32
80820,Warloy-Baillon,743,80,32
80821,Warlus,230,80,32
80822,Warsy,139,80,32
80823,Warvillers,121,80,32
80824,Wiencourt-l'Équipée,249,80,32
80825,Wiry-au-Mont,103,80,32
80826,Woignarue,732,80,32
80827,Woincourt,1302,80,32
80828,Woirel,46,80,32
80829,Y,87,80,32
80832,Yvrench,296,80,32
80833,Yvrencheux,130,80,32
80834,Yzengremer,490,80,32
80835,Yzeux,264,80,32
80836,Yonval,243,80,32
22001,Allineuc,589,22,53
22002,Andel,1180,22,53
22003,Aucaleuc,973,22,53
22004,Bégard,4889,22,53
22005,Belle-Isle-en-Terre,1024,22,53
22006,Berhet,272,22,53
22008,Bobital,1170,22,53
22009,Le Bodéo,186,22,53
22011,Boqueho,1054,22,53
22012,La Bouillie,824,22,53
22013,Bourbriac,2145,22,53
22014,Bourseul,1277,22,53
22015,Bréhand,1684,22,53
22016,Île-de-Bréhat,429,22,53
22018,Brélidy,334,22,53
22019,Bringolo,518,22,53
22020,Broons,2943,22,53
22021,Brusvily,1153,22,53
22023,Bulat-Pestivien,406,22,53
22024,Calanhel,245,22,53
22025,Callac,2312,22,53
22026,Calorguen,729,22,53
22028,Camlez,845,22,53
22029,Canihuel,350,22,53
22030,Caouënnec-Lanvézéac,899,22,53
22031,Carnoët,673,22,53
22032,Caulnes,2501,22,53
22033,Caurel,353,22,53
22034,Cavan,1571,22,53
22035,Les Champs-Géraux,1054,22,53
22036,La Chapelle-Blanche,211,22,53
22037,La Chapelle-Neuve,413,22,53
22039,La Chèze,578,22,53
22040,Coadout,532,22,53
22041,Coatascorn,248,22,53
22042,Coatréven,489,22,53
22044,Coëtmieux,1869,22,53
22045,Cohiniac,402,22,53
22046,Le Mené,6556,22,53
22047,Corlay,914,22,53
22048,Corseul,2331,22,53
22049,Créhen,1671,22,53
22050,Dinan,14764,22,53
22052,Duault,385,22,53
22053,Éréac,675,22,53
22054,Erquy,3974,22,53
22055,Binic-Étables-sur-Mer,7041,22,53
22056,Évran,1784,22,53
22057,Le Faouët,412,22,53
22059,Le Fœil,1375,22,53
22060,Gausson,648,22,53
22061,Glomel,1440,22,53
22062,Gomené,560,22,53
22063,Gommenec'h,551,22,53
22064,Gouarec,866,22,53
22065,Goudelin,1751,22,53
22067,Grâces,2601,22,53
22068,Grâce-Uzel,423,22,53
22069,Guenroc,215,22,53
22070,Guingamp,7111,22,53
22071,Guitté,701,22,53
22072,Gurunhuel,409,22,53
22073,La Harmoye,386,22,53
22074,Le Haut-Corlay,658,22,53
22075,Hémonstoir,687,22,53
22076,Hénanbihen,1479,22,53
22077,Hénansal,1294,22,53
22079,Hénon,2310,22,53
22081,Hillion,4335,22,53
22082,Le Hinglé,927,22,53
22083,Illifaut,706,22,53
22084,Jugon-les-Lacs,2541,22,53
22085,Kerbors,292,22,53
22086,Kerfot,642,22,53
22087,Kergrist-Moëlou,629,22,53
22088,Kerien,245,22,53
22090,Kermaria-Sulard,1112,22,53
22091,Kermoroc'h,443,22,53
22092,Kerpert,268,22,53
22093,Lamballe-Armor,17241,22,53
22094,Lancieux,1611,22,53
22095,Landebaëron,167,22,53
22096,Landébia,461,22,53
22097,La Landec,761,22,53
22098,Landéhen,1444,22,53
22099,Lanfains,1077,22,53
22101,Langoat,1175,22,53
22103,Langrolay-sur-Rance,991,22,53
22104,Languédias,563,22,53
22105,Languenan,1170,22,53
22106,Langueux,7939,22,53
22107,Bon Repos sur Blavet,1248,22,53
22108,Lanleff,121,22,53
22109,Lanloup,252,22,53
22110,Lanmérin,575,22,53
22111,Lanmodez,394,22,53
22112,Lannebert,423,22,53
22113,Lannion,20315,22,53
22114,Lanrelas,874,22,53
22115,Lanrivain,464,22,53
22116,Lanrodec,1387,22,53
22117,Lantic,1814,22,53
22118,Lanvallay,4291,22,53
22119,Lanvellec,608,22,53
22121,Lanvollon,1969,22,53
22122,Laurenan,744,22,53
22124,Lescouët-Gouarec,216,22,53
22126,Le Leslay,152,22,53
22127,Lézardrieux,1623,22,53
22128,Locarn,434,22,53
22129,Loc-Envel,75,22,53
22131,Loguivy-Plougras,840,22,53
22132,Lohuec,245,22,53
22133,Loscouët-sur-Meu,659,22,53
22134,Louannec,3019,22,53
22135,Louargat,2448,22,53
22136,Loudéac,9987,22,53
22137,Maël-Carhaix,1497,22,53
22138,Maël-Pestivien,362,22,53
22139,Magoar,75,22,53
22140,La Malhoure,626,22,53
22141,Mantallot,226,22,53
22143,Matignon,1771,22,53
22144,La Méaugon,1320,22,53
22145,Mégrit,812,22,53
22146,Mellionnec,443,22,53
22147,Merdrignac,3139,22,53
22148,Mérillac,249,22,53
22149,Merléac,481,22,53
22150,Le Merzer,986,22,53
22152,Minihy-Tréguier,1271,22,53
22153,Moncontour,738,22,53
22155,La Motte,2173,22,53
22156,Moustéru,645,22,53
22157,Le Moustoir,656,22,53
22158,Guerlédan,2532,22,53
22160,Noyal,985,22,53
22161,Pabu,2771,22,53
22162,Paimpol,7341,22,53
22163,Paule,671,22,53
22164,Pédernec,1893,22,53
22165,Penguily,617,22,53
22166,Penvénan,2584,22,53
22168,Perros-Guirec,7336,22,53
22169,Peumerit-Quintin,191,22,53
22170,Plaine-Haute,1712,22,53
22171,Plaintel,4602,22,53
22172,Plancoët,3104,22,53
22174,Pléboulle,721,22,53
22175,Plédéliac,1662,22,53
22176,Plédran,6933,22,53
22177,Pléguien,1443,22,53
22178,Pléhédel,1306,22,53
22179,Fréhel,1611,22,53
22180,Plélan-le-Petit,1992,22,53
22181,Plélauff,716,22,53
22182,Plélo,3344,22,53
22183,Plémet,3764,22,53
22184,Plémy,1578,22,53
22185,Plénée-Jugon,2579,22,53
22186,Pléneuf-Val-André,3988,22,53
22187,Plérin,14425,22,53
22188,Plerneuf,1123,22,53
22189,Plésidy,563,22,53
22190,Pleslin-Trigavou,4065,22,53
22193,Plestan,1635,22,53
22194,Plestin-les-Grèves,3639,22,53
22195,Pleubian,2365,22,53
22196,Pleudaniel,921,22,53
22197,Pleudihen-sur-Rance,2924,22,53
22198,Pleumeur-Bodou,3848,22,53
22199,Pleumeur-Gautier,1188,22,53
22201,Plévenon,750,22,53
22202,Plévin,754,22,53
22203,Plœuc-L'Hermitage,4103,22,53
22204,Ploëzal,1229,22,53
22205,Plorec-sur-Arguenon,467,22,53
22206,Châtelaudren-Plouagat,3974,22,53
22207,Plouaret,2237,22,53
22208,Plouasne,1798,22,53
22209,Beaussais-sur-Mer,4498,22,53
22210,Ploubazlanec,2932,22,53
22211,Ploubezre,3780,22,53
22212,Plouëc-du-Trieux,1140,22,53
22213,Plouër-sur-Rance,3416,22,53
22214,Plouézec,3147,22,53
22215,Ploufragan,11507,22,53
22216,Plougonver,760,22,53
22217,Plougras,426,22,53
22218,Plougrescant,1242,22,53
22219,Plouguenast-Langast,2380,22,53
22220,Plouguernével,1601,22,53
22221,Plouguiel,1747,22,53
22222,Plouha,4634,22,53
22223,Plouisy,2007,22,53
22224,Ploulec'h,1598,22,53
22225,Ploumagoar,5414,22,53
22226,Ploumilliau,2466,22,53
22227,Plounérin,798,22,53
22228,Plounévez-Moëdec,1479,22,53
22229,Plounévez-Quintin,1064,22,53
22231,Plourac'h,351,22,53
22232,Plourhan,2155,22,53
22233,Plourivo,2270,22,53
22234,Plouvara,1144,22,53
22235,Plouzélambre,198,22,53
22236,Pludual,738,22,53
22237,Val-d'Arguenon,2844,22,53
22238,Plufur,529,22,53
22239,Plumaudan,1421,22,53
22240,Plumaugat,1160,22,53
22241,Plumieux,1678,22,53
22242,Plurien,1521,22,53
22243,Plusquellec,559,22,53
22244,Plussulien,520,22,53
22245,Pluzunet,1017,22,53
22246,Pommeret,2116,22,53
22248,Pommerit-le-Vicomte,1809,22,53
22249,Pont-Melvez,595,22,53
22250,Pontrieux,1002,22,53
22251,Pordic,7454,22,53
22254,Prat,1078,22,53
22255,La Prénessaye,885,22,53
22256,Quemper-Guézennec,1118,22,53
22257,Quemperven,417,22,53
22258,Quessoy,3969,22,53
22259,Quévert,3955,22,53
22260,Le Quillio,597,22,53
22261,Quintenic,363,22,53
22262,Quintin,2739,22,53
22263,Le Quiou,359,22,53
22264,La Roche-Jaudy,2629,22,53
22265,Rospez,1794,22,53
22266,Rostrenen,3282,22,53
22267,Rouillac,409,22,53
22268,Ruca,595,22,53
22269,Runan,245,22,53
22271,Saint-Adrien,376,22,53
22272,Saint-Agathon,2169,22,53
22273,Saint-Alban,2397,22,53
22274,Saint-André-des-Eaux,409,22,53
22275,Saint-Barnabé,1223,22,53
22276,Saint-Bihy,267,22,53
22277,Saint-Brandan,2317,22,53
22278,Saint-Brieuc,44364,22,53
22279,Saint-Caradec,1132,22,53
22280,Saint-Carné,1167,22,53
22281,Saint-Carreuc,1576,22,53
22282,Saint-Cast-le-Guildo,3371,22,53
22283,Saint-Clet,877,22,53
22284,Saint-Connan,303,22,53
22285,Saint-Connec,258,22,53
22286,Saint-Denoual,495,22,53
22287,Saint-Donan,1477,22,53
22288,Saint-Étienne-du-Gué-de-l'Isle,372,22,53
22289,Saint-Fiacre,210,22,53
22291,Saint-Gildas,248,22,53
22293,Saint-Gilles-les-Bois,384,22,53
22294,Saint-Gilles-Pligeaux,307,22,53
22295,Saint-Gilles-Vieux-Marché,307,22,53
22296,Saint-Glen,664,22,53
22299,Saint-Hélen,1560,22,53
22300,Saint-Hervé,425,22,53
22302,Saint-Jacut-de-la-Mer,908,22,53
22304,Saint-Jean-Kerdaniel,694,22,53
22305,Saint-Jouan-de-l'Isle,446,22,53
22306,Saint-Judoce,594,22,53
22307,Saint-Julien,2101,22,53
22308,Saint-Juvat,663,22,53
22310,Saint-Laurent,541,22,53
22311,Saint-Lormel,882,22,53
22312,Saint-Maden,218,22,53
22313,Saint-Martin-des-Prés,319,22,53
22314,Saint-Maudan,399,22,53
22315,Saint-Maudez,286,22,53
22316,Saint-Mayeux,454,22,53
22317,Saint-Méloir-des-Bois,270,22,53
22318,Saint-Michel-de-Plélan,334,22,53
22319,Saint-Michel-en-Grève,447,22,53
22320,Saint-Nicodème,167,22,53
22321,Saint-Nicolas-du-Pélem,1523,22,53
22322,Saint-Péver,397,22,53
22323,Saint-Pôtan,839,22,53
22324,Saint-Quay-Perros,1308,22,53
22325,Saint-Quay-Portrieux,3224,22,53
22326,Saint-Rieul,551,22,53
22327,Saint-Samson-sur-Rance,1625,22,53
22328,Saint-Servais,435,22,53
22330,Saint-Thélo,371,22,53
22331,Sainte-Tréphine,189,22,53
22332,Saint-Trimoël,526,22,53
22333,Saint-Vran,781,22,53
22334,Saint-Igeaux,126,22,53
22335,Senven-Léhart,235,22,53
22337,Sévignac,1117,22,53
22338,Squiffiec,747,22,53
22339,Taden,2636,22,53
22340,Tonquédec,1201,22,53
22341,Tramain,704,22,53
22342,Trébédan,441,22,53
22343,Trébeurden,3821,22,53
22344,Trébrivan,761,22,53
22345,Trébry,844,22,53
22346,Trédaniel,906,22,53
22347,Trédarzec,1055,22,53
22348,Trédias,513,22,53
22349,Trédrez-Locquémeau,1478,22,53
22350,Tréduder,210,22,53
22351,Treffrin,516,22,53
22352,Tréfumel,282,22,53
22353,Trégastel,2524,22,53
22354,Tréglamus,1096,22,53
22356,Trégomeur,945,22,53
22358,Trégonneau,515,22,53
22359,Trégrom,464,22,53
22360,Trégueux,8450,22,53
22361,Tréguidel,630,22,53
22362,Tréguier,2294,22,53
22363,Trélévern,1245,22,53
22364,Trélivan,2865,22,53
22365,Trémargat,183,22,53
22366,Trémel,409,22,53
22368,Tréméreuc,729,22,53
22369,Trémeur,809,22,53
22370,Tréméven,362,22,53
22371,Trémorel,1156,22,53
22372,Trémuson,2259,22,53
22373,Tréogan,106,22,53
22375,Tressignaux,670,22,53
22376,Trévé,1681,22,53
22377,Tréveneuc,813,22,53
22378,Trévérec,228,22,53
22379,Trévou-Tréguignec,1603,22,53
22380,Trévron,682,22,53
22381,Trézény,354,22,53
22383,Troguéry,227,22,53
22384,Uzel,1134,22,53
22385,La Vicomté-sur-Rance,1149,22,53
22386,Le Vieux-Bourg,742,22,53
22387,Le Vieux-Marché,1299,22,53
22388,Vildé-Guingalan,1304,22,53
22389,Yffiniac,5074,22,53
22390,Yvias,765,22,53
22391,Yvignac-la-Tour,1135,22,53
29001,Argol,1065,29,53
29002,Arzano,1441,29,53
29003,Audierne,3727,29,53
29004,Bannalec,5725,29,53
29005,Baye,1369,29,53
29006,Bénodet,3849,29,53
29007,Berrien,943,29,53
29008,Beuzec-Cap-Sizun,1008,29,53
29010,Bodilis,1723,29,53
29011,Bohars,3727,29,53
29012,Bolazec,168,29,53
29013,Botmeur,224,29,53
29014,Botsorhel,425,29,53
29015,Bourg-Blanc,3573,29,53
29016,Brasparts,1067,29,53
29017,Brélès,868,29,53
29018,Brennilis,454,29,53
29019,Brest,142346,29,53
29020,Briec,5816,29,53
29021,Plounéour-Brignogan-plages,1972,29,53
29022,Camaret-sur-Mer,2494,29,53
29023,Carantec,3272,29,53
29024,Carhaix-Plouguer,7412,29,53
29025,Cast,1570,29,53
29026,Châteaulin,5085,29,53
29027,Châteauneuf-du-Faou,3651,29,53
29028,Cléden-Cap-Sizun,916,29,53
29029,Cléden-Poher,1130,29,53
29030,Cléder,3584,29,53
29031,Clohars-Carnoët,4708,29,53
29032,Clohars-Fouesnant,2264,29,53
29033,Le Cloître-Pleyben,502,29,53
29034,Le Cloître-Saint-Thégonnec,641,29,53
29035,Coat-Méal,1133,29,53
29036,Collorec,588,29,53
29037,Combrit,4265,29,53
29038,Commana,983,29,53
29039,Concarneau,20845,29,53
29040,Le Conquet,2835,29,53
29041,Coray,1856,29,53
29042,Crozon,7499,29,53
29043,Daoulas,1864,29,53
29044,Dinéault,1853,29,53
29045,Dirinon,2188,29,53
29046,Douarnenez,14068,29,53
29047,Le Drennec,1896,29,53
29048,Edern,2186,29,53
29049,Elliant,3427,29,53
29051,Ergué-Gabéric,8606,29,53
29053,Le Faou,1911,29,53
29054,La Feuillée,677,29,53
29055,Le Folgoët,3315,29,53
29056,La Forest-Landerneau,2018,29,53
29057,La Forêt-Fouesnant,3508,29,53
29058,Fouesnant,10436,29,53
29059,Garlan,1043,29,53
29060,Gouesnach,2836,29,53
29061,Gouesnou,6501,29,53
29062,Gouézec,1111,29,53
29063,Goulien,446,29,53
29064,Goulven,432,29,53
29065,Gourlizon,949,29,53
29066,Guengat,1846,29,53
29067,Guerlesquin,1285,29,53
29068,Guiclan,2585,29,53
29069,Guilers,8268,29,53
29070,Guiler-sur-Goyen,520,29,53
29071,Guilligomarc'h,803,29,53
29072,Guilvinec,2669,29,53
29073,Guimaëc,982,29,53
29074,Guimiliau,994,29,53
29075,Guipavas,15538,29,53
29076,Milizac-Guipronvel,4816,29,53
29077,Guissény,1979,29,53
29078,Hanvec,2025,29,53
29079,Henvic,1181,29,53
29080,Hôpital-Camfrout,2215,29,53
29081,Huelgoat,1440,29,53
29082,Île-de-Batz,458,29,53
29083,Île-de-Sein,263,29,53
29084,Île-Molène,176,29,53
29085,Île-Tudy,742,29,53
29086,Irvillac,1411,29,53
29087,Le Juch,765,29,53
29089,Kergloff,897,29,53
29090,Kerlaz,805,29,53
29091,Kerlouan,1999,29,53
29093,Kernilis,1407,29,53
29094,Kernouës,665,29,53
29095,Kersaint-Plabennec,1571,29,53
29097,Lampaul-Guimiliau,2032,29,53
29098,Lampaul-Plouarzel,2221,29,53
29099,Lampaul-Ploudalmézeau,816,29,53
29100,Lanarvily,401,29,53
29101,Landéda,3702,29,53
29102,Landeleau,993,29,53
29103,Landerneau,16363,29,53
29104,Landévennec,330,29,53
29105,Landivisiau,9426,29,53
29106,Landrévarzec,1882,29,53
29107,Landudal,930,29,53
29108,Landudec,1459,29,53
29109,Landunvez,1579,29,53
29110,Langolen,836,29,53
29111,Lanhouarneau,1282,29,53
29112,Lanildut,1013,29,53
29113,Lanmeur,2387,29,53
29114,Lannéanou,342,29,53
29115,Lannédern,321,29,53
29116,Lanneuffret,158,29,53
29117,Lannilis,5709,29,53
29119,Lanrivoaré,1551,29,53
29120,Lanvéoc,2044,29,53
29122,Laz,685,29,53
29123,Lennon,812,29,53
29124,Lesneven,7566,29,53
29125,Leuhan,846,29,53
29126,Loc-Brévalaire,210,29,53
29128,Loc-Eguiner,376,29,53
29130,Locmaria-Plouzané,5130,29,53
29131,Locmélar,487,29,53
29132,Locquénolé,790,29,53
29133,Locquirec,1555,29,53
29134,Locronan,829,29,53
29135,Loctudy,4075,29,53
29136,Locunolé,1177,29,53
29137,Logonna-Daoulas,2130,29,53
29139,Lopérec,828,29,53
29140,Loperhet,3959,29,53
29141,Loqueffret,336,29,53
29142,Lothey,424,29,53
29143,Mahalon,1021,29,53
29144,La Martyre,751,29,53
29145,Confort-Meilars,861,29,53
29146,Melgven,3371,29,53
29147,Mellac,3404,29,53
29148,Mespaul,946,29,53
29150,Moëlan-sur-Mer,6749,29,53
29151,Morlaix,15194,29,53
29152,Motreff,654,29,53
29153,Névez,2795,29,53
29155,Ouessant,860,29,53
29156,Pencran,2234,29,53
29158,Penmarch,5508,29,53
29159,Peumerit,917,29,53
29160,Plabennec,8686,29,53
29161,Pleuven,3311,29,53
29162,Pleyben,3692,29,53
29163,Pleyber-Christ,3166,29,53
29165,Plobannalec-Lesconil,3718,29,53
29166,Ploéven,550,29,53
29167,Plogastel-Saint-Germain,2024,29,53
29168,Plogoff,1131,29,53
29169,Plogonnec,3236,29,53
29170,Plomelin,4239,29,53
29171,Plomeur,3904,29,53
29172,Plomodiern,2282,29,53
29173,Plonéis,2409,29,53
29174,Plonéour-Lanvern,6452,29,53
29175,Plonévez-du-Faou,2160,29,53
29176,Plonévez-Porzay,1781,29,53
29177,Plouarzel,4029,29,53
29178,Ploudalmézeau,6522,29,53
29179,Ploudaniel,3732,29,53
29180,Ploudiry,872,29,53
29181,Plouédern,3103,29,53
29182,Plouégat-Guérand,1050,29,53
29183,Plouégat-Moysan,717,29,53
29184,Plouénan,2610,29,53
29185,Plouescat,3554,29,53
29186,Plouezoc'h,1646,29,53
29187,Plougar,789,29,53
29188,Plougasnou,3192,29,53
29189,Plougastel-Daoulas,13434,29,53
29190,Plougonvelin,4521,29,53
29191,Plougonven,3382,29,53
29192,Plougoulm,1755,29,53
29193,Plougourvest,1522,29,53
29195,Plouguerneau,6755,29,53
29196,Plouguin,2268,29,53
29197,Plouhinec,3919,29,53
29198,Plouider,1809,29,53
29199,Plouigneau,5014,29,53
29201,Ploumoguer,2074,29,53
29202,Plounéour-Ménez,1297,29,53
29204,Plounéventer,2251,29,53
29205,Plounévézel,1157,29,53
29206,Plounévez-Lochrist,2281,29,53
29207,Plourin-lès-Morlaix,4548,29,53
29208,Plourin,1268,29,53
29209,Plouvien,3968,29,53
29210,Plouvorn,2916,29,53
29211,Plouyé,687,29,53
29212,Plouzané,13567,29,53
29213,Plouzévédé,1897,29,53
29214,Plovan,677,29,53
29215,Plozévet,2984,29,53
29216,Pluguffan,4223,29,53
29217,Pont-Aven,2777,29,53
29218,Pont-Croix,1669,29,53
29220,Pont-l'Abbé,8484,29,53
29221,Porspoder,1753,29,53
29222,Port-Launay,404,29,53
29224,Pouldergat,1213,29,53
29225,Pouldreuzic,2119,29,53
29226,Poullan-sur-Mer,1453,29,53
29227,Poullaouen,1470,29,53
29228,Primelin,650,29,53
29229,Quéménéven,1119,29,53
29230,Querrien,1645,29,53
29232,Quimper,64385,29,53
29233,Quimperlé,12469,29,53
29234,Rédené,3043,29,53
29235,Le Relecq-Kerhuon,11897,29,53
29236,Riec-sur-Bélon,4376,29,53
29237,La Roche-Maurice,1893,29,53
29238,Roscanvel,855,29,53
29239,Roscoff,3334,29,53
29240,Rosnoën,1012,29,53
29241,Rosporden,7550,29,53
29243,Saint-Coulitz,475,29,53
29244,Saint-Derrien,861,29,53
29245,Saint-Divy,1605,29,53
29246,Saint-Eloy,220,29,53
29247,Saint-Évarzec,3574,29,53
29248,Saint-Frégant,874,29,53
29249,Saint-Goazec,739,29,53
29250,Saint-Hernin,753,29,53
29251,Saint-Jean-du-Doigt,692,29,53
29252,Saint-Jean-Trolimon,997,29,53
29254,Saint-Martin-des-Champs,4773,29,53
29255,Saint-Méen,942,29,53
29256,Saint-Nic,753,29,53
29257,Saint-Pabu,2087,29,53
29259,Saint-Pol-de-Léon,6941,29,53
29260,Saint-Renan,8577,29,53
29261,Saint-Rivoal,223,29,53
29262,Saint-Sauveur,849,29,53
29263,Saint-Ségal,1182,29,53
29264,Saint-Servais,784,29,53
29265,Sainte-Sève,1077,29,53
29266,Saint-Thégonnec Loc-Eguiner,3148,29,53
29267,Saint-Thois,703,29,53
29268,Saint-Thonan,1956,29,53
29269,Saint-Thurien,1000,29,53
29270,Saint-Urbain,1670,29,53
29271,Saint-Vougay,873,29,53
29272,Saint-Yvi,3431,29,53
29273,Santec,2454,29,53
29274,Scaër,5178,29,53
29275,Scrignac,816,29,53
29276,Sibiril,1143,29,53
29277,Sizun,2325,29,53
29278,Spézet,1774,29,53
29279,Taulé,2914,29,53
29280,Telgruc-sur-Mer,2167,29,53
29281,Tourch,1002,29,53
29282,Trébabu,368,29,53
29284,Treffiagat,2429,29,53
29285,Tréflaouénan,518,29,53
29286,Tréflévénez,260,29,53
29287,Tréflez,991,29,53
29288,Trégarantec,634,29,53
29289,Trégarvan,134,29,53
29290,Tréglonou,689,29,53
29291,Trégourez,947,29,53
29292,Tréguennec,311,29,53
29293,Trégunc,7148,29,53
29294,Le Tréhou,633,29,53
29295,Trémaouézan,483,29,53
29296,Tréméoc,1503,29,53
29297,Tréméven,2402,29,53
29298,Tréogat,573,29,53
29299,Tréouergat,323,29,53
29300,Le Trévoux,1652,29,53
29301,Trézilidé,405,29,53
29302,Pont-de-Buis-lès-Quimerch,3663,29,53
35001,Acigné,6874,35,53
35002,Amanlis,1768,35,53
35003,Andouillé-Neuville,1017,35,53
35004,Val-Couesnon,4072,35,53
35005,Arbrissel,266,35,53
35006,Argentré-du-Plessis,4633,35,53
35007,Aubigné,453,35,53
35008,Availles-sur-Seiche,630,35,53
35009,Baguer-Morvan,1702,35,53
35010,Baguer-Pican,1756,35,53
35012,Bain-de-Bretagne,7674,35,53
35013,Bains-sur-Oust,3535,35,53
35014,Bais,2539,35,53
35015,Balazé,2162,35,53
35016,Baulon,2210,35,53
35017,La Baussaine,675,35,53
35018,La Bazouge-du-Désert,1095,35,53
35019,Bazouges-la-Pérouse,1877,35,53
35021,Beaucé,1256,35,53
35022,Bécherel,677,35,53
35023,Bédée,4662,35,53
35024,Betton,12964,35,53
35025,Billé,1010,35,53
35026,Bléruais,97,35,53
35027,Boisgervilly,1804,35,53
35028,Boistrudan,728,35,53
35029,Bonnemain,1536,35,53
35030,La Bosse-de-Bretagne,696,35,53
35031,La Bouëxière,4667,35,53
35032,Bourgbarré,4804,35,53
35033,Bourg-des-Comptes,3411,35,53
35034,La Boussac,1271,35,53
35035,Bovel,618,35,53
35037,Bréal-sous-Montfort,6391,35,53
35038,Bréal-sous-Vitré,612,35,53
35039,Brécé,2232,35,53
35040,Breteil,3675,35,53
35041,Brie,988,35,53
35042,Brielles,692,35,53
35044,Broualan,415,35,53
35045,Bruc-sur-Aff,855,35,53
35046,Les Brulais,542,35,53
35047,Bruz,19683,35,53
35049,Cancale,5672,35,53
35050,Cardroc,589,35,53
35051,Cesson-Sévigné,18761,35,53
35052,Champeaux,505,35,53
35054,Chanteloup,1912,35,53
35055,Chantepie,10670,35,53
35056,La Chapelle-aux-Filtzméens,824,35,53
35057,La Chapelle-Bouëxic,1537,35,53
35058,La Chapelle-Chaussée,1298,35,53
35059,La Chapelle-des-Fougeretz,4738,35,53
35060,La Chapelle du Lou du Lac,1050,35,53
35061,La Chapelle-Erbrée,717,35,53
35062,La Chapelle-Fleurigné,2451,35,53
35063,La Chapelle-Saint-Aubert,479,35,53
35064,La Chapelle-de-Brain,1114,35,53
35065,La Chapelle-Thouarault,2304,35,53
35066,Chartres-de-Bretagne,8880,35,53
35067,Chasné-sur-Illet,1744,35,53
35068,Châteaubourg,7533,35,53
35069,Châteaugiron,10845,35,53
35070,Châteauneuf-d'Ille-et-Vilaine,1664,35,53
35071,Le Châtellier,430,35,53
35072,Châtillon-en-Vendelais,1775,35,53
35075,Chauvigné,810,35,53
35076,Chavagne,4709,35,53
35077,Chelun,363,35,53
35078,Cherrueix,1108,35,53
35079,Chevaigné,2397,35,53
35080,Cintré,2645,35,53
35081,Clayes,947,35,53
35082,Coësmes,1426,35,53
35084,Comblessac,671,35,53
35085,Combourg,6411,35,53
35086,Combourtillé,610,35,53
35087,Cornillé,961,35,53
35088,Corps-Nuds,3567,35,53
35089,La Couyère,448,35,53
35090,Crevin,2819,35,53
35091,Le Crouais,592,35,53
35092,Cuguen,828,35,53
35093,Dinard,10772,35,53
35094,Dingé,1705,35,53
35095,Dol-de-Bretagne,5829,35,53
35096,Domagné,2491,35,53
35097,Domalain,2055,35,53
35098,La Dominelais,1424,35,53
35099,Domloup,3877,35,53
35101,Dourdain,1237,35,53
35102,Drouges,502,35,53
35103,Eancé,429,35,53
35104,Epiniac,1438,35,53
35105,Erbrée,1703,35,53
35106,Ercé-en-Lamée,1566,35,53
35107,Ercé-près-Liffré,2034,35,53
35108,Essé,1028,35,53
35109,Étrelles,2703,35,53
35110,Feins,1074,35,53
35111,Le Ferré,732,35,53
35114,Forges-la-Forêt,268,35,53
35115,Fougères,20307,35,53
35116,La Fresnais,2509,35,53
35117,Gaël,1613,35,53
35118,Gahard,1523,35,53
35119,Gennes-sur-Seiche,938,35,53
35120,Gévezé,6061,35,53
35121,Gosné,2145,35,53
35122,La Gouesnière,2021,35,53
35123,Goven,4359,35,53
35124,Grand-Fougeray,2584,35,53
35125,La Guerche-de-Bretagne,4554,35,53
35126,Guichen,9412,35,53
35127,Guignen,4175,35,53
35128,Guipel,1738,35,53
35130,Hédé-Bazouges,2267,35,53
35131,L'Hermitage,4730,35,53
35132,Hirel,1382,35,53
35133,Iffendic,4609,35,53
35134,Les Iffs,274,35,53
35135,Irodouër,2300,35,53
35136,Janzé,8649,35,53
35137,Javené,2205,35,53
35138,Laignelet,1234,35,53
35139,Laillé,5225,35,53
35140,Lalleu,593,35,53
35141,Landavran,674,35,53
35142,Landéan,1250,35,53
35143,Landujan,941,35,53
35144,Langan,1106,35,53
35145,Langon,1423,35,53
35146,Langouet,604,35,53
35148,Lanrigan,136,35,53
35149,Lassy,1841,35,53
35150,Lécousse,3530,35,53
35151,Lieuron,811,35,53
35152,Liffré,9339,35,53
35153,Lillemer,398,35,53
35154,Livré-sur-Changeon,1758,35,53
35155,Lohéac,702,35,53
35156,Longaulnay,592,35,53
35157,Le Loroux,621,35,53
35159,Lourmais,340,35,53
35160,Loutehel,243,35,53
35161,Louvigné-de-Bais,1890,35,53
35162,Louvigné-du-Désert,3346,35,53
35163,Luitré-Dompierre,1868,35,53
35164,Marcillé-Raoul,749,35,53
35165,Marcillé-Robert,1017,35,53
35166,Marpiré,1023,35,53
35167,Martigné-Ferchaud,2688,35,53
35168,Val d'Anast,3930,35,53
35169,Maxent,1450,35,53
35170,Mecé,618,35,53
35171,Médréac,1853,35,53
35172,Meillac,1974,35,53
35173,Melesse,7541,35,53
35174,Mellé,651,35,53
35175,Mernel,1021,35,53
35176,Guipry-Messac,7354,35,53
35177,La Mézière,5033,35,53
35178,Mézières-sur-Couesnon,1734,35,53
35179,Miniac-Morvan,4408,35,53
35180,Miniac-sous-Bécherel,776,35,53
35181,Le Minihic-sur-Rance,1524,35,53
35183,Mondevert,804,35,53
35184,Montauban-de-Bretagne,6597,35,53
35185,Montautour,269,35,53
35186,Mont-Dol,1101,35,53
35187,Monterfil,1366,35,53
35188,Montfort-sur-Meu,6810,35,53
35189,Montgermont,3827,35,53
35190,Monthault,248,35,53
35191,Les Portes du Coglais,2208,35,53
35192,Montreuil-des-Landes,237,35,53
35193,Montreuil-le-Gast,2080,35,53
35194,Montreuil-sous-Pérouse,1043,35,53
35195,Montreuil-sur-Ille,2420,35,53
35196,Mordelles,7911,35,53
35197,Mouazé,1712,35,53
35198,Moulins,724,35,53
35199,Moussé,293,35,53
35200,Moutiers,896,35,53
35201,Muel,927,35,53
35202,La Noë-Blanche,1002,35,53
35203,La Nouaye,362,35,53
35204,Nouvoitou,3911,35,53
35205,Noyal-sous-Bazouges,392,35,53
35206,Noyal-Châtillon-sur-Seiche,8359,35,53
35207,Noyal-sur-Vilaine,6269,35,53
35208,Orgères,5732,35,53
35210,Pacé,11703,35,53
35211,Paimpont,1772,35,53
35212,Pancé,1159,35,53
35214,Parcé,657,35,53
35215,Parigné,1286,35,53
35216,Parthenay-de-Bretagne,1793,35,53
35217,Le Pertre,1363,35,53
35218,Le Petit-Fougeray,901,35,53
35219,Pipriac,3859,35,53
35220,Piré-Chancé,3224,35,53
35221,Pléchâtel,2833,35,53
35222,Pleine-Fougères,2002,35,53
35223,Plélan-le-Grand,4076,35,53
35224,Plerguer,2895,35,53
35225,Plesder,790,35,53
35226,Pleugueneuc,2087,35,53
35227,Pleumeleuc,3543,35,53
35228,Pleurtuit,7167,35,53
35229,Pocé-les-Bois,1312,35,53
35230,Poilley,394,35,53
35231,Poligné,1261,35,53
35232,Princé,400,35,53
35233,Québriac,1588,35,53
35234,Quédillac,1287,35,53
35235,Rannée,1100,35,53
35236,Redon,9542,35,53
35237,Renac,1027,35,53
35238,Rennes,230890,35,53
35239,Retiers,4566,35,53
35240,Le Rheu,9839,35,53
35241,La Richardais,2664,35,53
35242,Rimou,357,35,53
35243,Romagné,2438,35,53
35244,Romazy,277,35,53
35245,Romillé,4189,35,53
35246,Roz-Landrieux,1378,35,53
35247,Roz-sur-Couesnon,1059,35,53
35248,Sains,468,35,53
35249,Sainte-Anne-sur-Vilaine,1035,35,53
35250,Saint-Armel,2433,35,53
35251,Saint-Aubin-d'Aubigné,4304,35,53
35252,Saint-Aubin-des-Landes,917,35,53
35253,Saint-Aubin-du-Cormier,4203,35,53
35255,Saint-Benoît-des-Ondes,975,35,53
35256,Saint-Briac-sur-Mer,2258,35,53
35257,Maen Roch,5088,35,53
35258,Saint-Brieuc-des-Iffs,330,35,53
35259,Saint-Broladre,1153,35,53
35260,Saint-Christophe-des-Bois,566,35,53
35261,Saint-Christophe-de-Valains,231,35,53
35262,Sainte-Colombe,368,35,53
35263,Saint-Coulomb,2969,35,53
35264,Saint-Didier,2022,35,53
35265,Saint-Domineuc,2619,35,53
35266,Saint-Erblon,3651,35,53
35268,Saint-Ganton,413,35,53
35270,Saint-Georges-de-Gréhaigne,384,35,53
35271,Saint-Georges-de-Reintembault,1541,35,53
35272,Saint-Germain-du-Pinel,1018,35,53
35273,Saint-Germain-en-Coglès,2096,35,53
35274,Saint-Germain-sur-Ille,1017,35,53
35275,Saint-Gilles,5576,35,53
35276,Saint-Gondran,651,35,53
35277,Saint-Gonlay,377,35,53
35278,Saint-Grégoire,9957,35,53
35279,Saint-Guinoux,1285,35,53
35280,Saint-Hilaire-des-Landes,1037,35,53
35281,Saint-Jacques-de-la-Lande,13800,35,53
35282,Rives-du-Couesnon,2927,35,53
35283,Saint-Jean-sur-Vilaine,1375,35,53
35284,Saint-Jouan-des-Guérets,2847,35,53
35285,Saint-Just,1107,35,53
35286,Saint-Léger-des-Prés,293,35,53
35287,Saint-Lunaire,2768,35,53
35288,Saint-Malo,47439,35,53
35289,Saint-Malo-de-Phily,1081,35,53
35290,Saint-Malon-sur-Mel,618,35,53
35291,Saint-Marcan,431,35,53
35292,Saint-Marc-le-Blanc,1553,35,53
35294,Sainte-Marie,2247,35,53
35295,Saint-Maugan,505,35,53
35296,Saint-Médard-sur-Ille,1377,35,53
35297,Saint-Méen-le-Grand,4653,35,53
35299,Saint-Méloir-des-Ondes,4720,35,53
35300,Saint-M'Hervé,1354,35,53
35302,Saint-Onen-la-Chapelle,1126,35,53
35304,Saint-Ouen-des-Alleux,1326,35,53
35305,Saint-Péran,407,35,53
35306,Saint-Père-Marc-en-Poulet,2440,35,53
35307,Saint-Pern,966,35,53
35308,Mesnil-Roc'h,4492,35,53
35309,Saint-Rémy-du-Plain,818,35,53
35310,Saint-Sauveur-des-Landes,1565,35,53
35311,Saint-Séglin,610,35,53
35312,Saint-Senoux,1863,35,53
35314,Saint-Suliac,1018,35,53
35315,Saint-Sulpice-la-Forêt,1580,35,53
35316,Saint-Sulpice-des-Landes,820,35,53
35317,Saint-Symphorien,625,35,53
35318,Saint-Thual,996,35,53
35319,Saint-Thurial,2184,35,53
35320,Saint-Uniac,513,35,53
35321,Saulnières,801,35,53
35322,Le Sel-de-Bretagne,1117,35,53
35324,La Selle-en-Luitré,582,35,53
35325,La Selle-Guerchaise,153,35,53
35326,Sens-de-Bretagne,2592,35,53
35327,Servon-sur-Vilaine,4152,35,53
35328,Sixt-sur-Aff,2273,35,53
35329,Sougeal,547,35,53
35330,Taillis,1028,35,53
35331,Talensac,2571,35,53
35332,Teillay,1117,35,53
35333,Le Theil-de-Bretagne,1731,35,53
35334,Thorigné-Fouillard,8667,35,53
35335,Thourie,868,35,53
35336,Le Tiercent,199,35,53
35337,Tinténiac,3939,35,53
35338,Torcé,1281,35,53
35339,Trans-la-Forêt,634,35,53
35340,Treffendel,1350,35,53
35342,Trémeheuc,355,35,53
35343,Tresbœuf,1234,35,53
35345,Trévérien,918,35,53
35346,Trimer,205,35,53
35347,Val-d'Izé,2620,35,53
35350,Vergéal,806,35,53
35351,Le Verger,1389,35,53
35352,Vern-sur-Seiche,8207,35,53
35353,Vezin-le-Coquet,6471,35,53
35354,Vieux-Viel,329,35,53
35355,Vieux-Vy-sur-Couesnon,1286,35,53
35356,Vignoc,2329,35,53
35357,Villamée,301,35,53
35358,La Ville-ès-Nonais,1233,35,53
35359,Visseiche,881,35,53
35360,Vitré,19365,35,53
35361,Le Vivier-sur-Mer,1065,35,53
35362,Le Tronchet,1202,35,53
35363,Pont-Péan,4245,35,53
56001,Allaire,3955,56,53
56002,Ambon,2101,56,53
56003,Arradon,5835,56,53
56004,Arzal,1846,56,53
56005,Arzon,2271,56,53
56006,Augan,1569,56,53
56007,Auray,14207,56,53
56008,Baden,5086,56,53
56009,Bangor,994,56,53
56010,Baud,6367,56,53
56011,Béganne,1493,56,53
56012,Beignon,1944,56,53
56013,Belz,3893,56,53
56014,Berné,1551,56,53
56015,Berric,2129,56,53
56017,Bignan,2757,56,53
56018,Billiers,1066,56,53
56019,Billio,335,56,53
56020,Bohal,873,56,53
56021,Brandérion,1494,56,53
56022,Brandivy,1466,56,53
56023,Brech,7052,56,53
56024,Bréhan,2306,56,53
56025,Brignac,200,56,53
56026,Bubry,2242,56,53
56027,Buléon,547,56,53
56028,Caden,1641,56,53
56029,Calan,1277,56,53
56030,Camoël,1183,56,53
56031,Camors,3260,56,53
56032,Campénéac,1991,56,53
56033,Carentoir,3232,56,53
56034,Carnac,4194,56,53
56035,Caro,1126,56,53
56036,Caudan,7206,56,53
56039,La Chapelle-Neuve,1001,56,53
56040,Cléguer,3460,56,53
56041,Cléguérec,2885,56,53
56042,Colpo,2296,56,53
56043,Concoret,758,56,53
56044,Cournon,812,56,53
56045,Le Cours,697,56,53
56046,Crach,3423,56,53
56047,Crédin,1483,56,53
56048,Le Croisty,739,56,53
56050,La Croix-Helléan,892,56,53
56051,Cruguel,664,56,53
56052,Damgan,1943,56,53
56053,Elven,6651,56,53
56054,Erdeven,4008,56,53
56055,Étel,2074,56,53
56056,Évriguet,210,56,53
56057,Le Faouët,2814,56,53
56058,Férel,3499,56,53
56060,Les Fougerêts,970,56,53
56061,La Gacilly,3995,56,53
56062,Gâvres,696,56,53
56063,Gestel,2601,56,53
56065,Gourhel,711,56,53
56066,Gourin,3960,56,53
56067,Grand-Champ,5929,56,53
56068,La Grée-Saint-Laurent,304,56,53
56069,Groix,2310,56,53
56070,Guégon,2365,56,53
56071,Guéhenno,814,56,53
56072,Gueltas,551,56,53
56073,Guémené-sur-Scorff,1175,56,53
56074,Guénin,1921,56,53
56075,Guer,6208,56,53
56076,Guern,1411,56,53
56077,Le Guerno,989,56,53
56078,Guidel,12338,56,53
56079,Guillac,1396,56,53
56080,Guilliers,1368,56,53
56081,Guiscriff,2037,56,53
56082,Helléan,395,56,53
56083,Hennebont,15910,56,53
56084,Le Hézo,930,56,53
56085,Hœdic,104,56,53
56086,Île-d'Houat,219,56,53
56087,Île-aux-Moines,630,56,53
56088,Île-d'Arz,321,56,53
56089,Inguiniel,2188,56,53
56090,Inzinzac-Lochrist,6691,56,53
56091,Josselin,2584,56,53
56092,Kerfourn,852,56,53
56093,Kergrist,714,56,53
56094,Kervignac,7204,56,53
56096,Landaul,2516,56,53
56097,Landévant,4056,56,53
56098,Lanester,23263,56,53
56099,Langoëlan,403,56,53
56100,Langonnet,1930,56,53
56101,Languidic,8042,56,53
56102,Forges de Lanouée,2253,56,53
56103,Lantillac,296,56,53
56104,Lanvaudan,808,56,53
56105,Lanvénégen,1145,56,53
56106,Larmor-Baden,917,56,53
56107,Larmor-Plage,8418,56,53
56108,Larré,1104,56,53
56109,Lauzach,1264,56,53
56110,Lignol,861,56,53
56111,Limerzel,1370,56,53
56112,Lizio,840,56,53
56113,Locmalo,890,56,53
56114,Locmaria,978,56,53
56115,Locmaria-Grand-Champ,1855,56,53
56116,Locmariaquer,1577,56,53
56117,Locminé,4773,56,53
56118,Locmiquélic,4093,56,53
56119,Locoal-Mendon,3530,56,53
56120,Locqueltas,2031,56,53
56121,Lorient,58329,56,53
56122,Loyat,1750,56,53
56123,Malansac,2339,56,53
56124,Malestroit,2558,56,53
56125,Malguénac,1857,56,53
56126,Marzan,2684,56,53
56127,Mauron,3163,56,53
56128,Melrand,1598,56,53
56129,Ménéac,1476,56,53
56130,Merlevenez,3174,56,53
56131,Meslan,1479,56,53
56132,Meucon,2280,56,53
56133,Missiriac,1195,56,53
56134,Mohon,991,56,53
56135,Molac,1633,56,53
56136,Monteneuf,763,56,53
56137,Monterblanc,3356,56,53
56139,Montertelot,375,56,53
56140,Moréac,3704,56,53
56141,Moustoir-Ac,1775,56,53
56143,Muzillac,5089,56,53
56144,Évellys,3379,56,53
56145,Néant-sur-Yvel,1045,56,53
56146,Neulliac,1482,56,53
56147,Nivillac,4951,56,53
56148,Nostang,1676,56,53
56149,Noyal-Muzillac,2548,56,53
56151,Noyal-Pontivy,3606,56,53
56152,Le Palais,2599,56,53
56153,Péaule,2929,56,53
56154,Peillac,1873,56,53
56155,Pénestin,2085,56,53
56156,Persquen,365,56,53
56157,Plaudren,1978,56,53
56158,Plescop,6362,56,53
56159,Pleucadeuc,1866,56,53
56160,Pleugriffet,1281,56,53
56161,Ploemel,3175,56,53
56162,Ploemeur,18872,56,53
56163,Ploërdut,1255,56,53
56164,Ploeren,6790,56,53
56165,Ploërmel,10163,56,53
56166,Plouay,5755,56,53
56167,Plougoumelen,2664,56,53
56168,Plouharnel,2285,56,53
56169,Plouhinec,5400,56,53
56170,Plouray,1060,56,53
56171,Pluherlin,1542,56,53
56172,Plumelec,2754,56,53
56173,Pluméliau-Bieuzy,4632,56,53
56174,Plumelin,2885,56,53
56175,Plumergat,4207,56,53
56176,Pluneret,6262,56,53
56177,Pluvigner,7682,56,53
56178,Pontivy,14640,56,53
56179,Pont-Scorff,4037,56,53
56180,Porcaro,743,56,53
56181,Port-Louis,2608,56,53
56182,Priziac,1037,56,53
56184,Questembert,8133,56,53
56185,Quéven,8991,56,53
56186,Quiberon,4876,56,53
56188,Quistinic,1444,56,53
56189,Radenac,1066,56,53
56190,Réguiny,1955,56,53
56191,Réminiac,438,56,53
56193,Riantec,5865,56,53
56194,Rieux,2856,56,53
56195,La Roche-Bernard,746,56,53
56196,Rochefort-en-Terre,647,56,53
56197,Val d'Oust,2807,56,53
56198,Rohan,1526,56,53
56199,Roudouallec,722,56,53
56200,Ruffiac,1422,56,53
56201,Le Saint,612,56,53
56202,Saint-Abraham,552,56,53
56203,Saint-Aignan,637,56,53
56204,Saint-Allouestre,675,56,53
56205,Saint-Armel,903,56,53
56206,Saint-Avé,12470,56,53
56207,Saint-Barthélemy,1197,56,53
56208,Saint-Brieuc-de-Mauron,308,56,53
56209,Sainte-Brigitte,178,56,53
56210,Saint-Caradec-Trégomel,467,56,53
56211,Saint-Congard,792,56,53
56212,Saint-Dolay,2645,56,53
56213,Saint-Gérand-Croixanvec,1312,56,53
56214,Saint-Gildas-de-Rhuys,2004,56,53
56215,Saint-Gonnery,1087,56,53
56216,Saint-Gorgon,443,56,53
56218,Saint-Gravé,763,56,53
56219,Saint-Guyomard,1468,56,53
56220,Sainte-Hélène,1303,56,53
56221,Saint-Jacut-les-Pins,1745,56,53
56222,Saint-Jean-Brévelay,2869,56,53
56223,Saint-Jean-la-Poterie,1429,56,53
56224,Saint-Laurent-sur-Oust,396,56,53
56225,Saint-Léry,210,56,53
56226,Saint-Malo-de-Beignon,537,56,53
56227,Saint-Malo-des-Trois-Fontaines,545,56,53
56228,Saint-Marcel,1155,56,53
56229,Saint-Martin-sur-Oust,1312,56,53
56230,Saint-Nicolas-du-Tertre,469,56,53
56231,Saint-Nolff,3990,56,53
56232,Saint-Perreux,1086,56,53
56233,Saint-Philibert,1575,56,53
56234,Saint-Pierre-Quiberon,2344,56,53
56236,Saint-Servant,806,56,53
56237,Saint-Thuriau,1885,56,53
56238,Saint-Tugdual,376,56,53
56239,Saint-Vincent-sur-Oust,1679,56,53
56240,Sarzeau,9212,56,53
56241,Sauzon,1036,56,53
56242,Séglien,673,56,53
56243,Séné,9554,56,53
56244,Sérent,3429,56,53
56245,Silfiac,491,56,53
56246,Le Sourn,2121,56,53
56247,Sulniac,3852,56,53
56248,Surzur,5211,56,53
56249,Taupont,2428,56,53
56250,Théhillac,611,56,53
56251,Theix-Noyalo,8500,56,53
56252,Le Tour-du-Parc,1343,56,53
56253,Tréal,699,56,53
56254,Trédion,1400,56,53
56255,Treffléan,2572,56,53
56256,Tréhorenteuc,111,56,53
56257,La Trinité-Porhoët,663,56,53
56258,La Trinité-sur-Mer,1845,56,53
56259,La Trinité-Surzur,1678,56,53
56260,Vannes,55790,56,53
56261,La Vraie-Croix,1495,56,53
56262,Le Bono,2608,56,53
56263,Sainte-Anne-d'Auray,2889,56,53
56264,Kernascléden,418,56,53
