CODGEO,NOM_COMMUNE,POPULATION,DEP,REG,MED21,TP6021,MEN_PAUV,SOURCE_REVENUS
75056,Paris,2103778,75,11,31157.0,10.0,11.6,insee_stats_dep_2022
77001,Achères-la-Forêt,1191,77,11,23651.0,20.5,22.6,insee_stats_dep_2022
77002,Amillis,830,77,11,20396.0,25.4,25.8,insee_stats_dep_2022
77003,Amponville,349,77,11,23841.0,15.8,15.2,insee_stats_dep_2022
77004,Andrezel,336,77,11,25784.0,17.5,18.1,insee_stats_dep_2022
77005,Annet-sur-Marne,3408,77,11,21678.0,19.7,21.3,insee_stats_dep_2022
77006,Arbonne-la-Forêt,1021,77,11,20422.0,23.0,25.3,insee_stats_dep_2022
77007,Argentières,361,77,11,18032.0,25.8,21.1,insee_stats_dep_2022
77008,Armentières-en-Brie,1176,77,11,21472.0,21.6,23.8,insee_stats_dep_2022
77009,Arville,145,77,11,22411.0,19.3,18.3,insee_stats_dep_2022
77010,Aubepierre-Ozouer-le-Repos,984,77,11,23404.0,17.1,16.7,insee_stats_dep_2022
77011,Aufferville,482,77,11,19936.0,22.8,24.1,insee_stats_dep_2022
77012,Augers-en-Brie,265,77,11,21720.0,20.0,19.1,insee_stats_dep_2022
77013,Aulnoy,362,77,11,24304.0,18.3,20.0,insee_stats_dep_2022
77014,Avon,13651,77,11,27682.0,13.5,15.0,insee_stats_dep_2022
77015,Baby,113,77,11,19546.0,22.1,18.8,insee_stats_dep_2022
77016,Bagneaux-sur-Loing,1570,77,11,25278.0,16.9,16.0,insee_stats_dep_2022
77018,Bailly-Romainvilliers,6980,77,11,27219.0,14.5,17.1,insee_stats_dep_2022
77019,Balloy,359,77,11,26016.0,14.2,11.6,insee_stats_dep_2022
77020,Bannost-Villegagnon,667,77,11,22890.0,17.9,18.5,insee_stats_dep_2022
77021,Barbey,153,77,11,19571.0,23.4,21.1,insee_stats_dep_2022
77022,Barbizon,1261,77,11,24406.0,19.9,23.9,insee_stats_dep_2022
77023,Barcy,387,77,11,20970.0,18.7,21.4,insee_stats_dep_2022
77024,Bassevelle,374,77,11,17582.0,29.1,29.6,insee_stats_dep_2022
77025,Bazoches-lès-Bray,878,77,11,23120.0,16.8,17.0,insee_stats_dep_2022
77026,Beauchery-Saint-Martin,384,77,11,24653.0,17.4,16.8,insee_stats_dep_2022
77027,Beaumont-du-Gâtinais,1129,77,11,21678.0,21.6,17.8,insee_stats_dep_2022
77029,Beauvoir,185,77,11,21515.0,24.2,19.9,insee_stats_dep_2022
77030,Bellot,777,77,11,19529.0,22.4,26.4,insee_stats_dep_2022
77031,Bernay-Vilbert,1005,77,11,22304.0,21.2,17.8,insee_stats_dep_2022
77032,Beton-Bazoches,890,77,11,28650.0,13.9,14.5,insee_stats_dep_2022
77033,Bezalles,221,77,11,26372.0,16.1,14.9,insee_stats_dep_2022
77034,Blandy,763,77,11,20183.0,24.9,22.8,insee_stats_dep_2022
77035,Blennes,546,77,11,19363.0,22.9,18.5,insee_stats_dep_2022
77036,Boisdon,131,77,11,26584.0,16.1,14.5,insee_stats_dep_2022
77037,Bois-le-Roi,6072,77,11,24171.0,20.6,17.8,insee_stats_dep_2022
77038,Boissettes,437,77,11,22402.0,19.5,21.3,insee_stats_dep_2022
77039,Boissise-la-Bertrand,1206,77,11,29852.0,11.0,12.9,insee_stats_dep_2022
77040,Boissise-le-Roi,3941,77,11,18249.0,24.0,22.6,insee_stats_dep_2022
77041,Boissy-aux-Cailles,272,77,11,22328.0,20.7,21.2,insee_stats_dep_2022
77042,Boissy-le-Châtel,3346,77,11,27904.0,11.9,10.0,insee_stats_dep_2022
77043,Boitron,322,77,11,20873.0,25.2,22.7,insee_stats_dep_2022
77044,Bombon,935,77,11,22773.0,16.8,15.5,insee_stats_dep_2022
77045,Bougligny,738,77,11,25653.0,19.7,16.3,insee_stats_dep_2022
77046,Boulancourt,350,77,11,29235.0,11.8,10.4,insee_stats_dep_2022
77047,Bouleurs,1743,77,11,25426.0,17.5,14.2,insee_stats_dep_2022
77048,Bourron-Marlotte,2774,77,11,23148.0,18.1,16.7,insee_stats_dep_2022
77049,Boutigny,874,77,11,25783.0,12.9,15.5,insee_stats_dep_2022
77050,Bransles,526,77,11,21976.0,19.6,20.4,insee_stats_dep_2022
77051,Bray-sur-Seine,2344,77,11,26895.0,11.0,12.5,insee_stats_dep_2022
77052,Bréau,384,77,11,27395.0,11.9,12.3,insee_stats_dep_2022
77053,Brie-Comte-Robert,19003,77,11,30623.0,9.8,11.6,insee_stats_dep_2022
77054,La Brosse-Montceaux,776,77,11,21377.0,18.5,16.5,insee_stats_dep_2022
77055,Brou-sur-Chantereine,5196,77,11,20149.0,24.3,22.8,insee_stats_dep_2022
77056,Burcy,150,77,11,21021.0,19.7,17.0,insee_stats_dep_2022
77057,Bussières,600,77,11,22721.0,20.9,21.2,insee_stats_dep_2022
77058,Bussy-Saint-Georges,27498,77,11,25163.0,17.7,19.9,insee_stats_dep_2022
77059,Bussy-Saint-Martin,738,77,11,29892.0,15.1,17.6,insee_stats_dep_2022
77060,Buthiers,792,77,11,23617.0,19.0,17.0,insee_stats_dep_2022
77061,Cannes-Écluse,2742,77,11,25194.0,19.3,20.6,insee_stats_dep_2022
77062,Carnetin,461,77,11,14880.0,31.7,36.1,insee_stats_dep_2022
77063,La Celle-sur-Morin,1235,77,11,20289.0,24.7,24.6,insee_stats_dep_2022
77065,Cély,1259,77,11,28917.0,13.9,14.3,insee_stats_dep_2022
77066,Cerneux,272,77,11,25894.0,16.5,17.5,insee_stats_dep_2022
77067,Cesson,11222,77,11,33377.0,3.5,3.1,insee_stats_dep_2022
77068,Cessoy-en-Montois,213,77,11,20844.0,23.3,20.8,insee_stats_dep_2022
77069,Chailly-en-Bière,2162,77,11,26338.0,16.8,15.0,insee_stats_dep_2022
77070,Chailly-en-Brie,1576,77,11,25547.0,14.3,16.2,insee_stats_dep_2022
77071,Chaintreaux,821,77,11,23166.0,22.6,19.3,insee_stats_dep_2022
77072,Chalautre-la-Grande,644,77,11,21501.0,19.8,21.4,insee_stats_dep_2022
77073,Chalautre-la-Petite,541,77,11,19942.0,22.2,21.6,insee_stats_dep_2022
77075,Chalifert,1584,77,11,25583.0,17.0,16.2,insee_stats_dep_2022
77076,Chalmaison,749,77,11,19574.0,23.8,21.7,insee_stats_dep_2022
77077,Chambry,1064,77,11,21420.0,22.6,19.7,insee_stats_dep_2022
77078,Chamigny,1480,77,11,25508.0,16.9,18.0,insee_stats_dep_2022
77079,Champagne-sur-Seine,6497,77,11,29202.0,11.8,11.1,insee_stats_dep_2022
77080,Champcenest,205,77,11,24666.0,21.0,19.4,insee_stats_dep_2022
77081,Champdeuil,739,77,11,18635.0,27.2,22.2,insee_stats_dep_2022
77082,Champeaux,810,77,11,25436.0,19.0,16.7,insee_stats_dep_2022
77083,Champs-sur-Marne,27451,77,11,27537.0,14.8,13.1,insee_stats_dep_2022
77084,Changis-sur-Marne,1335,77,11,18776.0,24.8,27.5,insee_stats_dep_2022
77085,Chanteloup-en-Brie,4130,77,11,23899.0,20.3,17.2,insee_stats_dep_2022
77086,La Chapelle-Gauthier,1400,77,11,22548.0,18.9,17.7,insee_stats_dep_2022
77087,La Chapelle-Iger,191,77,11,24519.0,18.9,19.8,insee_stats_dep_2022
77088,La Chapelle-la-Reine,2170,77,11,28674.0,15.3,15.2,insee_stats_dep_2022
77089,La Chapelle-Rablais,913,77,11,25614.0,18.6,17.2,insee_stats_dep_2022
77090,La Chapelle-Saint-Sulpice,239,77,11,30130.0,13.7,16.3,insee_stats_dep_2022
77091,Les Chapelles-Bourbon,459,77,11,15671.0,27.5,23.7,insee_stats_dep_2022
77093,La Chapelle-Moutils,400,77,11,19971.0,21.7,18.9,insee_stats_dep_2022
77094,Charmentray,291,77,11,18024.0,29.7,24.8,insee_stats_dep_2022
77095,Charny,1585,77,11,22004.0,18.1,16.6,insee_stats_dep_2022
77096,Chartrettes,2633,77,11,19150.0,24.5,27.0,insee_stats_dep_2022
77097,Chartronges,304,77,11,23507.0,19.0,19.3,insee_stats_dep_2022
77098,Châteaubleau,363,77,11,20060.0,22.6,23.0,insee_stats_dep_2022
77099,Château-Landon,3149,77,11,17833.0,29.0,34.6,insee_stats_dep_2022
77100,Le Châtelet-en-Brie,4207,77,11,23003.0,18.1,16.3,insee_stats_dep_2022
77101,Châtenay-sur-Seine,1049,77,11,20002.0,22.4,19.3,insee_stats_dep_2022
77102,Châtenoy,155,77,11,21513.0,23.0,20.9,insee_stats_dep_2022
77103,Châtillon-la-Borde,226,77,11,18678.0,24.6,29.4,insee_stats_dep_2022
77104,Châtres,714,77,11,24311.0,17.9,15.5,insee_stats_dep_2022
77106,Chauffry,994,77,11,16667.0,30.7,28.5,insee_stats_dep_2022
77107,Chaumes-en-Brie,3503,77,11,26123.0,14.4,16.5,insee_stats_dep_2022
77108,Chelles,54620,77,11,27998.0,13.5,11.5,insee_stats_dep_2022
77109,Chenoise-Cucharmoy,1607,77,11,19778.0,22.9,19.7,insee_stats_dep_2022
77110,Chenou,291,77,11,29097.0,14.7,12.1,insee_stats_dep_2022
77111,Chessy,7771,77,11,31143.0,7.5,8.5,insee_stats_dep_2022
77112,Chevrainvilliers,255,77,11,19251.0,24.7,22.2,insee_stats_dep_2022
77113,Chevru,1012,77,11,20114.0,24.2,24.9,insee_stats_dep_2022
77114,Chevry-Cossigny,4075,77,11,25452.0,19.6,21.3,insee_stats_dep_2022
77115,Chevry-en-Sereine,498,77,11,26496.0,19.5,19.0,insee_stats_dep_2022
77116,Choisy-en-Brie,1354,77,11,17255.0,25.7,23.6,insee_stats_dep_2022
77117,Citry,922,77,11,30181.0,11.1,11.5,insee_stats_dep_2022
77118,Claye-Souilly,13353,77,11,25274.0,19.1,19.1,insee_stats_dep_2022
77119,Clos-Fontaine,244,77,11,18754.0,23.4,27.8,insee_stats_dep_2022
77120,Cocherel,618,77,11,23661.0,22.5,22.3,insee_stats_dep_2022
77121,Collégien,3354,77,11,23269.0,17.3,17.7,insee_stats_dep_2022
77122,Combs-la-Ville,23350,77,11,27194.0,12.8,14.3,insee_stats_dep_2022
77123,Compans,754,77,11,23245.0,20.4,23.6,insee_stats_dep_2022
77124,Conches-sur-Gondoire,1761,77,11,21835.0,20.1,20.2,insee_stats_dep_2022
77125,Condé-Sainte-Libiaire,1500,77,11,26360.0,14.7,12.3,insee_stats_dep_2022
77126,Congis-sur-Thérouanne,1772,77,11,19636.0,22.5,23.0,insee_stats_dep_2022
77127,Coubert,2005,77,11,27461.0,15.9,16.4,insee_stats_dep_2022
77128,Couilly-Pont-aux-Dames,2064,77,11,22792.0,17.8,14.6,insee_stats_dep_2022
77129,Coulombs-en-Valois,576,77,11,18898.0,25.0,24.2,insee_stats_dep_2022
77130,Coulommes,542,77,11,19292.0,25.4,24.5,insee_stats_dep_2022
77131,Coulommiers,16374,77,11,24743.0,17.2,17.5,insee_stats_dep_2022
77132,Coupvray,3066,77,11,27870.0,13.7,14.8,insee_stats_dep_2022
77133,Courcelles-en-Bassée,223,77,11,29948.0,9.1,9.7,insee_stats_dep_2022
77134,Courchamp,151,77,11,17542.0,31.0,34.0,insee_stats_dep_2022
77135,Courpalay,1610,77,11,25088.0,15.3,13.6,insee_stats_dep_2022
77136,Courquetaine,184,77,11,29263.0,12.8,13.9,insee_stats_dep_2022
77137,Courtacon,245,77,11,23423.0,22.5,25.8,insee_stats_dep_2022
77138,Courtomer,591,77,11,21665.0,20.1,16.5,insee_stats_dep_2022
77139,Courtry,7330,77,11,20204.0,23.0,22.1,insee_stats_dep_2022
77140,Coutençon,260,77,11,20195.0,24.2,20.1,insee_stats_dep_2022
77141,Coutevroult,1187,77,11,24085.0,20.1,17.9,insee_stats_dep_2022
77142,Crécy-la-Chapelle,4973,77,11,26075.0,14.5,12.5,insee_stats_dep_2022
77143,Crégy-lès-Meaux,5446,77,11,26658.0,17.6,15.2,insee_stats_dep_2022
77144,Crèvecœur-en-Brie,437,77,11,25271.0,15.0,13.7,insee_stats_dep_2022
77145,Crisenoy,611,77,11,27224.0,14.6,15.8,insee_stats_dep_2022
77146,Croissy-Beaubourg,2018,77,11,26665.0,17.2,19.1,insee_stats_dep_2022
77147,La Croix-en-Brie,681,77,11,18823.0,23.5,22.6,insee_stats_dep_2022
77148,Crouy-sur-Ourcq,1811,77,11,21567.0,23.8,21.0,insee_stats_dep_2022
77150,Cuisy,476,77,11,30134.0,9.5,8.8,insee_stats_dep_2022
77151,Dagny,305,77,11,22721.0,19.3,22.4,insee_stats_dep_2022
77152,Dammarie-les-Lys,23559,77,11,23149.0,20.6,18.0,insee_stats_dep_2022
77153,Dammartin-en-Goële,11907,77,11,23811.0,20.0,23.5,insee_stats_dep_2022
77154,Dammartin-sur-Tigeaux,1280,77,11,20156.0,21.3,19.2,insee_stats_dep_2022
77155,Dampmart,3677,77,11,25582.0,16.7,16.2,insee_stats_dep_2022
77156,Darvault,987,77,11,29839.0,12.0,9.7,insee_stats_dep_2022
77157,Dhuisy,334,77,11,18288.0,25.8,29.8,insee_stats_dep_2022
77158,Diant,194,77,11,23886.0,18.4,19.3,insee_stats_dep_2022
77159,Donnemarie-Dontilly,2706,77,11,23673.0,19.3,17.5,insee_stats_dep_2022
77161,Dormelles,816,77,11,24669.0,17.3,17.5,insee_stats_dep_2022
77162,Doue,1122,77,11,17514.0,27.8,22.8,insee_stats_dep_2022
77163,Douy-la-Ramée,395,77,11,17518.0,24.7,25.8,insee_stats_dep_2022
77164,Échouboulains,555,77,11,21252.0,26.3,23.0,insee_stats_dep_2022
77165,Les Écrennes,628,77,11,20164.0,24.6,21.0,insee_stats_dep_2022
77167,Égligny,310,77,11,23615.0,15.5,15.7,insee_stats_dep_2022
77168,Égreville,2186,77,11,18278.0,26.6,31.1,insee_stats_dep_2022
77169,Émerainville,7690,77,11,29384.0,14.5,17.2,insee_stats_dep_2022
77171,Esbly,6072,77,11,26488.0,13.2,12.9,insee_stats_dep_2022
77172,Esmans,934,77,11,14880.0,28.6,27.3,insee_stats_dep_2022
77173,Étrépilly,805,77,11,19655.0,26.1,22.6,insee_stats_dep_2022
77174,Everly,566,77,11,26618.0,11.0,11.4,insee_stats_dep_2022
77175,Évry-Grégy-sur-Yerre,3321,77,11,28125.0,9.8,7.9,insee_stats_dep_2022
77176,Faremoutiers,3057,77,11,29033.0,11.2,11.8,insee_stats_dep_2022
77177,Favières,1316,77,11,19400.0,22.5,21.8,insee_stats_dep_2022
77178,Faÿ-lès-Nemours,524,77,11,18172.0,23.1,27.3,insee_stats_dep_2022
77179,Féricy,625,77,11,23967.0,17.5,17.1,insee_stats_dep_2022
77180,Férolles-Attilly,1248,77,11,19555.0,24.6,24.7,insee_stats_dep_2022
77181,Ferrières-en-Brie,3932,77,11,23486.0,21.9,25.0,insee_stats_dep_2022
77182,La Ferté-Gaucher,4743,77,11,24033.0,21.5,25.6,insee_stats_dep_2022
77183,La Ferté-sous-Jouarre,10254,77,11,27884.0,16.7,17.7,insee_stats_dep_2022
77184,Flagy,584,77,11,27638.0,13.6,15.8,insee_stats_dep_2022
77185,Fleury-en-Bière,652,77,11,21395.0,24.1,26.6,insee_stats_dep_2022
77186,Fontainebleau,15583,77,11,29097.0,14.1,16.3,insee_stats_dep_2022
77187,Fontaine-Fourches,576,77,11,27890.0,13.4,16.0,insee_stats_dep_2022
77188,Fontaine-le-Port,1025,77,11,22009.0,21.6,18.3,insee_stats_dep_2022
77190,Fontains,256,77,11,24707.0,19.5,23.1,insee_stats_dep_2022
77191,Fontenailles,1109,77,11,23510.0,16.5,15.1,insee_stats_dep_2022
77192,Fontenay-Trésigny,5994,77,11,20794.0,22.2,18.5,insee_stats_dep_2022
77193,Forfry,238,77,11,24436.0,21.0,18.4,insee_stats_dep_2022
77194,Forges,443,77,11,32142.0,5.9,4.8,insee_stats_dep_2022
77195,Fouju,655,77,11,20118.0,21.1,22.7,insee_stats_dep_2022
77196,Fresnes-sur-Marne,948,77,11,20894.0,22.1,20.6,insee_stats_dep_2022
77197,Frétoy,173,77,11,20249.0,20.7,23.8,insee_stats_dep_2022
77198,Fromont,230,77,11,19508.0,23.8,28.5,insee_stats_dep_2022
77199,Fublaines,1370,77,11,14880.0,30.6,29.5,insee_stats_dep_2022
77200,Garentreville,123,77,11,25891.0,16.7,18.3,insee_stats_dep_2022
77201,Gastins,741,77,11,21105.0,17.4,20.6,insee_stats_dep_2022
77202,La Genevraye,840,77,11,24323.0,17.4,19.7,insee_stats_dep_2022
77203,Germigny-l'Évêque,1352,77,11,20136.0,22.6,24.2,insee_stats_dep_2022
77204,Germigny-sous-Coulombs,201,77,11,22550.0,19.3,19.6,insee_stats_dep_2022
77205,Gesvres-le-Chapitre,145,77,11,24914.0,20.6,18.6,insee_stats_dep_2022
77206,Giremoutiers,188,77,11,23914.0,19.5,21.3,insee_stats_dep_2022
77207,Gironville,166,77,11,21342.0,21.4,20.2,insee_stats_dep_2022
77208,Gouaix,1299,77,11,20410.0,23.2,23.9,insee_stats_dep_2022
77209,Gouvernes,1177,77,11,26098.0,14.6,13.5,insee_stats_dep_2022
77210,La Grande-Paroisse,2893,77,11,23349.0,17.6,19.6,insee_stats_dep_2022
77211,Grandpuits-Bailly-Carrois,1009,77,11,23340.0,15.6,14.2,insee_stats_dep_2022
77212,Gravon,156,77,11,21325.0,22.0,17.9,insee_stats_dep_2022
77214,Gressy,807,77,11,23485.0,14.3,14.4,insee_stats_dep_2022
77215,Gretz-Armainvilliers,8825,77,11,25265.0,15.5,16.1,insee_stats_dep_2022
77216,Grez-sur-Loing,1432,77,11,17351.0,25.1,27.2,insee_stats_dep_2022
77217,Grisy-Suisnes,2948,77,11,31214.0,7.7,7.2,insee_stats_dep_2022
77218,Grisy-sur-Seine,123,77,11,21180.0,21.2,19.3,insee_stats_dep_2022
77219,Guérard,2688,77,11,29210.0,9.8,9.7,insee_stats_dep_2022
77220,Guercheville,268,77,11,20936.0,23.8,24.7,insee_stats_dep_2022
77221,Guermantes,1153,77,11,24742.0,16.4,15.3,insee_stats_dep_2022
77222,Guignes,4448,77,11,24863.0,17.1,17.3,insee_stats_dep_2022
77223,Gurcy-le-Châtel,559,77,11,19356.0,25.1,27.2,insee_stats_dep_2022
77224,Hautefeuille,253,77,11,28062.0,14.1,13.5,insee_stats_dep_2022
77225,La Haute-Maison,352,77,11,23633.0,17.5,20.5,insee_stats_dep_2022
77226,Héricy,2507,77,11,23403.0,17.6,20.9,insee_stats_dep_2022
77227,Hermé,647,77,11,29429.0,9.3,10.0,insee_stats_dep_2022
77228,Hondevilliers,256,77,11,24877.0,20.0,18.9,insee_stats_dep_2022
77229,La Houssaye-en-Brie,1731,77,11,27615.0,12.1,12.1,insee_stats_dep_2022
77230,Ichy,157,77,11,19308.0,26.6,22.2,insee_stats_dep_2022
77231,Isles-les-Meldeuses,760,77,11,14880.0,29.3,25.9,insee_stats_dep_2022
77232,Isles-lès-Villenoy,1129,77,11,22083.0,20.6,22.9,insee_stats_dep_2022
77233,Iverny,618,77,11,20080.0,25.4,23.3,insee_stats_dep_2022
77234,Jablines,647,77,11,23922.0,18.1,18.7,insee_stats_dep_2022
77235,Jaignes,322,77,11,23703.0,17.3,19.0,insee_stats_dep_2022
77236,Jaulnes,344,77,11,26232.0,11.4,11.9,insee_stats_dep_2022
77237,Jossigny,650,77,11,20982.0,22.2,24.0,insee_stats_dep_2022
77238,Jouarre,4221,77,11,23594.0,21.1,20.6,insee_stats_dep_2022
77239,Jouy-le-Châtel,1630,77,11,25815.0,17.4,15.5,insee_stats_dep_2022
77240,Jouy-sur-Morin,2230,77,11,18082.0,27.8,28.8,insee_stats_dep_2022
77241,Juilly,2036,77,11,25195.0,18.5,14.9,insee_stats_dep_2022
77242,Jutigny,547,77,11,27187.0,14.4,13.2,insee_stats_dep_2022
77243,Lagny-sur-Marne,21461,77,11,22479.0,25.6,30.3,insee_stats_dep_2022
77244,Larchant,730,77,11,24888.0,18.1,17.2,insee_stats_dep_2022
77245,Laval-en-Brie,412,77,11,20143.0,21.0,21.1,insee_stats_dep_2022
77246,Léchelle,572,77,11,24072.0,16.6,14.9,insee_stats_dep_2022
77247,Lescherolles,464,77,11,22278.0,20.8,21.0,insee_stats_dep_2022
77248,Lesches,763,77,11,17690.0,26.3,30.3,insee_stats_dep_2022
77249,Lésigny,6923,77,11,24529.0,18.8,15.8,insee_stats_dep_2022
77250,Leudon-en-Brie,168,77,11,28021.0,14.2,12.4,insee_stats_dep_2022
77251,Lieusaint,14017,77,11,25002.0,17.9,16.5,insee_stats_dep_2022
77252,Limoges-Fourches,625,77,11,23725.0,22.5,24.8,insee_stats_dep_2022
77253,Lissy,352,77,11,14880.0,29.4,29.2,insee_stats_dep_2022
77254,Liverdy-en-Brie,1410,77,11,19685.0,23.0,19.8,insee_stats_dep_2022
77255,Livry-sur-Seine,2226,77,11,26558.0,16.5,19.6,insee_stats_dep_2022
77256,Lizines,174,77,11,24971.0,20.2,22.1,insee_stats_dep_2022
77257,Lizy-sur-Ourcq,3627,77,11,31101.0,13.0,12.6,insee_stats_dep_2022
77258,Lognes,15074,77,11,26637.0,12.9,14.6,insee_stats_dep_2022
77259,Longperrier,3152,77,11,27541.0,14.8,16.4,insee_stats_dep_2022
77260,Longueville,1804,77,11,21103.0,25.0,21.3,insee_stats_dep_2022
77261,Lorrez-le-Bocage-Préaux,1274,77,11,23904.0,16.4,15.5,insee_stats_dep_2022
77262,Louan-Villegruis-Fontaine,491,77,11,22706.0,20.5,18.7,insee_stats_dep_2022
77263,Luisetaines,229,77,11,19849.0,22.9,26.4,insee_stats_dep_2022
77264,Lumigny-Nesles-Ormeaux,1468,77,11,24968.0,16.2,15.9,insee_stats_dep_2022
77265,Luzancy,1036,77,11,24645.0,19.9,16.3,insee_stats_dep_2022
77266,Machault,815,77,11,19989.0,22.1,23.0,insee_stats_dep_2022
77267,La Madeleine-sur-Loing,347,77,11,21051.0,21.9,25.3,insee_stats_dep_2022
77268,Magny-le-Hongre,9060,77,11,22459.0,22.9,25.9,insee_stats_dep_2022
77269,Maincy,1828,77,11,22865.0,17.9,17.0,insee_stats_dep_2022
77270,Maisoncelles-en-Brie,977,77,11,25887.0,19.5,19.1,insee_stats_dep_2022
77271,Maisoncelles-en-Gâtinais,141,77,11,25792.0,15.2,15.5,insee_stats_dep_2022
77272,Maison-Rouge,880,77,11,21814.0,22.3,22.1,insee_stats_dep_2022
77273,Marchémoret,659,77,11,20104.0,24.2,25.7,insee_stats_dep_2022
77274,Marcilly,489,77,11,24365.0,17.7,18.5,insee_stats_dep_2022
77275,Les Marêts,152,77,11,22306.0,21.3,19.7,insee_stats_dep_2022
77276,Mareuil-lès-Meaux,3345,77,11,25696.0,15.4,16.4,insee_stats_dep_2022
77277,Marles-en-Brie,1898,77,11,24001.0,15.8,18.3,insee_stats_dep_2022
77278,Marolles-en-Brie,412,77,11,20462.0,21.4,24.4,insee_stats_dep_2022
77279,Marolles-sur-Seine,1774,77,11,15200.0,30.3,29.9,insee_stats_dep_2022
77280,Mary-sur-Marne,1155,77,11,24440.0,17.9,18.2,insee_stats_dep_2022
77281,Mauperthuis,495,77,11,15786.0,28.8,31.9,insee_stats_dep_2022
77282,Mauregard,341,77,11,25634.0,18.2,15.9,insee_stats_dep_2022
77283,May-en-Multien,877,77,11,17658.0,28.6,29.4,insee_stats_dep_2022
77284,Meaux,56905,77,11,29941.0,13.4,13.5,insee_stats_dep_2022
77285,Le Mée-sur-Seine,19527,77,11,31166.0,11.7,12.7,insee_stats_dep_2022
77286,Meigneux,236,77,11,23676.0,20.2,20.5,insee_stats_dep_2022
77287,Meilleray,504,77,11,27437.0,15.3,16.9,insee_stats_dep_2022
77288,Melun,45995,77,11,29496.0,15.2,12.3,insee_stats_dep_2022
77289,Melz-sur-Seine,345,77,11,20606.0,22.9,24.4,insee_stats_dep_2022
77290,Méry-sur-Marne,679,77,11,28782.0,10.5,9.4,insee_stats_dep_2022
77291,Le Mesnil-Amelot,992,77,11,24467.0,16.0,18.2,insee_stats_dep_2022
77292,Messy,1219,77,11,22666.0,24.0,28.7,insee_stats_dep_2022
77293,Misy-sur-Yonne,834,77,11,23490.0,21.5,24.7,insee_stats_dep_2022
77294,Mitry-Mory,20456,77,11,22005.0,23.6,24.6,insee_stats_dep_2022
77295,Moisenay,1362,77,11,24659.0,20.4,22.8,insee_stats_dep_2022
77296,Moissy-Cramayel,18511,77,11,25770.0,14.2,12.8,insee_stats_dep_2022
77297,Mondreville,334,77,11,19201.0,28.6,31.5,insee_stats_dep_2022
77298,Mons-en-Montois,454,77,11,22793.0,19.8,21.3,insee_stats_dep_2022
77300,Montceaux-lès-Meaux,669,77,11,25344.0,15.7,13.0,insee_stats_dep_2022
77301,Montceaux-lès-Provins,320,77,11,23718.0,21.5,24.2,insee_stats_dep_2022
77302,Moncourt-Fromonville,1891,77,11,23784.0,18.7,18.2,insee_stats_dep_2022
77303,Montdauphin,235,77,11,21833.0,23.2,24.7,insee_stats_dep_2022
77304,Montenils,34,77,11,22985.0,20.8,24.6,insee_stats_dep_2022
77305,Montereau-Fault-Yonne,22279,77,11,22481.0,17.6,14.3,insee_stats_dep_2022
77306,Montereau-sur-le-Jard,499,77,11,18237.0,27.3,28.6,insee_stats_dep_2022
77307,Montévrain,15687,77,11,26550.0,15.0,13.6,insee_stats_dep_2022
77308,Montgé-en-Goële,717,77,11,21762.0,18.3,15.4,insee_stats_dep_2022
77309,Monthyon,1756,77,11,31518.0,8.1,6.7,insee_stats_dep_2022
77310,Montigny-le-Guesdier,295,77,11,25553.0,19.1,21.4,insee_stats_dep_2022
77311,Montigny-Lencoup,1358,77,11,27560.0,13.8,12.9,insee_stats_dep_2022
77312,Montigny-sur-Loing,2669,77,11,24274.0,17.2,20.6,insee_stats_dep_2022
77313,Montmachoux,213,77,11,21394.0,22.1,25.5,insee_stats_dep_2022
77314,Montolivet,257,77,11,22147.0,19.6,21.9,insee_stats_dep_2022
77315,Montry,3945,77,11,25177.0,14.1,11.8,insee_stats_dep_2022
77316,Moret-Loing-et-Orvanne,12810,77,11,25453.0,14.8,13.0,insee_stats_dep_2022
77317,Mormant,5282,77,11,28548.0,14.6,12.4,insee_stats_dep_2022
77318,Mortcerf,1400,77,11,18634.0,26.1,25.2,insee_stats_dep_2022
77319,Mortery,137,77,11,17403.0,25.1,29.0,insee_stats_dep_2022
77320,Mouroux,5810,77,11,29327.0,10.6,9.6,insee_stats_dep_2022
77321,Mousseaux-lès-Bray,682,77,11,18097.0,25.6,24.2,insee_stats_dep_2022
77322,Moussy-le-Neuf,3253,77,11,30748.0,10.5,9.5,insee_stats_dep_2022
77323,Moussy-le-Vieux,1469,77,11,15174.0,27.3,27.3,insee_stats_dep_2022
77325,Mouy-sur-Seine,353,77,11,23701.0,17.3,14.7,insee_stats_dep_2022
77326,Nandy,6350,77,11,21219.0,23.8,27.6,insee_stats_dep_2022
77327,Nangis,8867,77,11,24807.0,16.6,19.8,insee_stats_dep_2022
77328,Nanteau-sur-Essonne,414,77,11,22379.0,17.3,17.2,insee_stats_dep_2022
77329,Nanteau-sur-Lunain,702,77,11,25781.0,18.0,16.0,insee_stats_dep_2022
77330,Nanteuil-lès-Meaux,7308,77,11,27015.0,17.0,16.6,insee_stats_dep_2022
77331,Nanteuil-sur-Marne,406,77,11,17030.0,29.1,33.3,insee_stats_dep_2022
77332,Nantouillet,302,77,11,24313.0,20.1,19.9,insee_stats_dep_2022
77333,Nemours,12889,77,11,23756.0,22.1,18.8,insee_stats_dep_2022
77335,Chauconin-Neufmontiers,3784,77,11,22742.0,20.4,21.2,insee_stats_dep_2022
77336,Neufmoutiers-en-Brie,1338,77,11,23284.0,18.3,20.5,insee_stats_dep_2022
77337,Noisiel,16053,77,11,27443.0,15.4,13.7,insee_stats_dep_2022
77338,Noisy-Rudignon,580,77,11,25408.0,16.9,15.7,insee_stats_dep_2022
77339,Noisy-sur-École,1797,77,11,20379.0,23.7,20.5,insee_stats_dep_2022
77340,Nonville,591,77,11,22900.0,21.6,23.7,insee_stats_dep_2022
77341,Noyen-sur-Seine,369,77,11,27680.0,15.5,13.1,insee_stats_dep_2022
77342,Obsonville,126,77,11,25361.0,15.4,16.3,insee_stats_dep_2022
77343,Ocquerre,378,77,11,20135.0,21.9,18.8,insee_stats_dep_2022
77344,Oissery,2496,77,11,28265.0,15.0,14.8,insee_stats_dep_2022
77345,Orly-sur-Morin,656,77,11,27375.0,16.3,16.0,insee_stats_dep_2022
77347,Les Ormes-sur-Voulzie,864,77,11,24747.0,16.2,13.0,insee_stats_dep_2022
77348,Ormesson,242,77,11,18848.0,26.5,27.3,insee_stats_dep_2022
77349,Othis,6717,77,11,26519.0,11.3,9.2,insee_stats_dep_2022
77350,Ozoir-la-Ferrière,21238,77,11,26387.0,14.0,14.0,insee_stats_dep_2022
77352,Ozouer-le-Voulgis,2050,77,11,19297.0,23.3,18.7,insee_stats_dep_2022
77353,Paley,483,77,11,24796.0,21.6,21.9,insee_stats_dep_2022
77354,Pamfou,983,77,11,23657.0,18.1,16.1,insee_stats_dep_2022
77355,Paroy,187,77,11,25601.0,16.7,14.0,insee_stats_dep_2022
77356,Passy-sur-Seine,49,77,11,24886.0,17.2,19.3,insee_stats_dep_2022
77357,Pécy,849,77,11,23825.0,19.4,19.5,insee_stats_dep_2022
77358,Penchard,1373,77,11,22579.0,20.8,23.2,insee_stats_dep_2022
77359,Perthes,2073,77,11,26063.0,13.8,11.5,insee_stats_dep_2022
77360,Pézarches,410,77,11,23019.0,21.1,24.2,insee_stats_dep_2022
77361,Pierre-Levée,480,77,11,20861.0,19.8,18.2,insee_stats_dep_2022
77363,Le Pin,1530,77,11,22600.0,23.1,23.1,insee_stats_dep_2022
77364,Le Plessis-aux-Bois,261,77,11,22067.0,21.1,25.2,insee_stats_dep_2022
77365,Le Plessis-Feu-Aussoux,597,77,11,27702.0,15.0,13.5,insee_stats_dep_2022
77366,Le Plessis-l'Évêque,291,77,11,20890.0,22.6,22.9,insee_stats_dep_2022
77367,Le Plessis-Placy,305,77,11,16050.0,30.5,34.8,insee_stats_dep_2022
77368,Poigny,501,77,11,24833.0,16.6,15.3,insee_stats_dep_2022
77369,Poincy,797,77,11,26445.0,16.5,15.8,insee_stats_dep_2022
77370,Poligny,825,77,11,24209.0,18.3,20.4,insee_stats_dep_2022
77371,Pommeuse,3049,77,11,25429.0,16.2,16.6,insee_stats_dep_2022
77372,Pomponne,4215,77,11,25549.0,17.4,16.5,insee_stats_dep_2022
77373,Pontault-Combault,39096,77,11,25051.0,16.0,15.0,insee_stats_dep_2022
77374,Pontcarré,2136,77,11,25736.0,16.5,16.0,insee_stats_dep_2022
77376,Précy-sur-Marne,747,77,11,26717.0,13.2,12.1,insee_stats_dep_2022
77377,Presles-en-Brie,2369,77,11,28125.0,12.1,12.0,insee_stats_dep_2022
77378,Pringy,3864,77,11,24178.0,19.6,23.1,insee_stats_dep_2022
77379,Provins,11632,77,11,26403.0,16.3,18.3,insee_stats_dep_2022
77380,Puisieux,317,77,11,29078.0,11.4,12.3,insee_stats_dep_2022
77381,Quiers,650,77,11,20658.0,22.3,19.5,insee_stats_dep_2022
77382,Quincy-Voisins,5547,77,11,25918.0,18.5,19.4,insee_stats_dep_2022
77383,Rampillon,836,77,11,22182.0,21.8,25.0,insee_stats_dep_2022
77384,Réau,2127,77,11,21521.0,24.2,19.5,insee_stats_dep_2022
77385,Rebais,2294,77,11,25321.0,19.2,16.9,insee_stats_dep_2022
77386,Recloses,633,77,11,22914.0,20.3,16.3,insee_stats_dep_2022
77387,Remauville,449,77,11,15815.0,26.3,26.7,insee_stats_dep_2022
77388,Reuil-en-Brie,798,77,11,18108.0,24.7,27.3,insee_stats_dep_2022
77389,La Rochette,3932,77,11,23376.0,22.5,22.0,insee_stats_dep_2022
77390,Roissy-en-Brie,23229,77,11,32398.0,12.0,14.0,insee_stats_dep_2022
77391,Rouilly,496,77,11,23926.0,23.4,20.0,insee_stats_dep_2022
77392,Rouvres,1038,77,11,22828.0,17.3,15.2,insee_stats_dep_2022
77393,Rozay-en-Brie,2860,77,11,24336.0,17.9,19.4,insee_stats_dep_2022
77394,Rubelles,3537,77,11,25365.0,20.2,22.5,insee_stats_dep_2022
77395,Rumont,125,77,11,20390.0,21.3,25.1,insee_stats_dep_2022
77396,Rupéreux,106,77,11,18254.0,25.3,21.7,insee_stats_dep_2022
77397,Saâcy-sur-Marne,1878,77,11,21351.0,19.7,22.7,insee_stats_dep_2022
77398,Sablonnières,791,77,11,31704.0,10.5,10.8,insee_stats_dep_2022
77400,Saint-Augustin,1888,77,11,23452.0,17.3,17.3,insee_stats_dep_2022
77401,Sainte-Aulde,706,77,11,18740.0,23.6,25.4,insee_stats_dep_2022
77402,Saint-Barthélemy,335,77,11,27479.0,14.1,14.3,insee_stats_dep_2022
77403,Saint-Brice,819,77,11,22508.0,21.2,23.2,insee_stats_dep_2022
77404,Sainte-Colombe,1781,77,11,24202.0,17.8,18.1,insee_stats_dep_2022
77405,Saint-Cyr-sur-Morin,1976,77,11,25613.0,14.6,16.6,insee_stats_dep_2022
77406,Saint-Denis-lès-Rebais,966,77,11,26958.0,14.2,12.9,insee_stats_dep_2022
77407,Saint-Fargeau-Ponthierry,15724,77,11,25740.0,17.2,19.1,insee_stats_dep_2022
77408,Saint-Fiacre,523,77,11,19246.0,26.2,21.7,insee_stats_dep_2022
77409,Saint-Germain-Laval,2888,77,11,26392.0,14.4,15.4,insee_stats_dep_2022
77410,Saint-Germain-Laxis,742,77,11,23297.0,19.2,20.3,insee_stats_dep_2022
77411,Saint-Germain-sous-Doue,549,77,11,24374.0,19.8,17.3,insee_stats_dep_2022
77412,Saint-Germain-sur-École,365,77,11,30028.0,9.3,10.4,insee_stats_dep_2022
77413,Saint-Germain-sur-Morin,3902,77,11,21432.0,22.8,25.3,insee_stats_dep_2022
77414,Saint-Hilliers,474,77,11,19947.0,24.2,26.6,insee_stats_dep_2022
77415,Saint-Jean-les-Deux-Jumeaux,1298,77,11,15632.0,30.7,33.7,insee_stats_dep_2022
77416,Saint-Just-en-Brie,265,77,11,19110.0,25.3,29.9,insee_stats_dep_2022
77417,Saint-Léger,244,77,11,26356.0,14.2,16.3,insee_stats_dep_2022
77418,Saint-Loup-de-Naud,848,77,11,19399.0,27.7,33.2,insee_stats_dep_2022
77419,Saint-Mammès,3162,77,11,25037.0,16.8,19.2,insee_stats_dep_2022
77420,Saint-Mard,3832,77,11,25479.0,14.8,12.3,insee_stats_dep_2022
77421,Saint-Mars-Vieux-Maisons,244,77,11,29839.0,12.8,14.7,insee_stats_dep_2022
77423,Saint-Martin-des-Champs,661,77,11,17739.0,27.9,23.9,insee_stats_dep_2022
77424,Saint-Martin-du-Boschet,257,77,11,25195.0,18.0,16.5,insee_stats_dep_2022
77425,Saint-Martin-en-Bière,746,77,11,28085.0,13.9,13.3,insee_stats_dep_2022
77426,Saint-Méry,334,77,11,16528.0,25.0,24.5,insee_stats_dep_2022
77427,Saint-Mesmes,579,77,11,22021.0,22.9,18.9,insee_stats_dep_2022
77428,Saint-Ouen-en-Brie,837,77,11,24105.0,19.4,22.7,insee_stats_dep_2022
77429,Saint-Ouen-sur-Morin,529,77,11,29425.0,8.1,8.4,insee_stats_dep_2022
77430,Saint-Pathus,6479,77,11,27497.0,14.0,12.7,insee_stats_dep_2022
77431,Saint-Pierre-lès-Nemours,5401,77,11,25640.0,15.5,15.5,insee_stats_dep_2022
77432,Saint-Rémy-de-la-Vanne,985,77,11,25808.0,15.1,16.7,insee_stats_dep_2022
77433,Beautheil-Saints,2093,77,11,24419.0,21.1,24.9,insee_stats_dep_2022
77434,Saint-Sauveur-lès-Bray,350,77,11,26564.0,18.3,15.8,insee_stats_dep_2022
77435,Saint-Sauveur-sur-École,1125,77,11,16879.0,25.0,24.9,insee_stats_dep_2022
77436,Saint-Siméon,883,77,11,21526.0,22.6,19.4,insee_stats_dep_2022
77437,Saint-Soupplets,3542,77,11,24021.0,17.3,20.1,insee_stats_dep_2022
77438,Saint-Thibault-des-Vignes,6831,77,11,22214.0,23.8,28.3,insee_stats_dep_2022
77439,Salins,1165,77,11,27972.0,9.9,9.5,insee_stats_dep_2022
77440,Sammeron,1178,77,11,22734.0,19.1,18.9,insee_stats_dep_2022
77441,Samois-sur-Seine,2126,77,11,21675.0,20.2,23.7,insee_stats_dep_2022
77442,Samoreau,2384,77,11,29462.0,11.8,12.9,insee_stats_dep_2022
77443,Sancy,401,77,11,28167.0,12.9,11.3,insee_stats_dep_2022
77444,Sancy-lès-Provins,339,77,11,24008.0,20.6,21.5,insee_stats_dep_2022
77445,Savigny-le-Temple,31148,77,11,24024.0,23.4,22.8,insee_stats_dep_2022
77446,Savins,617,77,11,18997.0,26.2,22.9,insee_stats_dep_2022
77447,Seine-Port,1742,77,11,15738.0,34.4,29.6,insee_stats_dep_2022
77448,Sept-Sorts,616,77,11,27829.0,16.9,15.9,insee_stats_dep_2022
77449,Serris,10326,77,11,21684.0,24.3,25.3,insee_stats_dep_2022
77450,Servon,3565,77,11,30806.0,9.8,11.5,insee_stats_dep_2022
77451,Signy-Signets,638,77,11,32314.0,8.2,7.2,insee_stats_dep_2022
77452,Sigy,66,77,11,20644.0,22.5,19.8,insee_stats_dep_2022
77453,Sivry-Courtry,1124,77,11,25440.0,19.0,20.3,insee_stats_dep_2022
77454,Sognolles-en-Montois,371,77,11,25520.0,15.1,17.6,insee_stats_dep_2022
77455,Soignolles-en-Brie,2021,77,11,27086.0,14.3,14.1,insee_stats_dep_2022
77456,Soisy-Bouy,850,77,11,14880.0,32.0,27.6,insee_stats_dep_2022
77457,Solers,1336,77,11,26705.0,16.5,14.5,insee_stats_dep_2022
77458,Souppes-sur-Loing,4952,77,11,21028.0,22.7,25.3,insee_stats_dep_2022
77459,Sourdun,1541,77,11,20657.0,25.6,27.7,insee_stats_dep_2022
77460,Tancrou,340,77,11,23591.0,19.4,15.9,insee_stats_dep_2022
77461,Thénisy,297,77,11,14880.0,32.1,33.4,insee_stats_dep_2022
77462,Thieux,778,77,11,21122.0,19.8,23.2,insee_stats_dep_2022
77463,Thomery,3384,77,11,23469.0,20.8,20.8,insee_stats_dep_2022
77464,Thorigny-sur-Marne,10440,77,11,27317.0,13.1,12.6,insee_stats_dep_2022
77465,Thoury-Férottes,649,77,11,20895.0,23.8,21.8,insee_stats_dep_2022
77466,Tigeaux,421,77,11,21582.0,19.3,15.8,insee_stats_dep_2022
77467,La Tombe,208,77,11,18200.0,28.1,23.2,insee_stats_dep_2022
77468,Torcy,22810,77,11,24991.0,19.4,22.0,insee_stats_dep_2022
77469,Touquin,1253,77,11,24655.0,17.5,14.9,insee_stats_dep_2022
77470,Tournan-en-Brie,8274,77,11,24264.0,17.8,17.5,insee_stats_dep_2022
77471,Tousson,334,77,11,21574.0,16.8,16.1,insee_stats_dep_2022
77472,La Trétoire,459,77,11,25114.0,19.9,21.0,insee_stats_dep_2022
77473,Treuzy-Levelay,458,77,11,25829.0,12.5,11.9,insee_stats_dep_2022
77474,Trilbardou,700,77,11,15812.0,29.5,26.3,insee_stats_dep_2022
77475,Trilport,5146,77,11,31770.0,12.4,13.1,insee_stats_dep_2022
77476,Trocy-en-Multien,233,77,11,24720.0,18.6,15.6,insee_stats_dep_2022
77477,Ury,882,77,11,16579.0,28.7,24.8,insee_stats_dep_2022
77478,Ussy-sur-Marne,1058,77,11,24635.0,11.1,10.7,insee_stats_dep_2022
77479,Vaires-sur-Marne,13931,77,11,23714.0,21.1,24.7,insee_stats_dep_2022
77480,Valence-en-Brie,1007,77,11,18383.0,23.5,19.6,insee_stats_dep_2022
77481,Vanvillé,197,77,11,25515.0,15.3,14.3,insee_stats_dep_2022
77482,Varennes-sur-Seine,3748,77,11,22342.0,21.2,21.8,insee_stats_dep_2022
77483,Varreddes,2167,77,11,29314.0,13.6,12.4,insee_stats_dep_2022
77484,Vaucourtois,277,77,11,17324.0,27.2,27.1,insee_stats_dep_2022
77485,Le Vaudoué,731,77,11,18783.0,22.3,23.0,insee_stats_dep_2022
77486,Vaudoy-en-Brie,872,77,11,26438.0,14.1,16.8,insee_stats_dep_2022
77487,Vaux-le-Pénil,11474,77,11,29048.0,15.2,12.4,insee_stats_dep_2022
77489,Vaux-sur-Lunain,229,77,11,22292.0,23.9,20.3,insee_stats_dep_2022
77490,Vendrest,686,77,11,25053.0,16.3,17.6,insee_stats_dep_2022
77492,Verdelot,620,77,11,23775.0,16.5,18.8,insee_stats_dep_2022
77493,Verneuil-l'Étang,3223,77,11,18104.0,24.4,26.3,insee_stats_dep_2022
77494,Vernou-la-Celle-sur-Seine,2630,77,11,26155.0,18.5,20.9,insee_stats_dep_2022
77495,Vert-Saint-Denis,9291,77,11,25189.0,19.7,20.5,insee_stats_dep_2022
77496,Vieux-Champagne,192,77,11,23781.0,17.5,17.5,insee_stats_dep_2022
77498,Vignely,322,77,11,31395.0,8.8,10.0,insee_stats_dep_2022
77500,Villebéon,452,77,11,21193.0,24.0,19.5,insee_stats_dep_2022
77501,Villecerf,724,77,11,22889.0,20.6,23.4,insee_stats_dep_2022
77504,Villemaréchal,1055,77,11,29337.0,12.2,10.3,insee_stats_dep_2022
77505,Villemareuil,386,77,11,18747.0,27.8,29.3,insee_stats_dep_2022
77506,Villemer,759,77,11,24873.0,16.4,17.1,insee_stats_dep_2022
77507,Villenauxe-la-Petite,453,77,11,24441.0,18.2,15.1,insee_stats_dep_2022
77508,Villeneuve-le-Comte,1872,77,11,20940.0,25.9,27.2,insee_stats_dep_2022
77509,Villeneuve-les-Bordes,610,77,11,23039.0,21.7,21.1,insee_stats_dep_2022
77510,Villeneuve-Saint-Denis,1369,77,11,19626.0,20.5,18.0,insee_stats_dep_2022
77511,Villeneuve-sous-Dammartin,595,77,11,24648.0,18.5,20.8,insee_stats_dep_2022
77512,Villeneuve-sur-Bellot,1151,77,11,27607.0,15.2,12.9,insee_stats_dep_2022
77513,Villenoy,5127,77,11,30310.0,11.8,12.2,insee_stats_dep_2022
77514,Villeparisis,26946,77,11,24895.0,19.1,19.5,insee_stats_dep_2022
77515,Villeroy,711,77,11,28781.0,11.8,11.3,insee_stats_dep_2022
77516,Ville-Saint-Jacques,815,77,11,21927.0,19.8,17.8,insee_stats_dep_2022
77517,Villevaudé,2132,77,11,27513.0,16.3,17.2,insee_stats_dep_2022
77518,Villiers-en-Bière,242,77,11,17107.0,23.5,22.2,insee_stats_dep_2022
77519,Villiers-Saint-Georges,1160,77,11,20771.0,24.5,20.1,insee_stats_dep_2022
77520,Villiers-sous-Grez,706,77,11,24692.0,17.0,16.8,insee_stats_dep_2022
77521,Villiers-sur-Morin,2083,77,11,25258.0,17.2,16.4,insee_stats_dep_2022
77522,Villiers-sur-Seine,278,77,11,18525.0,24.6,29.2,insee_stats_dep_2022
77523,Villuis,272,77,11,25519.0,17.2,18.3,insee_stats_dep_2022
77524,Vimpelles,512,77,11,26617.0,20.7,17.1,insee_stats_dep_2022
77525,Vinantes,381,77,11,23758.0,21.2,18.2,insee_stats_dep_2022
77526,Vincy-Manœuvre,271,77,11,29159.0,12.7,10.9,insee_stats_dep_2022
77527,Voinsles,580,77,11,24730.0,21.5,18.2,insee_stats_dep_2022
77528,Voisenon,1170,77,11,19389.0,27.4,24.1,insee_stats_dep_2022
77529,Voulangis,1541,77,11,19968.0,22.9,18.8,insee_stats_dep_2022
77530,Voulton,295,77,11,23364.0,19.9,19.4,insee_stats_dep_2022
77531,Voulx,1626,77,11,23788.0,18.6,20.4,insee_stats_dep_2022
77532,Vulaines-lès-Provins,80,77,11,25458.0,13.2,13.0,insee_stats_dep_2022
77533,Vulaines-sur-Seine,2730,77,11,27805.0,15.0,12.4,insee_stats_dep_2022
77534,Yèbles,980,77,11,23479.0,18.2,17.3,insee_stats_dep_2022
78003,Ablis,3913,78,11,27598.0,13.6,15.2,insee_stats_dep_2022
78005,Achères,22241,78,11,31943.0,8.4,7.5,insee_stats_dep_2022
78006,Adainville,673,78,11,24950.0,16.3,17.3,insee_stats_dep_2022
78007,Aigremont,1075,78,11,25751.0,17.2,15.5,insee_stats_dep_2022
78009,Allainville,281,78,11,33563.0,7.3,6.7,insee_stats_dep_2022
78010,Les Alluets-le-Roi,1390,78,11,18993.0,25.6,30.0,insee_stats_dep_2022
78013,Andelu,550,78,11,20683.0,22.2,20.6,insee_stats_dep_2022
78015,Andrésy,13834,78,11,30485.0,10.1,8.1,insee_stats_dep_2022
78020,Arnouville-lès-Mantes,951,78,11,27432.0,13.3,13.7,insee_stats_dep_2022
78029,Aubergenville,12723,78,11,29712.0,11.8,11.4,insee_stats_dep_2022
78030,Auffargis,1963,78,11,22801.0,20.7,16.6,insee_stats_dep_2022
78031,Auffreville-Brasseuil,671,78,11,21258.0,19.3,18.2,insee_stats_dep_2022
78033,Aulnay-sur-Mauldre,1180,78,11,26547.0,16.6,15.1,insee_stats_dep_2022
78034,Auteuil,1020,78,11,28724.0,16.4,18.0,insee_stats_dep_2022
78036,Autouillet,665,78,11,28919.0,12.5,11.3,insee_stats_dep_2022
78043,Bailly,3731,78,11,23672.0,19.5,18.8,insee_stats_dep_2022
78048,Bazainville,1469,78,11,25097.0,19.1,20.7,insee_stats_dep_2022
78049,Bazemont,1727,78,11,26705.0,19.1,19.9,insee_stats_dep_2022
78050,Bazoches-sur-Guyonne,721,78,11,24850.0,15.9,18.0,insee_stats_dep_2022
78053,Béhoust,533,78,11,31286.0,8.0,7.4,insee_stats_dep_2022
78057,Bennecourt,1747,78,11,27551.0,13.8,16.2,insee_stats_dep_2022
78062,Beynes,7704,78,11,24086.0,18.6,21.5,insee_stats_dep_2022
78068,Blaru,907,78,11,34059.0,7.2,8.5,insee_stats_dep_2022
78070,Boinville-en-Mantois,285,78,11,34650.0,6.5,6.6,insee_stats_dep_2022
78071,Boinville-le-Gaillard,597,78,11,23975.0,20.1,16.2,insee_stats_dep_2022
78072,Boinvilliers,243,78,11,22125.0,16.6,16.1,insee_stats_dep_2022
78073,Bois-d'Arcy,16586,78,11,25003.0,18.1,16.6,insee_stats_dep_2022
78076,Boissets,301,78,11,19090.0,22.7,23.1,insee_stats_dep_2022
78077,La Boissière-École,747,78,11,28030.0,15.1,13.8,insee_stats_dep_2022
78082,Boissy-Mauvoisin,615,78,11,25500.0,17.7,19.5,insee_stats_dep_2022
78084,Boissy-sans-Avoir,616,78,11,21580.0,21.8,21.8,insee_stats_dep_2022
78087,Bonnelles,2165,78,11,24832.0,21.7,17.9,insee_stats_dep_2022
78089,Bonnières-sur-Seine,5064,78,11,30146.0,13.0,12.1,insee_stats_dep_2022
78090,Bouafle,2234,78,11,26591.0,14.6,17.2,insee_stats_dep_2022
78092,Bougival,9134,78,11,21666.0,21.3,19.5,insee_stats_dep_2022
78096,Bourdonné,506,78,11,31075.0,7.4,7.8,insee_stats_dep_2022
78104,Breuil-Bois-Robert,764,78,11,23870.0,18.5,14.9,insee_stats_dep_2022
78107,Bréval,2151,78,11,26975.0,17.2,16.6,insee_stats_dep_2022
78108,Les Bréviaires,1302,78,11,33295.0,4.6,5.3,insee_stats_dep_2022
78113,Brueil-en-Vexin,652,78,11,26977.0,18.0,16.2,insee_stats_dep_2022
78117,Buc,5816,78,11,25670.0,18.1,21.7,insee_stats_dep_2022
78118,Buchelay,3360,78,11,25274.0,15.5,16.7,insee_stats_dep_2022
78120,Bullion,1916,78,11,29422.0,15.1,14.0,insee_stats_dep_2022
78123,Carrières-sous-Poissy,20825,78,11,28387.0,12.3,10.8,insee_stats_dep_2022
78124,Carrières-sur-Seine,14791,78,11,30259.0,8.6,10.3,insee_stats_dep_2022
78125,La Celle-les-Bordes,840,78,11,24868.0,18.1,14.6,insee_stats_dep_2022
78126,La Celle-Saint-Cloud,20460,78,11,26807.0,12.8,11.8,insee_stats_dep_2022
78128,Cernay-la-Ville,1516,78,11,26602.0,16.7,14.1,insee_stats_dep_2022
78133,Chambourcy,5847,78,11,30071.0,10.4,10.8,insee_stats_dep_2022
78138,Chanteloup-les-Vignes,10861,78,11,26636.0,12.7,10.9,insee_stats_dep_2022
78140,Chapet,1331,78,11,24105.0,14.8,12.9,insee_stats_dep_2022
78143,Châteaufort,1564,78,11,19522.0,22.0,18.8,insee_stats_dep_2022
78146,Chatou,30598,78,11,28068.0,15.7,15.0,insee_stats_dep_2022
78147,Chaufour-lès-Bonnières,442,78,11,27131.0,14.7,16.8,insee_stats_dep_2022
78152,Chavenay,1723,78,11,22847.0,21.8,22.1,insee_stats_dep_2022
78158,Le Chesnay-Rocquencourt,30689,78,11,28179.0,14.1,14.1,insee_stats_dep_2022
78160,Chevreuse,5502,78,11,31083.0,7.1,8.5,insee_stats_dep_2022
78162,Choisel,540,78,11,19248.0,27.0,21.9,insee_stats_dep_2022
78163,Civry-la-Forêt,373,78,11,37454.0,3.0,3.0,insee_stats_dep_2022
78164,Clairefontaine-en-Yvelines,850,78,11,16320.0,27.0,30.7,insee_stats_dep_2022
78165,Les Clayes-sous-Bois,16804,78,11,26926.0,16.4,19.1,insee_stats_dep_2022
78168,Coignières,4321,78,11,28228.0,14.4,15.4,insee_stats_dep_2022
78171,Condé-sur-Vesgre,1279,78,11,25572.0,17.8,19.8,insee_stats_dep_2022
78172,Conflans-Sainte-Honorine,36958,78,11,31734.0,10.4,11.1,insee_stats_dep_2022
78185,Courgent,414,78,11,27646.0,13.4,15.6,insee_stats_dep_2022
78188,Cravent,438,78,11,22850.0,21.1,24.7,insee_stats_dep_2022
78189,Crespières,1719,78,11,20601.0,21.4,21.4,insee_stats_dep_2022
78190,Croissy-sur-Seine,11013,78,11,29466.0,13.0,14.3,insee_stats_dep_2022
78192,Dammartin-en-Serve,1441,78,11,26107.0,18.8,17.7,insee_stats_dep_2022
78193,Dampierre-en-Yvelines,1008,78,11,21982.0,20.7,20.6,insee_stats_dep_2022
78194,Dannemarie,229,78,11,23974.0,19.0,20.6,insee_stats_dep_2022
78196,Davron,295,78,11,16843.0,28.1,24.6,insee_stats_dep_2022
78202,Drocourt,554,78,11,17260.0,26.7,25.3,insee_stats_dep_2022
78206,Ecquevilly,4279,78,11,28105.0,14.4,13.1,insee_stats_dep_2022
78208,Élancourt,26365,78,11,28304.0,14.6,12.5,insee_stats_dep_2022
78209,Émancé,872,78,11,25459.0,17.1,18.5,insee_stats_dep_2022
78217,Épône,7031,78,11,26964.0,14.7,15.5,insee_stats_dep_2022
78220,Les Essarts-le-Roi,6831,78,11,23959.0,20.1,18.9,insee_stats_dep_2022
78224,L'Étang-la-Ville,5157,78,11,25942.0,13.7,14.4,insee_stats_dep_2022
78227,Évecquemont,754,78,11,25425.0,19.0,21.5,insee_stats_dep_2022
78230,La Falaise,609,78,11,27426.0,17.4,15.4,insee_stats_dep_2022
78231,Favrieux,157,78,11,31701.0,9.2,9.4,insee_stats_dep_2022
78233,Feucherolles,3043,78,11,25679.0,18.2,18.3,insee_stats_dep_2022
78234,Flacourt,184,78,11,26462.0,14.5,16.2,insee_stats_dep_2022
78236,Flexanville,576,78,11,22612.0,18.2,21.7,insee_stats_dep_2022
78237,Flins-Neuve-Église,162,78,11,27447.0,13.8,13.2,insee_stats_dep_2022
78238,Flins-sur-Seine,2447,78,11,23702.0,21.8,23.2,insee_stats_dep_2022
78239,Follainville-Dennemont,2184,78,11,24851.0,16.1,16.2,insee_stats_dep_2022
78242,Fontenay-le-Fleury,13680,78,11,24593.0,18.2,18.9,insee_stats_dep_2022
78245,Fontenay-Mauvoisin,460,78,11,20460.0,22.0,21.6,insee_stats_dep_2022
78246,Fontenay-Saint-Père,949,78,11,27780.0,15.7,12.8,insee_stats_dep_2022
78255,Freneuse,4505,78,11,23530.0,19.7,23.2,insee_stats_dep_2022
78261,Gaillon-sur-Montcient,689,78,11,23328.0,20.1,19.8,insee_stats_dep_2022
78262,Galluis,1298,78,11,27408.0,19.9,22.4,insee_stats_dep_2022
78263,Gambais,2574,78,11,39376.0,3.2,3.3,insee_stats_dep_2022
78264,Gambaiseuil,64,78,11,23770.0,16.3,16.9,insee_stats_dep_2022
78265,Garancières,2621,78,11,29643.0,11.2,11.6,insee_stats_dep_2022
78267,Gargenville,7869,78,11,25166.0,16.0,18.2,insee_stats_dep_2022
78269,Gazeran,1492,78,11,31203.0,9.0,9.3,insee_stats_dep_2022
78276,Gommecourt,613,78,11,31063.0,10.7,12.0,insee_stats_dep_2022
78278,Goupillières,570,78,11,27238.0,15.0,13.3,insee_stats_dep_2022
78281,Goussonville,650,78,11,29494.0,10.7,9.6,insee_stats_dep_2022
78283,Grandchamp,300,78,11,26237.0,18.9,20.4,insee_stats_dep_2022
78285,Gressey,533,78,11,16574.0,27.3,28.9,insee_stats_dep_2022
78289,Grosrouvre,902,78,11,26077.0,17.5,16.5,insee_stats_dep_2022
78290,Guernes,1085,78,11,30874.0,9.2,10.3,insee_stats_dep_2022
78291,Guerville,2052,78,11,23893.0,17.6,15.1,insee_stats_dep_2022
78296,Guitrancourt,646,78,11,26473.0,18.6,18.4,insee_stats_dep_2022
78297,Guyancourt,29778,78,11,32606.0,5.6,6.0,insee_stats_dep_2022
78299,Hardricourt,2599,78,11,27464.0,15.2,17.4,insee_stats_dep_2022
78300,Hargeville,418,78,11,23686.0,21.3,24.2,insee_stats_dep_2022
78302,La Hauteville,157,78,11,25450.0,18.0,19.8,insee_stats_dep_2022
78305,Herbeville,228,78,11,19469.0,23.1,19.3,insee_stats_dep_2022
78307,Hermeray,1007,78,11,24141.0,21.5,18.1,insee_stats_dep_2022
78310,Houdan,3721,78,11,27230.0,15.8,15.6,insee_stats_dep_2022
78311,Houilles,33983,78,11,27223.0,12.6,11.2,insee_stats_dep_2022
78314,Issou,4060,78,11,27750.0,13.8,15.8,insee_stats_dep_2022
78317,Jambville,793,78,11,27799.0,17.3,17.9,insee_stats_dep_2022
78320,Notre-Dame-de-la-Mer,742,78,11,21782.0,20.9,20.0,insee_stats_dep_2022
78321,Jouars-Pontchartrain,6039,78,11,26043.0,19.4,15.9,insee_stats_dep_2022
78322,Jouy-en-Josas,7981,78,11,28327.0,10.6,9.1,insee_stats_dep_2022
78324,Jouy-Mauvoisin,554,78,11,26218.0,12.8,12.4,insee_stats_dep_2022
78325,Jumeauville,638,78,11,31746.0,8.5,8.7,insee_stats_dep_2022
78327,Juziers,4065,78,11,27334.0,14.2,15.9,insee_stats_dep_2022
78329,Lainville-en-Vexin,805,78,11,29053.0,13.2,14.5,insee_stats_dep_2022
78334,Lévis-Saint-Nom,1603,78,11,29371.0,13.8,14.9,insee_stats_dep_2022
78335,Limay,17885,78,11,28463.0,16.5,13.4,insee_stats_dep_2022
78337,Limetz-Villez,2110,78,11,31247.0,10.4,8.9,insee_stats_dep_2022
78343,Les Loges-en-Josas,1645,78,11,20464.0,27.2,32.6,insee_stats_dep_2022
78344,Lommoye,639,78,11,25987.0,13.0,10.5,insee_stats_dep_2022
78346,Longnes,1601,78,11,22254.0,21.7,19.3,insee_stats_dep_2022
78349,Longvilliers,496,78,11,24788.0,17.2,15.9,insee_stats_dep_2022
78350,Louveciennes,7990,78,11,21844.0,20.2,17.2,insee_stats_dep_2022
78354,Magnanville,6383,78,11,26690.0,16.6,18.1,insee_stats_dep_2022
78356,Magny-les-Hameaux,9386,78,11,29247.0,11.7,10.8,insee_stats_dep_2022
78358,Maisons-Laffitte,23093,78,11,30375.0,8.6,7.5,insee_stats_dep_2022
78361,Mantes-la-Jolie,43526,78,11,25753.0,16.7,19.1,insee_stats_dep_2022
78362,Mantes-la-Ville,22332,78,11,25149.0,16.0,13.7,insee_stats_dep_2022
78364,Marcq,802,78,11,30276.0,6.9,8.1,insee_stats_dep_2022
78366,Mareil-le-Guyon,420,78,11,27655.0,16.3,17.3,insee_stats_dep_2022
78367,Mareil-Marly,4141,78,11,26858.0,14.9,17.8,insee_stats_dep_2022
78368,Mareil-sur-Mauldre,1776,78,11,21515.0,21.5,25.4,insee_stats_dep_2022
78372,Marly-le-Roi,16756,78,11,34226.0,6.0,5.0,insee_stats_dep_2022
78380,Maule,6083,78,11,29344.0,10.4,8.4,insee_stats_dep_2022
78381,Maulette,1088,78,11,28812.0,12.1,10.3,insee_stats_dep_2022
78382,Maurecourt,4454,78,11,27614.0,13.4,11.6,insee_stats_dep_2022
78383,Maurepas,20629,78,11,26845.0,19.4,21.2,insee_stats_dep_2022
78384,Médan,1289,78,11,18979.0,22.2,20.1,insee_stats_dep_2022
78385,Ménerville,216,78,11,22540.0,14.3,12.6,insee_stats_dep_2022
78389,Méré,1731,78,11,22010.0,28.6,26.4,insee_stats_dep_2022
78391,Méricourt,383,78,11,21394.0,22.0,20.9,insee_stats_dep_2022
78396,Le Mesnil-le-Roi,6332,78,11,23988.0,17.5,15.5,insee_stats_dep_2022
78397,Le Mesnil-Saint-Denis,7276,78,11,24288.0,16.8,18.0,insee_stats_dep_2022
78398,Les Mesnuls,910,78,11,28259.0,15.9,16.7,insee_stats_dep_2022
78401,Meulan-en-Yvelines,8950,78,11,28032.0,8.9,9.6,insee_stats_dep_2022
78402,Mézières-sur-Seine,3923,78,11,30744.0,11.3,9.1,insee_stats_dep_2022
78403,Mézy-sur-Seine,2242,78,11,27650.0,13.9,15.4,insee_stats_dep_2022
78404,Millemont,272,78,11,25376.0,17.5,18.8,insee_stats_dep_2022
78406,Milon-la-Chapelle,295,78,11,22100.0,23.3,20.0,insee_stats_dep_2022
78407,Mittainville,659,78,11,30192.0,9.4,10.1,insee_stats_dep_2022
78410,Moisson,902,78,11,24139.0,17.9,15.1,insee_stats_dep_2022
78413,Mondreville,381,78,11,26814.0,12.0,10.9,insee_stats_dep_2022
78415,Montainville,589,78,11,31989.0,7.3,6.2,insee_stats_dep_2022
78416,Montalet-le-Bois,322,78,11,19561.0,22.7,26.3,insee_stats_dep_2022
78417,Montchauvet,275,78,11,31819.0,7.9,8.0,insee_stats_dep_2022
78418,Montesson,14549,78,11,29156.0,15.5,16.8,insee_stats_dep_2022
78420,Montfort-l'Amaury,2779,78,11,30228.0,8.8,7.2,insee_stats_dep_2022
78423,Montigny-le-Bretonneux,32465,78,11,30363.0,10.5,9.5,insee_stats_dep_2022
78431,Morainvilliers,3120,78,11,25344.0,16.5,14.5,insee_stats_dep_2022
78437,Mousseaux-sur-Seine,689,78,11,32719.0,6.4,6.1,insee_stats_dep_2022
78439,Mulcent,128,78,11,22471.0,20.3,20.3,insee_stats_dep_2022
78440,Les Mureaux,34632,78,11,22323.0,18.4,15.5,insee_stats_dep_2022
78442,Neauphle-le-Château,3250,78,11,19926.0,23.1,20.2,insee_stats_dep_2022
78443,Neauphle-le-Vieux,937,78,11,21987.0,20.6,20.4,insee_stats_dep_2022
78444,Neauphlette,871,78,11,24845.0,20.7,17.4,insee_stats_dep_2022
78451,Nézel,1139,78,11,27431.0,13.9,14.2,insee_stats_dep_2022
78455,Noisy-le-Roi,7713,78,11,26621.0,16.5,14.9,insee_stats_dep_2022
78460,Oinville-sur-Montcient,1131,78,11,24087.0,17.2,16.0,insee_stats_dep_2022
78464,Orcemont,985,78,11,21656.0,22.2,20.6,insee_stats_dep_2022
78465,Orgerus,2489,78,11,22370.0,20.8,22.3,insee_stats_dep_2022
78466,Orgeval,7252,78,11,30464.0,11.2,12.2,insee_stats_dep_2022
78470,Orphin,875,78,11,25477.0,17.3,17.2,insee_stats_dep_2022
78472,Orsonville,325,78,11,26943.0,13.0,13.1,insee_stats_dep_2022
78474,Orvilliers,925,78,11,25844.0,16.4,13.3,insee_stats_dep_2022
78475,Osmoy,413,78,11,26347.0,16.4,16.7,insee_stats_dep_2022
78478,Paray-Douaville,218,78,11,20726.0,21.8,21.1,insee_stats_dep_2022
78481,Le Pecq,16059,78,11,24430.0,16.6,19.8,insee_stats_dep_2022
78484,Perdreauville,701,78,11,28711.0,10.2,8.5,insee_stats_dep_2022
78486,Le Perray-en-Yvelines,6480,78,11,24628.0,19.6,18.3,insee_stats_dep_2022
78490,Plaisir,31811,78,11,22864.0,22.4,25.1,insee_stats_dep_2022
78497,Poigny-la-Forêt,957,78,11,20914.0,21.5,17.6,insee_stats_dep_2022
78498,Poissy,40983,78,11,25120.0,17.0,18.2,insee_stats_dep_2022
78499,Ponthévrard,693,78,11,27260.0,11.1,12.0,insee_stats_dep_2022
78501,Porcheville,3382,78,11,32615.0,10.2,11.0,insee_stats_dep_2022
78502,Le Port-Marly,5559,78,11,26105.0,17.3,20.8,insee_stats_dep_2022
78505,Prunay-le-Temple,409,78,11,17285.0,24.2,21.0,insee_stats_dep_2022
78506,Prunay-en-Yvelines,808,78,11,29968.0,9.5,8.4,insee_stats_dep_2022
78513,La Queue-les-Yvelines,2629,78,11,25377.0,14.6,11.9,insee_stats_dep_2022
78516,Raizeux,970,78,11,24737.0,16.2,14.3,insee_stats_dep_2022
78517,Rambouillet,27724,78,11,26477.0,13.4,12.1,insee_stats_dep_2022
78518,Rennemoulin,116,78,11,19511.0,24.8,29.6,insee_stats_dep_2022
78520,Richebourg,1570,78,11,25713.0,16.6,17.0,insee_stats_dep_2022
78522,Rochefort-en-Yvelines,910,78,11,20099.0,26.1,30.1,insee_stats_dep_2022
78528,Rolleboise,346,78,11,24115.0,18.1,15.9,insee_stats_dep_2022
78530,Rosay,387,78,11,32372.0,6.6,7.1,insee_stats_dep_2022
78531,Rosny-sur-Seine,7328,78,11,31028.0,12.1,12.5,insee_stats_dep_2022
78536,Sailly,354,78,11,32451.0,8.1,8.2,insee_stats_dep_2022
78537,Saint-Arnoult-en-Yvelines,5875,78,11,27909.0,13.7,12.1,insee_stats_dep_2022
78545,Saint-Cyr-l'École,21268,78,11,25559.0,18.8,15.7,insee_stats_dep_2022
78548,Saint-Forget,436,78,11,28415.0,11.7,11.6,insee_stats_dep_2022
78550,Saint-Germain-de-la-Grange,1847,78,11,22748.0,17.0,14.1,insee_stats_dep_2022
78551,Saint-Germain-en-Laye,45931,78,11,24371.0,16.8,17.1,insee_stats_dep_2022
78557,Saint-Hilarion,999,78,11,23296.0,21.2,19.4,insee_stats_dep_2022
78558,Saint-Illiers-la-Ville,350,78,11,24418.0,16.2,13.8,insee_stats_dep_2022
78559,Saint-Illiers-le-Bois,449,78,11,24369.0,20.4,16.4,insee_stats_dep_2022
78561,Saint-Lambert,447,78,11,16320.0,29.4,25.5,insee_stats_dep_2022
78562,Saint-Léger-en-Yvelines,1468,78,11,20054.0,21.3,18.4,insee_stats_dep_2022
78564,Saint-Martin-de-Bréthencourt,690,78,11,20634.0,25.9,29.0,insee_stats_dep_2022
78565,Saint-Martin-des-Champs,304,78,11,30865.0,9.7,8.1,insee_stats_dep_2022
78567,Saint-Martin-la-Garenne,942,78,11,19732.0,26.7,28.0,insee_stats_dep_2022
78569,Sainte-Mesme,904,78,11,24655.0,15.3,18.3,insee_stats_dep_2022
78571,Saint-Nom-la-Bretèche,4965,78,11,24586.0,21.8,19.0,insee_stats_dep_2022
78575,Saint-Rémy-lès-Chevreuse,7747,78,11,24615.0,16.4,15.9,insee_stats_dep_2022
78576,Saint-Rémy-l'Honoré,1689,78,11,34932.0,5.6,5.0,insee_stats_dep_2022
78586,Sartrouville,52763,78,11,29508.0,13.7,14.6,insee_stats_dep_2022
78588,Saulx-Marchais,950,78,11,26735.0,14.4,12.3,insee_stats_dep_2022
78590,Senlisse,511,78,11,28241.0,16.3,18.1,insee_stats_dep_2022
78591,Septeuil,2264,78,11,25867.0,18.7,18.2,insee_stats_dep_2022
78597,Soindres,757,78,11,23807.0,24.5,26.3,insee_stats_dep_2022
78601,Sonchamp,1678,78,11,21190.0,23.2,24.0,insee_stats_dep_2022
78605,Tacoignières,1219,78,11,27678.0,16.4,16.6,insee_stats_dep_2022
78606,Le Tartre-Gaudran,37,78,11,24217.0,21.9,24.1,insee_stats_dep_2022
78608,Le Tertre-Saint-Denis,137,78,11,20897.0,24.8,22.4,insee_stats_dep_2022
78609,Tessancourt-sur-Aubette,966,78,11,23510.0,21.1,22.9,insee_stats_dep_2022
78615,Thiverval-Grignon,1023,78,11,21340.0,19.1,22.0,insee_stats_dep_2022
78616,Thoiry,1434,78,11,25658.0,16.5,15.9,insee_stats_dep_2022
78618,Tilly,530,78,11,27115.0,14.9,13.0,insee_stats_dep_2022
78620,Toussus-le-Noble,1172,78,11,36407.0,3.7,3.2,insee_stats_dep_2022
78621,Trappes,34689,78,11,31998.0,10.5,11.2,insee_stats_dep_2022
78623,Le Tremblay-sur-Mauldre,930,78,11,21865.0,23.6,28.1,insee_stats_dep_2022
78624,Triel-sur-Seine,12206,78,11,30386.0,12.1,14.1,insee_stats_dep_2022
78638,Vaux-sur-Seine,5202,78,11,27814.0,20.5,22.3,insee_stats_dep_2022
78640,Vélizy-Villacoublay,23011,78,11,29432.0,13.3,14.5,insee_stats_dep_2022
78642,Verneuil-sur-Seine,16280,78,11,32018.0,9.4,8.4,insee_stats_dep_2022
78643,Vernouillet,9699,78,11,31379.0,8.9,8.5,insee_stats_dep_2022
78644,La Verrière,5994,78,11,25377.0,15.3,18.2,insee_stats_dep_2022
78646,Versailles,84095,78,11,31892.0,10.0,11.1,insee_stats_dep_2022
78647,Vert,852,78,11,25587.0,15.8,13.3,insee_stats_dep_2022
78650,Le Vésinet,15554,78,11,30860.0,6.2,6.6,insee_stats_dep_2022
78653,Vicq,389,78,11,24073.0,15.8,15.0,insee_stats_dep_2022
78655,Vieille-Église-en-Yvelines,652,78,11,20904.0,21.9,25.0,insee_stats_dep_2022
78668,La Villeneuve-en-Chevrie,665,78,11,31181.0,10.3,11.7,insee_stats_dep_2022
78672,Villennes-sur-Seine,5952,78,11,33026.0,11.8,9.9,insee_stats_dep_2022
78674,Villepreux,11931,78,11,32815.0,8.4,7.3,insee_stats_dep_2022
78677,Villette,524,78,11,27222.0,15.1,16.3,insee_stats_dep_2022
78681,Villiers-le-Mahieu,888,78,11,25828.0,17.4,17.0,insee_stats_dep_2022
78683,Villiers-Saint-Frédéric,3395,78,11,27826.0,14.6,16.9,insee_stats_dep_2022
78686,Viroflay,17237,78,11,34627.0,6.0,4.8,insee_stats_dep_2022
78688,Voisins-le-Bretonneux,10624,78,11,28663.0,13.6,15.5,insee_stats_dep_2022
91001,Abbéville-la-Rivière,322,91,11,21224.0,20.1,18.5,insee_stats_dep_2022
91016,Angerville,4428,91,11,24763.0,16.5,18.0,insee_stats_dep_2022
91017,Angervilliers,1772,91,11,23818.0,23.3,27.5,insee_stats_dep_2022
91021,Arpajon,11698,91,11,26315.0,14.7,13.6,insee_stats_dep_2022
91022,Arrancourt,115,91,11,25337.0,17.5,14.6,insee_stats_dep_2022
91027,Athis-Mons,36613,91,11,27203.0,13.4,14.3,insee_stats_dep_2022
91035,Authon-la-Plaine,368,91,11,23456.0,19.1,18.3,insee_stats_dep_2022
91037,Auvernaux,332,91,11,23012.0,17.3,18.4,insee_stats_dep_2022
91038,Auvers-Saint-Georges,1223,91,11,20991.0,23.5,23.8,insee_stats_dep_2022
91041,Avrainville,1052,91,11,24414.0,22.3,22.5,insee_stats_dep_2022
91044,Ballainvilliers,4904,91,11,20641.0,22.5,26.2,insee_stats_dep_2022
91045,Ballancourt-sur-Essonne,8191,91,11,25460.0,15.0,16.5,insee_stats_dep_2022
91047,Baulne,1448,91,11,28922.0,11.3,12.5,insee_stats_dep_2022
91064,Bièvres,4686,91,11,28617.0,10.6,9.2,insee_stats_dep_2022
91067,Blandy,111,91,11,18898.0,27.2,27.3,insee_stats_dep_2022
91069,Boigneville,369,91,11,24365.0,15.0,12.8,insee_stats_dep_2022
91075,Bois-Herpin,81,91,11,21277.0,26.8,31.6,insee_stats_dep_2022
91079,Boissy-la-Rivière,550,91,11,24428.0,18.6,17.3,insee_stats_dep_2022
91080,Boissy-le-Cutté,1331,91,11,25156.0,19.0,15.9,insee_stats_dep_2022
91081,Boissy-le-Sec,690,91,11,35379.0,3.2,3.4,insee_stats_dep_2022
91085,Boissy-sous-Saint-Yon,3882,91,11,23586.0,18.2,18.0,insee_stats_dep_2022
91086,Bondoufle,10767,91,11,25939.0,18.6,20.9,insee_stats_dep_2022
91093,Boullay-les-Troux,624,91,11,29704.0,7.0,7.3,insee_stats_dep_2022
91095,Bouray-sur-Juine,2108,91,11,26224.0,19.0,15.5,insee_stats_dep_2022
91097,Boussy-Saint-Antoine,8097,91,11,24405.0,16.3,19.1,insee_stats_dep_2022
91098,Boutervilliers,429,91,11,19487.0,21.9,20.3,insee_stats_dep_2022
91099,Boutigny-sur-Essonne,3146,91,11,29310.0,10.4,12.0,insee_stats_dep_2022
91100,Bouville,669,91,11,24726.0,17.4,20.8,insee_stats_dep_2022
91103,Brétigny-sur-Orge,26658,91,11,26265.0,14.9,16.9,insee_stats_dep_2022
91105,Breuillet,9157,91,11,27817.0,12.6,12.4,insee_stats_dep_2022
91106,Breux-Jouy,1285,91,11,26061.0,11.8,9.5,insee_stats_dep_2022
91109,Brières-les-Scellés,1186,91,11,25479.0,16.1,16.2,insee_stats_dep_2022
91111,Briis-sous-Forges,3342,91,11,23868.0,17.9,17.6,insee_stats_dep_2022
91112,Brouy,134,91,11,28967.0,13.3,11.5,insee_stats_dep_2022
91114,Brunoy,25643,91,11,26877.0,15.8,13.0,insee_stats_dep_2022
91115,Bruyères-le-Châtel,3788,91,11,32277.0,8.8,8.6,insee_stats_dep_2022
91121,Buno-Bonnevaux,527,91,11,26391.0,14.9,17.7,insee_stats_dep_2022
91122,Bures-sur-Yvette,9548,91,11,27231.0,13.9,14.7,insee_stats_dep_2022
91129,Cerny,3531,91,11,23678.0,20.3,23.0,insee_stats_dep_2022
91130,Chalo-Saint-Mars,1053,91,11,27917.0,13.4,15.1,insee_stats_dep_2022
91131,Chalou-Moulineux,373,91,11,24349.0,21.6,19.1,insee_stats_dep_2022
91132,Chamarande,1089,91,11,26034.0,16.9,14.2,insee_stats_dep_2022
91135,Champcueil,2854,91,11,28651.0,11.5,9.5,insee_stats_dep_2022
91136,Champlan,2615,91,11,24059.0,19.6,22.6,insee_stats_dep_2022
91137,Champmotteux,356,91,11,24959.0,15.2,16.6,insee_stats_dep_2022
91145,Chatignonville,72,91,11,26090.0,15.4,15.4,insee_stats_dep_2022
91148,Chauffour-lès-Étréchy,132,91,11,24749.0,16.8,19.2,insee_stats_dep_2022
91156,Cheptainville,2204,91,11,24939.0,18.6,16.0,insee_stats_dep_2022
91159,Chevannes,1550,91,11,20701.0,24.1,26.4,insee_stats_dep_2022
91161,Chilly-Mazarin,20443,91,11,24364.0,17.8,20.1,insee_stats_dep_2022
91174,Corbeil-Essonnes,54471,91,11,30295.0,11.8,10.9,insee_stats_dep_2022
91175,Corbreuse,1640,91,11,24411.0,17.6,14.2,insee_stats_dep_2022
91179,Le Coudray-Montceaux,4801,91,11,26073.0,18.1,19.2,insee_stats_dep_2022
91180,Courances,348,91,11,25446.0,15.1,15.5,insee_stats_dep_2022
91184,Courdimanche-sur-Essonne,276,91,11,27609.0,17.5,17.7,insee_stats_dep_2022
91186,Courson-Monteloup,563,91,11,28488.0,14.3,13.0,insee_stats_dep_2022
91191,Crosne,9610,91,11,24787.0,14.6,13.7,insee_stats_dep_2022
91195,Dannemois,865,91,11,26046.0,15.8,17.4,insee_stats_dep_2022
91198,D'Huison-Longueville,1557,91,11,22433.0,19.7,20.9,insee_stats_dep_2022
91200,Dourdan,11415,91,11,27995.0,14.3,13.9,insee_stats_dep_2022
91201,Draveil,30098,91,11,24015.0,20.1,21.7,insee_stats_dep_2022
91204,Écharcon,708,91,11,24980.0,15.8,17.3,insee_stats_dep_2022
91207,Égly,7166,91,11,23141.0,15.9,12.8,insee_stats_dep_2022
91215,Épinay-sous-Sénart,11611,91,11,20600.0,30.3,28.1,insee_stats_dep_2022
91216,Épinay-sur-Orge,10722,91,11,27799.0,17.3,19.4,insee_stats_dep_2022
91223,Étampes,26857,91,11,29979.0,9.1,9.9,insee_stats_dep_2022
91225,Étiolles,3105,91,11,31100.0,9.1,9.0,insee_stats_dep_2022
91226,Étréchy,6986,91,11,19835.0,24.9,21.7,insee_stats_dep_2022
91228,Évry-Courcouronnes,66919,91,11,25617.0,16.9,17.8,insee_stats_dep_2022
91232,La Ferté-Alais,3731,91,11,23192.0,18.7,15.7,insee_stats_dep_2022
91235,Fleury-Mérogis,13721,91,11,25673.0,16.6,18.5,insee_stats_dep_2022
91240,Fontaine-la-Rivière,192,91,11,29963.0,11.6,13.0,insee_stats_dep_2022
91243,Fontenay-lès-Briis,2350,91,11,23341.0,21.7,21.7,insee_stats_dep_2022
91244,Fontenay-le-Vicomte,1596,91,11,24925.0,17.2,18.5,insee_stats_dep_2022
91247,La Forêt-le-Roi,492,91,11,21454.0,19.0,19.7,insee_stats_dep_2022
91248,La Forêt-Sainte-Croix,148,91,11,20642.0,20.9,21.7,insee_stats_dep_2022
91249,Forges-les-Bains,4241,91,11,26744.0,12.6,13.3,insee_stats_dep_2022
91272,Gif-sur-Yvette,22544,91,11,31529.0,7.1,6.7,insee_stats_dep_2022
91273,Gironville-sur-Essonne,760,91,11,25343.0,15.8,18.8,insee_stats_dep_2022
91274,Gometz-la-Ville,1536,91,11,27990.0,12.3,10.9,insee_stats_dep_2022
91275,Gometz-le-Châtel,2630,91,11,30623.0,12.6,10.4,insee_stats_dep_2022
91284,Les Granges-le-Roi,1197,91,11,18165.0,27.1,29.2,insee_stats_dep_2022
91286,Grigny,26842,91,11,26025.0,16.4,17.8,insee_stats_dep_2022
91292,Guibeville,923,91,11,22219.0,21.4,22.9,insee_stats_dep_2022
91293,Guigneville-sur-Essonne,904,91,11,33063.0,7.3,8.4,insee_stats_dep_2022
91294,Guillerval,808,91,11,20595.0,21.9,18.4,insee_stats_dep_2022
91312,Igny,10833,91,11,24150.0,18.3,19.0,insee_stats_dep_2022
91315,Itteville,6746,91,11,21504.0,21.8,18.2,insee_stats_dep_2022
91318,Janville-sur-Juine,2041,91,11,29936.0,10.0,11.2,insee_stats_dep_2022
91319,Janvry,654,91,11,25725.0,16.6,18.1,insee_stats_dep_2022
91326,Juvisy-sur-Orge,19292,91,11,25207.0,18.0,17.1,insee_stats_dep_2022
91330,Lardy,5530,91,11,26688.0,17.0,14.0,insee_stats_dep_2022
91332,Leudeville,1562,91,11,23118.0,25.4,21.7,insee_stats_dep_2022
91333,Leuville-sur-Orge,4271,91,11,29746.0,13.5,15.8,insee_stats_dep_2022
91338,Limours,6517,91,11,26264.0,13.7,12.6,insee_stats_dep_2022
91339,Linas,7987,91,11,27356.0,14.8,17.0,insee_stats_dep_2022
91340,Lisses,7373,91,11,24743.0,16.4,14.8,insee_stats_dep_2022
91345,Longjumeau,21996,91,11,29589.0,11.1,11.1,insee_stats_dep_2022
91347,Longpont-sur-Orge,6482,91,11,31184.0,10.0,11.9,insee_stats_dep_2022
91359,Maisse,2797,91,11,26892.0,14.7,16.6,insee_stats_dep_2022
91363,Marcoussis,8618,91,11,23798.0,18.1,16.8,insee_stats_dep_2022
91374,Marolles-en-Beauce,237,91,11,25302.0,16.7,14.9,insee_stats_dep_2022
91376,Marolles-en-Hurepoix,5708,91,11,25542.0,16.3,15.8,insee_stats_dep_2022
91377,Massy,51729,91,11,28679.0,12.5,13.1,insee_stats_dep_2022
91378,Mauchamps,387,91,11,18918.0,24.9,22.7,insee_stats_dep_2022
91386,Mennecy,16433,91,11,31054.0,7.8,7.2,insee_stats_dep_2022
91390,Le Mérévillois,3477,91,11,30533.0,13.8,15.9,insee_stats_dep_2022
91393,Mérobert,635,91,11,24835.0,13.4,11.1,insee_stats_dep_2022
91399,Mespuits,184,91,11,23822.0,18.4,19.6,insee_stats_dep_2022
91405,Milly-la-Forêt,4562,91,11,25440.0,16.3,19.3,insee_stats_dep_2022
91408,Moigny-sur-École,1294,91,11,24994.0,17.2,15.5,insee_stats_dep_2022
91411,Les Molières,1975,91,11,25113.0,17.1,18.9,insee_stats_dep_2022
91412,Mondeville,726,91,11,23811.0,17.6,20.6,insee_stats_dep_2022
91414,Monnerville,376,91,11,23365.0,19.4,18.1,insee_stats_dep_2022
91421,Montgeron,24022,91,11,30827.0,9.4,10.3,insee_stats_dep_2022
91425,Montlhéry,9772,91,11,25994.0,12.9,13.2,insee_stats_dep_2022
91432,Morangis,14129,91,11,28154.0,12.5,14.1,insee_stats_dep_2022
91433,Morigny-Champigny,4412,91,11,29198.0,11.9,13.5,insee_stats_dep_2022
91434,Morsang-sur-Orge,21667,91,11,25282.0,17.6,14.2,insee_stats_dep_2022
91435,Morsang-sur-Seine,583,91,11,15579.0,30.7,29.3,insee_stats_dep_2022
91441,Nainville-les-Roches,564,91,11,15826.0,26.7,26.3,insee_stats_dep_2022
91457,La Norville,4268,91,11,26492.0,16.5,18.4,insee_stats_dep_2022
91458,Nozay,4471,91,11,25352.0,17.3,16.9,insee_stats_dep_2022
91461,Ollainville,5455,91,11,28852.0,13.1,15.1,insee_stats_dep_2022
91463,Oncy-sur-École,1042,91,11,22971.0,18.5,20.7,insee_stats_dep_2022
91468,Ormoy,3225,91,11,25937.0,15.9,15.6,insee_stats_dep_2022
91469,Ormoy-la-Rivière,943,91,11,27527.0,10.3,11.8,insee_stats_dep_2022
91471,Orsay,16498,91,11,25924.0,15.8,12.7,insee_stats_dep_2022
91473,Orveau,141,91,11,25952.0,15.6,13.6,insee_stats_dep_2022
91477,Palaiseau,37471,91,11,26104.0,17.5,15.4,insee_stats_dep_2022
91479,Paray-Vieille-Poste,8202,91,11,25438.0,17.5,14.2,insee_stats_dep_2022
91482,Pecqueuse,580,91,11,19722.0,25.2,28.2,insee_stats_dep_2022
91494,Le Plessis-Pâté,4154,91,11,29610.0,9.6,7.7,insee_stats_dep_2022
91495,Plessis-Saint-Benoist,325,91,11,17297.0,29.6,28.5,insee_stats_dep_2022
91507,Prunay-sur-Essonne,324,91,11,26447.0,15.9,14.1,insee_stats_dep_2022
91508,Puiselet-le-Marais,261,91,11,24096.0,21.1,19.0,insee_stats_dep_2022
91511,Pussay,2288,91,11,21506.0,21.5,25.6,insee_stats_dep_2022
91514,Quincy-sous-Sénart,9477,91,11,27526.0,11.1,11.1,insee_stats_dep_2022
91519,Richarville,386,91,11,20362.0,23.6,24.0,insee_stats_dep_2022
91521,Ris-Orangis,31189,91,11,28624.0,13.6,13.0,insee_stats_dep_2022
91525,Roinville,1319,91,11,25737.0,19.2,17.0,insee_stats_dep_2022
91526,Roinvilliers,112,91,11,22917.0,18.0,15.4,insee_stats_dep_2022
91533,Saclas,1819,91,11,25790.0,17.4,14.1,insee_stats_dep_2022
91534,Saclay,4437,91,11,23432.0,21.0,17.3,insee_stats_dep_2022
91538,Saint-Aubin,661,91,11,17042.0,24.7,21.7,insee_stats_dep_2022
91540,Saint-Chéron,5132,91,11,27593.0,13.6,13.5,insee_stats_dep_2022
91544,Saint-Cyr-la-Rivière,466,91,11,18789.0,24.2,27.9,insee_stats_dep_2022
91546,Saint-Cyr-sous-Dourdan,982,91,11,20356.0,21.4,19.1,insee_stats_dep_2022
91547,Saint-Escobille,454,91,11,25450.0,15.5,15.2,insee_stats_dep_2022
91549,Sainte-Geneviève-des-Bois,35438,91,11,25834.0,18.5,17.5,insee_stats_dep_2022
91552,Saint-Germain-lès-Arpajon,11623,91,11,24461.0,16.4,13.8,insee_stats_dep_2022
91553,Saint-Germain-lès-Corbeil,7469,91,11,22746.0,18.3,19.6,insee_stats_dep_2022
91556,Saint-Hilaire,401,91,11,28673.0,10.3,10.6,insee_stats_dep_2022
91560,Saint-Jean-de-Beauregard,471,91,11,26555.0,15.3,13.1,insee_stats_dep_2022
91568,Saint-Maurice-Montcouronne,1543,91,11,28381.0,12.9,15.2,insee_stats_dep_2022
91570,Saint-Michel-sur-Orge,21776,91,11,25292.0,18.4,19.5,insee_stats_dep_2022
91573,Saint-Pierre-du-Perray,11993,91,11,30527.0,9.5,8.2,insee_stats_dep_2022
91577,Saintry-sur-Seine,5882,91,11,25116.0,17.6,17.9,insee_stats_dep_2022
91578,Saint-Sulpice-de-Favières,272,91,11,24909.0,18.5,17.9,insee_stats_dep_2022
91579,Saint-Vrain,3089,91,11,21225.0,21.0,23.7,insee_stats_dep_2022
91581,Saint-Yon,923,91,11,21037.0,24.0,23.7,insee_stats_dep_2022
91587,Saulx-les-Chartreux,6733,91,11,25741.0,20.6,23.6,insee_stats_dep_2022
91589,Savigny-sur-Orge,37601,91,11,20484.0,23.1,27.0,insee_stats_dep_2022
91593,Sermaise,1617,91,11,28070.0,12.4,14.0,insee_stats_dep_2022
91599,Soisy-sur-École,1174,91,11,22394.0,21.0,21.8,insee_stats_dep_2022
91600,Soisy-sur-Seine,7418,91,11,21931.0,22.9,25.9,insee_stats_dep_2022
91602,Souzy-la-Briche,503,91,11,21110.0,19.6,17.7,insee_stats_dep_2022
91613,Congerville-Thionville,211,91,11,21004.0,24.3,26.4,insee_stats_dep_2022
91617,Tigery,4333,91,11,22336.0,22.0,18.2,insee_stats_dep_2022
91619,Torfou,294,91,11,20426.0,21.4,25.1,insee_stats_dep_2022
91629,Valpuiseaux,617,91,11,29005.0,10.5,10.6,insee_stats_dep_2022
91630,Le Val-Saint-Germain,1576,91,11,20386.0,22.7,25.2,insee_stats_dep_2022
91631,Varennes-Jarcy,2465,91,11,26133.0,17.5,16.4,insee_stats_dep_2022
91634,Vaugrigneuse,1458,91,11,21549.0,19.2,22.7,insee_stats_dep_2022
91635,Vauhallan,1945,91,11,27933.0,13.5,13.1,insee_stats_dep_2022
91639,Vayres-sur-Essonne,978,91,11,20906.0,23.3,26.1,insee_stats_dep_2022
91645,Verrières-le-Buisson,15057,91,11,25934.0,15.1,13.0,insee_stats_dep_2022
91648,Vert-le-Grand,2444,91,11,27208.0,16.1,18.7,insee_stats_dep_2022
91649,Vert-le-Petit,2714,91,11,30009.0,6.9,8.3,insee_stats_dep_2022
91654,Videlles,581,91,11,21318.0,21.6,23.6,insee_stats_dep_2022
91657,Vigneux-sur-Seine,31466,91,11,22757.0,21.2,22.0,insee_stats_dep_2022
91659,Villabé,5830,91,11,20035.0,23.6,22.5,insee_stats_dep_2022
91661,Villebon-sur-Yvette,10291,91,11,27219.0,13.4,11.0,insee_stats_dep_2022
91662,Villeconin,766,91,11,20765.0,24.8,21.4,insee_stats_dep_2022
91665,La Ville-du-Bois,8161,91,11,26439.0,14.9,14.8,insee_stats_dep_2022
91666,Villejust,2558,91,11,20899.0,23.6,19.4,insee_stats_dep_2022
91667,Villemoisson-sur-Orge,7332,91,11,26574.0,17.7,18.7,insee_stats_dep_2022
91671,Villeneuve-sur-Auvers,593,91,11,23905.0,17.8,16.4,insee_stats_dep_2022
91679,Villiers-le-Bâcle,1031,91,11,24945.0,14.9,16.7,insee_stats_dep_2022
91685,Villiers-sur-Orge,4545,91,11,33904.0,7.5,6.5,insee_stats_dep_2022
91687,Viry-Châtillon,30838,91,11,23915.0,14.9,13.6,insee_stats_dep_2022
91689,Wissous,7151,91,11,22345.0,21.3,22.2,insee_stats_dep_2022
91691,Yerres,27906,91,11,26414.0,15.7,13.4,insee_stats_dep_2022
91692,Les Ulis,25886,91,11,31864.0,6.7,6.5,insee_stats_dep_2022
92002,Antony,64263,92,11,37390.0,3.0,2.9,insee_stats_dep_2022
92004,Asnières-sur-Seine,93941,92,11,35806.0,5.9,5.9,insee_stats_dep_2022
92007,Bagneux,44572,92,11,35817.0,3.8,4.1,insee_stats_dep_2022
92009,Bois-Colombes,28909,92,11,32013.0,10.4,11.8,insee_stats_dep_2022
92012,Boulogne-Billancourt,119019,92,11,32264.0,7.5,7.2,insee_stats_dep_2022
92014,Bourg-la-Reine,21019,92,11,34920.0,5.8,6.3,insee_stats_dep_2022
92019,Châtenay-Malabry,35825,92,11,34944.0,5.7,4.9,insee_stats_dep_2022
92020,Châtillon,36705,92,11,38364.0,3.0,3.5,insee_stats_dep_2022
92022,Chaville,20594,92,11,30917.0,9.5,9.0,insee_stats_dep_2022
92023,Clamart,58576,92,11,37226.0,3.0,2.5,insee_stats_dep_2022
92024,Clichy,64410,92,11,37913.0,5.3,5.4,insee_stats_dep_2022
92025,Colombes,91053,92,11,40577.0,3.0,2.5,insee_stats_dep_2022
92026,Courbevoie,82902,92,11,30908.0,6.2,7.0,insee_stats_dep_2022
92032,Fontenay-aux-Roses,24070,92,11,29187.0,9.3,7.7,insee_stats_dep_2022
92033,Garches,17743,92,11,35934.0,3.1,3.1,insee_stats_dep_2022
92035,La Garenne-Colombes,30197,92,11,32275.0,7.7,6.4,insee_stats_dep_2022
92036,Gennevilliers,50979,92,11,38517.0,3.0,3.1,insee_stats_dep_2022
92040,Issy-les-Moulineaux,67669,92,11,38442.0,3.0,2.4,insee_stats_dep_2022
92044,Levallois-Perret,68092,92,11,38435.0,3.0,3.4,insee_stats_dep_2022
92046,Malakoff,30557,92,11,37457.0,3.0,3.4,insee_stats_dep_2022
92047,Marnes-la-Coquette,1752,92,11,36174.0,4.5,4.4,insee_stats_dep_2022
92048,Meudon,46334,92,11,28603.0,8.0,7.0,insee_stats_dep_2022
92049,Montrouge,46324,92,11,33779.0,7.9,6.9,insee_stats_dep_2022
92050,Nanterre,97783,92,11,38244.0,3.0,3.0,insee_stats_dep_2022
92051,Neuilly-sur-Seine,59538,92,11,36073.0,4.5,5.4,insee_stats_dep_2022
92060,Le Plessis-Robinson,28848,92,11,36520.0,3.6,3.5,insee_stats_dep_2022
92062,Puteaux,44002,92,11,34595.0,5.8,5.3,insee_stats_dep_2022
92063,Rueil-Malmaison,82874,92,11,34001.0,7.3,7.0,insee_stats_dep_2022
92064,Saint-Cloud,29855,92,11,33753.0,5.7,6.4,insee_stats_dep_2022
92071,Sceaux,20884,92,11,31971.0,8.7,7.1,insee_stats_dep_2022
92072,Sèvres,22303,92,11,27855.0,14.2,11.8,insee_stats_dep_2022
92073,Suresnes,48956,92,11,36246.0,3.4,3.5,insee_stats_dep_2022
92075,Vanves,28622,92,11,31571.0,8.3,9.6,insee_stats_dep_2022
92076,Vaucresson,8432,92,11,36885.0,3.0,2.8,insee_stats_dep_2022
92077,Ville-d'Avray,11089,92,11,34614.0,3.8,4.1,insee_stats_dep_2022
92078,Villeneuve-la-Garenne,26021,92,11,28819.0,14.7,13.9,insee_stats_dep_2022
93001,Aubervilliers,88365,93,11,26249.0,18.1,16.7,insee_stats_dep_2022
93005,Aulnay-sous-Bois,87599,93,11,23645.0,20.3,21.6,insee_stats_dep_2022
93006,Bagnolet,43086,93,11,24912.0,18.1,16.2,insee_stats_dep_2022
93007,Le Blanc-Mesnil,62376,93,11,25440.0,16.4,15.8,insee_stats_dep_2022
93008,Bobigny,56927,93,11,26732.0,14.8,12.9,insee_stats_dep_2022
93010,Bondy,50595,93,11,23869.0,17.6,18.3,insee_stats_dep_2022
93013,Le Bourget,15925,93,11,17535.0,29.7,33.3,insee_stats_dep_2022
93014,Clichy-sous-Bois,29354,93,11,22887.0,21.5,18.0,insee_stats_dep_2022
93015,Coubron,5175,93,11,20074.0,20.1,19.9,insee_stats_dep_2022
93027,La Courneuve,47167,93,11,19236.0,25.9,24.6,insee_stats_dep_2022
93029,Drancy,72390,93,11,22036.0,18.8,19.2,insee_stats_dep_2022
93030,Dugny,11700,93,11,17873.0,21.7,25.4,insee_stats_dep_2022
93031,Épinay-sur-Seine,52833,93,11,23326.0,19.2,19.0,insee_stats_dep_2022
93032,Gagny,42313,93,11,21748.0,22.8,18.3,insee_stats_dep_2022
93033,Gournay-sur-Marne,7320,93,11,20279.0,22.3,24.3,insee_stats_dep_2022
93039,L'Île-Saint-Denis,8696,93,11,21858.0,23.7,19.8,insee_stats_dep_2022
93045,Les Lilas,23843,93,11,18609.0,25.1,27.1,insee_stats_dep_2022
93046,Livry-Gargan,47228,93,11,21494.0,18.9,19.8,insee_stats_dep_2022
93047,Montfermeil,28703,93,11,22716.0,19.4,16.9,insee_stats_dep_2022
93048,Montreuil,111934,93,11,22641.0,21.4,23.6,insee_stats_dep_2022
93049,Neuilly-Plaisance,21941,93,11,20912.0,25.5,23.4,insee_stats_dep_2022
93050,Neuilly-sur-Marne,39800,93,11,22783.0,16.7,16.2,insee_stats_dep_2022
93051,Noisy-le-Grand,72978,93,11,23700.0,19.7,21.0,insee_stats_dep_2022
93053,Noisy-le-Sec,45510,93,11,19644.0,23.8,24.6,insee_stats_dep_2022
93055,Pantin,61929,93,11,22176.0,22.8,22.4,insee_stats_dep_2022
93057,Les Pavillons-sous-Bois,25804,93,11,18644.0,26.2,23.6,insee_stats_dep_2022
93061,Le Pré-Saint-Gervais,16993,93,11,20962.0,22.7,20.4,insee_stats_dep_2022
93062,Le Raincy,14735,93,11,21153.0,27.4,22.5,insee_stats_dep_2022
93063,Romainville,37152,93,11,19089.0,24.0,23.8,insee_stats_dep_2022
93064,Rosny-sous-Bois,47180,93,11,24477.0,17.9,20.3,insee_stats_dep_2022
93066,Saint-Denis,149077,93,11,23079.0,21.6,22.4,insee_stats_dep_2022
93070,Saint-Ouen-sur-Seine,53615,93,11,23380.0,17.2,14.0,insee_stats_dep_2022
93071,Sevran,52535,93,11,24608.0,16.0,18.3,insee_stats_dep_2022
93072,Stains,41388,93,11,20535.0,21.9,20.7,insee_stats_dep_2022
93073,Tremblay-en-France,38348,93,11,21086.0,22.8,19.2,insee_stats_dep_2022
93074,Vaujours,8007,93,11,15903.0,31.7,37.0,insee_stats_dep_2022
93077,Villemomble,29795,93,11,22182.0,22.2,25.0,insee_stats_dep_2022
93078,Villepinte,41470,93,11,22568.0,18.3,19.8,insee_stats_dep_2022
93079,Villetaneuse,12530,93,11,24354.0,16.3,15.5,insee_stats_dep_2022
94001,Ablon-sur-Seine,5988,94,11,29191.0,15.3,16.5,insee_stats_dep_2022
94002,Alfortville,45531,94,11,24356.0,13.9,13.3,insee_stats_dep_2022
94003,Arcueil,22200,94,11,25434.0,17.0,20.2,insee_stats_dep_2022
94004,Boissy-Saint-Léger,17325,94,11,29812.0,11.5,10.6,insee_stats_dep_2022
94011,Bonneuil-sur-Marne,18270,94,11,26199.0,18.1,16.7,insee_stats_dep_2022
94015,Bry-sur-Marne,18503,94,11,26332.0,18.2,21.7,insee_stats_dep_2022
94016,Cachan,31103,94,11,28207.0,12.5,13.5,insee_stats_dep_2022
94017,Champigny-sur-Marne,78072,94,11,30091.0,10.8,11.4,insee_stats_dep_2022
94018,Charenton-le-Pont,28830,94,11,27151.0,14.8,12.7,insee_stats_dep_2022
94019,Chennevières-sur-Marne,18710,94,11,30862.0,11.0,10.6,insee_stats_dep_2022
94021,Chevilly-Larue,19826,94,11,25860.0,17.8,14.4,insee_stats_dep_2022
94022,Choisy-le-Roi,45946,94,11,27954.0,11.5,10.1,insee_stats_dep_2022
94028,Créteil,93397,94,11,31865.0,8.2,7.4,insee_stats_dep_2022
94033,Fontenay-sous-Bois,53757,94,11,29694.0,8.0,8.6,insee_stats_dep_2022
94034,Fresnes,29528,94,11,30549.0,10.8,11.3,insee_stats_dep_2022
94037,Gentilly,19963,94,11,31694.0,10.5,9.3,insee_stats_dep_2022
94038,L'Haÿ-les-Roses,31188,94,11,22878.0,15.2,14.6,insee_stats_dep_2022
94041,Ivry-sur-Seine,65064,94,11,31024.0,14.6,12.0,insee_stats_dep_2022
94042,Joinville-le-Pont,20525,94,11,30053.0,13.9,15.1,insee_stats_dep_2022
94043,Le Kremlin-Bicêtre,24110,94,11,26901.0,20.4,18.0,insee_stats_dep_2022
94044,Limeil-Brévannes,27406,94,11,34057.0,5.4,5.3,insee_stats_dep_2022
94046,Maisons-Alfort,56799,94,11,27109.0,13.5,11.0,insee_stats_dep_2022
94047,Mandres-les-Roses,4922,94,11,24637.0,20.4,20.9,insee_stats_dep_2022
94048,Marolles-en-Brie,4781,94,11,28094.0,14.3,15.5,insee_stats_dep_2022
94052,Nogent-sur-Marne,32455,94,11,27784.0,10.4,8.5,insee_stats_dep_2022
94053,Noiseau,4628,94,11,24396.0,17.4,16.2,insee_stats_dep_2022
94054,Orly,24658,94,11,32336.0,7.3,8.0,insee_stats_dep_2022
94055,Ormesson-sur-Marne,10977,94,11,26404.0,14.0,12.2,insee_stats_dep_2022
94056,Périgny,2724,94,11,26064.0,16.1,14.2,insee_stats_dep_2022
94058,Le Perreux-sur-Marne,35260,94,11,25402.0,19.6,16.3,insee_stats_dep_2022
94059,Le Plessis-Trévise,21112,94,11,28566.0,17.1,14.4,insee_stats_dep_2022
94060,La Queue-en-Brie,12241,94,11,29366.0,12.6,10.5,insee_stats_dep_2022
94065,Rungis,5611,94,11,27171.0,17.0,19.7,insee_stats_dep_2022
94067,Saint-Mandé,21071,94,11,25041.0,14.4,12.1,insee_stats_dep_2022
94068,Saint-Maur-des-Fossés,76572,94,11,29759.0,13.0,11.7,insee_stats_dep_2022
94069,Saint-Maurice,14506,94,11,28504.0,14.0,16.2,insee_stats_dep_2022
94070,Santeny,3913,94,11,26938.0,14.7,12.5,insee_stats_dep_2022
94071,Sucy-en-Brie,27764,94,11,28885.0,11.7,11.1,insee_stats_dep_2022
94073,Thiais,32918,94,11,29006.0,11.3,12.9,insee_stats_dep_2022
94074,Valenton,14406,94,11,30074.0,12.5,11.7,insee_stats_dep_2022
94075,Villecresnes,11647,94,11,31459.0,10.0,8.9,insee_stats_dep_2022
94076,Villejuif,60183,94,11,30169.0,11.1,10.7,insee_stats_dep_2022
94077,Villeneuve-le-Roi,21000,94,11,24625.0,21.3,25.3,insee_stats_dep_2022
94078,Villeneuve-Saint-Georges,36221,94,11,26954.0,15.0,15.4,insee_stats_dep_2022
94079,Villiers-sur-Marne,33162,94,11,21999.0,21.0,18.2,insee_stats_dep_2022
94080,Vincennes,48193,94,11,31550.0,6.5,6.5,insee_stats_dep_2022
94081,Vitry-sur-Seine,93963,94,11,30313.0,8.2,9.0,insee_stats_dep_2022
95002,Ableiges,1108,95,11,19607.0,23.1,26.7,insee_stats_dep_2022
95008,Aincourt,854,95,11,22952.0,23.6,27.1,insee_stats_dep_2022
95011,Ambleville,388,95,11,21478.0,25.5,28.1,insee_stats_dep_2022
95012,Amenucourt,212,95,11,22017.0,22.1,26.2,insee_stats_dep_2022
95014,Andilly,2742,95,11,33811.0,4.2,3.9,insee_stats_dep_2022
95018,Argenteuil,106130,95,11,29734.0,10.9,10.4,insee_stats_dep_2022
95019,Arnouville,15023,95,11,25539.0,13.7,12.7,insee_stats_dep_2022
95023,Arronville,618,95,11,21600.0,21.3,23.9,insee_stats_dep_2022
95024,Arthies,265,95,11,18967.0,23.7,23.1,insee_stats_dep_2022
95026,Asnières-sur-Oise,3127,95,11,23191.0,21.3,20.1,insee_stats_dep_2022
95028,Attainville,1904,95,11,21431.0,21.9,22.6,insee_stats_dep_2022
95039,Auvers-sur-Oise,6863,95,11,25423.0,16.5,15.0,insee_stats_dep_2022
95040,Avernes,871,95,11,21483.0,18.7,19.7,insee_stats_dep_2022
95042,Baillet-en-France,2021,95,11,22951.0,22.2,24.9,insee_stats_dep_2022
95046,Banthelu,146,95,11,19578.0,23.6,24.5,insee_stats_dep_2022
95051,Beauchamp,9849,95,11,25658.0,17.3,14.0,insee_stats_dep_2022
95052,Beaumont-sur-Oise,10232,95,11,23842.0,19.2,23.0,insee_stats_dep_2022
95054,Le Bellay-en-Vexin,224,95,11,21946.0,19.4,23.0,insee_stats_dep_2022
95055,Bellefontaine,474,95,11,21806.0,22.6,20.1,insee_stats_dep_2022
95056,Belloy-en-France,2250,95,11,24215.0,20.1,18.8,insee_stats_dep_2022
95058,Bernes-sur-Oise,2684,95,11,24451.0,15.1,16.0,insee_stats_dep_2022
95059,Berville,374,95,11,24331.0,20.1,16.4,insee_stats_dep_2022
95060,Bessancourt,8869,95,11,25084.0,15.0,15.1,insee_stats_dep_2022
95061,Béthemont-la-Forêt,435,95,11,18723.0,25.6,26.5,insee_stats_dep_2022
95063,Bezons,36434,95,11,24202.0,17.8,16.0,insee_stats_dep_2022
95074,Boisemont,892,95,11,27644.0,13.5,11.9,insee_stats_dep_2022
95078,Boissy-l'Aillerie,2120,95,11,25709.0,15.8,18.5,insee_stats_dep_2022
95088,Bonneuil-en-France,1185,95,11,20884.0,23.8,27.3,insee_stats_dep_2022
95091,Bouffémont,6593,95,11,25324.0,18.9,19.3,insee_stats_dep_2022
95094,Bouqueval,314,95,11,20022.0,21.2,24.2,insee_stats_dep_2022
95101,Bray-et-Lû,954,95,11,22088.0,20.8,20.2,insee_stats_dep_2022
95102,Bréançon,432,95,11,14340.0,30.2,29.0,insee_stats_dep_2022
95110,Brignancourt,262,95,11,25033.0,18.7,20.1,insee_stats_dep_2022
95116,Bruyères-sur-Oise,4921,95,11,20774.0,21.0,19.6,insee_stats_dep_2022
95119,Buhy,329,95,11,26420.0,16.4,14.2,insee_stats_dep_2022
95120,Butry-sur-Oise,2252,95,11,23238.0,21.5,17.4,insee_stats_dep_2022
95127,Cergy,70906,95,11,29557.0,10.5,11.4,insee_stats_dep_2022
95134,Champagne-sur-Oise,5036,95,11,24589.0,15.8,15.9,insee_stats_dep_2022
95139,La Chapelle-en-Vexin,320,95,11,15393.0,31.0,31.8,insee_stats_dep_2022
95141,Charmont,32,95,11,23489.0,17.3,18.9,insee_stats_dep_2022
95142,Chars,2006,95,11,23624.0,20.0,22.3,insee_stats_dep_2022
95144,Châtenay-en-France,68,95,11,28727.0,15.5,15.3,insee_stats_dep_2022
95149,Chaumontel,3332,95,11,19712.0,25.2,25.9,insee_stats_dep_2022
95150,Chaussy,631,95,11,23824.0,23.5,19.6,insee_stats_dep_2022
95151,Chauvry,297,95,11,31771.0,9.3,9.4,insee_stats_dep_2022
95154,Chennevières-lès-Louvres,282,95,11,25661.0,19.5,16.3,insee_stats_dep_2022
95157,Chérence,137,95,11,17891.0,26.6,31.8,insee_stats_dep_2022
95166,Cléry-en-Vexin,476,95,11,22086.0,20.7,22.8,insee_stats_dep_2022
95169,Commeny,646,95,11,18439.0,23.6,24.3,insee_stats_dep_2022
95170,Condécourt,564,95,11,27698.0,16.8,18.9,insee_stats_dep_2022
95176,Cormeilles-en-Parisis,27292,95,11,22522.0,20.7,24.2,insee_stats_dep_2022
95177,Cormeilles-en-Vexin,1297,95,11,18962.0,26.0,23.0,insee_stats_dep_2022
95181,Courcelles-sur-Viosne,310,95,11,23001.0,19.3,21.7,insee_stats_dep_2022
95183,Courdimanche,7311,95,11,24105.0,16.5,18.0,insee_stats_dep_2022
95197,Deuil-la-Barre,23099,95,11,24424.0,17.3,19.5,insee_stats_dep_2022
95199,Domont,16065,95,11,18374.0,26.3,28.9,insee_stats_dep_2022
95203,Eaubonne,26211,95,11,19846.0,24.8,23.2,insee_stats_dep_2022
95205,Écouen,7202,95,11,22888.0,20.5,18.5,insee_stats_dep_2022
95210,Enghien-les-Bains,11432,95,11,20408.0,25.4,24.9,insee_stats_dep_2022
95211,Ennery,2243,95,11,23153.0,23.6,25.1,insee_stats_dep_2022
95212,Épiais-lès-Louvres,156,95,11,21017.0,17.2,14.9,insee_stats_dep_2022
95213,Épiais-Rhus,603,95,11,28861.0,12.0,13.8,insee_stats_dep_2022
95214,Épinay-Champlâtreux,57,95,11,23510.0,15.6,14.2,insee_stats_dep_2022
95218,Éragny,18436,95,11,25008.0,17.2,16.4,insee_stats_dep_2022
95219,Ermont,29489,95,11,23153.0,21.0,18.6,insee_stats_dep_2022
95229,Ézanville,9858,95,11,19463.0,24.2,25.0,insee_stats_dep_2022
95241,Fontenay-en-Parisis,2219,95,11,19448.0,24.9,20.4,insee_stats_dep_2022
95250,Fosses,10570,95,11,24694.0,14.6,13.0,insee_stats_dep_2022
95252,Franconville,37754,95,11,24798.0,15.8,14.7,insee_stats_dep_2022
95253,Frémainville,507,95,11,22894.0,19.8,19.2,insee_stats_dep_2022
95254,Frémécourt,526,95,11,21831.0,25.0,28.4,insee_stats_dep_2022
95256,Frépillon,3317,95,11,23940.0,19.9,20.9,insee_stats_dep_2022
95257,La Frette-sur-Seine,4570,95,11,25477.0,17.3,17.8,insee_stats_dep_2022
95258,Frouville,347,95,11,23471.0,21.6,18.1,insee_stats_dep_2022
95268,Garges-lès-Gonesse,41791,95,11,23150.0,17.3,16.1,insee_stats_dep_2022
95270,Genainville,522,95,11,25103.0,18.1,17.7,insee_stats_dep_2022
95271,Génicourt,514,95,11,19546.0,25.8,24.6,insee_stats_dep_2022
95277,Gonesse,27707,95,11,24826.0,15.2,17.6,insee_stats_dep_2022
95280,Goussainville,31301,95,11,21516.0,21.9,19.6,insee_stats_dep_2022
95287,Grisy-les-Plâtres,709,95,11,21110.0,24.2,20.3,insee_stats_dep_2022
95288,Groslay,8453,95,11,24546.0,22.8,22.5,insee_stats_dep_2022
95295,Guiry-en-Vexin,161,95,11,23326.0,20.7,24.2,insee_stats_dep_2022
95298,Haravilliers,589,95,11,18093.0,26.5,30.5,insee_stats_dep_2022
95301,Haute-Isle,293,95,11,21164.0,20.4,18.4,insee_stats_dep_2022
95303,Le Heaulme,207,95,11,20215.0,26.1,27.7,insee_stats_dep_2022
95304,Hédouville,278,95,11,34662.0,4.4,3.8,insee_stats_dep_2022
95306,Herblay-sur-Seine,31779,95,11,20122.0,21.0,25.2,insee_stats_dep_2022
95308,Hérouville-en-Vexin,584,95,11,23808.0,17.3,17.4,insee_stats_dep_2022
95309,Hodent,225,95,11,28848.0,10.7,11.6,insee_stats_dep_2022
95313,L'Isle-Adam,12493,95,11,28552.0,14.0,11.5,insee_stats_dep_2022
95316,Jagny-sous-Bois,269,95,11,22793.0,18.1,16.2,insee_stats_dep_2022
95323,Jouy-le-Moutier,17854,95,11,22994.0,23.0,26.2,insee_stats_dep_2022
95328,Labbeville,641,95,11,18513.0,22.0,23.9,insee_stats_dep_2022
95331,Lassy,196,95,11,24381.0,17.8,17.1,insee_stats_dep_2022
95341,Livilliers,389,95,11,25684.0,16.3,17.3,insee_stats_dep_2022
95348,Longuesse,496,95,11,27743.0,15.4,13.3,insee_stats_dep_2022
95351,Louvres,12560,95,11,24096.0,16.9,19.4,insee_stats_dep_2022
95352,Luzarches,5008,95,11,23354.0,20.1,19.1,insee_stats_dep_2022
95353,Maffliers,1856,95,11,23384.0,17.8,21.3,insee_stats_dep_2022
95355,Magny-en-Vexin,5779,95,11,29539.0,11.7,13.4,insee_stats_dep_2022
95365,Mareil-en-France,734,95,11,15887.0,28.1,31.5,insee_stats_dep_2022
95369,Margency,3012,95,11,22405.0,20.3,21.3,insee_stats_dep_2022
95370,Marines,3594,95,11,23316.0,17.4,15.5,insee_stats_dep_2022
95371,Marly-la-Ville,6022,95,11,26260.0,17.5,14.7,insee_stats_dep_2022
95379,Maudétour-en-Vexin,208,95,11,17844.0,21.5,22.3,insee_stats_dep_2022
95387,Menouville,62,95,11,21218.0,21.8,21.6,insee_stats_dep_2022
95388,Menucourt,6184,95,11,28265.0,15.1,15.3,insee_stats_dep_2022
95392,Mériel,5347,95,11,22633.0,20.6,17.7,insee_stats_dep_2022
95394,Méry-sur-Oise,9983,95,11,25838.0,18.5,15.4,insee_stats_dep_2022
95395,Le Mesnil-Aubry,914,95,11,23733.0,18.1,16.1,insee_stats_dep_2022
95409,Moisselles,1261,95,11,28084.0,17.7,15.2,insee_stats_dep_2022
95422,Montgeroult,361,95,11,22883.0,20.8,24.4,insee_stats_dep_2022
95424,Montigny-lès-Cormeilles,22457,95,11,23370.0,18.2,17.6,insee_stats_dep_2022
95426,Montlignon,3038,95,11,22667.0,22.5,26.6,insee_stats_dep_2022
95427,Montmagny,15105,95,11,25117.0,14.7,14.5,insee_stats_dep_2022
95428,Montmorency,21763,95,11,26113.0,15.1,16.4,insee_stats_dep_2022
95429,Montreuil-sur-Epte,377,95,11,20099.0,21.9,22.7,insee_stats_dep_2022
95430,Montsoult,4023,95,11,22406.0,18.9,20.5,insee_stats_dep_2022
95436,Mours,1693,95,11,22837.0,23.9,26.2,insee_stats_dep_2022
95438,Moussy,108,95,11,23538.0,18.7,20.2,insee_stats_dep_2022
95445,Nerville-la-Forêt,756,95,11,20855.0,22.4,23.7,insee_stats_dep_2022
95446,Nesles-la-Vallée,1842,95,11,26508.0,14.2,11.8,insee_stats_dep_2022
95447,Neuilly-en-Vexin,240,95,11,20692.0,26.3,29.2,insee_stats_dep_2022
95450,Neuville-sur-Oise,2058,95,11,26838.0,13.6,15.9,insee_stats_dep_2022
95452,Nointel,903,95,11,22350.0,19.8,22.6,insee_stats_dep_2022
95456,Noisy-sur-Oise,549,95,11,25926.0,13.4,12.7,insee_stats_dep_2022
95459,Nucourt,719,95,11,23612.0,19.4,22.3,insee_stats_dep_2022
95462,Omerville,327,95,11,23589.0,17.8,15.1,insee_stats_dep_2022
95476,Osny,17954,95,11,25099.0,17.4,15.7,insee_stats_dep_2022
95480,Parmain,5655,95,11,22931.0,22.9,23.6,insee_stats_dep_2022
95483,Le Perchay,504,95,11,23393.0,17.9,19.4,insee_stats_dep_2022
95487,Persan,14359,95,11,33056.0,7.2,6.4,insee_stats_dep_2022
95488,Pierrelaye,10130,95,11,29598.0,9.4,9.2,insee_stats_dep_2022
95489,Piscop,768,95,11,23360.0,18.8,16.6,insee_stats_dep_2022
95491,Le Plessis-Bouchard,8518,95,11,21575.0,19.0,18.4,insee_stats_dep_2022
95492,Le Plessis-Gassot,102,95,11,22120.0,23.8,26.7,insee_stats_dep_2022
95493,Le Plessis-Luzarches,152,95,11,22702.0,17.5,15.2,insee_stats_dep_2022
95500,Pontoise,31970,95,11,27249.0,17.2,15.9,insee_stats_dep_2022
95504,Presles,4017,95,11,23282.0,20.3,17.3,insee_stats_dep_2022
95509,Puiseux-en-France,3765,95,11,23672.0,18.2,19.7,insee_stats_dep_2022
95510,Puiseux-Pontoise,603,95,11,22422.0,23.4,20.6,insee_stats_dep_2022
95523,La Roche-Guyon,399,95,11,30557.0,15.5,13.6,insee_stats_dep_2022
95527,Roissy-en-France,2674,95,11,24862.0,16.4,13.5,insee_stats_dep_2022
95529,Ronquerolles,907,95,11,26767.0,15.9,16.2,insee_stats_dep_2022
95535,Sagy,1096,95,11,21051.0,22.3,24.6,insee_stats_dep_2022
95539,Saint-Brice-sous-Forêt,15063,95,11,27046.0,14.9,14.9,insee_stats_dep_2022
95541,Saint-Clair-sur-Epte,964,95,11,23773.0,16.2,17.6,insee_stats_dep_2022
95543,Saint-Cyr-en-Arthies,236,95,11,29213.0,14.4,14.4,insee_stats_dep_2022
95554,Saint-Gervais,878,95,11,20207.0,24.7,25.7,insee_stats_dep_2022
95555,Saint-Gratien,21336,95,11,24017.0,22.4,21.1,insee_stats_dep_2022
95563,Saint-Leu-la-Forêt,16138,95,11,25787.0,13.0,12.5,insee_stats_dep_2022
95566,Saint-Martin-du-Tertre,2689,95,11,25609.0,12.5,12.5,insee_stats_dep_2022
95572,Saint-Ouen-l'Aumône,25578,95,11,21599.0,22.7,25.8,insee_stats_dep_2022
95574,Saint-Prix,7612,95,11,27220.0,15.3,15.8,insee_stats_dep_2022
95580,Saint-Witz,2724,95,11,24746.0,16.4,16.7,insee_stats_dep_2022
95582,Sannois,26924,95,11,25152.0,16.8,17.8,insee_stats_dep_2022
95584,Santeuil,658,95,11,27481.0,16.2,17.5,insee_stats_dep_2022
95585,Sarcelles,59173,95,11,27629.0,13.2,11.1,insee_stats_dep_2022
95592,Seraincourt,1305,95,11,18525.0,26.3,29.5,insee_stats_dep_2022
95594,Seugy,1044,95,11,18871.0,24.0,22.2,insee_stats_dep_2022
95598,Soisy-sous-Montmorency,18008,95,11,23422.0,21.3,21.5,insee_stats_dep_2022
95604,Survilliers,4091,95,11,24996.0,21.5,23.3,insee_stats_dep_2022
95607,Taverny,27593,95,11,24657.0,15.0,13.5,insee_stats_dep_2022
95610,Théméricourt,283,95,11,26599.0,14.1,14.6,insee_stats_dep_2022
95611,Theuville,53,95,11,22266.0,21.6,19.2,insee_stats_dep_2022
95612,Le Thillay,4560,95,11,21116.0,22.0,25.8,insee_stats_dep_2022
95625,Us,1374,95,11,20951.0,24.8,20.6,insee_stats_dep_2022
95627,Vallangoujard,625,95,11,21117.0,22.0,23.9,insee_stats_dep_2022
95628,Valmondois,1208,95,11,18256.0,24.7,24.4,insee_stats_dep_2022
95633,Vaudherland,104,95,11,20159.0,25.8,26.6,insee_stats_dep_2022
95637,Vauréal,16079,95,11,25798.0,12.2,9.9,insee_stats_dep_2022
95641,Vémars,3124,95,11,25932.0,18.2,15.8,insee_stats_dep_2022
95651,Vétheuil,849,95,11,22827.0,19.9,17.9,insee_stats_dep_2022
95652,Viarmes,5558,95,11,21058.0,28.8,23.6,insee_stats_dep_2022
95656,Vienne-en-Arthies,379,95,11,20262.0,26.6,26.6,insee_stats_dep_2022
95658,Vigny,1137,95,11,25992.0,18.2,18.6,insee_stats_dep_2022
95660,Villaines-sous-Bois,778,95,11,22244.0,22.6,24.0,insee_stats_dep_2022
95675,Villeron,1766,95,11,21103.0,25.5,22.1,insee_stats_dep_2022
95676,Villers-en-Arthies,498,95,11,17695.0,26.4,28.0,insee_stats_dep_2022
95678,Villiers-Adam,858,95,11,23539.0,20.7,21.8,insee_stats_dep_2022
95680,Villiers-le-Bel,30053,95,11,24822.0,20.0,22.7,insee_stats_dep_2022
95682,Villiers-le-Sec,205,95,11,19741.0,22.2,24.5,insee_stats_dep_2022
95690,Wy-dit-Joli-Village,326,95,11,22873.0,17.5,16.6,insee_stats_dep_2022
02001,Abbécourt,518,02,32,16978.0,27.4,27.9,insee_stats_dep_2022
02002,Achery,584,02,32,12413.0,30.1,28.1,insee_stats_dep_2022
02003,Acy,1004,02,32,19710.0,21.6,19.9,insee_stats_dep_2022
02004,Agnicourt-et-Séchelles,189,02,32,20412.0,20.4,20.6,insee_stats_dep_2022
02005,Aguilcourt,417,02,32,18339.0,23.6,20.6,insee_stats_dep_2022
02006,Aisonville-et-Bernoville,259,02,32,19642.0,25.0,24.9,insee_stats_dep_2022
02007,Aizelles,118,02,32,15995.0,28.8,28.0,insee_stats_dep_2022
02008,Aizy-Jouy,306,02,32,14090.0,32.1,27.1,insee_stats_dep_2022
02009,Alaincourt,517,02,32,16322.0,26.0,25.7,insee_stats_dep_2022
02010,Allemant,163,02,32,19849.0,21.6,21.5,insee_stats_dep_2022
02011,Ambleny,1205,02,32,11880.0,34.1,38.1,insee_stats_dep_2022
02012,Ambrief,79,02,32,14723.0,30.9,33.4,insee_stats_dep_2022
02013,Amifontaine,391,02,32,18216.0,27.1,31.3,insee_stats_dep_2022
02014,Amigny-Rouy,707,02,32,20611.0,19.2,18.6,insee_stats_dep_2022
02015,Ancienville,78,02,32,22575.0,19.9,20.2,insee_stats_dep_2022
02016,Andelain,212,02,32,18391.0,27.0,22.5,insee_stats_dep_2022
02017,Anguilcourt-le-Sart,274,02,32,21187.0,21.5,20.7,insee_stats_dep_2022
02018,Anizy-le-Grand,2472,02,32,23138.0,20.9,18.1,insee_stats_dep_2022
02019,Annois,349,02,32,18858.0,21.5,20.3,insee_stats_dep_2022
02020,Any-Martin-Rieux,456,02,32,18807.0,19.4,18.0,insee_stats_dep_2022
02021,Archon,76,02,32,16203.0,25.6,29.0,insee_stats_dep_2022
02022,Arcy-Sainte-Restitue,396,02,32,16070.0,31.5,25.4,insee_stats_dep_2022
02023,Armentières-sur-Ourcq,96,02,32,16276.0,30.1,31.1,insee_stats_dep_2022
02024,Arrancy,45,02,32,18027.0,21.3,20.6,insee_stats_dep_2022
02025,Artemps,361,02,32,20281.0,19.3,23.0,insee_stats_dep_2022
02027,Assis-sur-Serre,209,02,32,17213.0,25.8,21.1,insee_stats_dep_2022
02028,Athies-sous-Laon,2578,02,32,21759.0,24.0,21.3,insee_stats_dep_2022
02029,Attilly,337,02,32,23612.0,17.1,18.2,insee_stats_dep_2022
02030,Aubencheul-aux-Bois,238,02,32,16844.0,28.4,32.6,insee_stats_dep_2022
02031,Aubenton,658,02,32,20507.0,24.4,24.8,insee_stats_dep_2022
02032,Aubigny-aux-Kaisnes,231,02,32,13054.0,34.5,31.2,insee_stats_dep_2022
02033,Aubigny-en-Laonnois,102,02,32,17749.0,28.2,28.7,insee_stats_dep_2022
02034,Audignicourt,104,02,32,21666.0,22.4,23.5,insee_stats_dep_2022
02035,Audigny,273,02,32,19234.0,22.3,22.2,insee_stats_dep_2022
02036,Augy,72,02,32,23667.0,20.0,18.0,insee_stats_dep_2022
02037,Aulnois-sous-Laon,1348,02,32,18135.0,26.0,23.7,insee_stats_dep_2022
02038,Les Autels,62,02,32,15536.0,28.1,23.6,insee_stats_dep_2022
02039,Autremencourt,176,02,32,15479.0,28.0,25.6,insee_stats_dep_2022
02040,Autreppes,175,02,32,25791.0,13.6,15.5,insee_stats_dep_2022
02041,Autreville,777,02,32,20194.0,21.0,18.2,insee_stats_dep_2022
02042,Azy-sur-Marne,369,02,32,17255.0,28.0,30.7,insee_stats_dep_2022
02043,Bagneux,62,02,32,21552.0,23.0,18.7,insee_stats_dep_2022
02044,Bancigny,26,02,32,20449.0,21.2,17.7,insee_stats_dep_2022
02046,Barenton-Bugny,555,02,32,17979.0,25.8,26.7,insee_stats_dep_2022
02047,Barenton-Cel,108,02,32,17876.0,25.4,27.1,insee_stats_dep_2022
02048,Barenton-sur-Serre,130,02,32,19092.0,24.4,23.7,insee_stats_dep_2022
02049,Barisis-aux-Bois,752,02,32,13813.0,33.2,34.7,insee_stats_dep_2022
02050,Barzy-en-Thiérache,316,02,32,18012.0,27.4,24.2,insee_stats_dep_2022
02051,Barzy-sur-Marne,380,02,32,13622.0,27.6,27.7,insee_stats_dep_2022
02052,Bassoles-Aulers,131,02,32,16466.0,28.2,24.4,insee_stats_dep_2022
02053,Vallées en Champagne,599,02,32,23540.0,18.5,20.6,insee_stats_dep_2022
02054,Bazoches-et-Saint-Thibaut,516,02,32,18262.0,29.0,34.3,insee_stats_dep_2022
02055,Beaumé,82,02,32,17538.0,22.7,25.0,insee_stats_dep_2022
02056,Beaumont-en-Beine,168,02,32,17451.0,29.1,33.2,insee_stats_dep_2022
02057,Beaurevoir,1281,02,32,23389.0,18.6,14.9,insee_stats_dep_2022
02058,Beaurieux,794,02,32,19089.0,23.4,21.4,insee_stats_dep_2022
02059,Beautor,2579,02,32,18687.0,22.9,26.8,insee_stats_dep_2022
02060,Beauvois-en-Vermandois,263,02,32,20618.0,23.3,25.2,insee_stats_dep_2022
02061,Becquigny,268,02,32,30419.0,12.4,11.0,insee_stats_dep_2022
02062,Belleau,131,02,32,21257.0,22.5,24.1,insee_stats_dep_2022
02063,Bellenglise,378,02,32,17133.0,25.6,22.6,insee_stats_dep_2022
02064,Belleu,3659,02,32,20542.0,23.9,22.5,insee_stats_dep_2022
02065,Bellicourt,560,02,32,22183.0,21.6,24.5,insee_stats_dep_2022
02066,Benay,191,02,32,20192.0,21.8,24.4,insee_stats_dep_2022
02067,Bergues-sur-Sambre,205,02,32,13900.0,30.7,35.4,insee_stats_dep_2022
02068,Berlancourt,85,02,32,21113.0,24.4,27.0,insee_stats_dep_2022
02069,Berlise,104,02,32,14847.0,28.8,30.3,insee_stats_dep_2022
02070,Bernot,431,02,32,20205.0,23.2,24.5,insee_stats_dep_2022
02071,Berny-Rivière,631,02,32,21284.0,21.5,20.5,insee_stats_dep_2022
02072,Berrieux,178,02,32,19764.0,22.9,22.6,insee_stats_dep_2022
02073,Berry-au-Bac,722,02,32,20799.0,20.6,24.6,insee_stats_dep_2022
02074,Bertaucourt-Epourdon,601,02,32,20496.0,21.8,24.1,insee_stats_dep_2022
02075,Berthenicourt,203,02,32,15064.0,29.7,30.1,insee_stats_dep_2022
02076,Bertricourt,159,02,32,15616.0,28.1,23.4,insee_stats_dep_2022
02078,Besmé,166,02,32,17278.0,24.5,25.9,insee_stats_dep_2022
02079,Besmont,132,02,32,18951.0,24.1,20.3,insee_stats_dep_2022
02080,Besny-et-Loizy,309,02,32,19857.0,22.2,25.6,insee_stats_dep_2022
02081,Béthancourt-en-Vaux,421,02,32,15620.0,29.1,29.8,insee_stats_dep_2022
02082,Beugneux,120,02,32,18396.0,23.1,24.1,insee_stats_dep_2022
02083,Beuvardes,736,02,32,16740.0,29.7,35.5,insee_stats_dep_2022
02084,Bézu-le-Guéry,248,02,32,21441.0,23.8,27.4,insee_stats_dep_2022
02085,Bézu-Saint-Germain,991,02,32,16370.0,28.7,30.1,insee_stats_dep_2022
02086,Bichancourt,979,02,32,15176.0,28.9,33.4,insee_stats_dep_2022
02087,Bieuxy,31,02,32,18533.0,28.2,27.8,insee_stats_dep_2022
02088,Bièvres,80,02,32,13125.0,32.2,30.9,insee_stats_dep_2022
02089,Billy-sur-Aisne,1130,02,32,17340.0,27.0,31.2,insee_stats_dep_2022
02090,Billy-sur-Ourcq,194,02,32,17972.0,25.7,21.5,insee_stats_dep_2022
02091,Blanzy-lès-Fismes,98,02,32,22370.0,19.2,16.3,insee_stats_dep_2022
02093,Blérancourt,1162,02,32,19740.0,23.4,27.2,insee_stats_dep_2022
02094,Blesmes,474,02,32,18327.0,30.0,28.5,insee_stats_dep_2022
02095,Bohain-en-Vermandois,5605,02,32,20695.0,22.6,24.3,insee_stats_dep_2022
02096,Bois-lès-Pargny,187,02,32,16457.0,28.3,25.4,insee_stats_dep_2022
02097,Boncourt,272,02,32,18470.0,27.0,25.5,insee_stats_dep_2022
02098,Bonneil,375,02,32,16107.0,27.6,25.9,insee_stats_dep_2022
02099,Bonnesvalyn,212,02,32,18193.0,24.1,20.0,insee_stats_dep_2022
02100,Bony,137,02,32,11880.0,31.9,29.2,insee_stats_dep_2022
02101,Bosmont-sur-Serre,170,02,32,15047.0,28.6,26.1,insee_stats_dep_2022
02102,Bouconville-Vauclair,181,02,32,19261.0,23.3,24.6,insee_stats_dep_2022
02103,Boué,1315,02,32,20370.0,22.6,21.6,insee_stats_dep_2022
02104,Bouffignereux,96,02,32,19693.0,28.9,26.9,insee_stats_dep_2022
02105,Bouresches,183,02,32,18209.0,25.7,30.2,insee_stats_dep_2022
02106,Bourg-et-Comin,809,02,32,17064.0,26.3,26.4,insee_stats_dep_2022
02107,Bourguignon-sous-Coucy,104,02,32,14781.0,32.7,30.2,insee_stats_dep_2022
02108,Bourguignon-sous-Montbavin,140,02,32,17168.0,30.1,31.7,insee_stats_dep_2022
02109,La Bouteille,464,02,32,16519.0,28.7,33.3,insee_stats_dep_2022
02110,Braine,2248,02,32,18758.0,27.6,24.2,insee_stats_dep_2022
02111,Brancourt-en-Laonnois,702,02,32,17702.0,25.8,28.0,insee_stats_dep_2022
02112,Brancourt-le-Grand,554,02,32,16553.0,30.1,26.7,insee_stats_dep_2022
02114,Brasles,1788,02,32,18751.0,25.2,21.1,insee_stats_dep_2022
02115,Braye-en-Laonnois,195,02,32,19694.0,22.4,19.2,insee_stats_dep_2022
02116,Braye-en-Thiérache,131,02,32,20651.0,21.7,20.0,insee_stats_dep_2022
02117,Bray-Saint-Christophe,64,02,32,22459.0,24.5,22.2,insee_stats_dep_2022
02118,Braye,129,02,32,15737.0,27.1,31.2,insee_stats_dep_2022
02119,Brécy,317,02,32,14785.0,29.0,29.7,insee_stats_dep_2022
02120,Brenelle,193,02,32,17113.0,33.7,31.0,insee_stats_dep_2022
02121,Breny,210,02,32,22646.0,20.6,23.2,insee_stats_dep_2022
02122,Brie,55,02,32,22326.0,21.1,17.2,insee_stats_dep_2022
02123,Brissay-Choigny,296,02,32,19604.0,22.9,21.8,insee_stats_dep_2022
02124,Brissy-Hamégicourt,653,02,32,20331.0,19.7,18.7,insee_stats_dep_2022
02125,Brumetz,175,02,32,17578.0,28.3,32.1,insee_stats_dep_2022
02126,Brunehamel,463,02,32,20551.0,23.4,23.3,insee_stats_dep_2022
02127,Bruyères-sur-Fère,199,02,32,18480.0,26.7,21.7,insee_stats_dep_2022
02128,Bruyères-et-Montbérault,1411,02,32,20092.0,24.5,20.6,insee_stats_dep_2022
02129,Bruys,20,02,32,18424.0,26.7,29.3,insee_stats_dep_2022
02130,Bucilly,204,02,32,20103.0,27.8,32.9,insee_stats_dep_2022
02131,Bucy-le-Long,1947,02,32,22336.0,25.8,21.1,insee_stats_dep_2022
02132,Bucy-lès-Cerny,188,02,32,23092.0,20.5,19.4,insee_stats_dep_2022
02133,Bucy-lès-Pierrepont,410,02,32,20181.0,27.2,24.0,insee_stats_dep_2022
02134,Buire,795,02,32,14148.0,36.4,34.0,insee_stats_dep_2022
02135,Buironfosse,1122,02,32,16784.0,28.1,26.7,insee_stats_dep_2022
02136,Burelles,123,02,32,19452.0,24.3,26.2,insee_stats_dep_2022
02137,Bussiares,126,02,32,15104.0,30.6,29.8,insee_stats_dep_2022
02138,Buzancy,175,02,32,19887.0,23.6,23.2,insee_stats_dep_2022
02139,Caillouël-Crépigny,459,02,32,19410.0,26.3,30.3,insee_stats_dep_2022
02140,Camelin,426,02,32,17655.0,25.8,26.7,insee_stats_dep_2022
02141,La Capelle,1745,02,32,11880.0,35.9,41.8,insee_stats_dep_2022
02142,Castres,246,02,32,20318.0,23.6,24.3,insee_stats_dep_2022
02143,Le Catelet,186,02,32,20202.0,26.1,22.8,insee_stats_dep_2022
02144,Caulaincourt,143,02,32,23654.0,21.1,21.9,insee_stats_dep_2022
02145,Caumont,547,02,32,25067.0,19.5,21.1,insee_stats_dep_2022
02146,Celles-lès-Condé,88,02,32,17596.0,27.0,31.5,insee_stats_dep_2022
02148,Celles-sur-Aisne,248,02,32,23680.0,18.2,17.4,insee_stats_dep_2022
02149,Cerizy,58,02,32,18649.0,24.6,23.3,insee_stats_dep_2022
02150,Cerny-en-Laonnois,63,02,32,13243.0,33.0,29.1,insee_stats_dep_2022
02151,Cerny-lès-Bucy,111,02,32,20653.0,22.0,25.7,insee_stats_dep_2022
02152,Cerseuil,87,02,32,18041.0,26.9,29.8,insee_stats_dep_2022
02153,Cessières-Suzy,801,02,32,19764.0,22.6,21.9,insee_stats_dep_2022
02154,Chacrise,375,02,32,17060.0,28.3,31.9,insee_stats_dep_2022
02155,Chaillevois,201,02,32,14989.0,29.6,27.3,insee_stats_dep_2022
02156,Chalandry,234,02,32,16864.0,31.2,27.9,insee_stats_dep_2022
02157,Chambry,827,02,32,20535.0,21.0,22.2,insee_stats_dep_2022
02158,Chamouille,272,02,32,17014.0,26.4,21.3,insee_stats_dep_2022
02159,Champs,313,02,32,21749.0,21.6,25.3,insee_stats_dep_2022
02160,Chaourse,495,02,32,15405.0,29.3,29.0,insee_stats_dep_2022
02162,La Chapelle-sur-Chézy,301,02,32,15203.0,27.5,24.7,insee_stats_dep_2022
02163,Charly-sur-Marne,2594,02,32,19518.0,25.4,20.4,insee_stats_dep_2022
02164,Le Charmel,323,02,32,23896.0,18.8,21.2,insee_stats_dep_2022
02165,Charmes,1568,02,32,20655.0,25.0,22.0,insee_stats_dep_2022
02166,Chartèves,361,02,32,16539.0,23.9,20.4,insee_stats_dep_2022
02167,Chassemy,895,02,32,15535.0,29.0,24.2,insee_stats_dep_2022
02168,Château-Thierry,15097,02,32,20121.0,24.3,24.0,insee_stats_dep_2022
02169,Châtillon-lès-Sons,83,02,32,19942.0,24.2,22.3,insee_stats_dep_2022
02170,Châtillon-sur-Oise,125,02,32,18770.0,25.0,23.0,insee_stats_dep_2022
02171,Chaudardes,91,02,32,16046.0,27.8,27.2,insee_stats_dep_2022
02172,Chaudun,238,02,32,16262.0,25.9,24.2,insee_stats_dep_2022
02173,Chauny,11596,02,32,18989.0,29.2,31.3,insee_stats_dep_2022
02174,Chavignon,859,02,32,15083.0,27.5,33.0,insee_stats_dep_2022
02175,Chavigny,153,02,32,20516.0,21.6,23.3,insee_stats_dep_2022
02176,Chavonne,214,02,32,15695.0,29.8,23.9,insee_stats_dep_2022
02177,Chérêt,147,02,32,17290.0,27.5,24.7,insee_stats_dep_2022
02178,Chermizy-Ailles,127,02,32,18665.0,26.9,26.4,insee_stats_dep_2022
02179,Chéry-Chartreuve,378,02,32,12121.0,32.6,38.7,insee_stats_dep_2022
02180,Chéry-lès-Pouilly,742,02,32,20250.0,20.0,21.5,insee_stats_dep_2022
02181,Chéry-lès-Rozoy,98,02,32,22104.0,17.5,15.4,insee_stats_dep_2022
02182,Chevennes,136,02,32,15855.0,28.1,29.7,insee_stats_dep_2022
02183,Chevregny,197,02,32,15752.0,25.4,24.2,insee_stats_dep_2022
02184,Chevresis-Monceau,329,02,32,15513.0,31.7,36.8,insee_stats_dep_2022
02185,Chézy-en-Orxois,389,02,32,15301.0,29.4,24.9,insee_stats_dep_2022
02186,Chézy-sur-Marne,1296,02,32,19683.0,27.2,24.1,insee_stats_dep_2022
02187,Chierry,1195,02,32,22877.0,25.2,28.8,insee_stats_dep_2022
02188,Chigny,140,02,32,14927.0,29.7,35.5,insee_stats_dep_2022
02189,Chivres-en-Laonnois,359,02,32,19655.0,21.7,21.2,insee_stats_dep_2022
02190,Chivres-Val,526,02,32,17192.0,23.3,19.7,insee_stats_dep_2022
02191,Chivy-lès-Étouvelles,484,02,32,19771.0,28.4,32.1,insee_stats_dep_2022
02192,Chouy,364,02,32,12934.0,31.6,29.3,insee_stats_dep_2022
02193,Cierges,62,02,32,16486.0,30.4,29.8,insee_stats_dep_2022
02194,Cilly,173,02,32,18799.0,23.5,25.7,insee_stats_dep_2022
02195,Ciry-Salsogne,882,02,32,17268.0,24.2,25.9,insee_stats_dep_2022
02196,Clacy-et-Thierret,289,02,32,23598.0,15.1,13.3,insee_stats_dep_2022
02197,Clairfontaine,509,02,32,17519.0,27.2,26.9,insee_stats_dep_2022
02198,Clamecy,243,02,32,16450.0,27.6,31.5,insee_stats_dep_2022
02199,Clastres,589,02,32,17785.0,23.7,24.8,insee_stats_dep_2022
02200,Clermont-les-Fermes,97,02,32,17757.0,23.1,23.4,insee_stats_dep_2022
02201,Cœuvres-et-Valsery,467,02,32,12130.0,31.9,28.8,insee_stats_dep_2022
02203,Coincy,1308,02,32,18279.0,27.7,29.9,insee_stats_dep_2022
02204,Coingt,61,02,32,12851.0,33.3,33.0,insee_stats_dep_2022
02205,Colligis-Crandelain,207,02,32,18629.0,25.7,30.2,insee_stats_dep_2022
02206,Colonfay,71,02,32,16341.0,26.0,22.0,insee_stats_dep_2022
02207,Commenchon,224,02,32,16474.0,31.6,28.4,insee_stats_dep_2022
02208,Concevreux,256,02,32,13720.0,30.0,30.4,insee_stats_dep_2022
02209,Condé-en-Brie,654,02,32,19484.0,25.2,23.0,insee_stats_dep_2022
02210,Condé-sur-Aisne,352,02,32,19883.0,22.3,21.6,insee_stats_dep_2022
02211,Condé-sur-Suippe,357,02,32,19389.0,22.1,18.7,insee_stats_dep_2022
02212,Condren,674,02,32,17906.0,23.5,20.3,insee_stats_dep_2022
02213,Connigis,306,02,32,18176.0,24.5,28.5,insee_stats_dep_2022
02214,Contescourt,61,02,32,18986.0,26.6,30.1,insee_stats_dep_2022
02215,Corbeny,851,02,32,17939.0,26.6,29.1,insee_stats_dep_2022
02216,Corcy,332,02,32,18406.0,25.7,30.4,insee_stats_dep_2022
02217,Coucy-le-Château-Auffrique,990,02,32,19354.0,23.7,19.4,insee_stats_dep_2022
02218,Coucy-lès-Eppes,649,02,32,16872.0,32.6,33.9,insee_stats_dep_2022
02219,Coucy-la-Ville,194,02,32,19757.0,24.8,24.8,insee_stats_dep_2022
02220,Coulonges-Cohan,443,02,32,13976.0,33.3,38.2,insee_stats_dep_2022
02221,Coupru,161,02,32,16657.0,26.7,24.8,insee_stats_dep_2022
02222,Courbes,39,02,32,14080.0,30.3,35.4,insee_stats_dep_2022
02223,Courboin,304,02,32,20009.0,23.6,21.3,insee_stats_dep_2022
02224,Courcelles-sur-Vesle,352,02,32,22394.0,20.5,24.5,insee_stats_dep_2022
02225,Courchamps,82,02,32,13758.0,26.5,31.2,insee_stats_dep_2022
02226,Courmelles,1808,02,32,13086.0,28.5,33.7,insee_stats_dep_2022
02227,Courmont,126,02,32,15012.0,30.0,35.3,insee_stats_dep_2022
02228,Courtemont-Varennes,361,02,32,11880.0,33.9,39.3,insee_stats_dep_2022
02229,Courtrizy-et-Fussigny,78,02,32,18113.0,27.5,24.0,insee_stats_dep_2022
02230,Couvrelles,174,02,32,18027.0,27.6,26.1,insee_stats_dep_2022
02231,Couvron-et-Aumencourt,926,02,32,20707.0,23.2,27.7,insee_stats_dep_2022
02232,Coyolles,366,02,32,15342.0,32.4,37.1,insee_stats_dep_2022
02233,Cramaille,127,02,32,18454.0,27.3,29.6,insee_stats_dep_2022
02234,Craonne,84,02,32,19358.0,26.1,27.7,insee_stats_dep_2022
02235,Craonnelle,119,02,32,22345.0,17.5,15.7,insee_stats_dep_2022
02236,Crécy-au-Mont,335,02,32,17186.0,26.2,25.6,insee_stats_dep_2022
02237,Crécy-sur-Serre,1472,02,32,22080.0,19.1,18.2,insee_stats_dep_2022
02238,Crépy,1812,02,32,12673.0,33.0,27.6,insee_stats_dep_2022
02239,Crézancy,1166,02,32,15436.0,30.9,30.5,insee_stats_dep_2022
02240,Croix-Fonsomme,183,02,32,23258.0,21.5,20.8,insee_stats_dep_2022
02241,La Croix-sur-Ourcq,87,02,32,19885.0,23.3,24.6,insee_stats_dep_2022
02242,Crouttes-sur-Marne,591,02,32,20613.0,21.5,21.8,insee_stats_dep_2022
02243,Crouy,3049,02,32,17731.0,26.2,23.3,insee_stats_dep_2022
02244,Crupilly,64,02,32,19156.0,23.5,25.8,insee_stats_dep_2022
02245,Cuffies,1733,02,32,16314.0,28.2,24.5,insee_stats_dep_2022
02246,Cugny,607,02,32,15119.0,29.3,28.6,insee_stats_dep_2022
02248,Cuirieux,152,02,32,17190.0,27.2,29.6,insee_stats_dep_2022
02249,Cuiry-Housse,102,02,32,21112.0,25.9,29.1,insee_stats_dep_2022
02250,Cuiry-lès-Chaudardes,84,02,32,16678.0,29.1,24.1,insee_stats_dep_2022
02251,Cuiry-lès-Iviers,28,02,32,20821.0,22.1,24.5,insee_stats_dep_2022
02252,Cuissy-et-Geny,72,02,32,20781.0,21.0,21.6,insee_stats_dep_2022
02253,Cuisy-en-Almont,361,02,32,21062.0,20.5,18.7,insee_stats_dep_2022
02254,Cutry,126,02,32,14924.0,28.9,29.6,insee_stats_dep_2022
02255,Cys-la-Commune,161,02,32,24423.0,16.6,13.3,insee_stats_dep_2022
02256,Dagny-Lambercy,123,02,32,16818.0,27.5,25.4,insee_stats_dep_2022
02257,Dallon,424,02,32,18494.0,23.9,27.9,insee_stats_dep_2022
02258,Dammard,378,02,32,18130.0,28.4,26.6,insee_stats_dep_2022
02259,Dampleux,370,02,32,15316.0,26.4,27.7,insee_stats_dep_2022
02260,Danizy,609,02,32,18967.0,22.4,21.9,insee_stats_dep_2022
02261,Dercy,392,02,32,21419.0,21.2,23.2,insee_stats_dep_2022
02262,Deuillet,208,02,32,17068.0,25.6,22.0,insee_stats_dep_2022
02263,Dhuizel,114,02,32,16111.0,25.5,25.2,insee_stats_dep_2022
02264,Dizy-le-Gros,717,02,32,17452.0,26.7,27.1,insee_stats_dep_2022
02265,Dohis,84,02,32,22476.0,23.1,18.7,insee_stats_dep_2022
02266,Dolignon,30,02,32,19132.0,23.4,19.7,insee_stats_dep_2022
02267,Dommiers,287,02,32,17973.0,24.8,23.5,insee_stats_dep_2022
02268,Domptin,654,02,32,17479.0,27.1,24.1,insee_stats_dep_2022
02269,Dorengt,148,02,32,15335.0,27.2,21.8,insee_stats_dep_2022
02270,Douchy,153,02,32,17362.0,27.1,24.9,insee_stats_dep_2022
02271,Dravegny,134,02,32,16236.0,32.7,38.3,insee_stats_dep_2022
02272,Droizy,75,02,32,14096.0,30.6,36.7,insee_stats_dep_2022
02273,Dury,191,02,32,16285.0,29.2,29.5,insee_stats_dep_2022
02274,Ébouleau,164,02,32,20301.0,22.7,19.6,insee_stats_dep_2022
02275,Effry,307,02,32,19370.0,24.8,28.9,insee_stats_dep_2022
02276,Englancourt,122,02,32,19071.0,26.3,24.2,insee_stats_dep_2022
02277,Épagny,337,02,32,19162.0,26.0,21.9,insee_stats_dep_2022
02278,Éparcy,38,02,32,18246.0,26.9,23.4,insee_stats_dep_2022
02279,Épaux-Bézu,534,02,32,11880.0,32.9,29.1,insee_stats_dep_2022
02280,Épieds,395,02,32,19523.0,28.8,26.2,insee_stats_dep_2022
02281,L'Épine-aux-Bois,241,02,32,18747.0,28.1,26.3,insee_stats_dep_2022
02282,Eppes,438,02,32,18210.0,23.5,20.2,insee_stats_dep_2022
02283,Erlon,278,02,32,18185.0,27.7,32.3,insee_stats_dep_2022
02284,Erloy,98,02,32,16938.0,23.7,23.9,insee_stats_dep_2022
02286,Esquéhéries,847,02,32,15937.0,28.5,33.2,insee_stats_dep_2022
02287,Essigny-le-Grand,1072,02,32,17076.0,29.8,31.8,insee_stats_dep_2022
02288,Essigny-le-Petit,345,02,32,24842.0,19.4,22.1,insee_stats_dep_2022
02289,Essises,399,02,32,20843.0,23.0,22.0,insee_stats_dep_2022
02290,Essômes-sur-Marne,2691,02,32,18423.0,25.0,26.3,insee_stats_dep_2022
02291,Estrées,408,02,32,16641.0,25.4,24.4,insee_stats_dep_2022
02292,Étampes-sur-Marne,1329,02,32,19592.0,24.5,29.3,insee_stats_dep_2022
02293,Étaves-et-Bocquiaux,543,02,32,15089.0,28.1,30.6,insee_stats_dep_2022
02294,Étouvelles,208,02,32,14916.0,31.9,37.6,insee_stats_dep_2022
02295,Étréaupont,839,02,32,16538.0,29.2,29.2,insee_stats_dep_2022
02296,Étreillers,1157,02,32,18379.0,24.0,24.7,insee_stats_dep_2022
02297,Étrépilly,125,02,32,18065.0,23.5,19.3,insee_stats_dep_2022
02298,Étreux,1436,02,32,16856.0,26.7,25.9,insee_stats_dep_2022
02299,Évergnicourt,522,02,32,11880.0,35.1,37.1,insee_stats_dep_2022
02302,Faverolles,363,02,32,13186.0,34.6,37.1,insee_stats_dep_2022
02303,Fayet,724,02,32,19328.0,25.5,26.7,insee_stats_dep_2022
02304,La Fère,2796,02,32,17050.0,27.9,31.4,insee_stats_dep_2022
02305,Fère-en-Tardenois,2836,02,32,17155.0,27.8,25.3,insee_stats_dep_2022
02306,La Ferté-Chevresis,526,02,32,14834.0,29.2,34.9,insee_stats_dep_2022
02307,La Ferté-Milon,2027,02,32,19318.0,25.9,22.2,insee_stats_dep_2022
02308,Fesmy-le-Sart,519,02,32,14850.0,29.5,30.0,insee_stats_dep_2022
02309,Festieux,704,02,32,13706.0,34.5,37.0,insee_stats_dep_2022
02310,Fieulaine,249,02,32,25013.0,18.3,17.0,insee_stats_dep_2022
02312,La Flamengrie,1103,02,32,17691.0,32.0,33.2,insee_stats_dep_2022
02313,Flavigny-le-Grand-et-Beaurain,420,02,32,18036.0,26.1,24.0,insee_stats_dep_2022
02315,Flavy-le-Martel,1701,02,32,19475.0,24.8,28.2,insee_stats_dep_2022
02316,Fleury,130,02,32,21045.0,21.4,17.6,insee_stats_dep_2022
02317,Fluquières,194,02,32,20266.0,25.2,21.5,insee_stats_dep_2022
02318,Folembray,1355,02,32,21165.0,23.9,20.9,insee_stats_dep_2022
02319,Fonsomme,518,02,32,15427.0,32.9,27.3,insee_stats_dep_2022
02320,Fontaine-lès-Clercs,232,02,32,14007.0,37.9,43.7,insee_stats_dep_2022
02321,Fontaine-lès-Vervins,862,02,32,21772.0,22.0,21.6,insee_stats_dep_2022
02322,Fontaine-Notre-Dame,378,02,32,18099.0,25.4,24.7,insee_stats_dep_2022
02323,Fontaine-Uterte,140,02,32,13363.0,33.2,32.9,insee_stats_dep_2022
02324,Fontenelle,280,02,32,20731.0,25.7,23.1,insee_stats_dep_2022
02326,Fontenoy,483,02,32,19563.0,23.5,23.6,insee_stats_dep_2022
02327,Foreste,166,02,32,16436.0,27.2,25.3,insee_stats_dep_2022
02328,Fossoy,535,02,32,17514.0,30.0,30.8,insee_stats_dep_2022
02329,Fourdrain,404,02,32,14663.0,31.1,29.1,insee_stats_dep_2022
02330,Francilly-Selency,463,02,32,19238.0,24.4,19.6,insee_stats_dep_2022
02331,Franqueville,106,02,32,13234.0,32.8,30.2,insee_stats_dep_2022
02332,Fresnes-en-Tardenois,272,02,32,20511.0,25.2,27.9,insee_stats_dep_2022
02333,Fresnes-sous-Coucy,160,02,32,16624.0,26.8,29.6,insee_stats_dep_2022
02334,Fresnoy-le-Grand,2890,02,32,19823.0,25.6,27.7,insee_stats_dep_2022
02335,Fressancourt,166,02,32,21695.0,18.8,15.2,insee_stats_dep_2022
02336,Frières-Faillouël,971,02,32,17490.0,23.9,23.8,insee_stats_dep_2022
02337,Froidestrées,198,02,32,17116.0,26.1,21.7,insee_stats_dep_2022
02338,Froidmont-Cohartille,236,02,32,19455.0,24.1,24.8,insee_stats_dep_2022
02339,Gandelu,683,02,32,18292.0,24.7,29.0,insee_stats_dep_2022
02340,Gauchy,5183,02,32,17908.0,28.0,32.5,insee_stats_dep_2022
02341,Gercy,258,02,32,20269.0,22.7,18.5,insee_stats_dep_2022
02342,Gergny,127,02,32,17782.0,24.6,23.1,insee_stats_dep_2022
02343,Germaine,84,02,32,15692.0,26.4,26.2,insee_stats_dep_2022
02345,Gibercourt,37,02,32,19354.0,26.8,31.2,insee_stats_dep_2022
02346,Gizy,630,02,32,17559.0,27.2,26.4,insee_stats_dep_2022
02347,Gland,425,02,32,13265.0,32.6,33.5,insee_stats_dep_2022
02349,Goudelancourt-lès-Berrieux,65,02,32,20074.0,22.8,19.8,insee_stats_dep_2022
02350,Goudelancourt-lès-Pierrepont,140,02,32,17545.0,27.8,25.3,insee_stats_dep_2022
02351,Goussancourt,120,02,32,17384.0,28.1,25.0,insee_stats_dep_2022
02352,Gouy,572,02,32,21470.0,19.5,15.8,insee_stats_dep_2022
02353,Grandlup-et-Fay,275,02,32,16277.0,28.5,33.3,insee_stats_dep_2022
02354,Grandrieux,80,02,32,25068.0,16.1,14.2,insee_stats_dep_2022
02355,Gricourt,1011,02,32,18065.0,23.2,23.4,insee_stats_dep_2022
02356,Grisolles,227,02,32,19275.0,22.2,20.1,insee_stats_dep_2022
02357,Gronard,56,02,32,14507.0,32.2,31.3,insee_stats_dep_2022
02358,Grougis,304,02,32,17035.0,27.5,23.2,insee_stats_dep_2022
02359,Grugies,1280,02,32,17908.0,24.6,25.0,insee_stats_dep_2022
02360,Villeneuve-sur-Aisne,2792,02,32,21095.0,22.5,21.2,insee_stats_dep_2022
02361,Guise,4490,02,32,19599.0,22.7,27.0,insee_stats_dep_2022
02362,Guivry,238,02,32,18085.0,24.6,28.0,insee_stats_dep_2022
02363,Guny,357,02,32,20086.0,22.4,18.5,insee_stats_dep_2022
02364,Guyencourt,244,02,32,15476.0,28.4,33.8,insee_stats_dep_2022
02366,Hannapes,320,02,32,13706.0,33.1,38.7,insee_stats_dep_2022
02367,Happencourt,179,02,32,12174.0,35.1,38.0,insee_stats_dep_2022
02368,Haramont,556,02,32,18813.0,25.4,20.9,insee_stats_dep_2022
02369,Harcigny,244,02,32,19224.0,26.4,22.7,insee_stats_dep_2022
02370,Hargicourt,545,02,32,16382.0,28.0,32.1,insee_stats_dep_2022
02371,Harly,1569,02,32,17695.0,26.1,28.3,insee_stats_dep_2022
02372,Hartennes-et-Taux,343,02,32,15983.0,30.2,26.0,insee_stats_dep_2022
02373,Hary,203,02,32,18059.0,26.3,25.3,insee_stats_dep_2022
02374,Lehaucourt,822,02,32,16834.0,29.8,31.4,insee_stats_dep_2022
02375,Hautevesnes,165,02,32,16157.0,31.8,33.1,insee_stats_dep_2022
02376,Hauteville,189,02,32,20576.0,23.4,25.7,insee_stats_dep_2022
02377,Haution,131,02,32,16441.0,28.9,31.7,insee_stats_dep_2022
02378,La Hérie,125,02,32,19857.0,22.5,18.5,insee_stats_dep_2022
02379,Le Hérie-la-Viéville,192,02,32,17657.0,27.1,31.0,insee_stats_dep_2022
02380,Hinacourt,28,02,32,14152.0,33.9,27.9,insee_stats_dep_2022
02381,Hirson,8469,02,32,20809.0,24.6,20.3,insee_stats_dep_2022
02382,Holnon,1343,02,32,11880.0,31.7,37.8,insee_stats_dep_2022
02383,Homblières,1412,02,32,20381.0,25.6,24.9,insee_stats_dep_2022
02384,Houry,57,02,32,12753.0,35.9,29.3,insee_stats_dep_2022
02385,Housset,170,02,32,20454.0,24.5,28.8,insee_stats_dep_2022
02386,Iron,224,02,32,15982.0,28.8,33.7,insee_stats_dep_2022
02387,Itancourt,999,02,32,16527.0,27.3,23.4,insee_stats_dep_2022
02388,Iviers,218,02,32,13103.0,35.2,38.1,insee_stats_dep_2022
02389,Jaulgonne,672,02,32,14819.0,30.8,34.5,insee_stats_dep_2022
02390,Jeancourt,251,02,32,17996.0,24.8,23.0,insee_stats_dep_2022
02391,Jeantes,229,02,32,17666.0,29.2,29.2,insee_stats_dep_2022
02392,Joncourt,328,02,32,24304.0,22.0,19.2,insee_stats_dep_2022
02393,Jouaignes,141,02,32,20126.0,21.7,24.7,insee_stats_dep_2022
02395,Jumencourt,120,02,32,15724.0,29.3,24.4,insee_stats_dep_2022
02396,Jumigny,60,02,32,19616.0,22.6,20.6,insee_stats_dep_2022
02397,Jussy,1153,02,32,14835.0,29.7,26.6,insee_stats_dep_2022
02398,Juvigny,288,02,32,22267.0,17.8,21.2,insee_stats_dep_2022
02399,Juvincourt-et-Damary,604,02,32,17066.0,26.0,31.2,insee_stats_dep_2022
02400,Laffaux,149,02,32,13523.0,32.2,28.4,insee_stats_dep_2022
02401,Laigny,189,02,32,22775.0,22.2,25.6,insee_stats_dep_2022
02402,Lanchy,38,02,32,19763.0,20.9,21.5,insee_stats_dep_2022
02403,Landifay-et-Bertaignemont,241,02,32,17540.0,27.9,23.9,insee_stats_dep_2022
02404,Landouzy-la-Cour,167,02,32,17307.0,26.0,21.5,insee_stats_dep_2022
02405,Landouzy-la-Ville,503,02,32,20300.0,19.9,19.5,insee_stats_dep_2022
02406,Landricourt,126,02,32,19290.0,29.0,32.0,insee_stats_dep_2022
02407,Laniscourt,216,02,32,22702.0,19.8,19.6,insee_stats_dep_2022
02408,Laon,24220,02,32,22572.0,22.0,25.1,insee_stats_dep_2022
02409,Lappion,283,02,32,19709.0,22.6,18.2,insee_stats_dep_2022
02410,Largny-sur-Automne,239,02,32,22111.0,17.1,13.9,insee_stats_dep_2022
02411,Latilly,198,02,32,22255.0,19.0,16.6,insee_stats_dep_2022
02412,Launoy,96,02,32,20645.0,22.5,20.9,insee_stats_dep_2022
02413,Laval-en-Laonnois,251,02,32,19607.0,27.1,22.3,insee_stats_dep_2022
02414,Lavaqueresse,203,02,32,19382.0,24.2,21.7,insee_stats_dep_2022
02415,Laversine,155,02,32,18648.0,26.3,23.1,insee_stats_dep_2022
02416,Lemé,409,02,32,23235.0,18.9,16.1,insee_stats_dep_2022
02417,Lempire,125,02,32,15498.0,29.4,29.4,insee_stats_dep_2022
02418,Lerzy,223,02,32,18712.0,28.4,24.6,insee_stats_dep_2022
02419,Leschelle,269,02,32,15736.0,30.5,25.1,insee_stats_dep_2022
02420,Lesdins,790,02,32,20588.0,19.6,20.2,insee_stats_dep_2022
02421,Lesges,83,02,32,17109.0,29.6,25.5,insee_stats_dep_2022
02422,Lesquielles-Saint-Germain,754,02,32,15511.0,33.3,29.1,insee_stats_dep_2022
02423,Leuilly-sous-Coucy,455,02,32,20956.0,25.9,21.4,insee_stats_dep_2022
02424,Leury,101,02,32,16499.0,28.6,25.4,insee_stats_dep_2022
02425,Leuze,190,02,32,23237.0,20.8,21.5,insee_stats_dep_2022
02426,Levergies,543,02,32,19126.0,26.1,31.0,insee_stats_dep_2022
02427,Lhuys,140,02,32,16622.0,26.9,23.6,insee_stats_dep_2022
02428,Licy-Clignon,65,02,32,19082.0,23.1,18.5,insee_stats_dep_2022
02429,Lierval,117,02,32,19419.0,27.0,24.9,insee_stats_dep_2022
02430,Liesse-Notre-Dame,1264,02,32,16267.0,28.8,34.2,insee_stats_dep_2022
02431,Liez,385,02,32,20727.0,23.4,20.2,insee_stats_dep_2022
02432,Limé,192,02,32,19948.0,24.8,28.7,insee_stats_dep_2022
02433,Lislet,220,02,32,21427.0,21.0,18.1,insee_stats_dep_2022
02435,Logny-lès-Aubenton,84,02,32,16342.0,28.5,31.0,insee_stats_dep_2022
02438,Longpont,249,02,32,15808.0,28.4,30.3,insee_stats_dep_2022
02439,Les Septvallons,1232,02,32,12886.0,31.2,29.5,insee_stats_dep_2022
02440,Lor,141,02,32,16733.0,30.7,35.4,insee_stats_dep_2022
02441,Louâtre,203,02,32,17186.0,25.1,28.8,insee_stats_dep_2022
02442,Loupeigne,85,02,32,22822.0,21.6,24.5,insee_stats_dep_2022
02443,Lucy-le-Bocage,202,02,32,15075.0,30.0,27.9,insee_stats_dep_2022
02444,Lugny,110,02,32,16127.0,27.6,28.8,insee_stats_dep_2022
02445,Luzoir,266,02,32,19538.0,23.6,23.2,insee_stats_dep_2022
02446,Ly-Fontaine,118,02,32,19510.0,25.1,26.7,insee_stats_dep_2022
02447,Maast-et-Violaine,126,02,32,19758.0,25.2,26.0,insee_stats_dep_2022
02448,Mâchecourt,108,02,32,15597.0,25.8,23.8,insee_stats_dep_2022
02449,Macogny,64,02,32,11880.0,33.1,30.9,insee_stats_dep_2022
02450,Macquigny,357,02,32,17597.0,24.9,21.3,insee_stats_dep_2022
02451,Magny-la-Fosse,122,02,32,15799.0,28.4,27.1,insee_stats_dep_2022
02452,Maissemy,232,02,32,15868.0,29.1,26.3,insee_stats_dep_2022
02453,Maizy,392,02,32,13359.0,31.0,31.8,insee_stats_dep_2022
02454,La Malmaison,403,02,32,19880.0,25.1,22.2,insee_stats_dep_2022
02455,Malzy,178,02,32,19002.0,22.3,21.1,insee_stats_dep_2022
02456,Manicamp,311,02,32,17073.0,27.2,30.5,insee_stats_dep_2022
02457,Marchais,389,02,32,17974.0,26.2,23.5,insee_stats_dep_2022
02458,Dhuys et Morin-en-Brie,821,02,32,20051.0,22.2,19.0,insee_stats_dep_2022
02459,Marcy,151,02,32,17615.0,25.4,26.5,insee_stats_dep_2022
02460,Marcy-sous-Marle,203,02,32,21850.0,21.7,21.1,insee_stats_dep_2022
02461,Marest-Dampcourt,341,02,32,16434.0,28.5,31.3,insee_stats_dep_2022
02462,Mareuil-en-Dôle,221,02,32,21004.0,23.7,19.9,insee_stats_dep_2022
02463,Marfontaine,83,02,32,24392.0,17.2,13.8,insee_stats_dep_2022
02464,Margival,377,02,32,19112.0,25.5,25.6,insee_stats_dep_2022
02465,Marigny-en-Orxois,530,02,32,22016.0,19.5,22.5,insee_stats_dep_2022
02466,Marizy-Sainte-Geneviève,125,02,32,21248.0,22.2,19.1,insee_stats_dep_2022
02467,Marizy-Saint-Mard,47,02,32,21834.0,19.6,18.5,insee_stats_dep_2022
02468,Marle,2229,02,32,24870.0,18.3,19.0,insee_stats_dep_2022
02469,Marly-Gomont,483,02,32,14971.0,29.6,28.5,insee_stats_dep_2022
02470,Martigny,410,02,32,20140.0,22.4,25.0,insee_stats_dep_2022
02471,Martigny-Courpierre,130,02,32,19420.0,21.7,23.1,insee_stats_dep_2022
02472,Mauregny-en-Haye,398,02,32,15778.0,28.7,31.3,insee_stats_dep_2022
02473,Mayot,207,02,32,18967.0,23.9,19.9,insee_stats_dep_2022
02474,Mennessis,419,02,32,13514.0,33.2,31.9,insee_stats_dep_2022
02476,Mennevret,637,02,32,23418.0,20.9,23.4,insee_stats_dep_2022
02477,Mercin-et-Vaux,935,02,32,16228.0,29.3,28.8,insee_stats_dep_2022
02478,Merlieux-et-Fouquerolles,253,02,32,19740.0,25.5,22.8,insee_stats_dep_2022
02480,Mesbrecourt-Richecourt,320,02,32,19140.0,26.8,24.5,insee_stats_dep_2022
02481,Mesnil-Saint-Laurent,435,02,32,19440.0,24.3,22.0,insee_stats_dep_2022
02482,Meurival,56,02,32,18150.0,26.0,25.0,insee_stats_dep_2022
02483,Mézières-sur-Oise,507,02,32,17908.0,25.5,22.9,insee_stats_dep_2022
02484,Mézy-Moulins,558,02,32,17349.0,27.7,28.6,insee_stats_dep_2022
02485,Missy-aux-Bois,100,02,32,19564.0,28.4,33.5,insee_stats_dep_2022
02486,Missy-lès-Pierrepont,107,02,32,23913.0,17.1,19.6,insee_stats_dep_2022
02487,Missy-sur-Aisne,625,02,32,18944.0,22.0,26.3,insee_stats_dep_2022
02488,Molain,161,02,32,20563.0,25.0,23.9,insee_stats_dep_2022
02489,Molinchart,359,02,32,18834.0,25.6,25.0,insee_stats_dep_2022
02490,Monampteuil,122,02,32,23613.0,20.7,23.1,insee_stats_dep_2022
02491,Monceau-le-Neuf-et-Faucouzy,320,02,32,12455.0,31.9,27.3,insee_stats_dep_2022
02492,Monceau-lès-Leups,426,02,32,21046.0,24.2,21.2,insee_stats_dep_2022
02493,Monceau-le-Waast,211,02,32,17671.0,27.0,30.5,insee_stats_dep_2022
02494,Monceau-sur-Oise,132,02,32,19235.0,22.9,23.1,insee_stats_dep_2022
02495,Mondrepuis,1028,02,32,19432.0,23.1,25.6,insee_stats_dep_2022
02496,Monnes,90,02,32,18158.0,28.0,28.2,insee_stats_dep_2022
02497,Mons-en-Laonnois,1146,02,32,20285.0,23.9,22.8,insee_stats_dep_2022
02498,Montaigu,766,02,32,20824.0,26.1,22.8,insee_stats_dep_2022
02499,Montbavin,39,02,32,20716.0,23.7,23.4,insee_stats_dep_2022
02500,Montbrehain,816,02,32,18422.0,27.0,31.1,insee_stats_dep_2022
02501,Montchâlons,63,02,32,16731.0,30.8,28.4,insee_stats_dep_2022
02502,Montcornet,1207,02,32,13317.0,29.9,24.5,insee_stats_dep_2022
02503,Mont-d'Origny,839,02,32,18032.0,25.6,22.4,insee_stats_dep_2022
02504,Montescourt-Lizerolles,1606,02,32,21209.0,20.3,19.2,insee_stats_dep_2022
02505,Montfaucon,209,02,32,17706.0,28.8,33.9,insee_stats_dep_2022
02506,Montgobert,200,02,32,15980.0,29.4,25.0,insee_stats_dep_2022
02507,Montgru-Saint-Hilaire,30,02,32,22801.0,16.5,16.6,insee_stats_dep_2022
02508,Monthenault,140,02,32,17157.0,25.8,29.4,insee_stats_dep_2022
02509,Monthiers,157,02,32,18246.0,25.6,20.5,insee_stats_dep_2022
02510,Monthurel,135,02,32,14042.0,36.7,31.3,insee_stats_dep_2022
02511,Montigny-en-Arrouaise,317,02,32,23593.0,21.8,21.4,insee_stats_dep_2022
02512,Montigny-l'Allier,273,02,32,17525.0,22.8,21.2,insee_stats_dep_2022
02513,Montigny-le-Franc,141,02,32,16006.0,30.5,32.5,insee_stats_dep_2022
02514,Montigny-Lengrain,674,02,32,16807.0,29.3,25.6,insee_stats_dep_2022
02515,Montigny-lès-Condé,51,02,32,22210.0,21.6,20.3,insee_stats_dep_2022
02516,Montigny-sous-Marle,71,02,32,20478.0,23.7,19.8,insee_stats_dep_2022
02517,Montigny-sur-Crécy,306,02,32,21094.0,21.7,23.7,insee_stats_dep_2022
02518,Montlevon,279,02,32,17607.0,26.1,24.3,insee_stats_dep_2022
02519,Montloué,193,02,32,22268.0,22.3,22.1,insee_stats_dep_2022
02520,Mont-Notre-Dame,751,02,32,17645.0,27.9,31.4,insee_stats_dep_2022
02521,Montreuil-aux-Lions,1305,02,32,11880.0,38.4,45.1,insee_stats_dep_2022
02522,Mont-Saint-Jean,79,02,32,18166.0,25.8,23.1,insee_stats_dep_2022
02523,Mont-Saint-Martin,70,02,32,11880.0,29.5,25.9,insee_stats_dep_2022
02524,Mont-Saint-Père,684,02,32,12630.0,35.6,41.8,insee_stats_dep_2022
02525,Morcourt,544,02,32,17723.0,27.8,30.6,insee_stats_dep_2022
02526,Morgny-en-Thiérache,98,02,32,13844.0,34.3,31.0,insee_stats_dep_2022
02527,Morsain,469,02,32,20214.0,25.0,22.1,insee_stats_dep_2022
02528,Mortefontaine,208,02,32,15621.0,25.0,25.0,insee_stats_dep_2022
02529,Mortiers,185,02,32,13230.0,34.5,35.9,insee_stats_dep_2022
02530,Moulins,74,02,32,20033.0,23.5,25.3,insee_stats_dep_2022
02531,Moussy-Verneuil,141,02,32,26221.0,17.8,15.0,insee_stats_dep_2022
02532,Moÿ-de-l'Aisne,994,02,32,21042.0,20.4,24.4,insee_stats_dep_2022
02533,Muret-et-Crouttes,117,02,32,16298.0,24.2,28.8,insee_stats_dep_2022
02534,Muscourt,44,02,32,18538.0,28.2,33.6,insee_stats_dep_2022
02535,Nampcelles-la-Cour,115,02,32,16158.0,30.3,27.9,insee_stats_dep_2022
02536,Nampteuil-sous-Muret,88,02,32,15557.0,24.0,20.5,insee_stats_dep_2022
02537,Nanteuil-la-Fosse,186,02,32,19088.0,28.6,32.5,insee_stats_dep_2022
02538,Nanteuil-Notre-Dame,86,02,32,19800.0,22.1,24.9,insee_stats_dep_2022
02539,Nauroy,659,02,32,18995.0,22.7,18.6,insee_stats_dep_2022
02540,Nesles-la-Montagne,1189,02,32,19665.0,22.1,21.8,insee_stats_dep_2022
02541,Neufchâtel-sur-Aisne,424,02,32,18632.0,25.3,25.9,insee_stats_dep_2022
02542,Neuflieux,80,02,32,17419.0,24.6,26.6,insee_stats_dep_2022
02543,Neuilly-Saint-Front,1943,02,32,15372.0,29.3,25.5,insee_stats_dep_2022
02544,Neuve-Maison,602,02,32,19107.0,21.6,22.8,insee_stats_dep_2022
02545,La Neuville-Bosmont,187,02,32,13830.0,31.2,29.2,insee_stats_dep_2022
02546,La Neuville-en-Beine,197,02,32,17134.0,28.4,30.2,insee_stats_dep_2022
02547,La Neuville-Housset,61,02,32,19569.0,24.1,19.4,insee_stats_dep_2022
02548,La Neuville-lès-Dorengt,394,02,32,21469.0,20.3,16.5,insee_stats_dep_2022
02549,Neuville-Saint-Amand,848,02,32,19693.0,23.9,25.6,insee_stats_dep_2022
02550,Neuville-sur-Ailette,121,02,32,18727.0,25.0,27.5,insee_stats_dep_2022
02551,Neuville-sur-Margival,116,02,32,13960.0,30.2,25.8,insee_stats_dep_2022
02552,Neuvillette,170,02,32,18480.0,22.8,18.5,insee_stats_dep_2022
02553,Nizy-le-Comte,225,02,32,22035.0,24.5,25.9,insee_stats_dep_2022
02554,Nogentel,1106,02,32,18196.0,27.1,26.8,insee_stats_dep_2022
02555,Nogent-l'Artaud,2134,02,32,20909.0,20.6,23.7,insee_stats_dep_2022
02556,Noircourt,68,02,32,17552.0,25.8,28.6,insee_stats_dep_2022
02557,Noroy-sur-Ourcq,124,02,32,18476.0,24.6,21.9,insee_stats_dep_2022
02558,Le Nouvion-en-Thiérache,2468,02,32,17126.0,27.6,26.0,insee_stats_dep_2022
02559,Nouvion-et-Catillon,527,02,32,14757.0,26.9,32.0,insee_stats_dep_2022
02560,Nouvion-le-Comte,239,02,32,16996.0,26.2,28.0,insee_stats_dep_2022
02561,Nouvion-le-Vineux,143,02,32,20121.0,23.2,22.0,insee_stats_dep_2022
02562,Nouvron-Vingré,202,02,32,24224.0,13.7,14.1,insee_stats_dep_2022
02563,Noyales,132,02,32,20852.0,18.1,16.2,insee_stats_dep_2022
02564,Bernoy-le-Château,825,02,32,17519.0,26.6,27.0,insee_stats_dep_2022
02565,Œuilly,293,02,32,19743.0,24.0,26.7,insee_stats_dep_2022
02566,Ognes,1109,02,32,14954.0,32.0,28.5,insee_stats_dep_2022
02567,Ohis,269,02,32,15141.0,31.2,25.9,insee_stats_dep_2022
02568,Oigny-en-Valois,176,02,32,19986.0,19.8,17.4,insee_stats_dep_2022
02569,Oisy,438,02,32,17796.0,26.5,23.8,insee_stats_dep_2022
02570,Ollezy,169,02,32,14945.0,29.6,34.8,insee_stats_dep_2022
02571,Omissy,660,02,32,21572.0,21.5,24.3,insee_stats_dep_2022
02572,Orainville,490,02,32,16835.0,27.8,31.0,insee_stats_dep_2022
02573,Orgeval,53,02,32,21807.0,19.6,17.2,insee_stats_dep_2022
02574,Origny-en-Thiérache,1354,02,32,21481.0,19.2,17.1,insee_stats_dep_2022
02575,Origny-Sainte-Benoite,1587,02,32,16485.0,25.8,20.7,insee_stats_dep_2022
02576,Osly-Courtil,325,02,32,16288.0,29.1,26.0,insee_stats_dep_2022
02577,Ostel,92,02,32,17957.0,24.9,22.6,insee_stats_dep_2022
02578,Oulches-la-Vallée-Foulon,80,02,32,24277.0,18.7,16.4,insee_stats_dep_2022
02579,Oulchy-la-Ville,131,02,32,20341.0,19.5,17.5,insee_stats_dep_2022
02580,Oulchy-le-Château,785,02,32,16845.0,26.1,28.0,insee_stats_dep_2022
02581,Paars,309,02,32,19002.0,26.4,25.2,insee_stats_dep_2022
02582,Paissy,80,02,32,15540.0,26.8,30.9,insee_stats_dep_2022
02583,Pancy-Courtecon,60,02,32,20526.0,23.2,23.2,insee_stats_dep_2022
02584,Papleux,114,02,32,17873.0,26.2,28.0,insee_stats_dep_2022
02585,Parcy-et-Tigny,245,02,32,20940.0,19.7,23.1,insee_stats_dep_2022
02586,Parfondeval,143,02,32,14504.0,28.5,27.2,insee_stats_dep_2022
02587,Parfondru,353,02,32,11917.0,31.2,26.2,insee_stats_dep_2022
02588,Pargnan,66,02,32,15864.0,28.2,24.9,insee_stats_dep_2022
02589,Pargny-et-Filain,367,02,32,16546.0,28.3,25.9,insee_stats_dep_2022
02590,Pargny-la-Dhuys,174,02,32,13699.0,32.9,33.2,insee_stats_dep_2022
02591,Pargny-les-Bois,142,02,32,24403.0,16.2,18.4,insee_stats_dep_2022
02592,Parpeville,191,02,32,20054.0,23.0,24.3,insee_stats_dep_2022
02593,Pasly,1100,02,32,22120.0,20.3,19.8,insee_stats_dep_2022
02594,Passy-en-Valois,131,02,32,20614.0,23.7,22.0,insee_stats_dep_2022
02595,Passy-sur-Marne,139,02,32,11880.0,32.5,27.5,insee_stats_dep_2022
02596,Pavant,745,02,32,20560.0,22.4,26.3,insee_stats_dep_2022
02598,Pernant,682,02,32,15894.0,30.4,32.7,insee_stats_dep_2022
02599,Pierremande,250,02,32,20157.0,22.7,26.5,insee_stats_dep_2022
02600,Pierrepont,341,02,32,20257.0,22.3,19.8,insee_stats_dep_2022
02601,Pignicourt,173,02,32,19765.0,21.0,23.6,insee_stats_dep_2022
02602,Pinon,1637,02,32,19346.0,21.4,24.7,insee_stats_dep_2022
02604,Pithon,78,02,32,16454.0,28.1,28.6,insee_stats_dep_2022
02605,Pleine-Selve,186,02,32,17735.0,28.1,26.4,insee_stats_dep_2022
02606,Le Plessier-Huleu,93,02,32,26817.0,12.9,10.7,insee_stats_dep_2022
02607,Ploisy,100,02,32,13416.0,31.9,33.8,insee_stats_dep_2022
02608,Plomion,432,02,32,25833.0,18.6,20.8,insee_stats_dep_2022
02609,Ployart-et-Vaurseine,24,02,32,12786.0,33.2,28.0,insee_stats_dep_2022
02610,Pommiers,726,02,32,17584.0,25.3,23.6,insee_stats_dep_2022
02612,Pont-Arcy,115,02,32,21313.0,20.4,21.2,insee_stats_dep_2022
02613,Pontavert,605,02,32,17270.0,25.1,29.0,insee_stats_dep_2022
02614,Pontru,290,02,32,17594.0,29.7,35.2,insee_stats_dep_2022
02615,Pontruet,353,02,32,19732.0,22.3,25.8,insee_stats_dep_2022
02616,Pont-Saint-Mard,176,02,32,18122.0,27.1,22.8,insee_stats_dep_2022
02617,Pouilly-sur-Serre,490,02,32,20004.0,24.0,22.9,insee_stats_dep_2022
02618,Prémont,683,02,32,17845.0,23.0,22.2,insee_stats_dep_2022
02619,Prémontré,594,02,32,20770.0,21.7,25.2,insee_stats_dep_2022
02620,Presles-et-Boves,320,02,32,24071.0,21.4,18.9,insee_stats_dep_2022
02621,Presles-et-Thierny,401,02,32,14773.0,28.1,23.4,insee_stats_dep_2022
02622,Priez,56,02,32,21763.0,20.4,18.1,insee_stats_dep_2022
02623,Prisces,94,02,32,17913.0,25.3,22.8,insee_stats_dep_2022
02624,Proisy,276,02,32,14572.0,33.5,39.6,insee_stats_dep_2022
02625,Proix,146,02,32,20638.0,24.9,20.4,insee_stats_dep_2022
02626,Prouvais,346,02,32,18021.0,22.3,25.9,insee_stats_dep_2022
02627,Proviseux-et-Plesnoy,136,02,32,20278.0,23.8,25.7,insee_stats_dep_2022
02628,Puiseux-en-Retz,219,02,32,16950.0,28.2,26.5,insee_stats_dep_2022
02629,Puisieux-et-Clanlieu,331,02,32,18030.0,25.9,29.7,insee_stats_dep_2022
02631,Quierzy,428,02,32,19679.0,24.3,19.8,insee_stats_dep_2022
02632,Quincy-Basse,53,02,32,24799.0,17.5,14.0,insee_stats_dep_2022
02633,Quincy-sous-le-Mont,62,02,32,16063.0,28.7,29.9,insee_stats_dep_2022
02634,Raillimont,89,02,32,18286.0,28.5,32.5,insee_stats_dep_2022
02635,Ramicourt,146,02,32,13535.0,34.2,39.2,insee_stats_dep_2022
02636,Regny,187,02,32,22858.0,20.0,21.9,insee_stats_dep_2022
02637,Remaucourt,265,02,32,19571.0,18.4,19.4,insee_stats_dep_2022
02638,Remies,241,02,32,19837.0,22.7,24.8,insee_stats_dep_2022
02639,Remigny,339,02,32,19202.0,26.1,26.3,insee_stats_dep_2022
02640,Renansart,144,02,32,20125.0,22.2,24.8,insee_stats_dep_2022
02641,Renneval,135,02,32,15617.0,25.6,26.0,insee_stats_dep_2022
02642,Résigny,157,02,32,17006.0,27.6,25.0,insee_stats_dep_2022
02643,Ressons-le-Long,790,02,32,21898.0,19.9,18.0,insee_stats_dep_2022
02644,Retheuil,360,02,32,21653.0,23.3,27.4,insee_stats_dep_2022
02645,Reuilly-Sauvigny,225,02,32,20572.0,21.7,20.7,insee_stats_dep_2022
02647,Ribeauville,86,02,32,20224.0,24.8,20.1,insee_stats_dep_2022
02648,Ribemont,1931,02,32,17152.0,25.5,25.8,insee_stats_dep_2022
02649,Rocourt-Saint-Martin,299,02,32,17527.0,27.9,22.6,insee_stats_dep_2022
02650,Rocquigny,359,02,32,19486.0,25.9,27.8,insee_stats_dep_2022
02651,Rogécourt,88,02,32,20402.0,22.9,19.7,insee_stats_dep_2022
02652,Rogny,95,02,32,20507.0,23.6,19.0,insee_stats_dep_2022
02653,Romeny-sur-Marne,450,02,32,22085.0,21.2,19.6,insee_stats_dep_2022
02654,Romery,83,02,32,18797.0,25.2,26.6,insee_stats_dep_2022
02655,Ronchères,155,02,32,18394.0,24.3,25.9,insee_stats_dep_2022
02656,Roucy,365,02,32,12336.0,28.7,25.4,insee_stats_dep_2022
02657,Rougeries,200,02,32,17182.0,28.4,29.8,insee_stats_dep_2022
02658,Roupy,237,02,32,19077.0,26.2,27.8,insee_stats_dep_2022
02659,Rouvroy,506,02,32,23116.0,20.6,17.2,insee_stats_dep_2022
02660,Rouvroy-sur-Serre,45,02,32,16456.0,25.6,21.0,insee_stats_dep_2022
02661,Royaucourt-et-Chailvet,226,02,32,19695.0,22.6,21.5,insee_stats_dep_2022
02662,Rozet-Saint-Albin,335,02,32,22580.0,18.9,18.3,insee_stats_dep_2022
02663,Rozières-sur-Crise,239,02,32,17541.0,27.6,30.3,insee_stats_dep_2022
02664,Rozoy-Bellevalle,122,02,32,19182.0,25.1,22.6,insee_stats_dep_2022
02665,Grand-Rozoy,299,02,32,17866.0,27.2,21.8,insee_stats_dep_2022
02666,Rozoy-sur-Serre,917,02,32,15656.0,28.1,28.4,insee_stats_dep_2022
02667,Saconin-et-Breuil,202,02,32,18536.0,26.7,27.7,insee_stats_dep_2022
02668,Sains-Richaumont,923,02,32,23041.0,21.2,19.4,insee_stats_dep_2022
02670,Saint-Algis,148,02,32,20285.0,24.3,24.6,insee_stats_dep_2022
02671,Saint-Aubin,276,02,32,19371.0,23.3,25.2,insee_stats_dep_2022
02672,Saint-Bandry,234,02,32,16541.0,28.6,25.1,insee_stats_dep_2022
02673,Saint-Christophe-à-Berry,441,02,32,20317.0,23.1,27.1,insee_stats_dep_2022
02674,Saint-Clément,44,02,32,18445.0,23.0,19.0,insee_stats_dep_2022
02675,Sainte-Croix,127,02,32,20032.0,26.5,25.0,insee_stats_dep_2022
02676,Saint-Erme-Outre-et-Ramecourt,1697,02,32,20078.0,23.9,20.0,insee_stats_dep_2022
02677,Saint-Eugène,232,02,32,21483.0,23.1,27.0,insee_stats_dep_2022
02678,Sainte-Geneviève,73,02,32,19859.0,22.6,23.5,insee_stats_dep_2022
02679,Saint-Gengoulph,152,02,32,23366.0,21.0,17.1,insee_stats_dep_2022
02680,Saint-Gobain,2288,02,32,18472.0,25.5,29.9,insee_stats_dep_2022
02681,Saint-Gobert,281,02,32,19064.0,25.8,27.8,insee_stats_dep_2022
02682,Saint-Mard,116,02,32,24194.0,16.0,17.1,insee_stats_dep_2022
02683,Saint-Martin-Rivière,118,02,32,24138.0,20.5,17.3,insee_stats_dep_2022
02684,Saint-Michel,3199,02,32,19169.0,19.8,21.1,insee_stats_dep_2022
02685,Saint-Nicolas-aux-Bois,110,02,32,14703.0,32.5,31.2,insee_stats_dep_2022
02686,Saint-Paul-aux-Bois,370,02,32,14997.0,28.6,32.9,insee_stats_dep_2022
02687,Saint-Pierre-Aigle,328,02,32,23575.0,19.5,21.6,insee_stats_dep_2022
02688,Saint-Pierre-lès-Franqueville,39,02,32,19566.0,24.6,25.6,insee_stats_dep_2022
02689,Saint-Pierremont,41,02,32,13078.0,36.6,31.2,insee_stats_dep_2022
02690,Sainte-Preuve,67,02,32,19814.0,25.8,21.6,insee_stats_dep_2022
02691,Saint-Quentin,52813,02,32,21918.0,21.9,19.6,insee_stats_dep_2022
02693,Saint-Rémy-Blanzy,226,02,32,14231.0,29.9,26.9,insee_stats_dep_2022
02694,Saint-Simon,593,02,32,19410.0,24.8,27.4,insee_stats_dep_2022
02696,Saint-Thomas,71,02,32,18007.0,24.1,19.7,insee_stats_dep_2022
02697,Samoussy,384,02,32,17387.0,27.9,27.1,insee_stats_dep_2022
02698,Sancy-les-Cheminots,101,02,32,14248.0,30.9,35.6,insee_stats_dep_2022
02699,Saponay,266,02,32,20950.0,20.4,19.5,insee_stats_dep_2022
02701,Saulchery,687,02,32,16144.0,28.2,30.1,insee_stats_dep_2022
02702,Savy,618,02,32,15279.0,30.1,32.0,insee_stats_dep_2022
02703,Seboncourt,1087,02,32,12539.0,35.0,38.8,insee_stats_dep_2022
02704,Selens,202,02,32,22512.0,19.1,16.7,insee_stats_dep_2022
02705,La Selve,201,02,32,18969.0,28.9,25.6,insee_stats_dep_2022
02706,Septmonts,576,02,32,18505.0,30.0,24.0,insee_stats_dep_2022
02707,Septvaux,179,02,32,19078.0,24.2,21.8,insee_stats_dep_2022
02708,Sequehart,219,02,32,17702.0,26.8,29.3,insee_stats_dep_2022
02709,Serain,380,02,32,20998.0,20.0,21.4,insee_stats_dep_2022
02710,Seraucourt-le-Grand,706,02,32,13169.0,28.6,32.7,insee_stats_dep_2022
02711,Serches,273,02,32,11880.0,33.1,38.4,insee_stats_dep_2022
02712,Sergy,139,02,32,16171.0,31.9,30.4,insee_stats_dep_2022
02713,Seringes-et-Nesles,273,02,32,17006.0,28.0,24.8,insee_stats_dep_2022
02714,Sermoise,340,02,32,24379.0,19.7,18.2,insee_stats_dep_2022
02715,Serval,42,02,32,15669.0,31.5,37.3,insee_stats_dep_2022
02716,Servais,287,02,32,18662.0,26.2,31.3,insee_stats_dep_2022
02717,Séry-lès-Mézières,601,02,32,12293.0,32.8,35.7,insee_stats_dep_2022
02718,Silly-la-Poterie,112,02,32,15871.0,25.2,26.8,insee_stats_dep_2022
02719,Sinceny,2005,02,32,19285.0,24.4,26.7,insee_stats_dep_2022
02720,Sissonne,2065,02,32,17364.0,28.0,29.7,insee_stats_dep_2022
02721,Sissy,505,02,32,19133.0,26.8,31.0,insee_stats_dep_2022
02722,Soissons,28046,02,32,23852.0,20.8,23.7,insee_stats_dep_2022
02723,Soize,95,02,32,15238.0,29.1,32.2,insee_stats_dep_2022
02724,Sommelans,56,02,32,16246.0,27.9,27.2,insee_stats_dep_2022
02725,Sommeron,134,02,32,14571.0,29.0,28.1,insee_stats_dep_2022
02726,Sommette-Eaucourt,178,02,32,15658.0,27.2,32.4,insee_stats_dep_2022
02727,Sons-et-Ronchères,205,02,32,18026.0,24.2,21.5,insee_stats_dep_2022
02728,Sorbais,266,02,32,18837.0,25.9,25.3,insee_stats_dep_2022
02729,Soucy,74,02,32,18266.0,28.3,23.0,insee_stats_dep_2022
02730,Soupir,272,02,32,21921.0,24.5,27.1,insee_stats_dep_2022
02731,Le Sourd,155,02,32,17090.0,22.6,21.6,insee_stats_dep_2022
02732,Surfontaine,92,02,32,12673.0,26.6,22.8,insee_stats_dep_2022
02734,Taillefontaine,257,02,32,22112.0,23.8,26.1,insee_stats_dep_2022
02735,Tannières,16,02,32,21965.0,22.9,25.6,insee_stats_dep_2022
02736,Tartiers,162,02,32,17167.0,25.3,23.7,insee_stats_dep_2022
02737,Tavaux-et-Pontséricourt,543,02,32,19701.0,27.7,23.8,insee_stats_dep_2022
02738,Tergnier,13045,02,32,21956.0,21.5,21.0,insee_stats_dep_2022
02739,Terny-Sorny,317,02,32,21274.0,22.5,23.3,insee_stats_dep_2022
02740,Thenailles,220,02,32,14834.0,31.3,35.8,insee_stats_dep_2022
02741,Thenelles,541,02,32,25389.0,16.2,13.8,insee_stats_dep_2022
02742,Thiernu,122,02,32,14000.0,29.7,30.1,insee_stats_dep_2022
02743,Le Thuel,158,02,32,19850.0,20.7,18.7,insee_stats_dep_2022
02744,Torcy-en-Valois,81,02,32,13406.0,34.4,31.1,insee_stats_dep_2022
02745,Toulis-et-Attencourt,110,02,32,18670.0,24.9,24.1,insee_stats_dep_2022
02746,Travecy,685,02,32,17011.0,29.0,29.6,insee_stats_dep_2022
02747,Trefcon,80,02,32,21891.0,21.3,21.3,insee_stats_dep_2022
02748,Trélou-sur-Marne,952,02,32,15890.0,28.6,26.3,insee_stats_dep_2022
02749,Troësnes,207,02,32,17101.0,26.5,27.6,insee_stats_dep_2022
02750,Trosly-Loire,541,02,32,16026.0,26.4,30.8,insee_stats_dep_2022
02751,Trucy,139,02,32,22035.0,20.9,17.2,insee_stats_dep_2022
02752,Tugny-et-Pont,282,02,32,16652.0,30.4,35.7,insee_stats_dep_2022
02753,Tupigny,341,02,32,17778.0,28.3,28.7,insee_stats_dep_2022
02754,Ugny-le-Gay,187,02,32,21792.0,23.5,27.1,insee_stats_dep_2022
02755,Urcel,534,02,32,20776.0,23.2,27.0,insee_stats_dep_2022
02756,Urvillers,687,02,32,20588.0,23.0,22.4,insee_stats_dep_2022
02757,Vadencourt,505,02,32,21305.0,25.1,29.1,insee_stats_dep_2022
02758,Vailly-sur-Aisne,2050,02,32,20502.0,23.5,20.6,insee_stats_dep_2022
02759,La Vallée-au-Blé,355,02,32,21009.0,22.8,24.1,insee_stats_dep_2022
02760,La Vallée-Mulâtre,152,02,32,20707.0,22.9,24.2,insee_stats_dep_2022
02761,Variscourt,217,02,32,19224.0,24.4,26.9,insee_stats_dep_2022
02762,Vassens,172,02,32,16559.0,28.2,29.1,insee_stats_dep_2022
02763,Vasseny,197,02,32,23443.0,18.7,19.4,insee_stats_dep_2022
02764,Vassogne,92,02,32,17954.0,30.0,25.8,insee_stats_dep_2022
02765,Vaucelles-et-Beffecourt,230,02,32,18002.0,26.1,30.5,insee_stats_dep_2022
02766,Vaudesson,237,02,32,22997.0,19.3,19.9,insee_stats_dep_2022
02767,Vauxrezis,323,02,32,18091.0,26.3,26.9,insee_stats_dep_2022
02768,Vauxaillon,498,02,32,14874.0,28.7,26.1,insee_stats_dep_2022
02769,Vaux-Andigny,924,02,32,17445.0,28.4,26.1,insee_stats_dep_2022
02770,Vauxbuin,763,02,32,19556.0,24.9,22.5,insee_stats_dep_2022
02772,Vaux-en-Vermandois,142,02,32,19521.0,23.1,22.7,insee_stats_dep_2022
02773,Vauxtin,43,02,32,23748.0,20.7,22.1,insee_stats_dep_2022
02774,Vendelles,123,02,32,18011.0,29.0,23.3,insee_stats_dep_2022
02775,Vendeuil,923,02,32,22450.0,18.5,20.3,insee_stats_dep_2022
02776,Vendhuile,585,02,32,18600.0,27.5,24.6,insee_stats_dep_2022
02777,Vendières,133,02,32,17216.0,27.1,24.1,insee_stats_dep_2022
02778,Vendresse-Beaulne,101,02,32,22358.0,17.4,14.2,insee_stats_dep_2022
02779,Vénérolles,229,02,32,24143.0,18.9,22.6,insee_stats_dep_2022
02780,Venizel,1324,02,32,19947.0,21.4,21.0,insee_stats_dep_2022
02781,Verdilly,443,02,32,15467.0,32.3,34.5,insee_stats_dep_2022
02782,Le Verguier,212,02,32,19963.0,27.2,25.6,insee_stats_dep_2022
02783,Grand-Verly,124,02,32,15834.0,29.8,34.4,insee_stats_dep_2022
02784,Petit-Verly,155,02,32,15055.0,27.0,24.1,insee_stats_dep_2022
02785,Vermand,1104,02,32,22294.0,24.7,26.2,insee_stats_dep_2022
02786,Verneuil-sous-Coucy,139,02,32,22721.0,19.5,22.0,insee_stats_dep_2022
02787,Verneuil-sur-Serre,249,02,32,17193.0,25.5,24.0,insee_stats_dep_2022
02788,Versigny,470,02,32,18829.0,24.6,21.0,insee_stats_dep_2022
02789,Vervins,2549,02,32,21005.0,22.5,25.8,insee_stats_dep_2022
02790,Vesles-et-Caumont,235,02,32,20121.0,26.4,22.9,insee_stats_dep_2022
02791,Veslud,270,02,32,19958.0,25.3,27.8,insee_stats_dep_2022
02792,Veuilly-la-Poterie,155,02,32,19071.0,23.2,23.8,insee_stats_dep_2022
02793,Vézaponin,113,02,32,13580.0,31.0,35.7,insee_stats_dep_2022
02794,Vézilly,181,02,32,16213.0,23.9,23.7,insee_stats_dep_2022
02795,Vic-sur-Aisne,1608,02,32,17196.0,28.9,34.2,insee_stats_dep_2022
02796,Vichel-Nanteuil,93,02,32,18024.0,27.3,25.9,insee_stats_dep_2022
02797,Viel-Arcy,166,02,32,20597.0,24.3,25.7,insee_stats_dep_2022
02798,Viels-Maisons,1192,02,32,19407.0,25.5,23.2,insee_stats_dep_2022
02799,Vierzy,384,02,32,20117.0,21.8,25.6,insee_stats_dep_2022
02800,Viffort,310,02,32,17702.0,26.6,25.5,insee_stats_dep_2022
02801,Vigneux-Hocquet,262,02,32,19692.0,19.3,22.8,insee_stats_dep_2022
02802,La Ville-aux-Bois-lès-Dizy,204,02,32,15900.0,29.5,29.5,insee_stats_dep_2022
02803,La Ville-aux-Bois-lès-Pontavert,150,02,32,11880.0,36.1,43.0,insee_stats_dep_2022
02804,Villemontoire,219,02,32,16567.0,26.5,24.9,insee_stats_dep_2022
02805,Villeneuve-Saint-Germain,2616,02,32,20550.0,25.6,24.8,insee_stats_dep_2022
02806,Villeneuve-sur-Fère,277,02,32,16327.0,29.9,24.0,insee_stats_dep_2022
02807,Villequier-Aumont,684,02,32,17138.0,29.8,31.8,insee_stats_dep_2022
02808,Villeret,263,02,32,19097.0,25.8,29.2,insee_stats_dep_2022
02809,Villers-Agron-Aiguizy,75,02,32,17389.0,25.2,23.1,insee_stats_dep_2022
02810,Villers-Cotterêts,10489,02,32,22424.0,24.8,23.7,insee_stats_dep_2022
02812,Villers-Hélon,193,02,32,11969.0,34.7,36.2,insee_stats_dep_2022
02813,Villers-le-Sec,262,02,32,15539.0,29.3,23.9,insee_stats_dep_2022
02814,Villers-lès-Guise,166,02,32,19113.0,26.8,26.7,insee_stats_dep_2022
02815,Villers-Saint-Christophe,418,02,32,13859.0,32.0,26.4,insee_stats_dep_2022
02816,Villers-sur-Fère,508,02,32,19673.0,26.9,25.6,insee_stats_dep_2022
02817,Ville-Savoye,84,02,32,22158.0,19.4,21.3,insee_stats_dep_2022
02818,Villiers-Saint-Denis,997,02,32,15516.0,28.8,29.6,insee_stats_dep_2022
02819,Vincy-Reuil-et-Magny,101,02,32,19679.0,22.5,21.5,insee_stats_dep_2022
02820,Viry-Noureuil,1651,02,32,15464.0,29.2,34.8,insee_stats_dep_2022
02821,Vivaise,654,02,32,19310.0,23.0,21.5,insee_stats_dep_2022
02822,Vivières,403,02,32,17507.0,24.4,28.5,insee_stats_dep_2022
02823,Voharies,70,02,32,20876.0,22.4,23.7,insee_stats_dep_2022
02824,Vorges,383,02,32,13049.0,28.8,26.3,insee_stats_dep_2022
02826,Voulpaix,348,02,32,23307.0,21.0,20.1,insee_stats_dep_2022
02827,Voyenne,312,02,32,15069.0,28.8,23.2,insee_stats_dep_2022
02828,Vregny,89,02,32,16280.0,28.5,24.9,insee_stats_dep_2022
02829,Vuillery,43,02,32,18046.0,28.2,33.6,insee_stats_dep_2022
02830,Wassigny,927,02,32,16383.0,28.7,24.5,insee_stats_dep_2022
02831,Watigny,350,02,32,17969.0,28.8,28.1,insee_stats_dep_2022
02832,Wiège-Faty,179,02,32,17715.0,27.8,30.9,insee_stats_dep_2022
02833,Wimy,460,02,32,21133.0,26.4,30.1,insee_stats_dep_2022
02834,Wissignicourt,145,02,32,18631.0,26.5,23.4,insee_stats_dep_2022
59001,Abancourt,441,59,32,13526.0,33.0,29.8,insee_stats_dep_2022
59002,Abscon,4108,59,32,16683.0,28.6,30.3,insee_stats_dep_2022
59003,Aibes,350,59,32,14842.0,33.7,32.4,insee_stats_dep_2022
59004,Aix-en-Pévèle,1338,59,32,13918.0,30.8,26.3,insee_stats_dep_2022
59005,Allennes-les-Marais,3545,59,32,20041.0,21.8,18.4,insee_stats_dep_2022
59006,L'Orée de Mormal,619,59,32,21000.0,21.5,19.9,insee_stats_dep_2022
59007,Anhiers,888,59,32,18974.0,24.9,28.0,insee_stats_dep_2022
59008,Aniche,9963,59,32,19932.0,19.6,17.4,insee_stats_dep_2022
59009,Villeneuve-d'Ascq,62868,59,32,26381.0,14.0,16.6,insee_stats_dep_2022
59010,Anneux,258,59,32,12878.0,28.9,30.5,insee_stats_dep_2022
59011,Annœullin,10847,59,32,21442.0,23.6,23.9,insee_stats_dep_2022
59012,Anor,3099,59,32,17517.0,26.5,31.1,insee_stats_dep_2022
59013,Anstaing,1631,59,32,20011.0,24.0,23.6,insee_stats_dep_2022
59014,Anzin,13183,59,32,24318.0,15.4,16.5,insee_stats_dep_2022
59015,Arleux,3125,59,32,18339.0,28.0,25.7,insee_stats_dep_2022
59016,Armbouts-Cappel,2077,59,32,18640.0,23.7,25.6,insee_stats_dep_2022
59017,Armentières,26998,59,32,20757.0,24.0,25.9,insee_stats_dep_2022
59018,Arnèke,1594,59,32,17360.0,27.3,29.9,insee_stats_dep_2022
59019,Artres,1082,59,32,17087.0,24.0,28.1,insee_stats_dep_2022
59021,Assevent,1769,59,32,21352.0,22.2,21.2,insee_stats_dep_2022
59022,Attiches,2245,59,32,22340.0,21.2,18.3,insee_stats_dep_2022
59023,Aubencheul-au-Bac,549,59,32,17052.0,28.4,29.9,insee_stats_dep_2022
59024,Auberchicourt,4626,59,32,24480.0,18.4,15.0,insee_stats_dep_2022
59025,Aubers,1749,59,32,18990.0,25.4,30.1,insee_stats_dep_2022
59026,Aubigny-au-Bac,1143,59,32,20740.0,20.6,19.4,insee_stats_dep_2022
59027,Aubry-du-Hainaut,1705,59,32,16572.0,25.1,27.7,insee_stats_dep_2022
59028,Auby,7083,59,32,22015.0,20.8,21.9,insee_stats_dep_2022
59029,Auchy-lez-Orchies,1599,59,32,13926.0,31.1,33.1,insee_stats_dep_2022
59031,Audignies,359,59,32,23944.0,22.0,19.0,insee_stats_dep_2022
59032,Aulnoy-lez-Valenciennes,7080,59,32,21385.0,24.5,28.0,insee_stats_dep_2022
59033,Aulnoye-Aymeries,8612,59,32,20543.0,20.8,19.7,insee_stats_dep_2022
59034,Avelin,2561,59,32,16052.0,29.3,32.5,insee_stats_dep_2022
59035,Avesnelles,2232,59,32,18456.0,24.0,19.5,insee_stats_dep_2022
59036,Avesnes-sur-Helpe,4012,59,32,21165.0,18.9,16.9,insee_stats_dep_2022
59037,Avesnes-les-Aubert,3562,59,32,16555.0,28.6,30.4,insee_stats_dep_2022
59038,Avesnes-le-Sec,1458,59,32,20328.0,23.7,26.4,insee_stats_dep_2022
59039,Awoingt,757,59,32,24423.0,19.0,18.6,insee_stats_dep_2022
59041,Bachant,2230,59,32,20646.0,24.0,20.3,insee_stats_dep_2022
59042,Bachy,1898,59,32,19252.0,27.4,32.1,insee_stats_dep_2022
59043,Bailleul,14732,59,32,23704.0,22.2,18.2,insee_stats_dep_2022
59044,Baisieux,5545,59,32,17226.0,22.9,23.5,insee_stats_dep_2022
59045,Baives,158,59,32,18520.0,23.0,25.4,insee_stats_dep_2022
59046,Bambecque,845,59,32,15824.0,30.5,30.7,insee_stats_dep_2022
59047,Banteux,339,59,32,13276.0,34.2,35.2,insee_stats_dep_2022
59048,Bantigny,494,59,32,18311.0,26.2,28.1,insee_stats_dep_2022
59049,Bantouzelle,441,59,32,21060.0,23.0,22.9,insee_stats_dep_2022
59050,Bas-Lieu,348,59,32,15979.0,23.7,21.1,insee_stats_dep_2022
59051,La Bassée,6650,59,32,22611.0,20.3,20.1,insee_stats_dep_2022
59052,Bauvin,5249,59,32,18022.0,25.4,29.4,insee_stats_dep_2022
59053,Bavay,3249,59,32,22245.0,19.0,21.6,insee_stats_dep_2022
59054,Bavinchove,1045,59,32,24098.0,21.0,18.4,insee_stats_dep_2022
59055,Bazuel,551,59,32,14421.0,30.9,33.7,insee_stats_dep_2022
59056,Beaucamps-Ligny,845,59,32,16599.0,29.3,31.9,insee_stats_dep_2022
59057,Beaudignies,574,59,32,18496.0,25.6,28.8,insee_stats_dep_2022
59058,Beaufort,995,59,32,15077.0,26.7,21.4,insee_stats_dep_2022
59059,Beaumont-en-Cambrésis,458,59,32,25255.0,20.2,22.4,insee_stats_dep_2022
59060,Beaurain,234,59,32,17763.0,27.5,24.1,insee_stats_dep_2022
59061,Beaurepaire-sur-Sambre,272,59,32,14304.0,34.3,36.2,insee_stats_dep_2022
59062,Beaurieux,169,59,32,23972.0,18.0,20.8,insee_stats_dep_2022
59063,Beauvois-en-Cambrésis,1933,59,32,18000.0,25.1,27.7,insee_stats_dep_2022
59064,Bellaing,1301,59,32,23025.0,19.4,17.2,insee_stats_dep_2022
59065,Bellignies,810,59,32,23053.0,17.8,18.6,insee_stats_dep_2022
59066,Bérelles,163,59,32,18562.0,26.2,29.5,insee_stats_dep_2022
59067,Bergues,3525,59,32,20340.0,23.5,21.9,insee_stats_dep_2022
59068,Berlaimont,3159,59,32,16767.0,28.6,28.8,insee_stats_dep_2022
59069,Bermerain,778,59,32,15951.0,31.3,25.7,insee_stats_dep_2022
59071,Bersée,2318,59,32,20530.0,23.4,28.0,insee_stats_dep_2022
59072,Bersillies,237,59,32,13388.0,33.0,31.3,insee_stats_dep_2022
59073,Berthen,627,59,32,20006.0,25.4,21.6,insee_stats_dep_2022
59074,Bertry,2140,59,32,23995.0,18.0,14.9,insee_stats_dep_2022
59075,Béthencourt,689,59,32,15593.0,28.4,30.4,insee_stats_dep_2022
59076,Bettignies,343,59,32,15004.0,29.1,31.9,insee_stats_dep_2022
59077,Bettrechies,253,59,32,23303.0,17.8,19.6,insee_stats_dep_2022
59078,Beugnies,599,59,32,17380.0,29.2,27.7,insee_stats_dep_2022
59079,Beuvrages,6796,59,32,18592.0,26.8,27.6,insee_stats_dep_2022
59080,Beuvry-la-Forêt,2861,59,32,20261.0,25.0,29.1,insee_stats_dep_2022
59081,Bévillers,529,59,32,18487.0,25.0,24.9,insee_stats_dep_2022
59082,Bierne,1716,59,32,17842.0,29.6,29.6,insee_stats_dep_2022
59083,Bissezeele,239,59,32,20999.0,21.6,25.7,insee_stats_dep_2022
59084,Blaringhem,2008,59,32,18375.0,24.5,28.5,insee_stats_dep_2022
59085,Blécourt,313,59,32,15576.0,28.2,28.7,insee_stats_dep_2022
59086,Boeschepe,2244,59,32,17299.0,27.4,29.0,insee_stats_dep_2022
59087,Boëseghem,766,59,32,15249.0,30.7,35.7,insee_stats_dep_2022
59088,Bois-Grenier,1775,59,32,22183.0,17.2,15.8,insee_stats_dep_2022
59089,Bollezeele,1445,59,32,22569.0,22.4,19.1,insee_stats_dep_2022
59090,Bondues,9747,59,32,13983.0,30.1,26.0,insee_stats_dep_2022
59091,Borre,553,59,32,21699.0,19.9,16.0,insee_stats_dep_2022
59092,Bouchain,4113,59,32,15480.0,31.1,26.8,insee_stats_dep_2022
59093,Boulogne-sur-Helpe,291,59,32,14180.0,31.1,26.3,insee_stats_dep_2022
59094,Bourbourg,6931,59,32,15862.0,29.0,28.8,insee_stats_dep_2022
59096,Bourghelles,1682,59,32,14766.0,28.6,25.7,insee_stats_dep_2022
59097,Boursies,360,59,32,19540.0,24.9,24.3,insee_stats_dep_2022
59098,Bousbecque,4978,59,32,22442.0,21.6,22.2,insee_stats_dep_2022
59099,Bousies,1769,59,32,18361.0,28.1,28.4,insee_stats_dep_2022
59100,Bousignies,339,59,32,19273.0,22.9,25.8,insee_stats_dep_2022
59101,Bousignies-sur-Roc,369,59,32,17237.0,30.7,26.5,insee_stats_dep_2022
59102,Boussières-en-Cambrésis,436,59,32,19011.0,24.3,26.5,insee_stats_dep_2022
59103,Boussières-sur-Sambre,522,59,32,16211.0,33.6,36.6,insee_stats_dep_2022
59104,Boussois,3123,59,32,17878.0,29.6,32.9,insee_stats_dep_2022
59105,Bouvignies,1580,59,32,19915.0,23.7,25.5,insee_stats_dep_2022
59106,Bouvines,766,59,32,17709.0,27.1,31.6,insee_stats_dep_2022
59107,Bray-Dunes,4189,59,32,22289.0,20.2,22.7,insee_stats_dep_2022
59108,Briastre,689,59,32,16330.0,29.6,24.1,insee_stats_dep_2022
59109,Brillon,771,59,32,19955.0,24.9,21.0,insee_stats_dep_2022
59110,Brouckerque,1452,59,32,20331.0,25.1,22.3,insee_stats_dep_2022
59111,Broxeele,425,59,32,24237.0,16.6,13.8,insee_stats_dep_2022
59112,Bruay-sur-l'Escaut,11644,59,32,23714.0,21.9,19.9,insee_stats_dep_2022
59113,Bruille-lez-Marchiennes,1340,59,32,21619.0,22.0,23.5,insee_stats_dep_2022
59114,Bruille-Saint-Amand,1698,59,32,20875.0,24.6,24.5,insee_stats_dep_2022
59115,Brunémont,704,59,32,20920.0,26.3,28.2,insee_stats_dep_2022
59116,Bry,390,59,32,17318.0,26.4,23.8,insee_stats_dep_2022
59117,Bugnicourt,1095,59,32,16902.0,30.3,24.8,insee_stats_dep_2022
59118,Busigny,2435,59,32,18723.0,27.2,30.2,insee_stats_dep_2022
59119,Buysscheure,582,59,32,18518.0,26.2,25.1,insee_stats_dep_2022
59120,Caëstre,1951,59,32,15321.0,26.3,23.3,insee_stats_dep_2022
59121,Cagnoncles,663,59,32,18830.0,26.4,28.9,insee_stats_dep_2022
59122,Cambrai,31134,59,32,18657.0,23.5,21.8,insee_stats_dep_2022
59123,Camphin-en-Carembault,1737,59,32,19292.0,23.1,24.4,insee_stats_dep_2022
59124,Camphin-en-Pévèle,2518,59,32,25725.0,21.9,22.7,insee_stats_dep_2022
59125,Cantaing-sur-Escaut,410,59,32,17662.0,25.7,26.7,insee_stats_dep_2022
59126,Cantin,1741,59,32,15343.0,30.0,27.4,insee_stats_dep_2022
59127,Capelle,135,59,32,18618.0,24.9,26.5,insee_stats_dep_2022
59128,Capinghem,2728,59,32,18597.0,24.5,25.4,insee_stats_dep_2022
59129,Cappelle-en-Pévèle,2257,59,32,21426.0,27.6,23.8,insee_stats_dep_2022
59130,Cappelle-Brouck,1169,59,32,16012.0,30.7,36.5,insee_stats_dep_2022
59131,Cappelle-la-Grande,7839,59,32,17462.0,25.8,24.8,insee_stats_dep_2022
59132,Carnières,983,59,32,12120.0,31.5,26.5,insee_stats_dep_2022
59133,Carnin,1105,59,32,19167.0,25.3,29.5,insee_stats_dep_2022
59134,Cartignies,1209,59,32,15530.0,29.4,27.4,insee_stats_dep_2022
59135,Cassel,2198,59,32,21377.0,20.5,16.8,insee_stats_dep_2022
59136,Le Cateau-Cambrésis,6764,59,32,20341.0,21.3,21.6,insee_stats_dep_2022
59137,Catillon-sur-Sambre,781,59,32,18870.0,27.7,26.1,insee_stats_dep_2022
59138,Cattenières,689,59,32,14529.0,29.5,29.6,insee_stats_dep_2022
59139,Caudry,13833,59,32,20601.0,23.3,27.4,insee_stats_dep_2022
59140,Caullery,467,59,32,16415.0,31.3,32.8,insee_stats_dep_2022
59141,Cauroir,579,59,32,15412.0,30.2,34.2,insee_stats_dep_2022
59142,Cerfontaine,646,59,32,12750.0,31.0,35.6,insee_stats_dep_2022
59143,La Chapelle-d'Armentières,8754,59,32,18233.0,29.4,23.9,insee_stats_dep_2022
59144,Château-l'Abbaye,917,59,32,14695.0,31.2,29.8,insee_stats_dep_2022
59145,Chemy,766,59,32,22429.0,18.7,17.5,insee_stats_dep_2022
59146,Chéreng,3078,59,32,20093.0,22.9,18.8,insee_stats_dep_2022
59147,Choisies,43,59,32,18912.0,24.4,28.0,insee_stats_dep_2022
59148,Clairfayts,357,59,32,21335.0,19.5,17.8,insee_stats_dep_2022
59149,Clary,1088,59,32,20108.0,24.9,20.8,insee_stats_dep_2022
59150,Cobrieux,563,59,32,15645.0,23.3,24.5,insee_stats_dep_2022
59151,Colleret,1541,59,32,13304.0,32.6,33.4,insee_stats_dep_2022
59152,Comines,12731,59,32,23412.0,20.2,18.9,insee_stats_dep_2022
59153,Condé-sur-l'Escaut,9253,59,32,17755.0,25.2,20.4,insee_stats_dep_2022
59155,Coudekerque-Branche,20787,59,32,20549.0,23.0,26.2,insee_stats_dep_2022
59156,Courchelettes,2855,59,32,19193.0,24.9,27.4,insee_stats_dep_2022
59157,Cousolre,2153,59,32,24850.0,18.2,18.2,insee_stats_dep_2022
59158,Coutiches,3436,59,32,24407.0,17.5,17.0,insee_stats_dep_2022
59159,Craywick,791,59,32,14918.0,33.2,27.2,insee_stats_dep_2022
59160,Crespin,4532,59,32,21747.0,19.3,20.9,insee_stats_dep_2022
59161,Crèvecœur-sur-l'Escaut,716,59,32,16651.0,29.5,26.2,insee_stats_dep_2022
59162,Crochte,659,59,32,16771.0,28.9,31.1,insee_stats_dep_2022
59163,Croix,20566,59,32,23723.0,21.7,20.0,insee_stats_dep_2022
59164,Croix-Caluyau,238,59,32,18478.0,24.6,26.9,insee_stats_dep_2022
59165,Cuincy,6467,59,32,22535.0,19.6,18.7,insee_stats_dep_2022
59166,Curgies,1333,59,32,18899.0,27.1,29.8,insee_stats_dep_2022
59167,Cuvillers,177,59,32,18298.0,25.8,25.9,insee_stats_dep_2022
59168,Cysoing,4839,59,32,18292.0,24.6,25.6,insee_stats_dep_2022
59169,Damousies,205,59,32,24923.0,17.4,20.0,insee_stats_dep_2022
59170,Dechy,5338,59,32,19022.0,23.2,21.2,insee_stats_dep_2022
59171,Dehéries,43,59,32,15889.0,29.7,29.1,insee_stats_dep_2022
59172,Denain,20665,59,32,18991.0,22.6,26.7,insee_stats_dep_2022
59173,Deûlémont,1778,59,32,20104.0,21.2,18.5,insee_stats_dep_2022
59174,Dimechaux,327,59,32,18814.0,22.0,20.2,insee_stats_dep_2022
59175,Dimont,289,59,32,16948.0,29.1,25.9,insee_stats_dep_2022
59176,Doignies,325,59,32,18759.0,24.9,29.4,insee_stats_dep_2022
59177,Dompierre-sur-Helpe,815,59,32,17458.0,27.2,28.8,insee_stats_dep_2022
59178,Douai,40250,59,32,22723.0,18.9,18.9,insee_stats_dep_2022
59179,Douchy-les-Mines,10109,59,32,19074.0,23.6,19.3,insee_stats_dep_2022
59180,Le Doulieu,1436,59,32,19990.0,24.7,20.2,insee_stats_dep_2022
59181,Dourlers,536,59,32,18799.0,26.4,28.6,insee_stats_dep_2022
59182,Drincham,281,59,32,17227.0,30.7,30.6,insee_stats_dep_2022
59183,Dunkerque,86263,59,32,21931.0,20.8,19.2,insee_stats_dep_2022
59184,Ebblinghem,660,59,32,17362.0,26.6,26.3,insee_stats_dep_2022
59185,Écaillon,1869,59,32,17257.0,27.7,29.7,insee_stats_dep_2022
59186,Eccles,94,59,32,17818.0,22.3,18.4,insee_stats_dep_2022
59187,Éclaibes,269,59,32,20641.0,23.9,22.7,insee_stats_dep_2022
59188,Écuélin,145,59,32,21078.0,25.4,30.4,insee_stats_dep_2022
59189,Eecke,1213,59,32,21724.0,23.4,25.0,insee_stats_dep_2022
59190,Élesmes,1013,59,32,16082.0,28.8,33.7,insee_stats_dep_2022
59191,Élincourt,606,59,32,20092.0,25.4,29.5,insee_stats_dep_2022
59192,Émerchicourt,804,59,32,16462.0,27.6,26.1,insee_stats_dep_2022
59193,Emmerin,3026,59,32,21250.0,21.9,20.2,insee_stats_dep_2022
59194,Englefontaine,1291,59,32,21357.0,19.2,21.2,insee_stats_dep_2022
59195,Englos,618,59,32,15435.0,29.6,27.4,insee_stats_dep_2022
59196,Ennetières-en-Weppes,1280,59,32,13177.0,35.2,29.4,insee_stats_dep_2022
59197,Ennevelin,2416,59,32,16733.0,27.4,26.4,insee_stats_dep_2022
59198,Eppe-Sauvage,237,59,32,13430.0,30.8,27.7,insee_stats_dep_2022
59199,Erchin,670,59,32,12423.0,35.4,37.7,insee_stats_dep_2022
59200,Eringhem,462,59,32,22041.0,21.1,22.0,insee_stats_dep_2022
59201,Erquinghem-le-Sec,620,59,32,23275.0,20.3,16.4,insee_stats_dep_2022
59202,Erquinghem-Lys,5341,59,32,16176.0,28.3,30.7,insee_stats_dep_2022
59203,Erre,1586,59,32,18126.0,26.5,29.3,insee_stats_dep_2022
59204,Escarmain,479,59,32,20325.0,23.7,23.6,insee_stats_dep_2022
59205,Escaudain,9039,59,32,22260.0,22.3,19.7,insee_stats_dep_2022
59206,Escaudœuvres,3171,59,32,19723.0,28.0,32.4,insee_stats_dep_2022
59207,Escautpont,4202,59,32,23917.0,22.7,23.0,insee_stats_dep_2022
59208,Escobecques,302,59,32,16907.0,23.6,19.8,insee_stats_dep_2022
59209,Esnes,656,59,32,21016.0,26.6,28.4,insee_stats_dep_2022
59210,Esquelbecq,2137,59,32,21481.0,20.9,20.0,insee_stats_dep_2022
59211,Esquerchin,893,59,32,18654.0,27.8,24.5,insee_stats_dep_2022
59212,Estaires,6525,59,32,13972.0,32.4,29.3,insee_stats_dep_2022
59213,Estourmel,475,59,32,20676.0,21.7,25.9,insee_stats_dep_2022
59214,Estrées,1134,59,32,12127.0,34.2,29.1,insee_stats_dep_2022
59215,Estreux,937,59,32,21343.0,25.5,21.8,insee_stats_dep_2022
59216,Eswars,363,59,32,20095.0,22.8,23.8,insee_stats_dep_2022
59217,Eth,328,59,32,19766.0,22.7,26.6,insee_stats_dep_2022
59218,Étrœungt,1233,59,32,19200.0,22.4,22.5,insee_stats_dep_2022
59219,Estrun,725,59,32,18169.0,25.0,24.7,insee_stats_dep_2022
59220,Faches-Thumesnil,18619,59,32,20358.0,21.9,17.6,insee_stats_dep_2022
59221,Famars,2474,59,32,21435.0,19.9,19.4,insee_stats_dep_2022
59222,Faumont,2278,59,32,20975.0,24.5,25.1,insee_stats_dep_2022
59223,Le Favril,506,59,32,16728.0,28.6,29.9,insee_stats_dep_2022
59224,Féchain,1635,59,32,20949.0,25.3,26.1,insee_stats_dep_2022
59225,Feignies,6703,59,32,24666.0,19.8,20.9,insee_stats_dep_2022
59226,Felleries,1433,59,32,18103.0,27.3,29.8,insee_stats_dep_2022
59227,Fenain,5441,59,32,20028.0,26.8,30.6,insee_stats_dep_2022
59228,Férin,1432,59,32,17592.0,28.9,34.6,insee_stats_dep_2022
59229,Féron,514,59,32,21158.0,24.1,25.8,insee_stats_dep_2022
59230,Ferrière-la-Grande,5131,59,32,18338.0,25.0,28.1,insee_stats_dep_2022
59231,Ferrière-la-Petite,1024,59,32,15479.0,31.5,32.7,insee_stats_dep_2022
59232,La Flamengrie,431,59,32,17171.0,25.9,21.7,insee_stats_dep_2022
59233,Flaumont-Waudrechies,342,59,32,17957.0,30.0,31.4,insee_stats_dep_2022
59234,Flers-en-Escrebieux,5424,59,32,23302.0,19.5,20.0,insee_stats_dep_2022
59236,Flesquières,276,59,32,13934.0,32.8,27.3,insee_stats_dep_2022
59237,Flêtre,923,59,32,20322.0,25.2,24.9,insee_stats_dep_2022
59238,Flines-lès-Mortagne,1685,59,32,18883.0,23.9,24.7,insee_stats_dep_2022
59239,Flines-lez-Raches,5745,59,32,20064.0,23.2,20.1,insee_stats_dep_2022
59240,Floursies,131,59,32,15960.0,29.3,27.1,insee_stats_dep_2022
59241,Floyon,505,59,32,22481.0,20.6,19.9,insee_stats_dep_2022
59242,Fontaine-au-Bois,687,59,32,16753.0,30.6,33.0,insee_stats_dep_2022
59243,Fontaine-au-Pire,1214,59,32,22388.0,18.6,21.8,insee_stats_dep_2022
59244,Fontaine-Notre-Dame,1754,59,32,24382.0,19.3,15.5,insee_stats_dep_2022
59246,Forest-en-Cambrésis,549,59,32,19280.0,22.7,21.3,insee_stats_dep_2022
59247,Forest-sur-Marque,1662,59,32,21457.0,19.8,23.4,insee_stats_dep_2022
59249,Fourmies,11449,59,32,22362.0,21.9,24.1,insee_stats_dep_2022
59250,Fournes-en-Weppes,2179,59,32,17067.0,24.7,22.7,insee_stats_dep_2022
59251,Frasnoy,389,59,32,17688.0,24.0,26.1,insee_stats_dep_2022
59252,Frelinghien,2609,59,32,20812.0,22.4,25.6,insee_stats_dep_2022
59253,Fresnes-sur-Escaut,7354,59,32,22719.0,21.3,20.6,insee_stats_dep_2022
59254,Fressain,919,59,32,16481.0,26.9,30.7,insee_stats_dep_2022
59255,Fressies,571,59,32,20527.0,22.5,24.5,insee_stats_dep_2022
59256,Fretin,3214,59,32,19462.0,25.0,27.6,insee_stats_dep_2022
59257,Fromelles,1161,59,32,17457.0,26.2,22.3,insee_stats_dep_2022
59258,Genech,2803,59,32,21379.0,20.4,19.0,insee_stats_dep_2022
59259,Ghissignies,505,59,32,18686.0,24.8,25.8,insee_stats_dep_2022
59260,Ghyvelde,4133,59,32,21790.0,21.5,23.9,insee_stats_dep_2022
59261,Glageon,1699,59,32,12120.0,34.0,31.2,insee_stats_dep_2022
59262,Godewaersvelde,2024,59,32,18793.0,23.6,28.0,insee_stats_dep_2022
59263,Gœulzin,1070,59,32,20266.0,20.4,21.6,insee_stats_dep_2022
59264,Gognies-Chaussée,723,59,32,21664.0,22.3,24.8,insee_stats_dep_2022
59265,Gommegnies,2264,59,32,23454.0,20.5,19.2,insee_stats_dep_2022
59266,Gondecourt,4148,59,32,17379.0,22.3,20.7,insee_stats_dep_2022
59267,Gonnelieu,279,59,32,20645.0,20.3,24.2,insee_stats_dep_2022
59268,La Gorgue,5616,59,32,20808.0,18.4,17.1,insee_stats_dep_2022
59269,Gouzeaucourt,1413,59,32,16450.0,27.7,24.8,insee_stats_dep_2022
59270,Grand-Fayt,473,59,32,23910.0,18.2,14.9,insee_stats_dep_2022
59271,Grande-Synthe,20239,59,32,20643.0,20.2,21.1,insee_stats_dep_2022
59272,Grand-Fort-Philippe,4887,59,32,21929.0,22.5,26.1,insee_stats_dep_2022
59273,Gravelines,11430,59,32,21371.0,23.2,24.0,insee_stats_dep_2022
59274,La Groise,464,59,32,20848.0,21.1,24.0,insee_stats_dep_2022
59275,Gruson,1207,59,32,18866.0,27.7,24.7,insee_stats_dep_2022
59276,Guesnain,4635,59,32,18153.0,27.3,24.7,insee_stats_dep_2022
59277,Gussignies,353,59,32,17623.0,26.2,26.4,insee_stats_dep_2022
59278,Hallennes-lez-Haubourdin,4683,59,32,22073.0,21.7,23.6,insee_stats_dep_2022
59279,Halluin,20715,59,32,18963.0,24.3,19.7,insee_stats_dep_2022
59280,Hamel,797,59,32,25869.0,16.4,13.5,insee_stats_dep_2022
59281,Hantay,1244,59,32,17493.0,28.1,22.5,insee_stats_dep_2022
59282,Hardifort,385,59,32,21380.0,25.6,29.7,insee_stats_dep_2022
59283,Hargnies,599,59,32,18201.0,25.2,25.4,insee_stats_dep_2022
59284,Hasnon,3849,59,32,21800.0,21.0,18.0,insee_stats_dep_2022
59285,Haspres,2626,59,32,20793.0,23.6,18.9,insee_stats_dep_2022
59286,Haubourdin,15074,59,32,24014.0,18.5,21.8,insee_stats_dep_2022
59287,Haucourt-en-Cambrésis,193,59,32,13040.0,37.3,34.7,insee_stats_dep_2022
59288,Haulchin,2281,59,32,17541.0,31.3,34.5,insee_stats_dep_2022
59289,Haussy,1451,59,32,22461.0,23.8,19.9,insee_stats_dep_2022
59290,Haut-Lieu,361,59,32,16515.0,26.9,31.0,insee_stats_dep_2022
59291,Hautmont,14152,59,32,18864.0,28.3,28.6,insee_stats_dep_2022
59292,Haveluy,3222,59,32,20315.0,19.8,23.7,insee_stats_dep_2022
59293,Haverskerque,1376,59,32,21185.0,20.5,19.1,insee_stats_dep_2022
59294,Haynecourt,307,59,32,16587.0,27.9,29.5,insee_stats_dep_2022
59295,Hazebrouck,21912,59,32,21902.0,17.5,19.1,insee_stats_dep_2022
59296,Hecq,353,59,32,13561.0,33.5,26.8,insee_stats_dep_2022
59297,Hélesmes,1907,59,32,19928.0,26.2,28.5,insee_stats_dep_2022
59299,Hem,18582,59,32,17176.0,25.7,23.0,insee_stats_dep_2022
59300,Hem-Lenglet,565,59,32,20903.0,21.1,22.9,insee_stats_dep_2022
59301,Hergnies,4479,59,32,23966.0,16.8,14.5,insee_stats_dep_2022
59302,Hérin,4169,59,32,20724.0,24.0,28.7,insee_stats_dep_2022
59303,Herlies,2267,59,32,22646.0,25.8,20.7,insee_stats_dep_2022
59304,Herrin,425,59,32,21418.0,19.5,16.4,insee_stats_dep_2022
59305,Herzeele,1638,59,32,22194.0,20.5,16.4,insee_stats_dep_2022
59306,Hestrud,288,59,32,19554.0,23.3,27.3,insee_stats_dep_2022
59307,Holque,837,59,32,17324.0,26.5,30.8,insee_stats_dep_2022
59308,Hondeghem,916,59,32,23833.0,16.5,15.2,insee_stats_dep_2022
59309,Hondschoote,3957,59,32,13610.0,31.0,33.9,insee_stats_dep_2022
59310,Hon-Hergies,867,59,32,15351.0,30.9,34.6,insee_stats_dep_2022
59311,Honnechy,541,59,32,18579.0,24.7,19.9,insee_stats_dep_2022
59312,Honnecourt-sur-Escaut,710,59,32,22904.0,18.4,14.7,insee_stats_dep_2022
59313,Hordain,1446,59,32,19259.0,24.5,23.3,insee_stats_dep_2022
59314,Hornaing,3496,59,32,23943.0,22.4,20.0,insee_stats_dep_2022
59315,Houdain-lez-Bavay,902,59,32,19250.0,27.5,31.1,insee_stats_dep_2022
59316,Houplin-Ancoisne,3326,59,32,20125.0,25.4,21.9,insee_stats_dep_2022
59317,Houplines,7921,59,32,20234.0,24.6,20.9,insee_stats_dep_2022
59318,Houtkerque,978,59,32,21395.0,21.2,20.0,insee_stats_dep_2022
59319,Hoymille,3259,59,32,19295.0,27.3,30.4,insee_stats_dep_2022
59320,Illies,1712,59,32,19562.0,26.7,30.9,insee_stats_dep_2022
59321,Inchy,619,59,32,19657.0,23.1,25.7,insee_stats_dep_2022
59322,Iwuy,3403,59,32,21444.0,22.2,20.7,insee_stats_dep_2022
59323,Jenlain,1115,59,32,16832.0,26.1,22.2,insee_stats_dep_2022
59324,Jeumont,10160,59,32,21288.0,22.7,26.5,insee_stats_dep_2022
59325,Jolimetz,856,59,32,19980.0,21.3,24.3,insee_stats_dep_2022
59326,Killem,1164,59,32,18850.0,25.5,21.8,insee_stats_dep_2022
59327,Lallaing,6287,59,32,23051.0,19.5,17.3,insee_stats_dep_2022
59328,Lambersart,27090,59,32,19704.0,21.3,24.1,insee_stats_dep_2022
59329,Lambres-lez-Douai,4883,59,32,22159.0,21.0,22.7,insee_stats_dep_2022
59330,Landas,2518,59,32,17546.0,27.1,29.1,insee_stats_dep_2022
59331,Landrecies,3407,59,32,20350.0,25.3,20.7,insee_stats_dep_2022
59332,Lannoy,1812,59,32,17086.0,25.1,25.5,insee_stats_dep_2022
59333,Larouillies,231,59,32,19136.0,22.2,20.8,insee_stats_dep_2022
59334,Lauwin-Planque,1608,59,32,16213.0,27.9,29.4,insee_stats_dep_2022
59335,Lecelles,3046,59,32,23021.0,23.5,21.9,insee_stats_dep_2022
59336,Lécluse,1346,59,32,19264.0,20.7,21.6,insee_stats_dep_2022
59337,Lederzeele,703,59,32,21957.0,19.2,21.2,insee_stats_dep_2022
59338,Ledringhem,611,59,32,21161.0,25.4,23.5,insee_stats_dep_2022
59339,Leers,9521,59,32,16789.0,28.0,25.9,insee_stats_dep_2022
59340,Leffrinckoucke,4078,59,32,22031.0,22.0,21.6,insee_stats_dep_2022
59341,Lesdain,432,59,32,20065.0,23.8,25.2,insee_stats_dep_2022
59342,Lez-Fontaine,236,59,32,17651.0,26.2,23.5,insee_stats_dep_2022
59343,Lesquin,9600,59,32,20570.0,26.9,30.8,insee_stats_dep_2022
59344,Leval,2474,59,32,17254.0,25.5,24.4,insee_stats_dep_2022
59345,Lewarde,2353,59,32,20116.0,21.5,19.9,insee_stats_dep_2022
59346,Lezennes,2978,59,32,19288.0,24.2,23.9,insee_stats_dep_2022
59347,Liessies,527,59,32,24051.0,14.9,13.9,insee_stats_dep_2022
59348,Lieu-Saint-Amand,1462,59,32,15896.0,31.6,34.6,insee_stats_dep_2022
59349,Ligny-en-Cambrésis,1847,59,32,17845.0,27.7,27.2,insee_stats_dep_2022
59350,Lille,238246,59,32,24982.0,19.0,16.6,insee_stats_dep_2022
59351,Limont-Fontaine,525,59,32,16143.0,30.6,31.5,insee_stats_dep_2022
59352,Linselles,8161,59,32,21033.0,21.1,22.0,insee_stats_dep_2022
59353,Locquignol,301,59,32,13046.0,35.3,35.7,insee_stats_dep_2022
59354,Loffre,712,59,32,19444.0,25.3,28.7,insee_stats_dep_2022
59356,Lompret,2155,59,32,18192.0,26.8,29.4,insee_stats_dep_2022
59357,La Longueville,2057,59,32,16351.0,27.9,30.7,insee_stats_dep_2022
59358,Looberghe,1228,59,32,21285.0,25.8,28.3,insee_stats_dep_2022
59359,Loon-Plage,5952,59,32,19959.0,27.9,31.6,insee_stats_dep_2022
59360,Loos,22567,59,32,19376.0,24.0,19.6,insee_stats_dep_2022
59361,Lourches,3734,59,32,18053.0,24.4,25.1,insee_stats_dep_2022
59363,Louvignies-Quesnoy,899,59,32,22251.0,19.9,18.4,insee_stats_dep_2022
59364,Louvil,922,59,32,16495.0,29.1,24.5,insee_stats_dep_2022
59365,Louvroil,6294,59,32,19317.0,27.3,32.5,insee_stats_dep_2022
59366,Lynde,783,59,32,17370.0,27.8,26.8,insee_stats_dep_2022
59367,Lys-lez-Lannoy,14050,59,32,21939.0,22.0,26.0,insee_stats_dep_2022
59368,La Madeleine,21790,59,32,23248.0,18.4,15.8,insee_stats_dep_2022
59369,Maing,3954,59,32,21243.0,20.9,22.7,insee_stats_dep_2022
59370,Mairieux,699,59,32,22524.0,25.3,29.2,insee_stats_dep_2022
59371,Le Maisnil,628,59,32,23326.0,19.8,23.1,insee_stats_dep_2022
59372,Malincourt,498,59,32,15315.0,31.6,31.5,insee_stats_dep_2022
59374,Marbaix,461,59,32,18541.0,22.9,26.8,insee_stats_dep_2022
59375,Marchiennes,4507,59,32,24493.0,16.0,15.7,insee_stats_dep_2022
59377,Marcoing,1841,59,32,19223.0,24.0,23.3,insee_stats_dep_2022
59378,Marcq-en-Barœul,40184,59,32,21603.0,21.8,23.8,insee_stats_dep_2022
59379,Marcq-en-Ostrevent,741,59,32,18431.0,24.4,21.5,insee_stats_dep_2022
59381,Maresches,808,59,32,21169.0,18.4,15.3,insee_stats_dep_2022
59382,Maretz,1402,59,32,18047.0,28.9,30.5,insee_stats_dep_2022
59383,Marly,11995,59,32,19629.0,24.2,25.8,insee_stats_dep_2022
59384,Maroilles,1454,59,32,19650.0,22.8,19.1,insee_stats_dep_2022
59385,Marpent,2653,59,32,24765.0,19.4,17.7,insee_stats_dep_2022
59386,Marquette-lez-Lille,12622,59,32,21013.0,22.2,17.8,insee_stats_dep_2022
59387,Marquette-en-Ostrevant,1943,59,32,17712.0,28.9,23.5,insee_stats_dep_2022
59388,Marquillies,1961,59,32,13768.0,30.7,36.0,insee_stats_dep_2022
59389,Masnières,2689,59,32,23320.0,19.0,18.0,insee_stats_dep_2022
59390,Masny,3999,59,32,21877.0,22.3,18.3,insee_stats_dep_2022
59391,Mastaing,911,59,32,24635.0,17.4,19.9,insee_stats_dep_2022
59392,Maubeuge,28767,59,32,16980.0,28.9,28.9,insee_stats_dep_2022
59393,Maulde,949,59,32,17059.0,27.7,23.0,insee_stats_dep_2022
59394,Maurois,405,59,32,14143.0,31.0,25.5,insee_stats_dep_2022
59395,Mazinghien,279,59,32,19584.0,26.5,25.8,insee_stats_dep_2022
59396,Mecquignies,695,59,32,21022.0,24.5,20.9,insee_stats_dep_2022
59397,Merckeghem,615,59,32,14808.0,32.2,35.4,insee_stats_dep_2022
59398,Mérignies,3527,59,32,21083.0,20.3,18.5,insee_stats_dep_2022
59399,Merris,1106,59,32,15389.0,28.3,24.7,insee_stats_dep_2022
59400,Merville,9808,59,32,24208.0,18.5,18.1,insee_stats_dep_2022
59401,Méteren,2231,59,32,19105.0,27.7,27.8,insee_stats_dep_2022
59402,Millam,838,59,32,18653.0,25.6,24.0,insee_stats_dep_2022
59403,Millonfosse,705,59,32,19611.0,22.8,20.5,insee_stats_dep_2022
59405,Mœuvres,490,59,32,17228.0,26.6,30.4,insee_stats_dep_2022
59406,Monceau-Saint-Waast,419,59,32,19811.0,25.2,23.5,insee_stats_dep_2022
59407,Monchaux-sur-Écaillon,616,59,32,19122.0,26.0,26.4,insee_stats_dep_2022
59408,Moncheaux,1663,59,32,19677.0,23.2,26.3,insee_stats_dep_2022
59409,Monchecourt,2516,59,32,22722.0,20.3,22.4,insee_stats_dep_2022
59410,Mons-en-Barœul,21105,59,32,20454.0,22.7,25.4,insee_stats_dep_2022
59411,Mons-en-Pévèle,2075,59,32,19435.0,23.5,26.6,insee_stats_dep_2022
59412,Montay,276,59,32,15181.0,28.3,29.9,insee_stats_dep_2022
59413,Montigny-en-Cambrésis,552,59,32,18865.0,26.7,29.4,insee_stats_dep_2022
59414,Montigny-en-Ostrevent,4495,59,32,21932.0,23.5,25.4,insee_stats_dep_2022
59415,Montrécourt,228,59,32,23045.0,24.6,22.1,insee_stats_dep_2022
59416,Morbecque,2573,59,32,17255.0,26.6,26.9,insee_stats_dep_2022
59418,Mortagne-du-Nord,1599,59,32,22457.0,18.2,14.8,insee_stats_dep_2022
59419,Mouchin,1491,59,32,17035.0,29.4,33.4,insee_stats_dep_2022
59420,Moustier-en-Fagne,61,59,32,20890.0,21.4,23.6,insee_stats_dep_2022
59421,Mouvaux,13369,59,32,22833.0,21.5,25.4,insee_stats_dep_2022
59422,Naves,620,59,32,18497.0,26.3,23.3,insee_stats_dep_2022
59423,Neuf-Berquin,1417,59,32,15268.0,29.7,27.9,insee_stats_dep_2022
59424,Neuf-Mesnil,1286,59,32,22048.0,22.4,24.0,insee_stats_dep_2022
59425,Neuville-en-Avesnois,298,59,32,21929.0,21.0,24.6,insee_stats_dep_2022
59426,Neuville-en-Ferrain,10002,59,32,20710.0,23.3,19.7,insee_stats_dep_2022
59427,La Neuville,593,59,32,17752.0,28.7,26.7,insee_stats_dep_2022
59428,Neuville-Saint-Rémy,4012,59,32,20900.0,24.1,21.4,insee_stats_dep_2022
59429,Neuville-sur-Escaut,2901,59,32,21282.0,23.2,23.5,insee_stats_dep_2022
59430,Neuvilly,1103,59,32,17135.0,28.5,31.6,insee_stats_dep_2022
59431,Nieppe,7764,59,32,18261.0,25.9,23.9,insee_stats_dep_2022
59432,Niergnies,509,59,32,22167.0,21.5,25.6,insee_stats_dep_2022
59433,Nieurlet,908,59,32,18496.0,28.9,23.9,insee_stats_dep_2022
59434,Nivelle,1406,59,32,21199.0,18.3,19.5,insee_stats_dep_2022
59435,Nomain,2651,59,32,16133.0,26.8,22.6,insee_stats_dep_2022
59436,Noordpeene,825,59,32,22472.0,23.2,27.8,insee_stats_dep_2022
59437,Noyelles-lès-Seclin,838,59,32,20677.0,24.9,29.8,insee_stats_dep_2022
59438,Noyelles-sur-Escaut,816,59,32,15608.0,28.2,31.2,insee_stats_dep_2022
59439,Noyelles-sur-Sambre,283,59,32,23476.0,19.4,18.7,insee_stats_dep_2022
59440,Noyelles-sur-Selle,657,59,32,15881.0,29.9,33.4,insee_stats_dep_2022
59441,Obies,660,59,32,17005.0,29.0,24.3,insee_stats_dep_2022
59442,Obrechies,283,59,32,23630.0,19.1,21.8,insee_stats_dep_2022
59443,Ochtezeele,351,59,32,20023.0,24.8,20.9,insee_stats_dep_2022
59444,Odomez,945,59,32,19433.0,23.2,22.0,insee_stats_dep_2022
59445,Ohain,1171,59,32,22825.0,16.0,14.9,insee_stats_dep_2022
59446,Oisy,699,59,32,20979.0,22.3,23.1,insee_stats_dep_2022
59447,Onnaing,8479,59,32,21606.0,26.0,29.1,insee_stats_dep_2022
59448,Oost-Cappel,463,59,32,20858.0,22.2,24.6,insee_stats_dep_2022
59449,Orchies,8396,59,32,26312.0,18.4,16.2,insee_stats_dep_2022
59450,Ors,644,59,32,21144.0,20.7,17.9,insee_stats_dep_2022
59451,Orsinval,564,59,32,19573.0,26.8,22.7,insee_stats_dep_2022
59452,Ostricourt,6097,59,32,21293.0,25.0,23.9,insee_stats_dep_2022
59453,Oudezeele,690,59,32,17023.0,28.1,24.3,insee_stats_dep_2022
59454,Oxelaëre,540,59,32,14690.0,30.6,27.0,insee_stats_dep_2022
59455,Paillencourt,1030,59,32,18026.0,28.7,28.6,insee_stats_dep_2022
59456,Pecquencourt,6092,59,32,20032.0,25.3,27.0,insee_stats_dep_2022
59457,Pérenchies,8455,59,32,16932.0,28.1,25.5,insee_stats_dep_2022
59458,Péronne-en-Mélantois,1025,59,32,24134.0,20.2,21.7,insee_stats_dep_2022
59459,Petite-Forêt,5054,59,32,18348.0,25.0,20.8,insee_stats_dep_2022
59461,Petit-Fayt,286,59,32,19413.0,24.2,20.3,insee_stats_dep_2022
59462,Phalempin,4847,59,32,22560.0,20.0,21.5,insee_stats_dep_2022
59463,Pitgam,1007,59,32,21914.0,20.5,23.2,insee_stats_dep_2022
59464,Poix-du-Nord,2126,59,32,18512.0,25.4,20.8,insee_stats_dep_2022
59465,Pommereuil,765,59,32,17625.0,28.3,30.8,insee_stats_dep_2022
59466,Pont-à-Marcq,3016,59,32,17900.0,28.5,24.1,insee_stats_dep_2022
59467,Pont-sur-Sambre,2371,59,32,23552.0,17.7,17.6,insee_stats_dep_2022
59468,Potelle,439,59,32,13203.0,33.2,31.0,insee_stats_dep_2022
59469,Pradelles,399,59,32,19465.0,23.3,25.0,insee_stats_dep_2022
59470,Prémesques,2031,59,32,17742.0,25.6,22.4,insee_stats_dep_2022
59471,Préseau,2100,59,32,20265.0,24.5,23.9,insee_stats_dep_2022
59472,Preux-au-Bois,832,59,32,18617.0,23.4,22.1,insee_stats_dep_2022
59473,Preux-au-Sart,300,59,32,20198.0,22.7,19.1,insee_stats_dep_2022
59474,Prisches,1000,59,32,15830.0,30.0,35.3,insee_stats_dep_2022
59475,Prouvy,2178,59,32,15463.0,30.8,30.8,insee_stats_dep_2022
59476,Proville,3206,59,32,16806.0,26.9,28.1,insee_stats_dep_2022
59477,Provin,4428,59,32,20996.0,21.4,19.5,insee_stats_dep_2022
59478,Quaëdypre,1108,59,32,17775.0,26.0,27.3,insee_stats_dep_2022
59479,Quarouble,3145,59,32,16494.0,33.8,28.8,insee_stats_dep_2022
59480,Quérénaing,865,59,32,12120.0,35.3,36.0,insee_stats_dep_2022
59481,Le Quesnoy,4878,59,32,16216.0,24.3,22.5,insee_stats_dep_2022
59482,Quesnoy-sur-Deûle,6805,59,32,20014.0,25.2,22.6,insee_stats_dep_2022
59483,Quiévelon,135,59,32,15253.0,30.8,32.1,insee_stats_dep_2022
59484,Quiévrechain,5949,59,32,23966.0,20.7,21.8,insee_stats_dep_2022
59485,Quiévy,1803,59,32,25515.0,18.3,15.2,insee_stats_dep_2022
59486,Râches,2672,59,32,21470.0,22.1,21.4,insee_stats_dep_2022
59487,Radinghem-en-Weppes,1410,59,32,17215.0,28.0,28.6,insee_stats_dep_2022
59488,Raillencourt-Sainte-Olle,2127,59,32,20323.0,22.7,21.5,insee_stats_dep_2022
59489,Raimbeaucourt,4000,59,32,19349.0,25.1,24.7,insee_stats_dep_2022
59490,Rainsars,197,59,32,21732.0,22.3,18.3,insee_stats_dep_2022
59491,Raismes,12199,59,32,22622.0,20.6,19.7,insee_stats_dep_2022
59492,Ramillies,579,59,32,19737.0,20.8,18.4,insee_stats_dep_2022
59493,Ramousies,220,59,32,19133.0,26.5,24.8,insee_stats_dep_2022
59494,Raucourt-au-Bois,150,59,32,24648.0,19.5,20.9,insee_stats_dep_2022
59495,Recquignies,2338,59,32,18301.0,27.8,31.1,insee_stats_dep_2022
59496,Rejet-de-Beaulieu,241,59,32,16385.0,29.1,30.9,insee_stats_dep_2022
59497,Renescure,2113,59,32,22181.0,23.2,26.8,insee_stats_dep_2022
59498,Reumont,337,59,32,16372.0,32.8,31.8,insee_stats_dep_2022
59499,Rexpoëde,1976,59,32,17482.0,30.0,27.0,insee_stats_dep_2022
59500,Ribécourt-la-Tour,380,59,32,13552.0,31.9,30.1,insee_stats_dep_2022
59501,Rieulay,1261,59,32,18876.0,25.8,24.2,insee_stats_dep_2022
59502,Rieux-en-Cambrésis,1425,59,32,16423.0,30.3,33.6,insee_stats_dep_2022
59503,Robersart,201,59,32,18737.0,23.0,23.2,insee_stats_dep_2022
59504,Rœulx,3743,59,32,22029.0,23.2,24.4,insee_stats_dep_2022
59505,Rombies-et-Marchipont,741,59,32,23780.0,19.5,17.6,insee_stats_dep_2022
59506,Romeries,471,59,32,22608.0,15.3,15.9,insee_stats_dep_2022
59507,Ronchin,19787,59,32,18254.0,26.3,26.8,insee_stats_dep_2022
59508,Roncq,14075,59,32,19580.0,23.9,22.0,insee_stats_dep_2022
59509,Roost-Warendin,5956,59,32,22689.0,21.0,23.3,insee_stats_dep_2022
59511,Rosult,2022,59,32,18580.0,26.8,22.4,insee_stats_dep_2022
59512,Roubaix,98286,59,32,22172.0,22.9,22.9,insee_stats_dep_2022
59513,Roucourt,456,59,32,19522.0,23.0,19.0,insee_stats_dep_2022
59514,Rousies,3980,59,32,20140.0,23.4,24.9,insee_stats_dep_2022
59515,Rouvignies,655,59,32,16854.0,25.9,24.4,insee_stats_dep_2022
59516,Rubrouck,899,59,32,22369.0,19.2,19.5,insee_stats_dep_2022
59517,Les Rues-des-Vignes,737,59,32,15164.0,31.7,34.1,insee_stats_dep_2022
59518,Ruesnes,448,59,32,21117.0,22.2,23.2,insee_stats_dep_2022
59519,Rumegies,1722,59,32,17233.0,25.3,23.7,insee_stats_dep_2022
59520,Rumilly-en-Cambrésis,1431,59,32,13967.0,31.6,29.6,insee_stats_dep_2022
59521,Sailly-lez-Cambrai,409,59,32,18448.0,26.2,22.8,insee_stats_dep_2022
59522,Sailly-lez-Lannoy,1923,59,32,14191.0,31.7,37.1,insee_stats_dep_2022
59523,Sainghin-en-Mélantois,2840,59,32,19726.0,27.8,31.5,insee_stats_dep_2022
59524,Sainghin-en-Weppes,5638,59,32,21099.0,20.8,18.5,insee_stats_dep_2022
59525,Sains-du-Nord,2755,59,32,20353.0,21.0,21.5,insee_stats_dep_2022
59526,Saint-Amand-les-Eaux,15974,59,32,17844.0,26.4,24.3,insee_stats_dep_2022
59527,Saint-André-lez-Lille,13233,59,32,23046.0,19.5,20.8,insee_stats_dep_2022
59528,Saint-Aubert,1570,59,32,18035.0,26.3,26.3,insee_stats_dep_2022
59529,Saint-Aubin,328,59,32,17021.0,28.8,24.2,insee_stats_dep_2022
59530,Saint-Aybert,328,59,32,21519.0,22.2,25.8,insee_stats_dep_2022
59531,Saint-Benin,343,59,32,19033.0,24.9,25.4,insee_stats_dep_2022
59532,Saint-Georges-sur-l'Aa,287,59,32,17643.0,25.2,21.2,insee_stats_dep_2022
59533,Saint-Hilaire-lez-Cambrai,1558,59,32,20614.0,23.0,22.5,insee_stats_dep_2022
59534,Saint-Hilaire-sur-Helpe,733,59,32,16358.0,30.4,32.7,insee_stats_dep_2022
59535,Saint-Jans-Cappel,1598,59,32,15932.0,29.3,30.7,insee_stats_dep_2022
59536,Sainte-Marie-Cappel,825,59,32,22852.0,16.6,14.7,insee_stats_dep_2022
59537,Saint-Martin-sur-Écaillon,483,59,32,14156.0,31.9,31.1,insee_stats_dep_2022
59538,Saint-Momelin,410,59,32,25937.0,16.2,18.8,insee_stats_dep_2022
59539,Saint-Pierre-Brouck,989,59,32,14621.0,29.8,24.5,insee_stats_dep_2022
59541,Saint-Python,978,59,32,16978.0,27.4,30.0,insee_stats_dep_2022
59542,Saint-Remy-Chaussée,469,59,32,20404.0,24.5,21.1,insee_stats_dep_2022
59543,Saint-Remy-du-Nord,1054,59,32,21411.0,24.0,27.7,insee_stats_dep_2022
59544,Saint-Saulve,10947,59,32,23222.0,18.5,17.0,insee_stats_dep_2022
59545,Saint-Souplet,1191,59,32,17376.0,27.8,26.8,insee_stats_dep_2022
59546,Saint-Sylvestre-Cappel,1144,59,32,16906.0,32.1,32.4,insee_stats_dep_2022
59547,Saint-Vaast-en-Cambrésis,871,59,32,20854.0,22.3,23.0,insee_stats_dep_2022
59548,Saint-Waast,686,59,32,17799.0,28.1,30.9,insee_stats_dep_2022
59549,Salesches,327,59,32,20460.0,21.4,19.2,insee_stats_dep_2022
59550,Salomé,3182,59,32,21038.0,21.9,18.1,insee_stats_dep_2022
59551,Saméon,1704,59,32,19689.0,22.6,18.6,insee_stats_dep_2022
59552,Sancourt,190,59,32,14309.0,31.0,36.2,insee_stats_dep_2022
59553,Santes,5652,59,32,20651.0,25.7,23.7,insee_stats_dep_2022
59554,Sars-et-Rosières,620,59,32,16402.0,31.8,33.1,insee_stats_dep_2022
59555,Sars-Poteries,1402,59,32,18931.0,24.6,28.2,insee_stats_dep_2022
59556,Sassegnies,260,59,32,17322.0,28.2,33.7,insee_stats_dep_2022
59557,Saultain,2499,59,32,18879.0,25.9,27.2,insee_stats_dep_2022
59558,Saulzoir,1672,59,32,12211.0,34.7,37.9,insee_stats_dep_2022
59559,Sebourg,1967,59,32,12120.0,32.3,33.0,insee_stats_dep_2022
59560,Seclin,13261,59,32,20789.0,19.3,22.7,insee_stats_dep_2022
59562,Sémeries,520,59,32,18352.0,25.2,28.0,insee_stats_dep_2022
59563,Semousies,227,59,32,19826.0,25.7,29.3,insee_stats_dep_2022
59564,La Sentinelle,3103,59,32,18980.0,28.6,26.6,insee_stats_dep_2022
59565,Sepmeries,640,59,32,17712.0,27.4,26.7,insee_stats_dep_2022
59566,Sequedin,4675,59,32,23138.0,19.7,19.0,insee_stats_dep_2022
59567,Séranvillers-Forenville,416,59,32,20341.0,21.4,19.9,insee_stats_dep_2022
59568,Sercus,486,59,32,22129.0,21.7,24.3,insee_stats_dep_2022
59569,Sin-le-Noble,16076,59,32,23068.0,18.7,16.7,insee_stats_dep_2022
59570,Socx,869,59,32,19252.0,24.6,21.6,insee_stats_dep_2022
59571,Solesmes,4142,59,32,21781.0,24.0,23.7,insee_stats_dep_2022
59572,Solre-le-Château,1796,59,32,14634.0,31.8,26.3,insee_stats_dep_2022
59573,Solrinnes,142,59,32,17934.0,27.9,29.7,insee_stats_dep_2022
59574,Somain,11766,59,32,21841.0,19.5,21.6,insee_stats_dep_2022
59575,Sommaing,397,59,32,16713.0,29.6,32.0,insee_stats_dep_2022
59576,Spycker,1718,59,32,18309.0,23.6,24.0,insee_stats_dep_2022
59577,Staple,756,59,32,18950.0,25.8,21.5,insee_stats_dep_2022
59578,Steenbecque,1602,59,32,16916.0,28.5,24.9,insee_stats_dep_2022
59579,Steene,1405,59,32,21609.0,19.3,18.1,insee_stats_dep_2022
59580,Steenvoorde,4332,59,32,20938.0,20.2,16.4,insee_stats_dep_2022
59581,Steenwerck,3450,59,32,22167.0,20.5,21.4,insee_stats_dep_2022
59582,Strazeele,942,59,32,19423.0,26.9,21.6,insee_stats_dep_2022
59583,Taisnières-en-Thiérache,475,59,32,20861.0,22.5,26.4,insee_stats_dep_2022
59584,Taisnières-sur-Hon,963,59,32,16232.0,28.8,23.9,insee_stats_dep_2022
59585,Templemars,3669,59,32,23230.0,25.7,27.9,insee_stats_dep_2022
59586,Templeuve-en-Pévèle,7202,59,32,20572.0,20.1,23.2,insee_stats_dep_2022
59587,Terdeghem,519,59,32,19137.0,26.6,22.7,insee_stats_dep_2022
59588,Téteghem-Coudekerque-Village,8247,59,32,21096.0,25.0,24.6,insee_stats_dep_2022
59589,Thiant,2914,59,32,20834.0,22.9,25.6,insee_stats_dep_2022
59590,Thiennes,920,59,32,14315.0,29.7,27.6,insee_stats_dep_2022
59591,Thivencelle,817,59,32,16783.0,28.1,29.8,insee_stats_dep_2022
59592,Thumeries,4170,59,32,20749.0,23.0,21.2,insee_stats_dep_2022
59593,Thun-l'Évêque,788,59,32,20060.0,23.3,22.4,insee_stats_dep_2022
59594,Thun-Saint-Amand,1106,59,32,15849.0,28.1,31.8,insee_stats_dep_2022
59595,Thun-Saint-Martin,543,59,32,15684.0,29.4,31.2,insee_stats_dep_2022
59596,Tilloy-lez-Marchiennes,536,59,32,21397.0,19.1,22.0,insee_stats_dep_2022
59597,Tilloy-lez-Cambrai,695,59,32,20292.0,22.6,19.8,insee_stats_dep_2022
59598,Toufflers,3957,59,32,20068.0,24.8,29.5,insee_stats_dep_2022
59599,Tourcoing,98772,59,32,24831.0,16.6,18.9,insee_stats_dep_2022
59600,Tourmignies,936,59,32,13550.0,30.4,24.5,insee_stats_dep_2022
59601,Trélon,2604,59,32,21561.0,17.6,17.1,insee_stats_dep_2022
59602,Tressin,1386,59,32,14553.0,31.4,33.8,insee_stats_dep_2022
59603,Trith-Saint-Léger,6019,59,32,24054.0,18.7,20.6,insee_stats_dep_2022
59604,Troisvilles,805,59,32,21190.0,22.2,19.1,insee_stats_dep_2022
59605,Uxem,1518,59,32,18436.0,24.3,22.3,insee_stats_dep_2022
59606,Valenciennes,43468,59,32,20206.0,21.6,20.5,insee_stats_dep_2022
59607,Vendegies-au-Bois,482,59,32,17356.0,27.4,28.2,insee_stats_dep_2022
59608,Vendegies-sur-Écaillon,1123,59,32,19835.0,20.8,23.1,insee_stats_dep_2022
59609,Vendeville,1654,59,32,17133.0,29.1,31.4,insee_stats_dep_2022
59610,Verchain-Maugré,1103,59,32,21494.0,20.1,16.1,insee_stats_dep_2022
59611,Verlinghem,2682,59,32,19606.0,22.5,25.1,insee_stats_dep_2022
59612,Vertain,535,59,32,15350.0,30.6,31.4,insee_stats_dep_2022
59613,Vicq,1464,59,32,22633.0,18.0,15.0,insee_stats_dep_2022
59614,Viesly,1364,59,32,19139.0,26.5,23.6,insee_stats_dep_2022
59615,Vieux-Berquin,2628,59,32,19040.0,26.0,21.4,insee_stats_dep_2022
59616,Vieux-Condé,10617,59,32,20480.0,20.8,16.9,insee_stats_dep_2022
59617,Vieux-Mesnil,641,59,32,24336.0,17.4,15.3,insee_stats_dep_2022
59618,Vieux-Reng,938,59,32,19557.0,24.5,24.2,insee_stats_dep_2022
59619,Villereau,1084,59,32,16459.0,26.3,22.1,insee_stats_dep_2022
59620,Villers-au-Tertre,670,59,32,19029.0,28.4,25.6,insee_stats_dep_2022
59622,Villers-en-Cauchies,1151,59,32,17024.0,25.6,27.5,insee_stats_dep_2022
59623,Villers-Guislain,684,59,32,15902.0,28.5,28.8,insee_stats_dep_2022
59624,Villers-Outréaux,2117,59,32,23290.0,18.7,18.7,insee_stats_dep_2022
59625,Villers-Plouich,390,59,32,18582.0,23.0,23.5,insee_stats_dep_2022
59626,Villers-Pol,1197,59,32,18485.0,26.4,29.5,insee_stats_dep_2022
59627,Villers-Sire-Nicole,1009,59,32,17924.0,27.8,30.3,insee_stats_dep_2022
59628,Volckerinckhove,573,59,32,21604.0,20.3,17.3,insee_stats_dep_2022
59629,Vred,1302,59,32,16994.0,27.2,32.5,insee_stats_dep_2022
59630,Wahagnies,2613,59,32,21478.0,22.2,24.3,insee_stats_dep_2022
59631,Walincourt-Selvigny,2081,59,32,19365.0,23.9,21.9,insee_stats_dep_2022
59632,Wallers,5633,59,32,19435.0,23.2,18.7,insee_stats_dep_2022
59633,Wallers-en-Fagne,284,59,32,19425.0,25.5,21.0,insee_stats_dep_2022
59634,Wallon-Cappel,808,59,32,21181.0,23.2,21.8,insee_stats_dep_2022
59635,Wambaix,381,59,32,21643.0,22.5,24.5,insee_stats_dep_2022
59636,Wambrechies,11012,59,32,22098.0,20.2,16.5,insee_stats_dep_2022
59637,Wandignies-Hamage,1301,59,32,15189.0,24.7,25.0,insee_stats_dep_2022
59638,Wannehain,1338,59,32,23083.0,19.9,22.3,insee_stats_dep_2022
59639,Wargnies-le-Grand,1125,59,32,18504.0,28.8,28.9,insee_stats_dep_2022
59640,Wargnies-le-Petit,771,59,32,19859.0,25.1,21.2,insee_stats_dep_2022
59641,Warhem,2020,59,32,19018.0,27.8,29.7,insee_stats_dep_2022
59642,Warlaing,603,59,32,22065.0,19.6,20.4,insee_stats_dep_2022
59643,Warneton,231,59,32,16395.0,30.2,33.6,insee_stats_dep_2022
59645,Wasnes-au-Bac,604,59,32,14602.0,29.6,32.9,insee_stats_dep_2022
59646,Wasquehal,20726,59,32,19418.0,23.7,19.4,insee_stats_dep_2022
59647,Watten,2564,59,32,18092.0,26.3,29.3,insee_stats_dep_2022
59648,Wattignies,15525,59,32,22156.0,21.9,23.7,insee_stats_dep_2022
59649,Wattignies-la-Victoire,240,59,32,19727.0,23.7,27.4,insee_stats_dep_2022
59650,Wattrelos,40847,59,32,20096.0,25.3,22.3,insee_stats_dep_2022
59651,Wavrechain-sous-Denain,1599,59,32,15494.0,30.4,28.8,insee_stats_dep_2022
59652,Wavrechain-sous-Faulx,440,59,32,19777.0,24.3,23.3,insee_stats_dep_2022
59653,Wavrin,7758,59,32,19726.0,25.2,24.3,insee_stats_dep_2022
59654,Waziers,7266,59,32,22204.0,24.0,22.5,insee_stats_dep_2022
59655,Wemaers-Cappel,225,59,32,19446.0,24.8,27.6,insee_stats_dep_2022
59656,Wervicq-Sud,5426,59,32,21753.0,18.7,21.0,insee_stats_dep_2022
59657,West-Cappel,644,59,32,16130.0,26.6,23.2,insee_stats_dep_2022
59658,Wicres,581,59,32,16408.0,26.8,26.7,insee_stats_dep_2022
59659,Wignehies,2804,59,32,19782.0,25.7,25.6,insee_stats_dep_2022
59660,Willems,2941,59,32,21182.0,20.9,17.5,insee_stats_dep_2022
59661,Willies,128,59,32,16092.0,28.6,26.8,insee_stats_dep_2022
59662,Winnezeele,1261,59,32,20258.0,21.8,22.0,insee_stats_dep_2022
59663,Wormhout,5584,59,32,21345.0,23.4,23.5,insee_stats_dep_2022
59664,Wulverdinghe,334,59,32,19316.0,26.2,27.5,insee_stats_dep_2022
59665,Wylder,298,59,32,20038.0,24.4,21.9,insee_stats_dep_2022
59666,Zegerscappel,1562,59,32,16148.0,29.8,24.5,insee_stats_dep_2022
59667,Zermezeele,252,59,32,23334.0,16.2,14.4,insee_stats_dep_2022
59668,Zuydcoote,1630,59,32,20817.0,26.5,22.8,insee_stats_dep_2022
59669,Zuytpeene,557,59,32,18955.0,27.8,29.7,insee_stats_dep_2022
59670,Don,1387,59,32,17321.0,28.8,27.7,insee_stats_dep_2022
60001,Abancourt,569,60,32,16807.0,26.6,24.7,insee_stats_dep_2022
60002,Abbecourt,879,60,32,22231.0,24.7,23.7,insee_stats_dep_2022
60003,Abbeville-Saint-Lucien,499,60,32,22159.0,21.8,20.4,insee_stats_dep_2022
60004,Achy,408,60,32,13828.0,31.5,28.0,insee_stats_dep_2022
60005,Acy-en-Multien,821,60,32,27137.0,14.9,15.7,insee_stats_dep_2022
60006,Les Ageux,1153,60,32,20267.0,21.9,24.9,insee_stats_dep_2022
60007,Agnetz,3058,60,32,22947.0,20.2,19.0,insee_stats_dep_2022
60008,Airion,409,60,32,20771.0,22.8,20.1,insee_stats_dep_2022
60009,Allonne,1767,60,32,19688.0,23.6,25.0,insee_stats_dep_2022
60010,Amblainville,1805,60,32,16558.0,29.8,32.9,insee_stats_dep_2022
60011,Amy,419,60,32,19903.0,24.9,24.2,insee_stats_dep_2022
60012,Andeville,3434,60,32,25597.0,16.8,15.6,insee_stats_dep_2022
60013,Angicourt,1345,60,32,21025.0,20.3,21.4,insee_stats_dep_2022
60014,Angivillers,155,60,32,18287.0,26.0,22.3,insee_stats_dep_2022
60015,Angy,1124,60,32,26149.0,15.5,16.7,insee_stats_dep_2022
60016,Ansacq,273,60,32,20766.0,17.9,20.9,insee_stats_dep_2022
60017,Ansauvillers,1134,60,32,16564.0,23.8,23.3,insee_stats_dep_2022
60019,Antheuil-Portes,408,60,32,20590.0,22.7,22.8,insee_stats_dep_2022
60020,Antilly,273,60,32,22945.0,21.0,16.8,insee_stats_dep_2022
60021,Appilly,498,60,32,18562.0,30.8,28.0,insee_stats_dep_2022
60022,Apremont,636,60,32,22557.0,19.3,18.9,insee_stats_dep_2022
60023,Armancourt,548,60,32,23177.0,16.7,17.4,insee_stats_dep_2022
60024,Arsy,832,60,32,25759.0,16.4,17.0,insee_stats_dep_2022
60025,Attichy,1857,60,32,12900.0,31.2,34.4,insee_stats_dep_2022
60026,Auchy-la-Montagne,562,60,32,19538.0,23.6,23.7,insee_stats_dep_2022
60027,Auger-Saint-Vincent,515,60,32,19615.0,27.6,31.4,insee_stats_dep_2022
60028,Aumont-en-Halatte,567,60,32,25160.0,19.6,20.8,insee_stats_dep_2022
60029,Auneuil,2898,60,32,18010.0,26.6,23.0,insee_stats_dep_2022
60030,Auteuil,554,60,32,19244.0,21.8,17.7,insee_stats_dep_2022
60031,Autheuil-en-Valois,265,60,32,16307.0,25.4,29.6,insee_stats_dep_2022
60032,Autrêches,738,60,32,18057.0,25.3,26.9,insee_stats_dep_2022
60033,Avilly-Saint-Léonard,852,60,32,18161.0,27.3,27.1,insee_stats_dep_2022
60034,Avrechy,1147,60,32,16128.0,29.5,35.1,insee_stats_dep_2022
60035,Avricourt,232,60,32,13849.0,33.2,30.5,insee_stats_dep_2022
60036,Avrigny,404,60,32,21121.0,25.6,24.1,insee_stats_dep_2022
60037,Babœuf,508,60,32,20612.0,25.5,25.0,insee_stats_dep_2022
60039,Bacouël,477,60,32,21811.0,24.5,24.1,insee_stats_dep_2022
60040,Bailleul-le-Soc,645,60,32,18695.0,22.4,25.4,insee_stats_dep_2022
60041,Bailleul-sur-Thérain,2330,60,32,21928.0,19.2,16.8,insee_stats_dep_2022
60042,Bailleval,1483,60,32,22093.0,19.0,17.0,insee_stats_dep_2022
60043,Bailly,599,60,32,15466.0,28.6,24.4,insee_stats_dep_2022
60044,Balagny-sur-Thérain,1628,60,32,15296.0,29.0,31.1,insee_stats_dep_2022
60045,Barbery,528,60,32,15892.0,30.0,32.4,insee_stats_dep_2022
60046,Bargny,324,60,32,13170.0,33.7,29.6,insee_stats_dep_2022
60047,Baron,729,60,32,28279.0,11.6,11.4,insee_stats_dep_2022
60048,Baugy,286,60,32,19619.0,27.0,22.8,insee_stats_dep_2022
60049,Bazancourt,100,60,32,18861.0,21.9,26.1,insee_stats_dep_2022
60050,Bazicourt,388,60,32,13918.0,29.5,27.6,insee_stats_dep_2022
60051,Beaudéduit,173,60,32,24313.0,16.1,18.0,insee_stats_dep_2022
60052,Beaugies-sous-Bois,104,60,32,24483.0,18.6,18.4,insee_stats_dep_2022
60053,Beaulieu-les-Fontaines,563,60,32,17739.0,25.2,23.3,insee_stats_dep_2022
60054,Beaumont-les-Nonains,339,60,32,21076.0,19.2,16.9,insee_stats_dep_2022
60055,Beaurains-lès-Noyon,341,60,32,16993.0,29.0,30.8,insee_stats_dep_2022
60056,Beaurepaire,63,60,32,20080.0,20.7,16.8,insee_stats_dep_2022
60057,Beauvais,55550,60,32,22691.0,19.5,22.1,insee_stats_dep_2022
60058,Beauvoir,239,60,32,21068.0,19.7,20.5,insee_stats_dep_2022
60059,Béhéricourt,192,60,32,12900.0,36.5,31.1,insee_stats_dep_2022
60060,Belle-Église,730,60,32,21331.0,22.2,20.0,insee_stats_dep_2022
60061,Belloy,68,60,32,19682.0,22.8,25.2,insee_stats_dep_2022
60062,Berlancourt,310,60,32,18795.0,24.5,20.2,insee_stats_dep_2022
60063,Berneuil-en-Bray,813,60,32,25350.0,17.4,18.2,insee_stats_dep_2022
60064,Berneuil-sur-Aisne,912,60,32,19390.0,24.1,27.3,insee_stats_dep_2022
60065,Berthecourt,1564,60,32,15933.0,28.8,24.8,insee_stats_dep_2022
60066,Béthancourt-en-Valois,214,60,32,14178.0,29.5,26.4,insee_stats_dep_2022
60067,Béthisy-Saint-Martin,996,60,32,22678.0,20.3,16.8,insee_stats_dep_2022
60068,Béthisy-Saint-Pierre,3111,60,32,18780.0,22.6,23.9,insee_stats_dep_2022
60069,Betz,1100,60,32,16215.0,30.7,24.8,insee_stats_dep_2022
60070,Bienville,495,60,32,19764.0,23.8,19.2,insee_stats_dep_2022
60071,Biermont,160,60,32,15673.0,27.5,27.6,insee_stats_dep_2022
60072,Bitry,308,60,32,22077.0,20.9,18.7,insee_stats_dep_2022
60073,Blacourt,592,60,32,17491.0,27.8,24.2,insee_stats_dep_2022
60074,Blaincourt-lès-Précy,1189,60,32,21995.0,22.7,24.4,insee_stats_dep_2022
60075,Blancfossé,143,60,32,14660.0,27.7,31.9,insee_stats_dep_2022
60076,Blargies,498,60,32,17645.0,28.2,26.3,insee_stats_dep_2022
60077,Blicourt,356,60,32,14869.0,28.4,28.3,insee_stats_dep_2022
60078,Blincourt,125,60,32,22698.0,22.7,25.9,insee_stats_dep_2022
60079,Boissy-Fresnoy,942,60,32,19644.0,23.5,20.0,insee_stats_dep_2022
60081,Bonlier,467,60,32,23087.0,26.8,23.7,insee_stats_dep_2022
60082,Bonneuil-les-Eaux,787,60,32,24026.0,17.7,15.5,insee_stats_dep_2022
60083,Bonneuil-en-Valois,986,60,32,19302.0,24.1,24.9,insee_stats_dep_2022
60084,Bonnières,201,60,32,16156.0,30.8,36.6,insee_stats_dep_2022
60085,Bonvillers,189,60,32,18537.0,26.7,29.4,insee_stats_dep_2022
60086,Boran-sur-Oise,2135,60,32,21018.0,22.9,25.8,insee_stats_dep_2022
60087,Borest,367,60,32,21002.0,23.8,22.1,insee_stats_dep_2022
60088,Bornel,4832,60,32,24207.0,20.3,22.9,insee_stats_dep_2022
60089,Boubiers,382,60,32,14698.0,28.4,30.6,insee_stats_dep_2022
60090,Bouconvillers,423,60,32,18403.0,25.2,20.5,insee_stats_dep_2022
60091,Bouillancy,429,60,32,18194.0,26.0,23.6,insee_stats_dep_2022
60092,Boullarre,194,60,32,26206.0,14.5,13.6,insee_stats_dep_2022
60093,Boulogne-la-Grasse,472,60,32,24278.0,16.7,16.2,insee_stats_dep_2022
60094,Boursonne,303,60,32,19005.0,24.4,20.9,insee_stats_dep_2022
60095,Boury-en-Vexin,343,60,32,19763.0,22.5,26.4,insee_stats_dep_2022
60097,Boutencourt,213,60,32,24599.0,18.8,15.7,insee_stats_dep_2022
60098,Bouvresse,170,60,32,17048.0,26.8,29.4,insee_stats_dep_2022
60099,Braisnes-sur-Aronde,174,60,32,12900.0,33.4,35.5,insee_stats_dep_2022
60100,Brasseuse,110,60,32,18542.0,25.6,25.1,insee_stats_dep_2022
60101,Brégy,627,60,32,17591.0,28.8,23.3,insee_stats_dep_2022
60102,Brenouille,2105,60,32,20043.0,21.6,22.0,insee_stats_dep_2022
60103,Bresles,4029,60,32,16122.0,25.9,27.0,insee_stats_dep_2022
60104,Breteuil,4222,60,32,22191.0,18.5,16.1,insee_stats_dep_2022
60105,Brétigny,435,60,32,20512.0,23.1,18.5,insee_stats_dep_2022
60106,Breuil-le-Sec,2467,60,32,23713.0,16.7,14.7,insee_stats_dep_2022
60107,Breuil-le-Vert,3183,60,32,22516.0,18.6,19.5,insee_stats_dep_2022
60108,Briot,302,60,32,18131.0,25.9,21.9,insee_stats_dep_2022
60109,Brombos,244,60,32,18159.0,25.1,20.9,insee_stats_dep_2022
60110,Broquiers,231,60,32,24421.0,16.8,15.3,insee_stats_dep_2022
60111,Broyes,150,60,32,16748.0,28.4,27.4,insee_stats_dep_2022
60112,Brunvillers-la-Motte,335,60,32,22383.0,18.4,21.1,insee_stats_dep_2022
60113,Bucamps,209,60,32,17765.0,28.5,32.4,insee_stats_dep_2022
60114,Buicourt,143,60,32,20082.0,25.8,30.2,insee_stats_dep_2022
60115,Bulles,830,60,32,18978.0,26.0,28.2,insee_stats_dep_2022
60116,Bury,2838,60,32,21753.0,20.1,19.0,insee_stats_dep_2022
60117,Bussy,305,60,32,20438.0,24.3,29.1,insee_stats_dep_2022
60118,Caisnes,518,60,32,18949.0,23.4,22.6,insee_stats_dep_2022
60119,Cambronne-lès-Ribécourt,1831,60,32,19738.0,23.6,23.3,insee_stats_dep_2022
60120,Cambronne-lès-Clermont,1146,60,32,20841.0,23.8,22.7,insee_stats_dep_2022
60121,Campagne,160,60,32,17434.0,29.7,29.2,insee_stats_dep_2022
60122,Campeaux,483,60,32,14810.0,32.0,26.7,insee_stats_dep_2022
60123,Campremy,469,60,32,23896.0,19.0,22.7,insee_stats_dep_2022
60124,Candor,321,60,32,22885.0,22.1,25.7,insee_stats_dep_2022
60125,Canly,741,60,32,19063.0,24.6,22.9,insee_stats_dep_2022
60126,Cannectancourt,515,60,32,23490.0,22.5,22.5,insee_stats_dep_2022
60127,Canny-sur-Matz,415,60,32,21188.0,21.2,21.1,insee_stats_dep_2022
60128,Canny-sur-Thérain,222,60,32,19797.0,22.3,22.3,insee_stats_dep_2022
60129,Carlepont,1393,60,32,18505.0,27.1,32.2,insee_stats_dep_2022
60130,Catenoy,1125,60,32,14825.0,28.0,33.4,insee_stats_dep_2022
60131,Catheux,100,60,32,19455.0,23.6,21.5,insee_stats_dep_2022
60132,Catigny,176,60,32,23197.0,19.6,22.1,insee_stats_dep_2022
60133,Catillon-Fumechon,542,60,32,18582.0,26.6,31.4,insee_stats_dep_2022
60134,Cauffry,2649,60,32,18736.0,23.7,25.0,insee_stats_dep_2022
60135,Cauvigny,1669,60,32,23969.0,21.6,25.2,insee_stats_dep_2022
60136,Cempuis,467,60,32,20557.0,17.7,17.9,insee_stats_dep_2022
60137,Cernoy,288,60,32,18291.0,27.3,23.4,insee_stats_dep_2022
60138,Chamant,1043,60,32,21885.0,20.8,17.3,insee_stats_dep_2022
60139,Chambly,9959,60,32,21711.0,27.0,26.9,insee_stats_dep_2022
60140,Chambors,300,60,32,20522.0,23.3,27.1,insee_stats_dep_2022
60141,Chantilly,10591,60,32,23595.0,20.0,19.6,insee_stats_dep_2022
60142,La Chapelle-en-Serval,3084,60,32,20012.0,29.4,29.9,insee_stats_dep_2022
60143,Chaumont-en-Vexin,3338,60,32,26639.0,14.7,11.9,insee_stats_dep_2022
60144,Chavençon,159,60,32,25503.0,19.7,22.0,insee_stats_dep_2022
60145,Chelles,471,60,32,19993.0,23.6,23.1,insee_stats_dep_2022
60146,Chepoix,442,60,32,17663.0,28.1,25.6,insee_stats_dep_2022
60147,Chevincourt,772,60,32,20251.0,20.6,21.7,insee_stats_dep_2022
60148,Chèvreville,399,60,32,19300.0,24.1,28.5,insee_stats_dep_2022
60149,Chevrières,2036,60,32,22200.0,23.6,26.7,insee_stats_dep_2022
60150,Chiry-Ourscamp,1093,60,32,18482.0,26.0,25.4,insee_stats_dep_2022
60151,Choisy-au-Bac,3449,60,32,19337.0,24.2,28.6,insee_stats_dep_2022
60152,Choisy-la-Victoire,252,60,32,20064.0,23.2,24.8,insee_stats_dep_2022
60153,Choqueuse-les-Bénards,98,60,32,16163.0,28.6,32.6,insee_stats_dep_2022
60154,Cinqueux,1630,60,32,18497.0,23.5,19.7,insee_stats_dep_2022
60155,Cires-lès-Mello,3978,60,32,19289.0,24.1,23.8,insee_stats_dep_2022
60156,Clairoix,2208,60,32,21292.0,23.1,25.1,insee_stats_dep_2022
60157,Clermont,10564,60,32,18641.0,27.0,27.9,insee_stats_dep_2022
60158,Coivrel,249,60,32,19245.0,24.5,23.2,insee_stats_dep_2022
60159,Compiègne,40761,60,32,20562.0,23.3,20.7,insee_stats_dep_2022
60160,Conchy-les-Pots,734,60,32,23613.0,18.9,22.3,insee_stats_dep_2022
60161,Conteville,71,60,32,14229.0,33.1,30.0,insee_stats_dep_2022
60162,Corbeil-Cerf,357,60,32,17450.0,27.8,28.6,insee_stats_dep_2022
60163,Cormeilles,392,60,32,20389.0,20.8,21.4,insee_stats_dep_2022
60164,Le Coudray-Saint-Germer,870,60,32,13507.0,29.6,28.0,insee_stats_dep_2022
60165,Le Coudray-sur-Thelle,554,60,32,17078.0,27.8,25.8,insee_stats_dep_2022
60166,Coudun,1050,60,32,21625.0,23.8,27.3,insee_stats_dep_2022
60167,Couloisy,592,60,32,17928.0,26.7,28.8,insee_stats_dep_2022
60168,Courcelles-Epayelles,210,60,32,20626.0,24.5,29.1,insee_stats_dep_2022
60169,Courcelles-lès-Gisors,809,60,32,24306.0,16.8,15.2,insee_stats_dep_2022
60170,Courteuil,581,60,32,22177.0,17.3,17.0,insee_stats_dep_2022
60171,Courtieux,171,60,32,19261.0,27.6,22.3,insee_stats_dep_2022
60172,Coye-la-Forêt,3915,60,32,19934.0,26.9,27.1,insee_stats_dep_2022
60173,Cramoisy,803,60,32,21663.0,22.5,24.5,insee_stats_dep_2022
60174,Crapeaumesnil,225,60,32,20026.0,20.1,21.0,insee_stats_dep_2022
60175,Creil,36301,60,32,18916.0,25.6,24.7,insee_stats_dep_2022
60176,Crépy-en-Valois,14351,60,32,23233.0,22.3,18.2,insee_stats_dep_2022
60177,Cressonsacq,435,60,32,16798.0,26.5,29.4,insee_stats_dep_2022
60178,Crèvecœur-le-Grand,3462,60,32,20553.0,21.5,23.6,insee_stats_dep_2022
60179,Crèvecœur-le-Petit,159,60,32,25812.0,13.8,14.2,insee_stats_dep_2022
60180,Crillon,488,60,32,18247.0,29.9,25.5,insee_stats_dep_2022
60181,Crisolles,917,60,32,20756.0,24.5,24.9,insee_stats_dep_2022
60182,Le Crocq,178,60,32,18932.0,27.7,27.8,insee_stats_dep_2022
60183,Croissy-sur-Celle,231,60,32,25210.0,17.3,16.6,insee_stats_dep_2022
60184,Croutoy,203,60,32,12900.0,32.6,36.4,insee_stats_dep_2022
60185,Crouy-en-Thelle,1092,60,32,21184.0,21.9,20.6,insee_stats_dep_2022
60186,Cuignières,274,60,32,26762.0,18.6,20.5,insee_stats_dep_2022
60187,Cuigy-en-Bray,987,60,32,19492.0,27.8,27.3,insee_stats_dep_2022
60188,Cuise-la-Motte,2042,60,32,19302.0,23.0,22.2,insee_stats_dep_2022
60189,Cuts,949,60,32,20860.0,25.8,25.2,insee_stats_dep_2022
60190,Cuvergnon,323,60,32,17570.0,32.3,30.4,insee_stats_dep_2022
60191,Cuvilly,620,60,32,16307.0,25.1,24.8,insee_stats_dep_2022
60192,Cuy,215,60,32,19652.0,23.4,26.5,insee_stats_dep_2022
60193,Daméraucourt,198,60,32,24156.0,19.8,22.1,insee_stats_dep_2022
60194,Dargies,239,60,32,21429.0,22.4,24.8,insee_stats_dep_2022
60195,Delincourt,537,60,32,16717.0,29.5,31.7,insee_stats_dep_2022
60196,La Drenne,1080,60,32,18916.0,24.2,25.8,insee_stats_dep_2022
60197,Dieudonné,987,60,32,19899.0,20.6,24.2,insee_stats_dep_2022
60198,Dives,376,60,32,18582.0,26.9,27.0,insee_stats_dep_2022
60199,Doméliers,250,60,32,17599.0,23.8,20.3,insee_stats_dep_2022
60200,Domfront,310,60,32,19406.0,24.4,27.7,insee_stats_dep_2022
60201,Dompierre,248,60,32,19008.0,22.6,26.9,insee_stats_dep_2022
60203,Duvy,412,60,32,15620.0,30.1,35.7,insee_stats_dep_2022
60204,Écuvilly,297,60,32,18599.0,25.9,23.6,insee_stats_dep_2022
60205,Élencourt,48,60,32,26542.0,15.2,15.7,insee_stats_dep_2022
60206,Élincourt-Sainte-Marguerite,922,60,32,22665.0,18.9,21.2,insee_stats_dep_2022
60207,Éméville,283,60,32,19144.0,23.6,22.3,insee_stats_dep_2022
60208,Énencourt-Léage,121,60,32,12999.0,30.8,31.0,insee_stats_dep_2022
60209,La Corne-en-Vexin,544,60,32,20557.0,23.2,20.3,insee_stats_dep_2022
60210,Épineuse,281,60,32,17854.0,28.3,27.4,insee_stats_dep_2022
60211,Éragny-sur-Epte,598,60,32,17104.0,25.2,29.0,insee_stats_dep_2022
60212,Ercuis,1603,60,32,18883.0,24.5,25.9,insee_stats_dep_2022
60213,Ermenonville,906,60,32,18311.0,24.5,19.8,insee_stats_dep_2022
60214,Ernemont-Boutavent,172,60,32,21763.0,19.2,17.8,insee_stats_dep_2022
60215,Erquery,589,60,32,16915.0,26.9,30.4,insee_stats_dep_2022
60216,Erquinvillers,185,60,32,20969.0,23.5,19.4,insee_stats_dep_2022
60217,Escames,226,60,32,19858.0,20.8,16.8,insee_stats_dep_2022
60218,Esches,1623,60,32,17970.0,23.2,26.1,insee_stats_dep_2022
60219,Escles-Saint-Pierre,176,60,32,18490.0,25.9,23.2,insee_stats_dep_2022
60220,Espaubourg,507,60,32,19559.0,24.2,28.0,insee_stats_dep_2022
60221,Esquennoy,732,60,32,23866.0,24.7,23.8,insee_stats_dep_2022
60222,Essuiles,505,60,32,14603.0,30.3,31.1,insee_stats_dep_2022
60223,Estrées-Saint-Denis,3664,60,32,22505.0,18.6,19.2,insee_stats_dep_2022
60224,Étavigny,180,60,32,21073.0,21.6,22.7,insee_stats_dep_2022
60225,Étouy,844,60,32,20922.0,21.9,23.1,insee_stats_dep_2022
60226,Ève,411,60,32,19835.0,22.9,25.4,insee_stats_dep_2022
60227,Évricourt,209,60,32,15581.0,27.6,22.5,insee_stats_dep_2022
60228,Fay-les-Étangs,473,60,32,22835.0,20.8,18.7,insee_stats_dep_2022
60229,Le Fayel,233,60,32,19036.0,24.2,24.9,insee_stats_dep_2022
60230,Le Fay-Saint-Quentin,531,60,32,25112.0,19.1,19.7,insee_stats_dep_2022
60231,Feigneux,465,60,32,25650.0,14.7,12.5,insee_stats_dep_2022
60232,Ferrières,435,60,32,19686.0,21.3,18.7,insee_stats_dep_2022
60233,Feuquières,1437,60,32,18598.0,29.3,27.8,insee_stats_dep_2022
60234,Fitz-James,2514,60,32,24360.0,21.1,21.8,insee_stats_dep_2022
60235,Flavacourt,684,60,32,23140.0,21.5,19.5,insee_stats_dep_2022
60236,Flavy-le-Meldeux,225,60,32,17098.0,30.0,26.9,insee_stats_dep_2022
60237,Fléchy,84,60,32,25016.0,19.3,23.0,insee_stats_dep_2022
60238,Fleurines,1910,60,32,18309.0,27.2,28.6,insee_stats_dep_2022
60239,Fleury,592,60,32,20777.0,21.9,25.3,insee_stats_dep_2022
60240,Fontaine-Bonneleau,236,60,32,23451.0,20.3,22.3,insee_stats_dep_2022
60241,Fontaine-Chaalis,318,60,32,19685.0,22.2,17.9,insee_stats_dep_2022
60242,Fontaine-Lavaganne,502,60,32,23475.0,20.7,17.3,insee_stats_dep_2022
60243,Fontaine-Saint-Lucien,176,60,32,19723.0,23.2,24.7,insee_stats_dep_2022
60244,Fontenay-Torcy,143,60,32,14988.0,31.1,31.9,insee_stats_dep_2022
60245,Formerie,2097,60,32,21115.0,25.3,27.4,insee_stats_dep_2022
60247,Fouilleuse,143,60,32,22692.0,22.0,25.5,insee_stats_dep_2022
60248,Fouilloy,210,60,32,18125.0,25.3,22.7,insee_stats_dep_2022
60249,Foulangues,193,60,32,18582.0,29.4,24.2,insee_stats_dep_2022
60250,Fouquenies,406,60,32,26361.0,17.4,14.5,insee_stats_dep_2022
60251,Fouquerolles,305,60,32,22145.0,18.3,17.5,insee_stats_dep_2022
60252,Fournival,519,60,32,22417.0,21.0,22.8,insee_stats_dep_2022
60253,Francastel,497,60,32,21324.0,24.3,25.2,insee_stats_dep_2022
60254,Francières,543,60,32,14918.0,26.7,22.2,insee_stats_dep_2022
60255,Fréniches,323,60,32,19599.0,22.9,26.9,insee_stats_dep_2022
60256,Montchevreuil,1326,60,32,25232.0,19.6,22.0,insee_stats_dep_2022
60257,Fresne-Léguillon,440,60,32,22167.0,19.7,22.2,insee_stats_dep_2022
60258,Fresnières,154,60,32,25613.0,16.2,19.1,insee_stats_dep_2022
60259,Fresnoy-en-Thelle,871,60,32,26617.0,18.1,19.7,insee_stats_dep_2022
60260,Fresnoy-la-Rivière,670,60,32,24296.0,20.9,24.2,insee_stats_dep_2022
60261,Fresnoy-le-Luat,551,60,32,18518.0,28.4,28.2,insee_stats_dep_2022
60262,Le Frestoy-Vaux,224,60,32,21765.0,23.7,22.6,insee_stats_dep_2022
60263,Frétoy-le-Château,264,60,32,12900.0,31.6,37.5,insee_stats_dep_2022
60264,Frocourt,528,60,32,20815.0,25.1,24.3,insee_stats_dep_2022
60265,Froissy,962,60,32,18774.0,22.4,24.4,insee_stats_dep_2022
60267,Le Gallet,154,60,32,17540.0,25.8,24.5,insee_stats_dep_2022
60268,Gannes,365,60,32,22624.0,20.7,17.1,insee_stats_dep_2022
60269,Gaudechart,347,60,32,22800.0,23.7,20.2,insee_stats_dep_2022
60270,Genvry,317,60,32,17428.0,28.7,25.1,insee_stats_dep_2022
60271,Gerberoy,82,60,32,16463.0,29.2,23.4,insee_stats_dep_2022
60272,Gilocourt,626,60,32,19132.0,25.3,27.0,insee_stats_dep_2022
60273,Giraumont,518,60,32,24721.0,18.8,21.0,insee_stats_dep_2022
60274,Glaignes,356,60,32,17586.0,25.7,20.9,insee_stats_dep_2022
60275,Glatigny,216,60,32,18378.0,26.4,24.6,insee_stats_dep_2022
60276,Godenvillers,196,60,32,23256.0,20.2,17.0,insee_stats_dep_2022
60277,Goincourt,1552,60,32,20473.0,25.9,29.3,insee_stats_dep_2022
60278,Golancourt,409,60,32,14618.0,29.3,27.8,insee_stats_dep_2022
60279,Gondreville,233,60,32,25094.0,20.2,17.8,insee_stats_dep_2022
60280,Gourchelles,102,60,32,22513.0,21.9,24.3,insee_stats_dep_2022
60281,Gournay-sur-Aronde,515,60,32,23086.0,21.6,20.1,insee_stats_dep_2022
60282,Gouvieux,8867,60,32,26169.0,17.5,18.1,insee_stats_dep_2022
60283,Gouy-les-Groseillers,15,60,32,17300.0,23.0,21.2,insee_stats_dep_2022
60284,Grandfresnoy,1829,60,32,17727.0,26.5,28.0,insee_stats_dep_2022
60285,Grandvillers-aux-Bois,297,60,32,19758.0,23.0,20.6,insee_stats_dep_2022
60286,Grandvilliers,2786,60,32,19082.0,24.3,27.4,insee_stats_dep_2022
60287,Grandrû,371,60,32,24232.0,16.8,17.0,insee_stats_dep_2022
60288,Grémévillers,478,60,32,21841.0,22.9,21.1,insee_stats_dep_2022
60289,Grez,272,60,32,21970.0,20.6,19.0,insee_stats_dep_2022
60290,Guignecourt,385,60,32,17109.0,26.2,22.1,insee_stats_dep_2022
60291,Guiscard,1749,60,32,17079.0,29.5,27.8,insee_stats_dep_2022
60292,Gury,232,60,32,13058.0,33.9,36.8,insee_stats_dep_2022
60293,Hadancourt-le-Haut-Clocher,376,60,32,25874.0,15.8,15.0,insee_stats_dep_2022
60294,Hainvillers,82,60,32,25482.0,15.4,16.5,insee_stats_dep_2022
60295,Halloy,438,60,32,17686.0,28.2,26.3,insee_stats_dep_2022
60296,Hannaches,132,60,32,17911.0,28.0,30.9,insee_stats_dep_2022
60297,Le Hamel,180,60,32,17547.0,25.1,23.3,insee_stats_dep_2022
60298,Hanvoile,654,60,32,22553.0,17.3,15.5,insee_stats_dep_2022
60299,Hardivillers,548,60,32,20898.0,20.6,19.4,insee_stats_dep_2022
60301,Haucourt,133,60,32,13890.0,29.0,30.8,insee_stats_dep_2022
60302,Haudivillers,773,60,32,17539.0,31.1,32.2,insee_stats_dep_2022
60303,Hautbos,187,60,32,18681.0,27.3,31.8,insee_stats_dep_2022
60304,Haute-Épine,253,60,32,19871.0,31.1,33.5,insee_stats_dep_2022
60305,Hautefontaine,345,60,32,19976.0,22.5,22.3,insee_stats_dep_2022
60306,Hécourt,149,60,32,20657.0,23.5,22.8,insee_stats_dep_2022
60307,Heilles,644,60,32,15195.0,31.4,31.6,insee_stats_dep_2022
60308,Hémévillers,463,60,32,19337.0,24.8,24.4,insee_stats_dep_2022
60309,Hénonville,925,60,32,17416.0,29.4,25.2,insee_stats_dep_2022
60310,Herchies,582,60,32,21485.0,22.0,25.4,insee_stats_dep_2022
60311,La Hérelle,237,60,32,25244.0,18.8,18.0,insee_stats_dep_2022
60312,Héricourt-sur-Thérain,113,60,32,20325.0,22.1,21.9,insee_stats_dep_2022
60313,Hermes,2466,60,32,21879.0,23.8,24.9,insee_stats_dep_2022
60314,Hétomesnil,309,60,32,15737.0,25.8,28.3,insee_stats_dep_2022
60315,Hodenc-en-Bray,478,60,32,20605.0,22.0,19.9,insee_stats_dep_2022
60316,Hodenc-l'Évêque,238,60,32,22625.0,23.7,21.6,insee_stats_dep_2022
60317,Hondainville,704,60,32,18312.0,22.7,23.1,insee_stats_dep_2022
60318,Houdancourt,680,60,32,15807.0,28.6,25.5,insee_stats_dep_2022
60319,La Houssoye,591,60,32,20931.0,21.9,21.6,insee_stats_dep_2022
60320,Ivors,250,60,32,22204.0,24.6,27.3,insee_stats_dep_2022
60321,Ivry-le-Temple,878,60,32,13504.0,34.9,41.1,insee_stats_dep_2022
60322,Jaméricourt,302,60,32,24437.0,17.5,16.1,insee_stats_dep_2022
60323,Janville,640,60,32,22754.0,23.3,22.9,insee_stats_dep_2022
60324,Jaulzy,851,60,32,14382.0,29.2,26.6,insee_stats_dep_2022
60325,Jaux,2243,60,32,16382.0,30.0,33.0,insee_stats_dep_2022
60326,Jonquières,588,60,32,12900.0,34.5,32.2,insee_stats_dep_2022
60327,Jouy-sous-Thelle,1071,60,32,19144.0,23.5,25.9,insee_stats_dep_2022
60328,Juvignies,294,60,32,18078.0,28.9,31.3,insee_stats_dep_2022
60329,Laberlière,196,60,32,18852.0,27.9,27.5,insee_stats_dep_2022
60330,Laboissière-en-Thelle,1326,60,32,14959.0,31.1,36.6,insee_stats_dep_2022
60331,Labosse,456,60,32,16983.0,26.6,26.1,insee_stats_dep_2022
60332,Labruyère,687,60,32,19008.0,25.3,23.1,insee_stats_dep_2022
60333,Lachapelle-aux-Pots,1512,60,32,20610.0,21.3,19.4,insee_stats_dep_2022
60334,Lachapelle-Saint-Pierre,827,60,32,24606.0,14.8,16.0,insee_stats_dep_2022
60335,Lachapelle-sous-Gerberoy,165,60,32,20706.0,21.7,24.5,insee_stats_dep_2022
60336,Lachaussée-du-Bois-d'Écu,182,60,32,18781.0,29.1,28.8,insee_stats_dep_2022
60337,Lachelle,805,60,32,16792.0,32.4,38.2,insee_stats_dep_2022
60338,Lacroix-Saint-Ouen,5415,60,32,24633.0,19.1,17.9,insee_stats_dep_2022
60339,Lafraye,342,60,32,19204.0,25.6,22.7,insee_stats_dep_2022
60340,Lagny,524,60,32,20809.0,21.5,18.2,insee_stats_dep_2022
60341,Lagny-le-Sec,2043,60,32,22683.0,20.8,20.3,insee_stats_dep_2022
60342,Laigneville,4926,60,32,20237.0,25.4,30.4,insee_stats_dep_2022
60343,Lalande-en-Son,606,60,32,22580.0,21.9,21.4,insee_stats_dep_2022
60344,Lalandelle,504,60,32,23052.0,19.9,23.3,insee_stats_dep_2022
60345,Lamécourt,196,60,32,20502.0,22.9,26.1,insee_stats_dep_2022
60346,Lamorlaye,9082,60,32,21186.0,22.8,21.4,insee_stats_dep_2022
60347,Lannoy-Cuillère,278,60,32,23283.0,21.5,23.7,insee_stats_dep_2022
60348,Larbroye,505,60,32,21994.0,20.7,18.1,insee_stats_dep_2022
60350,Lassigny,1469,60,32,20335.0,25.0,28.6,insee_stats_dep_2022
60351,Lataule,115,60,32,18497.0,25.1,28.2,insee_stats_dep_2022
60352,Lattainville,180,60,32,18909.0,24.3,24.5,insee_stats_dep_2022
60353,Lavacquerie,182,60,32,17494.0,24.3,19.8,insee_stats_dep_2022
60354,Laverrière,32,60,32,18896.0,22.6,21.1,insee_stats_dep_2022
60355,Laversines,1116,60,32,21034.0,17.8,21.3,insee_stats_dep_2022
60356,Lavilletertre,631,60,32,25238.0,18.1,20.4,insee_stats_dep_2022
60357,Léglantiers,548,60,32,23837.0,21.4,17.6,insee_stats_dep_2022
60358,Lévignen,1014,60,32,14299.0,32.8,35.0,insee_stats_dep_2022
60359,Lhéraule,203,60,32,18176.0,26.4,31.0,insee_stats_dep_2022
60360,Liancourt,6785,60,32,18124.0,24.1,19.8,insee_stats_dep_2022
60361,Liancourt-Saint-Pierre,573,60,32,17708.0,28.6,23.3,insee_stats_dep_2022
60362,Libermont,181,60,32,20292.0,22.9,25.5,insee_stats_dep_2022
60363,Lierville,224,60,32,26964.0,14.9,12.2,insee_stats_dep_2022
60364,Lieuvillers,718,60,32,22503.0,21.2,21.8,insee_stats_dep_2022
60365,Lihus,423,60,32,20130.0,23.5,24.5,insee_stats_dep_2022
60366,Litz,359,60,32,19919.0,21.8,24.0,insee_stats_dep_2022
60367,Loconville,329,60,32,25698.0,15.8,16.2,insee_stats_dep_2022
60368,Longueil-Annel,2586,60,32,21328.0,19.7,19.0,insee_stats_dep_2022
60369,Longueil-Sainte-Marie,1895,60,32,15145.0,29.7,30.2,insee_stats_dep_2022
60370,Lormaison,1247,60,32,26893.0,17.9,18.5,insee_stats_dep_2022
60371,Loueuse,151,60,32,13796.0,31.0,30.6,insee_stats_dep_2022
60372,Luchy,682,60,32,23750.0,19.6,18.1,insee_stats_dep_2022
60373,Machemont,830,60,32,22557.0,23.1,24.0,insee_stats_dep_2022
60374,Maignelay-Montigny,2473,60,32,23690.0,17.2,13.9,insee_stats_dep_2022
60375,Maimbeville,381,60,32,24756.0,16.1,19.3,insee_stats_dep_2022
60376,Maisoncelle-Saint-Pierre,178,60,32,18236.0,24.4,21.1,insee_stats_dep_2022
60377,Maisoncelle-Tuilerie,285,60,32,17748.0,30.5,35.1,insee_stats_dep_2022
60378,Marest-sur-Matz,375,60,32,24131.0,20.6,20.7,insee_stats_dep_2022
60379,Mareuil-la-Motte,616,60,32,21996.0,20.4,18.6,insee_stats_dep_2022
60380,Mareuil-sur-Ourcq,1581,60,32,19240.0,23.7,25.5,insee_stats_dep_2022
60381,Margny-aux-Cerises,258,60,32,20802.0,24.8,24.9,insee_stats_dep_2022
60382,Margny-lès-Compiègne,8677,60,32,21521.0,21.2,24.3,insee_stats_dep_2022
60383,Margny-sur-Matz,531,60,32,22655.0,20.7,18.7,insee_stats_dep_2022
60385,Marolles,641,60,32,18203.0,27.2,26.0,insee_stats_dep_2022
60386,Marquéglise,484,60,32,23879.0,15.5,13.0,insee_stats_dep_2022
60387,Marseille-en-Beauvaisis,1409,60,32,19241.0,27.1,22.7,insee_stats_dep_2022
60388,Martincourt,136,60,32,15803.0,29.3,23.5,insee_stats_dep_2022
60389,Maucourt,221,60,32,12900.0,32.1,31.4,insee_stats_dep_2022
60390,Maulers,344,60,32,24414.0,18.3,17.5,insee_stats_dep_2022
60391,Maysel,211,60,32,21512.0,21.0,18.9,insee_stats_dep_2022
60392,Mélicocq,789,60,32,25331.0,17.3,18.5,insee_stats_dep_2022
60393,Mello,600,60,32,15808.0,31.7,29.7,insee_stats_dep_2022
60394,Ménévillers,103,60,32,21778.0,20.8,24.4,insee_stats_dep_2022
60395,Méru,13897,60,32,20055.0,26.3,31.4,insee_stats_dep_2022
60396,Méry-la-Bataille,604,60,32,17073.0,29.3,34.7,insee_stats_dep_2022
60397,Le Mesnil-Conteville,66,60,32,12934.0,30.5,34.3,insee_stats_dep_2022
60398,Le Mesnil-en-Thelle,2439,60,32,19410.0,21.4,21.8,insee_stats_dep_2022
60399,Le Mesnil-Saint-Firmin,248,60,32,18951.0,25.0,22.1,insee_stats_dep_2022
60400,Le Mesnil-sur-Bulles,265,60,32,15900.0,28.0,27.8,insee_stats_dep_2022
60401,Le Mesnil-Théribus,770,60,32,21888.0,21.7,19.3,insee_stats_dep_2022
60402,Le Meux,2327,60,32,20838.0,26.0,24.3,insee_stats_dep_2022
60403,Milly-sur-Thérain,1922,60,32,16335.0,29.0,24.3,insee_stats_dep_2022
60404,Mogneville,1487,60,32,26433.0,17.7,19.8,insee_stats_dep_2022
60405,Moliens,1117,60,32,22500.0,19.5,15.9,insee_stats_dep_2022
60406,Monceaux,947,60,32,27108.0,16.8,15.5,insee_stats_dep_2022
60407,Monceaux-l'Abbaye,211,60,32,23194.0,21.6,18.5,insee_stats_dep_2022
60408,Monchy-Humières,772,60,32,20568.0,24.4,29.1,insee_stats_dep_2022
60409,Monchy-Saint-Éloi,2155,60,32,20800.0,21.0,20.5,insee_stats_dep_2022
60410,Mondescourt,247,60,32,23421.0,17.7,20.5,insee_stats_dep_2022
60411,Monneville,765,60,32,14974.0,28.1,22.6,insee_stats_dep_2022
60412,Montagny-en-Vexin,672,60,32,19546.0,24.9,21.0,insee_stats_dep_2022
60413,Montagny-Sainte-Félicité,425,60,32,16288.0,25.8,30.6,insee_stats_dep_2022
60414,Montataire,14257,60,32,24421.0,18.9,16.1,insee_stats_dep_2022
60415,Montépilloy,159,60,32,17581.0,24.2,22.5,insee_stats_dep_2022
60416,Montgérain,166,60,32,24218.0,22.2,24.1,insee_stats_dep_2022
60418,Montiers,392,60,32,16005.0,24.9,20.3,insee_stats_dep_2022
60420,Montjavoult,530,60,32,20218.0,25.6,22.1,insee_stats_dep_2022
60421,Mont-l'Évêque,416,60,32,20002.0,26.2,25.5,insee_stats_dep_2022
60422,Montlognon,207,60,32,20350.0,25.8,24.6,insee_stats_dep_2022
60423,Montmacq,1142,60,32,19680.0,23.3,27.0,insee_stats_dep_2022
60424,Montmartin,294,60,32,20093.0,26.1,27.7,insee_stats_dep_2022
60425,Montreuil-sur-Brêche,497,60,32,19589.0,24.5,22.0,insee_stats_dep_2022
60426,Montreuil-sur-Thérain,239,60,32,17640.0,24.8,25.3,insee_stats_dep_2022
60427,Monts,187,60,32,20792.0,22.4,25.4,insee_stats_dep_2022
60428,Le Mont-Saint-Adrien,652,60,32,19695.0,25.0,26.3,insee_stats_dep_2022
60429,Morangles,412,60,32,16862.0,24.6,24.2,insee_stats_dep_2022
60430,Morienval,1035,60,32,24113.0,17.0,17.4,insee_stats_dep_2022
60431,Morlincourt,500,60,32,22649.0,16.7,19.6,insee_stats_dep_2022
60432,Mortefontaine,834,60,32,24571.0,15.1,18.0,insee_stats_dep_2022
60433,Mortefontaine-en-Thelle,958,60,32,22496.0,20.5,23.1,insee_stats_dep_2022
60434,Mortemer,220,60,32,22181.0,18.0,19.8,insee_stats_dep_2022
60435,Morvillers,506,60,32,15393.0,32.0,36.6,insee_stats_dep_2022
60436,Mory-Montcrux,84,60,32,18070.0,26.1,31.1,insee_stats_dep_2022
60437,Mouchy-le-Châtel,72,60,32,23681.0,19.7,19.4,insee_stats_dep_2022
60438,Moulin-sous-Touvent,185,60,32,12900.0,32.1,26.8,insee_stats_dep_2022
60439,Mouy,5319,60,32,18553.0,21.1,21.7,insee_stats_dep_2022
60440,Moyenneville,575,60,32,17755.0,26.4,26.2,insee_stats_dep_2022
60441,Moyvillers,647,60,32,20263.0,20.4,19.7,insee_stats_dep_2022
60442,Muidorge,133,60,32,17051.0,27.1,25.6,insee_stats_dep_2022
60443,Muirancourt,587,60,32,22813.0,23.3,21.3,insee_stats_dep_2022
60444,Mureaumont,141,60,32,16723.0,24.5,20.6,insee_stats_dep_2022
60445,Nampcel,293,60,32,19197.0,25.8,27.5,insee_stats_dep_2022
60446,Nanteuil-le-Haudouin,4258,60,32,25802.0,18.3,18.7,insee_stats_dep_2022
60447,Néry,670,60,32,13966.0,25.6,27.4,insee_stats_dep_2022
60448,Neufchelles,386,60,32,16419.0,28.7,25.4,insee_stats_dep_2022
60449,Neufvy-sur-Aronde,280,60,32,21909.0,22.6,26.4,insee_stats_dep_2022
60450,Neuilly-en-Thelle,4127,60,32,28566.0,13.3,14.0,insee_stats_dep_2022
60451,Neuilly-sous-Clermont,1571,60,32,21102.0,22.5,25.3,insee_stats_dep_2022
60452,Neuville-Bosc,472,60,32,20401.0,22.5,20.9,insee_stats_dep_2022
60454,La Neuville-en-Hez,961,60,32,24583.0,19.0,20.0,insee_stats_dep_2022
60456,La Neuville-Roy,897,60,32,20271.0,24.5,24.0,insee_stats_dep_2022
60457,La Neuville-Saint-Pierre,162,60,32,17338.0,29.4,32.0,insee_stats_dep_2022
60458,La Neuville-sur-Oudeuil,301,60,32,18512.0,24.6,25.9,insee_stats_dep_2022
60459,La Neuville-sur-Ressons,200,60,32,23934.0,20.6,24.1,insee_stats_dep_2022
60460,La Neuville-Vault,213,60,32,18105.0,27.6,24.4,insee_stats_dep_2022
60461,Nivillers,213,60,32,18082.0,29.5,34.4,insee_stats_dep_2022
60462,Noailles,2877,60,32,23058.0,22.1,19.4,insee_stats_dep_2022
60463,Nogent-sur-Oise,21907,60,32,21469.0,18.7,21.6,insee_stats_dep_2022
60464,Nointel,1170,60,32,27835.0,12.5,11.6,insee_stats_dep_2022
60465,Noirémont,194,60,32,17835.0,27.6,27.1,insee_stats_dep_2022
60466,Noroy,247,60,32,13692.0,35.9,37.7,insee_stats_dep_2022
60468,Nourard-le-Franc,301,60,32,19088.0,26.4,21.5,insee_stats_dep_2022
60469,Novillers,392,60,32,21520.0,19.2,16.5,insee_stats_dep_2022
60470,Noyers-Saint-Martin,887,60,32,21498.0,22.3,19.6,insee_stats_dep_2022
60471,Noyon,12971,60,32,19497.0,26.4,28.6,insee_stats_dep_2022
60472,Offoy,109,60,32,20102.0,23.4,23.4,insee_stats_dep_2022
60473,Ognes,346,60,32,21433.0,23.9,27.8,insee_stats_dep_2022
60474,Ognolles,285,60,32,19083.0,25.5,25.3,insee_stats_dep_2022
60476,Omécourt,201,60,32,16131.0,28.0,30.7,insee_stats_dep_2022
60477,Ons-en-Bray,1367,60,32,16159.0,25.9,29.5,insee_stats_dep_2022
60478,Ormoy-le-Davien,375,60,32,23547.0,17.6,14.5,insee_stats_dep_2022
60479,Ormoy-Villers,805,60,32,18191.0,25.0,29.0,insee_stats_dep_2022
60480,Oroër,537,60,32,16760.0,27.7,28.9,insee_stats_dep_2022
60481,Orrouy,572,60,32,15878.0,28.1,25.3,insee_stats_dep_2022
60482,Orry-la-Ville,3583,60,32,23573.0,17.7,20.5,insee_stats_dep_2022
60483,Orvillers-Sorel,513,60,32,18701.0,28.0,26.1,insee_stats_dep_2022
60484,Oudeuil,293,60,32,19330.0,24.0,26.9,insee_stats_dep_2022
60485,Oursel-Maison,248,60,32,22768.0,19.7,22.1,insee_stats_dep_2022
60486,Paillart,576,60,32,23535.0,17.2,14.7,insee_stats_dep_2022
60487,Parnes,313,60,32,18368.0,27.1,27.7,insee_stats_dep_2022
60488,Passel,271,60,32,21906.0,18.4,20.6,insee_stats_dep_2022
60489,Péroy-les-Gombries,1224,60,32,18241.0,25.6,21.4,insee_stats_dep_2022
60490,Pierrefitte-en-Beauvaisis,365,60,32,16619.0,29.2,23.6,insee_stats_dep_2022
60491,Pierrefonds,1877,60,32,25356.0,17.4,17.9,insee_stats_dep_2022
60492,Pimprez,848,60,32,18133.0,27.2,27.1,insee_stats_dep_2022
60493,Pisseleu,519,60,32,20445.0,19.5,16.6,insee_stats_dep_2022
60494,Plailly,1786,60,32,15229.0,29.2,25.9,insee_stats_dep_2022
60495,Plainval,422,60,32,18503.0,24.6,29.2,insee_stats_dep_2022
60496,Plainville,159,60,32,19572.0,24.9,29.1,insee_stats_dep_2022
60497,Le Plessier-sur-Bulles,213,60,32,18501.0,23.0,20.7,insee_stats_dep_2022
60498,Le Plessier-sur-Saint-Just,521,60,32,18903.0,27.3,27.6,insee_stats_dep_2022
60499,Plessis-de-Roye,245,60,32,25175.0,18.2,21.2,insee_stats_dep_2022
60500,Le Plessis-Belleville,4009,60,32,20869.0,21.3,18.9,insee_stats_dep_2022
60501,Le Plessis-Brion,1298,60,32,17071.0,26.0,25.4,insee_stats_dep_2022
60502,Le Plessis-Patte-d'Oie,113,60,32,20551.0,24.1,19.4,insee_stats_dep_2022
60503,Le Ployron,112,60,32,23922.0,17.7,17.0,insee_stats_dep_2022
60504,Ponchon,1163,60,32,15949.0,28.2,26.0,insee_stats_dep_2022
60505,Pontarmé,905,60,32,19878.0,22.0,17.9,insee_stats_dep_2022
60506,Pont-l'Évêque,648,60,32,17730.0,30.4,34.7,insee_stats_dep_2022
60507,Pontoise-lès-Noyon,427,60,32,19343.0,25.4,26.7,insee_stats_dep_2022
60508,Pontpoint,3275,60,32,16738.0,26.3,27.5,insee_stats_dep_2022
60509,Pont-Sainte-Maxence,12361,60,32,24884.0,20.2,22.4,insee_stats_dep_2022
60510,Porcheux,677,60,32,20268.0,24.6,27.8,insee_stats_dep_2022
60511,Porquéricourt,416,60,32,24399.0,19.3,19.3,insee_stats_dep_2022
60512,Pouilly,148,60,32,22897.0,17.8,16.6,insee_stats_dep_2022
60513,Précy-sur-Oise,3332,60,32,20883.0,22.6,22.8,insee_stats_dep_2022
60514,Prévillers,251,60,32,20635.0,24.5,28.1,insee_stats_dep_2022
60515,Pronleroy,365,60,32,20186.0,23.4,26.5,insee_stats_dep_2022
60516,Puiseux-en-Bray,398,60,32,19842.0,23.5,20.3,insee_stats_dep_2022
60517,Puiseux-le-Hauberger,877,60,32,21296.0,22.1,18.4,insee_stats_dep_2022
60518,Puits-la-Vallée,203,60,32,16045.0,30.3,27.5,insee_stats_dep_2022
60519,Quesmy,171,60,32,21846.0,18.1,17.7,insee_stats_dep_2022
60520,Le Quesnel-Aubry,217,60,32,16312.0,29.2,29.6,insee_stats_dep_2022
60521,Quincampoix-Fleuzy,410,60,32,19902.0,24.5,25.3,insee_stats_dep_2022
60522,Quinquempoix,320,60,32,23278.0,19.6,16.9,insee_stats_dep_2022
60523,Rainvillers,895,60,32,18345.0,24.7,29.6,insee_stats_dep_2022
60524,Rantigny,2524,60,32,20905.0,21.9,21.3,insee_stats_dep_2022
60525,Raray,127,60,32,22351.0,19.7,16.3,insee_stats_dep_2022
60526,Ravenel,1041,60,32,20592.0,23.5,20.9,insee_stats_dep_2022
60527,Réez-Fosse-Martin,140,60,32,17211.0,25.3,20.5,insee_stats_dep_2022
60528,Reilly,115,60,32,21088.0,23.2,24.7,insee_stats_dep_2022
60529,Rémécourt,78,60,32,18003.0,24.5,21.3,insee_stats_dep_2022
60530,Rémérangles,210,60,32,14929.0,26.5,23.7,insee_stats_dep_2022
60531,Remy,1928,60,32,22323.0,23.7,20.8,insee_stats_dep_2022
60533,Ressons-sur-Matz,1727,60,32,19386.0,25.2,29.1,insee_stats_dep_2022
60534,Rethondes,647,60,32,24587.0,18.1,14.6,insee_stats_dep_2022
60535,Reuil-sur-Brêche,329,60,32,18972.0,22.1,26.3,insee_stats_dep_2022
60536,Rhuis,134,60,32,17927.0,25.0,22.9,insee_stats_dep_2022
60537,Ribécourt-Dreslincourt,3871,60,32,24189.0,19.6,17.1,insee_stats_dep_2022
60538,Ricquebourg,298,60,32,19448.0,26.1,22.2,insee_stats_dep_2022
60539,Rieux,1559,60,32,19397.0,25.8,23.9,insee_stats_dep_2022
60540,Rivecourt,639,60,32,15985.0,23.3,27.4,insee_stats_dep_2022
60541,Roberval,350,60,32,27936.0,11.1,13.2,insee_stats_dep_2022
60542,Rochy-Condé,995,60,32,19308.0,22.1,19.6,insee_stats_dep_2022
60543,Rocquemont,117,60,32,22593.0,19.8,23.5,insee_stats_dep_2022
60544,Rocquencourt,184,60,32,16475.0,26.7,22.7,insee_stats_dep_2022
60545,Romescamps,560,60,32,16377.0,28.9,29.7,insee_stats_dep_2022
60546,Rosières,139,60,32,24668.0,20.0,21.7,insee_stats_dep_2022
60547,Rosoy,622,60,32,22554.0,18.9,20.2,insee_stats_dep_2022
60548,Rosoy-en-Multien,604,60,32,15615.0,32.5,37.9,insee_stats_dep_2022
60549,Rotangy,235,60,32,17511.0,24.4,29.2,insee_stats_dep_2022
60550,Rothois,227,60,32,17829.0,26.2,30.1,insee_stats_dep_2022
60551,Rousseloy,277,60,32,16889.0,26.3,29.0,insee_stats_dep_2022
60552,Rouville,254,60,32,21785.0,18.8,16.1,insee_stats_dep_2022
60553,Rouvillers,277,60,32,20680.0,24.6,23.5,insee_stats_dep_2022
60554,Rouvres-en-Multien,471,60,32,20440.0,21.9,23.1,insee_stats_dep_2022
60555,Rouvroy-les-Merles,71,60,32,16201.0,26.1,30.7,insee_stats_dep_2022
60556,Royaucourt,215,60,32,13612.0,31.5,32.1,insee_stats_dep_2022
60557,Roy-Boissy,328,60,32,26910.0,14.1,15.8,insee_stats_dep_2022
60558,Roye-sur-Matz,448,60,32,23778.0,17.6,14.7,insee_stats_dep_2022
60559,La Rue-Saint-Pierre,855,60,32,17351.0,31.4,29.1,insee_stats_dep_2022
60560,Rully,757,60,32,13321.0,32.9,36.1,insee_stats_dep_2022
60561,Russy-Bémont,247,60,32,22627.0,21.9,24.1,insee_stats_dep_2022
60562,Sacy-le-Grand,1573,60,32,17298.0,27.3,28.2,insee_stats_dep_2022
60563,Sacy-le-Petit,638,60,32,22789.0,16.8,19.5,insee_stats_dep_2022
60564,Sains-Morainvillers,272,60,32,19557.0,27.0,26.4,insee_stats_dep_2022
60565,Saint-André-Farivillers,514,60,32,20631.0,24.1,24.7,insee_stats_dep_2022
60566,Saint-Arnoult,202,60,32,15976.0,29.6,29.0,insee_stats_dep_2022
60567,Saint-Aubin-en-Bray,1174,60,32,23688.0,18.3,15.6,insee_stats_dep_2022
60568,Saint-Aubin-sous-Erquery,349,60,32,19711.0,23.0,21.8,insee_stats_dep_2022
60569,Saint-Crépin-aux-Bois,189,60,32,20875.0,23.6,27.1,insee_stats_dep_2022
60570,Saint-Crépin-Ibouvillers,1637,60,32,23965.0,18.9,15.3,insee_stats_dep_2022
60571,Saint-Deniscourt,80,60,32,22594.0,18.6,17.2,insee_stats_dep_2022
60572,Saint-Étienne-Roilaye,301,60,32,18886.0,28.6,27.1,insee_stats_dep_2022
60573,Sainte-Eusoye,331,60,32,18036.0,22.7,23.1,insee_stats_dep_2022
60574,Saint-Félix,618,60,32,17226.0,25.7,21.6,insee_stats_dep_2022
60575,Sainte-Geneviève,3505,60,32,22158.0,21.4,18.5,insee_stats_dep_2022
60576,Saint-Germain-la-Poterie,439,60,32,20748.0,20.2,23.0,insee_stats_dep_2022
60577,Saint-Germer-de-Fly,1662,60,32,15629.0,30.4,34.8,insee_stats_dep_2022
60578,Saintines,1060,60,32,16545.0,27.8,32.4,insee_stats_dep_2022
60579,Saint-Jean-aux-Bois,345,60,32,14124.0,33.3,32.6,insee_stats_dep_2022
60581,Saint-Just-en-Chaussée,5810,60,32,22895.0,21.6,18.4,insee_stats_dep_2022
60582,Saint-Léger-aux-Bois,735,60,32,21628.0,18.7,18.2,insee_stats_dep_2022
60583,Saint-Léger-en-Bray,378,60,32,15473.0,27.3,32.6,insee_stats_dep_2022
60584,Saint-Leu-d'Esserent,4638,60,32,23054.0,19.8,21.2,insee_stats_dep_2022
60585,Saint-Martin-aux-Bois,263,60,32,19195.0,25.2,22.3,insee_stats_dep_2022
60586,Saint-Martin-le-Nœud,1108,60,32,21596.0,21.2,19.8,insee_stats_dep_2022
60587,Saint-Martin-Longueau,1449,60,32,17981.0,26.8,26.9,insee_stats_dep_2022
60588,Saint-Maur,397,60,32,17426.0,26.7,25.8,insee_stats_dep_2022
60589,Saint-Maximin,3335,60,32,21058.0,20.9,22.1,insee_stats_dep_2022
60590,Saint-Omer-en-Chaussée,1172,60,32,18624.0,28.1,22.7,insee_stats_dep_2022
60591,Saint-Paul,1633,60,32,15218.0,31.7,26.6,insee_stats_dep_2022
60592,Saint-Pierre-es-Champs,672,60,32,20803.0,24.5,25.2,insee_stats_dep_2022
60593,Saint-Pierre-lès-Bitry,153,60,32,18836.0,23.3,21.1,insee_stats_dep_2022
60594,Saint-Quentin-des-Prés,285,60,32,29379.0,10.7,8.6,insee_stats_dep_2022
60595,Saint-Remy-en-l'Eau,431,60,32,12900.0,32.2,28.9,insee_stats_dep_2022
60596,Saint-Samson-la-Poterie,225,60,32,23606.0,21.1,24.7,insee_stats_dep_2022
60597,Saint-Sauveur,1751,60,32,19112.0,23.5,23.1,insee_stats_dep_2022
60598,Saint-Sulpice,1079,60,32,20917.0,21.5,22.7,insee_stats_dep_2022
60599,Saint-Thibault,281,60,32,23039.0,23.1,19.7,insee_stats_dep_2022
60600,Saint-Vaast-de-Longmont,654,60,32,16408.0,30.0,30.8,insee_stats_dep_2022
60601,Saint-Vaast-lès-Mello,984,60,32,18738.0,29.0,30.8,insee_stats_dep_2022
60602,Saint-Valery,53,60,32,21047.0,20.8,23.0,insee_stats_dep_2022
60603,Salency,897,60,32,13590.0,33.6,31.7,insee_stats_dep_2022
60604,Sarcus,262,60,32,19444.0,26.6,24.5,insee_stats_dep_2022
60605,Sarnois,351,60,32,23119.0,22.6,25.2,insee_stats_dep_2022
60608,Le Saulchoy,105,60,32,19864.0,26.1,22.0,insee_stats_dep_2022
60609,Savignies,933,60,32,18755.0,26.1,28.7,insee_stats_dep_2022
60610,Sempigny,760,60,32,18901.0,24.4,23.7,insee_stats_dep_2022
60611,Senantes,577,60,32,19863.0,21.3,19.1,insee_stats_dep_2022
60612,Senlis,15157,60,32,23764.0,19.1,18.0,insee_stats_dep_2022
60613,Senots,331,60,32,18831.0,25.2,26.5,insee_stats_dep_2022
60614,Serans,184,60,32,20027.0,24.1,26.7,insee_stats_dep_2022
60615,Sérévillers,132,60,32,19236.0,23.7,22.7,insee_stats_dep_2022
60616,Sérifontaine,2784,60,32,17580.0,27.7,27.2,insee_stats_dep_2022
60617,Sermaize,271,60,32,24479.0,18.8,15.6,insee_stats_dep_2022
60618,Séry-Magneval,269,60,32,24892.0,16.2,18.0,insee_stats_dep_2022
60619,Silly-le-Long,1217,60,32,16103.0,33.4,31.6,insee_stats_dep_2022
60620,Silly-Tillard,450,60,32,25309.0,12.7,13.3,insee_stats_dep_2022
60621,Solente,130,60,32,17944.0,27.0,30.7,insee_stats_dep_2022
60622,Sommereux,481,60,32,17932.0,25.9,21.2,insee_stats_dep_2022
60623,Songeons,926,60,32,18011.0,25.4,21.6,insee_stats_dep_2022
60624,Sully,165,60,32,17336.0,29.5,29.6,insee_stats_dep_2022
60625,Suzoy,518,60,32,17102.0,30.3,27.9,insee_stats_dep_2022
60626,Talmontiers,643,60,32,17328.0,25.6,22.3,insee_stats_dep_2022
60627,Tartigny,250,60,32,20613.0,24.4,21.0,insee_stats_dep_2022
60628,Therdonne,1225,60,32,22585.0,23.3,27.5,insee_stats_dep_2022
60629,Thérines,196,60,32,23770.0,20.7,24.5,insee_stats_dep_2022
60630,Thibivillers,217,60,32,20938.0,22.6,21.8,insee_stats_dep_2022
60631,Thiers-sur-Thève,1090,60,32,22332.0,21.5,20.4,insee_stats_dep_2022
60632,Thiescourt,750,60,32,12900.0,31.8,34.3,insee_stats_dep_2022
60633,Thieuloy-Saint-Antoine,379,60,32,12900.0,34.2,38.7,insee_stats_dep_2022
60634,Thieux,438,60,32,21397.0,22.3,24.9,insee_stats_dep_2022
60635,Thiverny,1041,60,32,17007.0,24.6,24.1,insee_stats_dep_2022
60636,Thourotte,4463,60,32,18642.0,26.8,27.9,insee_stats_dep_2022
60637,Thury-en-Valois,462,60,32,19400.0,23.6,23.0,insee_stats_dep_2022
60638,Thury-sous-Clermont,667,60,32,15769.0,29.8,24.9,insee_stats_dep_2022
60639,Tillé,1258,60,32,21685.0,18.5,21.5,insee_stats_dep_2022
60640,Tourly,161,60,32,19396.0,24.1,20.1,insee_stats_dep_2022
60641,Tracy-le-Mont,1686,60,32,18213.0,28.8,27.6,insee_stats_dep_2022
60642,Tracy-le-Val,1037,60,32,15033.0,31.5,28.9,insee_stats_dep_2022
60643,Tricot,1392,60,32,19249.0,25.1,28.6,insee_stats_dep_2022
60644,Trie-Château,1875,60,32,23477.0,17.9,14.8,insee_stats_dep_2022
60645,Trie-la-Ville,303,60,32,20151.0,22.5,25.1,insee_stats_dep_2022
60646,Troissereux,1374,60,32,17830.0,27.3,32.1,insee_stats_dep_2022
60647,Trosly-Breuil,2077,60,32,20982.0,21.5,21.0,insee_stats_dep_2022
60648,Troussencourt,314,60,32,16652.0,27.7,32.2,insee_stats_dep_2022
60650,Trumilly,522,60,32,18984.0,26.0,21.7,insee_stats_dep_2022
60651,Ully-Saint-Georges,1941,60,32,20604.0,24.1,28.7,insee_stats_dep_2022
60652,Valdampierre,941,60,32,16467.0,27.4,26.5,insee_stats_dep_2022
60653,Valescourt,295,60,32,18267.0,26.3,31.5,insee_stats_dep_2022
60654,Vandélicourt,254,60,32,26054.0,14.3,12.2,insee_stats_dep_2022
60655,Varesnes,367,60,32,13578.0,32.2,33.5,insee_stats_dep_2022
60656,Varinfroy,265,60,32,24517.0,22.2,22.2,insee_stats_dep_2022
60657,Vauchelles,246,60,32,25091.0,16.7,14.4,insee_stats_dep_2022
60658,Vauciennes,701,60,32,16337.0,26.6,21.9,insee_stats_dep_2022
60659,Vaudancourt,159,60,32,22840.0,20.9,24.8,insee_stats_dep_2022
60660,Le Vaumain,401,60,32,18410.0,25.0,24.5,insee_stats_dep_2022
60661,Vaumoise,998,60,32,16577.0,24.8,25.2,insee_stats_dep_2022
60662,Le Vauroux,495,60,32,20477.0,24.3,24.6,insee_stats_dep_2022
60663,Velennes,227,60,32,20664.0,22.5,20.0,insee_stats_dep_2022
60664,Vendeuil-Caply,447,60,32,17279.0,26.8,27.7,insee_stats_dep_2022
60665,Venette,2758,60,32,23106.0,19.1,20.7,insee_stats_dep_2022
60666,Ver-sur-Launette,1130,60,32,16780.0,25.7,26.9,insee_stats_dep_2022
60667,Verberie,3898,60,32,21937.0,19.5,22.6,insee_stats_dep_2022
60668,Verderel-lès-Sauqueuse,721,60,32,27524.0,15.8,17.0,insee_stats_dep_2022
60669,Verderonne,483,60,32,17585.0,27.8,26.7,insee_stats_dep_2022
60670,Verneuil-en-Halatte,4775,60,32,21126.0,21.3,19.8,insee_stats_dep_2022
60671,Versigny,349,60,32,16622.0,29.3,29.0,insee_stats_dep_2022
60672,Vez,285,60,32,16549.0,33.0,38.6,insee_stats_dep_2022
60673,Viefvillers,211,60,32,15315.0,29.5,27.7,insee_stats_dep_2022
60674,Vieux-Moulin,593,60,32,16522.0,29.5,31.7,insee_stats_dep_2022
60675,Vignemont,417,60,32,22707.0,21.7,19.5,insee_stats_dep_2022
60676,Ville,741,60,32,20891.0,20.2,16.2,insee_stats_dep_2022
60677,Villembray,247,60,32,15897.0,26.8,29.7,insee_stats_dep_2022
60678,Villeneuve-les-Sablons,1196,60,32,15036.0,33.0,38.3,insee_stats_dep_2022
60679,La Villeneuve-sous-Thury,140,60,32,19344.0,22.9,22.9,insee_stats_dep_2022
60680,Villeneuve-sur-Verberie,724,60,32,13827.0,30.4,30.4,insee_stats_dep_2022
60681,Villers-Saint-Barthélemy,474,60,32,17374.0,29.9,32.4,insee_stats_dep_2022
60682,Villers-Saint-Frambourg-Ognon,726,60,32,13716.0,35.3,33.0,insee_stats_dep_2022
60683,Villers-Saint-Genest,386,60,32,20953.0,22.2,23.2,insee_stats_dep_2022
60684,Villers-Saint-Paul,6480,60,32,20817.0,19.9,23.3,insee_stats_dep_2022
60685,Villers-Saint-Sépulcre,951,60,32,20772.0,25.4,29.4,insee_stats_dep_2022
60686,Villers-sous-Saint-Leu,2284,60,32,22503.0,24.3,22.1,insee_stats_dep_2022
60687,Villers-sur-Auchy,370,60,32,18535.0,23.6,23.2,insee_stats_dep_2022
60688,Villers-sur-Bonnières,130,60,32,18065.0,25.3,26.8,insee_stats_dep_2022
60689,Villers-sur-Coudun,1421,60,32,20928.0,19.5,22.9,insee_stats_dep_2022
60691,Villers-Vermont,123,60,32,21598.0,22.1,21.4,insee_stats_dep_2022
60692,Villers-Vicomte,162,60,32,22131.0,25.5,20.6,insee_stats_dep_2022
60693,Villeselve,379,60,32,19619.0,24.5,26.2,insee_stats_dep_2022
60694,Les Hauts-Talican,542,60,32,20396.0,24.7,25.5,insee_stats_dep_2022
60695,Vineuil-Saint-Firmin,1380,60,32,23573.0,20.8,17.4,insee_stats_dep_2022
60697,Vrocourt,33,60,32,19818.0,20.7,18.3,insee_stats_dep_2022
60698,Wacquemoulin,283,60,32,19079.0,25.9,25.2,insee_stats_dep_2022
60699,Wambez,158,60,32,15788.0,28.3,26.5,insee_stats_dep_2022
60700,Warluis,1218,60,32,20058.0,25.9,30.2,insee_stats_dep_2022
60701,Wavignies,1341,60,32,18749.0,26.4,28.3,insee_stats_dep_2022
60702,Welles-Pérennes,233,60,32,15768.0,29.8,25.7,insee_stats_dep_2022
60703,Aux Marais,921,60,32,23851.0,13.7,15.0,insee_stats_dep_2022
62001,Ablain-Saint-Nazaire,1994,62,32,17904.0,25.3,28.8,insee_stats_dep_2022
62002,Ablainzevelle,208,62,32,23139.0,17.4,15.9,insee_stats_dep_2022
62003,Acheville,576,62,32,13474.0,32.4,29.0,insee_stats_dep_2022
62004,Achicourt,7873,62,32,19816.0,24.8,20.0,insee_stats_dep_2022
62005,Achiet-le-Grand,974,62,32,16062.0,31.9,28.1,insee_stats_dep_2022
62006,Achiet-le-Petit,320,62,32,18266.0,26.0,25.0,insee_stats_dep_2022
62007,Acq,783,62,32,18789.0,23.0,21.9,insee_stats_dep_2022
62008,Acquin-Westbécourt,802,62,32,20515.0,23.0,19.3,insee_stats_dep_2022
62009,Adinfer,287,62,32,14873.0,29.8,25.2,insee_stats_dep_2022
62010,Affringues,254,62,32,18475.0,27.0,24.5,insee_stats_dep_2022
62011,Agnez-lès-Duisans,621,62,32,15610.0,30.4,27.8,insee_stats_dep_2022
62012,Agnières,255,62,32,18400.0,22.0,21.0,insee_stats_dep_2022
62013,Agny,1871,62,32,19937.0,22.6,24.5,insee_stats_dep_2022
62014,Aire-sur-la-Lys,9598,62,32,18591.0,27.5,25.7,insee_stats_dep_2022
62015,Airon-Notre-Dame,261,62,32,20659.0,23.4,25.1,insee_stats_dep_2022
62016,Airon-Saint-Vaast,185,62,32,14269.0,33.0,33.4,insee_stats_dep_2022
62017,Aix-en-Ergny,194,62,32,16391.0,27.2,30.0,insee_stats_dep_2022
62018,Aix-en-Issart,264,62,32,21126.0,22.6,19.6,insee_stats_dep_2022
62019,Aix-Noulette,3902,62,32,19760.0,20.4,20.6,insee_stats_dep_2022
62020,Alembon,624,62,32,19227.0,24.2,27.9,insee_stats_dep_2022
62021,Alette,365,62,32,14158.0,28.5,30.3,insee_stats_dep_2022
62022,Alincthun,291,62,32,16546.0,30.7,36.5,insee_stats_dep_2022
62023,Allouagne,2823,62,32,21296.0,23.0,26.9,insee_stats_dep_2022
62024,Alquines,973,62,32,22870.0,20.3,17.3,insee_stats_dep_2022
62025,Ambleteuse,2033,62,32,20728.0,22.4,26.9,insee_stats_dep_2022
62026,Ambricourt,118,62,32,14007.0,31.1,33.2,insee_stats_dep_2022
62027,Ambrines,211,62,32,20637.0,25.3,29.9,insee_stats_dep_2022
62028,Ames,676,62,32,19279.0,24.8,23.4,insee_stats_dep_2022
62029,Amettes,469,62,32,25381.0,16.3,19.0,insee_stats_dep_2022
62030,Amplier,297,62,32,15214.0,30.2,26.6,insee_stats_dep_2022
62031,Andres,1523,62,32,23207.0,17.8,17.3,insee_stats_dep_2022
62032,Angres,4641,62,32,16834.0,26.1,31.2,insee_stats_dep_2022
62033,Annay,4571,62,32,15968.0,30.4,27.0,insee_stats_dep_2022
62034,Annequin,2133,62,32,19586.0,27.1,21.8,insee_stats_dep_2022
62035,Annezin,5825,62,32,19810.0,27.0,25.2,insee_stats_dep_2022
62036,Anvin,700,62,32,16494.0,26.6,31.0,insee_stats_dep_2022
62037,Anzin-Saint-Aubin,2833,62,32,23361.0,20.5,20.8,insee_stats_dep_2022
62038,Ardres,4389,62,32,20654.0,21.0,18.4,insee_stats_dep_2022
62039,Arleux-en-Gohelle,960,62,32,22642.0,20.9,19.8,insee_stats_dep_2022
62040,Arques,9431,62,32,19045.0,22.0,18.8,insee_stats_dep_2022
62041,Arras,42875,62,32,22266.0,21.4,20.3,insee_stats_dep_2022
62042,Athies,1038,62,32,12786.0,33.8,38.0,insee_stats_dep_2022
62043,Les Attaques,2064,62,32,20575.0,21.0,18.6,insee_stats_dep_2022
62044,Attin,885,62,32,20017.0,24.2,27.4,insee_stats_dep_2022
62045,Aubigny-en-Artois,1489,62,32,18203.0,26.4,21.3,insee_stats_dep_2022
62046,Aubin-Saint-Vaast,733,62,32,18771.0,26.1,21.9,insee_stats_dep_2022
62047,Aubrometz,141,62,32,14483.0,33.4,31.6,insee_stats_dep_2022
62048,Auchel,10051,62,32,22034.0,22.1,20.2,insee_stats_dep_2022
62049,Auchy-au-Bois,548,62,32,14505.0,28.6,30.0,insee_stats_dep_2022
62050,Auchy-lès-Hesdin,1513,62,32,17624.0,24.0,19.7,insee_stats_dep_2022
62051,Auchy-les-Mines,4625,62,32,19476.0,26.2,30.3,insee_stats_dep_2022
62052,Audembert,424,62,32,16107.0,30.2,35.9,insee_stats_dep_2022
62053,Audincthun,684,62,32,20263.0,21.7,19.6,insee_stats_dep_2022
62054,Audinghen,617,62,32,11879.0,34.3,35.9,insee_stats_dep_2022
62055,Audrehem,521,62,32,16738.0,26.3,26.4,insee_stats_dep_2022
62056,Audresselles,608,62,32,15026.0,31.8,33.6,insee_stats_dep_2022
62057,Audruicq,5309,62,32,22219.0,22.3,22.1,insee_stats_dep_2022
62058,Aumerval,189,62,32,17037.0,25.3,27.0,insee_stats_dep_2022
62059,Autingues,293,62,32,18074.0,30.1,33.7,insee_stats_dep_2022
62060,Auxi-le-Château,2547,62,32,18807.0,29.1,30.4,insee_stats_dep_2022
62061,Averdoingt,295,62,32,19184.0,25.4,23.6,insee_stats_dep_2022
62062,Avesnes,46,62,32,18281.0,20.4,24.2,insee_stats_dep_2022
62063,Avesnes-le-Comte,1840,62,32,21465.0,25.0,25.3,insee_stats_dep_2022
62064,Avesnes-lès-Bapaume,174,62,32,20009.0,27.0,28.2,insee_stats_dep_2022
62065,Avion,17435,62,32,16750.0,28.0,29.1,insee_stats_dep_2022
62066,Avondance,33,62,32,16401.0,28.3,29.5,insee_stats_dep_2022
62067,Avroult,536,62,32,21339.0,22.6,19.6,insee_stats_dep_2022
62068,Ayette,330,62,32,17940.0,26.3,23.8,insee_stats_dep_2022
62069,Azincourt,302,62,32,22723.0,19.8,18.1,insee_stats_dep_2022
62070,Bailleul-aux-Cornailles,264,62,32,19694.0,23.1,21.4,insee_stats_dep_2022
62071,Bailleul-lès-Pernes,408,62,32,20688.0,23.1,25.8,insee_stats_dep_2022
62072,Bailleulmont,213,62,32,15306.0,30.9,31.6,insee_stats_dep_2022
62073,Bailleul-Sir-Berthoult,1429,62,32,14567.0,31.6,26.5,insee_stats_dep_2022
62074,Bailleulval,237,62,32,19669.0,22.2,22.1,insee_stats_dep_2022
62075,Baincthun,1324,62,32,16019.0,28.0,28.1,insee_stats_dep_2022
62076,Bainghen,208,62,32,19874.0,25.2,22.9,insee_stats_dep_2022
62077,Bajus,355,62,32,19474.0,24.0,23.1,insee_stats_dep_2022
62078,Balinghem,1220,62,32,15923.0,25.2,27.7,insee_stats_dep_2022
62079,Bancourt,83,62,32,17252.0,26.7,30.3,insee_stats_dep_2022
62080,Bapaume,3779,62,32,23203.0,20.0,19.6,insee_stats_dep_2022
62081,Baralle,434,62,32,22128.0,19.7,18.1,insee_stats_dep_2022
62082,Barastre,308,62,32,21224.0,21.6,23.1,insee_stats_dep_2022
62083,Barlin,7331,62,32,21462.0,21.4,20.7,insee_stats_dep_2022
62084,Barly,199,62,32,13541.0,32.9,37.5,insee_stats_dep_2022
62085,Basseux,129,62,32,20046.0,24.2,26.4,insee_stats_dep_2022
62086,Bavincourt,417,62,32,15336.0,28.4,29.4,insee_stats_dep_2022
62087,Bayenghem-lès-Éperlecques,1018,62,32,19374.0,24.0,19.8,insee_stats_dep_2022
62088,Bayenghem-lès-Seninghem,354,62,32,16849.0,28.1,29.3,insee_stats_dep_2022
62089,Bazinghen,410,62,32,20446.0,20.4,18.3,insee_stats_dep_2022
62090,Béalencourt,139,62,32,20983.0,22.6,23.7,insee_stats_dep_2022
62091,Beaudricourt,98,62,32,18290.0,22.0,20.1,insee_stats_dep_2022
62092,Beaufort-Blavincourt,403,62,32,15793.0,32.9,29.5,insee_stats_dep_2022
62093,Beaulencourt,241,62,32,18484.0,23.4,27.2,insee_stats_dep_2022
62094,Beaumerie-Saint-Martin,379,62,32,12381.0,33.1,39.0,insee_stats_dep_2022
62095,Beaumetz-lès-Aire,222,62,32,16255.0,27.6,24.4,insee_stats_dep_2022
62096,Beaumetz-lès-Cambrai,528,62,32,20841.0,23.0,22.7,insee_stats_dep_2022
62097,Beaumetz-lès-Loges,1003,62,32,22448.0,16.7,15.3,insee_stats_dep_2022
62099,Beaurains,5559,62,32,19146.0,20.7,21.2,insee_stats_dep_2022
62100,Beaurainville,2014,62,32,13933.0,32.9,36.5,insee_stats_dep_2022
62101,Beauvois,133,62,32,21110.0,23.5,20.5,insee_stats_dep_2022
62102,Bécourt,280,62,32,17978.0,25.6,21.1,insee_stats_dep_2022
62103,Béhagnies,114,62,32,11892.0,34.1,38.4,insee_stats_dep_2022
62104,Bellebrune,427,62,32,17927.0,26.7,25.5,insee_stats_dep_2022
62105,Belle-et-Houllefort,503,62,32,20167.0,24.7,20.5,insee_stats_dep_2022
62106,Bellonne,212,62,32,18527.0,23.3,21.2,insee_stats_dep_2022
62107,Bénifontaine,330,62,32,17254.0,29.2,33.8,insee_stats_dep_2022
62108,Berck,12951,62,32,22051.0,21.2,20.5,insee_stats_dep_2022
62109,Bergueneuse,213,62,32,14280.0,34.4,30.3,insee_stats_dep_2022
62111,Berlencourt-le-Cauroy,277,62,32,20007.0,26.1,27.3,insee_stats_dep_2022
62112,Berles-au-Bois,553,62,32,13956.0,33.6,27.4,insee_stats_dep_2022
62113,Berles-Monchel,482,62,32,18059.0,28.3,23.5,insee_stats_dep_2022
62114,Bermicourt,164,62,32,18472.0,24.7,23.0,insee_stats_dep_2022
62115,Berneville,485,62,32,17997.0,24.4,20.6,insee_stats_dep_2022
62116,Bernieulles,162,62,32,21453.0,20.3,20.3,insee_stats_dep_2022
62117,Bertincourt,920,62,32,22724.0,19.0,16.6,insee_stats_dep_2022
62118,Béthonsart,155,62,32,18576.0,27.4,25.0,insee_stats_dep_2022
62119,Béthune,25224,62,32,20161.0,24.1,22.5,insee_stats_dep_2022
62120,Beugin,460,62,32,16252.0,29.1,30.6,insee_stats_dep_2022
62121,Beugnâtre,180,62,32,16050.0,29.3,29.9,insee_stats_dep_2022
62122,Beugny,351,62,32,19323.0,24.7,26.1,insee_stats_dep_2022
62123,Beussent,546,62,32,21399.0,24.1,21.9,insee_stats_dep_2022
62124,Beutin,436,62,32,20798.0,24.6,21.3,insee_stats_dep_2022
62125,Beuvrequen,458,62,32,16728.0,26.4,30.1,insee_stats_dep_2022
62126,Beuvry,9189,62,32,20519.0,25.4,26.8,insee_stats_dep_2022
62127,Bezinghem,367,62,32,19605.0,23.7,27.6,insee_stats_dep_2022
62128,Biache-Saint-Vaast,4568,62,32,21553.0,23.6,20.7,insee_stats_dep_2022
62129,Biefvillers-lès-Bapaume,93,62,32,20164.0,18.9,18.4,insee_stats_dep_2022
62130,Bienvillers-au-Bois,671,62,32,18954.0,24.3,23.7,insee_stats_dep_2022
62131,Bihucourt,286,62,32,20848.0,22.5,18.9,insee_stats_dep_2022
62132,Billy-Berclau,5093,62,32,21399.0,23.4,23.7,insee_stats_dep_2022
62133,Billy-Montigny,7937,62,32,19037.0,24.1,27.6,insee_stats_dep_2022
62134,Bimont,112,62,32,16929.0,25.3,23.0,insee_stats_dep_2022
62135,Blairville,304,62,32,16437.0,28.5,32.6,insee_stats_dep_2022
62137,Blangerval-Blangermont,95,62,32,16270.0,27.5,29.8,insee_stats_dep_2022
62138,Blangy-sur-Ternoise,715,62,32,16265.0,30.0,30.7,insee_stats_dep_2022
62139,Blendecques,4859,62,32,17349.0,28.2,25.8,insee_stats_dep_2022
62140,Bléquin,490,62,32,21649.0,20.7,23.3,insee_stats_dep_2022
62141,Blessy,907,62,32,12817.0,32.5,29.8,insee_stats_dep_2022
62142,Blingel,160,62,32,16346.0,28.2,29.4,insee_stats_dep_2022
62143,Boffles,46,62,32,20414.0,26.2,23.0,insee_stats_dep_2022
62144,Boiry-Becquerelle,478,62,32,14484.0,33.8,38.1,insee_stats_dep_2022
62145,Boiry-Notre-Dame,450,62,32,11700.0,30.0,24.9,insee_stats_dep_2022
62146,Boiry-Saint-Martin,255,62,32,20164.0,20.8,19.6,insee_stats_dep_2022
62147,Boiry-Sainte-Rictrude,389,62,32,17668.0,24.6,28.3,insee_stats_dep_2022
62148,Bois-Bernard,839,62,32,20646.0,25.1,27.8,insee_stats_dep_2022
62149,Boisdinghem,260,62,32,12945.0,35.3,31.0,insee_stats_dep_2022
62150,Boisjean,529,62,32,18899.0,24.3,24.8,insee_stats_dep_2022
62151,Boisleux-au-Mont,514,62,32,16417.0,26.8,30.9,insee_stats_dep_2022
62152,Boisleux-Saint-Marc,254,62,32,16522.0,27.3,31.2,insee_stats_dep_2022
62153,Bomy,615,62,32,19412.0,24.6,22.9,insee_stats_dep_2022
62154,Bonnières,659,62,32,21376.0,22.6,26.4,insee_stats_dep_2022
62155,Bonningues-lès-Ardres,637,62,32,19049.0,23.0,23.1,insee_stats_dep_2022
62156,Bonningues-lès-Calais,597,62,32,16787.0,30.3,31.5,insee_stats_dep_2022
62157,Boubers-lès-Hesmond,68,62,32,21496.0,26.0,28.8,insee_stats_dep_2022
62158,Boubers-sur-Canche,578,62,32,20867.0,23.6,25.4,insee_stats_dep_2022
62160,Boulogne-sur-Mer,40539,62,32,20485.0,25.0,23.8,insee_stats_dep_2022
62161,Bouquehault,788,62,32,19257.0,24.6,27.1,insee_stats_dep_2022
62162,Bourecq,568,62,32,18700.0,25.0,29.6,insee_stats_dep_2022
62163,Bouret-sur-Canche,239,62,32,18869.0,27.4,24.2,insee_stats_dep_2022
62164,Bourlon,1156,62,32,15506.0,29.1,25.5,insee_stats_dep_2022
62165,Bournonville,223,62,32,14693.0,27.9,23.6,insee_stats_dep_2022
62166,Bours,582,62,32,18425.0,29.1,26.8,insee_stats_dep_2022
62167,Boursin,236,62,32,19791.0,25.9,21.3,insee_stats_dep_2022
62168,Bourthes,860,62,32,22161.0,21.1,19.0,insee_stats_dep_2022
62169,Bouvelinghem,260,62,32,20777.0,25.7,21.9,insee_stats_dep_2022
62170,Bouvigny-Boyeffles,2398,62,32,19580.0,28.8,26.9,insee_stats_dep_2022
62171,Boyaval,147,62,32,16032.0,29.5,24.3,insee_stats_dep_2022
62172,Boyelles,366,62,32,17556.0,26.7,24.7,insee_stats_dep_2022
62173,Brebières,5283,62,32,22847.0,21.5,24.3,insee_stats_dep_2022
62174,Brêmes,1324,62,32,18959.0,24.4,26.1,insee_stats_dep_2022
62175,Brévillers,156,62,32,15889.0,30.1,33.6,insee_stats_dep_2022
62176,Bréxent-Énocq,634,62,32,18760.0,21.1,24.6,insee_stats_dep_2022
62177,Brimeux,868,62,32,16255.0,27.3,30.5,insee_stats_dep_2022
62178,Bruay-la-Buissière,21424,62,32,18686.0,28.0,33.6,insee_stats_dep_2022
62179,Brunembert,387,62,32,17005.0,28.1,32.0,insee_stats_dep_2022
62180,Brias,295,62,32,18213.0,26.4,24.6,insee_stats_dep_2022
62181,Bucquoy,1503,62,32,17585.0,25.1,24.1,insee_stats_dep_2022
62182,Buire-au-Bois,237,62,32,21365.0,22.2,25.6,insee_stats_dep_2022
62183,Buire-le-Sec,753,62,32,20642.0,24.5,22.5,insee_stats_dep_2022
62184,Buissy,284,62,32,14860.0,30.5,31.8,insee_stats_dep_2022
62185,Bullecourt,225,62,32,17510.0,28.4,33.2,insee_stats_dep_2022
62186,Bully-les-Mines,12146,62,32,20333.0,21.8,19.1,insee_stats_dep_2022
62187,Buneville,172,62,32,15916.0,26.6,28.8,insee_stats_dep_2022
62188,Burbure,2834,62,32,23162.0,23.8,21.7,insee_stats_dep_2022
62189,Bus,132,62,32,12466.0,36.2,40.6,insee_stats_dep_2022
62190,Busnes,1243,62,32,17752.0,28.4,34.0,insee_stats_dep_2022
62191,Caffiers,734,62,32,19378.0,23.0,24.6,insee_stats_dep_2022
62192,Cagnicourt,421,62,32,18583.0,22.4,20.5,insee_stats_dep_2022
62193,Calais,67571,62,32,21462.0,22.8,22.5,insee_stats_dep_2022
62194,Calonne-Ricouart,5369,62,32,19640.0,23.3,19.7,insee_stats_dep_2022
62195,Calonne-sur-la-Lys,1595,62,32,20382.0,23.2,25.5,insee_stats_dep_2022
62196,La Calotterie,582,62,32,21193.0,19.3,18.7,insee_stats_dep_2022
62197,Camblain-Châtelain,1762,62,32,15764.0,28.8,33.1,insee_stats_dep_2022
62198,Cambligneul,352,62,32,17382.0,26.9,27.0,insee_stats_dep_2022
62199,Camblain-l'Abbé,683,62,32,22095.0,21.2,19.4,insee_stats_dep_2022
62200,Cambrin,1263,62,32,16312.0,30.1,35.3,insee_stats_dep_2022
62201,Camiers,2582,62,32,19848.0,23.7,28.2,insee_stats_dep_2022
62202,Campagne-lès-Boulonnais,669,62,32,17043.0,23.8,28.3,insee_stats_dep_2022
62203,Campagne-lès-Guines,407,62,32,14321.0,31.2,36.1,insee_stats_dep_2022
62204,Campagne-lès-Hesdin,1943,62,32,22386.0,21.0,19.1,insee_stats_dep_2022
62205,Campagne-lès-Wardrecques,1301,62,32,16410.0,28.8,27.3,insee_stats_dep_2022
62206,Campigneulles-les-Grandes,295,62,32,14211.0,33.4,37.4,insee_stats_dep_2022
62207,Campigneulles-les-Petites,521,62,32,16173.0,25.9,25.9,insee_stats_dep_2022
62208,Canettemont,66,62,32,25638.0,15.3,14.8,insee_stats_dep_2022
62209,Canlers,168,62,32,19284.0,23.7,19.6,insee_stats_dep_2022
62211,Capelle-Fermont,223,62,32,19068.0,24.8,26.9,insee_stats_dep_2022
62212,Capelle-lès-Hesdin,474,62,32,23112.0,20.5,24.0,insee_stats_dep_2022
62213,Carency,819,62,32,21456.0,23.5,25.8,insee_stats_dep_2022
62214,Carly,638,62,32,17455.0,26.1,27.7,insee_stats_dep_2022
62215,Carvin,17909,62,32,17736.0,30.8,32.6,insee_stats_dep_2022
62216,La Cauchie,211,62,32,12713.0,31.3,25.2,insee_stats_dep_2022
62217,Cauchy-à-la-Tour,2593,62,32,22014.0,20.3,18.8,insee_stats_dep_2022
62218,Caucourt,331,62,32,18722.0,23.6,24.3,insee_stats_dep_2022
62219,Caumont,150,62,32,21174.0,18.9,17.7,insee_stats_dep_2022
62220,Cavron-Saint-Martin,423,62,32,16389.0,31.7,36.8,insee_stats_dep_2022
62221,Chelers,247,62,32,11700.0,32.0,32.3,insee_stats_dep_2022
62222,Chériennes,174,62,32,13657.0,29.3,27.4,insee_stats_dep_2022
62223,Chérisy,293,62,32,22146.0,22.2,23.4,insee_stats_dep_2022
62224,Chocques,2785,62,32,18864.0,26.7,28.0,insee_stats_dep_2022
62225,Clairmarais,593,62,32,18743.0,23.7,22.1,insee_stats_dep_2022
62227,Clenleu,186,62,32,15234.0,31.3,35.0,insee_stats_dep_2022
62228,Clerques,312,62,32,20462.0,22.2,20.7,insee_stats_dep_2022
62229,Cléty,805,62,32,19479.0,24.3,27.6,insee_stats_dep_2022
62230,Colembert,907,62,32,20199.0,19.3,18.9,insee_stats_dep_2022
62231,Colline-Beaumont,132,62,32,20012.0,27.5,27.1,insee_stats_dep_2022
62232,La Comté,879,62,32,18868.0,24.0,21.4,insee_stats_dep_2022
62233,Conchil-le-Temple,1073,62,32,15418.0,28.6,30.6,insee_stats_dep_2022
62234,Conchy-sur-Canche,222,62,32,19053.0,26.5,27.8,insee_stats_dep_2022
62235,Condette,2443,62,32,17143.0,30.0,35.5,insee_stats_dep_2022
62236,Contes,354,62,32,18950.0,25.6,25.5,insee_stats_dep_2022
62237,Conteville-lès-Boulogne,572,62,32,19414.0,23.8,25.9,insee_stats_dep_2022
62238,Conteville-en-Ternois,83,62,32,21251.0,20.3,19.1,insee_stats_dep_2022
62239,Coquelles,2638,62,32,19461.0,24.4,20.1,insee_stats_dep_2022
62240,Corbehem,2258,62,32,17447.0,28.2,24.2,insee_stats_dep_2022
62241,Cormont,309,62,32,19520.0,27.8,32.1,insee_stats_dep_2022
62242,Couin,76,62,32,16351.0,30.0,25.3,insee_stats_dep_2022
62243,Coullemont,111,62,32,18255.0,27.6,26.5,insee_stats_dep_2022
62244,Coulogne,5438,62,32,19856.0,24.9,22.2,insee_stats_dep_2022
62245,Coulomby,770,62,32,19318.0,24.2,26.1,insee_stats_dep_2022
62246,Coupelle-Neuve,146,62,32,20371.0,24.7,26.7,insee_stats_dep_2022
62247,Coupelle-Vieille,550,62,32,12100.0,35.7,34.4,insee_stats_dep_2022
62248,Courcelles-le-Comte,479,62,32,18198.0,25.2,22.8,insee_stats_dep_2022
62249,Courcelles-lès-Lens,7830,62,32,17950.0,27.6,25.4,insee_stats_dep_2022
62250,Courrières,10176,62,32,19450.0,23.0,23.5,insee_stats_dep_2022
62251,Courset,505,62,32,15497.0,30.3,32.6,insee_stats_dep_2022
62252,La Couture,2590,62,32,22239.0,22.7,22.7,insee_stats_dep_2022
62253,Couturelle,76,62,32,23979.0,20.5,16.9,insee_stats_dep_2022
62254,Coyecques,597,62,32,16240.0,26.6,27.0,insee_stats_dep_2022
62255,Crémarest,815,62,32,21612.0,24.3,20.6,insee_stats_dep_2022
62256,Crépy,159,62,32,15810.0,26.3,29.0,insee_stats_dep_2022
62257,Créquy,463,62,32,21419.0,24.9,25.2,insee_stats_dep_2022
62258,Croisette,318,62,32,21146.0,23.8,25.8,insee_stats_dep_2022
62259,Croisilles,1939,62,32,17393.0,24.6,21.0,insee_stats_dep_2022
62260,Croix-en-Ternois,333,62,32,18458.0,26.5,24.1,insee_stats_dep_2022
62261,Cucq,5129,62,32,19315.0,24.8,20.2,insee_stats_dep_2022
62262,Cuinchy,1784,62,32,18792.0,25.1,25.5,insee_stats_dep_2022
62263,Dainville,5683,62,32,18352.0,27.0,22.8,insee_stats_dep_2022
62264,Dannes,1311,62,32,20149.0,24.1,20.0,insee_stats_dep_2022
62265,Delettes,1124,62,32,18720.0,28.5,30.5,insee_stats_dep_2022
62266,Denier,94,62,32,17173.0,26.0,30.7,insee_stats_dep_2022
62267,Dennebrœucq,391,62,32,16859.0,25.9,24.1,insee_stats_dep_2022
62268,Desvres,4829,62,32,16087.0,28.5,34.0,insee_stats_dep_2022
62269,Diéval,709,62,32,18504.0,25.8,25.5,insee_stats_dep_2022
62270,Divion,6766,62,32,21719.0,20.9,17.6,insee_stats_dep_2022
62271,Dohem,826,62,32,14120.0,29.1,29.8,insee_stats_dep_2022
62272,Douchy-lès-Ayette,286,62,32,15383.0,28.3,24.2,insee_stats_dep_2022
62273,Doudeauville,593,62,32,18551.0,22.9,23.8,insee_stats_dep_2022
62274,Dourges,6139,62,32,21079.0,20.7,23.0,insee_stats_dep_2022
62275,Douriez,296,62,32,19257.0,24.7,26.7,insee_stats_dep_2022
62276,Douvrin,5867,62,32,18898.0,28.8,24.0,insee_stats_dep_2022
62277,Drocourt,2939,62,32,17910.0,25.4,28.5,insee_stats_dep_2022
62278,Drouvin-le-Marais,622,62,32,15120.0,30.3,26.7,insee_stats_dep_2022
62279,Duisans,1399,62,32,21483.0,24.1,24.0,insee_stats_dep_2022
62280,Dury,301,62,32,18183.0,27.4,26.7,insee_stats_dep_2022
62281,Echinghen,378,62,32,17813.0,29.5,29.1,insee_stats_dep_2022
62282,Éclimeux,178,62,32,23016.0,19.3,22.9,insee_stats_dep_2022
62283,Écoivres,124,62,32,12878.0,30.0,31.6,insee_stats_dep_2022
62284,Écourt-Saint-Quentin,1706,62,32,11700.0,35.7,30.7,insee_stats_dep_2022
62285,Écoust-Saint-Mein,485,62,32,18036.0,24.8,19.9,insee_stats_dep_2022
62286,Ecquedecques,511,62,32,19352.0,28.7,28.7,insee_stats_dep_2022
62288,Ecques,2181,62,32,21908.0,17.1,16.9,insee_stats_dep_2022
62289,Écuires,682,62,32,24512.0,17.7,18.9,insee_stats_dep_2022
62290,Écurie,370,62,32,17822.0,20.8,21.3,insee_stats_dep_2022
62291,Éleu-dit-Leauwette,2805,62,32,26618.0,13.5,14.6,insee_stats_dep_2022
62292,Elnes,836,62,32,22185.0,19.1,16.2,insee_stats_dep_2022
62293,Embry,241,62,32,12465.0,34.8,38.9,insee_stats_dep_2022
62295,Enquin-lez-Guinegatte,1594,62,32,12928.0,29.5,28.2,insee_stats_dep_2022
62296,Enquin-sur-Baillons,237,62,32,16152.0,30.9,35.3,insee_stats_dep_2022
62297,Éperlecques,3737,62,32,21894.0,25.6,26.0,insee_stats_dep_2022
62298,Épinoy,491,62,32,19547.0,21.7,17.4,insee_stats_dep_2022
62299,Eps,238,62,32,20104.0,22.9,24.3,insee_stats_dep_2022
62300,Équihen-Plage,2619,62,32,16322.0,30.4,33.5,insee_stats_dep_2022
62301,Équirre,71,62,32,17176.0,26.4,23.2,insee_stats_dep_2022
62302,Ergny,230,62,32,23578.0,21.2,20.5,insee_stats_dep_2022
62303,Érin,221,62,32,16370.0,32.4,26.0,insee_stats_dep_2022
62304,Erny-Saint-Julien,338,62,32,18611.0,24.8,21.6,insee_stats_dep_2022
62306,Ervillers,396,62,32,25271.0,20.2,18.5,insee_stats_dep_2022
62307,Escalles,223,62,32,22612.0,21.3,21.9,insee_stats_dep_2022
62308,Escœuilles,461,62,32,18284.0,26.3,28.4,insee_stats_dep_2022
62309,Esquerdes,1594,62,32,14930.0,30.3,29.6,insee_stats_dep_2022
62310,Essars,1753,62,32,22153.0,23.0,25.8,insee_stats_dep_2022
62311,Estevelles,1979,62,32,18427.0,27.7,25.6,insee_stats_dep_2022
62312,Estrée,304,62,32,19668.0,21.6,24.2,insee_stats_dep_2022
62313,Estrée-Blanche,913,62,32,15417.0,29.8,26.3,insee_stats_dep_2022
62314,Estrée-Cauchy,354,62,32,14428.0,31.8,35.6,insee_stats_dep_2022
62315,Estréelles,342,62,32,20658.0,21.4,21.7,insee_stats_dep_2022
62316,Estrée-Wamin,224,62,32,19690.0,25.0,29.6,insee_stats_dep_2022
62317,Étaing,476,62,32,14605.0,32.6,33.8,insee_stats_dep_2022
62318,Étaples,10710,62,32,22960.0,20.3,17.4,insee_stats_dep_2022
62319,Éterpigny,252,62,32,19271.0,18.3,17.9,insee_stats_dep_2022
62320,Étrun,327,62,32,17310.0,23.7,25.2,insee_stats_dep_2022
62321,Évin-Malmaison,4628,62,32,18236.0,26.8,21.8,insee_stats_dep_2022
62322,Famechon,111,62,32,17337.0,27.7,27.2,insee_stats_dep_2022
62323,Fampoux,1267,62,32,13875.0,33.8,27.7,insee_stats_dep_2022
62324,Farbus,629,62,32,18636.0,23.0,22.4,insee_stats_dep_2022
62325,Fauquembergues,932,62,32,21538.0,22.8,26.9,insee_stats_dep_2022
62326,Favreuil,228,62,32,17609.0,28.4,29.9,insee_stats_dep_2022
62327,Febvin-Palfart,604,62,32,14710.0,31.0,34.2,insee_stats_dep_2022
62328,Ferfay,861,62,32,17329.0,24.7,25.2,insee_stats_dep_2022
62329,Ferques,1770,62,32,20903.0,19.9,21.0,insee_stats_dep_2022
62330,Festubert,1242,62,32,19252.0,22.6,21.5,insee_stats_dep_2022
62331,Feuchy,991,62,32,25992.0,17.0,18.3,insee_stats_dep_2022
62332,Ficheux,496,62,32,19205.0,20.9,21.4,insee_stats_dep_2022
62333,Fiefs,354,62,32,20511.0,21.5,20.9,insee_stats_dep_2022
62334,Fiennes,850,62,32,19621.0,23.9,22.8,insee_stats_dep_2022
62335,Fillièvres,510,62,32,16059.0,28.3,25.8,insee_stats_dep_2022
62336,Fléchin,469,62,32,17122.0,27.4,28.6,insee_stats_dep_2022
62337,Flers,227,62,32,14977.0,30.4,26.8,insee_stats_dep_2022
62338,Fleurbaix,2947,62,32,19204.0,27.5,25.6,insee_stats_dep_2022
62339,Fleury,109,62,32,16906.0,26.7,23.0,insee_stats_dep_2022
62340,Floringhem,877,62,32,21972.0,20.0,19.0,insee_stats_dep_2022
62341,Foncquevillers,401,62,32,14648.0,30.3,26.2,insee_stats_dep_2022
62342,Fontaine-lès-Boulans,97,62,32,20976.0,21.4,20.8,insee_stats_dep_2022
62343,Fontaine-lès-Croisilles,273,62,32,19786.0,25.3,21.9,insee_stats_dep_2022
62344,Fontaine-lès-Hermans,105,62,32,16540.0,28.4,22.8,insee_stats_dep_2022
62345,Fontaine-l'Étalon,92,62,32,14638.0,33.6,33.1,insee_stats_dep_2022
62346,Fortel-en-Artois,212,62,32,15522.0,27.9,32.2,insee_stats_dep_2022
62347,Fosseux,119,62,32,17052.0,26.2,22.0,insee_stats_dep_2022
62348,Foufflin-Ricametz,148,62,32,15133.0,31.4,29.6,insee_stats_dep_2022
62349,Fouquereuil,1632,62,32,15041.0,31.8,37.8,insee_stats_dep_2022
62350,Fouquières-lès-Béthune,1108,62,32,20394.0,23.0,19.9,insee_stats_dep_2022
62351,Fouquières-lès-Lens,6087,62,32,17572.0,24.7,19.8,insee_stats_dep_2022
62352,Framecourt,116,62,32,16691.0,30.0,31.9,insee_stats_dep_2022
62353,Frémicourt,239,62,32,19927.0,25.0,22.8,insee_stats_dep_2022
62354,Frencq,893,62,32,20131.0,19.4,22.3,insee_stats_dep_2022
62355,Fresnes-lès-Montauban,604,62,32,12228.0,34.6,34.5,insee_stats_dep_2022
62356,Fresnicourt-le-Dolmen,791,62,32,20426.0,25.4,28.1,insee_stats_dep_2022
62357,Fresnoy,62,62,32,21452.0,22.8,23.2,insee_stats_dep_2022
62358,Fresnoy-en-Gohelle,233,62,32,12126.0,31.1,35.0,insee_stats_dep_2022
62359,Fressin,579,62,32,19914.0,26.3,28.0,insee_stats_dep_2022
62360,Fréthun,1403,62,32,18561.0,23.2,23.3,insee_stats_dep_2022
62361,Frévent,3259,62,32,18633.0,23.6,25.8,insee_stats_dep_2022
62362,Frévillers,239,62,32,15086.0,27.8,23.5,insee_stats_dep_2022
62363,Frévin-Capelle,400,62,32,20926.0,21.0,24.0,insee_stats_dep_2022
62364,Fruges,2362,62,32,20213.0,24.0,19.3,insee_stats_dep_2022
62365,Galametz,208,62,32,20233.0,21.2,23.5,insee_stats_dep_2022
62366,Gauchin-Légal,296,62,32,12777.0,32.4,35.0,insee_stats_dep_2022
62367,Gauchin-Verloingt,774,62,32,15772.0,26.8,22.9,insee_stats_dep_2022
62368,Gaudiempré,215,62,32,14553.0,31.1,27.2,insee_stats_dep_2022
62369,Gavrelle,768,62,32,21001.0,23.3,26.2,insee_stats_dep_2022
62370,Gennes-Ivergny,122,62,32,13817.0,34.1,37.1,insee_stats_dep_2022
62371,Givenchy-en-Gohelle,2072,62,32,17354.0,27.9,25.0,insee_stats_dep_2022
62372,Givenchy-le-Noble,155,62,32,18855.0,24.9,23.6,insee_stats_dep_2022
62373,Givenchy-lès-la-Bassée,982,62,32,26048.0,13.0,15.0,insee_stats_dep_2022
62374,Gomiécourt,151,62,32,23384.0,17.2,14.9,insee_stats_dep_2022
62375,Gommecourt,86,62,32,19647.0,21.9,24.6,insee_stats_dep_2022
62376,Gonnehem,2525,62,32,17945.0,29.0,29.5,insee_stats_dep_2022
62377,Gosnay,941,62,32,20346.0,24.1,24.6,insee_stats_dep_2022
62378,Gouves,195,62,32,17859.0,22.2,18.9,insee_stats_dep_2022
62379,Gouy-en-Artois,327,62,32,19949.0,19.8,21.6,insee_stats_dep_2022
62380,Gouy-Servins,360,62,32,14105.0,29.6,33.5,insee_stats_dep_2022
62381,Gouy-en-Ternois,127,62,32,15701.0,28.3,23.6,insee_stats_dep_2022
62382,Gouy-Saint-André,659,62,32,16725.0,27.5,22.5,insee_stats_dep_2022
62383,Gouy-sous-Bellonne,1391,62,32,21666.0,23.4,23.4,insee_stats_dep_2022
62384,Graincourt-lès-Havrincourt,632,62,32,18608.0,26.2,22.6,insee_stats_dep_2022
62385,Grand-Rullecourt,383,62,32,19807.0,25.2,21.6,insee_stats_dep_2022
62386,Grenay,6644,62,32,18121.0,25.9,24.2,insee_stats_dep_2022
62387,Grévillers,353,62,32,11817.0,35.3,39.7,insee_stats_dep_2022
62388,Grigny,290,62,32,17866.0,26.9,25.4,insee_stats_dep_2022
62389,Grincourt-lès-Pas,32,62,32,18546.0,26.5,29.7,insee_stats_dep_2022
62390,Groffliers,1470,62,32,18601.0,26.3,24.7,insee_stats_dep_2022
62391,Guarbecque,1381,62,32,18086.0,25.8,28.8,insee_stats_dep_2022
62392,Guémappe,408,62,32,18113.0,27.7,26.4,insee_stats_dep_2022
62393,Guemps,1067,62,32,19342.0,25.3,29.5,insee_stats_dep_2022
62395,Guigny,149,62,32,17383.0,26.3,26.3,insee_stats_dep_2022
62396,Guinecourt,13,62,32,17320.0,28.7,27.9,insee_stats_dep_2022
62397,Guînes,5479,62,32,19175.0,28.6,29.5,insee_stats_dep_2022
62398,Guisy,275,62,32,19428.0,22.3,20.9,insee_stats_dep_2022
62399,Habarcq,676,62,32,15008.0,29.8,31.8,insee_stats_dep_2022
62400,Haillicourt,5064,62,32,17474.0,28.4,23.2,insee_stats_dep_2022
62401,Haisnes,4396,62,32,19222.0,24.5,22.0,insee_stats_dep_2022
62402,Halinghen,308,62,32,22620.0,18.7,20.7,insee_stats_dep_2022
62403,Hallines,1196,62,32,21752.0,23.3,23.0,insee_stats_dep_2022
62404,Halloy,201,62,32,15187.0,26.7,22.7,insee_stats_dep_2022
62405,Hamblain-les-Prés,454,62,32,20828.0,23.7,26.9,insee_stats_dep_2022
62406,Hamelincourt,260,62,32,16209.0,26.0,26.2,insee_stats_dep_2022
62407,Ham-en-Artois,944,62,32,24103.0,17.5,16.7,insee_stats_dep_2022
62408,Hames-Boucres,1439,62,32,14733.0,31.6,32.4,insee_stats_dep_2022
62409,Hannescamps,205,62,32,20190.0,22.5,25.1,insee_stats_dep_2022
62410,Haplincourt,191,62,32,14506.0,33.0,32.0,insee_stats_dep_2022
62411,Haravesnes,51,62,32,13889.0,37.3,34.5,insee_stats_dep_2022
62412,Hardinghen,1270,62,32,24329.0,16.0,17.1,insee_stats_dep_2022
62413,Harnes,12247,62,32,21657.0,22.0,19.5,insee_stats_dep_2022
62414,Haucourt,206,62,32,11959.0,35.2,36.8,insee_stats_dep_2022
62415,Haute-Avesnes,465,62,32,17435.0,29.8,32.7,insee_stats_dep_2022
62416,Hautecloque,214,62,32,16021.0,28.0,23.4,insee_stats_dep_2022
62418,Hauteville,308,62,32,18988.0,26.8,26.8,insee_stats_dep_2022
62419,Haut-Loquin,189,62,32,16431.0,30.1,24.8,insee_stats_dep_2022
62421,Havrincourt,351,62,32,16260.0,24.9,23.8,insee_stats_dep_2022
62422,Hébuterne,526,62,32,11700.0,33.2,30.9,insee_stats_dep_2022
62423,Helfaut,1724,62,32,12284.0,36.5,39.7,insee_stats_dep_2022
62424,Hendecourt-lès-Cagnicourt,288,62,32,12617.0,31.2,25.5,insee_stats_dep_2022
62425,Hendecourt-lès-Ransart,143,62,32,17827.0,22.5,25.8,insee_stats_dep_2022
62426,Héninel,187,62,32,18588.0,22.6,21.7,insee_stats_dep_2022
62427,Hénin-Beaumont,25688,62,32,20704.0,25.9,22.6,insee_stats_dep_2022
62428,Hénin-sur-Cojeul,528,62,32,18657.0,25.5,22.7,insee_stats_dep_2022
62429,Henneveux,272,62,32,18346.0,26.5,25.0,insee_stats_dep_2022
62430,Hénu,147,62,32,19760.0,20.2,17.6,insee_stats_dep_2022
62432,Herbinghen,415,62,32,20332.0,20.0,17.5,insee_stats_dep_2022
62433,Héricourt,77,62,32,13466.0,36.0,38.0,insee_stats_dep_2022
62434,La Herlière,135,62,32,19815.0,23.5,23.5,insee_stats_dep_2022
62435,Herlincourt,106,62,32,19478.0,27.3,30.3,insee_stats_dep_2022
62436,Herlin-le-Sec,161,62,32,14567.0,29.1,31.5,insee_stats_dep_2022
62437,Herly,330,62,32,22179.0,22.2,24.3,insee_stats_dep_2022
62438,Hermaville,529,62,32,21495.0,20.5,19.5,insee_stats_dep_2022
62439,Hermelinghen,407,62,32,16881.0,27.8,23.9,insee_stats_dep_2022
62440,Hermies,1062,62,32,17000.0,27.6,27.6,insee_stats_dep_2022
62441,Hermin,206,62,32,14849.0,30.1,33.9,insee_stats_dep_2022
62442,Hernicourt,512,62,32,20571.0,26.2,29.7,insee_stats_dep_2022
62443,Hersin-Coupigny,6082,62,32,18637.0,25.2,21.1,insee_stats_dep_2022
62444,Hervelinghen,215,62,32,11700.0,38.9,42.5,insee_stats_dep_2022
62445,Hesdigneul-lès-Béthune,828,62,32,20264.0,26.4,24.4,insee_stats_dep_2022
62446,Hesdigneul-lès-Boulogne,853,62,32,24131.0,17.1,14.6,insee_stats_dep_2022
62447,Hesdin-la-Forêt,4480,62,32,15556.0,32.5,34.8,insee_stats_dep_2022
62448,Hesdin-l'Abbé,1891,62,32,17599.0,27.4,24.1,insee_stats_dep_2022
62449,Hesmond,172,62,32,19002.0,19.9,17.2,insee_stats_dep_2022
62450,Hestrus,215,62,32,17258.0,27.1,32.1,insee_stats_dep_2022
62451,Heuchin,482,62,32,17532.0,28.6,23.1,insee_stats_dep_2022
62452,Heuringhem,1389,62,32,15982.0,26.5,22.7,insee_stats_dep_2022
62453,Hézecques,127,62,32,15625.0,32.9,38.2,insee_stats_dep_2022
62454,Hinges,2485,62,32,21772.0,21.9,19.0,insee_stats_dep_2022
62455,Hocquinghen,118,62,32,24921.0,16.8,18.4,insee_stats_dep_2022
62456,Houchin,738,62,32,23402.0,18.3,16.7,insee_stats_dep_2022
62457,Houdain,6945,62,32,22014.0,19.9,20.8,insee_stats_dep_2022
62458,Houlle,1116,62,32,16273.0,28.3,26.0,insee_stats_dep_2022
62459,Houvin-Houvigneul,247,62,32,18505.0,25.2,27.1,insee_stats_dep_2022
62460,Hubersent,272,62,32,18247.0,22.6,19.7,insee_stats_dep_2022
62462,Huclier,152,62,32,15017.0,30.0,27.1,insee_stats_dep_2022
62463,Hucqueliers,494,62,32,19734.0,25.4,28.4,insee_stats_dep_2022
62464,Hulluch,3371,62,32,22291.0,15.9,18.2,insee_stats_dep_2022
62465,Humbercamps,219,62,32,22043.0,18.2,17.1,insee_stats_dep_2022
62466,Humbert,249,62,32,12866.0,34.6,37.0,insee_stats_dep_2022
62467,Humerœuille,182,62,32,16881.0,29.3,25.2,insee_stats_dep_2022
62468,Humières,218,62,32,14317.0,31.0,25.0,insee_stats_dep_2022
62469,Inchy-en-Artois,575,62,32,20949.0,22.3,24.9,insee_stats_dep_2022
62470,Incourt,91,62,32,18452.0,21.5,25.1,insee_stats_dep_2022
62471,Bellinghem,1062,62,32,20788.0,24.4,20.7,insee_stats_dep_2022
62472,Inxent,157,62,32,19336.0,20.8,20.9,insee_stats_dep_2022
62473,Isbergues,8650,62,32,17274.0,25.0,28.4,insee_stats_dep_2022
62474,Isques,1122,62,32,20265.0,23.2,20.8,insee_stats_dep_2022
62475,Ivergny,238,62,32,18823.0,22.4,20.3,insee_stats_dep_2022
62476,Izel-lès-Équerchin,1040,62,32,15483.0,33.6,30.5,insee_stats_dep_2022
62477,Izel-lès-Hameau,742,62,32,19223.0,25.8,23.5,insee_stats_dep_2022
62478,Journy,310,62,32,18781.0,23.9,28.6,insee_stats_dep_2022
62479,Labeuvrière,1648,62,32,16176.0,29.5,28.6,insee_stats_dep_2022
62480,Labourse,2858,62,32,20413.0,23.4,21.1,insee_stats_dep_2022
62481,Labroye,140,62,32,18518.0,25.0,29.9,insee_stats_dep_2022
62483,Lacres,250,62,32,22790.0,21.3,22.4,insee_stats_dep_2022
62484,Lagnicourt-Marcel,309,62,32,24253.0,18.0,19.7,insee_stats_dep_2022
62485,Laires,365,62,32,15998.0,27.1,27.8,insee_stats_dep_2022
62486,Lambres,1070,62,32,24286.0,20.4,17.0,insee_stats_dep_2022
62487,Landrethun-le-Nord,1242,62,32,17528.0,28.1,29.1,insee_stats_dep_2022
62488,Landrethun-lès-Ardres,787,62,32,21801.0,16.5,15.8,insee_stats_dep_2022
62489,Lapugnoy,3481,62,32,19401.0,25.3,29.2,insee_stats_dep_2022
62490,Lattre-Saint-Quentin,341,62,32,21887.0,21.7,19.2,insee_stats_dep_2022
62491,Laventie,5044,62,32,21117.0,20.9,19.6,insee_stats_dep_2022
62492,Lebiez,229,62,32,14025.0,28.7,28.5,insee_stats_dep_2022
62493,Lebucquière,232,62,32,20239.0,24.3,22.1,insee_stats_dep_2022
62494,Léchelle,44,62,32,21498.0,22.1,24.1,insee_stats_dep_2022
62495,Ledinghem,316,62,32,17205.0,28.8,30.6,insee_stats_dep_2022
62496,Lefaux,229,62,32,17806.0,26.3,30.6,insee_stats_dep_2022
62497,Leforest,7060,62,32,22660.0,18.4,16.3,insee_stats_dep_2022
62498,Lens,32920,62,32,21582.0,20.5,18.4,insee_stats_dep_2022
62499,Lépine,291,62,32,20316.0,18.8,20.3,insee_stats_dep_2022
62500,Lespesses,402,62,32,21280.0,21.7,24.7,insee_stats_dep_2022
62501,Lespinoy,243,62,32,16211.0,28.6,24.3,insee_stats_dep_2022
62502,Lestrem,5009,62,32,22838.0,20.6,24.7,insee_stats_dep_2022
62503,Leubringhen,293,62,32,15918.0,32.2,35.6,insee_stats_dep_2022
62504,Leulinghem,269,62,32,16050.0,29.5,29.4,insee_stats_dep_2022
62505,Leulinghen-Bernes,540,62,32,15265.0,29.0,24.3,insee_stats_dep_2022
62506,Licques,1679,62,32,17696.0,26.7,24.6,insee_stats_dep_2022
62507,Liencourt,303,62,32,19929.0,26.5,24.8,insee_stats_dep_2022
62508,Lières,335,62,32,17301.0,26.5,30.3,insee_stats_dep_2022
62509,Liettres,378,62,32,21198.0,20.6,17.1,insee_stats_dep_2022
62510,Liévin,30063,62,32,21360.0,22.4,21.6,insee_stats_dep_2022
62511,Lignereuil,140,62,32,15035.0,33.0,27.0,insee_stats_dep_2022
62512,Ligny-lès-Aire,565,62,32,15838.0,29.0,24.3,insee_stats_dep_2022
62513,Ligny-sur-Canche,188,62,32,16434.0,27.3,32.7,insee_stats_dep_2022
62514,Ligny-Saint-Flochel,235,62,32,20576.0,24.3,28.3,insee_stats_dep_2022
62515,Ligny-Thilloy,514,62,32,19641.0,28.1,32.7,insee_stats_dep_2022
62516,Lillers,10193,62,32,20975.0,24.1,25.7,insee_stats_dep_2022
62517,Linghem,219,62,32,21667.0,21.6,18.3,insee_stats_dep_2022
62518,Linzeux,174,62,32,16282.0,30.0,30.7,insee_stats_dep_2022
62519,Lisbourg,582,62,32,16799.0,24.1,26.4,insee_stats_dep_2022
62520,Locon,2324,62,32,18925.0,23.6,21.4,insee_stats_dep_2022
62521,La Loge,224,62,32,17550.0,27.9,28.5,insee_stats_dep_2022
62522,Loison-sur-Créquoise,252,62,32,13561.0,32.8,27.3,insee_stats_dep_2022
62523,Loison-sous-Lens,5169,62,32,18769.0,30.1,36.0,insee_stats_dep_2022
62524,Longfossé,1528,62,32,20089.0,23.8,22.3,insee_stats_dep_2022
62525,Longuenesse,10548,62,32,21657.0,24.3,26.6,insee_stats_dep_2022
62526,Longueville,149,62,32,18957.0,24.3,19.8,insee_stats_dep_2022
62527,Longvilliers,253,62,32,13178.0,33.2,27.4,insee_stats_dep_2022
62528,Loos-en-Gohelle,6799,62,32,12928.0,32.0,35.3,insee_stats_dep_2022
62529,Lorgies,1651,62,32,19343.0,20.7,24.2,insee_stats_dep_2022
62530,Lottinghen,544,62,32,15639.0,31.2,30.9,insee_stats_dep_2022
62531,Louches,947,62,32,16787.0,28.8,25.0,insee_stats_dep_2022
62532,Lozinghem,1256,62,32,14530.0,30.8,27.2,insee_stats_dep_2022
62533,Lugy,140,62,32,13338.0,31.6,33.6,insee_stats_dep_2022
62534,Lumbres,3579,62,32,18462.0,27.6,33.0,insee_stats_dep_2022
62535,La Madelaine-sous-Montreuil,149,62,32,16891.0,27.9,26.1,insee_stats_dep_2022
62536,Magnicourt-en-Comte,647,62,32,20640.0,23.3,22.9,insee_stats_dep_2022
62537,Magnicourt-sur-Canche,105,62,32,16595.0,24.5,25.4,insee_stats_dep_2022
62538,Maintenay,451,62,32,20035.0,24.2,23.1,insee_stats_dep_2022
62539,Maisnil,266,62,32,20227.0,21.5,21.2,insee_stats_dep_2022
62540,Maisnil-lès-Ruitz,1678,62,32,17847.0,25.1,27.7,insee_stats_dep_2022
62541,Maisoncelle,119,62,32,15745.0,30.3,29.3,insee_stats_dep_2022
62542,Maizières,205,62,32,21646.0,20.4,16.7,insee_stats_dep_2022
62543,Mametz,1973,62,32,13917.0,29.5,27.6,insee_stats_dep_2022
62544,Manin,182,62,32,18592.0,21.3,20.3,insee_stats_dep_2022
62545,Maninghem,152,62,32,19830.0,22.4,23.6,insee_stats_dep_2022
62546,Maninghen-Henne,336,62,32,19408.0,23.0,19.8,insee_stats_dep_2022
62547,Marant,73,62,32,21386.0,23.6,27.9,insee_stats_dep_2022
62548,Marck,10467,62,32,19957.0,21.6,22.1,insee_stats_dep_2022
62550,Marconnelle,1090,62,32,17694.0,26.7,23.2,insee_stats_dep_2022
62551,Marenla,283,62,32,16073.0,29.3,28.3,insee_stats_dep_2022
62552,Maresquel-Ecquemicourt,1070,62,32,17047.0,25.1,28.1,insee_stats_dep_2022
62553,Marest,279,62,32,16327.0,26.1,26.0,insee_stats_dep_2022
62554,Maresville,93,62,32,15166.0,31.7,30.6,insee_stats_dep_2022
62555,Marles-les-Mines,5411,62,32,21472.0,21.1,21.2,insee_stats_dep_2022
62556,Marles-sur-Canche,314,62,32,20424.0,21.4,25.3,insee_stats_dep_2022
62557,Marœuil,2422,62,32,20592.0,23.8,28.5,insee_stats_dep_2022
62558,Marquay,166,62,32,18648.0,22.1,21.8,insee_stats_dep_2022
62559,Marquion,1039,62,32,25789.0,15.5,13.7,insee_stats_dep_2022
62560,Marquise,5217,62,32,19741.0,26.9,29.4,insee_stats_dep_2022
62561,Martinpuich,173,62,32,17895.0,25.6,24.0,insee_stats_dep_2022
62562,Matringhem,177,62,32,19021.0,26.1,23.5,insee_stats_dep_2022
62563,Mazingarbe,8217,62,32,20404.0,18.4,19.5,insee_stats_dep_2022
62564,Mazinghem,457,62,32,15870.0,31.3,34.0,insee_stats_dep_2022
62565,Mencas,71,62,32,23464.0,17.4,19.8,insee_stats_dep_2022
62566,Menneville,670,62,32,22628.0,22.5,20.3,insee_stats_dep_2022
62567,Mentque-Nortbécourt,649,62,32,19183.0,27.1,32.0,insee_stats_dep_2022
62568,Mercatel,730,62,32,20251.0,21.3,21.0,insee_stats_dep_2022
62569,Merck-Saint-Liévin,655,62,32,16391.0,25.8,22.0,insee_stats_dep_2022
62570,Méricourt,11619,62,32,20438.0,20.9,18.4,insee_stats_dep_2022
62571,Merlimont,3342,62,32,20098.0,28.9,26.7,insee_stats_dep_2022
62572,Metz-en-Couture,620,62,32,16132.0,28.0,24.9,insee_stats_dep_2022
62573,Meurchin,3691,62,32,19603.0,28.6,32.6,insee_stats_dep_2022
62574,Mingoval,228,62,32,20708.0,21.0,20.3,insee_stats_dep_2022
62576,Moncheaux-lès-Frévent,133,62,32,16362.0,28.1,29.0,insee_stats_dep_2022
62577,Monchel-sur-Canche,71,62,32,19016.0,30.4,33.6,insee_stats_dep_2022
62578,Monchiet,104,62,32,14898.0,30.5,25.4,insee_stats_dep_2022
62579,Monchy-au-Bois,545,62,32,19116.0,24.0,26.8,insee_stats_dep_2022
62580,Monchy-Breton,512,62,32,16219.0,26.6,24.5,insee_stats_dep_2022
62581,Monchy-Cayeux,285,62,32,21364.0,22.0,21.6,insee_stats_dep_2022
62582,Monchy-le-Preux,679,62,32,17931.0,28.0,31.1,insee_stats_dep_2022
62583,Mondicourt,600,62,32,21192.0,24.1,26.6,insee_stats_dep_2022
62584,Mont-Bernanchon,1317,62,32,19534.0,23.5,23.0,insee_stats_dep_2022
62585,Montcavrel,384,62,32,14037.0,31.0,28.5,insee_stats_dep_2022
62586,Montenescourt,443,62,32,24444.0,18.7,20.2,insee_stats_dep_2022
62587,Montigny-en-Gohelle,9743,62,32,24192.0,18.2,15.0,insee_stats_dep_2022
62588,Montreuil-sur-Mer,1912,62,32,17106.0,25.3,26.5,insee_stats_dep_2022
62589,Mont-Saint-Éloi,1022,62,32,24562.0,13.4,16.1,insee_stats_dep_2022
62590,Monts-en-Ternois,62,62,32,17633.0,26.0,24.3,insee_stats_dep_2022
62591,Morchies,210,62,32,19800.0,21.1,25.3,insee_stats_dep_2022
62592,Moringhem,557,62,32,15219.0,33.1,36.4,insee_stats_dep_2022
62593,Morval,87,62,32,15812.0,26.9,29.2,insee_stats_dep_2022
62594,Mory,299,62,32,16728.0,26.6,25.3,insee_stats_dep_2022
62595,Moulle,1170,62,32,19316.0,22.1,21.9,insee_stats_dep_2022
62596,Mouriez,237,62,32,16400.0,29.5,29.6,insee_stats_dep_2022
62597,Moyenneville,289,62,32,19903.0,24.7,23.1,insee_stats_dep_2022
62598,Muncq-Nieurlet,673,62,32,17531.0,27.1,26.5,insee_stats_dep_2022
62599,Nabringhen,225,62,32,19852.0,23.4,26.5,insee_stats_dep_2022
62600,Nédon,158,62,32,16826.0,28.0,23.8,insee_stats_dep_2022
62601,Nédonchel,357,62,32,17200.0,21.5,18.5,insee_stats_dep_2022
62602,Nempont-Saint-Firmin,200,62,32,21484.0,23.9,21.9,insee_stats_dep_2022
62603,Nesles,1095,62,32,15186.0,29.3,33.8,insee_stats_dep_2022
62604,Neufchâtel-Hardelot,4115,62,32,22729.0,22.0,20.4,insee_stats_dep_2022
62605,Neulette,22,62,32,13128.0,32.8,38.7,insee_stats_dep_2022
62606,Neuve-Chapelle,1409,62,32,11700.0,31.1,33.5,insee_stats_dep_2022
62607,Neuville-au-Cornet,59,62,32,15692.0,30.2,31.9,insee_stats_dep_2022
62608,Neuville-Bourjonval,171,62,32,20343.0,24.1,21.2,insee_stats_dep_2022
62609,Neuville-Saint-Vaast,1628,62,32,19050.0,21.4,20.1,insee_stats_dep_2022
62610,Neuville-sous-Montreuil,618,62,32,16357.0,29.8,32.9,insee_stats_dep_2022
62611,Neuville-Vitasse,481,62,32,16247.0,28.4,30.1,insee_stats_dep_2022
62612,Neuvireuil,570,62,32,21491.0,20.0,20.6,insee_stats_dep_2022
62613,Nielles-lès-Bléquin,902,62,32,18555.0,21.5,23.3,insee_stats_dep_2022
62614,Nielles-lès-Ardres,577,62,32,17353.0,29.1,29.5,insee_stats_dep_2022
62615,Nielles-lès-Calais,280,62,32,15983.0,25.9,25.5,insee_stats_dep_2022
62616,Nœux-lès-Auxi,186,62,32,14844.0,30.4,35.3,insee_stats_dep_2022
62617,Nœux-les-Mines,11590,62,32,22856.0,21.2,23.8,insee_stats_dep_2022
62618,Nordausques,1271,62,32,15576.0,27.7,29.6,insee_stats_dep_2022
62619,Noreuil,130,62,32,12311.0,34.1,40.8,insee_stats_dep_2022
62620,Norrent-Fontes,1381,62,32,17637.0,29.0,28.7,insee_stats_dep_2022
62621,Nortkerque,1756,62,32,17776.0,25.5,22.5,insee_stats_dep_2022
62622,Nort-Leulinghem,261,62,32,19621.0,24.7,27.2,insee_stats_dep_2022
62623,Nouvelle-Église,709,62,32,15887.0,28.7,24.9,insee_stats_dep_2022
62624,Noyelles-Godault,5994,62,32,18087.0,25.0,28.8,insee_stats_dep_2022
62625,Noyelles-lès-Humières,56,62,32,15452.0,25.8,29.6,insee_stats_dep_2022
62626,Noyelles-lès-Vermelles,2273,62,32,21856.0,21.8,24.3,insee_stats_dep_2022
62627,Noyelles-sous-Bellonne,848,62,32,18140.0,26.4,30.2,insee_stats_dep_2022
62628,Noyelles-sous-Lens,6854,62,32,16299.0,31.2,32.0,insee_stats_dep_2022
62629,Noyellette,154,62,32,19886.0,25.9,30.0,insee_stats_dep_2022
62630,Noyelle-Vion,256,62,32,18280.0,21.6,24.5,insee_stats_dep_2022
62631,Nuncq-Hautecôte,471,62,32,20703.0,21.8,20.4,insee_stats_dep_2022
62632,Oblinghem,384,62,32,21029.0,21.2,18.6,insee_stats_dep_2022
62633,Œuf-en-Ternois,251,62,32,16785.0,30.4,34.4,insee_stats_dep_2022
62634,Offekerque,1291,62,32,14198.0,31.5,27.8,insee_stats_dep_2022
62635,Offin,210,62,32,22494.0,20.2,19.6,insee_stats_dep_2022
62636,Offrethun,276,62,32,16891.0,24.7,24.3,insee_stats_dep_2022
62637,Oignies,10323,62,32,23218.0,21.0,23.1,insee_stats_dep_2022
62638,Oisy-le-Verger,1213,62,32,20607.0,19.4,20.2,insee_stats_dep_2022
62639,Oppy,418,62,32,21992.0,24.2,24.2,insee_stats_dep_2022
62640,Orville,341,62,32,16564.0,30.6,24.7,insee_stats_dep_2022
62641,Ostreville,227,62,32,16998.0,29.2,27.3,insee_stats_dep_2022
62642,Ourton,719,62,32,18333.0,27.9,29.0,insee_stats_dep_2022
62643,Outreau,13138,62,32,21738.0,20.1,18.4,insee_stats_dep_2022
62644,Ouve-Wirquin,493,62,32,16460.0,27.8,29.8,insee_stats_dep_2022
62645,Oye-Plage,5780,62,32,15127.0,27.8,27.6,insee_stats_dep_2022
62646,Palluel,566,62,32,13418.0,34.6,36.6,insee_stats_dep_2022
62647,Le Parcq,740,62,32,18114.0,24.2,22.2,insee_stats_dep_2022
62648,Parenty,559,62,32,14870.0,29.2,29.9,insee_stats_dep_2022
62649,Pas-en-Artois,768,62,32,17754.0,27.7,32.6,insee_stats_dep_2022
62650,Pelves,770,62,32,17249.0,26.3,24.9,insee_stats_dep_2022
62651,Penin,458,62,32,14857.0,29.8,34.2,insee_stats_dep_2022
62652,Pernes,1574,62,32,17297.0,31.8,25.5,insee_stats_dep_2022
62653,Pernes-lès-Boulogne,422,62,32,15954.0,29.1,34.4,insee_stats_dep_2022
62654,Peuplingues,789,62,32,21657.0,21.6,19.7,insee_stats_dep_2022
62655,Pierremont,325,62,32,17024.0,28.8,27.8,insee_stats_dep_2022
62656,Pihem,919,62,32,14330.0,31.8,34.1,insee_stats_dep_2022
62657,Pihen-lès-Guînes,545,62,32,21459.0,22.4,25.4,insee_stats_dep_2022
62658,Pittefaux,114,62,32,17400.0,32.3,30.9,insee_stats_dep_2022
62659,Planques,104,62,32,19122.0,26.1,27.2,insee_stats_dep_2022
62660,Plouvain,452,62,32,14868.0,31.2,25.9,insee_stats_dep_2022
62661,Bouin-Plumoison,511,62,32,17518.0,27.5,25.3,insee_stats_dep_2022
62662,Polincove,867,62,32,13958.0,31.1,31.1,insee_stats_dep_2022
62663,Pommera,307,62,32,21031.0,24.0,28.0,insee_stats_dep_2022
62664,Pommier,244,62,32,16390.0,29.1,29.8,insee_stats_dep_2022
62665,Le Ponchel,216,62,32,16833.0,24.0,26.3,insee_stats_dep_2022
62666,Pont-à-Vendin,3062,62,32,21453.0,25.3,21.4,insee_stats_dep_2022
62667,Le Portel,8768,62,32,22908.0,16.8,15.4,insee_stats_dep_2022
62668,Prédefin,227,62,32,18461.0,22.5,21.9,insee_stats_dep_2022
62669,Pressy,298,62,32,25740.0,18.2,21.3,insee_stats_dep_2022
62670,Preures,642,62,32,20925.0,21.8,18.4,insee_stats_dep_2022
62671,Pronville-en-Artois,307,62,32,16188.0,25.6,20.9,insee_stats_dep_2022
62672,Puisieux,675,62,32,17122.0,29.0,33.7,insee_stats_dep_2022
62673,Quéant,631,62,32,18811.0,23.3,20.0,insee_stats_dep_2022
62674,Quelmes,529,62,32,25476.0,19.4,16.1,insee_stats_dep_2022
62675,Quercamps,292,62,32,18321.0,27.6,32.3,insee_stats_dep_2022
62676,Quernes,420,62,32,21647.0,16.1,16.2,insee_stats_dep_2022
62677,Le Quesnoy-en-Artois,320,62,32,14954.0,33.4,35.8,insee_stats_dep_2022
62678,Quesques,720,62,32,17047.0,27.2,31.4,insee_stats_dep_2022
62679,Questrecques,333,62,32,14422.0,31.0,35.3,insee_stats_dep_2022
62680,Quiéry-la-Motte,702,62,32,22161.0,20.1,24.0,insee_stats_dep_2022
62681,Quiestède,663,62,32,19088.0,27.7,27.2,insee_stats_dep_2022
62682,Quilen,64,62,32,14372.0,32.2,36.9,insee_stats_dep_2022
62683,Quœux-Haut-Maînil,210,62,32,20258.0,17.8,17.2,insee_stats_dep_2022
62684,Racquinghem,2257,62,32,22361.0,23.6,19.3,insee_stats_dep_2022
62685,Radinghem,263,62,32,15435.0,28.7,31.5,insee_stats_dep_2022
62686,Ramecourt,349,62,32,18592.0,27.7,27.2,insee_stats_dep_2022
62688,Rang-du-Fliers,4297,62,32,14804.0,30.4,28.2,insee_stats_dep_2022
62689,Ransart,407,62,32,18420.0,29.3,33.7,insee_stats_dep_2022
62690,Raye-sur-Authie,227,62,32,18809.0,26.1,24.8,insee_stats_dep_2022
62691,Saint-Augustin,880,62,32,14790.0,32.1,31.8,insee_stats_dep_2022
62692,Rebergues,403,62,32,19602.0,23.1,22.6,insee_stats_dep_2022
62693,Rebreuve-Ranchicourt,1071,62,32,15028.0,28.6,27.6,insee_stats_dep_2022
62694,Rebreuve-sur-Canche,190,62,32,18008.0,28.2,27.7,insee_stats_dep_2022
62695,Rebreuviette,253,62,32,17924.0,26.5,21.2,insee_stats_dep_2022
62696,Reclinghem,238,62,32,18279.0,26.1,31.3,insee_stats_dep_2022
62697,Récourt,318,62,32,12594.0,31.5,35.9,insee_stats_dep_2022
62698,Recques-sur-Course,266,62,32,21849.0,23.4,20.9,insee_stats_dep_2022
62699,Recques-sur-Hem,675,62,32,19296.0,27.2,31.0,insee_stats_dep_2022
62700,Regnauville,213,62,32,19561.0,23.6,21.1,insee_stats_dep_2022
62701,Rely,464,62,32,17352.0,27.3,26.9,insee_stats_dep_2022
62702,Remilly-Wirquin,355,62,32,15492.0,28.4,33.5,insee_stats_dep_2022
62703,Rémy,394,62,32,16573.0,27.6,26.9,insee_stats_dep_2022
62704,Renty,596,62,32,16741.0,26.7,29.8,insee_stats_dep_2022
62705,Rety,2032,62,32,19303.0,26.4,21.7,insee_stats_dep_2022
62706,Richebourg,2687,62,32,17543.0,26.7,28.5,insee_stats_dep_2022
62708,Riencourt-lès-Bapaume,33,62,32,15002.0,33.1,36.1,insee_stats_dep_2022
62709,Riencourt-lès-Cagnicourt,253,62,32,18028.0,25.5,27.9,insee_stats_dep_2022
62710,Rimboval,185,62,32,22691.0,19.2,19.9,insee_stats_dep_2022
62711,Rinxent,2987,62,32,21543.0,19.5,18.1,insee_stats_dep_2022
62712,Rivière,1123,62,32,15886.0,29.1,29.4,insee_stats_dep_2022
62713,Robecq,1328,62,32,19141.0,22.8,26.8,insee_stats_dep_2022
62714,Roclincourt,794,62,32,23840.0,18.7,17.5,insee_stats_dep_2022
62715,Rocquigny,265,62,32,14695.0,31.5,32.5,insee_stats_dep_2022
62716,Rodelinghem,558,62,32,18745.0,27.0,32.3,insee_stats_dep_2022
62717,Roëllecourt,516,62,32,23110.0,19.3,16.7,insee_stats_dep_2022
62718,Rœux,1381,62,32,15073.0,26.8,25.6,insee_stats_dep_2022
62719,Rollancourt,293,62,32,14016.0,30.0,29.6,insee_stats_dep_2022
62720,Rombly,53,62,32,20909.0,23.1,23.7,insee_stats_dep_2022
62721,Roquetoire,1970,62,32,15841.0,28.7,32.6,insee_stats_dep_2022
62722,Rougefay,83,62,32,14371.0,31.7,34.6,insee_stats_dep_2022
62723,Roussent,251,62,32,13234.0,32.4,31.0,insee_stats_dep_2022
62724,Rouvroy,8552,62,32,22407.0,19.7,21.9,insee_stats_dep_2022
62725,Royon,121,62,32,17502.0,31.0,27.4,insee_stats_dep_2022
62726,Ruisseauville,214,62,32,14371.0,29.2,26.1,insee_stats_dep_2022
62727,Ruitz,1478,62,32,21318.0,22.5,22.8,insee_stats_dep_2022
62728,Rumaucourt,691,62,32,19586.0,24.9,20.7,insee_stats_dep_2022
62729,Rumilly,237,62,32,21149.0,20.0,18.2,insee_stats_dep_2022
62730,Ruminghem,1614,62,32,15770.0,29.1,33.7,insee_stats_dep_2022
62731,Ruyaulcourt,285,62,32,14930.0,30.8,27.7,insee_stats_dep_2022
62732,Sachin,323,62,32,18056.0,24.7,20.2,insee_stats_dep_2022
62733,Sailly-au-Bois,285,62,32,20455.0,21.5,25.5,insee_stats_dep_2022
62734,Sailly-en-Ostrevent,665,62,32,17243.0,24.1,27.8,insee_stats_dep_2022
62735,Sailly-Labourse,2493,62,32,18046.0,27.0,24.8,insee_stats_dep_2022
62736,Sailly-sur-la-Lys,3981,62,32,20343.0,21.5,22.3,insee_stats_dep_2022
62737,Sains-en-Gohelle,5948,62,32,20083.0,26.4,31.5,insee_stats_dep_2022
62738,Sains-lès-Fressin,150,62,32,20712.0,24.9,26.2,insee_stats_dep_2022
62739,Sains-lès-Marquion,310,62,32,13242.0,33.5,33.2,insee_stats_dep_2022
62740,Sains-lès-Pernes,294,62,32,16998.0,25.9,20.9,insee_stats_dep_2022
62741,Saint-Amand,122,62,32,18203.0,26.0,28.6,insee_stats_dep_2022
62742,Saint-Aubin,289,62,32,14129.0,30.0,25.8,insee_stats_dep_2022
62744,Sainte-Catherine,3471,62,32,19176.0,28.3,28.0,insee_stats_dep_2022
62745,Saint-Denœux,173,62,32,17915.0,25.0,27.3,insee_stats_dep_2022
62746,Saint-Étienne-au-Mont,5029,62,32,20361.0,22.9,18.8,insee_stats_dep_2022
62747,Saint-Floris,618,62,32,21846.0,22.3,25.9,insee_stats_dep_2022
62748,Saint-Folquin,2349,62,32,20008.0,24.5,20.6,insee_stats_dep_2022
62749,Saint-Georges,318,62,32,19865.0,27.3,26.5,insee_stats_dep_2022
62750,Saint-Hilaire-Cottes,830,62,32,14946.0,28.4,28.4,insee_stats_dep_2022
62751,Saint-Inglevert,821,62,32,14295.0,29.6,30.8,insee_stats_dep_2022
62752,Saint-Josse,1041,62,32,21167.0,23.7,21.0,insee_stats_dep_2022
62753,Saint-Laurent-Blangy,6459,62,32,19165.0,26.1,28.5,insee_stats_dep_2022
62754,Saint-Léger,520,62,32,21313.0,22.7,24.7,insee_stats_dep_2022
62755,Saint-Léonard,3353,62,32,22400.0,23.9,21.7,insee_stats_dep_2022
62756,Sainte-Marie-Kerque,1708,62,32,17638.0,25.7,23.0,insee_stats_dep_2022
62757,Saint-Martin-lez-Tatinghem,5843,62,32,22200.0,18.0,14.7,insee_stats_dep_2022
62758,Saint-Martin-Boulogne,10888,62,32,17996.0,25.8,28.3,insee_stats_dep_2022
62759,Saint-Martin-Choquel,443,62,32,11700.0,35.5,40.4,insee_stats_dep_2022
62760,Saint-Martin-d'Hardinghem,264,62,32,17417.0,25.1,25.8,insee_stats_dep_2022
62761,Saint-Martin-sur-Cojeul,216,62,32,18440.0,27.5,22.0,insee_stats_dep_2022
62762,Saint-Michel-sous-Bois,131,62,32,21187.0,21.8,25.1,insee_stats_dep_2022
62763,Saint-Michel-sur-Ternoise,826,62,32,14610.0,31.6,30.9,insee_stats_dep_2022
62764,Saint-Nicolas,4494,62,32,15608.0,28.8,25.7,insee_stats_dep_2022
62765,Saint-Omer,14382,62,32,20876.0,22.6,24.1,insee_stats_dep_2022
62766,Saint-Omer-Capelle,1073,62,32,20219.0,25.3,29.6,insee_stats_dep_2022
62767,Saint-Pol-sur-Ternoise,4677,62,32,17388.0,29.5,32.1,insee_stats_dep_2022
62768,Saint-Rémy-au-Bois,105,62,32,15207.0,31.4,28.7,insee_stats_dep_2022
62769,Saint-Tricat,773,62,32,15172.0,26.0,24.1,insee_stats_dep_2022
62770,Saint-Venant,2999,62,32,19205.0,25.5,28.6,insee_stats_dep_2022
62771,Sallaumines,9414,62,32,19782.0,23.4,21.7,insee_stats_dep_2022
62772,Salperwick,521,62,32,15760.0,29.5,32.4,insee_stats_dep_2022
62773,Samer,4704,62,32,16609.0,25.6,20.7,insee_stats_dep_2022
62774,Sangatte,4668,62,32,15447.0,31.2,25.6,insee_stats_dep_2022
62775,Sanghen,315,62,32,15361.0,30.3,32.0,insee_stats_dep_2022
62776,Sapignies,198,62,32,20588.0,22.4,21.1,insee_stats_dep_2022
62777,Le Sars,153,62,32,14960.0,35.0,39.9,insee_stats_dep_2022
62778,Sars-le-Bois,83,62,32,15539.0,28.0,29.8,insee_stats_dep_2022
62779,Sarton,182,62,32,16989.0,26.9,27.7,insee_stats_dep_2022
62780,Sauchy-Cauchy,390,62,32,24047.0,16.9,16.7,insee_stats_dep_2022
62781,Sauchy-Lestrée,438,62,32,24986.0,14.4,16.8,insee_stats_dep_2022
62782,Saudemont,409,62,32,16196.0,28.6,32.1,insee_stats_dep_2022
62783,Saulchoy,325,62,32,20353.0,19.8,18.6,insee_stats_dep_2022
62784,Saulty,750,62,32,17962.0,24.1,26.3,insee_stats_dep_2022
62785,Savy-Berlette,929,62,32,14464.0,26.9,29.5,insee_stats_dep_2022
62786,Selles,299,62,32,16153.0,27.2,21.9,insee_stats_dep_2022
62787,Sempy,324,62,32,16210.0,27.4,22.1,insee_stats_dep_2022
62788,Seninghem,685,62,32,19349.0,24.2,24.2,insee_stats_dep_2022
62789,Senlecques,251,62,32,23081.0,14.9,16.8,insee_stats_dep_2022
62790,Senlis,159,62,32,21780.0,20.3,22.8,insee_stats_dep_2022
62791,Séricourt,49,62,32,19364.0,21.4,18.7,insee_stats_dep_2022
62792,Serques,1210,62,32,16468.0,28.9,25.6,insee_stats_dep_2022
62793,Servins,1147,62,32,14868.0,27.6,24.9,insee_stats_dep_2022
62794,Setques,594,62,32,14268.0,30.6,32.9,insee_stats_dep_2022
62795,Sibiville,118,62,32,18914.0,24.8,23.0,insee_stats_dep_2022
62796,Simencourt,569,62,32,15968.0,29.2,31.2,insee_stats_dep_2022
62797,Siracourt,286,62,32,16001.0,28.3,28.3,insee_stats_dep_2022
62798,Sombrin,205,62,32,18239.0,26.1,23.5,insee_stats_dep_2022
62799,Sorrus,942,62,32,17722.0,30.1,35.7,insee_stats_dep_2022
62800,Souastre,375,62,32,20024.0,26.1,29.4,insee_stats_dep_2022
62801,Souchez,2663,62,32,17129.0,28.7,24.1,insee_stats_dep_2022
62802,Le Souich,197,62,32,23593.0,17.5,16.9,insee_stats_dep_2022
62803,Surques,624,62,32,25784.0,17.8,18.9,insee_stats_dep_2022
62804,Sus-Saint-Léger,359,62,32,16915.0,28.1,30.2,insee_stats_dep_2022
62805,Tangry,265,62,32,22612.0,17.8,19.0,insee_stats_dep_2022
62806,Tardinghen,150,62,32,22491.0,19.9,17.0,insee_stats_dep_2022
62808,Teneur,259,62,32,19256.0,24.2,25.4,insee_stats_dep_2022
62809,Ternas,125,62,32,20602.0,23.8,25.2,insee_stats_dep_2022
62810,Thélus,1310,62,32,17512.0,25.0,28.5,insee_stats_dep_2022
62811,Thérouanne,1146,62,32,17275.0,27.1,24.7,insee_stats_dep_2022
62812,Thiembronne,815,62,32,18782.0,24.2,25.2,insee_stats_dep_2022
62813,La Thieuloye,476,62,32,13144.0,34.3,31.9,insee_stats_dep_2022
62814,Thièvres,96,62,32,21068.0,17.8,15.5,insee_stats_dep_2022
62815,Tigny-Noyelle,163,62,32,14446.0,29.2,25.4,insee_stats_dep_2022
62816,Tilloy-lès-Hermaville,215,62,32,19408.0,23.4,25.8,insee_stats_dep_2022
62817,Tilloy-lès-Mofflaines,1616,62,32,17769.0,24.7,20.5,insee_stats_dep_2022
62818,Tilly-Capelle,154,62,32,15175.0,31.0,35.2,insee_stats_dep_2022
62819,Tilques,1072,62,32,24436.0,19.8,20.7,insee_stats_dep_2022
62820,Tincques,818,62,32,23434.0,21.7,25.8,insee_stats_dep_2022
62821,Tingry,291,62,32,16561.0,28.0,23.4,insee_stats_dep_2022
62822,Tollent,81,62,32,17001.0,28.4,28.3,insee_stats_dep_2022
62823,Torcy,171,62,32,19708.0,24.0,20.0,insee_stats_dep_2022
62824,Tortefontaine,233,62,32,16556.0,26.4,28.9,insee_stats_dep_2022
62825,Tortequesne,907,62,32,12844.0,32.9,29.5,insee_stats_dep_2022
62826,Le Touquet-Paris-Plage,4224,62,32,18063.0,25.6,29.9,insee_stats_dep_2022
62827,Tournehem-sur-la-Hem,1376,62,32,13497.0,31.5,36.0,insee_stats_dep_2022
62828,Tramecourt,55,62,32,15050.0,30.3,35.5,insee_stats_dep_2022
62829,Le Transloy,422,62,32,13986.0,32.4,38.6,insee_stats_dep_2022
62830,Trescault,204,62,32,19824.0,27.6,24.1,insee_stats_dep_2022
62831,Troisvaux,293,62,32,19544.0,26.8,24.7,insee_stats_dep_2022
62832,Tubersent,578,62,32,20152.0,24.2,25.2,insee_stats_dep_2022
62833,Vacquerie-le-Boucq,67,62,32,16547.0,26.6,21.7,insee_stats_dep_2022
62834,Vacqueriette-Erquières,245,62,32,17109.0,29.9,26.3,insee_stats_dep_2022
62835,Valhuon,538,62,32,21439.0,22.3,20.6,insee_stats_dep_2022
62836,Vaudricourt,1138,62,32,15349.0,28.7,30.5,insee_stats_dep_2022
62837,Vaudringhem,494,62,32,15151.0,30.7,28.1,insee_stats_dep_2022
62838,Vaulx,89,62,32,19661.0,23.3,25.9,insee_stats_dep_2022
62839,Vaulx-Vraucourt,1099,62,32,15348.0,30.6,33.9,insee_stats_dep_2022
62840,Vélu,130,62,32,16843.0,27.4,23.1,insee_stats_dep_2022
62841,Vendin-lès-Béthune,2374,62,32,19093.0,24.7,20.0,insee_stats_dep_2022
62842,Vendin-le-Vieil,8536,62,32,19978.0,24.1,27.3,insee_stats_dep_2022
62843,Verchin,235,62,32,14374.0,28.7,24.4,insee_stats_dep_2022
62844,Verchocq,665,62,32,21459.0,21.9,21.4,insee_stats_dep_2022
62845,Verlincthun,516,62,32,17513.0,25.8,21.1,insee_stats_dep_2022
62846,Vermelles,4729,62,32,16293.0,26.6,21.5,insee_stats_dep_2022
62847,Verquigneul,1978,62,32,16623.0,26.9,31.8,insee_stats_dep_2022
62848,Verquin,3445,62,32,21623.0,23.9,26.5,insee_stats_dep_2022
62849,Verton,2571,62,32,18639.0,28.1,24.1,insee_stats_dep_2022
62850,Vieil-Hesdin,351,62,32,17311.0,28.1,23.7,insee_stats_dep_2022
62851,Vieille-Chapelle,882,62,32,19159.0,26.2,28.6,insee_stats_dep_2022
62852,Vieille-Église,1511,62,32,11700.0,30.6,34.4,insee_stats_dep_2022
62853,Vieil-Moutier,391,62,32,21769.0,19.9,20.3,insee_stats_dep_2022
62854,Villers-au-Bois,607,62,32,13342.0,34.2,29.7,insee_stats_dep_2022
62855,Villers-au-Flos,245,62,32,20546.0,22.5,20.3,insee_stats_dep_2022
62856,Villers-Brûlin,368,62,32,20310.0,22.0,24.4,insee_stats_dep_2022
62857,Villers-Châtel,127,62,32,18055.0,27.3,32.2,insee_stats_dep_2022
62858,Villers-lès-Cagnicourt,243,62,32,20844.0,21.2,24.5,insee_stats_dep_2022
62859,Villers-l'Hôpital,255,62,32,22411.0,21.5,24.8,insee_stats_dep_2022
62860,Villers-Sir-Simon,137,62,32,14754.0,32.3,34.7,insee_stats_dep_2022
62861,Vimy,4270,62,32,18825.0,26.2,28.2,insee_stats_dep_2022
62862,Vincly,146,62,32,17776.0,29.7,28.4,insee_stats_dep_2022
62863,Violaines,3839,62,32,18164.0,25.3,20.8,insee_stats_dep_2022
62864,Vis-en-Artois,632,62,32,25896.0,17.1,16.9,insee_stats_dep_2022
62865,Vitry-en-Artois,4849,62,32,17976.0,24.8,23.3,insee_stats_dep_2022
62866,Waben,449,62,32,12768.0,34.7,39.8,insee_stats_dep_2022
62867,Wacquinghen,259,62,32,15036.0,30.1,29.3,insee_stats_dep_2022
62868,Wail,261,62,32,14110.0,31.4,33.3,insee_stats_dep_2022
62869,Wailly,1062,62,32,16630.0,26.2,23.1,insee_stats_dep_2022
62870,Wailly-Beaucamp,1062,62,32,16026.0,27.5,32.2,insee_stats_dep_2022
62871,Wambercourt,259,62,32,15324.0,31.7,28.8,insee_stats_dep_2022
62872,Wamin,253,62,32,15004.0,32.0,35.2,insee_stats_dep_2022
62873,Wancourt,626,62,32,16973.0,25.2,25.7,insee_stats_dep_2022
62874,Wanquetin,748,62,32,14086.0,33.7,31.8,insee_stats_dep_2022
62875,Wardrecques,1328,62,32,16895.0,32.4,33.0,insee_stats_dep_2022
62876,Warlencourt-Eaucourt,131,62,32,19912.0,22.2,24.2,insee_stats_dep_2022
62877,Warlincourt-lès-Pas,177,62,32,20468.0,21.6,22.1,insee_stats_dep_2022
62878,Warlus,377,62,32,16866.0,31.4,35.7,insee_stats_dep_2022
62879,Warluzel,218,62,32,15552.0,29.9,32.7,insee_stats_dep_2022
62880,Le Wast,203,62,32,16725.0,26.6,26.6,insee_stats_dep_2022
62881,Beauvoir-Wavans,355,62,32,26846.0,12.5,14.2,insee_stats_dep_2022
62882,Wavrans-sur-l'Aa,1203,62,32,16357.0,23.8,25.4,insee_stats_dep_2022
62883,Wavrans-sur-Ternoise,197,62,32,16802.0,31.2,26.5,insee_stats_dep_2022
62885,Westrehem,246,62,32,16767.0,28.6,25.4,insee_stats_dep_2022
62886,Wicquinghem,267,62,32,20133.0,25.7,28.5,insee_stats_dep_2022
62887,Widehem,244,62,32,15246.0,26.7,31.0,insee_stats_dep_2022
62888,Wierre-au-Bois,228,62,32,16068.0,30.7,25.5,insee_stats_dep_2022
62889,Wierre-Effroy,834,62,32,14342.0,30.3,34.3,insee_stats_dep_2022
62890,Willeman,183,62,32,20257.0,26.8,27.9,insee_stats_dep_2022
62891,Willencourt,138,62,32,13539.0,34.7,33.8,insee_stats_dep_2022
62892,Willerval,660,62,32,17346.0,23.3,19.1,insee_stats_dep_2022
62893,Wimereux,6256,62,32,17923.0,27.5,22.9,insee_stats_dep_2022
62894,Wimille,3866,62,32,19864.0,20.7,23.9,insee_stats_dep_2022
62895,Wingles,8720,62,32,21444.0,20.6,19.7,insee_stats_dep_2022
62896,Wirwignes,768,62,32,19606.0,23.3,27.3,insee_stats_dep_2022
62897,Wismes,492,62,32,23436.0,22.8,26.1,insee_stats_dep_2022
62898,Wisques,222,62,32,17710.0,29.5,24.0,insee_stats_dep_2022
62899,Wissant,835,62,32,13632.0,32.9,35.8,insee_stats_dep_2022
62900,Witternesse,636,62,32,25754.0,18.0,16.2,insee_stats_dep_2022
62901,Wittes,973,62,32,18625.0,26.8,22.3,insee_stats_dep_2022
62902,Wizernes,3321,62,32,24988.0,18.4,19.7,insee_stats_dep_2022
62903,Zoteux,588,62,32,19230.0,28.4,28.2,insee_stats_dep_2022
62904,Zouafques,592,62,32,18670.0,24.5,26.9,insee_stats_dep_2022
62905,Zudausques,1084,62,32,11700.0,36.5,41.7,insee_stats_dep_2022
62906,Zutkerque,1820,62,32,16557.0,26.8,21.6,insee_stats_dep_2022
62907,Libercourt,7973,62,32,17675.0,27.1,23.4,insee_stats_dep_2022
62908,La Capelle-lès-Boulogne,1551,62,32,14821.0,28.5,31.5,insee_stats_dep_2022
62909,Ytres,425,62,32,18701.0,24.7,21.0,insee_stats_dep_2022
80001,Abbeville,22395,80,32,23808.0,19.4,17.6,insee_stats_dep_2022
80002,Ablaincourt-Pressoir,263,80,32,19493.0,24.9,26.7,insee_stats_dep_2022
80003,Acheux-en-Amiénois,590,80,32,15759.0,27.0,24.5,insee_stats_dep_2022
80004,Acheux-en-Vimeu,501,80,32,17028.0,26.6,27.0,insee_stats_dep_2022
80005,Agenville,83,80,32,16542.0,29.0,32.6,insee_stats_dep_2022
80006,Agenvillers,215,80,32,21040.0,21.5,17.3,insee_stats_dep_2022
80008,Aigneville,904,80,32,14122.0,33.1,30.8,insee_stats_dep_2022
80009,Ailly-le-Haut-Clocher,1024,80,32,16407.0,23.0,27.1,insee_stats_dep_2022
80010,Ailly-sur-Noye,2648,80,32,20356.0,28.6,28.0,insee_stats_dep_2022
80011,Ailly-sur-Somme,3003,80,32,19941.0,25.8,26.1,insee_stats_dep_2022
80013,Airaines,2204,80,32,19104.0,23.4,20.9,insee_stats_dep_2022
80014,Aizecourt-le-Bas,69,80,32,14930.0,30.2,26.0,insee_stats_dep_2022
80015,Aizecourt-le-Haut,66,80,32,18422.0,24.7,25.7,insee_stats_dep_2022
80016,Albert,9521,80,32,20444.0,21.5,19.4,insee_stats_dep_2022
80017,Allaines,419,80,32,17124.0,29.3,34.1,insee_stats_dep_2022
80018,Allenay,253,80,32,18461.0,25.9,27.2,insee_stats_dep_2022
80019,Allery,843,80,32,20277.0,27.1,31.6,insee_stats_dep_2022
80020,Allonville,778,80,32,16986.0,27.6,24.4,insee_stats_dep_2022
80021,Amiens,136449,80,32,21002.0,23.4,25.2,insee_stats_dep_2022
80022,Andainville,233,80,32,21816.0,18.0,20.9,insee_stats_dep_2022
80023,Andechy,282,80,32,20307.0,23.1,23.6,insee_stats_dep_2022
80024,Argœuves,543,80,32,17333.0,29.5,25.9,insee_stats_dep_2022
80025,Argoules,322,80,32,19987.0,20.5,23.6,insee_stats_dep_2022
80026,Arguel,31,80,32,15620.0,31.1,34.3,insee_stats_dep_2022
80027,Armancourt,33,80,32,17047.0,27.8,26.8,insee_stats_dep_2022
80028,Arquèves,152,80,32,19055.0,23.7,25.3,insee_stats_dep_2022
80029,Arrest,820,80,32,19229.0,26.8,24.9,insee_stats_dep_2022
80030,Arry,212,80,32,20986.0,24.0,20.4,insee_stats_dep_2022
80031,Arvillers,759,80,32,17512.0,26.7,30.2,insee_stats_dep_2022
80032,Assainvillers,136,80,32,16205.0,26.4,25.4,insee_stats_dep_2022
80033,Assevillers,311,80,32,23493.0,18.3,21.1,insee_stats_dep_2022
80034,Athies,614,80,32,15019.0,31.4,34.6,insee_stats_dep_2022
80035,Aubercourt,69,80,32,16271.0,27.7,23.7,insee_stats_dep_2022
80036,Aubigny,502,80,32,16940.0,25.8,27.4,insee_stats_dep_2022
80037,Aubvillers,170,80,32,15847.0,27.0,24.7,insee_stats_dep_2022
80038,Auchonvillers,125,80,32,19342.0,24.3,20.6,insee_stats_dep_2022
80039,Ault,1346,80,32,17757.0,27.3,22.7,insee_stats_dep_2022
80040,Aumâtre,170,80,32,25378.0,15.6,16.3,insee_stats_dep_2022
80041,Aumont,119,80,32,14270.0,34.8,36.3,insee_stats_dep_2022
80042,Autheux,120,80,32,20668.0,23.5,26.6,insee_stats_dep_2022
80043,Authie,246,80,32,16455.0,28.7,29.1,insee_stats_dep_2022
80044,Authieule,393,80,32,23131.0,19.6,17.4,insee_stats_dep_2022
80045,Authuille,154,80,32,11520.0,31.5,37.5,insee_stats_dep_2022
80046,Avelesges,48,80,32,21110.0,21.1,18.9,insee_stats_dep_2022
80047,Aveluy,540,80,32,15280.0,30.6,36.1,insee_stats_dep_2022
80048,Avesnes-Chaussoy,63,80,32,15432.0,30.5,31.5,insee_stats_dep_2022
80049,Ayencourt,152,80,32,16061.0,27.2,23.0,insee_stats_dep_2022
80050,Bacouel-sur-Selle,461,80,32,18562.0,24.0,23.4,insee_stats_dep_2022
80051,Bailleul,253,80,32,16429.0,27.4,21.9,insee_stats_dep_2022
80052,Baizieux,243,80,32,17637.0,25.6,22.1,insee_stats_dep_2022
80053,Balâtre,78,80,32,14911.0,30.5,32.6,insee_stats_dep_2022
80054,Barleux,233,80,32,17327.0,24.4,28.8,insee_stats_dep_2022
80055,Barly,161,80,32,15363.0,34.2,35.5,insee_stats_dep_2022
80056,Bavelincourt,104,80,32,18710.0,23.5,22.6,insee_stats_dep_2022
80057,Bayencourt,70,80,32,19047.0,30.6,29.5,insee_stats_dep_2022
80058,Bayonvillers,340,80,32,18518.0,26.2,29.0,insee_stats_dep_2022
80059,Bazentin,79,80,32,21723.0,20.5,21.0,insee_stats_dep_2022
80060,Béalcourt,126,80,32,24526.0,19.7,21.5,insee_stats_dep_2022
80061,Beaucamps-le-Jeune,207,80,32,20955.0,23.5,23.1,insee_stats_dep_2022
80062,Beaucamps-le-Vieux,1396,80,32,17407.0,23.9,20.2,insee_stats_dep_2022
80063,Beauchamps,937,80,32,18325.0,26.1,29.5,insee_stats_dep_2022
80064,Beaucourt-en-Santerre,161,80,32,11520.0,28.8,25.1,insee_stats_dep_2022
80065,Beaucourt-sur-l'Ancre,89,80,32,19173.0,25.7,21.2,insee_stats_dep_2022
80066,Beaucourt-sur-l'Hallue,278,80,32,19361.0,23.7,20.5,insee_stats_dep_2022
80067,Beaufort-en-Santerre,193,80,32,17375.0,28.4,24.3,insee_stats_dep_2022
80068,Beaumetz,215,80,32,14220.0,28.7,27.3,insee_stats_dep_2022
80069,Beaumont-Hamel,200,80,32,20584.0,25.3,22.8,insee_stats_dep_2022
80070,Beauquesne,1352,80,32,19397.0,25.9,27.8,insee_stats_dep_2022
80071,Beauval,1929,80,32,23455.0,20.9,22.1,insee_stats_dep_2022
80073,Bécordel-Bécourt,153,80,32,19999.0,22.6,26.1,insee_stats_dep_2022
80074,Becquigny,109,80,32,19067.0,22.0,23.7,insee_stats_dep_2022
80076,Béhen,500,80,32,15827.0,28.8,31.4,insee_stats_dep_2022
80077,Béhencourt,301,80,32,20154.0,23.0,27.0,insee_stats_dep_2022
80078,Bellancourt,494,80,32,18619.0,23.9,21.2,insee_stats_dep_2022
80079,Belleuse,297,80,32,16836.0,31.0,35.1,insee_stats_dep_2022
80080,Belloy-en-Santerre,149,80,32,19068.0,25.4,27.8,insee_stats_dep_2022
80081,Belloy-Saint-Léonard,80,80,32,21722.0,17.3,18.0,insee_stats_dep_2022
80082,Belloy-sur-Somme,717,80,32,20939.0,22.9,23.0,insee_stats_dep_2022
80083,Bergicourt,145,80,32,19723.0,24.0,22.9,insee_stats_dep_2022
80084,Bermesnil,197,80,32,25200.0,14.4,16.6,insee_stats_dep_2022
80085,Bernâtre,40,80,32,16262.0,28.3,29.3,insee_stats_dep_2022
80086,Bernaville,1042,80,32,18958.0,26.2,21.8,insee_stats_dep_2022
80087,Bernay-en-Ponthieu,240,80,32,21139.0,21.0,17.2,insee_stats_dep_2022
80088,Bernes,353,80,32,13982.0,29.8,27.6,insee_stats_dep_2022
80089,Berneuil,279,80,32,21547.0,21.9,25.4,insee_stats_dep_2022
80090,Berny-en-Santerre,155,80,32,23289.0,16.6,18.5,insee_stats_dep_2022
80092,Bertangles,815,80,32,21607.0,22.5,21.6,insee_stats_dep_2022
80093,Berteaucourt-les-Dames,1092,80,32,15272.0,30.3,32.1,insee_stats_dep_2022
80094,Berteaucourt-lès-Thennes,517,80,32,24836.0,19.6,22.2,insee_stats_dep_2022
80095,Bertrancourt,220,80,32,19122.0,27.0,29.8,insee_stats_dep_2022
80096,Béthencourt-sur-Mer,882,80,32,17320.0,27.5,31.2,insee_stats_dep_2022
80097,Béthencourt-sur-Somme,124,80,32,15491.0,32.5,37.4,insee_stats_dep_2022
80098,Bettembos,91,80,32,19148.0,25.4,22.2,insee_stats_dep_2022
80099,Bettencourt-Rivière,209,80,32,13447.0,33.0,32.8,insee_stats_dep_2022
80100,Bettencourt-Saint-Ouen,605,80,32,19498.0,26.9,25.1,insee_stats_dep_2022
80101,Beuvraignes,900,80,32,19617.0,20.2,23.2,insee_stats_dep_2022
80102,Biaches,386,80,32,21364.0,22.5,19.7,insee_stats_dep_2022
80103,Biarre,57,80,32,20569.0,19.9,20.3,insee_stats_dep_2022
80104,Biencourt,137,80,32,17454.0,27.1,26.7,insee_stats_dep_2022
80105,Billancourt,178,80,32,13456.0,30.5,26.0,insee_stats_dep_2022
80106,Blangy-sous-Poix,161,80,32,12996.0,33.1,39.2,insee_stats_dep_2022
80107,Blangy-Tronville,613,80,32,24490.0,18.2,17.4,insee_stats_dep_2022
80108,Boisbergues,64,80,32,19018.0,30.6,31.9,insee_stats_dep_2022
80109,Le Boisle,329,80,32,21035.0,20.8,16.8,insee_stats_dep_2022
80110,Boismont,441,80,32,16118.0,31.3,27.8,insee_stats_dep_2022
80112,Bonnay,247,80,32,15469.0,28.2,31.1,insee_stats_dep_2022
80113,Bonneville,325,80,32,19945.0,27.4,23.7,insee_stats_dep_2022
80114,Bosquel,349,80,32,19353.0,23.9,21.7,insee_stats_dep_2022
80115,Bouchavesnes-Bergen,283,80,32,16258.0,32.1,36.3,insee_stats_dep_2022
80116,Bouchoir,276,80,32,14607.0,30.3,33.9,insee_stats_dep_2022
80117,Bouchon,158,80,32,17463.0,24.1,28.4,insee_stats_dep_2022
80118,Boufflers,113,80,32,16173.0,26.9,22.0,insee_stats_dep_2022
80119,Bougainville,389,80,32,12576.0,31.7,32.6,insee_stats_dep_2022
80120,Bouillancourt-en-Séry,540,80,32,15816.0,26.8,23.0,insee_stats_dep_2022
80121,Bouillancourt-la-Bataille,142,80,32,18960.0,26.3,23.2,insee_stats_dep_2022
80122,Bouquemaison,493,80,32,14758.0,31.7,34.9,insee_stats_dep_2022
80123,Bourdon,376,80,32,14716.0,28.8,30.7,insee_stats_dep_2022
80124,Bourseville,725,80,32,19614.0,23.8,27.8,insee_stats_dep_2022
80125,Boussicourt,80,80,32,17594.0,27.6,32.1,insee_stats_dep_2022
80126,Bouttencourt,927,80,32,20961.0,24.6,25.9,insee_stats_dep_2022
80127,Bouvaincourt-sur-Bresle,783,80,32,15692.0,30.3,28.1,insee_stats_dep_2022
80128,Bouvincourt-en-Vermandois,154,80,32,16745.0,29.8,25.2,insee_stats_dep_2022
80129,Bouzincourt,528,80,32,20934.0,19.6,20.5,insee_stats_dep_2022
80130,Bovelles,425,80,32,12757.0,33.5,30.5,insee_stats_dep_2022
80131,Boves,3234,80,32,17215.0,25.3,22.5,insee_stats_dep_2022
80132,Braches,203,80,32,14256.0,27.7,25.4,insee_stats_dep_2022
80133,Brailly-Cornehotte,211,80,32,21145.0,22.8,24.3,insee_stats_dep_2022
80134,Brassy,82,80,32,18818.0,25.8,28.4,insee_stats_dep_2022
80135,Bray-lès-Mareuil,249,80,32,20280.0,23.3,22.5,insee_stats_dep_2022
80136,Bray-sur-Somme,1184,80,32,12786.0,31.2,27.5,insee_stats_dep_2022
80137,Breilly,707,80,32,19551.0,23.4,27.1,insee_stats_dep_2022
80138,Bresle,120,80,32,21195.0,21.9,21.3,insee_stats_dep_2022
80139,Breuil,45,80,32,18656.0,24.3,23.5,insee_stats_dep_2022
80140,Brévillers,116,80,32,15845.0,28.6,29.0,insee_stats_dep_2022
80141,Brie,350,80,32,17755.0,27.1,26.4,insee_stats_dep_2022
80142,Briquemesnil-Floxicourt,341,80,32,15415.0,30.7,24.6,insee_stats_dep_2022
80143,Brocourt,109,80,32,18675.0,25.3,21.2,insee_stats_dep_2022
80144,Brouchy,495,80,32,11712.0,34.9,31.9,insee_stats_dep_2022
80145,Brucamps,155,80,32,18905.0,22.5,26.4,insee_stats_dep_2022
80146,Brutelles,197,80,32,17081.0,29.6,30.5,insee_stats_dep_2022
80147,Buigny-l'Abbé,341,80,32,17846.0,24.9,25.9,insee_stats_dep_2022
80148,Buigny-lès-Gamaches,397,80,32,21690.0,23.0,22.2,insee_stats_dep_2022
80149,Buigny-Saint-Maclou,514,80,32,17395.0,28.1,31.3,insee_stats_dep_2022
80150,Buire-Courcelles,220,80,32,22565.0,17.2,17.9,insee_stats_dep_2022
80151,Buire-sur-l'Ancre,294,80,32,15909.0,29.4,33.3,insee_stats_dep_2022
80152,Bus-la-Mésière,144,80,32,18257.0,25.4,25.2,insee_stats_dep_2022
80153,Bus-lès-Artois,140,80,32,17122.0,23.5,19.1,insee_stats_dep_2022
80154,Bussu,207,80,32,16534.0,29.5,33.9,insee_stats_dep_2022
80155,Bussus-lès-Yaucourt,556,80,32,18413.0,26.9,28.6,insee_stats_dep_2022
80156,Bussy-lès-Daours,370,80,32,19029.0,26.5,24.2,insee_stats_dep_2022
80157,Bussy-lès-Poix,90,80,32,16934.0,28.4,25.4,insee_stats_dep_2022
80158,Buverchy,41,80,32,19271.0,22.5,27.0,insee_stats_dep_2022
80159,Cachy,300,80,32,12913.0,33.4,29.2,insee_stats_dep_2022
80160,Cagny,1191,80,32,20351.0,23.3,22.8,insee_stats_dep_2022
80161,Cahon,222,80,32,13329.0,30.0,34.2,insee_stats_dep_2022
80162,Caix,704,80,32,20633.0,23.6,23.5,insee_stats_dep_2022
80163,Cambron,740,80,32,14559.0,32.9,31.4,insee_stats_dep_2022
80164,Camon,4359,80,32,21194.0,21.8,19.8,insee_stats_dep_2022
80165,Camps-en-Amiénois,182,80,32,18591.0,25.8,29.6,insee_stats_dep_2022
80166,Canaples,705,80,32,19491.0,24.9,22.9,insee_stats_dep_2022
80167,Canchy,348,80,32,18000.0,25.5,21.0,insee_stats_dep_2022
80168,Candas,1035,80,32,11520.0,37.1,36.1,insee_stats_dep_2022
80169,Cannessières,59,80,32,18359.0,28.5,33.8,insee_stats_dep_2022
80170,Cantigny,110,80,32,15310.0,29.5,33.4,insee_stats_dep_2022
80171,Caours,548,80,32,19681.0,22.1,18.0,insee_stats_dep_2022
80172,Cappy,546,80,32,16791.0,25.1,29.9,insee_stats_dep_2022
80173,Cardonnette,513,80,32,16087.0,26.4,22.7,insee_stats_dep_2022
80174,Le Cardonnois,75,80,32,17737.0,27.2,30.9,insee_stats_dep_2022
80176,Carrépuis,250,80,32,18252.0,28.7,23.0,insee_stats_dep_2022
80177,Cartigny,688,80,32,12328.0,35.7,38.2,insee_stats_dep_2022
80179,Caulières,223,80,32,16117.0,27.7,30.8,insee_stats_dep_2022
80180,Cavillon,90,80,32,17266.0,26.0,27.8,insee_stats_dep_2022
80181,Cayeux-en-Santerre,123,80,32,16269.0,27.8,31.2,insee_stats_dep_2022
80182,Cayeux-sur-Mer,2316,80,32,19486.0,22.4,18.6,insee_stats_dep_2022
80183,Cerisy-Buleux,278,80,32,15101.0,29.9,31.8,insee_stats_dep_2022
80184,Cerisy,526,80,32,17013.0,27.8,33.2,insee_stats_dep_2022
80185,Champien,272,80,32,21146.0,21.4,17.8,insee_stats_dep_2022
80186,Chaulnes,1969,80,32,20763.0,22.5,23.5,insee_stats_dep_2022
80187,La Chaussée-Tirancourt,699,80,32,16494.0,27.7,26.1,insee_stats_dep_2022
80188,Chaussoy-Epagny,570,80,32,15709.0,30.0,27.5,insee_stats_dep_2022
80189,La Chavatte,60,80,32,13668.0,29.0,27.4,insee_stats_dep_2022
80190,Chépy,1190,80,32,15544.0,30.6,25.8,insee_stats_dep_2022
80191,Chilly,169,80,32,20286.0,22.0,22.7,insee_stats_dep_2022
80192,Chipilly,172,80,32,15568.0,26.7,23.6,insee_stats_dep_2022
80193,Chirmont,158,80,32,17650.0,27.1,31.9,insee_stats_dep_2022
80194,Chuignes,152,80,32,13811.0,30.2,35.1,insee_stats_dep_2022
80195,Chuignolles,147,80,32,16657.0,27.8,23.6,insee_stats_dep_2022
80196,Citerne,240,80,32,19005.0,26.7,26.3,insee_stats_dep_2022
80197,Cizancourt,30,80,32,20453.0,23.1,22.2,insee_stats_dep_2022
80198,Clairy-Saulchoix,376,80,32,17455.0,27.2,29.9,insee_stats_dep_2022
80199,Cléry-sur-Somme,516,80,32,20125.0,23.2,26.5,insee_stats_dep_2022
80200,Cocquerel,220,80,32,22837.0,17.8,16.4,insee_stats_dep_2022
80201,Coigneux,45,80,32,14375.0,27.6,26.3,insee_stats_dep_2022
80202,Coisy,387,80,32,15822.0,32.1,26.7,insee_stats_dep_2022
80203,Colincamps,80,80,32,16305.0,26.5,23.8,insee_stats_dep_2022
80204,Combles,757,80,32,18152.0,24.8,26.9,insee_stats_dep_2022
80205,Condé-Folie,865,80,32,17205.0,28.7,26.2,insee_stats_dep_2022
80206,Contalmaison,122,80,32,19763.0,24.0,26.6,insee_stats_dep_2022
80207,Contay,305,80,32,11520.0,34.2,27.4,insee_stats_dep_2022
80208,Conteville,210,80,32,17983.0,23.5,26.6,insee_stats_dep_2022
80210,Contre,149,80,32,17792.0,30.7,29.2,insee_stats_dep_2022
80211,Conty,1660,80,32,14697.0,26.4,28.1,insee_stats_dep_2022
80212,Corbie,5982,80,32,15842.0,27.6,22.8,insee_stats_dep_2022
80213,Cottenchy,566,80,32,19133.0,25.1,22.0,insee_stats_dep_2022
80214,Coullemelle,313,80,32,18204.0,24.2,22.8,insee_stats_dep_2022
80215,Coulonvillers,214,80,32,13911.0,32.4,32.6,insee_stats_dep_2022
80216,Courcelette,152,80,32,16367.0,28.1,28.6,insee_stats_dep_2022
80217,Courcelles-au-Bois,69,80,32,16260.0,24.4,21.9,insee_stats_dep_2022
80218,Courcelles-sous-Moyencourt,164,80,32,22205.0,22.1,19.9,insee_stats_dep_2022
80219,Courcelles-sous-Thoix,65,80,32,11520.0,34.0,32.6,insee_stats_dep_2022
80220,Courtemanche,99,80,32,11903.0,36.8,41.2,insee_stats_dep_2022
80221,Cramont,304,80,32,17690.0,24.9,25.6,insee_stats_dep_2022
80222,Crécy-en-Ponthieu,1376,80,32,17118.0,28.5,33.7,insee_stats_dep_2022
80223,Crémery,115,80,32,16548.0,28.9,26.4,insee_stats_dep_2022
80224,Cressy-Omencourt,127,80,32,18115.0,27.2,31.7,insee_stats_dep_2022
80225,Creuse,186,80,32,11520.0,31.9,32.3,insee_stats_dep_2022
80226,Croix-Moligneaux,270,80,32,14343.0,30.2,34.7,insee_stats_dep_2022
80227,Croixrault,460,80,32,23685.0,19.7,20.3,insee_stats_dep_2022
80228,Le Crotoy,1958,80,32,17228.0,26.8,25.2,insee_stats_dep_2022
80229,Crouy-Saint-Pierre,374,80,32,18021.0,29.3,25.2,insee_stats_dep_2022
80230,Curchy,281,80,32,16680.0,30.8,32.1,insee_stats_dep_2022
80231,Curlu,152,80,32,17926.0,27.3,22.1,insee_stats_dep_2022
80232,Damery,215,80,32,20319.0,22.1,20.7,insee_stats_dep_2022
80233,Dancourt-Popincourt,150,80,32,15083.0,32.7,30.7,insee_stats_dep_2022
80234,Daours,737,80,32,19546.0,26.2,23.0,insee_stats_dep_2022
80235,Dargnies,1174,80,32,18663.0,26.6,24.0,insee_stats_dep_2022
80236,Davenescourt,555,80,32,15087.0,34.5,27.7,insee_stats_dep_2022
80237,Démuin,524,80,32,17607.0,29.9,27.0,insee_stats_dep_2022
80238,Dernancourt,517,80,32,18058.0,29.0,30.4,insee_stats_dep_2022
80239,Devise,59,80,32,16261.0,28.3,22.9,insee_stats_dep_2022
80240,Doingt,1389,80,32,24362.0,19.4,22.0,insee_stats_dep_2022
80241,Domart-en-Ponthieu,1081,80,32,15692.0,32.9,38.3,insee_stats_dep_2022
80242,Domart-sur-la-Luce,403,80,32,17865.0,25.7,28.4,insee_stats_dep_2022
80243,Domesmont,44,80,32,18667.0,25.1,28.9,insee_stats_dep_2022
80244,Dominois,168,80,32,18908.0,26.2,21.4,insee_stats_dep_2022
80245,Domléger-Longvillers,287,80,32,17835.0,28.9,32.6,insee_stats_dep_2022
80246,Dommartin,346,80,32,19287.0,24.5,25.7,insee_stats_dep_2022
80247,Dompierre-Becquincourt,709,80,32,17989.0,25.8,29.7,insee_stats_dep_2022
80248,Dompierre-sur-Authie,417,80,32,17482.0,25.6,25.9,insee_stats_dep_2022
80249,Domqueur,308,80,32,17445.0,28.7,24.8,insee_stats_dep_2022
80250,Domvast,333,80,32,14402.0,30.1,31.7,insee_stats_dep_2022
80251,Doudelainville,363,80,32,19320.0,25.4,25.6,insee_stats_dep_2022
80252,Douilly,250,80,32,17128.0,27.6,32.8,insee_stats_dep_2022
80253,Doullens,5751,80,32,23041.0,21.0,24.0,insee_stats_dep_2022
80256,Dreuil-lès-Amiens,1576,80,32,18609.0,28.6,27.4,insee_stats_dep_2022
80258,Driencourt,78,80,32,20462.0,20.4,21.7,insee_stats_dep_2022
80259,Dromesnil,82,80,32,12213.0,33.7,31.4,insee_stats_dep_2022
80260,Drucat,887,80,32,15849.0,28.3,25.8,insee_stats_dep_2022
80261,Dury,1441,80,32,16423.0,27.9,32.1,insee_stats_dep_2022
80262,Eaucourt-sur-Somme,357,80,32,14101.0,30.6,28.3,insee_stats_dep_2022
80263,L'Échelle-Saint-Aurin,43,80,32,18715.0,25.4,28.4,insee_stats_dep_2022
80264,Éclusier-Vaux,85,80,32,15253.0,27.9,33.3,insee_stats_dep_2022
80265,Embreville,560,80,32,19291.0,26.0,24.8,insee_stats_dep_2022
80266,Englebelmer,282,80,32,15794.0,28.1,24.3,insee_stats_dep_2022
80267,Ennemain,241,80,32,22341.0,25.4,20.3,insee_stats_dep_2022
80268,Épagne-Épagnette,510,80,32,17208.0,22.7,21.8,insee_stats_dep_2022
80269,Épaumesnil,104,80,32,17212.0,26.0,30.9,insee_stats_dep_2022
80270,Épécamps,7,80,32,19888.0,25.4,22.5,insee_stats_dep_2022
80271,Épehy,1099,80,32,19353.0,24.6,19.7,insee_stats_dep_2022
80272,Épénancourt,129,80,32,14109.0,30.3,26.4,insee_stats_dep_2022
80273,Éplessier,342,80,32,14620.0,32.0,32.2,insee_stats_dep_2022
80274,Eppeville,1704,80,32,18541.0,28.1,31.8,insee_stats_dep_2022
80275,Équancourt,300,80,32,20643.0,23.4,22.4,insee_stats_dep_2022
80276,Équennes-Éramecourt,276,80,32,14981.0,31.6,28.6,insee_stats_dep_2022
80278,Erches,201,80,32,17874.0,27.3,25.2,insee_stats_dep_2022
80279,Ercheu,751,80,32,17384.0,27.6,32.1,insee_stats_dep_2022
80280,Ercourt,132,80,32,17314.0,28.8,32.1,insee_stats_dep_2022
80281,Ergnies,159,80,32,20351.0,19.4,21.6,insee_stats_dep_2022
80282,Érondelle,504,80,32,18816.0,27.6,33.0,insee_stats_dep_2022
80283,Esclainvillers,159,80,32,18667.0,22.9,25.9,insee_stats_dep_2022
80284,Esmery-Hallon,715,80,32,16604.0,25.2,26.5,insee_stats_dep_2022
80285,Essertaux,270,80,32,18004.0,27.4,29.0,insee_stats_dep_2022
80287,Estrébœuf,244,80,32,17457.0,24.3,27.9,insee_stats_dep_2022
80288,Estrées-Deniécourt,379,80,32,18589.0,21.2,24.2,insee_stats_dep_2022
80290,Estrées-lès-Crécy,398,80,32,20284.0,26.9,23.6,insee_stats_dep_2022
80291,Estrées-sur-Noye,287,80,32,18976.0,24.7,26.1,insee_stats_dep_2022
80292,Étalon,126,80,32,17134.0,26.8,30.6,insee_stats_dep_2022
80293,Ételfay,348,80,32,20311.0,24.8,22.7,insee_stats_dep_2022
80294,Éterpigny,166,80,32,20919.0,23.9,20.9,insee_stats_dep_2022
80295,Étinehem-Méricourt,589,80,32,16519.0,29.1,29.0,insee_stats_dep_2022
80296,L'Étoile,1128,80,32,17017.0,27.8,27.1,insee_stats_dep_2022
80297,Étréjust,42,80,32,15754.0,33.1,34.8,insee_stats_dep_2022
80298,Étricourt-Manancourt,510,80,32,12786.0,32.0,32.3,insee_stats_dep_2022
80299,La Faloise,204,80,32,15614.0,29.2,34.5,insee_stats_dep_2022
80300,Falvy,163,80,32,16847.0,28.5,24.3,insee_stats_dep_2022
80301,Famechon,270,80,32,17114.0,26.0,26.4,insee_stats_dep_2022
80302,Faverolles,171,80,32,19272.0,27.1,29.2,insee_stats_dep_2022
80303,Favières,453,80,32,17651.0,26.1,24.4,insee_stats_dep_2022
80304,Fay,91,80,32,18426.0,28.4,31.2,insee_stats_dep_2022
80305,Ferrières,496,80,32,18516.0,20.2,22.4,insee_stats_dep_2022
80306,Fescamps,136,80,32,15191.0,30.5,29.3,insee_stats_dep_2022
80307,Feuillères,155,80,32,14439.0,30.3,29.1,insee_stats_dep_2022
80308,Feuquières-en-Vimeu,2414,80,32,18733.0,25.1,29.4,insee_stats_dep_2022
80310,Fienvillers,663,80,32,17636.0,23.6,25.3,insee_stats_dep_2022
80311,Fignières,142,80,32,15971.0,31.3,35.8,insee_stats_dep_2022
80312,Fins,278,80,32,16208.0,29.8,30.8,insee_stats_dep_2022
80313,Flaucourt,299,80,32,13390.0,31.5,29.8,insee_stats_dep_2022
80314,Flers,190,80,32,18241.0,27.1,26.8,insee_stats_dep_2022
80315,Flers-sur-Noye,531,80,32,23109.0,18.9,15.7,insee_stats_dep_2022
80316,Flesselles,1937,80,32,16805.0,27.1,25.1,insee_stats_dep_2022
80317,Fleury,206,80,32,13146.0,29.7,25.2,insee_stats_dep_2022
80318,Flixecourt,3221,80,32,21774.0,22.1,25.6,insee_stats_dep_2022
80319,Fluy,320,80,32,16825.0,22.6,21.8,insee_stats_dep_2022
80320,Folies,152,80,32,21954.0,18.5,18.8,insee_stats_dep_2022
80321,Folleville,154,80,32,17506.0,29.0,30.8,insee_stats_dep_2022
80322,Fonches-Fonchette,168,80,32,19978.0,22.9,19.3,insee_stats_dep_2022
80324,Fontaine-le-Sec,143,80,32,19785.0,26.8,30.4,insee_stats_dep_2022
80325,Fontaine-lès-Cappy,54,80,32,17566.0,26.2,31.3,insee_stats_dep_2022
80326,Fontaine-sous-Montdidier,97,80,32,21371.0,17.4,18.4,insee_stats_dep_2022
80327,Fontaine-sur-Maye,162,80,32,16217.0,34.0,38.8,insee_stats_dep_2022
80328,Fontaine-sur-Somme,502,80,32,15558.0,28.0,32.5,insee_stats_dep_2022
80329,Forceville,163,80,32,18118.0,26.5,22.2,insee_stats_dep_2022
80330,Forceville-en-Vimeu,226,80,32,13289.0,32.8,26.4,insee_stats_dep_2022
80331,Forest-l'Abbaye,314,80,32,16393.0,28.4,30.1,insee_stats_dep_2022
80332,Forest-Montiers,382,80,32,19279.0,26.5,24.4,insee_stats_dep_2022
80333,Fort-Mahon-Plage,1363,80,32,15690.0,28.8,30.6,insee_stats_dep_2022
80334,Fossemanant,100,80,32,20198.0,23.3,26.9,insee_stats_dep_2022
80335,Foucaucourt-en-Santerre,235,80,32,11863.0,30.8,25.5,insee_stats_dep_2022
80336,Foucaucourt-Hors-Nesle,79,80,32,16079.0,31.3,33.3,insee_stats_dep_2022
80337,Fouencamps,216,80,32,22028.0,19.5,17.9,insee_stats_dep_2022
80338,Fouilloy,1723,80,32,16015.0,30.6,28.7,insee_stats_dep_2022
80339,Fouquescourt,154,80,32,15119.0,28.1,28.2,insee_stats_dep_2022
80340,Fourcigny,181,80,32,16249.0,27.6,32.4,insee_stats_dep_2022
80341,Fourdrinoy,380,80,32,16029.0,32.4,38.0,insee_stats_dep_2022
80342,Framerville-Rainecourt,443,80,32,24270.0,19.7,18.1,insee_stats_dep_2022
80343,Framicourt,151,80,32,18851.0,28.4,29.4,insee_stats_dep_2022
80344,Francières,176,80,32,11520.0,35.4,37.7,insee_stats_dep_2022
80345,Franleu,501,80,32,18708.0,25.9,27.0,insee_stats_dep_2022
80346,Franqueville,163,80,32,20176.0,25.3,27.9,insee_stats_dep_2022
80347,Fransart,163,80,32,17555.0,28.6,27.3,insee_stats_dep_2022
80348,Fransu,193,80,32,21069.0,18.9,19.7,insee_stats_dep_2022
80349,Fransures,125,80,32,22419.0,23.4,26.5,insee_stats_dep_2022
80350,Franvillers,558,80,32,19795.0,21.6,20.8,insee_stats_dep_2022
80351,Fréchencourt,250,80,32,18493.0,24.3,26.2,insee_stats_dep_2022
80352,Frémontiers,166,80,32,19122.0,24.2,20.1,insee_stats_dep_2022
80353,Fresnes-Mazancourt,158,80,32,15353.0,27.4,28.4,insee_stats_dep_2022
80354,Fresnes-Tilloloy,211,80,32,18731.0,23.4,22.1,insee_stats_dep_2022
80355,Fresneville,104,80,32,11520.0,33.3,31.1,insee_stats_dep_2022
80356,Fresnoy-Andainville,96,80,32,16732.0,29.6,32.6,insee_stats_dep_2022
80357,Fresnoy-au-Val,223,80,32,21549.0,23.3,24.9,insee_stats_dep_2022
80358,Fresnoy-en-Chaussée,138,80,32,14790.0,27.7,29.2,insee_stats_dep_2022
80359,Fresnoy-lès-Roye,286,80,32,17612.0,27.1,28.2,insee_stats_dep_2022
80360,Fressenneville,2045,80,32,19471.0,19.7,22.8,insee_stats_dep_2022
80361,Frettecuisse,69,80,32,18154.0,26.1,29.2,insee_stats_dep_2022
80362,Frettemeule,296,80,32,16385.0,25.4,20.4,insee_stats_dep_2022
80364,Friaucourt,695,80,32,18322.0,23.7,22.9,insee_stats_dep_2022
80365,Fricamps,177,80,32,23725.0,20.8,23.6,insee_stats_dep_2022
80366,Fricourt,457,80,32,22060.0,20.9,25.0,insee_stats_dep_2022
80367,Frise,176,80,32,20086.0,23.5,24.3,insee_stats_dep_2022
80368,Friville-Escarbotin,4306,80,32,21253.0,17.8,18.9,insee_stats_dep_2022
80369,Frohen-sur-Authie,244,80,32,18367.0,28.2,24.0,insee_stats_dep_2022
80371,Froyelles,96,80,32,22538.0,20.7,16.8,insee_stats_dep_2022
80372,Frucourt,121,80,32,15000.0,29.9,24.1,insee_stats_dep_2022
80373,Gamaches,2397,80,32,18678.0,26.4,29.9,insee_stats_dep_2022
80374,Gapennes,270,80,32,18341.0,29.2,23.7,insee_stats_dep_2022
80375,Gauville,327,80,32,19521.0,25.1,23.3,insee_stats_dep_2022
80376,Gentelles,627,80,32,20342.0,23.5,25.5,insee_stats_dep_2022
80377,Gézaincourt,399,80,32,16150.0,28.7,25.0,insee_stats_dep_2022
80378,Ginchy,75,80,32,19915.0,26.1,24.0,insee_stats_dep_2022
80379,Glisy,791,80,32,19833.0,25.3,24.9,insee_stats_dep_2022
80380,Gorenflos,234,80,32,18421.0,26.1,21.1,insee_stats_dep_2022
80381,Gorges,40,80,32,18921.0,25.8,21.3,insee_stats_dep_2022
80383,Goyencourt,99,80,32,16913.0,29.4,29.7,insee_stats_dep_2022
80384,Grandcourt,178,80,32,18154.0,23.7,19.7,insee_stats_dep_2022
80385,Grand-Laviers,465,80,32,16152.0,23.8,27.0,insee_stats_dep_2022
80386,Gratibus,175,80,32,19321.0,27.2,22.0,insee_stats_dep_2022
80387,Grattepanche,321,80,32,13440.0,30.7,28.7,insee_stats_dep_2022
80388,Grébault-Mesnil,204,80,32,13457.0,31.8,31.9,insee_stats_dep_2022
80390,Grivesnes,409,80,32,15344.0,31.3,28.1,insee_stats_dep_2022
80391,Grivillers,91,80,32,16343.0,23.8,21.1,insee_stats_dep_2022
80392,Grouches-Luchuel,572,80,32,23113.0,22.9,21.4,insee_stats_dep_2022
80393,Gruny,303,80,32,18484.0,28.0,23.1,insee_stats_dep_2022
80395,Guerbigny,275,80,32,13961.0,36.5,39.3,insee_stats_dep_2022
80396,Gueschart,361,80,32,14181.0,32.1,38.5,insee_stats_dep_2022
80397,Gueudecourt,101,80,32,19265.0,24.9,29.7,insee_stats_dep_2022
80399,Guignemicourt,386,80,32,15328.0,31.7,28.4,insee_stats_dep_2022
80400,Guillaucourt,386,80,32,16894.0,22.8,26.8,insee_stats_dep_2022
80401,Guillemont,126,80,32,17658.0,26.8,24.5,insee_stats_dep_2022
80402,Guizancourt,113,80,32,14995.0,27.7,26.7,insee_stats_dep_2022
80403,Guyencourt-sur-Noye,161,80,32,11520.0,35.5,28.7,insee_stats_dep_2022
80404,Guyencourt-Saulcourt,145,80,32,13959.0,28.8,29.1,insee_stats_dep_2022
80405,Hailles,404,80,32,14883.0,30.2,25.4,insee_stats_dep_2022
80406,Hallencourt,1351,80,32,21091.0,20.9,17.3,insee_stats_dep_2022
80407,Hallivillers,142,80,32,16704.0,23.0,19.1,insee_stats_dep_2022
80408,Halloy-lès-Pernois,322,80,32,18126.0,25.1,23.0,insee_stats_dep_2022
80409,Hallu,143,80,32,17907.0,22.7,26.5,insee_stats_dep_2022
80410,Ham,4378,80,32,19683.0,23.6,27.4,insee_stats_dep_2022
80411,Le Hamel,492,80,32,14360.0,27.8,32.1,insee_stats_dep_2022
80412,Hamelet,624,80,32,19989.0,25.1,24.7,insee_stats_dep_2022
80413,Hancourt,94,80,32,14157.0,28.6,31.9,insee_stats_dep_2022
80414,Hangard,115,80,32,21429.0,22.7,24.2,insee_stats_dep_2022
80415,Hangest-en-Santerre,1027,80,32,21911.0,22.0,20.4,insee_stats_dep_2022
80416,Hangest-sur-Somme,760,80,32,18792.0,24.6,26.8,insee_stats_dep_2022
80417,Harbonnières,1640,80,32,15013.0,30.9,32.1,insee_stats_dep_2022
80418,Hardecourt-aux-Bois,84,80,32,17250.0,26.2,26.0,insee_stats_dep_2022
80420,Harponville,170,80,32,16920.0,30.3,34.9,insee_stats_dep_2022
80421,Hattencourt,302,80,32,21038.0,20.1,20.7,insee_stats_dep_2022
80422,Hautvillers-Ouville,527,80,32,18142.0,28.6,31.5,insee_stats_dep_2022
80423,Havernas,378,80,32,21119.0,24.6,21.6,insee_stats_dep_2022
80424,Hébécourt,576,80,32,18116.0,24.0,19.5,insee_stats_dep_2022
80425,Hédauville,106,80,32,14864.0,31.0,28.2,insee_stats_dep_2022
80426,Heilly,438,80,32,13975.0,29.8,29.5,insee_stats_dep_2022
80427,Hem-Hardinval,347,80,32,19530.0,22.0,21.3,insee_stats_dep_2022
80428,Hem-Monacu,137,80,32,15205.0,28.7,32.0,insee_stats_dep_2022
80429,Hénencourt,194,80,32,20139.0,25.1,27.4,insee_stats_dep_2022
80430,Herbécourt,178,80,32,17666.0,25.9,23.8,insee_stats_dep_2022
80431,Hérissart,764,80,32,13480.0,31.0,30.2,insee_stats_dep_2022
80432,Herleville,192,80,32,19184.0,26.0,24.6,insee_stats_dep_2022
80433,Herly,38,80,32,11983.0,32.2,28.3,insee_stats_dep_2022
80434,Hervilly,184,80,32,13206.0,32.6,37.3,insee_stats_dep_2022
80435,Hesbécourt,45,80,32,18996.0,24.2,24.7,insee_stats_dep_2022
80436,Hescamps,522,80,32,14458.0,30.8,25.3,insee_stats_dep_2022
80437,Heucourt-Croquoison,108,80,32,16266.0,28.9,25.2,insee_stats_dep_2022
80438,Heudicourt,527,80,32,15341.0,32.2,28.8,insee_stats_dep_2022
80439,Heuzecourt,165,80,32,16786.0,29.8,32.5,insee_stats_dep_2022
80440,Hiermont,150,80,32,15046.0,30.2,28.2,insee_stats_dep_2022
80442,Hombleux,1111,80,32,12028.0,36.4,43.2,insee_stats_dep_2022
80443,Hornoy-le-Bourg,1622,80,32,18186.0,27.3,25.5,insee_stats_dep_2022
80444,Huchenneville,679,80,32,15512.0,25.6,24.5,insee_stats_dep_2022
80445,Humbercourt,247,80,32,18867.0,25.7,25.6,insee_stats_dep_2022
80446,Huppy,749,80,32,20852.0,25.9,23.0,insee_stats_dep_2022
80449,Ignaucourt,65,80,32,12548.0,33.3,30.7,insee_stats_dep_2022
80450,Inval-Boiron,118,80,32,18172.0,28.7,23.2,insee_stats_dep_2022
80451,Irles,111,80,32,22922.0,21.8,22.9,insee_stats_dep_2022
80452,Jumel,532,80,32,21347.0,22.1,22.6,insee_stats_dep_2022
80453,Laboissière-en-Santerre,134,80,32,16550.0,34.0,38.7,insee_stats_dep_2022
80455,Lachapelle,87,80,32,16342.0,27.9,30.7,insee_stats_dep_2022
80456,Lafresguimont-Saint-Martin,553,80,32,19683.0,21.3,25.4,insee_stats_dep_2022
80458,Lahoussoye,442,80,32,13172.0,33.2,39.3,insee_stats_dep_2022
80459,Laleu,98,80,32,21709.0,17.7,14.6,insee_stats_dep_2022
80460,Lamaronde,51,80,32,14709.0,29.2,26.0,insee_stats_dep_2022
80461,Lamotte-Brebière,260,80,32,19903.0,23.5,27.6,insee_stats_dep_2022
80462,Lamotte-Buleux,328,80,32,13605.0,31.0,36.7,insee_stats_dep_2022
80463,Lamotte-Warfusée,725,80,32,19383.0,20.1,19.5,insee_stats_dep_2022
80464,Lanchères,859,80,32,19470.0,24.8,21.9,insee_stats_dep_2022
80465,Languevoisin-Quiquery,192,80,32,15071.0,31.3,30.9,insee_stats_dep_2022
80466,Lanches-Saint-Hilaire,133,80,32,17246.0,27.2,29.9,insee_stats_dep_2022
80467,Laucourt,183,80,32,19623.0,20.1,20.8,insee_stats_dep_2022
80468,Laviéville,170,80,32,12195.0,34.1,27.3,insee_stats_dep_2022
80469,Lawarde-Mauger-l'Hortoy,154,80,32,15977.0,27.3,24.8,insee_stats_dep_2022
80470,Léalvillers,156,80,32,15611.0,29.5,33.7,insee_stats_dep_2022
80472,Lesbœufs,166,80,32,16557.0,29.1,29.7,insee_stats_dep_2022
80473,Liancourt-Fosse,292,80,32,16900.0,27.0,30.9,insee_stats_dep_2022
80474,Licourt,395,80,32,15064.0,30.7,30.6,insee_stats_dep_2022
80475,Liéramont,217,80,32,19611.0,23.9,21.6,insee_stats_dep_2022
80476,Liercourt,327,80,32,18476.0,24.8,25.1,insee_stats_dep_2022
80477,Ligescourt,223,80,32,20253.0,23.2,19.3,insee_stats_dep_2022
80478,Lignières,142,80,32,17146.0,27.6,23.6,insee_stats_dep_2022
80479,Lignières-Châtelain,346,80,32,13992.0,30.7,32.9,insee_stats_dep_2022
80480,Lignières-en-Vimeu,108,80,32,19258.0,23.9,26.9,insee_stats_dep_2022
80481,Lihons,463,80,32,19232.0,27.1,31.5,insee_stats_dep_2022
80482,Limeux,142,80,32,15993.0,26.2,22.1,insee_stats_dep_2022
80484,Liomer,374,80,32,16285.0,29.9,31.8,insee_stats_dep_2022
80485,Ô-de-Selle,1148,80,32,20319.0,24.4,29.1,insee_stats_dep_2022
80486,Long,590,80,32,18119.0,25.3,26.7,insee_stats_dep_2022
80487,Longavesnes,77,80,32,15159.0,29.7,34.9,insee_stats_dep_2022
80488,Longpré-les-Corps-Saints,1500,80,32,19292.0,25.1,24.0,insee_stats_dep_2022
80489,Longueau,5680,80,32,18596.0,27.5,31.1,insee_stats_dep_2022
80490,Longueval,292,80,32,15997.0,29.5,29.6,insee_stats_dep_2022
80491,Longuevillette,67,80,32,19495.0,25.5,24.4,insee_stats_dep_2022
80493,Louvencourt,289,80,32,20336.0,20.5,18.9,insee_stats_dep_2022
80494,Louvrechy,197,80,32,12601.0,34.5,28.1,insee_stats_dep_2022
80495,Lucheux,521,80,32,18376.0,26.5,29.1,insee_stats_dep_2022
80496,Machiel,151,80,32,17707.0,27.3,23.0,insee_stats_dep_2022
80497,Machy,117,80,32,18869.0,23.7,28.1,insee_stats_dep_2022
80498,Mailly-Maillet,628,80,32,16373.0,24.6,21.9,insee_stats_dep_2022
80499,Mailly-Raineval,290,80,32,16251.0,29.3,28.5,insee_stats_dep_2022
80500,Maisnières,472,80,32,16299.0,24.4,20.0,insee_stats_dep_2022
80501,Maison-Ponthieu,280,80,32,17698.0,28.5,31.3,insee_stats_dep_2022
80502,Maison-Roland,97,80,32,20552.0,20.5,23.7,insee_stats_dep_2022
80503,Maizicourt,182,80,32,17767.0,27.7,29.5,insee_stats_dep_2022
80504,Malpart,70,80,32,15080.0,29.9,32.8,insee_stats_dep_2022
80505,Carnoy-Mametz,255,80,32,17373.0,29.6,31.5,insee_stats_dep_2022
80507,Marcelcave,1302,80,32,18078.0,26.0,21.3,insee_stats_dep_2022
80508,Marché-Allouarde,51,80,32,22753.0,20.5,21.3,insee_stats_dep_2022
80509,Marchélepot-Misery,575,80,32,11520.0,34.8,38.1,insee_stats_dep_2022
80511,Marestmontiers,120,80,32,19887.0,22.3,24.4,insee_stats_dep_2022
80512,Mareuil-Caubert,840,80,32,16272.0,29.0,28.8,insee_stats_dep_2022
80513,Maricourt,184,80,32,15601.0,28.1,29.6,insee_stats_dep_2022
80514,Marieux,128,80,32,18997.0,22.1,23.7,insee_stats_dep_2022
80515,Marlers,149,80,32,18519.0,22.2,21.3,insee_stats_dep_2022
80516,Marquaix,190,80,32,16714.0,25.4,25.9,insee_stats_dep_2022
80517,Marquivillers,189,80,32,14498.0,30.4,33.9,insee_stats_dep_2022
80518,Martainneville,410,80,32,18177.0,22.7,24.6,insee_stats_dep_2022
80519,Matigny,505,80,32,22232.0,17.7,21.2,insee_stats_dep_2022
80520,Maucourt,205,80,32,17609.0,23.6,24.9,insee_stats_dep_2022
80521,Maurepas,216,80,32,15730.0,29.6,32.8,insee_stats_dep_2022
80522,Le Mazis,107,80,32,18897.0,25.0,28.3,insee_stats_dep_2022
80523,Méaulte,1285,80,32,15816.0,30.9,26.8,insee_stats_dep_2022
80524,Méharicourt,546,80,32,17702.0,30.2,24.9,insee_stats_dep_2022
80525,Meigneux,183,80,32,15578.0,29.4,27.7,insee_stats_dep_2022
80526,Le Meillard,154,80,32,14172.0,27.3,30.2,insee_stats_dep_2022
80527,Méneslies,298,80,32,13388.0,33.2,29.6,insee_stats_dep_2022
80528,Méréaucourt,9,80,32,13204.0,31.8,27.3,insee_stats_dep_2022
80529,Mérélessart,183,80,32,21224.0,21.2,17.8,insee_stats_dep_2022
80530,Méricourt-l'Abbé,587,80,32,19433.0,26.7,24.5,insee_stats_dep_2022
80531,Méricourt-en-Vimeu,106,80,32,13036.0,35.0,41.6,insee_stats_dep_2022
80533,Mers-les-Bains,2540,80,32,16833.0,28.3,31.9,insee_stats_dep_2022
80535,Le Mesge,144,80,32,21638.0,20.4,23.4,insee_stats_dep_2022
80536,Mesnil-Bruntel,290,80,32,17202.0,29.2,27.8,insee_stats_dep_2022
80537,Mesnil-Domqueur,88,80,32,15208.0,26.7,26.5,insee_stats_dep_2022
80538,Mesnil-en-Arrouaise,105,80,32,13953.0,30.3,24.9,insee_stats_dep_2022
80540,Mesnil-Martinsart,237,80,32,14721.0,31.5,35.8,insee_stats_dep_2022
80541,Mesnil-Saint-Georges,217,80,32,17248.0,26.7,21.5,insee_stats_dep_2022
80542,Mesnil-Saint-Nicaise,569,80,32,17690.0,25.1,27.1,insee_stats_dep_2022
80543,Métigny,122,80,32,16592.0,31.7,27.5,insee_stats_dep_2022
80544,Mézerolles,184,80,32,19656.0,23.8,23.1,insee_stats_dep_2022
80545,Mézières-en-Santerre,521,80,32,18919.0,22.7,22.7,insee_stats_dep_2022
80546,Miannay,604,80,32,15064.0,30.7,32.5,insee_stats_dep_2022
80547,Millencourt,202,80,32,17801.0,25.2,21.9,insee_stats_dep_2022
80548,Millencourt-en-Ponthieu,337,80,32,18753.0,24.7,20.6,insee_stats_dep_2022
80549,Miraumont,620,80,32,17021.0,28.8,25.7,insee_stats_dep_2022
80550,Mirvaux,121,80,32,22440.0,19.4,16.3,insee_stats_dep_2022
80552,Moislains,1109,80,32,18142.0,23.7,23.7,insee_stats_dep_2022
80553,Molliens-au-Bois,349,80,32,13657.0,30.3,27.1,insee_stats_dep_2022
80554,Molliens-Dreuil,921,80,32,17903.0,24.7,25.2,insee_stats_dep_2022
80555,Monchy-Lagache,593,80,32,15040.0,29.5,31.5,insee_stats_dep_2022
80556,Mons-Boubert,585,80,32,14336.0,32.3,27.7,insee_stats_dep_2022
80557,Estrées-Mons,594,80,32,21407.0,18.2,15.3,insee_stats_dep_2022
80558,Monsures,216,80,32,15544.0,28.9,33.4,insee_stats_dep_2022
80559,Montagne-Fayel,146,80,32,16365.0,27.1,28.7,insee_stats_dep_2022
80560,Montauban-de-Picardie,217,80,32,18762.0,24.0,20.9,insee_stats_dep_2022
80561,Montdidier,5935,80,32,19736.0,23.4,23.4,insee_stats_dep_2022
80562,Montigny-sur-l'Hallue,175,80,32,20860.0,24.3,24.3,insee_stats_dep_2022
80563,Montigny-les-Jongleurs,102,80,32,16318.0,27.8,27.7,insee_stats_dep_2022
80565,Montonvillers,93,80,32,17887.0,26.5,26.7,insee_stats_dep_2022
80566,Fieffes-Montrelet,339,80,32,21142.0,22.1,20.6,insee_stats_dep_2022
80568,Morchain,362,80,32,20033.0,25.1,27.3,insee_stats_dep_2022
80569,Morcourt,327,80,32,18868.0,25.1,28.4,insee_stats_dep_2022
80570,Moreuil,3936,80,32,20306.0,25.2,25.6,insee_stats_dep_2022
80571,Morisel,469,80,32,20222.0,22.2,22.6,insee_stats_dep_2022
80572,Morlancourt,382,80,32,18775.0,24.9,27.0,insee_stats_dep_2022
80573,Morvillers-Saint-Saturnin,372,80,32,18497.0,28.8,31.3,insee_stats_dep_2022
80574,Mouflers,96,80,32,17841.0,28.3,33.7,insee_stats_dep_2022
80575,Mouflières,75,80,32,14026.0,32.7,38.4,insee_stats_dep_2022
80576,Moyencourt,314,80,32,18953.0,24.0,28.4,insee_stats_dep_2022
80577,Moyencourt-lès-Poix,165,80,32,15002.0,32.0,27.3,insee_stats_dep_2022
80578,Moyenneville,693,80,32,17062.0,26.1,22.1,insee_stats_dep_2022
80579,Muille-Villette,789,80,32,20280.0,26.7,31.4,insee_stats_dep_2022
80580,Nampont,261,80,32,15795.0,32.2,26.5,insee_stats_dep_2022
80582,Namps-Maisnil,1013,80,32,11520.0,30.6,36.5,insee_stats_dep_2022
80583,Nampty,277,80,32,20110.0,24.6,25.7,insee_stats_dep_2022
80584,Naours,1047,80,32,18588.0,29.6,33.9,insee_stats_dep_2022
80585,Nesle,2284,80,32,17770.0,27.2,23.2,insee_stats_dep_2022
80586,Nesle-l'Hôpital,174,80,32,19421.0,23.5,18.9,insee_stats_dep_2022
80587,Neslette,89,80,32,16857.0,28.4,22.7,insee_stats_dep_2022
80588,Neufmoulin,368,80,32,19787.0,21.4,22.4,insee_stats_dep_2022
80589,Neuilly-le-Dien,106,80,32,14708.0,28.3,29.3,insee_stats_dep_2022
80590,Neuilly-l'Hôpital,334,80,32,17255.0,29.2,29.5,insee_stats_dep_2022
80591,Neuville-au-Bois,144,80,32,15788.0,27.8,33.1,insee_stats_dep_2022
80592,Neuville-Coppegueule,509,80,32,18703.0,24.8,20.0,insee_stats_dep_2022
80593,La Neuville-lès-Bray,263,80,32,16600.0,29.4,24.7,insee_stats_dep_2022
80595,La Neuville-Sire-Bernard,263,80,32,15611.0,27.1,29.8,insee_stats_dep_2022
80596,Neuvillette,212,80,32,15569.0,28.6,32.3,insee_stats_dep_2022
80597,Nibas,828,80,32,21065.0,19.5,21.6,insee_stats_dep_2022
80598,Nouvion,1196,80,32,18168.0,26.8,32.1,insee_stats_dep_2022
80599,Noyelles-en-Chaussée,242,80,32,20810.0,22.2,25.2,insee_stats_dep_2022
80600,Noyelles-sur-Mer,636,80,32,18609.0,24.1,24.5,insee_stats_dep_2022
80601,Nurlu,373,80,32,17922.0,25.9,22.7,insee_stats_dep_2022
80602,Occoches,121,80,32,14788.0,32.1,33.5,insee_stats_dep_2022
80603,Ochancourt,322,80,32,12390.0,35.2,33.6,insee_stats_dep_2022
80604,Offignies,83,80,32,17036.0,28.6,26.8,insee_stats_dep_2022
80605,Offoy,196,80,32,19806.0,25.5,24.7,insee_stats_dep_2022
80606,Oisemont,1127,80,32,12649.0,32.1,34.1,insee_stats_dep_2022
80607,Oissy,206,80,32,16802.0,28.2,25.1,insee_stats_dep_2022
80609,Oneux,434,80,32,17865.0,25.4,30.2,insee_stats_dep_2022
80611,Oresmaux,998,80,32,21978.0,18.7,21.3,insee_stats_dep_2022
80613,Oust-Marest,608,80,32,14786.0,28.2,32.2,insee_stats_dep_2022
80614,Outrebois,313,80,32,20895.0,21.3,22.3,insee_stats_dep_2022
80615,Ovillers-la-Boisselle,431,80,32,18017.0,24.0,19.6,insee_stats_dep_2022
80616,Pargny,198,80,32,15330.0,25.5,30.4,insee_stats_dep_2022
80617,Parvillers-le-Quesnoy,244,80,32,14592.0,29.0,33.7,insee_stats_dep_2022
80618,Pendé,1025,80,32,18742.0,26.8,29.4,insee_stats_dep_2022
80619,Pernois,686,80,32,25270.0,17.9,20.7,insee_stats_dep_2022
80620,Péronne,7090,80,32,16168.0,28.6,25.4,insee_stats_dep_2022
80621,Hypercourt,679,80,32,17848.0,25.6,22.7,insee_stats_dep_2022
80622,Picquigny,1273,80,32,14960.0,27.4,31.9,insee_stats_dep_2022
80623,Piennes-Onvillers,391,80,32,11760.0,33.2,28.2,insee_stats_dep_2022
80624,Pierregot,280,80,32,14777.0,29.8,33.1,insee_stats_dep_2022
80625,Trois-Rivières,1482,80,32,19902.0,26.0,29.7,insee_stats_dep_2022
80626,Pissy,284,80,32,20466.0,19.9,20.9,insee_stats_dep_2022
80627,Plachy-Buyon,897,80,32,13479.0,33.4,37.0,insee_stats_dep_2022
80628,Le Plessier-Rozainvillers,753,80,32,15797.0,27.4,23.6,insee_stats_dep_2022
80629,Pœuilly,107,80,32,22277.0,20.8,24.2,insee_stats_dep_2022
80630,Poix-de-Picardie,2282,80,32,18882.0,27.6,27.8,insee_stats_dep_2022
80631,Ponches-Estruval,127,80,32,16750.0,24.5,26.5,insee_stats_dep_2022
80632,Pont-de-Metz,2425,80,32,19137.0,25.2,29.5,insee_stats_dep_2022
80633,Ponthoile,563,80,32,19912.0,20.1,21.7,insee_stats_dep_2022
80634,Pont-Noyelles,826,80,32,14419.0,29.0,31.6,insee_stats_dep_2022
80635,Pont-Remy,1438,80,32,15049.0,31.0,27.3,insee_stats_dep_2022
80637,Port-le-Grand,268,80,32,19306.0,25.3,26.8,insee_stats_dep_2022
80638,Potte,111,80,32,20547.0,25.0,21.8,insee_stats_dep_2022
80639,Poulainville,1335,80,32,19856.0,24.7,27.6,insee_stats_dep_2022
80640,Pozières,263,80,32,14236.0,32.7,28.9,insee_stats_dep_2022
80642,Prouville,304,80,32,20426.0,26.6,25.4,insee_stats_dep_2022
80643,Prouzel,572,80,32,18535.0,26.1,28.9,insee_stats_dep_2022
80644,Proyart,761,80,32,13937.0,30.8,30.3,insee_stats_dep_2022
80645,Puchevillers,572,80,32,17595.0,25.2,29.3,insee_stats_dep_2022
80646,Punchy,79,80,32,23388.0,20.3,19.6,insee_stats_dep_2022
80647,Puzeaux,278,80,32,21953.0,20.3,24.2,insee_stats_dep_2022
80648,Pys,125,80,32,18410.0,25.9,30.6,insee_stats_dep_2022
80649,Quend,1280,80,32,12688.0,34.8,41.5,insee_stats_dep_2022
80650,Querrieu,626,80,32,13406.0,30.3,24.4,insee_stats_dep_2022
80651,Le Quesne,233,80,32,17419.0,24.7,21.3,insee_stats_dep_2022
80652,Le Quesnel,764,80,32,13294.0,30.5,34.2,insee_stats_dep_2022
80654,Quesnoy-le-Montant,514,80,32,22851.0,21.2,21.6,insee_stats_dep_2022
80655,Quesnoy-sur-Airaines,427,80,32,18737.0,26.5,28.1,insee_stats_dep_2022
80656,Quevauvillers,1102,80,32,17159.0,26.8,28.1,insee_stats_dep_2022
80657,Quiry-le-Sec,311,80,32,21373.0,21.8,25.5,insee_stats_dep_2022
80658,Quivières,139,80,32,14319.0,31.2,33.6,insee_stats_dep_2022
80659,Raincheval,269,80,32,17601.0,27.3,31.7,insee_stats_dep_2022
80661,Rainneville,1123,80,32,15121.0,26.1,30.0,insee_stats_dep_2022
80662,Ramburelles,262,80,32,16822.0,27.5,25.6,insee_stats_dep_2022
80663,Rambures,379,80,32,20505.0,21.2,19.0,insee_stats_dep_2022
80664,Rancourt,188,80,32,15034.0,30.7,33.7,insee_stats_dep_2022
80665,Regnière-Écluse,139,80,32,15340.0,29.5,32.7,insee_stats_dep_2022
80666,Remaisnil,28,80,32,15926.0,28.3,32.2,insee_stats_dep_2022
80667,Remaugies,137,80,32,17244.0,25.4,22.7,insee_stats_dep_2022
80668,Remiencourt,164,80,32,16538.0,25.2,29.9,insee_stats_dep_2022
80669,Rethonvillers,346,80,32,19985.0,23.5,22.1,insee_stats_dep_2022
80670,Revelles,530,80,32,20374.0,18.9,22.4,insee_stats_dep_2022
80671,Ribeaucourt,223,80,32,13885.0,29.0,32.8,insee_stats_dep_2022
80672,Ribemont-sur-Ancre,609,80,32,24778.0,17.2,17.6,insee_stats_dep_2022
80673,Riencourt,181,80,32,11520.0,35.1,39.5,insee_stats_dep_2022
80674,Rivery,3636,80,32,20757.0,23.5,21.7,insee_stats_dep_2022
80675,Rogy,149,80,32,15587.0,29.3,27.7,insee_stats_dep_2022
80676,Roiglise,152,80,32,24474.0,17.9,17.3,insee_stats_dep_2022
80677,Roisel,1626,80,32,15500.0,30.6,33.5,insee_stats_dep_2022
80678,Rollot,755,80,32,16125.0,28.0,23.1,insee_stats_dep_2022
80679,Ronssoy,577,80,32,19516.0,26.4,27.0,insee_stats_dep_2022
80680,Rosières-en-Santerre,2894,80,32,18924.0,25.3,27.8,insee_stats_dep_2022
80681,Rouvrel,304,80,32,12388.0,33.2,29.3,insee_stats_dep_2022
80682,Rouvroy-en-Santerre,209,80,32,19990.0,21.2,18.0,insee_stats_dep_2022
80683,Rouy-le-Grand,100,80,32,16755.0,28.0,23.4,insee_stats_dep_2022
80684,Rouy-le-Petit,101,80,32,15659.0,27.1,27.9,insee_stats_dep_2022
80685,Roye,5833,80,32,17938.0,26.4,29.6,insee_stats_dep_2022
80686,Rubempré,720,80,32,19447.0,28.3,23.0,insee_stats_dep_2022
80687,Rubescourt,129,80,32,20209.0,25.2,25.6,insee_stats_dep_2022
80688,Rue,2987,80,32,17431.0,24.8,21.3,insee_stats_dep_2022
80690,Rumigny,613,80,32,13538.0,33.9,38.7,insee_stats_dep_2022
80691,Saigneville,344,80,32,15603.0,28.0,23.3,insee_stats_dep_2022
80692,Sailly-Flibeaucourt,991,80,32,14818.0,28.3,30.6,insee_stats_dep_2022
80693,Sailly-Laurette,333,80,32,15103.0,31.9,37.3,insee_stats_dep_2022
80694,Sailly-le-Sec,351,80,32,14703.0,32.3,32.2,insee_stats_dep_2022
80695,Sailly-Saillisel,469,80,32,21883.0,22.6,19.3,insee_stats_dep_2022
80696,Sains-en-Amiénois,1187,80,32,17008.0,25.8,28.6,insee_stats_dep_2022
80697,Saint-Acheul,36,80,32,21107.0,22.6,23.1,insee_stats_dep_2022
80698,Saint-Aubin-Montenoy,218,80,32,15679.0,28.8,23.2,insee_stats_dep_2022
80699,Saint-Aubin-Rivière,116,80,32,15579.0,30.1,24.7,insee_stats_dep_2022
80700,Saint-Blimont,883,80,32,13500.0,32.0,30.6,insee_stats_dep_2022
80701,Saint-Christ-Briost,425,80,32,17435.0,27.5,32.4,insee_stats_dep_2022
80702,Saint-Fuscien,1409,80,32,18740.0,23.0,20.2,insee_stats_dep_2022
80703,Saint-Germain-sur-Bresle,224,80,32,14735.0,29.5,25.0,insee_stats_dep_2022
80704,Saint-Gratien,383,80,32,20474.0,22.9,22.1,insee_stats_dep_2022
80705,Saint-Léger-lès-Authie,79,80,32,18295.0,27.2,26.9,insee_stats_dep_2022
80706,Saint-Léger-lès-Domart,1809,80,32,19741.0,25.4,20.3,insee_stats_dep_2022
80707,Saint-Léger-sur-Bresle,80,80,32,23768.0,17.4,14.0,insee_stats_dep_2022
80708,Saint-Mard,155,80,32,18454.0,27.1,31.2,insee_stats_dep_2022
80709,Saint-Maulvis,279,80,32,21353.0,20.3,18.0,insee_stats_dep_2022
80710,Saint-Maxent,390,80,32,18224.0,19.2,19.7,insee_stats_dep_2022
80711,Saint-Ouen,1772,80,32,18556.0,25.6,25.8,insee_stats_dep_2022
80713,Saint-Quentin-en-Tourmont,302,80,32,13166.0,34.0,29.5,insee_stats_dep_2022
80714,Saint-Quentin-la-Motte-Croix-au-Bailly,1252,80,32,15417.0,28.0,24.0,insee_stats_dep_2022
80716,Saint-Riquier,1279,80,32,14981.0,30.1,32.9,insee_stats_dep_2022
80717,Saint-Sauflieu,976,80,32,18006.0,27.7,24.3,insee_stats_dep_2022
80718,Saint-Sauveur,1344,80,32,15478.0,30.1,26.8,insee_stats_dep_2022
80719,Sainte-Segrée,47,80,32,13986.0,30.2,35.9,insee_stats_dep_2022
80721,Saint-Valery-sur-Somme,2306,80,32,23353.0,18.8,17.5,insee_stats_dep_2022
80722,Saint-Vaast-en-Chaussée,504,80,32,19688.0,25.2,30.1,insee_stats_dep_2022
80723,Saisseval,263,80,32,18470.0,29.3,29.5,insee_stats_dep_2022
80724,Saleux,2739,80,32,19625.0,23.7,22.3,insee_stats_dep_2022
80725,Salouël,4179,80,32,19013.0,26.7,22.1,insee_stats_dep_2022
80726,Sancourt,269,80,32,16989.0,24.1,20.9,insee_stats_dep_2022
80728,Saulchoy-sous-Poix,74,80,32,17708.0,29.2,28.2,insee_stats_dep_2022
80729,Sauvillers-Mongival,178,80,32,11996.0,34.6,31.6,insee_stats_dep_2022
80730,Saveuse,1096,80,32,16684.0,30.0,30.3,insee_stats_dep_2022
80732,Senarpont,623,80,32,16146.0,32.3,27.1,insee_stats_dep_2022
80733,Senlis-le-Sec,324,80,32,24025.0,20.3,17.3,insee_stats_dep_2022
80734,Sentelie,217,80,32,17032.0,29.2,28.2,insee_stats_dep_2022
80735,Seux,162,80,32,17863.0,25.1,21.4,insee_stats_dep_2022
80736,Sorel-en-Vimeu,235,80,32,17442.0,26.8,30.5,insee_stats_dep_2022
80737,Sorel,162,80,32,16864.0,27.0,21.8,insee_stats_dep_2022
80738,Soues,124,80,32,13938.0,29.9,26.7,insee_stats_dep_2022
80740,Sourdon,288,80,32,16652.0,27.6,30.4,insee_stats_dep_2022
80741,Soyécourt,186,80,32,16927.0,29.6,31.2,insee_stats_dep_2022
80742,Surcamps,84,80,32,14153.0,32.4,29.4,insee_stats_dep_2022
80743,Suzanne,190,80,32,17370.0,25.6,24.8,insee_stats_dep_2022
80744,Tailly,58,80,32,21675.0,22.6,19.2,insee_stats_dep_2022
80746,Talmas,1085,80,32,14742.0,26.6,29.1,insee_stats_dep_2022
80747,Templeux-la-Fosse,139,80,32,17652.0,25.4,21.1,insee_stats_dep_2022
80748,Templeux-le-Guérard,198,80,32,17592.0,26.4,26.5,insee_stats_dep_2022
80749,Terramesnil,323,80,32,21465.0,24.1,20.2,insee_stats_dep_2022
80750,Tertry,145,80,32,13356.0,35.4,41.7,insee_stats_dep_2022
80751,Thennes,552,80,32,16809.0,26.8,21.8,insee_stats_dep_2022
80752,Thézy-Glimont,661,80,32,16892.0,28.6,31.5,insee_stats_dep_2022
80753,Thiepval,124,80,32,15217.0,28.8,33.1,insee_stats_dep_2022
80754,Thieulloy-l'Abbaye,380,80,32,19211.0,28.7,32.5,insee_stats_dep_2022
80755,Thieulloy-la-Ville,141,80,32,18041.0,25.6,26.3,insee_stats_dep_2022
80756,Thièvres,54,80,32,20179.0,21.9,25.5,insee_stats_dep_2022
80757,Thoix,147,80,32,20983.0,24.3,28.8,insee_stats_dep_2022
80758,Thory,207,80,32,18339.0,26.3,31.1,insee_stats_dep_2022
80759,Tilloloy,318,80,32,21051.0,21.0,22.3,insee_stats_dep_2022
80760,Tilloy-Floriville,353,80,32,18437.0,22.1,21.6,insee_stats_dep_2022
80762,Tincourt-Boucly,334,80,32,13838.0,33.2,35.3,insee_stats_dep_2022
80763,Le Titre,332,80,32,24179.0,15.9,19.1,insee_stats_dep_2022
80764,Tœufles,308,80,32,13818.0,32.8,26.6,insee_stats_dep_2022
80765,Tours-en-Vimeu,805,80,32,16875.0,27.2,25.1,insee_stats_dep_2022
80766,Toutencourt,435,80,32,13806.0,33.2,33.9,insee_stats_dep_2022
80767,Le Translay,234,80,32,11520.0,37.1,35.2,insee_stats_dep_2022
80769,Treux,220,80,32,12197.0,32.3,35.3,insee_stats_dep_2022
80770,Tully,549,80,32,18143.0,29.4,25.1,insee_stats_dep_2022
80771,Ugny-l'Équipée,29,80,32,16178.0,26.4,31.4,insee_stats_dep_2022
80773,Vadencourt,98,80,32,17556.0,26.8,28.9,insee_stats_dep_2022
80774,Vaire-sous-Corbie,288,80,32,21287.0,18.9,21.8,insee_stats_dep_2022
80775,Valines,655,80,32,20534.0,23.3,19.2,insee_stats_dep_2022
80776,Varennes,222,80,32,15771.0,26.8,30.9,insee_stats_dep_2022
80777,Vauchelles-lès-Authie,132,80,32,19807.0,28.0,25.9,insee_stats_dep_2022
80778,Vauchelles-lès-Domart,120,80,32,18748.0,27.3,24.6,insee_stats_dep_2022
80779,Vauchelles-les-Quesnoy,815,80,32,18626.0,26.3,28.9,insee_stats_dep_2022
80780,Vaudricourt,414,80,32,19297.0,28.9,27.6,insee_stats_dep_2022
80781,Vauvillers,233,80,32,20390.0,26.2,28.3,insee_stats_dep_2022
80782,Vaux-en-Amiénois,444,80,32,18512.0,28.3,23.1,insee_stats_dep_2022
80783,Vaux-Marquenneville,79,80,32,14662.0,33.1,30.7,insee_stats_dep_2022
80784,Vaux-sur-Somme,268,80,32,20224.0,24.6,28.8,insee_stats_dep_2022
80785,Vecquemont,531,80,32,13566.0,33.5,35.1,insee_stats_dep_2022
80786,Velennes,141,80,32,16678.0,28.1,29.5,insee_stats_dep_2022
80787,Vercourt,97,80,32,16733.0,29.3,25.9,insee_stats_dep_2022
80788,Vergies,174,80,32,13505.0,30.1,30.4,insee_stats_dep_2022
80789,Vermandovillers,147,80,32,17920.0,24.7,21.2,insee_stats_dep_2022
80790,Verpillières,168,80,32,19630.0,23.3,27.6,insee_stats_dep_2022
80791,Vers-sur-Selle,929,80,32,20226.0,22.5,18.4,insee_stats_dep_2022
80792,La Vicogne,241,80,32,18773.0,25.6,22.1,insee_stats_dep_2022
80793,Vignacourt,2263,80,32,16011.0,28.3,27.0,insee_stats_dep_2022
80794,Villecourt,46,80,32,15838.0,26.7,31.4,insee_stats_dep_2022
80795,Ville-le-Marclet,461,80,32,19401.0,24.1,22.9,insee_stats_dep_2022
80796,Villeroy,177,80,32,15313.0,31.0,36.7,insee_stats_dep_2022
80797,Villers-aux-Érables,137,80,32,17642.0,25.0,25.1,insee_stats_dep_2022
80798,Villers-Bocage,1545,80,32,15215.0,27.9,23.0,insee_stats_dep_2022
80799,Villers-Bretonneux,4647,80,32,21765.0,25.1,21.6,insee_stats_dep_2022
80800,Villers-Campsart,138,80,32,16231.0,28.0,22.6,insee_stats_dep_2022
80801,Villers-Carbonnel,294,80,32,14303.0,25.7,22.4,insee_stats_dep_2022
80802,Villers-Faucon,530,80,32,15863.0,29.0,30.2,insee_stats_dep_2022
80803,Villers-lès-Roye,288,80,32,21482.0,22.8,23.2,insee_stats_dep_2022
80804,Villers-sous-Ailly,167,80,32,11520.0,33.5,34.9,insee_stats_dep_2022
80805,Villers-Tournelle,160,80,32,11520.0,33.0,32.9,insee_stats_dep_2022
80806,Villers-sur-Authie,468,80,32,21377.0,17.4,14.2,insee_stats_dep_2022
80807,Ville-sur-Ancre,281,80,32,14433.0,27.2,29.4,insee_stats_dep_2022
80808,Vironchaux,503,80,32,17061.0,25.6,27.6,insee_stats_dep_2022
80809,Vismes,474,80,32,17285.0,26.5,22.3,insee_stats_dep_2022
80810,Vitz-sur-Authie,136,80,32,13602.0,32.2,26.9,insee_stats_dep_2022
80811,Voyennes,595,80,32,17605.0,28.0,27.9,insee_stats_dep_2022
80812,Vraignes-en-Vermandois,130,80,32,17374.0,27.7,22.2,insee_stats_dep_2022
80813,Vraignes-lès-Hornoy,96,80,32,20471.0,20.6,18.5,insee_stats_dep_2022
80814,Vrély,459,80,32,21225.0,23.7,21.3,insee_stats_dep_2022
80815,Vron,839,80,32,20042.0,20.2,18.6,insee_stats_dep_2022
80819,Wargnies,78,80,32,20516.0,24.1,20.0,insee_stats_dep_2022
80820,Warloy-Baillon,743,80,32,20313.0,25.4,26.8,insee_stats_dep_2022
80821,Warlus,230,80,32,22576.0,21.3,21.6,insee_stats_dep_2022
80822,Warsy,139,80,32,16787.0,28.6,31.3,insee_stats_dep_2022
80823,Warvillers,121,80,32,16264.0,27.4,26.5,insee_stats_dep_2022
80824,Wiencourt-l'Équipée,249,80,32,14926.0,31.2,27.3,insee_stats_dep_2022
80825,Wiry-au-Mont,103,80,32,15463.0,30.0,26.7,insee_stats_dep_2022
80826,Woignarue,732,80,32,12462.0,30.8,25.4,insee_stats_dep_2022
80827,Woincourt,1302,80,32,19139.0,24.3,28.9,insee_stats_dep_2022
80828,Woirel,46,80,32,16298.0,25.7,26.6,insee_stats_dep_2022
80829,Y,87,80,32,19948.0,23.0,27.6,insee_stats_dep_2022
80832,Yvrench,296,80,32,15281.0,33.3,32.4,insee_stats_dep_2022
80833,Yvrencheux,130,80,32,15832.0,28.7,27.5,insee_stats_dep_2022
80834,Yzengremer,490,80,32,19794.0,25.3,25.9,insee_stats_dep_2022
80835,Yzeux,264,80,32,17872.0,28.7,25.4,insee_stats_dep_2022
80836,Yonval,243,80,32,15671.0,25.8,27.9,insee_stats_dep_2022
22001,Allineuc,589,22,53,19030.0,22.0,21.3,insee_stats_dep_2022
22002,Andel,1180,22,53,18629.0,25.9,24.2,insee_stats_dep_2022
22003,Aucaleuc,973,22,53,22214.0,18.8,16.7,insee_stats_dep_2022
22004,Bégard,4889,22,53,24309.0,18.9,20.8,insee_stats_dep_2022
22005,Belle-Isle-en-Terre,1024,22,53,15986.0,30.9,34.2,insee_stats_dep_2022
22006,Berhet,272,22,53,16381.0,31.4,32.8,insee_stats_dep_2022
22008,Bobital,1170,22,53,25179.0,14.1,15.2,insee_stats_dep_2022
22009,Le Bodéo,186,22,53,19828.0,23.7,26.0,insee_stats_dep_2022
22011,Boqueho,1054,22,53,15891.0,28.9,28.7,insee_stats_dep_2022
22012,La Bouillie,824,22,53,13134.0,32.7,26.8,insee_stats_dep_2022
22013,Bourbriac,2145,22,53,18766.0,25.0,20.5,insee_stats_dep_2022
22014,Bourseul,1277,22,53,22022.0,22.1,18.8,insee_stats_dep_2022
22015,Bréhand,1684,22,53,19072.0,22.7,20.0,insee_stats_dep_2022
22016,Île-de-Bréhat,429,22,53,20917.0,25.3,24.7,insee_stats_dep_2022
22018,Brélidy,334,22,53,17533.0,25.9,26.3,insee_stats_dep_2022
22019,Bringolo,518,22,53,21146.0,21.8,18.2,insee_stats_dep_2022
22020,Broons,2943,22,53,18359.0,24.4,26.7,insee_stats_dep_2022
22021,Brusvily,1153,22,53,21000.0,23.9,20.8,insee_stats_dep_2022
22023,Bulat-Pestivien,406,22,53,20682.0,22.6,26.6,insee_stats_dep_2022
22024,Calanhel,245,22,53,20090.0,21.2,19.0,insee_stats_dep_2022
22025,Callac,2312,22,53,21032.0,20.0,20.6,insee_stats_dep_2022
22026,Calorguen,729,22,53,22073.0,14.7,13.7,insee_stats_dep_2022
22028,Camlez,845,22,53,18328.0,26.8,30.7,insee_stats_dep_2022
22029,Canihuel,350,22,53,23783.0,21.0,17.1,insee_stats_dep_2022
22030,Caouënnec-Lanvézéac,899,22,53,21715.0,21.6,21.1,insee_stats_dep_2022
22031,Carnoët,673,22,53,21101.0,21.3,23.9,insee_stats_dep_2022
22032,Caulnes,2501,22,53,23923.0,18.5,17.5,insee_stats_dep_2022
22033,Caurel,353,22,53,20399.0,22.7,23.6,insee_stats_dep_2022
22034,Cavan,1571,22,53,22492.0,22.2,21.3,insee_stats_dep_2022
22035,Les Champs-Géraux,1054,22,53,17839.0,25.6,29.6,insee_stats_dep_2022
22036,La Chapelle-Blanche,211,22,53,21061.0,23.1,20.9,insee_stats_dep_2022
22037,La Chapelle-Neuve,413,22,53,16947.0,31.4,31.6,insee_stats_dep_2022
22039,La Chèze,578,22,53,17770.0,26.7,30.7,insee_stats_dep_2022
22040,Coadout,532,22,53,21033.0,18.3,14.7,insee_stats_dep_2022
22041,Coatascorn,248,22,53,21493.0,20.1,19.3,insee_stats_dep_2022
22042,Coatréven,489,22,53,21904.0,23.9,28.0,insee_stats_dep_2022
22044,Coëtmieux,1869,22,53,17986.0,26.5,22.4,insee_stats_dep_2022
22045,Cohiniac,402,22,53,18381.0,28.9,30.1,insee_stats_dep_2022
22046,Le Mené,6556,22,53,21003.0,24.8,27.9,insee_stats_dep_2022
22047,Corlay,914,22,53,17495.0,31.1,27.7,insee_stats_dep_2022
22048,Corseul,2331,22,53,21098.0,24.9,20.2,insee_stats_dep_2022
22049,Créhen,1671,22,53,19217.0,23.7,19.7,insee_stats_dep_2022
22050,Dinan,14764,22,53,25998.0,17.0,14.0,insee_stats_dep_2022
22052,Duault,385,22,53,18982.0,26.4,31.4,insee_stats_dep_2022
22053,Éréac,675,22,53,23065.0,16.2,14.8,insee_stats_dep_2022
22054,Erquy,3974,22,53,21122.0,19.7,23.6,insee_stats_dep_2022
22055,Binic-Étables-sur-Mer,7041,22,53,15630.0,29.4,25.7,insee_stats_dep_2022
22056,Évran,1784,22,53,19535.0,23.2,23.0,insee_stats_dep_2022
22057,Le Faouët,412,22,53,18465.0,27.8,25.1,insee_stats_dep_2022
22059,Le Fœil,1375,22,53,18760.0,24.5,20.4,insee_stats_dep_2022
22060,Gausson,648,22,53,16633.0,29.7,27.9,insee_stats_dep_2022
22061,Glomel,1440,22,53,22462.0,21.6,23.5,insee_stats_dep_2022
22062,Gomené,560,22,53,23693.0,18.2,17.4,insee_stats_dep_2022
22063,Gommenec'h,551,22,53,16076.0,29.7,33.8,insee_stats_dep_2022
22064,Gouarec,866,22,53,18897.0,27.6,24.6,insee_stats_dep_2022
22065,Goudelin,1751,22,53,19368.0,24.2,24.3,insee_stats_dep_2022
22067,Grâces,2601,22,53,21224.0,21.1,25.2,insee_stats_dep_2022
22068,Grâce-Uzel,423,22,53,20503.0,25.7,28.7,insee_stats_dep_2022
22069,Guenroc,215,22,53,18445.0,28.7,27.5,insee_stats_dep_2022
22070,Guingamp,7111,22,53,19026.0,25.5,22.3,insee_stats_dep_2022
22071,Guitté,701,22,53,18667.0,28.1,24.5,insee_stats_dep_2022
22072,Gurunhuel,409,22,53,21136.0,22.2,22.5,insee_stats_dep_2022
22073,La Harmoye,386,22,53,20424.0,21.4,17.4,insee_stats_dep_2022
22074,Le Haut-Corlay,658,22,53,23453.0,19.5,19.0,insee_stats_dep_2022
22075,Hémonstoir,687,22,53,21961.0,21.2,23.1,insee_stats_dep_2022
22076,Hénanbihen,1479,22,53,16893.0,27.8,30.5,insee_stats_dep_2022
22077,Hénansal,1294,22,53,22172.0,20.2,21.1,insee_stats_dep_2022
22079,Hénon,2310,22,53,26149.0,14.0,11.9,insee_stats_dep_2022
22081,Hillion,4335,22,53,22518.0,20.3,20.6,insee_stats_dep_2022
22082,Le Hinglé,927,22,53,14330.0,31.3,32.7,insee_stats_dep_2022
22083,Illifaut,706,22,53,21072.0,19.2,21.3,insee_stats_dep_2022
22084,Jugon-les-Lacs,2541,22,53,23608.0,20.8,21.5,insee_stats_dep_2022
22085,Kerbors,292,22,53,20420.0,21.7,25.6,insee_stats_dep_2022
22086,Kerfot,642,22,53,20578.0,22.2,21.5,insee_stats_dep_2022
22087,Kergrist-Moëlou,629,22,53,12661.0,33.6,34.6,insee_stats_dep_2022
22088,Kerien,245,22,53,12600.0,29.9,29.4,insee_stats_dep_2022
22090,Kermaria-Sulard,1112,22,53,22228.0,22.7,21.5,insee_stats_dep_2022
22091,Kermoroc'h,443,22,53,18866.0,23.3,20.8,insee_stats_dep_2022
22092,Kerpert,268,22,53,21566.0,22.1,18.6,insee_stats_dep_2022
22093,Lamballe-Armor,17241,22,53,20620.0,22.6,18.8,insee_stats_dep_2022
22094,Lancieux,1611,22,53,22589.0,24.1,22.9,insee_stats_dep_2022
22095,Landebaëron,167,22,53,16943.0,28.1,29.2,insee_stats_dep_2022
22096,Landébia,461,22,53,18326.0,26.8,32.1,insee_stats_dep_2022
22097,La Landec,761,22,53,15965.0,28.3,23.6,insee_stats_dep_2022
22098,Landéhen,1444,22,53,28291.0,14.2,11.6,insee_stats_dep_2022
22099,Lanfains,1077,22,53,16886.0,28.0,24.4,insee_stats_dep_2022
22101,Langoat,1175,22,53,21529.0,18.6,20.5,insee_stats_dep_2022
22103,Langrolay-sur-Rance,991,22,53,22498.0,23.1,22.3,insee_stats_dep_2022
22104,Languédias,563,22,53,27094.0,13.5,12.7,insee_stats_dep_2022
22105,Languenan,1170,22,53,20337.0,24.1,22.3,insee_stats_dep_2022
22106,Langueux,7939,22,53,22170.0,18.6,16.1,insee_stats_dep_2022
22107,Bon Repos sur Blavet,1248,22,53,19712.0,22.4,19.9,insee_stats_dep_2022
22108,Lanleff,121,22,53,14957.0,27.6,22.8,insee_stats_dep_2022
22109,Lanloup,252,22,53,22623.0,17.7,17.9,insee_stats_dep_2022
22110,Lanmérin,575,22,53,15498.0,32.7,33.2,insee_stats_dep_2022
22111,Lanmodez,394,22,53,20086.0,21.0,21.2,insee_stats_dep_2022
22112,Lannebert,423,22,53,14140.0,34.8,41.4,insee_stats_dep_2022
22113,Lannion,20315,22,53,26686.0,16.0,16.3,insee_stats_dep_2022
22114,Lanrelas,874,22,53,27652.0,15.3,13.2,insee_stats_dep_2022
22115,Lanrivain,464,22,53,18302.0,22.6,22.0,insee_stats_dep_2022
22116,Lanrodec,1387,22,53,23094.0,16.5,15.6,insee_stats_dep_2022
22117,Lantic,1814,22,53,17373.0,25.8,23.5,insee_stats_dep_2022
22118,Lanvallay,4291,22,53,18453.0,24.5,25.5,insee_stats_dep_2022
22119,Lanvellec,608,22,53,17939.0,26.8,28.2,insee_stats_dep_2022
22121,Lanvollon,1969,22,53,19937.0,24.5,21.1,insee_stats_dep_2022
22122,Laurenan,744,22,53,18787.0,24.7,22.9,insee_stats_dep_2022
22124,Lescouët-Gouarec,216,22,53,20335.0,21.9,21.9,insee_stats_dep_2022
22126,Le Leslay,152,22,53,28366.0,11.3,12.3,insee_stats_dep_2022
22127,Lézardrieux,1623,22,53,18826.0,26.8,26.9,insee_stats_dep_2022
22128,Locarn,434,22,53,18917.0,28.0,27.4,insee_stats_dep_2022
22129,Loc-Envel,75,22,53,19150.0,25.1,29.9,insee_stats_dep_2022
22131,Loguivy-Plougras,840,22,53,20271.0,21.2,23.3,insee_stats_dep_2022
22132,Lohuec,245,22,53,18497.0,27.4,30.7,insee_stats_dep_2022
22133,Loscouët-sur-Meu,659,22,53,20986.0,19.7,19.0,insee_stats_dep_2022
22134,Louannec,3019,22,53,20661.0,24.8,21.8,insee_stats_dep_2022
22135,Louargat,2448,22,53,25848.0,15.5,12.6,insee_stats_dep_2022
22136,Loudéac,9987,22,53,21701.0,21.9,17.6,insee_stats_dep_2022
22137,Maël-Carhaix,1497,22,53,19220.0,24.9,20.1,insee_stats_dep_2022
22138,Maël-Pestivien,362,22,53,20762.0,21.7,21.2,insee_stats_dep_2022
22139,Magoar,75,22,53,18379.0,22.2,19.5,insee_stats_dep_2022
22140,La Malhoure,626,22,53,18455.0,25.9,29.3,insee_stats_dep_2022
22141,Mantallot,226,22,53,21664.0,20.4,22.5,insee_stats_dep_2022
22143,Matignon,1771,22,53,20667.0,24.6,25.1,insee_stats_dep_2022
22144,La Méaugon,1320,22,53,18237.0,29.8,28.3,insee_stats_dep_2022
22145,Mégrit,812,22,53,24670.0,13.6,11.2,insee_stats_dep_2022
22146,Mellionnec,443,22,53,22026.0,21.8,18.9,insee_stats_dep_2022
22147,Merdrignac,3139,22,53,24976.0,18.5,19.8,insee_stats_dep_2022
22148,Mérillac,249,22,53,20548.0,26.2,25.7,insee_stats_dep_2022
22149,Merléac,481,22,53,21891.0,19.7,16.5,insee_stats_dep_2022
22150,Le Merzer,986,22,53,17059.0,26.2,23.7,insee_stats_dep_2022
22152,Minihy-Tréguier,1271,22,53,22347.0,20.7,23.0,insee_stats_dep_2022
22153,Moncontour,738,22,53,19840.0,24.1,20.6,insee_stats_dep_2022
22155,La Motte,2173,22,53,19135.0,28.2,25.9,insee_stats_dep_2022
22156,Moustéru,645,22,53,20862.0,26.0,22.5,insee_stats_dep_2022
22157,Le Moustoir,656,22,53,20707.0,21.6,19.0,insee_stats_dep_2022
22158,Guerlédan,2532,22,53,21920.0,21.0,17.9,insee_stats_dep_2022
22160,Noyal,985,22,53,24640.0,22.0,22.4,insee_stats_dep_2022
22161,Pabu,2771,22,53,21226.0,20.9,17.0,insee_stats_dep_2022
22162,Paimpol,7341,22,53,20288.0,26.4,25.0,insee_stats_dep_2022
22163,Paule,671,22,53,17020.0,24.2,26.6,insee_stats_dep_2022
22164,Pédernec,1893,22,53,20184.0,25.0,20.8,insee_stats_dep_2022
22165,Penguily,617,22,53,22448.0,19.8,21.1,insee_stats_dep_2022
22166,Penvénan,2584,22,53,20980.0,26.4,22.3,insee_stats_dep_2022
22168,Perros-Guirec,7336,22,53,20667.0,23.6,27.0,insee_stats_dep_2022
22169,Peumerit-Quintin,191,22,53,22105.0,20.8,23.4,insee_stats_dep_2022
22170,Plaine-Haute,1712,22,53,22230.0,23.1,23.8,insee_stats_dep_2022
22171,Plaintel,4602,22,53,21886.0,22.7,19.9,insee_stats_dep_2022
22172,Plancoët,3104,22,53,25343.0,16.6,13.9,insee_stats_dep_2022
22174,Pléboulle,721,22,53,12600.0,33.9,37.9,insee_stats_dep_2022
22175,Plédéliac,1662,22,53,23179.0,20.8,21.8,insee_stats_dep_2022
22176,Plédran,6933,22,53,21249.0,21.5,18.9,insee_stats_dep_2022
22177,Pléguien,1443,22,53,16288.0,31.2,33.4,insee_stats_dep_2022
22178,Pléhédel,1306,22,53,24210.0,17.5,15.1,insee_stats_dep_2022
22179,Fréhel,1611,22,53,22420.0,19.9,17.1,insee_stats_dep_2022
22180,Plélan-le-Petit,1992,22,53,14708.0,26.9,23.8,insee_stats_dep_2022
22181,Plélauff,716,22,53,24229.0,18.5,19.6,insee_stats_dep_2022
22182,Plélo,3344,22,53,19692.0,30.7,26.1,insee_stats_dep_2022
22183,Plémet,3764,22,53,28735.0,12.4,13.3,insee_stats_dep_2022
22184,Plémy,1578,22,53,17703.0,26.5,30.4,insee_stats_dep_2022
22185,Plénée-Jugon,2579,22,53,21865.0,23.5,24.4,insee_stats_dep_2022
22186,Pléneuf-Val-André,3988,22,53,20967.0,20.4,23.1,insee_stats_dep_2022
22187,Plérin,14425,22,53,20452.0,22.0,17.8,insee_stats_dep_2022
22188,Plerneuf,1123,22,53,19502.0,25.1,20.4,insee_stats_dep_2022
22189,Plésidy,563,22,53,20178.0,24.4,25.0,insee_stats_dep_2022
22190,Pleslin-Trigavou,4065,22,53,20184.0,23.3,23.2,insee_stats_dep_2022
22193,Plestan,1635,22,53,16509.0,24.5,22.7,insee_stats_dep_2022
22194,Plestin-les-Grèves,3639,22,53,21201.0,21.0,18.0,insee_stats_dep_2022
22195,Pleubian,2365,22,53,19924.0,21.7,21.6,insee_stats_dep_2022
22196,Pleudaniel,921,22,53,17988.0,26.6,31.7,insee_stats_dep_2022
22197,Pleudihen-sur-Rance,2924,22,53,24941.0,17.7,15.7,insee_stats_dep_2022
22198,Pleumeur-Bodou,3848,22,53,19567.0,23.7,19.6,insee_stats_dep_2022
22199,Pleumeur-Gautier,1188,22,53,21231.0,20.2,21.2,insee_stats_dep_2022
22201,Plévenon,750,22,53,22048.0,19.0,16.1,insee_stats_dep_2022
22202,Plévin,754,22,53,21850.0,19.8,19.9,insee_stats_dep_2022
22203,Plœuc-L'Hermitage,4103,22,53,23991.0,16.4,18.3,insee_stats_dep_2022
22204,Ploëzal,1229,22,53,18128.0,27.4,23.2,insee_stats_dep_2022
22205,Plorec-sur-Arguenon,467,22,53,23146.0,19.6,16.0,insee_stats_dep_2022
22206,Châtelaudren-Plouagat,3974,22,53,21052.0,17.9,17.7,insee_stats_dep_2022
22207,Plouaret,2237,22,53,23430.0,23.7,19.6,insee_stats_dep_2022
22208,Plouasne,1798,22,53,19122.0,23.2,24.0,insee_stats_dep_2022
22209,Beaussais-sur-Mer,4498,22,53,21108.0,21.4,18.4,insee_stats_dep_2022
22210,Ploubazlanec,2932,22,53,23216.0,20.3,21.8,insee_stats_dep_2022
22211,Ploubezre,3780,22,53,22744.0,21.2,20.7,insee_stats_dep_2022
22212,Plouëc-du-Trieux,1140,22,53,19169.0,27.0,21.8,insee_stats_dep_2022
22213,Plouër-sur-Rance,3416,22,53,20371.0,24.2,27.3,insee_stats_dep_2022
22214,Plouézec,3147,22,53,20947.0,21.7,24.9,insee_stats_dep_2022
22215,Ploufragan,11507,22,53,18491.0,22.4,25.5,insee_stats_dep_2022
22216,Plougonver,760,22,53,17761.0,29.6,29.8,insee_stats_dep_2022
22217,Plougras,426,22,53,21939.0,27.0,21.7,insee_stats_dep_2022
22218,Plougrescant,1242,22,53,13039.0,33.7,37.4,insee_stats_dep_2022
22219,Plouguenast-Langast,2380,22,53,18421.0,28.2,30.7,insee_stats_dep_2022
22220,Plouguernével,1601,22,53,17013.0,25.6,21.4,insee_stats_dep_2022
22221,Plouguiel,1747,22,53,16571.0,29.1,24.7,insee_stats_dep_2022
22222,Plouha,4634,22,53,18211.0,25.5,22.8,insee_stats_dep_2022
22223,Plouisy,2007,22,53,23904.0,20.6,16.6,insee_stats_dep_2022
22224,Ploulec'h,1598,22,53,15995.0,26.7,28.7,insee_stats_dep_2022
22225,Ploumagoar,5414,22,53,22178.0,17.7,18.3,insee_stats_dep_2022
22226,Ploumilliau,2466,22,53,25781.0,19.5,21.5,insee_stats_dep_2022
22227,Plounérin,798,22,53,21254.0,21.9,24.2,insee_stats_dep_2022
22228,Plounévez-Moëdec,1479,22,53,20873.0,22.1,25.8,insee_stats_dep_2022
22229,Plounévez-Quintin,1064,22,53,22720.0,19.5,23.0,insee_stats_dep_2022
22231,Plourac'h,351,22,53,18630.0,23.8,21.3,insee_stats_dep_2022
22232,Plourhan,2155,22,53,19937.0,22.4,21.8,insee_stats_dep_2022
22233,Plourivo,2270,22,53,25105.0,16.0,16.0,insee_stats_dep_2022
22234,Plouvara,1144,22,53,14539.0,30.8,34.2,insee_stats_dep_2022
22235,Plouzélambre,198,22,53,16998.0,27.5,27.5,insee_stats_dep_2022
22236,Pludual,738,22,53,19816.0,24.1,26.2,insee_stats_dep_2022
22237,Val-d'Arguenon,2844,22,53,20163.0,24.2,19.6,insee_stats_dep_2022
22238,Plufur,529,22,53,21067.0,22.4,18.9,insee_stats_dep_2022
22239,Plumaudan,1421,22,53,12600.0,35.0,38.3,insee_stats_dep_2022
22240,Plumaugat,1160,22,53,18601.0,25.4,24.6,insee_stats_dep_2022
22241,Plumieux,1678,22,53,15677.0,32.2,32.2,insee_stats_dep_2022
22242,Plurien,1521,22,53,20415.0,21.3,24.7,insee_stats_dep_2022
22243,Plusquellec,559,22,53,12600.0,32.1,31.6,insee_stats_dep_2022
22244,Plussulien,520,22,53,20566.0,21.7,23.9,insee_stats_dep_2022
22245,Pluzunet,1017,22,53,13994.0,32.8,30.9,insee_stats_dep_2022
22246,Pommeret,2116,22,53,18711.0,21.8,23.9,insee_stats_dep_2022
22248,Pommerit-le-Vicomte,1809,22,53,15884.0,26.7,25.5,insee_stats_dep_2022
22249,Pont-Melvez,595,22,53,20512.0,24.1,21.9,insee_stats_dep_2022
22250,Pontrieux,1002,22,53,19334.0,25.5,23.9,insee_stats_dep_2022
22251,Pordic,7454,22,53,19630.0,25.0,23.0,insee_stats_dep_2022
22254,Prat,1078,22,53,20247.0,21.2,20.8,insee_stats_dep_2022
22255,La Prénessaye,885,22,53,21120.0,23.9,24.7,insee_stats_dep_2022
22256,Quemper-Guézennec,1118,22,53,19934.0,25.3,27.9,insee_stats_dep_2022
22257,Quemperven,417,22,53,27883.0,15.8,15.2,insee_stats_dep_2022
22258,Quessoy,3969,22,53,17804.0,27.6,23.7,insee_stats_dep_2022
22259,Quévert,3955,22,53,17374.0,26.1,29.8,insee_stats_dep_2022
22260,Le Quillio,597,22,53,14821.0,28.4,32.1,insee_stats_dep_2022
22261,Quintenic,363,22,53,19842.0,20.9,17.4,insee_stats_dep_2022
22262,Quintin,2739,22,53,22938.0,19.4,16.6,insee_stats_dep_2022
22263,Le Quiou,359,22,53,20736.0,20.8,22.7,insee_stats_dep_2022
22264,La Roche-Jaudy,2629,22,53,19617.0,21.3,17.7,insee_stats_dep_2022
22265,Rospez,1794,22,53,23920.0,21.5,22.3,insee_stats_dep_2022
22266,Rostrenen,3282,22,53,22231.0,21.9,22.1,insee_stats_dep_2022
22267,Rouillac,409,22,53,20806.0,23.4,27.0,insee_stats_dep_2022
22268,Ruca,595,22,53,22870.0,19.9,17.8,insee_stats_dep_2022
22269,Runan,245,22,53,16043.0,28.2,24.0,insee_stats_dep_2022
22271,Saint-Adrien,376,22,53,22022.0,23.3,27.4,insee_stats_dep_2022
22272,Saint-Agathon,2169,22,53,19907.0,25.3,21.5,insee_stats_dep_2022
22273,Saint-Alban,2397,22,53,21659.0,22.1,22.9,insee_stats_dep_2022
22274,Saint-André-des-Eaux,409,22,53,16229.0,26.0,23.6,insee_stats_dep_2022
22275,Saint-Barnabé,1223,22,53,21082.0,23.0,19.4,insee_stats_dep_2022
22276,Saint-Bihy,267,22,53,17445.0,22.4,24.3,insee_stats_dep_2022
22277,Saint-Brandan,2317,22,53,21213.0,20.8,18.5,insee_stats_dep_2022
22278,Saint-Brieuc,44364,22,53,19158.0,23.8,25.4,insee_stats_dep_2022
22279,Saint-Caradec,1132,22,53,22706.0,21.2,20.7,insee_stats_dep_2022
22280,Saint-Carné,1167,22,53,16998.0,29.2,29.8,insee_stats_dep_2022
22281,Saint-Carreuc,1576,22,53,17013.0,26.5,25.4,insee_stats_dep_2022
22282,Saint-Cast-le-Guildo,3371,22,53,20244.0,22.6,26.4,insee_stats_dep_2022
22283,Saint-Clet,877,22,53,15617.0,27.5,24.8,insee_stats_dep_2022
22284,Saint-Connan,303,22,53,18899.0,23.8,21.5,insee_stats_dep_2022
22285,Saint-Connec,258,22,53,14594.0,30.1,32.2,insee_stats_dep_2022
22286,Saint-Denoual,495,22,53,21825.0,23.0,25.1,insee_stats_dep_2022
22287,Saint-Donan,1477,22,53,18318.0,23.3,26.2,insee_stats_dep_2022
22288,Saint-Étienne-du-Gué-de-l'Isle,372,22,53,20400.0,21.3,21.8,insee_stats_dep_2022
22289,Saint-Fiacre,210,22,53,20184.0,25.3,27.3,insee_stats_dep_2022
22291,Saint-Gildas,248,22,53,19128.0,23.0,25.3,insee_stats_dep_2022
22293,Saint-Gilles-les-Bois,384,22,53,21778.0,22.3,21.0,insee_stats_dep_2022
22294,Saint-Gilles-Pligeaux,307,22,53,20575.0,22.4,25.7,insee_stats_dep_2022
22295,Saint-Gilles-Vieux-Marché,307,22,53,18933.0,23.5,19.5,insee_stats_dep_2022
22296,Saint-Glen,664,22,53,22245.0,19.0,16.4,insee_stats_dep_2022
22299,Saint-Hélen,1560,22,53,18017.0,25.1,23.1,insee_stats_dep_2022
22300,Saint-Hervé,425,22,53,20453.0,25.2,21.9,insee_stats_dep_2022
22302,Saint-Jacut-de-la-Mer,908,22,53,18184.0,25.9,25.4,insee_stats_dep_2022
22304,Saint-Jean-Kerdaniel,694,22,53,19821.0,21.6,19.2,insee_stats_dep_2022
22305,Saint-Jouan-de-l'Isle,446,22,53,18007.0,28.9,33.4,insee_stats_dep_2022
22306,Saint-Judoce,594,22,53,17262.0,26.4,29.8,insee_stats_dep_2022
22307,Saint-Julien,2101,22,53,19747.0,25.6,26.9,insee_stats_dep_2022
22308,Saint-Juvat,663,22,53,16767.0,27.1,26.8,insee_stats_dep_2022
22310,Saint-Laurent,541,22,53,16553.0,27.4,29.3,insee_stats_dep_2022
22311,Saint-Lormel,882,22,53,18885.0,23.8,20.4,insee_stats_dep_2022
22312,Saint-Maden,218,22,53,24810.0,17.0,18.8,insee_stats_dep_2022
22313,Saint-Martin-des-Prés,319,22,53,19893.0,27.4,25.5,insee_stats_dep_2022
22314,Saint-Maudan,399,22,53,19695.0,25.4,30.4,insee_stats_dep_2022
22315,Saint-Maudez,286,22,53,12887.0,30.5,33.4,insee_stats_dep_2022
22316,Saint-Mayeux,454,22,53,20268.0,23.5,26.4,insee_stats_dep_2022
22317,Saint-Méloir-des-Bois,270,22,53,17630.0,28.3,26.4,insee_stats_dep_2022
22318,Saint-Michel-de-Plélan,334,22,53,18358.0,24.7,21.1,insee_stats_dep_2022
22319,Saint-Michel-en-Grève,447,22,53,17730.0,27.1,32.0,insee_stats_dep_2022
22320,Saint-Nicodème,167,22,53,20028.0,25.0,23.9,insee_stats_dep_2022
22321,Saint-Nicolas-du-Pélem,1523,22,53,21393.0,18.2,18.7,insee_stats_dep_2022
22322,Saint-Péver,397,22,53,25583.0,15.6,13.7,insee_stats_dep_2022
22323,Saint-Pôtan,839,22,53,16130.0,34.7,36.0,insee_stats_dep_2022
22324,Saint-Quay-Perros,1308,22,53,15158.0,29.0,33.0,insee_stats_dep_2022
22325,Saint-Quay-Portrieux,3224,22,53,20169.0,21.7,22.0,insee_stats_dep_2022
22326,Saint-Rieul,551,22,53,18076.0,21.8,23.4,insee_stats_dep_2022
22327,Saint-Samson-sur-Rance,1625,22,53,20861.0,24.5,23.6,insee_stats_dep_2022
22328,Saint-Servais,435,22,53,20892.0,19.8,18.0,insee_stats_dep_2022
22330,Saint-Thélo,371,22,53,16114.0,31.6,28.8,insee_stats_dep_2022
22331,Sainte-Tréphine,189,22,53,21127.0,24.1,28.1,insee_stats_dep_2022
22332,Saint-Trimoël,526,22,53,17549.0,26.5,24.4,insee_stats_dep_2022
22333,Saint-Vran,781,22,53,17302.0,28.9,29.1,insee_stats_dep_2022
22334,Saint-Igeaux,126,22,53,23161.0,18.6,20.5,insee_stats_dep_2022
22335,Senven-Léhart,235,22,53,21308.0,20.0,19.2,insee_stats_dep_2022
22337,Sévignac,1117,22,53,23090.0,20.1,21.0,insee_stats_dep_2022
22338,Squiffiec,747,22,53,14364.0,32.2,31.7,insee_stats_dep_2022
22339,Taden,2636,22,53,17299.0,25.9,28.2,insee_stats_dep_2022
22340,Tonquédec,1201,22,53,21461.0,24.3,24.4,insee_stats_dep_2022
22341,Tramain,704,22,53,19158.0,26.5,24.7,insee_stats_dep_2022
22342,Trébédan,441,22,53,20715.0,21.9,17.7,insee_stats_dep_2022
22343,Trébeurden,3821,22,53,21525.0,24.2,24.7,insee_stats_dep_2022
22344,Trébrivan,761,22,53,24558.0,16.9,15.7,insee_stats_dep_2022
22345,Trébry,844,22,53,19108.0,22.3,23.4,insee_stats_dep_2022
22346,Trédaniel,906,22,53,18125.0,26.0,25.5,insee_stats_dep_2022
22347,Trédarzec,1055,22,53,14909.0,28.1,29.5,insee_stats_dep_2022
22348,Trédias,513,22,53,22228.0,25.5,27.0,insee_stats_dep_2022
22349,Trédrez-Locquémeau,1478,22,53,18183.0,23.9,27.9,insee_stats_dep_2022
22350,Tréduder,210,22,53,19062.0,23.9,26.4,insee_stats_dep_2022
22351,Treffrin,516,22,53,15183.0,29.2,33.3,insee_stats_dep_2022
22352,Tréfumel,282,22,53,23811.0,18.8,18.6,insee_stats_dep_2022
22353,Trégastel,2524,22,53,23247.0,20.2,20.0,insee_stats_dep_2022
22354,Tréglamus,1096,22,53,21674.0,21.6,22.0,insee_stats_dep_2022
22356,Trégomeur,945,22,53,24933.0,14.2,15.7,insee_stats_dep_2022
22358,Trégonneau,515,22,53,20485.0,25.8,29.6,insee_stats_dep_2022
22359,Trégrom,464,22,53,18843.0,25.2,28.4,insee_stats_dep_2022
22360,Trégueux,8450,22,53,18452.0,26.3,30.3,insee_stats_dep_2022
22361,Tréguidel,630,22,53,16688.0,26.9,27.2,insee_stats_dep_2022
22362,Tréguier,2294,22,53,21132.0,20.7,20.3,insee_stats_dep_2022
22363,Trélévern,1245,22,53,19702.0,22.0,18.5,insee_stats_dep_2022
22364,Trélivan,2865,22,53,19473.0,21.6,17.9,insee_stats_dep_2022
22365,Trémargat,183,22,53,27421.0,20.3,17.0,insee_stats_dep_2022
22366,Trémel,409,22,53,19367.0,26.1,24.4,insee_stats_dep_2022
22368,Tréméreuc,729,22,53,20062.0,21.1,18.3,insee_stats_dep_2022
22369,Trémeur,809,22,53,17503.0,25.3,25.1,insee_stats_dep_2022
22370,Tréméven,362,22,53,15088.0,31.5,35.4,insee_stats_dep_2022
22371,Trémorel,1156,22,53,17015.0,28.8,30.6,insee_stats_dep_2022
22372,Trémuson,2259,22,53,22419.0,19.8,18.6,insee_stats_dep_2022
22373,Tréogan,106,22,53,18116.0,27.4,22.0,insee_stats_dep_2022
22375,Tressignaux,670,22,53,20926.0,20.8,17.0,insee_stats_dep_2022
22376,Trévé,1681,22,53,18389.0,22.5,25.4,insee_stats_dep_2022
22377,Tréveneuc,813,22,53,20027.0,21.7,23.0,insee_stats_dep_2022
22378,Trévérec,228,22,53,16856.0,30.5,32.7,insee_stats_dep_2022
22379,Trévou-Tréguignec,1603,22,53,20907.0,22.3,24.9,insee_stats_dep_2022
22380,Trévron,682,22,53,20180.0,22.9,21.6,insee_stats_dep_2022
22381,Trézény,354,22,53,15149.0,27.8,33.4,insee_stats_dep_2022
22383,Troguéry,227,22,53,22925.0,17.8,15.6,insee_stats_dep_2022
22384,Uzel,1134,22,53,15680.0,25.4,29.3,insee_stats_dep_2022
22385,La Vicomté-sur-Rance,1149,22,53,25794.0,20.7,17.4,insee_stats_dep_2022
22386,Le Vieux-Bourg,742,22,53,17107.0,27.4,25.7,insee_stats_dep_2022
22387,Le Vieux-Marché,1299,22,53,12600.0,34.4,38.0,insee_stats_dep_2022
22388,Vildé-Guingalan,1304,22,53,21773.0,22.9,24.2,insee_stats_dep_2022
22389,Yffiniac,5074,22,53,23095.0,19.3,22.0,insee_stats_dep_2022
22390,Yvias,765,22,53,17348.0,24.7,29.6,insee_stats_dep_2022
22391,Yvignac-la-Tour,1135,22,53,23554.0,21.7,21.9,insee_stats_dep_2022
29001,Argol,1065,29,53,18434.0,27.1,22.5,insee_stats_dep_2022
29002,Arzano,1441,29,53,18878.0,28.3,28.8,insee_stats_dep_2022
29003,Audierne,3727,29,53,23355.0,20.5,22.7,insee_stats_dep_2022
29004,Bannalec,5725,29,53,19193.0,26.4,28.7,insee_stats_dep_2022
29005,Baye,1369,29,53,19364.0,23.3,24.3,insee_stats_dep_2022
29006,Bénodet,3849,29,53,19264.0,22.7,24.4,insee_stats_dep_2022
29007,Berrien,943,29,53,21028.0,23.3,18.6,insee_stats_dep_2022
29008,Beuzec-Cap-Sizun,1008,29,53,19715.0,25.3,26.9,insee_stats_dep_2022
29010,Bodilis,1723,29,53,18979.0,28.5,32.0,insee_stats_dep_2022
29011,Bohars,3727,29,53,18784.0,24.9,26.3,insee_stats_dep_2022
29012,Bolazec,168,29,53,26611.0,14.9,12.4,insee_stats_dep_2022
29013,Botmeur,224,29,53,19404.0,28.7,31.6,insee_stats_dep_2022
29014,Botsorhel,425,29,53,13856.0,29.9,29.6,insee_stats_dep_2022
29015,Bourg-Blanc,3573,29,53,20892.0,23.7,28.3,insee_stats_dep_2022
29016,Brasparts,1067,29,53,21568.0,21.0,23.5,insee_stats_dep_2022
29017,Brélès,868,29,53,18149.0,24.4,25.1,insee_stats_dep_2022
29018,Brennilis,454,29,53,24238.0,15.9,17.4,insee_stats_dep_2022
29019,Brest,142346,29,53,26696.0,11.1,11.0,insee_stats_dep_2022
29020,Briec,5816,29,53,15124.0,30.0,35.7,insee_stats_dep_2022
29021,Plounéour-Brignogan-plages,1972,29,53,20096.0,18.8,17.8,insee_stats_dep_2022
29022,Camaret-sur-Mer,2494,29,53,23334.0,21.2,17.0,insee_stats_dep_2022
29023,Carantec,3272,29,53,18879.0,28.9,26.2,insee_stats_dep_2022
29024,Carhaix-Plouguer,7412,29,53,28082.0,10.3,11.6,insee_stats_dep_2022
29025,Cast,1570,29,53,22494.0,20.1,20.1,insee_stats_dep_2022
29026,Châteaulin,5085,29,53,22070.0,21.0,20.1,insee_stats_dep_2022
29027,Châteauneuf-du-Faou,3651,29,53,23930.0,19.7,16.0,insee_stats_dep_2022
29028,Cléden-Cap-Sizun,916,29,53,16247.0,27.6,29.4,insee_stats_dep_2022
29029,Cléden-Poher,1130,29,53,18440.0,25.3,26.8,insee_stats_dep_2022
29030,Cléder,3584,29,53,22356.0,24.0,24.8,insee_stats_dep_2022
29031,Clohars-Carnoët,4708,29,53,21519.0,25.1,24.9,insee_stats_dep_2022
29032,Clohars-Fouesnant,2264,29,53,21402.0,23.7,20.9,insee_stats_dep_2022
29033,Le Cloître-Pleyben,502,29,53,16586.0,27.3,28.1,insee_stats_dep_2022
29034,Le Cloître-Saint-Thégonnec,641,29,53,20566.0,24.4,25.9,insee_stats_dep_2022
29035,Coat-Méal,1133,29,53,18812.0,28.9,31.2,insee_stats_dep_2022
29036,Collorec,588,29,53,19234.0,20.1,21.3,insee_stats_dep_2022
29037,Combrit,4265,29,53,21657.0,20.2,22.1,insee_stats_dep_2022
29038,Commana,983,29,53,25847.0,14.6,15.0,insee_stats_dep_2022
29039,Concarneau,20845,29,53,23717.0,18.5,16.0,insee_stats_dep_2022
29040,Le Conquet,2835,29,53,20366.0,23.1,22.8,insee_stats_dep_2022
29041,Coray,1856,29,53,23020.0,20.7,21.5,insee_stats_dep_2022
29042,Crozon,7499,29,53,19223.0,22.4,18.7,insee_stats_dep_2022
29043,Daoulas,1864,29,53,23085.0,23.7,25.5,insee_stats_dep_2022
29044,Dinéault,1853,29,53,23483.0,21.6,24.9,insee_stats_dep_2022
29045,Dirinon,2188,29,53,22088.0,21.4,23.4,insee_stats_dep_2022
29046,Douarnenez,14068,29,53,21019.0,22.9,25.0,insee_stats_dep_2022
29047,Le Drennec,1896,29,53,23230.0,18.6,16.9,insee_stats_dep_2022
29048,Edern,2186,29,53,21176.0,21.6,25.6,insee_stats_dep_2022
29049,Elliant,3427,29,53,24612.0,20.5,17.8,insee_stats_dep_2022
29051,Ergué-Gabéric,8606,29,53,22721.0,19.5,23.0,insee_stats_dep_2022
29053,Le Faou,1911,29,53,20359.0,23.6,25.7,insee_stats_dep_2022
29054,La Feuillée,677,29,53,16123.0,26.9,25.6,insee_stats_dep_2022
29055,Le Folgoët,3315,29,53,21066.0,21.5,17.8,insee_stats_dep_2022
29056,La Forest-Landerneau,2018,29,53,20018.0,22.2,18.5,insee_stats_dep_2022
29057,La Forêt-Fouesnant,3508,29,53,16495.0,28.4,33.6,insee_stats_dep_2022
29058,Fouesnant,10436,29,53,24025.0,15.5,15.1,insee_stats_dep_2022
29059,Garlan,1043,29,53,17336.0,27.2,26.7,insee_stats_dep_2022
29060,Gouesnach,2836,29,53,14779.0,29.3,26.4,insee_stats_dep_2022
29061,Gouesnou,6501,29,53,20250.0,25.9,21.8,insee_stats_dep_2022
29062,Gouézec,1111,29,53,19504.0,25.6,29.4,insee_stats_dep_2022
29063,Goulien,446,29,53,21048.0,21.3,22.1,insee_stats_dep_2022
29064,Goulven,432,29,53,20011.0,23.1,19.1,insee_stats_dep_2022
29065,Gourlizon,949,29,53,17326.0,28.0,30.5,insee_stats_dep_2022
29066,Guengat,1846,29,53,20945.0,22.0,24.6,insee_stats_dep_2022
29067,Guerlesquin,1285,29,53,22360.0,20.8,19.9,insee_stats_dep_2022
29068,Guiclan,2585,29,53,22348.0,20.8,20.2,insee_stats_dep_2022
29069,Guilers,8268,29,53,18567.0,23.4,24.1,insee_stats_dep_2022
29070,Guiler-sur-Goyen,520,29,53,18003.0,26.3,29.5,insee_stats_dep_2022
29071,Guilligomarc'h,803,29,53,17673.0,24.8,20.5,insee_stats_dep_2022
29072,Guilvinec,2669,29,53,27662.0,14.6,16.3,insee_stats_dep_2022
29073,Guimaëc,982,29,53,20979.0,19.3,22.3,insee_stats_dep_2022
29074,Guimiliau,994,29,53,20850.0,23.5,24.3,insee_stats_dep_2022
29075,Guipavas,15538,29,53,21009.0,23.9,27.6,insee_stats_dep_2022
29076,Milizac-Guipronvel,4816,29,53,19421.0,23.5,21.9,insee_stats_dep_2022
29077,Guissény,1979,29,53,14789.0,28.3,24.9,insee_stats_dep_2022
29078,Hanvec,2025,29,53,15177.0,32.2,29.5,insee_stats_dep_2022
29079,Henvic,1181,29,53,21954.0,20.8,18.6,insee_stats_dep_2022
29080,Hôpital-Camfrout,2215,29,53,23358.0,20.8,18.1,insee_stats_dep_2022
29081,Huelgoat,1440,29,53,14573.0,35.2,31.0,insee_stats_dep_2022
29082,Île-de-Batz,458,29,53,18224.0,27.3,28.7,insee_stats_dep_2022
29083,Île-de-Sein,263,29,53,19525.0,24.6,24.4,insee_stats_dep_2022
29084,Île-Molène,176,29,53,21339.0,21.2,21.9,insee_stats_dep_2022
29085,Île-Tudy,742,29,53,22976.0,22.9,24.3,insee_stats_dep_2022
29086,Irvillac,1411,29,53,23583.0,19.8,21.1,insee_stats_dep_2022
29087,Le Juch,765,29,53,18274.0,24.2,25.2,insee_stats_dep_2022
29089,Kergloff,897,29,53,19935.0,22.7,21.9,insee_stats_dep_2022
29090,Kerlaz,805,29,53,18701.0,27.1,23.2,insee_stats_dep_2022
29091,Kerlouan,1999,29,53,24515.0,14.4,14.9,insee_stats_dep_2022
29093,Kernilis,1407,29,53,20210.0,20.4,18.9,insee_stats_dep_2022
29094,Kernouës,665,29,53,21048.0,22.8,21.3,insee_stats_dep_2022
29095,Kersaint-Plabennec,1571,29,53,21029.0,20.4,16.5,insee_stats_dep_2022
29097,Lampaul-Guimiliau,2032,29,53,22655.0,17.5,19.3,insee_stats_dep_2022
29098,Lampaul-Plouarzel,2221,29,53,27277.0,10.5,11.6,insee_stats_dep_2022
29099,Lampaul-Ploudalmézeau,816,29,53,23714.0,20.2,19.9,insee_stats_dep_2022
29100,Lanarvily,401,29,53,19336.0,23.4,20.1,insee_stats_dep_2022
29101,Landéda,3702,29,53,22819.0,17.9,16.2,insee_stats_dep_2022
29102,Landeleau,993,29,53,18842.0,21.7,20.8,insee_stats_dep_2022
29103,Landerneau,16363,29,53,18994.0,24.6,23.2,insee_stats_dep_2022
29104,Landévennec,330,29,53,24427.0,18.8,20.9,insee_stats_dep_2022
29105,Landivisiau,9426,29,53,21064.0,20.5,17.7,insee_stats_dep_2022
29106,Landrévarzec,1882,29,53,21972.0,18.4,19.8,insee_stats_dep_2022
29107,Landudal,930,29,53,23779.0,15.7,12.8,insee_stats_dep_2022
29108,Landudec,1459,29,53,14337.0,26.8,26.1,insee_stats_dep_2022
29109,Landunvez,1579,29,53,21761.0,20.0,20.7,insee_stats_dep_2022
29110,Langolen,836,29,53,25010.0,17.4,18.8,insee_stats_dep_2022
29111,Lanhouarneau,1282,29,53,22053.0,23.6,26.3,insee_stats_dep_2022
29112,Lanildut,1013,29,53,16559.0,27.1,27.4,insee_stats_dep_2022
29113,Lanmeur,2387,29,53,21091.0,18.8,21.6,insee_stats_dep_2022
29114,Lannéanou,342,29,53,19790.0,24.2,24.3,insee_stats_dep_2022
29115,Lannédern,321,29,53,15297.0,30.4,26.0,insee_stats_dep_2022
29116,Lanneuffret,158,29,53,20190.0,23.0,26.5,insee_stats_dep_2022
29117,Lannilis,5709,29,53,23235.0,19.6,19.4,insee_stats_dep_2022
29119,Lanrivoaré,1551,29,53,21359.0,22.3,23.3,insee_stats_dep_2022
29120,Lanvéoc,2044,29,53,22480.0,18.3,16.8,insee_stats_dep_2022
29122,Laz,685,29,53,20335.0,21.3,18.4,insee_stats_dep_2022
29123,Lennon,812,29,53,21567.0,19.3,17.3,insee_stats_dep_2022
29124,Lesneven,7566,29,53,18539.0,24.0,28.5,insee_stats_dep_2022
29125,Leuhan,846,29,53,17796.0,26.7,27.4,insee_stats_dep_2022
29126,Loc-Brévalaire,210,29,53,15854.0,29.2,24.9,insee_stats_dep_2022
29128,Loc-Eguiner,376,29,53,16440.0,28.9,23.3,insee_stats_dep_2022
29130,Locmaria-Plouzané,5130,29,53,22044.0,20.1,22.6,insee_stats_dep_2022
29131,Locmélar,487,29,53,19016.0,25.6,21.3,insee_stats_dep_2022
29132,Locquénolé,790,29,53,18386.0,29.2,28.6,insee_stats_dep_2022
29133,Locquirec,1555,29,53,20177.0,25.6,26.4,insee_stats_dep_2022
29134,Locronan,829,29,53,17065.0,28.7,29.9,insee_stats_dep_2022
29135,Loctudy,4075,29,53,21149.0,21.8,24.6,insee_stats_dep_2022
29136,Locunolé,1177,29,53,15704.0,30.7,27.3,insee_stats_dep_2022
29137,Logonna-Daoulas,2130,29,53,26752.0,18.6,21.4,insee_stats_dep_2022
29139,Lopérec,828,29,53,19399.0,24.9,26.2,insee_stats_dep_2022
29140,Loperhet,3959,29,53,24234.0,19.3,22.7,insee_stats_dep_2022
29141,Loqueffret,336,29,53,27559.0,13.7,11.2,insee_stats_dep_2022
29142,Lothey,424,29,53,15161.0,31.1,36.3,insee_stats_dep_2022
29143,Mahalon,1021,29,53,17957.0,28.5,26.3,insee_stats_dep_2022
29144,La Martyre,751,29,53,20433.0,24.4,22.3,insee_stats_dep_2022
29145,Confort-Meilars,861,29,53,19620.0,26.5,31.0,insee_stats_dep_2022
29146,Melgven,3371,29,53,24130.0,18.0,16.6,insee_stats_dep_2022
29147,Mellac,3404,29,53,19271.0,23.6,23.0,insee_stats_dep_2022
29148,Mespaul,946,29,53,23669.0,21.4,20.9,insee_stats_dep_2022
29150,Moëlan-sur-Mer,6749,29,53,19237.0,22.9,26.4,insee_stats_dep_2022
29151,Morlaix,15194,29,53,21674.0,23.4,21.5,insee_stats_dep_2022
29152,Motreff,654,29,53,18937.0,26.1,30.3,insee_stats_dep_2022
29153,Névez,2795,29,53,21377.0,21.5,25.0,insee_stats_dep_2022
29155,Ouessant,860,29,53,26469.0,14.9,15.7,insee_stats_dep_2022
29156,Pencran,2234,29,53,27103.0,15.0,15.8,insee_stats_dep_2022
29158,Penmarch,5508,29,53,19132.0,25.6,29.8,insee_stats_dep_2022
29159,Peumerit,917,29,53,19068.0,21.4,22.2,insee_stats_dep_2022
29160,Plabennec,8686,29,53,19892.0,22.2,18.9,insee_stats_dep_2022
29161,Pleuven,3311,29,53,20364.0,24.6,19.8,insee_stats_dep_2022
29162,Pleyben,3692,29,53,19220.0,24.6,21.5,insee_stats_dep_2022
29163,Pleyber-Christ,3166,29,53,19916.0,23.1,21.5,insee_stats_dep_2022
29165,Plobannalec-Lesconil,3718,29,53,19218.0,25.0,22.1,insee_stats_dep_2022
29166,Ploéven,550,29,53,22923.0,21.4,19.3,insee_stats_dep_2022
29167,Plogastel-Saint-Germain,2024,29,53,23290.0,20.7,22.3,insee_stats_dep_2022
29168,Plogoff,1131,29,53,17314.0,23.8,22.8,insee_stats_dep_2022
29169,Plogonnec,3236,29,53,18113.0,26.4,27.9,insee_stats_dep_2022
29170,Plomelin,4239,29,53,23156.0,18.8,21.0,insee_stats_dep_2022
29171,Plomeur,3904,29,53,16470.0,28.5,26.8,insee_stats_dep_2022
29172,Plomodiern,2282,29,53,26219.0,16.0,18.1,insee_stats_dep_2022
29173,Plonéis,2409,29,53,17296.0,24.2,21.4,insee_stats_dep_2022
29174,Plonéour-Lanvern,6452,29,53,20957.0,20.6,17.2,insee_stats_dep_2022
29175,Plonévez-du-Faou,2160,29,53,23087.0,18.6,19.7,insee_stats_dep_2022
29176,Plonévez-Porzay,1781,29,53,23614.0,19.8,19.3,insee_stats_dep_2022
29177,Plouarzel,4029,29,53,19292.0,25.6,29.9,insee_stats_dep_2022
29178,Ploudalmézeau,6522,29,53,18632.0,26.9,23.6,insee_stats_dep_2022
29179,Ploudaniel,3732,29,53,20215.0,26.5,27.9,insee_stats_dep_2022
29180,Ploudiry,872,29,53,20084.0,22.4,23.5,insee_stats_dep_2022
29181,Plouédern,3103,29,53,15431.0,30.6,34.1,insee_stats_dep_2022
29182,Plouégat-Guérand,1050,29,53,28165.0,14.2,15.2,insee_stats_dep_2022
29183,Plouégat-Moysan,717,29,53,24121.0,19.7,20.9,insee_stats_dep_2022
29184,Plouénan,2610,29,53,22454.0,20.1,20.6,insee_stats_dep_2022
29185,Plouescat,3554,29,53,19295.0,25.7,22.4,insee_stats_dep_2022
29186,Plouezoc'h,1646,29,53,21777.0,21.9,19.0,insee_stats_dep_2022
29187,Plougar,789,29,53,17291.0,27.7,31.6,insee_stats_dep_2022
29188,Plougasnou,3192,29,53,18690.0,27.1,32.4,insee_stats_dep_2022
29189,Plougastel-Daoulas,13434,29,53,22503.0,23.4,26.8,insee_stats_dep_2022
29190,Plougonvelin,4521,29,53,24177.0,19.2,21.6,insee_stats_dep_2022
29191,Plougonven,3382,29,53,19503.0,26.2,24.1,insee_stats_dep_2022
29192,Plougoulm,1755,29,53,19321.0,24.6,28.9,insee_stats_dep_2022
29193,Plougourvest,1522,29,53,16985.0,29.2,27.0,insee_stats_dep_2022
29195,Plouguerneau,6755,29,53,17918.0,26.0,23.3,insee_stats_dep_2022
29196,Plouguin,2268,29,53,17937.0,30.0,28.8,insee_stats_dep_2022
29197,Plouhinec,3919,29,53,20489.0,22.7,22.5,insee_stats_dep_2022
29198,Plouider,1809,29,53,16505.0,29.1,26.7,insee_stats_dep_2022
29199,Plouigneau,5014,29,53,25285.0,19.5,21.8,insee_stats_dep_2022
29201,Ploumoguer,2074,29,53,24775.0,17.4,20.3,insee_stats_dep_2022
29202,Plounéour-Ménez,1297,29,53,19195.0,25.5,21.0,insee_stats_dep_2022
29204,Plounéventer,2251,29,53,26086.0,19.0,15.3,insee_stats_dep_2022
29205,Plounévézel,1157,29,53,21036.0,21.9,17.7,insee_stats_dep_2022
29206,Plounévez-Lochrist,2281,29,53,19532.0,24.3,27.0,insee_stats_dep_2022
29207,Plourin-lès-Morlaix,4548,29,53,20961.0,23.1,20.0,insee_stats_dep_2022
29208,Plourin,1268,29,53,13129.0,30.8,36.8,insee_stats_dep_2022
29209,Plouvien,3968,29,53,21232.0,20.8,18.5,insee_stats_dep_2022
29210,Plouvorn,2916,29,53,21683.0,23.7,23.5,insee_stats_dep_2022
29211,Plouyé,687,29,53,18670.0,21.3,22.5,insee_stats_dep_2022
29212,Plouzané,13567,29,53,20968.0,20.9,20.7,insee_stats_dep_2022
29213,Plouzévédé,1897,29,53,20906.0,24.2,24.5,insee_stats_dep_2022
29214,Plovan,677,29,53,18118.0,27.7,24.1,insee_stats_dep_2022
29215,Plozévet,2984,29,53,20287.0,25.3,21.3,insee_stats_dep_2022
29216,Pluguffan,4223,29,53,23581.0,17.0,16.1,insee_stats_dep_2022
29217,Pont-Aven,2777,29,53,21024.0,22.5,26.0,insee_stats_dep_2022
29218,Pont-Croix,1669,29,53,20766.0,24.6,26.6,insee_stats_dep_2022
29220,Pont-l'Abbé,8484,29,53,18188.0,22.6,24.3,insee_stats_dep_2022
29221,Porspoder,1753,29,53,18301.0,26.5,30.4,insee_stats_dep_2022
29222,Port-Launay,404,29,53,15507.0,28.9,30.8,insee_stats_dep_2022
29224,Pouldergat,1213,29,53,24395.0,15.0,17.1,insee_stats_dep_2022
29225,Pouldreuzic,2119,29,53,21450.0,20.6,19.1,insee_stats_dep_2022
29226,Poullan-sur-Mer,1453,29,53,21839.0,21.3,19.6,insee_stats_dep_2022
29227,Poullaouen,1470,29,53,22270.0,20.7,24.8,insee_stats_dep_2022
29228,Primelin,650,29,53,16751.0,28.4,22.8,insee_stats_dep_2022
29229,Quéménéven,1119,29,53,19784.0,27.4,24.8,insee_stats_dep_2022
29230,Querrien,1645,29,53,19368.0,23.8,23.3,insee_stats_dep_2022
29232,Quimper,64385,29,53,23304.0,18.3,19.3,insee_stats_dep_2022
29233,Quimperlé,12469,29,53,23465.0,18.6,20.9,insee_stats_dep_2022
29234,Rédené,3043,29,53,20619.0,21.0,24.2,insee_stats_dep_2022
29235,Le Relecq-Kerhuon,11897,29,53,22585.0,22.0,22.8,insee_stats_dep_2022
29236,Riec-sur-Bélon,4376,29,53,25553.0,17.2,19.0,insee_stats_dep_2022
29237,La Roche-Maurice,1893,29,53,18165.0,29.8,27.8,insee_stats_dep_2022
29238,Roscanvel,855,29,53,24398.0,19.7,17.2,insee_stats_dep_2022
29239,Roscoff,3334,29,53,24107.0,16.8,15.6,insee_stats_dep_2022
29240,Rosnoën,1012,29,53,24334.0,21.1,18.8,insee_stats_dep_2022
29241,Rosporden,7550,29,53,20055.0,24.8,23.9,insee_stats_dep_2022
29243,Saint-Coulitz,475,29,53,20684.0,22.2,19.4,insee_stats_dep_2022
29244,Saint-Derrien,861,29,53,13848.0,31.0,25.3,insee_stats_dep_2022
29245,Saint-Divy,1605,29,53,22908.0,23.2,23.4,insee_stats_dep_2022
29246,Saint-Eloy,220,29,53,20117.0,25.5,28.1,insee_stats_dep_2022
29247,Saint-Évarzec,3574,29,53,20500.0,23.3,27.2,insee_stats_dep_2022
29248,Saint-Frégant,874,29,53,24013.0,14.4,13.6,insee_stats_dep_2022
29249,Saint-Goazec,739,29,53,17183.0,30.3,30.8,insee_stats_dep_2022
29250,Saint-Hernin,753,29,53,18661.0,26.6,28.0,insee_stats_dep_2022
29251,Saint-Jean-du-Doigt,692,29,53,18662.0,25.6,23.4,insee_stats_dep_2022
29252,Saint-Jean-Trolimon,997,29,53,19691.0,23.9,26.6,insee_stats_dep_2022
29254,Saint-Martin-des-Champs,4773,29,53,21019.0,22.9,19.7,insee_stats_dep_2022
29255,Saint-Méen,942,29,53,19158.0,24.5,21.2,insee_stats_dep_2022
29256,Saint-Nic,753,29,53,20329.0,26.1,30.9,insee_stats_dep_2022
29257,Saint-Pabu,2087,29,53,20901.0,23.7,19.5,insee_stats_dep_2022
29259,Saint-Pol-de-Léon,6941,29,53,23862.0,21.3,24.7,insee_stats_dep_2022
29260,Saint-Renan,8577,29,53,22216.0,24.0,24.1,insee_stats_dep_2022
29261,Saint-Rivoal,223,29,53,16260.0,24.8,23.6,insee_stats_dep_2022
29262,Saint-Sauveur,849,29,53,12900.0,33.1,37.0,insee_stats_dep_2022
29263,Saint-Ségal,1182,29,53,17948.0,28.6,28.5,insee_stats_dep_2022
29264,Saint-Servais,784,29,53,24226.0,18.2,14.7,insee_stats_dep_2022
29265,Sainte-Sève,1077,29,53,20242.0,21.7,20.0,insee_stats_dep_2022
29266,Saint-Thégonnec Loc-Eguiner,3148,29,53,19925.0,23.0,26.9,insee_stats_dep_2022
29267,Saint-Thois,703,29,53,15422.0,28.8,25.1,insee_stats_dep_2022
29268,Saint-Thonan,1956,29,53,16439.0,24.4,28.6,insee_stats_dep_2022
29269,Saint-Thurien,1000,29,53,15638.0,28.7,26.4,insee_stats_dep_2022
29270,Saint-Urbain,1670,29,53,19838.0,25.1,24.4,insee_stats_dep_2022
29271,Saint-Vougay,873,29,53,22956.0,18.2,17.0,insee_stats_dep_2022
29272,Saint-Yvi,3431,29,53,21829.0,18.9,19.6,insee_stats_dep_2022
29273,Santec,2454,29,53,22345.0,21.7,23.6,insee_stats_dep_2022
29274,Scaër,5178,29,53,20903.0,18.9,19.4,insee_stats_dep_2022
29275,Scrignac,816,29,53,16133.0,29.7,27.1,insee_stats_dep_2022
29276,Sibiril,1143,29,53,12900.0,30.8,29.1,insee_stats_dep_2022
29277,Sizun,2325,29,53,22355.0,22.7,18.6,insee_stats_dep_2022
29278,Spézet,1774,29,53,19093.0,28.3,33.2,insee_stats_dep_2022
29279,Taulé,2914,29,53,21570.0,22.2,26.1,insee_stats_dep_2022
29280,Telgruc-sur-Mer,2167,29,53,20795.0,26.0,23.4,insee_stats_dep_2022
29281,Tourch,1002,29,53,17974.0,26.4,25.5,insee_stats_dep_2022
29282,Trébabu,368,29,53,22923.0,21.6,20.4,insee_stats_dep_2022
29284,Treffiagat,2429,29,53,19777.0,29.1,29.0,insee_stats_dep_2022
29285,Tréflaouénan,518,29,53,22150.0,22.5,25.3,insee_stats_dep_2022
29286,Tréflévénez,260,29,53,13908.0,34.7,28.4,insee_stats_dep_2022
29287,Tréflez,991,29,53,19582.0,24.0,20.7,insee_stats_dep_2022
29288,Trégarantec,634,29,53,21754.0,21.8,20.6,insee_stats_dep_2022
29289,Trégarvan,134,29,53,21875.0,18.7,19.8,insee_stats_dep_2022
29290,Tréglonou,689,29,53,16947.0,29.8,26.7,insee_stats_dep_2022
29291,Trégourez,947,29,53,13658.0,29.2,31.0,insee_stats_dep_2022
29292,Tréguennec,311,29,53,24365.0,16.2,15.3,insee_stats_dep_2022
29293,Trégunc,7148,29,53,23967.0,16.7,14.8,insee_stats_dep_2022
29294,Le Tréhou,633,29,53,20670.0,23.6,26.2,insee_stats_dep_2022
29295,Trémaouézan,483,29,53,24747.0,14.7,11.8,insee_stats_dep_2022
29296,Tréméoc,1503,29,53,21289.0,21.8,18.9,insee_stats_dep_2022
29297,Tréméven,2402,29,53,18599.0,28.6,34.0,insee_stats_dep_2022
29298,Tréogat,573,29,53,18457.0,23.6,24.9,insee_stats_dep_2022
29299,Tréouergat,323,29,53,17958.0,26.6,24.8,insee_stats_dep_2022
29300,Le Trévoux,1652,29,53,19765.0,25.2,29.8,insee_stats_dep_2022
29301,Trézilidé,405,29,53,19076.0,28.3,33.1,insee_stats_dep_2022
29302,Pont-de-Buis-lès-Quimerch,3663,29,53,24070.0,20.9,22.2,insee_stats_dep_2022
35001,Acigné,6874,35,53,17630.0,25.9,23.1,insee_stats_dep_2022
35002,Amanlis,1768,35,53,23803.0,17.8,15.0,insee_stats_dep_2022
35003,Andouillé-Neuville,1017,35,53,16114.0,30.2,32.4,insee_stats_dep_2022
35004,Val-Couesnon,4072,35,53,25637.0,18.0,14.7,insee_stats_dep_2022
35005,Arbrissel,266,35,53,18233.0,27.4,23.5,insee_stats_dep_2022
35006,Argentré-du-Plessis,4633,35,53,16078.0,29.4,24.3,insee_stats_dep_2022
35007,Aubigné,453,35,53,22575.0,21.2,21.5,insee_stats_dep_2022
35008,Availles-sur-Seiche,630,35,53,24531.0,18.1,15.7,insee_stats_dep_2022
35009,Baguer-Morvan,1702,35,53,24960.0,16.9,20.1,insee_stats_dep_2022
35010,Baguer-Pican,1756,35,53,24244.0,19.1,17.2,insee_stats_dep_2022
35012,Bain-de-Bretagne,7674,35,53,19049.0,26.9,24.2,insee_stats_dep_2022
35013,Bains-sur-Oust,3535,35,53,19995.0,24.0,22.5,insee_stats_dep_2022
35014,Bais,2539,35,53,25754.0,17.4,16.4,insee_stats_dep_2022
35015,Balazé,2162,35,53,24728.0,16.6,17.3,insee_stats_dep_2022
35016,Baulon,2210,35,53,24874.0,17.6,18.7,insee_stats_dep_2022
35017,La Baussaine,675,35,53,16962.0,29.8,25.3,insee_stats_dep_2022
35018,La Bazouge-du-Désert,1095,35,53,22525.0,19.4,19.5,insee_stats_dep_2022
35019,Bazouges-la-Pérouse,1877,35,53,26516.0,15.1,17.8,insee_stats_dep_2022
35021,Beaucé,1256,35,53,17156.0,26.9,28.8,insee_stats_dep_2022
35022,Bécherel,677,35,53,22698.0,17.2,14.5,insee_stats_dep_2022
35023,Bédée,4662,35,53,16412.0,31.9,31.4,insee_stats_dep_2022
35024,Betton,12964,35,53,22460.0,18.3,21.7,insee_stats_dep_2022
35025,Billé,1010,35,53,28867.0,11.6,11.0,insee_stats_dep_2022
35026,Bléruais,97,35,53,23667.0,14.9,15.1,insee_stats_dep_2022
35027,Boisgervilly,1804,35,53,22461.0,21.9,22.5,insee_stats_dep_2022
35028,Boistrudan,728,35,53,21444.0,20.5,23.8,insee_stats_dep_2022
35029,Bonnemain,1536,35,53,16874.0,25.7,24.4,insee_stats_dep_2022
35030,La Bosse-de-Bretagne,696,35,53,13680.0,31.5,25.6,insee_stats_dep_2022
35031,La Bouëxière,4667,35,53,24546.0,17.9,17.2,insee_stats_dep_2022
35032,Bourgbarré,4804,35,53,22949.0,20.7,22.8,insee_stats_dep_2022
35033,Bourg-des-Comptes,3411,35,53,24007.0,18.1,17.9,insee_stats_dep_2022
35034,La Boussac,1271,35,53,23613.0,19.3,15.6,insee_stats_dep_2022
35035,Bovel,618,35,53,23740.0,18.3,21.7,insee_stats_dep_2022
35037,Bréal-sous-Montfort,6391,35,53,25982.0,13.9,14.9,insee_stats_dep_2022
35038,Bréal-sous-Vitré,612,35,53,19518.0,28.1,32.6,insee_stats_dep_2022
35039,Brécé,2232,35,53,22963.0,17.2,20.2,insee_stats_dep_2022
35040,Breteil,3675,35,53,27955.0,15.9,14.5,insee_stats_dep_2022
35041,Brie,988,35,53,23186.0,22.6,21.4,insee_stats_dep_2022
35042,Brielles,692,35,53,17558.0,25.9,22.8,insee_stats_dep_2022
35044,Broualan,415,35,53,19996.0,26.6,31.2,insee_stats_dep_2022
35045,Bruc-sur-Aff,855,35,53,21017.0,22.5,19.3,insee_stats_dep_2022
35046,Les Brulais,542,35,53,17574.0,25.4,28.7,insee_stats_dep_2022
35047,Bruz,19683,35,53,26733.0,19.8,23.4,insee_stats_dep_2022
35049,Cancale,5672,35,53,16244.0,29.1,31.1,insee_stats_dep_2022
35050,Cardroc,589,35,53,18773.0,29.0,31.4,insee_stats_dep_2022
35051,Cesson-Sévigné,18761,35,53,25416.0,15.5,14.1,insee_stats_dep_2022
35052,Champeaux,505,35,53,24331.0,20.5,24.3,insee_stats_dep_2022
35054,Chanteloup,1912,35,53,21502.0,23.2,25.8,insee_stats_dep_2022
35055,Chantepie,10670,35,53,18595.0,25.6,26.3,insee_stats_dep_2022
35056,La Chapelle-aux-Filtzméens,824,35,53,16066.0,30.0,31.3,insee_stats_dep_2022
35057,La Chapelle-Bouëxic,1537,35,53,24309.0,19.1,16.8,insee_stats_dep_2022
35058,La Chapelle-Chaussée,1298,35,53,13680.0,29.4,35.2,insee_stats_dep_2022
35059,La Chapelle-des-Fougeretz,4738,35,53,19343.0,22.4,19.3,insee_stats_dep_2022
35060,La Chapelle du Lou du Lac,1050,35,53,24643.0,16.0,15.1,insee_stats_dep_2022
35061,La Chapelle-Erbrée,717,35,53,22328.0,22.6,18.5,insee_stats_dep_2022
35062,La Chapelle-Fleurigné,2451,35,53,21875.0,24.2,24.2,insee_stats_dep_2022
35063,La Chapelle-Saint-Aubert,479,35,53,23843.0,19.4,18.6,insee_stats_dep_2022
35064,La Chapelle-de-Brain,1114,35,53,23231.0,20.0,16.1,insee_stats_dep_2022
35065,La Chapelle-Thouarault,2304,35,53,20221.0,21.8,20.6,insee_stats_dep_2022
35066,Chartres-de-Bretagne,8880,35,53,20312.0,28.8,33.1,insee_stats_dep_2022
35067,Chasné-sur-Illet,1744,35,53,21367.0,26.5,24.9,insee_stats_dep_2022
35068,Châteaubourg,7533,35,53,21015.0,23.8,23.3,insee_stats_dep_2022
35069,Châteaugiron,10845,35,53,22399.0,16.1,17.6,insee_stats_dep_2022
35070,Châteauneuf-d'Ille-et-Vilaine,1664,35,53,22040.0,19.5,20.3,insee_stats_dep_2022
35071,Le Châtellier,430,35,53,22661.0,22.5,22.3,insee_stats_dep_2022
35072,Châtillon-en-Vendelais,1775,35,53,22734.0,26.8,24.3,insee_stats_dep_2022
35075,Chauvigné,810,35,53,19307.0,25.6,24.7,insee_stats_dep_2022
35076,Chavagne,4709,35,53,23601.0,18.3,20.9,insee_stats_dep_2022
35077,Chelun,363,35,53,22531.0,22.1,18.2,insee_stats_dep_2022
35078,Cherrueix,1108,35,53,23374.0,18.6,21.6,insee_stats_dep_2022
35079,Chevaigné,2397,35,53,22849.0,19.9,22.5,insee_stats_dep_2022
35080,Cintré,2645,35,53,20117.0,25.3,26.2,insee_stats_dep_2022
35081,Clayes,947,35,53,17455.0,24.9,23.6,insee_stats_dep_2022
35082,Coësmes,1426,35,53,18387.0,27.2,28.1,insee_stats_dep_2022
35084,Comblessac,671,35,53,24717.0,19.1,16.1,insee_stats_dep_2022
35085,Combourg,6411,35,53,21753.0,21.6,24.9,insee_stats_dep_2022
35086,Combourtillé,610,35,53,28725.0,11.4,12.5,insee_stats_dep_2022
35087,Cornillé,961,35,53,19494.0,22.8,24.2,insee_stats_dep_2022
35088,Corps-Nuds,3567,35,53,18852.0,27.2,23.2,insee_stats_dep_2022
35089,La Couyère,448,35,53,20422.0,21.7,19.0,insee_stats_dep_2022
35090,Crevin,2819,35,53,23226.0,20.5,16.5,insee_stats_dep_2022
35091,Le Crouais,592,35,53,23318.0,18.8,16.5,insee_stats_dep_2022
35092,Cuguen,828,35,53,14129.0,27.1,32.1,insee_stats_dep_2022
35093,Dinard,10772,35,53,23282.0,21.1,19.6,insee_stats_dep_2022
35094,Dingé,1705,35,53,24117.0,17.7,19.9,insee_stats_dep_2022
35095,Dol-de-Bretagne,5829,35,53,21982.0,21.2,17.1,insee_stats_dep_2022
35096,Domagné,2491,35,53,27576.0,14.8,13.1,insee_stats_dep_2022
35097,Domalain,2055,35,53,19588.0,23.0,26.3,insee_stats_dep_2022
35098,La Dominelais,1424,35,53,20546.0,24.6,25.9,insee_stats_dep_2022
35099,Domloup,3877,35,53,21675.0,20.2,21.3,insee_stats_dep_2022
35101,Dourdain,1237,35,53,18556.0,24.8,22.2,insee_stats_dep_2022
35102,Drouges,502,35,53,26319.0,15.3,12.7,insee_stats_dep_2022
35103,Eancé,429,35,53,17664.0,24.7,20.8,insee_stats_dep_2022
35104,Epiniac,1438,35,53,23686.0,17.5,15.8,insee_stats_dep_2022
35105,Erbrée,1703,35,53,16427.0,26.6,26.9,insee_stats_dep_2022
35106,Ercé-en-Lamée,1566,35,53,22598.0,22.0,23.6,insee_stats_dep_2022
35107,Ercé-près-Liffré,2034,35,53,20610.0,21.4,23.1,insee_stats_dep_2022
35108,Essé,1028,35,53,23782.0,16.1,19.2,insee_stats_dep_2022
35109,Étrelles,2703,35,53,26635.0,15.6,16.9,insee_stats_dep_2022
35110,Feins,1074,35,53,19528.0,23.0,26.5,insee_stats_dep_2022
35111,Le Ferré,732,35,53,29612.0,12.1,13.9,insee_stats_dep_2022
35114,Forges-la-Forêt,268,35,53,26745.0,16.6,19.6,insee_stats_dep_2022
35115,Fougères,20307,35,53,25248.0,15.5,15.4,insee_stats_dep_2022
35116,La Fresnais,2509,35,53,19578.0,24.7,24.3,insee_stats_dep_2022
35117,Gaël,1613,35,53,22151.0,18.1,21.1,insee_stats_dep_2022
35118,Gahard,1523,35,53,23397.0,18.6,20.3,insee_stats_dep_2022
35119,Gennes-sur-Seiche,938,35,53,21501.0,24.8,20.3,insee_stats_dep_2022
35120,Gévezé,6061,35,53,23545.0,23.1,21.5,insee_stats_dep_2022
35121,Gosné,2145,35,53,23492.0,23.3,25.8,insee_stats_dep_2022
35122,La Gouesnière,2021,35,53,23819.0,20.1,18.1,insee_stats_dep_2022
35123,Goven,4359,35,53,26566.0,16.1,18.8,insee_stats_dep_2022
35124,Grand-Fougeray,2584,35,53,27169.0,11.9,11.9,insee_stats_dep_2022
35125,La Guerche-de-Bretagne,4554,35,53,29238.0,10.9,9.4,insee_stats_dep_2022
35126,Guichen,9412,35,53,20973.0,22.2,20.5,insee_stats_dep_2022
35127,Guignen,4175,35,53,21777.0,21.3,18.5,insee_stats_dep_2022
35128,Guipel,1738,35,53,16415.0,28.4,31.8,insee_stats_dep_2022
35130,Hédé-Bazouges,2267,35,53,23388.0,18.1,17.6,insee_stats_dep_2022
35131,L'Hermitage,4730,35,53,17400.0,25.3,23.1,insee_stats_dep_2022
35132,Hirel,1382,35,53,23906.0,20.3,22.9,insee_stats_dep_2022
35133,Iffendic,4609,35,53,22232.0,19.0,21.0,insee_stats_dep_2022
35134,Les Iffs,274,35,53,21078.0,22.7,24.8,insee_stats_dep_2022
35135,Irodouër,2300,35,53,18296.0,22.9,27.0,insee_stats_dep_2022
35136,Janzé,8649,35,53,20155.0,25.5,20.8,insee_stats_dep_2022
35137,Javené,2205,35,53,19267.0,24.3,24.9,insee_stats_dep_2022
35138,Laignelet,1234,35,53,25760.0,15.4,14.1,insee_stats_dep_2022
35139,Laillé,5225,35,53,19758.0,22.1,21.6,insee_stats_dep_2022
35140,Lalleu,593,35,53,21145.0,20.1,19.9,insee_stats_dep_2022
35141,Landavran,674,35,53,16737.0,26.4,22.5,insee_stats_dep_2022
35142,Landéan,1250,35,53,19274.0,23.3,19.7,insee_stats_dep_2022
35143,Landujan,941,35,53,22707.0,17.2,14.1,insee_stats_dep_2022
35144,Langan,1106,35,53,23307.0,13.0,13.8,insee_stats_dep_2022
35145,Langon,1423,35,53,25766.0,15.3,13.2,insee_stats_dep_2022
35146,Langouet,604,35,53,22446.0,21.4,25.4,insee_stats_dep_2022
35148,Lanrigan,136,35,53,22026.0,18.7,19.0,insee_stats_dep_2022
35149,Lassy,1841,35,53,18753.0,24.6,24.6,insee_stats_dep_2022
35150,Lécousse,3530,35,53,22328.0,22.3,22.3,insee_stats_dep_2022
35151,Lieuron,811,35,53,19615.0,25.4,28.6,insee_stats_dep_2022
35152,Liffré,9339,35,53,18242.0,26.9,32.2,insee_stats_dep_2022
35153,Lillemer,398,35,53,17569.0,24.6,23.2,insee_stats_dep_2022
35154,Livré-sur-Changeon,1758,35,53,20490.0,25.3,28.0,insee_stats_dep_2022
35155,Lohéac,702,35,53,19063.0,28.0,24.9,insee_stats_dep_2022
35156,Longaulnay,592,35,53,23538.0,18.7,17.8,insee_stats_dep_2022
35157,Le Loroux,621,35,53,22394.0,19.2,17.8,insee_stats_dep_2022
35159,Lourmais,340,35,53,19708.0,22.9,22.1,insee_stats_dep_2022
35160,Loutehel,243,35,53,14628.0,30.3,25.0,insee_stats_dep_2022
35161,Louvigné-de-Bais,1890,35,53,19722.0,28.3,25.8,insee_stats_dep_2022
35162,Louvigné-du-Désert,3346,35,53,17412.0,28.7,27.6,insee_stats_dep_2022
35163,Luitré-Dompierre,1868,35,53,28127.0,11.5,9.2,insee_stats_dep_2022
35164,Marcillé-Raoul,749,35,53,17562.0,23.3,25.9,insee_stats_dep_2022
35165,Marcillé-Robert,1017,35,53,20684.0,21.2,20.5,insee_stats_dep_2022
35166,Marpiré,1023,35,53,20780.0,25.7,30.7,insee_stats_dep_2022
35167,Martigné-Ferchaud,2688,35,53,26201.0,16.2,16.1,insee_stats_dep_2022
35168,Val d'Anast,3930,35,53,22271.0,18.9,19.9,insee_stats_dep_2022
35169,Maxent,1450,35,53,19131.0,26.0,25.6,insee_stats_dep_2022
35170,Mecé,618,35,53,17387.0,24.9,28.5,insee_stats_dep_2022
35171,Médréac,1853,35,53,19088.0,23.5,26.0,insee_stats_dep_2022
35172,Meillac,1974,35,53,15700.0,29.3,33.6,insee_stats_dep_2022
35173,Melesse,7541,35,53,21084.0,24.9,26.2,insee_stats_dep_2022
35174,Mellé,651,35,53,24457.0,20.5,22.2,insee_stats_dep_2022
35175,Mernel,1021,35,53,22220.0,22.9,27.1,insee_stats_dep_2022
35176,Guipry-Messac,7354,35,53,24598.0,19.8,20.0,insee_stats_dep_2022
35177,La Mézière,5033,35,53,29486.0,13.6,14.8,insee_stats_dep_2022
35178,Mézières-sur-Couesnon,1734,35,53,22664.0,22.8,21.4,insee_stats_dep_2022
35179,Miniac-Morvan,4408,35,53,22955.0,21.1,25.0,insee_stats_dep_2022
35180,Miniac-sous-Bécherel,776,35,53,24402.0,18.7,15.8,insee_stats_dep_2022
35181,Le Minihic-sur-Rance,1524,35,53,15882.0,28.1,27.6,insee_stats_dep_2022
35183,Mondevert,804,35,53,17671.0,24.9,25.2,insee_stats_dep_2022
35184,Montauban-de-Bretagne,6597,35,53,21285.0,23.9,25.2,insee_stats_dep_2022
35185,Montautour,269,35,53,22672.0,19.0,22.1,insee_stats_dep_2022
35186,Mont-Dol,1101,35,53,23425.0,19.0,15.4,insee_stats_dep_2022
35187,Monterfil,1366,35,53,20652.0,26.0,21.2,insee_stats_dep_2022
35188,Montfort-sur-Meu,6810,35,53,22633.0,21.5,19.4,insee_stats_dep_2022
35189,Montgermont,3827,35,53,20639.0,20.3,20.7,insee_stats_dep_2022
35190,Monthault,248,35,53,25132.0,14.2,13.8,insee_stats_dep_2022
35191,Les Portes du Coglais,2208,35,53,24078.0,19.4,18.0,insee_stats_dep_2022
35192,Montreuil-des-Landes,237,35,53,21410.0,22.3,22.9,insee_stats_dep_2022
35193,Montreuil-le-Gast,2080,35,53,20016.0,23.8,27.2,insee_stats_dep_2022
35194,Montreuil-sous-Pérouse,1043,35,53,20260.0,23.7,21.6,insee_stats_dep_2022
35195,Montreuil-sur-Ille,2420,35,53,22860.0,23.9,27.0,insee_stats_dep_2022
35196,Mordelles,7911,35,53,19591.0,22.9,25.9,insee_stats_dep_2022
35197,Mouazé,1712,35,53,19946.0,19.6,20.0,insee_stats_dep_2022
35198,Moulins,724,35,53,20394.0,21.2,21.7,insee_stats_dep_2022
35199,Moussé,293,35,53,23556.0,18.7,22.1,insee_stats_dep_2022
35200,Moutiers,896,35,53,16312.0,28.0,30.8,insee_stats_dep_2022
35201,Muel,927,35,53,21169.0,25.4,24.7,insee_stats_dep_2022
35202,La Noë-Blanche,1002,35,53,19413.0,24.7,21.9,insee_stats_dep_2022
35203,La Nouaye,362,35,53,18277.0,22.8,26.4,insee_stats_dep_2022
35204,Nouvoitou,3911,35,53,23749.0,22.5,22.0,insee_stats_dep_2022
35205,Noyal-sous-Bazouges,392,35,53,26346.0,13.0,13.5,insee_stats_dep_2022
35206,Noyal-Châtillon-sur-Seiche,8359,35,53,20761.0,22.2,21.5,insee_stats_dep_2022
35207,Noyal-sur-Vilaine,6269,35,53,22168.0,17.8,15.2,insee_stats_dep_2022
35208,Orgères,5732,35,53,24692.0,17.8,15.2,insee_stats_dep_2022
35210,Pacé,11703,35,53,23732.0,20.4,18.9,insee_stats_dep_2022
35211,Paimpont,1772,35,53,17436.0,27.9,30.1,insee_stats_dep_2022
35212,Pancé,1159,35,53,27176.0,13.4,13.3,insee_stats_dep_2022
35214,Parcé,657,35,53,23554.0,16.0,14.1,insee_stats_dep_2022
35215,Parigné,1286,35,53,23741.0,17.1,15.9,insee_stats_dep_2022
35216,Parthenay-de-Bretagne,1793,35,53,20743.0,23.4,19.7,insee_stats_dep_2022
35217,Le Pertre,1363,35,53,17186.0,24.5,29.2,insee_stats_dep_2022
35218,Le Petit-Fougeray,901,35,53,16966.0,28.1,33.4,insee_stats_dep_2022
35219,Pipriac,3859,35,53,22223.0,21.7,22.3,insee_stats_dep_2022
35220,Piré-Chancé,3224,35,53,20226.0,25.9,24.7,insee_stats_dep_2022
35221,Pléchâtel,2833,35,53,19684.0,23.9,19.7,insee_stats_dep_2022
35222,Pleine-Fougères,2002,35,53,24886.0,17.7,14.9,insee_stats_dep_2022
35223,Plélan-le-Grand,4076,35,53,18836.0,24.3,23.8,insee_stats_dep_2022
35224,Plerguer,2895,35,53,21879.0,19.2,16.4,insee_stats_dep_2022
35225,Plesder,790,35,53,14867.0,26.9,28.4,insee_stats_dep_2022
35226,Pleugueneuc,2087,35,53,22490.0,21.4,20.9,insee_stats_dep_2022
35227,Pleumeleuc,3543,35,53,24831.0,15.5,14.2,insee_stats_dep_2022
35228,Pleurtuit,7167,35,53,26428.0,14.5,11.7,insee_stats_dep_2022
35229,Pocé-les-Bois,1312,35,53,21919.0,23.1,20.4,insee_stats_dep_2022
35230,Poilley,394,35,53,16382.0,29.2,30.6,insee_stats_dep_2022
35231,Poligné,1261,35,53,29771.0,9.9,11.7,insee_stats_dep_2022
35232,Princé,400,35,53,23880.0,18.5,20.4,insee_stats_dep_2022
35233,Québriac,1588,35,53,24921.0,17.2,18.5,insee_stats_dep_2022
35234,Quédillac,1287,35,53,19810.0,25.3,28.3,insee_stats_dep_2022
35235,Rannée,1100,35,53,33736.0,10.2,9.2,insee_stats_dep_2022
35236,Redon,9542,35,53,21900.0,21.2,21.9,insee_stats_dep_2022
35237,Renac,1027,35,53,22188.0,20.3,21.7,insee_stats_dep_2022
35238,Rennes,230890,35,53,23275.0,17.6,17.9,insee_stats_dep_2022
35239,Retiers,4566,35,53,22699.0,21.9,21.5,insee_stats_dep_2022
35240,Le Rheu,9839,35,53,28635.0,13.5,11.6,insee_stats_dep_2022
35241,La Richardais,2664,35,53,19846.0,24.8,20.4,insee_stats_dep_2022
35242,Rimou,357,35,53,21723.0,18.9,16.6,insee_stats_dep_2022
35243,Romagné,2438,35,53,19652.0,21.2,21.9,insee_stats_dep_2022
35244,Romazy,277,35,53,17104.0,30.3,34.2,insee_stats_dep_2022
35245,Romillé,4189,35,53,24786.0,15.2,12.6,insee_stats_dep_2022
35246,Roz-Landrieux,1378,35,53,20651.0,24.5,26.6,insee_stats_dep_2022
35247,Roz-sur-Couesnon,1059,35,53,20776.0,19.2,18.8,insee_stats_dep_2022
35248,Sains,468,35,53,24338.0,16.3,19.1,insee_stats_dep_2022
35249,Sainte-Anne-sur-Vilaine,1035,35,53,19950.0,22.6,23.2,insee_stats_dep_2022
35250,Saint-Armel,2433,35,53,22327.0,18.4,22.0,insee_stats_dep_2022
35251,Saint-Aubin-d'Aubigné,4304,35,53,20781.0,22.1,25.5,insee_stats_dep_2022
35252,Saint-Aubin-des-Landes,917,35,53,24854.0,15.9,16.7,insee_stats_dep_2022
35253,Saint-Aubin-du-Cormier,4203,35,53,23454.0,19.7,16.0,insee_stats_dep_2022
35255,Saint-Benoît-des-Ondes,975,35,53,25138.0,21.0,23.5,insee_stats_dep_2022
35256,Saint-Briac-sur-Mer,2258,35,53,24051.0,21.6,23.0,insee_stats_dep_2022
35257,Maen Roch,5088,35,53,21795.0,20.0,17.2,insee_stats_dep_2022
35258,Saint-Brieuc-des-Iffs,330,35,53,19375.0,23.2,23.8,insee_stats_dep_2022
35259,Saint-Broladre,1153,35,53,24531.0,18.3,20.6,insee_stats_dep_2022
35260,Saint-Christophe-des-Bois,566,35,53,18102.0,23.3,24.0,insee_stats_dep_2022
35261,Saint-Christophe-de-Valains,231,35,53,23701.0,20.4,21.4,insee_stats_dep_2022
35262,Sainte-Colombe,368,35,53,26184.0,17.4,14.5,insee_stats_dep_2022
35263,Saint-Coulomb,2969,35,53,20815.0,21.8,26.1,insee_stats_dep_2022
35264,Saint-Didier,2022,35,53,17206.0,27.9,22.9,insee_stats_dep_2022
35265,Saint-Domineuc,2619,35,53,19713.0,25.2,24.3,insee_stats_dep_2022
35266,Saint-Erblon,3651,35,53,25706.0,19.8,16.9,insee_stats_dep_2022
35268,Saint-Ganton,413,35,53,21038.0,23.6,21.7,insee_stats_dep_2022
35270,Saint-Georges-de-Gréhaigne,384,35,53,25569.0,14.8,12.0,insee_stats_dep_2022
35271,Saint-Georges-de-Reintembault,1541,35,53,23982.0,20.5,18.7,insee_stats_dep_2022
35272,Saint-Germain-du-Pinel,1018,35,53,14493.0,31.3,31.7,insee_stats_dep_2022
35273,Saint-Germain-en-Coglès,2096,35,53,21048.0,21.1,17.6,insee_stats_dep_2022
35274,Saint-Germain-sur-Ille,1017,35,53,25164.0,15.7,13.9,insee_stats_dep_2022
35275,Saint-Gilles,5576,35,53,19623.0,22.2,25.7,insee_stats_dep_2022
35276,Saint-Gondran,651,35,53,18948.0,27.6,22.8,insee_stats_dep_2022
35277,Saint-Gonlay,377,35,53,27482.0,15.6,13.2,insee_stats_dep_2022
35278,Saint-Grégoire,9957,35,53,22708.0,19.1,22.1,insee_stats_dep_2022
35279,Saint-Guinoux,1285,35,53,19258.0,21.2,24.0,insee_stats_dep_2022
35280,Saint-Hilaire-des-Landes,1037,35,53,25992.0,15.2,12.3,insee_stats_dep_2022
35281,Saint-Jacques-de-la-Lande,13800,35,53,26783.0,12.9,14.0,insee_stats_dep_2022
35282,Rives-du-Couesnon,2927,35,53,21954.0,23.8,19.2,insee_stats_dep_2022
35283,Saint-Jean-sur-Vilaine,1375,35,53,15626.0,28.1,25.7,insee_stats_dep_2022
35284,Saint-Jouan-des-Guérets,2847,35,53,18082.0,25.9,31.0,insee_stats_dep_2022
35285,Saint-Just,1107,35,53,23399.0,18.8,19.3,insee_stats_dep_2022
35286,Saint-Léger-des-Prés,293,35,53,19829.0,26.8,27.7,insee_stats_dep_2022
35287,Saint-Lunaire,2768,35,53,21034.0,21.4,21.8,insee_stats_dep_2022
35288,Saint-Malo,47439,35,53,25751.0,16.0,14.5,insee_stats_dep_2022
35289,Saint-Malo-de-Phily,1081,35,53,22237.0,22.9,22.4,insee_stats_dep_2022
35290,Saint-Malon-sur-Mel,618,35,53,19949.0,28.3,22.8,insee_stats_dep_2022
35291,Saint-Marcan,431,35,53,23768.0,20.0,23.0,insee_stats_dep_2022
35292,Saint-Marc-le-Blanc,1553,35,53,22549.0,19.9,16.8,insee_stats_dep_2022
35294,Sainte-Marie,2247,35,53,21085.0,23.0,22.5,insee_stats_dep_2022
35295,Saint-Maugan,505,35,53,23191.0,20.1,23.7,insee_stats_dep_2022
35296,Saint-Médard-sur-Ille,1377,35,53,23000.0,18.1,15.3,insee_stats_dep_2022
35297,Saint-Méen-le-Grand,4653,35,53,22696.0,19.5,22.1,insee_stats_dep_2022
35299,Saint-Méloir-des-Ondes,4720,35,53,20942.0,24.1,25.8,insee_stats_dep_2022
35300,Saint-M'Hervé,1354,35,53,20060.0,26.8,26.6,insee_stats_dep_2022
35302,Saint-Onen-la-Chapelle,1126,35,53,21159.0,25.3,30.0,insee_stats_dep_2022
35304,Saint-Ouen-des-Alleux,1326,35,53,24758.0,17.2,19.8,insee_stats_dep_2022
35305,Saint-Péran,407,35,53,18887.0,25.2,22.5,insee_stats_dep_2022
35306,Saint-Père-Marc-en-Poulet,2440,35,53,19923.0,18.3,15.2,insee_stats_dep_2022
35307,Saint-Pern,966,35,53,23152.0,21.6,23.7,insee_stats_dep_2022
35308,Mesnil-Roc'h,4492,35,53,24561.0,15.9,16.2,insee_stats_dep_2022
35309,Saint-Rémy-du-Plain,818,35,53,23084.0,21.8,25.5,insee_stats_dep_2022
35310,Saint-Sauveur-des-Landes,1565,35,53,17795.0,26.4,30.9,insee_stats_dep_2022
35311,Saint-Séglin,610,35,53,20642.0,23.3,22.1,insee_stats_dep_2022
35312,Saint-Senoux,1863,35,53,23582.0,16.8,17.0,insee_stats_dep_2022
35314,Saint-Suliac,1018,35,53,27401.0,15.4,15.5,insee_stats_dep_2022
35315,Saint-Sulpice-la-Forêt,1580,35,53,15430.0,29.7,28.4,insee_stats_dep_2022
35316,Saint-Sulpice-des-Landes,820,35,53,24888.0,16.6,16.2,insee_stats_dep_2022
35317,Saint-Symphorien,625,35,53,23594.0,20.0,23.4,insee_stats_dep_2022
35318,Saint-Thual,996,35,53,19059.0,25.9,24.5,insee_stats_dep_2022
35319,Saint-Thurial,2184,35,53,24710.0,17.4,20.3,insee_stats_dep_2022
35320,Saint-Uniac,513,35,53,20150.0,24.3,26.6,insee_stats_dep_2022
35321,Saulnières,801,35,53,21156.0,23.2,23.2,insee_stats_dep_2022
35322,Le Sel-de-Bretagne,1117,35,53,20920.0,19.9,18.1,insee_stats_dep_2022
35324,La Selle-en-Luitré,582,35,53,18298.0,23.6,19.0,insee_stats_dep_2022
35325,La Selle-Guerchaise,153,35,53,22084.0,22.4,26.6,insee_stats_dep_2022
35326,Sens-de-Bretagne,2592,35,53,24863.0,18.2,16.5,insee_stats_dep_2022
35327,Servon-sur-Vilaine,4152,35,53,23965.0,17.4,19.9,insee_stats_dep_2022
35328,Sixt-sur-Aff,2273,35,53,23159.0,20.0,22.6,insee_stats_dep_2022
35329,Sougeal,547,35,53,22618.0,17.7,17.1,insee_stats_dep_2022
35330,Taillis,1028,35,53,19271.0,24.3,27.1,insee_stats_dep_2022
35331,Talensac,2571,35,53,23335.0,18.6,19.7,insee_stats_dep_2022
35332,Teillay,1117,35,53,18184.0,28.7,23.0,insee_stats_dep_2022
35333,Le Theil-de-Bretagne,1731,35,53,20755.0,18.2,19.3,insee_stats_dep_2022
35334,Thorigné-Fouillard,8667,35,53,22017.0,21.4,19.1,insee_stats_dep_2022
35335,Thourie,868,35,53,13680.0,29.8,29.5,insee_stats_dep_2022
35336,Le Tiercent,199,35,53,16743.0,29.6,32.5,insee_stats_dep_2022
35337,Tinténiac,3939,35,53,26666.0,16.3,15.6,insee_stats_dep_2022
35338,Torcé,1281,35,53,18306.0,28.2,24.2,insee_stats_dep_2022
35339,Trans-la-Forêt,634,35,53,19674.0,22.6,26.9,insee_stats_dep_2022
35340,Treffendel,1350,35,53,24091.0,20.1,22.8,insee_stats_dep_2022
35342,Trémeheuc,355,35,53,20365.0,23.4,23.7,insee_stats_dep_2022
35343,Tresbœuf,1234,35,53,21977.0,21.4,21.3,insee_stats_dep_2022
35345,Trévérien,918,35,53,25862.0,17.8,17.8,insee_stats_dep_2022
35346,Trimer,205,35,53,19810.0,24.2,26.8,insee_stats_dep_2022
35347,Val-d'Izé,2620,35,53,21032.0,21.6,24.3,insee_stats_dep_2022
35350,Vergéal,806,35,53,25192.0,21.2,21.5,insee_stats_dep_2022
35351,Le Verger,1389,35,53,21505.0,24.3,24.5,insee_stats_dep_2022
35352,Vern-sur-Seiche,8207,35,53,23568.0,16.1,19.2,insee_stats_dep_2022
35353,Vezin-le-Coquet,6471,35,53,21037.0,17.8,15.4,insee_stats_dep_2022
35354,Vieux-Viel,329,35,53,21778.0,23.7,21.0,insee_stats_dep_2022
35355,Vieux-Vy-sur-Couesnon,1286,35,53,18757.0,26.7,25.9,insee_stats_dep_2022
35356,Vignoc,2329,35,53,21271.0,20.4,17.9,insee_stats_dep_2022
35357,Villamée,301,35,53,19555.0,27.0,29.4,insee_stats_dep_2022
35358,La Ville-ès-Nonais,1233,35,53,24137.0,15.9,14.4,insee_stats_dep_2022
35359,Visseiche,881,35,53,26918.0,16.9,16.1,insee_stats_dep_2022
35360,Vitré,19365,35,53,27611.0,10.4,8.9,insee_stats_dep_2022
35361,Le Vivier-sur-Mer,1065,35,53,19524.0,21.7,24.8,insee_stats_dep_2022
35362,Le Tronchet,1202,35,53,20811.0,19.0,20.5,insee_stats_dep_2022
35363,Pont-Péan,4245,35,53,29201.0,8.4,9.2,insee_stats_dep_2022
56001,Allaire,3955,56,53,18560.0,26.7,25.1,insee_stats_dep_2022
56002,Ambon,2101,56,53,19712.0,25.6,25.2,insee_stats_dep_2022
56003,Arradon,5835,56,53,20509.0,25.0,23.3,insee_stats_dep_2022
56004,Arzal,1846,56,53,20352.0,21.8,22.2,insee_stats_dep_2022
56005,Arzon,2271,56,53,20026.0,25.1,24.5,insee_stats_dep_2022
56006,Augan,1569,56,53,20612.0,24.1,26.1,insee_stats_dep_2022
56007,Auray,14207,56,53,23719.0,15.3,16.8,insee_stats_dep_2022
56008,Baden,5086,56,53,21345.0,23.1,27.6,insee_stats_dep_2022
56009,Bangor,994,56,53,12720.0,33.1,38.8,insee_stats_dep_2022
56010,Baud,6367,56,53,20092.0,21.0,20.8,insee_stats_dep_2022
56011,Béganne,1493,56,53,20843.0,21.3,22.0,insee_stats_dep_2022
56012,Beignon,1944,56,53,20866.0,21.6,18.7,insee_stats_dep_2022
56013,Belz,3893,56,53,19008.0,26.7,29.4,insee_stats_dep_2022
56014,Berné,1551,56,53,22110.0,20.0,19.0,insee_stats_dep_2022
56015,Berric,2129,56,53,17737.0,26.3,22.6,insee_stats_dep_2022
56017,Bignan,2757,56,53,19017.0,25.8,26.2,insee_stats_dep_2022
56018,Billiers,1066,56,53,18917.0,26.0,29.6,insee_stats_dep_2022
56019,Billio,335,56,53,19366.0,23.9,23.0,insee_stats_dep_2022
56020,Bohal,873,56,53,18802.0,25.1,22.3,insee_stats_dep_2022
56021,Brandérion,1494,56,53,20944.0,18.1,19.9,insee_stats_dep_2022
56022,Brandivy,1466,56,53,17367.0,27.7,33.1,insee_stats_dep_2022
56023,Brech,7052,56,53,21202.0,23.7,25.4,insee_stats_dep_2022
56024,Bréhan,2306,56,53,17296.0,27.0,25.9,insee_stats_dep_2022
56025,Brignac,200,56,53,21177.0,22.3,19.7,insee_stats_dep_2022
56026,Bubry,2242,56,53,28076.0,14.8,17.1,insee_stats_dep_2022
56027,Buléon,547,56,53,17723.0,30.3,33.0,insee_stats_dep_2022
56028,Caden,1641,56,53,20504.0,24.4,20.5,insee_stats_dep_2022
56029,Calan,1277,56,53,21401.0,24.2,22.1,insee_stats_dep_2022
56030,Camoël,1183,56,53,19523.0,22.6,20.3,insee_stats_dep_2022
56031,Camors,3260,56,53,25125.0,21.3,22.2,insee_stats_dep_2022
56032,Campénéac,1991,56,53,22812.0,22.3,20.1,insee_stats_dep_2022
56033,Carentoir,3232,56,53,18332.0,26.6,24.5,insee_stats_dep_2022
56034,Carnac,4194,56,53,18311.0,26.9,30.9,insee_stats_dep_2022
56035,Caro,1126,56,53,20110.0,22.3,24.0,insee_stats_dep_2022
56036,Caudan,7206,56,53,22827.0,22.7,23.0,insee_stats_dep_2022
56039,La Chapelle-Neuve,1001,56,53,17331.0,26.4,22.7,insee_stats_dep_2022
56040,Cléguer,3460,56,53,24564.0,20.3,24.3,insee_stats_dep_2022
56041,Cléguérec,2885,56,53,24808.0,14.3,16.5,insee_stats_dep_2022
56042,Colpo,2296,56,53,26121.0,17.1,16.0,insee_stats_dep_2022
56043,Concoret,758,56,53,16400.0,26.7,31.7,insee_stats_dep_2022
56044,Cournon,812,56,53,22629.0,19.7,22.0,insee_stats_dep_2022
56045,Le Cours,697,56,53,19283.0,23.8,26.2,insee_stats_dep_2022
56046,Crach,3423,56,53,20560.0,23.6,20.4,insee_stats_dep_2022
56047,Crédin,1483,56,53,17237.0,26.4,22.8,insee_stats_dep_2022
56048,Le Croisty,739,56,53,22478.0,19.5,18.5,insee_stats_dep_2022
56050,La Croix-Helléan,892,56,53,18733.0,24.6,23.4,insee_stats_dep_2022
56051,Cruguel,664,56,53,16925.0,25.4,25.8,insee_stats_dep_2022
56052,Damgan,1943,56,53,23055.0,18.7,17.9,insee_stats_dep_2022
56053,Elven,6651,56,53,25214.0,16.3,14.5,insee_stats_dep_2022
56054,Erdeven,4008,56,53,23958.0,16.0,17.1,insee_stats_dep_2022
56055,Étel,2074,56,53,22733.0,18.7,17.5,insee_stats_dep_2022
56056,Évriguet,210,56,53,17373.0,27.2,31.1,insee_stats_dep_2022
56057,Le Faouët,2814,56,53,21065.0,22.3,22.6,insee_stats_dep_2022
56058,Férel,3499,56,53,23453.0,19.3,23.0,insee_stats_dep_2022
56060,Les Fougerêts,970,56,53,19423.0,25.2,20.8,insee_stats_dep_2022
56061,La Gacilly,3995,56,53,21015.0,18.9,15.8,insee_stats_dep_2022
56062,Gâvres,696,56,53,17996.0,28.0,25.6,insee_stats_dep_2022
56063,Gestel,2601,56,53,22672.0,21.1,22.2,insee_stats_dep_2022
56065,Gourhel,711,56,53,19211.0,23.9,23.3,insee_stats_dep_2022
56066,Gourin,3960,56,53,23260.0,17.2,16.5,insee_stats_dep_2022
56067,Grand-Champ,5929,56,53,22637.0,22.4,18.3,insee_stats_dep_2022
56068,La Grée-Saint-Laurent,304,56,53,19813.0,27.3,31.2,insee_stats_dep_2022
56069,Groix,2310,56,53,14658.0,29.0,24.9,insee_stats_dep_2022
56070,Guégon,2365,56,53,20151.0,23.1,21.8,insee_stats_dep_2022
56071,Guéhenno,814,56,53,19426.0,25.9,22.8,insee_stats_dep_2022
56072,Gueltas,551,56,53,18812.0,24.0,27.8,insee_stats_dep_2022
56073,Guémené-sur-Scorff,1175,56,53,16780.0,27.0,25.1,insee_stats_dep_2022
56074,Guénin,1921,56,53,15411.0,28.1,27.1,insee_stats_dep_2022
56075,Guer,6208,56,53,22468.0,19.4,21.2,insee_stats_dep_2022
56076,Guern,1411,56,53,19438.0,24.7,27.6,insee_stats_dep_2022
56077,Le Guerno,989,56,53,22022.0,23.5,19.0,insee_stats_dep_2022
56078,Guidel,12338,56,53,22969.0,19.9,22.0,insee_stats_dep_2022
56079,Guillac,1396,56,53,22546.0,25.6,23.2,insee_stats_dep_2022
56080,Guilliers,1368,56,53,20064.0,27.1,25.9,insee_stats_dep_2022
56081,Guiscriff,2037,56,53,20499.0,23.1,22.9,insee_stats_dep_2022
56082,Helléan,395,56,53,17898.0,24.9,27.5,insee_stats_dep_2022
56083,Hennebont,15910,56,53,23802.0,18.4,21.1,insee_stats_dep_2022
56084,Le Hézo,930,56,53,26260.0,16.3,19.2,insee_stats_dep_2022
56085,Hœdic,104,56,53,13940.0,32.4,37.3,insee_stats_dep_2022
56086,Île-d'Houat,219,56,53,21880.0,19.1,21.5,insee_stats_dep_2022
56087,Île-aux-Moines,630,56,53,18847.0,26.4,25.7,insee_stats_dep_2022
56088,Île-d'Arz,321,56,53,18549.0,26.8,22.7,insee_stats_dep_2022
56089,Inguiniel,2188,56,53,20853.0,22.5,23.7,insee_stats_dep_2022
56090,Inzinzac-Lochrist,6691,56,53,22823.0,21.2,22.5,insee_stats_dep_2022
56091,Josselin,2584,56,53,23331.0,18.9,20.6,insee_stats_dep_2022
56092,Kerfourn,852,56,53,20937.0,18.3,18.4,insee_stats_dep_2022
56093,Kergrist,714,56,53,25239.0,18.0,20.4,insee_stats_dep_2022
56094,Kervignac,7204,56,53,21981.0,20.0,23.8,insee_stats_dep_2022
56096,Landaul,2516,56,53,16297.0,30.0,25.9,insee_stats_dep_2022
56097,Landévant,4056,56,53,20397.0,26.1,27.4,insee_stats_dep_2022
56098,Lanester,23263,56,53,19333.0,23.2,20.5,insee_stats_dep_2022
56099,Langoëlan,403,56,53,19420.0,21.2,19.7,insee_stats_dep_2022
56100,Langonnet,1930,56,53,21436.0,24.7,26.7,insee_stats_dep_2022
56101,Languidic,8042,56,53,18573.0,25.7,28.7,insee_stats_dep_2022
56102,Forges de Lanouée,2253,56,53,23169.0,19.3,20.6,insee_stats_dep_2022
56103,Lantillac,296,56,53,18116.0,27.2,28.1,insee_stats_dep_2022
56104,Lanvaudan,808,56,53,14827.0,27.6,30.6,insee_stats_dep_2022
56105,Lanvénégen,1145,56,53,19991.0,23.1,24.6,insee_stats_dep_2022
56106,Larmor-Baden,917,56,53,19183.0,28.4,23.6,insee_stats_dep_2022
56107,Larmor-Plage,8418,56,53,21379.0,22.1,18.0,insee_stats_dep_2022
56108,Larré,1104,56,53,17408.0,26.5,29.0,insee_stats_dep_2022
56109,Lauzach,1264,56,53,18764.0,24.6,27.5,insee_stats_dep_2022
56110,Lignol,861,56,53,16586.0,30.1,25.8,insee_stats_dep_2022
56111,Limerzel,1370,56,53,14815.0,28.0,33.1,insee_stats_dep_2022
56112,Lizio,840,56,53,12720.0,30.4,32.0,insee_stats_dep_2022
56113,Locmalo,890,56,53,24909.0,17.5,15.4,insee_stats_dep_2022
56114,Locmaria,978,56,53,20793.0,19.9,17.8,insee_stats_dep_2022
56115,Locmaria-Grand-Champ,1855,56,53,19395.0,28.2,32.2,insee_stats_dep_2022
56116,Locmariaquer,1577,56,53,19896.0,23.7,19.7,insee_stats_dep_2022
56117,Locminé,4773,56,53,21158.0,24.3,25.0,insee_stats_dep_2022
56118,Locmiquélic,4093,56,53,20425.0,23.3,24.0,insee_stats_dep_2022
56119,Locoal-Mendon,3530,56,53,20701.0,24.1,21.4,insee_stats_dep_2022
56120,Locqueltas,2031,56,53,19796.0,22.2,26.2,insee_stats_dep_2022
56121,Lorient,58329,56,53,26177.0,16.2,13.5,insee_stats_dep_2022
56122,Loyat,1750,56,53,17195.0,24.4,21.6,insee_stats_dep_2022
56123,Malansac,2339,56,53,20838.0,23.9,21.3,insee_stats_dep_2022
56124,Malestroit,2558,56,53,27591.0,13.0,14.1,insee_stats_dep_2022
56125,Malguénac,1857,56,53,18488.0,25.1,23.6,insee_stats_dep_2022
56126,Marzan,2684,56,53,21925.0,23.3,21.5,insee_stats_dep_2022
56127,Mauron,3163,56,53,25339.0,17.2,16.1,insee_stats_dep_2022
56128,Melrand,1598,56,53,25206.0,17.9,15.6,insee_stats_dep_2022
56129,Ménéac,1476,56,53,17792.0,26.8,23.2,insee_stats_dep_2022
56130,Merlevenez,3174,56,53,21442.0,20.6,20.2,insee_stats_dep_2022
56131,Meslan,1479,56,53,21873.0,18.5,19.7,insee_stats_dep_2022
56132,Meucon,2280,56,53,20247.0,23.7,27.2,insee_stats_dep_2022
56133,Missiriac,1195,56,53,21791.0,21.6,18.7,insee_stats_dep_2022
56134,Mohon,991,56,53,20549.0,23.1,20.1,insee_stats_dep_2022
56135,Molac,1633,56,53,20853.0,23.5,22.5,insee_stats_dep_2022
56136,Monteneuf,763,56,53,19004.0,25.0,22.0,insee_stats_dep_2022
56137,Monterblanc,3356,56,53,19456.0,23.8,23.3,insee_stats_dep_2022
56139,Montertelot,375,56,53,19277.0,25.5,21.7,insee_stats_dep_2022
56140,Moréac,3704,56,53,18572.0,23.9,24.5,insee_stats_dep_2022
56141,Moustoir-Ac,1775,56,53,18536.0,24.8,20.7,insee_stats_dep_2022
56143,Muzillac,5089,56,53,17360.0,28.1,23.9,insee_stats_dep_2022
56144,Évellys,3379,56,53,17797.0,26.3,28.3,insee_stats_dep_2022
56145,Néant-sur-Yvel,1045,56,53,24671.0,17.2,17.1,insee_stats_dep_2022
56146,Neulliac,1482,56,53,17699.0,27.5,27.8,insee_stats_dep_2022
56147,Nivillac,4951,56,53,15639.0,27.7,29.7,insee_stats_dep_2022
56148,Nostang,1676,56,53,23883.0,19.7,17.4,insee_stats_dep_2022
56149,Noyal-Muzillac,2548,56,53,19793.0,23.2,22.4,insee_stats_dep_2022
56151,Noyal-Pontivy,3606,56,53,19949.0,19.9,20.2,insee_stats_dep_2022
56152,Le Palais,2599,56,53,23140.0,22.5,18.9,insee_stats_dep_2022
56153,Péaule,2929,56,53,19918.0,22.6,22.9,insee_stats_dep_2022
56154,Peillac,1873,56,53,20441.0,27.4,28.5,insee_stats_dep_2022
56155,Pénestin,2085,56,53,20410.0,25.3,20.6,insee_stats_dep_2022
56156,Persquen,365,56,53,18389.0,27.2,25.5,insee_stats_dep_2022
56157,Plaudren,1978,56,53,14640.0,28.9,32.4,insee_stats_dep_2022
56158,Plescop,6362,56,53,21590.0,22.8,21.0,insee_stats_dep_2022
56159,Pleucadeuc,1866,56,53,21860.0,23.6,21.2,insee_stats_dep_2022
56160,Pleugriffet,1281,56,53,15207.0,31.4,32.8,insee_stats_dep_2022
56161,Ploemel,3175,56,53,23070.0,19.0,19.2,insee_stats_dep_2022
56162,Ploemeur,18872,56,53,22382.0,20.0,21.8,insee_stats_dep_2022
56163,Ploërdut,1255,56,53,18862.0,23.4,23.9,insee_stats_dep_2022
56164,Ploeren,6790,56,53,23637.0,19.9,23.7,insee_stats_dep_2022
56165,Ploërmel,10163,56,53,21925.0,20.6,24.5,insee_stats_dep_2022
56166,Plouay,5755,56,53,18921.0,25.9,28.4,insee_stats_dep_2022
56167,Plougoumelen,2664,56,53,21311.0,22.4,24.5,insee_stats_dep_2022
56168,Plouharnel,2285,56,53,20689.0,26.9,28.8,insee_stats_dep_2022
56169,Plouhinec,5400,56,53,22122.0,16.7,14.4,insee_stats_dep_2022
56170,Plouray,1060,56,53,15245.0,27.9,27.7,insee_stats_dep_2022
56171,Pluherlin,1542,56,53,17916.0,26.2,22.5,insee_stats_dep_2022
56172,Plumelec,2754,56,53,21551.0,22.7,26.1,insee_stats_dep_2022
56173,Pluméliau-Bieuzy,4632,56,53,17980.0,26.6,29.6,insee_stats_dep_2022
56174,Plumelin,2885,56,53,21302.0,23.0,18.4,insee_stats_dep_2022
56175,Plumergat,4207,56,53,23413.0,20.5,18.9,insee_stats_dep_2022
56176,Pluneret,6262,56,53,18378.0,24.9,20.1,insee_stats_dep_2022
56177,Pluvigner,7682,56,53,24406.0,17.4,19.4,insee_stats_dep_2022
56178,Pontivy,14640,56,53,20733.0,25.3,22.1,insee_stats_dep_2022
56179,Pont-Scorff,4037,56,53,20948.0,22.1,20.0,insee_stats_dep_2022
56180,Porcaro,743,56,53,19251.0,21.9,22.1,insee_stats_dep_2022
56181,Port-Louis,2608,56,53,22047.0,21.9,19.9,insee_stats_dep_2022
56182,Priziac,1037,56,53,19389.0,26.5,23.0,insee_stats_dep_2022
56184,Questembert,8133,56,53,19858.0,21.1,24.2,insee_stats_dep_2022
56185,Quéven,8991,56,53,21968.0,24.2,28.2,insee_stats_dep_2022
56186,Quiberon,4876,56,53,23068.0,20.2,21.4,insee_stats_dep_2022
56188,Quistinic,1444,56,53,17961.0,28.4,28.4,insee_stats_dep_2022
56189,Radenac,1066,56,53,26337.0,16.2,15.5,insee_stats_dep_2022
56190,Réguiny,1955,56,53,15163.0,33.8,39.3,insee_stats_dep_2022
56191,Réminiac,438,56,53,21504.0,20.7,21.7,insee_stats_dep_2022
56193,Riantec,5865,56,53,20540.0,24.0,23.4,insee_stats_dep_2022
56194,Rieux,2856,56,53,23100.0,20.2,20.2,insee_stats_dep_2022
56195,La Roche-Bernard,746,56,53,21203.0,24.7,22.3,insee_stats_dep_2022
56196,Rochefort-en-Terre,647,56,53,19483.0,28.9,30.8,insee_stats_dep_2022
56197,Val d'Oust,2807,56,53,17211.0,27.5,30.0,insee_stats_dep_2022
56198,Rohan,1526,56,53,19625.0,26.8,24.0,insee_stats_dep_2022
56199,Roudouallec,722,56,53,19638.0,21.5,20.5,insee_stats_dep_2022
56200,Ruffiac,1422,56,53,21535.0,23.5,21.1,insee_stats_dep_2022
56201,Le Saint,612,56,53,18778.0,24.7,28.1,insee_stats_dep_2022
56202,Saint-Abraham,552,56,53,24910.0,21.1,18.5,insee_stats_dep_2022
56203,Saint-Aignan,637,56,53,19881.0,20.3,21.1,insee_stats_dep_2022
56204,Saint-Allouestre,675,56,53,21042.0,25.5,25.6,insee_stats_dep_2022
56205,Saint-Armel,903,56,53,21586.0,20.9,19.0,insee_stats_dep_2022
56206,Saint-Avé,12470,56,53,21194.0,20.5,17.0,insee_stats_dep_2022
56207,Saint-Barthélemy,1197,56,53,15396.0,32.4,26.8,insee_stats_dep_2022
56208,Saint-Brieuc-de-Mauron,308,56,53,18185.0,26.7,25.2,insee_stats_dep_2022
56209,Sainte-Brigitte,178,56,53,17490.0,28.5,28.9,insee_stats_dep_2022
56210,Saint-Caradec-Trégomel,467,56,53,24062.0,16.8,14.4,insee_stats_dep_2022
56211,Saint-Congard,792,56,53,15447.0,28.2,25.9,insee_stats_dep_2022
56212,Saint-Dolay,2645,56,53,22068.0,20.8,18.9,insee_stats_dep_2022
56213,Saint-Gérand-Croixanvec,1312,56,53,19028.0,22.5,19.4,insee_stats_dep_2022
56214,Saint-Gildas-de-Rhuys,2004,56,53,26520.0,14.0,13.3,insee_stats_dep_2022
56215,Saint-Gonnery,1087,56,53,15316.0,28.4,25.4,insee_stats_dep_2022
56216,Saint-Gorgon,443,56,53,19061.0,27.1,24.3,insee_stats_dep_2022
56218,Saint-Gravé,763,56,53,19301.0,25.8,23.0,insee_stats_dep_2022
56219,Saint-Guyomard,1468,56,53,19476.0,25.1,21.9,insee_stats_dep_2022
56220,Sainte-Hélène,1303,56,53,14619.0,31.1,32.5,insee_stats_dep_2022
56221,Saint-Jacut-les-Pins,1745,56,53,18697.0,23.3,19.6,insee_stats_dep_2022
56222,Saint-Jean-Brévelay,2869,56,53,18950.0,23.9,21.8,insee_stats_dep_2022
56223,Saint-Jean-la-Poterie,1429,56,53,18316.0,23.6,19.2,insee_stats_dep_2022
56224,Saint-Laurent-sur-Oust,396,56,53,20481.0,23.5,23.6,insee_stats_dep_2022
56225,Saint-Léry,210,56,53,21315.0,20.0,18.7,insee_stats_dep_2022
56226,Saint-Malo-de-Beignon,537,56,53,23095.0,18.6,21.0,insee_stats_dep_2022
56227,Saint-Malo-des-Trois-Fontaines,545,56,53,24439.0,14.4,14.5,insee_stats_dep_2022
56228,Saint-Marcel,1155,56,53,21988.0,21.1,21.4,insee_stats_dep_2022
56229,Saint-Martin-sur-Oust,1312,56,53,22047.0,24.6,24.9,insee_stats_dep_2022
56230,Saint-Nicolas-du-Tertre,469,56,53,22015.0,17.2,19.1,insee_stats_dep_2022
56231,Saint-Nolff,3990,56,53,19127.0,25.3,23.7,insee_stats_dep_2022
56232,Saint-Perreux,1086,56,53,16776.0,27.5,31.7,insee_stats_dep_2022
56233,Saint-Philibert,1575,56,53,21324.0,23.5,19.5,insee_stats_dep_2022
56234,Saint-Pierre-Quiberon,2344,56,53,19906.0,29.6,28.9,insee_stats_dep_2022
56236,Saint-Servant,806,56,53,14482.0,32.0,27.0,insee_stats_dep_2022
56237,Saint-Thuriau,1885,56,53,14978.0,31.1,25.4,insee_stats_dep_2022
56238,Saint-Tugdual,376,56,53,18418.0,25.5,24.3,insee_stats_dep_2022
56239,Saint-Vincent-sur-Oust,1679,56,53,20678.0,25.0,21.6,insee_stats_dep_2022
56240,Sarzeau,9212,56,53,21603.0,21.9,19.2,insee_stats_dep_2022
56241,Sauzon,1036,56,53,20800.0,22.4,20.0,insee_stats_dep_2022
56242,Séglien,673,56,53,19003.0,26.7,22.1,insee_stats_dep_2022
56243,Séné,9554,56,53,23123.0,19.8,16.4,insee_stats_dep_2022
56244,Sérent,3429,56,53,22187.0,21.5,25.2,insee_stats_dep_2022
56245,Silfiac,491,56,53,18105.0,24.4,21.3,insee_stats_dep_2022
56246,Le Sourn,2121,56,53,20641.0,21.0,20.5,insee_stats_dep_2022
56247,Sulniac,3852,56,53,27645.0,13.5,14.4,insee_stats_dep_2022
56248,Surzur,5211,56,53,22040.0,22.8,26.2,insee_stats_dep_2022
56249,Taupont,2428,56,53,25343.0,13.7,12.3,insee_stats_dep_2022
56250,Théhillac,611,56,53,18033.0,22.7,18.7,insee_stats_dep_2022
56251,Theix-Noyalo,8500,56,53,21460.0,18.1,19.3,insee_stats_dep_2022
56252,Le Tour-du-Parc,1343,56,53,20127.0,25.6,27.5,insee_stats_dep_2022
56253,Tréal,699,56,53,19460.0,22.2,19.1,insee_stats_dep_2022
56254,Trédion,1400,56,53,16163.0,28.1,31.6,insee_stats_dep_2022
56255,Treffléan,2572,56,53,23352.0,21.6,24.6,insee_stats_dep_2022
56256,Tréhorenteuc,111,56,53,18693.0,29.7,28.2,insee_stats_dep_2022
56257,La Trinité-Porhoët,663,56,53,17489.0,24.8,26.9,insee_stats_dep_2022
56258,La Trinité-sur-Mer,1845,56,53,19937.0,21.4,25.2,insee_stats_dep_2022
56259,La Trinité-Surzur,1678,56,53,18991.0,25.5,29.4,insee_stats_dep_2022
56260,Vannes,55790,56,53,29695.0,12.0,12.1,insee_stats_dep_2022
56261,La Vraie-Croix,1495,56,53,17719.0,25.3,29.1,insee_stats_dep_2022
56262,Le Bono,2608,56,53,24727.0,14.1,16.6,insee_stats_dep_2022
56263,Sainte-Anne-d'Auray,2889,56,53,23301.0,20.6,17.4,insee_stats_dep_2022
56264,Kernascléden,418,56,53,24372.0,15.3,16.1,insee_stats_dep_2022
