code_insee_commune_actualise,etiquette_dpe,etiquette_ges,type_batiment,annee_construction,surface_habitable_logement,consommation_energie_primaire,date_reception_dpe,region_code,source
29349,E,A,appartement,1986,137.9,677.0,2021-07-01,53,simule_distributions_ademe_2023
56135,E,E,appartement,1967,122.0,584.0,2021-07-01,53,simule_distributions_ademe_2023
56215,D,E,maison,1972,88.7,157.0,2021-07-01,53,simule_distributions_ademe_2023
56366,F,B,appartement,1929,140.2,676.0,2021-07-01,53,simule_distributions_ademe_2023
35289,D,F,appartement,1969,70.4,295.0,2021-07-02,53,simule_distributions_ademe_2023
22121,G,D,immeuble,1929,29.6,530.0,2021-07-02,53,simule_distributions_ademe_2023
56164,F,B,appartement,1924,86.4,447.0,2021-07-02,53,simule_distributions_ademe_2023
22388,D,G,appartement,1977,126.4,224.0,2021-07-02,53,simule_distributions_ademe_2023
29035,B,D,immeuble,1999,55.4,110.0,2021-07-03,53,simule_distributions_ademe_2023
29240,F,B,appartement,1940,82.7,391.0,2021-07-03,53,simule_distributions_ademe_2023
29316,E,D,maison,1972,46.4,468.0,2021-07-03,53,simule_distributions_ademe_2023
29092,D,F,maison,1977,48.9,198.0,2021-07-03,53,simule_distributions_ademe_2023
35083,E,F,maison,1970,78.1,677.0,2021-07-04,53,simule_distributions_ademe_2023
29363,F,E,appartement,1924,63.2,652.0,2021-07-04,53,simule_distributions_ademe_2023
29381,F,A,maison,1942,86.1,483.0,2021-07-04,53,simule_distributions_ademe_2023
35264,F,D,maison,1941,37.8,495.0,2021-07-04,53,simule_distributions_ademe_2023
29317,G,D,maison,1964,74.1,395.0,2021-07-05,53,simule_distributions_ademe_2023
56279,E,A,immeuble,1980,65.9,474.0,2021-07-05,53,simule_distributions_ademe_2023
56370,C,B,appartement,1985,87.8,252.0,2021-07-05,53,simule_distributions_ademe_2023
29022,E,D,maison,1983,95.2,497.0,2021-07-05,53,simule_distributions_ademe_2023
56123,B,D,immeuble,2010,96.8,56.0,2021-07-06,53,simule_distributions_ademe_2023
35249,D,G,maison,1975,53.5,323.0,2021-07-06,53,simule_distributions_ademe_2023
56049,F,A,maison,1969,43.2,502.0,2021-07-06,53,simule_distributions_ademe_2023
22013,C,B,appartement,2003,96.6,186.0,2021-07-06,53,simule_distributions_ademe_2023
22328,E,D,appartement,1986,131.0,562.0,2021-07-07,53,simule_distributions_ademe_2023
29297,E,F,maison,1968,33.8,496.0,2021-07-07,53,simule_distributions_ademe_2023
56203,D,D,appartement,1985,60.1,291.0,2021-07-07,53,simule_distributions_ademe_2023
22001,D,E,maison,1974,132.7,202.0,2021-07-07,53,simule_distributions_ademe_2023
29012,C,D,appartement,2009,109.3,310.0,2021-07-08,53,simule_distributions_ademe_2023
22222,C,G,maison,2013,68.0,307.0,2021-07-08,53,simule_distributions_ademe_2023
29259,G,B,appartement,1974,34.4,694.0,2021-07-08,53,simule_distributions_ademe_2023
35229,G,E,appartement,1941,49.6,455.0,2021-07-08,53,simule_distributions_ademe_2023
29327,C,F,maison,1991,54.7,243.0,2021-07-09,53,simule_distributions_ademe_2023
29136,E,E,appartement,1992,36.5,597.0,2021-07-09,53,simule_distributions_ademe_2023
22264,B,E,appartement,2002,124.3,96.0,2021-07-09,53,simule_distributions_ademe_2023
56386,E,A,immeuble,1979,42.9,639.0,2021-07-09,53,simule_distributions_ademe_2023
29268,D,E,maison,1973,101.7,226.0,2021-07-10,53,simule_distributions_ademe_2023
56318,F,E,maison,1920,82.4,617.0,2021-07-10,53,simule_distributions_ademe_2023
35038,C,D,appartement,2003,119.6,287.0,2021-07-10,53,simule_distributions_ademe_2023
29052,E,E,maison,1969,142.9,336.0,2021-07-10,53,simule_distributions_ademe_2023
22004,D,G,maison,1968,67.0,279.0,2021-07-11,53,simule_distributions_ademe_2023
29229,F,D,maison,1965,48.4,663.0,2021-07-11,53,simule_distributions_ademe_2023
35372,A,D,maison,2003,25.0,86.0,2021-07-11,53,simule_distributions_ademe_2023
22299,C,E,appartement,2019,68.4,309.0,2021-07-12,53,simule_distributions_ademe_2023
35186,F,F,maison,1951,73.2,373.0,2021-07-12,53,simule_distributions_ademe_2023
29196,D,E,appartement,1969,162.6,297.0,2021-07-12,53,simule_distributions_ademe_2023
22071,D,F,appartement,1971,101.0,189.0,2021-07-12,53,simule_distributions_ademe_2023
35040,C,D,appartement,2007,110.2,264.0,2021-07-13,53,simule_distributions_ademe_2023
22219,E,D,maison,1994,38.9,628.0,2021-07-13,53,simule_distributions_ademe_2023
56108,G,G,appartement,1956,92.1,564.0,2021-07-13,53,simule_distributions_ademe_2023
35015,E,E,maison,1972,54.4,521.0,2021-07-13,53,simule_distributions_ademe_2023
22080,G,F,maison,1967,68.7,663.0,2021-07-14,53,simule_distributions_ademe_2023
29239,D,F,appartement,1982,33.1,152.0,2021-07-14,53,simule_distributions_ademe_2023
56059,D,D,maison,1987,136.1,307.0,2021-07-14,53,simule_distributions_ademe_2023
35350,B,G,maison,2001,42.6,96.0,2021-07-14,53,simule_distributions_ademe_2023
56399,G,D,maison,1960,47.2,543.0,2021-07-15,53,simule_distributions_ademe_2023
22127,D,E,appartement,1993,83.7,173.0,2021-07-15,53,simule_distributions_ademe_2023
29336,G,B,appartement,1968,125.8,454.0,2021-07-15,53,simule_distributions_ademe_2023
56055,B,D,appartement,2002,48.4,65.0,2021-07-15,53,simule_distributions_ademe_2023
35051,E,B,immeuble,1969,32.1,432.0,2021-07-16,53,simule_distributions_ademe_2023
22346,F,F,maison,1931,65.0,431.0,2021-07-16,53,simule_distributions_ademe_2023
35350,E,F,appartement,1987,107.0,386.0,2021-07-16,53,simule_distributions_ademe_2023
35311,D,B,appartement,1990,45.7,242.0,2021-07-16,53,simule_distributions_ademe_2023
29102,F,F,maison,1920,54.4,587.0,2021-07-17,53,simule_distributions_ademe_2023
56205,E,D,immeuble,1984,50.0,575.0,2021-07-17,53,simule_distributions_ademe_2023
56227,G,E,immeuble,1935,145.6,368.0,2021-07-17,53,simule_distributions_ademe_2023
35065,B,E,appartement,2014,133.5,126.0,2021-07-17,53,simule_distributions_ademe_2023
35203,E,C,appartement,1989,24.0,643.0,2021-07-18,53,simule_distributions_ademe_2023
35207,D,D,appartement,1965,30.5,186.0,2021-07-18,53,simule_distributions_ademe_2023
29360,F,G,maison,1939,42.0,495.0,2021-07-18,53,simule_distributions_ademe_2023
56229,D,F,appartement,1982,44.4,263.0,2021-07-18,53,simule_distributions_ademe_2023
35214,E,D,appartement,1989,50.6,553.0,2021-07-19,53,simule_distributions_ademe_2023
29243,F,C,appartement,1926,37.6,483.0,2021-07-19,53,simule_distributions_ademe_2023
56164,A,G,appartement,1994,70.7,101.0,2021-07-19,53,simule_distributions_ademe_2023
35217,A,E,maison,1993,89.9,102.0,2021-07-19,53,simule_distributions_ademe_2023
35380,E,D,maison,1987,78.3,546.0,2021-07-20,53,simule_distributions_ademe_2023
29064,D,B,immeuble,1988,62.6,271.0,2021-07-20,53,simule_distributions_ademe_2023
56271,E,D,appartement,1967,150.3,380.0,2021-07-20,53,simule_distributions_ademe_2023
22038,F,F,maison,1941,102.3,369.0,2021-07-20,53,simule_distributions_ademe_2023
22017,G,E,maison,1934,49.4,529.0,2021-07-21,53,simule_distributions_ademe_2023
35024,D,C,appartement,1972,78.6,306.0,2021-07-21,53,simule_distributions_ademe_2023
35272,D,G,maison,1992,144.8,314.0,2021-07-21,53,simule_distributions_ademe_2023
35153,C,E,maison,1985,44.0,207.0,2021-07-21,53,simule_distributions_ademe_2023
35329,E,G,immeuble,1985,37.1,456.0,2021-07-22,53,simule_distributions_ademe_2023
56379,G,G,maison,1929,39.0,562.0,2021-07-22,53,simule_distributions_ademe_2023
29167,D,B,maison,1992,65.3,192.0,2021-07-22,53,simule_distributions_ademe_2023
22003,C,D,immeuble,1993,127.9,271.0,2021-07-23,53,simule_distributions_ademe_2023
29097,C,C,maison,2013,68.8,208.0,2021-07-23,53,simule_distributions_ademe_2023
35375,F,G,maison,1946,28.4,525.0,2021-07-23,53,simule_distributions_ademe_2023
56027,C,G,maison,2018,93.0,248.0,2021-07-23,53,simule_distributions_ademe_2023
29117,F,A,maison,1920,50.4,416.0,2021-07-24,53,simule_distributions_ademe_2023
35084,D,E,maison,1966,87.7,213.0,2021-07-24,53,simule_distributions_ademe_2023
56389,G,E,appartement,1974,67.9,364.0,2021-07-24,53,simule_distributions_ademe_2023
35232,G,D,appartement,1946,120.6,632.0,2021-07-24,53,simule_distributions_ademe_2023
56237,G,C,appartement,1956,94.9,434.0,2021-07-25,53,simule_distributions_ademe_2023
29288,G,F,maison,1920,32.1,632.0,2021-07-25,53,simule_distributions_ademe_2023
22258,C,F,maison,2015,36.8,304.0,2021-07-25,53,simule_distributions_ademe_2023
29284,G,C,maison,1940,172.2,449.0,2021-07-25,53,simule_distributions_ademe_2023
22246,D,E,appartement,1968,91.4,179.0,2021-07-26,53,simule_distributions_ademe_2023
35392,F,F,maison,1927,110.5,468.0,2021-07-26,53,simule_distributions_ademe_2023
29126,D,E,maison,1969,99.1,285.0,2021-07-26,53,simule_distributions_ademe_2023
35179,C,C,maison,2007,52.0,312.0,2021-07-26,53,simule_distributions_ademe_2023
29397,C,E,appartement,2015,89.1,181.0,2021-07-27,53,simule_distributions_ademe_2023
35095,E,B,maison,1988,93.9,383.0,2021-07-27,53,simule_distributions_ademe_2023
22150,E,E,maison,1975,50.5,650.0,2021-07-27,53,simule_distributions_ademe_2023
22065,C,G,appartement,2010,45.9,169.0,2021-07-27,53,simule_distributions_ademe_2023
22018,F,E,appartement,1954,82.0,637.0,2021-07-28,53,simule_distributions_ademe_2023
22259,E,E,appartement,1967,137.8,640.0,2021-07-28,53,simule_distributions_ademe_2023
29253,F,G,maison,1928,53.7,504.0,2021-07-28,53,simule_distributions_ademe_2023
29373,G,D,maison,1934,82.5,458.0,2021-07-28,53,simule_distributions_ademe_2023
56357,F,F,maison,1954,64.4,551.0,2021-07-29,53,simule_distributions_ademe_2023
22256,G,B,maison,1970,64.0,621.0,2021-07-29,53,simule_distributions_ademe_2023
35140,F,E,appartement,1974,64.9,546.0,2021-07-29,53,simule_distributions_ademe_2023
22380,C,E,maison,2001,58.4,289.0,2021-07-29,53,simule_distributions_ademe_2023
22279,D,G,maison,1976,48.6,230.0,2021-07-30,53,simule_distributions_ademe_2023
22010,G,C,maison,1945,112.7,407.0,2021-07-30,53,simule_distributions_ademe_2023
29047,C,F,maison,2006,46.8,295.0,2021-07-30,53,simule_distributions_ademe_2023
29330,E,E,appartement,1985,44.1,573.0,2021-07-30,53,simule_distributions_ademe_2023
29201,F,F,maison,1971,72.3,510.0,2021-07-31,53,simule_distributions_ademe_2023
29366,E,G,appartement,1988,50.0,627.0,2021-07-31,53,simule_distributions_ademe_2023
22007,B,D,appartement,2003,43.1,78.0,2021-07-31,53,simule_distributions_ademe_2023
29185,F,A,maison,1922,31.5,486.0,2021-07-31,53,simule_distributions_ademe_2023
29233,D,E,maison,1966,38.9,232.0,2021-08-01,53,simule_distributions_ademe_2023
56163,D,E,immeuble,1969,124.7,292.0,2021-08-01,53,simule_distributions_ademe_2023
35114,B,G,maison,1994,80.2,133.0,2021-08-01,53,simule_distributions_ademe_2023
29132,G,F,maison,1928,39.1,567.0,2021-08-01,53,simule_distributions_ademe_2023
29032,B,E,maison,1986,60.3,57.0,2021-08-02,53,simule_distributions_ademe_2023
35072,B,C,maison,1997,182.9,142.0,2021-08-02,53,simule_distributions_ademe_2023
56335,B,G,appartement,2010,32.8,54.0,2021-08-02,53,simule_distributions_ademe_2023
56089,C,F,appartement,2009,109.4,241.0,2021-08-03,53,simule_distributions_ademe_2023
22104,E,G,maison,1983,18.0,376.0,2021-08-03,53,simule_distributions_ademe_2023
56250,C,D,maison,1998,40.6,163.0,2021-08-03,53,simule_distributions_ademe_2023
22259,F,B,immeuble,1938,25.2,452.0,2021-08-03,53,simule_distributions_ademe_2023
22013,D,C,maison,1972,31.1,261.0,2021-08-04,53,simule_distributions_ademe_2023
29330,D,E,maison,1968,127.5,170.0,2021-08-04,53,simule_distributions_ademe_2023
22351,F,G,appartement,1948,143.6,479.0,2021-08-04,53,simule_distributions_ademe_2023
35182,F,F,appartement,1969,46.0,362.0,2021-08-04,53,simule_distributions_ademe_2023
22057,C,D,appartement,2019,40.4,294.0,2021-08-05,53,simule_distributions_ademe_2023
29212,F,D,appartement,1932,78.1,383.0,2021-08-05,53,simule_distributions_ademe_2023
35197,D,F,maison,1965,157.6,298.0,2021-08-05,53,simule_distributions_ademe_2023
22245,C,C,appartement,2012,50.2,285.0,2021-08-05,53,simule_distributions_ademe_2023
22311,D,G,maison,1985,73.7,330.0,2021-08-06,53,simule_distributions_ademe_2023
35238,C,D,maison,1990,80.8,236.0,2021-08-06,53,simule_distributions_ademe_2023
22036,D,A,immeuble,1972,27.9,159.0,2021-08-06,53,simule_distributions_ademe_2023
35129,F,F,maison,1966,186.7,616.0,2021-08-06,53,simule_distributions_ademe_2023
56002,D,F,immeuble,1977,175.4,163.0,2021-08-07,53,simule_distributions_ademe_2023
56153,G,E,immeuble,1973,105.3,672.0,2021-08-07,53,simule_distributions_ademe_2023
35199,E,B,maison,1981,95.0,336.0,2021-08-07,53,simule_distributions_ademe_2023
22348,E,E,maison,1979,37.8,684.0,2021-08-07,53,simule_distributions_ademe_2023
56326,F,D,appartement,1925,99.4,511.0,2021-08-08,53,simule_distributions_ademe_2023
29064,D,G,maison,1974,56.3,168.0,2021-08-08,53,simule_distributions_ademe_2023
22263,C,F,appartement,1998,48.7,283.0,2021-08-08,53,simule_distributions_ademe_2023
22057,F,G,maison,1921,60.9,683.0,2021-08-08,53,simule_distributions_ademe_2023
35249,D,F,maison,1974,55.8,193.0,2021-08-09,53,simule_distributions_ademe_2023
35217,D,F,maison,1991,87.8,216.0,2021-08-09,53,simule_distributions_ademe_2023
22371,D,F,maison,1980,84.5,312.0,2021-08-09,53,simule_distributions_ademe_2023
35271,G,E,maison,1945,63.0,517.0,2021-08-09,53,simule_distributions_ademe_2023
35002,B,B,appartement,2002,18.0,53.0,2021-08-10,53,simule_distributions_ademe_2023
22316,G,G,maison,1955,37.0,551.0,2021-08-10,53,simule_distributions_ademe_2023
56392,E,F,maison,1966,147.7,512.0,2021-08-10,53,simule_distributions_ademe_2023
56001,E,D,maison,1987,67.6,621.0,2021-08-10,53,simule_distributions_ademe_2023
29078,D,C,appartement,1975,64.1,212.0,2021-08-11,53,simule_distributions_ademe_2023
56254,G,C,maison,1948,99.6,595.0,2021-08-11,53,simule_distributions_ademe_2023
29297,F,E,appartement,1967,53.6,446.0,2021-08-11,53,simule_distributions_ademe_2023
56382,F,E,appartement,1950,76.3,679.0,2021-08-11,53,simule_distributions_ademe_2023
35243,D,D,maison,1983,51.2,304.0,2021-08-12,53,simule_distributions_ademe_2023
29048,D,E,maison,1985,95.3,208.0,2021-08-12,53,simule_distributions_ademe_2023
35124,C,E,appartement,2003,151.3,197.0,2021-08-12,53,simule_distributions_ademe_2023
35327,F,G,appartement,1941,24.0,491.0,2021-08-12,53,simule_distributions_ademe_2023
56201,G,E,appartement,1956,42.7,381.0,2021-08-13,53,simule_distributions_ademe_2023
22285,E,F,maison,1968,116.8,575.0,2021-08-13,53,simule_distributions_ademe_2023
35082,C,D,maison,1998,64.0,165.0,2021-08-13,53,simule_distributions_ademe_2023
35013,F,D,maison,1947,38.1,628.0,2021-08-14,53,simule_distributions_ademe_2023
29250,A,C,maison,1990,48.3,148.0,2021-08-14,53,simule_distributions_ademe_2023
22335,G,E,maison,1934,37.7,463.0,2021-08-14,53,simule_distributions_ademe_2023
29096,D,D,maison,1984,49.0,195.0,2021-08-14,53,simule_distributions_ademe_2023
22109,F,F,maison,1933,35.4,690.0,2021-08-15,53,simule_distributions_ademe_2023
22278,C,E,maison,1991,40.1,292.0,2021-08-15,53,simule_distributions_ademe_2023
22135,D,A,maison,1968,63.5,326.0,2021-08-15,53,simule_distributions_ademe_2023
29260,C,G,maison,1997,36.8,267.0,2021-08-15,53,simule_distributions_ademe_2023
35215,E,B,immeuble,1965,37.0,507.0,2021-08-16,53,simule_distributions_ademe_2023
22159,D,E,appartement,1979,58.8,154.0,2021-08-16,53,simule_distributions_ademe_2023
56050,A,E,appartement,1985,65.3,127.0,2021-08-16,53,simule_distributions_ademe_2023
22081,E,E,appartement,1982,97.0,583.0,2021-08-16,53,simule_distributions_ademe_2023
56387,F,E,maison,1938,33.3,693.0,2021-08-17,53,simule_distributions_ademe_2023
56068,F,G,appartement,1938,28.9,343.0,2021-08-17,53,simule_distributions_ademe_2023
56096,G,D,appartement,1935,65.1,598.0,2021-08-17,53,simule_distributions_ademe_2023
29032,D,C,appartement,1967,27.6,181.0,2021-08-17,53,simule_distributions_ademe_2023
29350,C,D,appartement,1987,34.0,161.0,2021-08-18,53,simule_distributions_ademe_2023
29051,F,D,maison,1953,48.7,332.0,2021-08-18,53,simule_distributions_ademe_2023
35073,E,D,maison,1976,35.5,419.0,2021-08-18,53,simule_distributions_ademe_2023
22166,E,E,maison,1969,70.3,651.0,2021-08-18,53,simule_distributions_ademe_2023
29189,D,C,maison,1971,29.2,161.0,2021-08-19,53,simule_distributions_ademe_2023
56064,E,E,appartement,1983,35.1,629.0,2021-08-19,53,simule_distributions_ademe_2023
29208,E,C,maison,1967,59.6,390.0,2021-08-19,53,simule_distributions_ademe_2023
29045,D,G,appartement,1992,70.5,315.0,2021-08-19,53,simule_distributions_ademe_2023
56374,D,B,appartement,1994,48.9,198.0,2021-08-20,53,simule_distributions_ademe_2023
29321,D,G,appartement,1975,63.3,205.0,2021-08-20,53,simule_distributions_ademe_2023
56060,E,G,maison,1989,54.9,359.0,2021-08-20,53,simule_distributions_ademe_2023
35101,E,D,maison,1972,71.9,411.0,2021-08-20,53,simule_distributions_ademe_2023
56371,D,E,maison,1989,94.0,205.0,2021-08-21,53,simule_distributions_ademe_2023
22096,E,F,maison,1989,42.3,599.0,2021-08-21,53,simule_distributions_ademe_2023
56164,F,F,maison,1931,102.9,658.0,2021-08-21,53,simule_distributions_ademe_2023
29013,G,C,maison,1964,100.9,352.0,2021-08-21,53,simule_distributions_ademe_2023
35218,G,F,maison,1959,172.0,342.0,2021-08-22,53,simule_distributions_ademe_2023
56205,E,A,appartement,1976,71.7,459.0,2021-08-22,53,simule_distributions_ademe_2023
35104,E,B,maison,1990,95.7,408.0,2021-08-22,53,simule_distributions_ademe_2023
22059,D,E,appartement,1970,39.0,254.0,2021-08-22,53,simule_distributions_ademe_2023
29065,F,D,maison,1945,65.6,622.0,2021-08-23,53,simule_distributions_ademe_2023
35386,C,E,appartement,2014,47.2,290.0,2021-08-23,53,simule_distributions_ademe_2023
22391,D,D,appartement,1972,69.9,158.0,2021-08-23,53,simule_distributions_ademe_2023
29101,G,F,maison,1924,72.4,644.0,2021-08-23,53,simule_distributions_ademe_2023
29024,F,E,maison,1944,107.7,524.0,2021-08-24,53,simule_distributions_ademe_2023
56095,C,F,appartement,1985,29.6,244.0,2021-08-24,53,simule_distributions_ademe_2023
56237,F,C,maison,1954,92.1,473.0,2021-08-24,53,simule_distributions_ademe_2023
29231,D,E,maison,1980,33.8,268.0,2021-08-25,53,simule_distributions_ademe_2023
35215,C,F,maison,1985,29.0,324.0,2021-08-25,53,simule_distributions_ademe_2023
29061,D,E,immeuble,1980,76.2,180.0,2021-08-25,53,simule_distributions_ademe_2023
29206,G,D,appartement,1955,63.5,422.0,2021-08-25,53,simule_distributions_ademe_2023
56094,G,A,appartement,1974,22.9,560.0,2021-08-26,53,simule_distributions_ademe_2023
22127,D,F,appartement,1974,58.9,293.0,2021-08-26,53,simule_distributions_ademe_2023
29011,F,E,maison,1943,21.3,487.0,2021-08-26,53,simule_distributions_ademe_2023
35319,D,F,maison,1978,72.4,284.0,2021-08-26,53,simule_distributions_ademe_2023
35196,C,F,maison,1989,53.1,198.0,2021-08-27,53,simule_distributions_ademe_2023
56333,C,G,appartement,1995,41.0,280.0,2021-08-27,53,simule_distributions_ademe_2023
56169,E,A,appartement,1965,110.3,530.0,2021-08-27,53,simule_distributions_ademe_2023
56329,E,E,maison,1978,54.9,541.0,2021-08-27,53,simule_distributions_ademe_2023
35116,B,D,maison,2018,38.0,127.0,2021-08-28,53,simule_distributions_ademe_2023
22116,E,G,appartement,1988,68.1,532.0,2021-08-28,53,simule_distributions_ademe_2023
56398,B,D,appartement,2006,101.3,97.0,2021-08-28,53,simule_distributions_ademe_2023
22256,F,B,maison,1931,105.4,359.0,2021-08-28,53,simule_distributions_ademe_2023
35135,D,F,maison,1970,47.9,296.0,2021-08-29,53,simule_distributions_ademe_2023
22063,E,F,appartement,1968,132.9,522.0,2021-08-29,53,simule_distributions_ademe_2023
35262,F,F,appartement,1942,56.0,685.0,2021-08-29,53,simule_distributions_ademe_2023
29024,E,C,appartement,1973,104.5,602.0,2021-08-29,53,simule_distributions_ademe_2023
22027,E,D,maison,1988,67.1,645.0,2021-08-30,53,simule_distributions_ademe_2023
22164,D,D,maison,1972,86.2,325.0,2021-08-30,53,simule_distributions_ademe_2023
29057,C,D,appartement,2012,133.1,258.0,2021-08-30,53,simule_distributions_ademe_2023
29375,D,C,appartement,1965,142.1,229.0,2021-08-30,53,simule_distributions_ademe_2023
29182,E,D,appartement,1977,60.9,367.0,2021-08-31,53,simule_distributions_ademe_2023
56043,D,C,maison,1993,45.1,206.0,2021-08-31,53,simule_distributions_ademe_2023
35180,D,G,appartement,1978,64.6,289.0,2021-08-31,53,simule_distributions_ademe_2023
56103,E,D,appartement,1968,54.1,531.0,2021-08-31,53,simule_distributions_ademe_2023
22051,G,C,appartement,1971,65.6,648.0,2021-09-01,53,simule_distributions_ademe_2023
29259,F,E,maison,1949,39.5,530.0,2021-09-01,53,simule_distributions_ademe_2023
56360,F,E,maison,1930,69.6,474.0,2021-09-01,53,simule_distributions_ademe_2023
35044,C,D,appartement,1996,39.1,325.0,2021-09-01,53,simule_distributions_ademe_2023
29104,G,D,appartement,1972,49.6,424.0,2021-09-02,53,simule_distributions_ademe_2023
56005,F,D,appartement,1974,65.3,615.0,2021-09-02,53,simule_distributions_ademe_2023
35121,D,A,appartement,1972,48.3,162.0,2021-09-02,53,simule_distributions_ademe_2023
29220,E,E,maison,1977,38.8,440.0,2021-09-02,53,simule_distributions_ademe_2023
56068,E,D,immeuble,1973,59.4,440.0,2021-09-03,53,simule_distributions_ademe_2023
56018,D,E,appartement,1994,58.3,161.0,2021-09-03,53,simule_distributions_ademe_2023
29396,A,D,maison,1995,60.4,100.0,2021-09-03,53,simule_distributions_ademe_2023
56090,C,D,appartement,1989,66.6,283.0,2021-09-03,53,simule_distributions_ademe_2023
56263,C,F,appartement,2004,80.1,295.0,2021-09-04,53,simule_distributions_ademe_2023
56272,E,F,appartement,1970,100.3,642.0,2021-09-04,53,simule_distributions_ademe_2023
29313,G,E,maison,1962,74.7,565.0,2021-09-04,53,simule_distributions_ademe_2023
56129,C,D,immeuble,1999,26.0,189.0,2021-09-05,53,simule_distributions_ademe_2023
22247,B,E,maison,1999,73.3,100.0,2021-09-05,53,simule_distributions_ademe_2023
22187,E,B,maison,1965,28.5,564.0,2021-09-05,53,simule_distributions_ademe_2023
29264,D,G,appartement,1966,53.0,193.0,2021-09-05,53,simule_distributions_ademe_2023
22352,D,G,maison,1985,115.6,164.0,2021-09-06,53,simule_distributions_ademe_2023
29247,D,E,appartement,1978,62.2,325.0,2021-09-06,53,simule_distributions_ademe_2023
56392,B,F,appartement,1988,62.5,61.0,2021-09-06,53,simule_distributions_ademe_2023
22135,F,D,appartement,1971,33.3,445.0,2021-09-06,53,simule_distributions_ademe_2023
29082,D,E,appartement,1991,69.5,266.0,2021-09-07,53,simule_distributions_ademe_2023
56384,D,E,appartement,1965,23.5,157.0,2021-09-07,53,simule_distributions_ademe_2023
29014,C,D,maison,1992,48.5,272.0,2021-09-07,53,simule_distributions_ademe_2023
22297,E,B,maison,1966,47.0,618.0,2021-09-07,53,simule_distributions_ademe_2023
29024,D,F,appartement,1987,41.9,285.0,2021-09-08,53,simule_distributions_ademe_2023
22187,F,G,appartement,1929,39.1,446.0,2021-09-08,53,simule_distributions_ademe_2023
29025,D,D,immeuble,1985,72.6,183.0,2021-09-08,53,simule_distributions_ademe_2023
22181,F,D,maison,1927,34.3,520.0,2021-09-08,53,simule_distributions_ademe_2023
35206,E,E,maison,1976,61.2,527.0,2021-09-09,53,simule_distributions_ademe_2023
35381,D,C,appartement,1968,93.7,194.0,2021-09-09,53,simule_distributions_ademe_2023
22138,F,E,maison,1937,50.1,604.0,2021-09-09,53,simule_distributions_ademe_2023
29017,F,D,appartement,1972,40.2,511.0,2021-09-09,53,simule_distributions_ademe_2023
35223,F,D,appartement,1932,120.8,594.0,2021-09-10,53,simule_distributions_ademe_2023
35041,E,D,maison,1965,71.8,677.0,2021-09-10,53,simule_distributions_ademe_2023
35166,D,D,maison,1990,111.7,295.0,2021-09-10,53,simule_distributions_ademe_2023
35069,G,E,appartement,1939,99.4,516.0,2021-09-10,53,simule_distributions_ademe_2023
56376,E,F,appartement,1979,40.2,517.0,2021-09-11,53,simule_distributions_ademe_2023
56265,A,G,immeuble,1991,210.0,77.0,2021-09-11,53,simule_distributions_ademe_2023
22023,E,D,appartement,1988,97.8,607.0,2021-09-11,53,simule_distributions_ademe_2023
56175,D,F,maison,1986,35.3,293.0,2021-09-11,53,simule_distributions_ademe_2023
35122,C,B,appartement,2011,102.2,321.0,2021-09-12,53,simule_distributions_ademe_2023
56290,C,F,maison,1999,58.1,245.0,2021-09-12,53,simule_distributions_ademe_2023
35391,D,C,appartement,1989,52.2,217.0,2021-09-12,53,simule_distributions_ademe_2023
35031,G,E,appartement,1925,47.5,458.0,2021-09-12,53,simule_distributions_ademe_2023
56330,G,F,maison,1927,77.7,388.0,2021-09-13,53,simule_distributions_ademe_2023
29028,E,E,appartement,1977,87.3,370.0,2021-09-13,53,simule_distributions_ademe_2023
22279,G,E,appartement,1958,105.9,579.0,2021-09-13,53,simule_distributions_ademe_2023
35137,D,G,maison,1976,82.0,194.0,2021-09-13,53,simule_distributions_ademe_2023
35027,G,F,maison,1922,150.5,581.0,2021-09-14,53,simule_distributions_ademe_2023
56229,E,E,appartement,1971,78.2,692.0,2021-09-14,53,simule_distributions_ademe_2023
22324,C,G,maison,2000,62.3,264.0,2021-09-14,53,simule_distributions_ademe_2023
35217,G,D,appartement,1944,58.3,700.0,2021-09-14,53,simule_distributions_ademe_2023
35024,G,B,appartement,1932,72.3,480.0,2021-09-15,53,simule_distributions_ademe_2023
22167,C,A,maison,2012,52.6,266.0,2021-09-15,53,simule_distributions_ademe_2023
22146,G,B,maison,1926,118.1,685.0,2021-09-15,53,simule_distributions_ademe_2023
29238,E,F,maison,1993,82.4,594.0,2021-09-16,53,simule_distributions_ademe_2023
29219,C,F,maison,2007,125.1,231.0,2021-09-16,53,simule_distributions_ademe_2023
22126,D,E,appartement,1992,26.7,185.0,2021-09-16,53,simule_distributions_ademe_2023
35017,G,E,maison,1973,104.4,531.0,2021-09-16,53,simule_distributions_ademe_2023
29281,D,E,maison,1992,54.3,187.0,2021-09-17,53,simule_distributions_ademe_2023
29340,F,C,maison,1948,38.6,600.0,2021-09-17,53,simule_distributions_ademe_2023
22158,G,F,maison,1967,82.8,666.0,2021-09-17,53,simule_distributions_ademe_2023
22307,D,E,maison,1965,90.4,313.0,2021-09-17,53,simule_distributions_ademe_2023
35307,E,F,appartement,1970,57.7,488.0,2021-09-18,53,simule_distributions_ademe_2023
22174,E,C,appartement,1985,62.8,649.0,2021-09-18,53,simule_distributions_ademe_2023
29171,E,E,maison,1990,33.1,676.0,2021-09-18,53,simule_distributions_ademe_2023
56357,F,F,appartement,1952,138.2,483.0,2021-09-18,53,simule_distributions_ademe_2023
56024,D,G,appartement,1986,61.0,159.0,2021-09-19,53,simule_distributions_ademe_2023
56082,D,C,maison,1978,39.8,207.0,2021-09-19,53,simule_distributions_ademe_2023
22174,D,D,appartement,1989,40.4,252.0,2021-09-19,53,simule_distributions_ademe_2023
56094,C,G,appartement,2010,84.5,325.0,2021-09-19,53,simule_distributions_ademe_2023
29061,E,C,maison,1967,52.8,589.0,2021-09-20,53,simule_distributions_ademe_2023
56244,F,D,appartement,1947,34.2,556.0,2021-09-20,53,simule_distributions_ademe_2023
29022,E,G,appartement,1977,74.2,446.0,2021-09-20,53,simule_distributions_ademe_2023
22168,D,D,immeuble,1984,63.6,232.0,2021-09-20,53,simule_distributions_ademe_2023
22312,F,B,maison,1955,47.5,374.0,2021-09-21,53,simule_distributions_ademe_2023
35203,C,D,immeuble,1993,48.6,254.0,2021-09-21,53,simule_distributions_ademe_2023
22046,C,F,maison,2000,81.4,232.0,2021-09-21,53,simule_distributions_ademe_2023
56063,B,F,maison,1995,43.8,141.0,2021-09-21,53,simule_distributions_ademe_2023
35390,F,G,maison,1926,66.1,538.0,2021-09-22,53,simule_distributions_ademe_2023
29221,G,B,maison,1938,71.6,382.0,2021-09-22,53,simule_distributions_ademe_2023
29152,E,D,appartement,1994,160.0,612.0,2021-09-22,53,simule_distributions_ademe_2023
22207,A,E,appartement,2003,49.4,92.0,2021-09-22,53,simule_distributions_ademe_2023
35019,B,D,maison,2006,122.6,70.0,2021-09-23,53,simule_distributions_ademe_2023
56357,E,E,appartement,1978,108.5,598.0,2021-09-23,53,simule_distributions_ademe_2023
35119,E,E,appartement,1990,58.8,475.0,2021-09-23,53,simule_distributions_ademe_2023
22369,G,E,maison,1939,121.6,631.0,2021-09-23,53,simule_distributions_ademe_2023
35175,G,G,maison,1968,78.9,498.0,2021-09-24,53,simule_distributions_ademe_2023
56129,E,F,maison,1974,43.3,665.0,2021-09-24,53,simule_distributions_ademe_2023
29271,C,B,appartement,2015,36.1,244.0,2021-09-24,53,simule_distributions_ademe_2023
35190,A,D,maison,1990,86.9,54.0,2021-09-24,53,simule_distributions_ademe_2023
29187,D,C,maison,1992,97.8,285.0,2021-09-25,53,simule_distributions_ademe_2023
56376,F,C,maison,1958,33.3,614.0,2021-09-25,53,simule_distributions_ademe_2023
56251,C,F,appartement,1997,22.2,325.0,2021-09-25,53,simule_distributions_ademe_2023
56112,A,C,appartement,2002,69.2,70.0,2021-09-25,53,simule_distributions_ademe_2023
22340,F,B,maison,1921,67.2,640.0,2021-09-26,53,simule_distributions_ademe_2023
29382,D,F,maison,1973,36.5,180.0,2021-09-26,53,simule_distributions_ademe_2023
35315,C,G,maison,1999,71.0,307.0,2021-09-26,53,simule_distributions_ademe_2023
29320,D,F,appartement,1989,166.2,235.0,2021-09-27,53,simule_distributions_ademe_2023
22003,F,E,maison,1972,90.8,510.0,2021-09-27,53,simule_distributions_ademe_2023
29218,F,G,appartement,1949,43.0,535.0,2021-09-27,53,simule_distributions_ademe_2023
56385,D,A,appartement,1980,154.5,275.0,2021-09-27,53,simule_distributions_ademe_2023
35151,E,F,maison,1985,28.8,401.0,2021-09-28,53,simule_distributions_ademe_2023
35149,A,D,appartement,1997,158.0,67.0,2021-09-28,53,simule_distributions_ademe_2023
29253,F,B,maison,1970,147.2,486.0,2021-09-28,53,simule_distributions_ademe_2023
29144,D,D,maison,1972,40.2,321.0,2021-09-28,53,simule_distributions_ademe_2023
22060,F,D,appartement,1971,68.3,466.0,2021-09-29,53,simule_distributions_ademe_2023
29151,F,G,maison,1925,62.1,675.0,2021-09-29,53,simule_distributions_ademe_2023
22081,G,F,maison,1950,41.1,624.0,2021-09-29,53,simule_distributions_ademe_2023
35115,E,G,appartement,1977,83.0,456.0,2021-09-29,53,simule_distributions_ademe_2023
35096,D,E,appartement,1979,55.5,230.0,2021-09-30,53,simule_distributions_ademe_2023
22138,C,E,maison,2004,167.3,232.0,2021-09-30,53,simule_distributions_ademe_2023
35209,E,D,maison,1987,42.7,382.0,2021-09-30,53,simule_distributions_ademe_2023
22075,D,A,maison,1972,33.7,294.0,2021-09-30,53,simule_distributions_ademe_2023
56270,D,F,immeuble,1982,92.9,183.0,2021-10-01,53,simule_distributions_ademe_2023
29339,E,E,maison,1976,46.3,367.0,2021-10-01,53,simule_distributions_ademe_2023
22219,G,F,maison,1957,179.4,508.0,2021-10-01,53,simule_distributions_ademe_2023
29124,E,F,maison,1970,107.2,410.0,2021-10-01,53,simule_distributions_ademe_2023
29143,F,D,appartement,1930,119.6,552.0,2021-10-02,53,simule_distributions_ademe_2023
22170,G,D,appartement,1962,65.3,389.0,2021-10-02,53,simule_distributions_ademe_2023
29302,D,D,maison,1984,34.4,277.0,2021-10-02,53,simule_distributions_ademe_2023
22338,C,G,maison,2008,98.3,236.0,2021-10-02,53,simule_distributions_ademe_2023
35111,E,E,maison,1991,101.0,464.0,2021-10-03,53,simule_distributions_ademe_2023
22337,E,F,appartement,1991,173.6,332.0,2021-10-03,53,simule_distributions_ademe_2023
56368,B,C,maison,2015,100.7,102.0,2021-10-03,53,simule_distributions_ademe_2023
22273,D,F,maison,1994,32.2,162.0,2021-10-03,53,simule_distributions_ademe_2023
22057,D,E,maison,1971,62.1,183.0,2021-10-04,53,simule_distributions_ademe_2023
22369,F,E,appartement,1930,118.7,539.0,2021-10-04,53,simule_distributions_ademe_2023
22075,C,C,maison,1992,43.0,157.0,2021-10-04,53,simule_distributions_ademe_2023
29234,F,D,maison,1964,94.5,690.0,2021-10-04,53,simule_distributions_ademe_2023
22138,F,E,immeuble,1965,31.1,570.0,2021-10-05,53,simule_distributions_ademe_2023
56151,D,F,appartement,1993,61.5,322.0,2021-10-05,53,simule_distributions_ademe_2023
29331,G,E,maison,1943,56.9,601.0,2021-10-05,53,simule_distributions_ademe_2023
29095,E,C,maison,1980,36.7,685.0,2021-10-05,53,simule_distributions_ademe_2023
35310,E,D,immeuble,1991,104.7,479.0,2021-10-06,53,simule_distributions_ademe_2023
29025,C,D,maison,2006,73.6,323.0,2021-10-06,53,simule_distributions_ademe_2023
29286,E,G,appartement,1972,78.4,554.0,2021-10-06,53,simule_distributions_ademe_2023
29205,A,F,appartement,1991,33.0,122.0,2021-10-06,53,simule_distributions_ademe_2023
22039,D,F,appartement,1992,111.7,301.0,2021-10-07,53,simule_distributions_ademe_2023
29295,F,D,maison,1973,64.5,375.0,2021-10-07,53,simule_distributions_ademe_2023
35010,E,D,appartement,1980,76.3,543.0,2021-10-07,53,simule_distributions_ademe_2023
22026,F,A,maison,1920,50.0,682.0,2021-10-08,53,simule_distributions_ademe_2023
56201,D,D,appartement,1966,45.7,260.0,2021-10-08,53,simule_distributions_ademe_2023
22171,E,B,maison,1987,65.2,547.0,2021-10-08,53,simule_distributions_ademe_2023
35175,F,E,appartement,1954,98.2,408.0,2021-10-08,53,simule_distributions_ademe_2023
29286,D,D,maison,1986,47.3,291.0,2021-10-09,53,simule_distributions_ademe_2023
29109,C,D,maison,2012,80.1,226.0,2021-10-09,53,simule_distributions_ademe_2023
56066,C,F,maison,1992,69.2,153.0,2021-10-09,53,simule_distributions_ademe_2023
35375,E,C,appartement,1985,126.3,691.0,2021-10-09,53,simule_distributions_ademe_2023
56250,F,G,appartement,1952,133.1,457.0,2021-10-10,53,simule_distributions_ademe_2023
22292,F,D,appartement,1952,56.6,556.0,2021-10-10,53,simule_distributions_ademe_2023
22147,G,E,maison,1952,39.9,487.0,2021-10-10,53,simule_distributions_ademe_2023
22217,D,F,maison,1985,106.7,262.0,2021-10-10,53,simule_distributions_ademe_2023
22085,F,D,maison,1971,113.8,484.0,2021-10-11,53,simule_distributions_ademe_2023
22377,D,D,maison,1969,74.8,223.0,2021-10-11,53,simule_distributions_ademe_2023
22300,D,E,maison,1985,86.3,244.0,2021-10-11,53,simule_distributions_ademe_2023
29051,C,E,immeuble,2007,39.8,216.0,2021-10-11,53,simule_distributions_ademe_2023
35211,F,C,maison,1927,86.4,334.0,2021-10-12,53,simule_distributions_ademe_2023
56291,F,E,maison,1973,44.7,668.0,2021-10-12,53,simule_distributions_ademe_2023
29392,E,E,maison,1989,83.2,482.0,2021-10-12,53,simule_distributions_ademe_2023
35179,D,B,appartement,1983,83.8,296.0,2021-10-12,53,simule_distributions_ademe_2023
35027,D,D,maison,1983,46.0,170.0,2021-10-13,53,simule_distributions_ademe_2023
56054,E,D,appartement,1984,78.5,352.0,2021-10-13,53,simule_distributions_ademe_2023
29147,D,F,appartement,1972,97.7,259.0,2021-10-13,53,simule_distributions_ademe_2023
56063,A,D,appartement,1995,64.7,69.0,2021-10-13,53,simule_distributions_ademe_2023
22152,D,E,appartement,1970,117.7,292.0,2021-10-14,53,simule_distributions_ademe_2023
56252,B,D,maison,1995,93.6,147.0,2021-10-14,53,simule_distributions_ademe_2023
35228,G,E,maison,1956,88.4,580.0,2021-10-14,53,simule_distributions_ademe_2023
22151,G,F,maison,1950,40.6,488.0,2021-10-14,53,simule_distributions_ademe_2023
35233,F,G,appartement,1947,60.4,501.0,2021-10-15,53,simule_distributions_ademe_2023
56221,E,E,appartement,1992,109.5,500.0,2021-10-15,53,simule_distributions_ademe_2023
56207,F,E,appartement,1920,73.7,375.0,2021-10-15,53,simule_distributions_ademe_2023
35073,E,G,appartement,1968,71.1,452.0,2021-10-15,53,simule_distributions_ademe_2023
35155,C,D,appartement,2017,101.3,191.0,2021-10-16,53,simule_distributions_ademe_2023
22376,F,D,immeuble,1924,80.6,595.0,2021-10-16,53,simule_distributions_ademe_2023
35175,E,F,maison,1994,79.1,483.0,2021-10-16,53,simule_distributions_ademe_2023
35055,G,E,maison,1969,82.9,619.0,2021-10-16,53,simule_distributions_ademe_2023
56360,D,B,maison,1994,156.0,191.0,2021-10-17,53,simule_distributions_ademe_2023
29057,C,D,maison,2010,60.3,264.0,2021-10-17,53,simule_distributions_ademe_2023
35311,F,D,maison,1922,52.8,364.0,2021-10-17,53,simule_distributions_ademe_2023
22055,G,C,maison,1955,67.3,556.0,2021-10-17,53,simule_distributions_ademe_2023
22370,G,C,maison,1956,37.1,695.0,2021-10-18,53,simule_distributions_ademe_2023
22336,D,B,maison,1965,89.4,288.0,2021-10-18,53,simule_distributions_ademe_2023
35044,C,D,maison,2009,75.5,183.0,2021-10-18,53,simule_distributions_ademe_2023
56065,E,G,maison,1970,35.3,541.0,2021-10-19,53,simule_distributions_ademe_2023
22392,E,E,maison,1975,54.3,457.0,2021-10-19,53,simule_distributions_ademe_2023
35245,F,A,appartement,1950,86.3,459.0,2021-10-19,53,simule_distributions_ademe_2023
35368,F,F,appartement,1959,59.0,614.0,2021-10-19,53,simule_distributions_ademe_2023
22359,F,D,maison,1925,70.9,334.0,2021-10-20,53,simule_distributions_ademe_2023
35136,E,D,maison,1978,53.5,473.0,2021-10-20,53,simule_distributions_ademe_2023
29092,D,F,maison,1992,153.6,285.0,2021-10-20,53,simule_distributions_ademe_2023
56295,F,F,maison,1947,46.9,361.0,2021-10-20,53,simule_distributions_ademe_2023
56194,D,E,maison,1980,82.0,213.0,2021-10-21,53,simule_distributions_ademe_2023
35340,G,F,appartement,1968,40.8,668.0,2021-10-21,53,simule_distributions_ademe_2023
29223,D,F,maison,1987,58.1,238.0,2021-10-21,53,simule_distributions_ademe_2023
35242,D,G,maison,1979,77.2,188.0,2021-10-21,53,simule_distributions_ademe_2023
35364,C,D,appartement,1993,87.6,233.0,2021-10-22,53,simule_distributions_ademe_2023
22046,G,E,maison,1936,67.6,494.0,2021-10-22,53,simule_distributions_ademe_2023
29273,D,A,appartement,1987,124.1,309.0,2021-10-22,53,simule_distributions_ademe_2023
35222,F,C,appartement,1926,50.7,653.0,2021-10-22,53,simule_distributions_ademe_2023
56222,B,F,maison,1998,111.2,120.0,2021-10-23,53,simule_distributions_ademe_2023
29130,D,G,maison,1988,95.5,215.0,2021-10-23,53,simule_distributions_ademe_2023
56234,D,E,maison,1968,61.0,233.0,2021-10-23,53,simule_distributions_ademe_2023
22250,F,G,appartement,1925,38.1,696.0,2021-10-23,53,simule_distributions_ademe_2023
56111,F,C,maison,1965,87.5,582.0,2021-10-24,53,simule_distributions_ademe_2023
29351,F,G,appartement,1941,123.5,386.0,2021-10-24,53,simule_distributions_ademe_2023
29295,D,F,maison,1991,91.9,304.0,2021-10-24,53,simule_distributions_ademe_2023
35276,D,E,appartement,1988,64.1,290.0,2021-10-24,53,simule_distributions_ademe_2023
29386,E,D,maison,1991,48.5,552.0,2021-10-25,53,simule_distributions_ademe_2023
35161,A,C,immeuble,2013,65.2,75.0,2021-10-25,53,simule_distributions_ademe_2023
29247,G,F,appartement,1951,120.6,536.0,2021-10-25,53,simule_distributions_ademe_2023
29184,E,B,maison,1986,64.0,614.0,2021-10-25,53,simule_distributions_ademe_2023
56115,F,D,maison,1966,45.2,352.0,2021-10-26,53,simule_distributions_ademe_2023
35114,E,E,maison,1988,128.6,500.0,2021-10-26,53,simule_distributions_ademe_2023
35025,E,D,appartement,1966,169.6,620.0,2021-10-26,53,simule_distributions_ademe_2023
35270,B,F,maison,2019,53.7,110.0,2021-10-26,53,simule_distributions_ademe_2023
35306,E,D,maison,1986,36.9,442.0,2021-10-27,53,simule_distributions_ademe_2023
29344,E,D,appartement,1965,53.8,434.0,2021-10-27,53,simule_distributions_ademe_2023
35300,F,E,maison,1929,70.0,519.0,2021-10-27,53,simule_distributions_ademe_2023
56140,E,C,appartement,1981,30.6,583.0,2021-10-27,53,simule_distributions_ademe_2023
29349,D,E,maison,1974,48.4,154.0,2021-10-28,53,simule_distributions_ademe_2023
22276,E,D,appartement,1992,93.2,376.0,2021-10-28,53,simule_distributions_ademe_2023
29368,E,F,maison,1989,216.7,424.0,2021-10-28,53,simule_distributions_ademe_2023
56375,F,G,appartement,1954,39.5,526.0,2021-10-28,53,simule_distributions_ademe_2023
22095,A,E,appartement,2015,27.3,97.0,2021-10-29,53,simule_distributions_ademe_2023
22107,E,C,appartement,1970,70.8,618.0,2021-10-29,53,simule_distributions_ademe_2023
56066,E,C,appartement,1965,61.1,545.0,2021-10-29,53,simule_distributions_ademe_2023
56082,F,E,maison,1938,55.4,639.0,2021-10-30,53,simule_distributions_ademe_2023
56149,F,E,appartement,1922,95.8,547.0,2021-10-30,53,simule_distributions_ademe_2023
22041,B,C,appartement,2012,123.9,135.0,2021-10-30,53,simule_distributions_ademe_2023
22229,D,F,appartement,1989,99.9,206.0,2021-10-30,53,simule_distributions_ademe_2023
29018,E,D,appartement,1986,51.1,609.0,2021-10-31,53,simule_distributions_ademe_2023
35013,F,F,appartement,1945,62.3,404.0,2021-10-31,53,simule_distributions_ademe_2023
22216,C,D,maison,2002,18.0,249.0,2021-10-31,53,simule_distributions_ademe_2023
56009,D,F,appartement,1973,69.2,284.0,2021-10-31,53,simule_distributions_ademe_2023
35134,B,G,appartement,1988,63.2,146.0,2021-11-01,53,simule_distributions_ademe_2023
22274,F,E,appartement,1948,59.6,377.0,2021-11-01,53,simule_distributions_ademe_2023
22003,D,D,appartement,1987,34.6,270.0,2021-11-01,53,simule_distributions_ademe_2023
35305,E,G,maison,1989,99.6,501.0,2021-11-01,53,simule_distributions_ademe_2023
22255,D,C,maison,1974,120.6,316.0,2021-11-02,53,simule_distributions_ademe_2023
29275,C,D,maison,2019,23.2,157.0,2021-11-02,53,simule_distributions_ademe_2023
35036,E,F,appartement,1981,188.5,437.0,2021-11-02,53,simule_distributions_ademe_2023
22377,G,F,immeuble,1937,50.8,700.0,2021-11-02,53,simule_distributions_ademe_2023
35139,A,C,maison,2000,79.6,97.0,2021-11-03,53,simule_distributions_ademe_2023
22316,D,E,maison,1970,41.4,216.0,2021-11-03,53,simule_distributions_ademe_2023
22372,A,F,appartement,1997,40.6,59.0,2021-11-03,53,simule_distributions_ademe_2023
29007,D,D,maison,1989,76.2,164.0,2021-11-03,53,simule_distributions_ademe_2023
56030,F,E,appartement,1925,177.9,433.0,2021-11-04,53,simule_distributions_ademe_2023
35068,F,D,appartement,1922,63.2,667.0,2021-11-04,53,simule_distributions_ademe_2023
56028,D,E,appartement,1992,58.4,221.0,2021-11-04,53,simule_distributions_ademe_2023
35250,G,D,appartement,1958,85.8,429.0,2021-11-04,53,simule_distributions_ademe_2023
35084,F,C,maison,1966,79.1,473.0,2021-11-05,53,simule_distributions_ademe_2023
29250,F,D,maison,1942,86.2,566.0,2021-11-05,53,simule_distributions_ademe_2023
29070,F,D,maison,1924,120.2,411.0,2021-11-05,53,simule_distributions_ademe_2023
29285,E,D,appartement,1990,91.1,687.0,2021-11-05,53,simule_distributions_ademe_2023
56246,D,E,appartement,1971,42.3,220.0,2021-11-06,53,simule_distributions_ademe_2023
56041,F,E,appartement,1957,88.6,658.0,2021-11-06,53,simule_distributions_ademe_2023
29144,G,G,maison,1940,38.9,623.0,2021-11-06,53,simule_distributions_ademe_2023
29368,D,D,maison,1988,81.0,287.0,2021-11-06,53,simule_distributions_ademe_2023
35358,C,B,maison,2007,52.8,196.0,2021-11-07,53,simule_distributions_ademe_2023
29352,E,B,maison,1970,69.3,494.0,2021-11-07,53,simule_distributions_ademe_2023
35183,E,C,appartement,1994,70.6,376.0,2021-11-07,53,simule_distributions_ademe_2023
35330,C,C,appartement,2019,54.9,219.0,2021-11-07,53,simule_distributions_ademe_2023
29344,C,D,appartement,1985,66.2,315.0,2021-11-08,53,simule_distributions_ademe_2023
35234,F,D,immeuble,1923,43.5,600.0,2021-11-08,53,simule_distributions_ademe_2023
22192,D,F,maison,1969,85.4,249.0,2021-11-08,53,simule_distributions_ademe_2023
35215,F,D,maison,1945,36.6,359.0,2021-11-08,53,simule_distributions_ademe_2023
22058,A,D,appartement,2007,150.7,89.0,2021-11-09,53,simule_distributions_ademe_2023
22240,B,E,maison,1986,116.2,63.0,2021-11-09,53,simule_distributions_ademe_2023
22234,B,D,appartement,1987,20.2,112.0,2021-11-09,53,simule_distributions_ademe_2023
56014,F,F,maison,1927,51.3,461.0,2021-11-10,53,simule_distributions_ademe_2023
56031,C,E,appartement,2002,69.2,286.0,2021-11-10,53,simule_distributions_ademe_2023
35163,F,E,appartement,1955,61.2,434.0,2021-11-10,53,simule_distributions_ademe_2023
35385,D,F,appartement,1981,77.3,158.0,2021-11-10,53,simule_distributions_ademe_2023
22044,E,D,appartement,1973,120.2,479.0,2021-11-11,53,simule_distributions_ademe_2023
56184,C,E,maison,2001,40.3,317.0,2021-11-11,53,simule_distributions_ademe_2023
35093,E,D,appartement,1982,21.4,520.0,2021-11-11,53,simule_distributions_ademe_2023
56124,E,E,maison,1989,45.7,658.0,2021-11-11,53,simule_distributions_ademe_2023
56368,A,E,maison,2002,95.6,146.0,2021-11-12,53,simule_distributions_ademe_2023
22202,D,G,maison,1972,52.0,298.0,2021-11-12,53,simule_distributions_ademe_2023
56072,C,G,maison,1995,56.5,307.0,2021-11-12,53,simule_distributions_ademe_2023
56347,F,F,appartement,1937,48.9,463.0,2021-11-12,53,simule_distributions_ademe_2023
56075,E,F,appartement,1977,31.9,463.0,2021-11-13,53,simule_distributions_ademe_2023
35211,E,D,maison,1993,38.5,521.0,2021-11-13,53,simule_distributions_ademe_2023
56318,C,E,maison,2011,93.1,307.0,2021-11-13,53,simule_distributions_ademe_2023
29395,D,G,appartement,1967,70.9,167.0,2021-11-13,53,simule_distributions_ademe_2023
29277,F,E,maison,1938,141.4,689.0,2021-11-14,53,simule_distributions_ademe_2023
56259,G,E,maison,1972,117.8,639.0,2021-11-14,53,simule_distributions_ademe_2023
56109,C,G,maison,1993,42.6,319.0,2021-11-14,53,simule_distributions_ademe_2023
29253,E,C,maison,1985,114.0,398.0,2021-11-14,53,simule_distributions_ademe_2023
56030,A,D,maison,2003,63.6,69.0,2021-11-15,53,simule_distributions_ademe_2023
56039,F,A,maison,1941,118.6,339.0,2021-11-15,53,simule_distributions_ademe_2023
56250,E,E,appartement,1994,303.4,400.0,2021-11-15,53,simule_distributions_ademe_2023
35171,D,F,maison,1967,45.3,215.0,2021-11-15,53,simule_distributions_ademe_2023
35235,E,E,maison,1971,76.9,405.0,2021-11-16,53,simule_distributions_ademe_2023
56065,B,F,maison,1995,121.9,61.0,2021-11-16,53,simule_distributions_ademe_2023
29154,E,E,appartement,1979,63.6,339.0,2021-11-16,53,simule_distributions_ademe_2023
35121,E,E,maison,1977,57.2,688.0,2021-11-16,53,simule_distributions_ademe_2023
56259,D,F,appartement,1984,56.8,180.0,2021-11-17,53,simule_distributions_ademe_2023
35347,G,E,maison,1938,34.2,521.0,2021-11-17,53,simule_distributions_ademe_2023
29053,D,E,appartement,1990,75.8,157.0,2021-11-17,53,simule_distributions_ademe_2023
22269,C,F,appartement,2009,126.8,249.0,2021-11-17,53,simule_distributions_ademe_2023
56158,F,D,maison,1957,138.7,359.0,2021-11-18,53,simule_distributions_ademe_2023
22146,D,F,maison,1974,75.1,221.0,2021-11-18,53,simule_distributions_ademe_2023
35071,E,E,maison,1970,78.4,651.0,2021-11-18,53,simule_distributions_ademe_2023
35229,D,E,maison,1985,77.2,187.0,2021-11-18,53,simule_distributions_ademe_2023
29208,F,C,appartement,1932,40.0,629.0,2021-11-19,53,simule_distributions_ademe_2023
29091,G,G,appartement,1940,58.4,532.0,2021-11-19,53,simule_distributions_ademe_2023
35229,E,B,maison,1981,50.3,405.0,2021-11-19,53,simule_distributions_ademe_2023
56333,C,F,immeuble,2018,40.8,264.0,2021-11-19,53,simule_distributions_ademe_2023
29370,E,E,maison,1968,79.0,612.0,2021-11-20,53,simule_distributions_ademe_2023
56193,E,C,appartement,1992,133.7,638.0,2021-11-20,53,simule_distributions_ademe_2023
56174,C,F,maison,1987,233.6,156.0,2021-11-20,53,simule_distributions_ademe_2023
22274,B,D,appartement,1995,57.7,142.0,2021-11-21,53,simule_distributions_ademe_2023
22377,C,D,appartement,1988,89.7,194.0,2021-11-21,53,simule_distributions_ademe_2023
22372,A,D,maison,1997,80.0,57.0,2021-11-21,53,simule_distributions_ademe_2023
56325,C,E,maison,2013,60.7,283.0,2021-11-21,53,simule_distributions_ademe_2023
29259,G,A,maison,1961,95.7,529.0,2021-11-22,53,simule_distributions_ademe_2023
56240,E,E,maison,1967,150.3,689.0,2021-11-22,53,simule_distributions_ademe_2023
35239,G,B,maison,1924,60.2,382.0,2021-11-22,53,simule_distributions_ademe_2023
56141,B,B,appartement,2003,127.4,143.0,2021-11-22,53,simule_distributions_ademe_2023
35227,C,C,appartement,2017,130.8,168.0,2021-11-23,53,simule_distributions_ademe_2023
35217,G,B,maison,1948,25.0,358.0,2021-11-23,53,simule_distributions_ademe_2023
29387,F,D,maison,1940,76.7,591.0,2021-11-23,53,simule_distributions_ademe_2023
29282,F,G,appartement,1967,64.4,635.0,2021-11-23,53,simule_distributions_ademe_2023
29198,G,E,appartement,1939,64.5,597.0,2021-11-24,53,simule_distributions_ademe_2023
56199,F,E,maison,1948,81.1,626.0,2021-11-24,53,simule_distributions_ademe_2023
35241,F,G,maison,1924,63.9,373.0,2021-11-24,53,simule_distributions_ademe_2023
56211,A,G,immeuble,2012,143.3,62.0,2021-11-24,53,simule_distributions_ademe_2023
22189,E,C,appartement,1968,137.8,561.0,2021-11-25,53,simule_distributions_ademe_2023
56066,B,C,maison,1987,64.4,57.0,2021-11-25,53,simule_distributions_ademe_2023
22100,C,F,maison,1991,121.6,256.0,2021-11-25,53,simule_distributions_ademe_2023
56224,D,D,maison,1967,93.1,192.0,2021-11-25,53,simule_distributions_ademe_2023
29238,E,E,maison,1993,94.7,498.0,2021-11-26,53,simule_distributions_ademe_2023
22195,D,E,maison,1979,39.4,316.0,2021-11-26,53,simule_distributions_ademe_2023
22256,D,D,maison,1982,78.8,261.0,2021-11-26,53,simule_distributions_ademe_2023
29182,F,E,appartement,1937,167.3,477.0,2021-11-26,53,simule_distributions_ademe_2023
29053,E,E,appartement,1979,136.2,530.0,2021-11-27,53,simule_distributions_ademe_2023
56244,F,F,appartement,1924,55.4,450.0,2021-11-27,53,simule_distributions_ademe_2023
29275,E,C,appartement,1969,58.4,523.0,2021-11-27,53,simule_distributions_ademe_2023
29372,G,E,appartement,1940,130.3,470.0,2021-11-27,53,simule_distributions_ademe_2023
56237,G,B,appartement,1942,30.7,690.0,2021-11-28,53,simule_distributions_ademe_2023
35098,E,C,appartement,1993,129.9,670.0,2021-11-28,53,simule_distributions_ademe_2023
35016,B,A,appartement,1992,37.8,100.0,2021-11-28,53,simule_distributions_ademe_2023
56193,G,D,appartement,1972,94.3,456.0,2021-11-28,53,simule_distributions_ademe_2023
29138,G,E,appartement,1923,114.2,538.0,2021-11-29,53,simule_distributions_ademe_2023
56265,G,E,appartement,1957,51.4,499.0,2021-11-29,53,simule_distributions_ademe_2023
22148,E,E,appartement,1967,35.8,639.0,2021-11-29,53,simule_distributions_ademe_2023
35273,G,B,appartement,1964,68.1,638.0,2021-11-29,53,simule_distributions_ademe_2023
56047,F,F,maison,1921,52.1,360.0,2021-11-30,53,simule_distributions_ademe_2023
22243,F,F,maison,1971,128.9,631.0,2021-11-30,53,simule_distributions_ademe_2023
22149,F,E,maison,1920,118.1,673.0,2021-11-30,53,simule_distributions_ademe_2023
29034,C,F,maison,2011,25.6,173.0,2021-11-30,53,simule_distributions_ademe_2023
35130,D,E,maison,1970,40.8,329.0,2021-12-01,53,simule_distributions_ademe_2023
56216,E,G,maison,1989,112.5,446.0,2021-12-01,53,simule_distributions_ademe_2023
35240,E,G,appartement,1989,69.4,547.0,2021-12-01,53,simule_distributions_ademe_2023
35223,F,D,maison,1969,37.3,666.0,2021-12-02,53,simule_distributions_ademe_2023
22110,F,F,appartement,1952,28.6,525.0,2021-12-02,53,simule_distributions_ademe_2023
35366,F,E,appartement,1964,34.2,658.0,2021-12-02,53,simule_distributions_ademe_2023
29329,E,D,maison,1988,46.5,521.0,2021-12-02,53,simule_distributions_ademe_2023
22061,C,D,maison,2012,172.0,320.0,2021-12-03,53,simule_distributions_ademe_2023
29054,D,E,maison,1984,58.1,243.0,2021-12-03,53,simule_distributions_ademe_2023
22023,C,G,appartement,2006,38.3,279.0,2021-12-03,53,simule_distributions_ademe_2023
35300,E,A,appartement,1983,77.3,679.0,2021-12-03,53,simule_distributions_ademe_2023
22320,D,E,appartement,1979,48.6,195.0,2021-12-04,53,simule_distributions_ademe_2023
29300,A,C,appartement,2018,44.4,58.0,2021-12-04,53,simule_distributions_ademe_2023
29069,D,D,appartement,1967,112.9,233.0,2021-12-04,53,simule_distributions_ademe_2023
35323,B,D,maison,2013,65.5,98.0,2021-12-04,53,simule_distributions_ademe_2023
56277,F,E,maison,1922,92.5,698.0,2021-12-05,53,simule_distributions_ademe_2023
56332,E,D,maison,1990,111.0,509.0,2021-12-05,53,simule_distributions_ademe_2023
35128,E,D,appartement,1981,129.5,446.0,2021-12-05,53,simule_distributions_ademe_2023
56299,B,G,maison,2001,84.4,71.0,2021-12-05,53,simule_distributions_ademe_2023
29071,E,C,appartement,1977,369.0,404.0,2021-12-06,53,simule_distributions_ademe_2023
35365,D,D,appartement,1975,158.6,232.0,2021-12-06,53,simule_distributions_ademe_2023
35128,G,F,appartement,1953,83.8,432.0,2021-12-06,53,simule_distributions_ademe_2023
22062,D,G,maison,1991,69.9,154.0,2021-12-06,53,simule_distributions_ademe_2023
56034,D,C,appartement,1983,129.5,320.0,2021-12-07,53,simule_distributions_ademe_2023
29180,B,D,maison,1998,32.5,79.0,2021-12-07,53,simule_distributions_ademe_2023
56078,F,G,appartement,1965,109.2,615.0,2021-12-07,53,simule_distributions_ademe_2023
35006,D,D,immeuble,1987,147.3,219.0,2021-12-07,53,simule_distributions_ademe_2023
35067,B,E,appartement,2007,53.1,85.0,2021-12-08,53,simule_distributions_ademe_2023
22115,E,G,maison,1986,114.5,597.0,2021-12-08,53,simule_distributions_ademe_2023
35235,D,E,maison,1973,243.0,179.0,2021-12-08,53,simule_distributions_ademe_2023
29038,C,G,appartement,2008,34.1,316.0,2021-12-08,53,simule_distributions_ademe_2023
56091,E,F,appartement,1992,37.7,442.0,2021-12-09,53,simule_distributions_ademe_2023
56233,E,F,appartement,1989,72.3,609.0,2021-12-09,53,simule_distributions_ademe_2023
35140,C,F,maison,2015,67.6,234.0,2021-12-09,53,simule_distributions_ademe_2023
35307,C,D,appartement,1985,108.1,168.0,2021-12-09,53,simule_distributions_ademe_2023
29304,F,E,maison,1969,47.8,678.0,2021-12-10,53,simule_distributions_ademe_2023
29146,D,F,appartement,1982,77.6,279.0,2021-12-10,53,simule_distributions_ademe_2023
56354,E,F,appartement,1965,65.7,441.0,2021-12-10,53,simule_distributions_ademe_2023
29280,D,F,appartement,1976,62.5,217.0,2021-12-10,53,simule_distributions_ademe_2023
22350,D,G,appartement,1967,35.7,300.0,2021-12-11,53,simule_distributions_ademe_2023
29306,C,F,maison,2012,109.1,256.0,2021-12-11,53,simule_distributions_ademe_2023
22347,C,D,maison,1988,158.8,217.0,2021-12-11,53,simule_distributions_ademe_2023
56064,G,D,appartement,1937,177.8,548.0,2021-12-12,53,simule_distributions_ademe_2023
29354,E,A,maison,1974,36.0,364.0,2021-12-12,53,simule_distributions_ademe_2023
56329,C,G,maison,2011,41.1,294.0,2021-12-12,53,simule_distributions_ademe_2023
35224,E,D,maison,1988,105.5,538.0,2021-12-12,53,simule_distributions_ademe_2023
22106,G,G,appartement,1951,85.6,460.0,2021-12-13,53,simule_distributions_ademe_2023
22234,C,E,appartement,1985,100.1,324.0,2021-12-13,53,simule_distributions_ademe_2023
22215,F,D,appartement,1969,62.0,341.0,2021-12-13,53,simule_distributions_ademe_2023
56165,B,B,appartement,1997,110.9,107.0,2021-12-13,53,simule_distributions_ademe_2023
56282,E,C,maison,1977,44.9,393.0,2021-12-14,53,simule_distributions_ademe_2023
29041,E,G,maison,1991,94.0,569.0,2021-12-14,53,simule_distributions_ademe_2023
35204,F,D,appartement,1964,73.1,624.0,2021-12-14,53,simule_distributions_ademe_2023
22233,D,G,maison,1969,183.3,253.0,2021-12-14,53,simule_distributions_ademe_2023
56096,F,C,appartement,1941,44.1,677.0,2021-12-15,53,simule_distributions_ademe_2023
35295,C,E,appartement,2012,87.7,191.0,2021-12-15,53,simule_distributions_ademe_2023
56049,A,G,appartement,2006,31.4,76.0,2021-12-15,53,simule_distributions_ademe_2023
56360,E,D,maison,1993,28.3,509.0,2021-12-15,53,simule_distributions_ademe_2023
29043,E,E,maison,1969,113.5,653.0,2021-12-16,53,simule_distributions_ademe_2023
22105,G,E,immeuble,1933,178.2,595.0,2021-12-16,53,simule_distributions_ademe_2023
35096,E,E,maison,1967,48.6,528.0,2021-12-16,53,simule_distributions_ademe_2023
22345,G,C,appartement,1946,81.3,507.0,2021-12-16,53,simule_distributions_ademe_2023
56163,F,D,appartement,1931,66.7,594.0,2021-12-17,53,simule_distributions_ademe_2023
29385,F,D,appartement,1964,103.0,554.0,2021-12-17,53,simule_distributions_ademe_2023
56294,D,E,maison,1975,73.7,161.0,2021-12-17,53,simule_distributions_ademe_2023
29398,D,E,appartement,1983,50.1,329.0,2021-12-17,53,simule_distributions_ademe_2023
56111,E,G,appartement,1980,59.5,672.0,2021-12-18,53,simule_distributions_ademe_2023
22006,F,E,maison,1921,69.2,454.0,2021-12-18,53,simule_distributions_ademe_2023
22280,F,D,maison,1962,49.5,344.0,2021-12-18,53,simule_distributions_ademe_2023
35063,C,F,appartement,2018,62.7,250.0,2021-12-18,53,simule_distributions_ademe_2023
35342,B,D,appartement,1994,98.9,127.0,2021-12-19,53,simule_distributions_ademe_2023
56243,F,D,appartement,1950,54.2,380.0,2021-12-19,53,simule_distributions_ademe_2023
35353,F,F,maison,1971,42.9,341.0,2021-12-19,53,simule_distributions_ademe_2023
22395,G,F,appartement,1972,128.2,560.0,2021-12-19,53,simule_distributions_ademe_2023
22093,B,A,maison,2004,44.5,131.0,2021-12-20,53,simule_distributions_ademe_2023
22179,E,G,maison,1983,52.6,391.0,2021-12-20,53,simule_distributions_ademe_2023
29319,F,G,appartement,1926,93.2,361.0,2021-12-20,53,simule_distributions_ademe_2023
35349,D,E,appartement,1989,57.1,301.0,2021-12-20,53,simule_distributions_ademe_2023
56119,D,F,maison,1987,74.1,215.0,2021-12-21,53,simule_distributions_ademe_2023
22219,G,D,maison,1965,48.7,670.0,2021-12-21,53,simule_distributions_ademe_2023
22151,G,D,immeuble,1940,54.9,355.0,2021-12-21,53,simule_distributions_ademe_2023
56209,G,G,maison,1952,70.1,509.0,2021-12-21,53,simule_distributions_ademe_2023
35075,A,D,appartement,1988,62.5,114.0,2021-12-22,53,simule_distributions_ademe_2023
29195,G,F,appartement,1953,44.9,652.0,2021-12-22,53,simule_distributions_ademe_2023
29094,G,G,appartement,1936,53.4,599.0,2021-12-22,53,simule_distributions_ademe_2023
22147,D,F,appartement,1988,80.6,278.0,2021-12-23,53,simule_distributions_ademe_2023
29220,E,D,immeuble,1993,141.1,698.0,2021-12-23,53,simule_distributions_ademe_2023
56271,D,G,appartement,1976,49.1,220.0,2021-12-23,53,simule_distributions_ademe_2023
35012,F,B,appartement,1923,68.5,654.0,2021-12-23,53,simule_distributions_ademe_2023
22316,E,D,appartement,1969,52.7,398.0,2021-12-24,53,simule_distributions_ademe_2023
35218,D,D,appartement,1970,35.8,209.0,2021-12-24,53,simule_distributions_ademe_2023
35136,B,B,appartement,1990,87.8,87.0,2021-12-24,53,simule_distributions_ademe_2023
35267,E,D,appartement,1972,86.3,650.0,2021-12-24,53,simule_distributions_ademe_2023
56067,F,B,appartement,1941,57.5,439.0,2021-12-25,53,simule_distributions_ademe_2023
35029,E,E,maison,1975,205.4,436.0,2021-12-25,53,simule_distributions_ademe_2023
29262,D,D,appartement,1979,29.0,269.0,2021-12-25,53,simule_distributions_ademe_2023
29338,G,D,appartement,1955,150.1,401.0,2021-12-25,53,simule_distributions_ademe_2023
29147,D,E,appartement,1984,34.1,288.0,2021-12-26,53,simule_distributions_ademe_2023
22171,C,F,appartement,2008,30.9,297.0,2021-12-26,53,simule_distributions_ademe_2023
22374,C,C,appartement,2018,62.1,188.0,2021-12-26,53,simule_distributions_ademe_2023
56100,G,E,appartement,1929,68.9,663.0,2021-12-26,53,simule_distributions_ademe_2023
56280,D,E,appartement,1981,47.5,170.0,2021-12-27,53,simule_distributions_ademe_2023
22351,F,D,maison,1960,99.0,606.0,2021-12-27,53,simule_distributions_ademe_2023
22258,F,E,appartement,1965,122.6,602.0,2021-12-27,53,simule_distributions_ademe_2023
35041,D,E,maison,1988,41.9,191.0,2021-12-27,53,simule_distributions_ademe_2023
29075,C,D,maison,2017,61.8,316.0,2021-12-28,53,simule_distributions_ademe_2023
22235,G,D,appartement,1920,89.9,426.0,2021-12-28,53,simule_distributions_ademe_2023
29375,F,F,appartement,1957,49.7,483.0,2021-12-28,53,simule_distributions_ademe_2023
29025,G,F,appartement,1965,132.3,675.0,2021-12-28,53,simule_distributions_ademe_2023
56227,B,F,maison,2008,43.5,133.0,2021-12-29,53,simule_distributions_ademe_2023
56386,F,F,appartement,1940,78.1,673.0,2021-12-29,53,simule_distributions_ademe_2023
56050,C,F,appartement,1998,139.7,309.0,2021-12-29,53,simule_distributions_ademe_2023
35051,E,C,maison,1978,52.7,509.0,2021-12-29,53,simule_distributions_ademe_2023
29092,E,E,maison,1975,44.0,332.0,2021-12-30,53,simule_distributions_ademe_2023
56065,D,A,appartement,1985,50.4,181.0,2021-12-30,53,simule_distributions_ademe_2023
56038,C,E,maison,2000,25.1,243.0,2021-12-30,53,simule_distributions_ademe_2023
35013,B,E,appartement,1997,47.3,113.0,2021-12-30,53,simule_distributions_ademe_2023
35001,F,B,maison,1944,103.3,408.0,2021-12-31,53,simule_distributions_ademe_2023
29313,E,E,appartement,1977,57.0,679.0,2021-12-31,53,simule_distributions_ademe_2023
56046,C,E,appartement,1988,68.3,296.0,2021-12-31,53,simule_distributions_ademe_2023
29088,D,A,maison,1984,53.7,204.0,2021-12-31,53,simule_distributions_ademe_2023
56054,D,E,maison,1970,87.5,166.0,2022-01-01,53,simule_distributions_ademe_2023
22260,D,F,appartement,1988,39.5,275.0,2022-01-01,53,simule_distributions_ademe_2023
22346,E,F,appartement,1979,87.5,447.0,2022-01-01,53,simule_distributions_ademe_2023
29041,D,C,appartement,1976,62.6,297.0,2022-01-01,53,simule_distributions_ademe_2023
22260,E,D,appartement,1970,180.5,632.0,2022-01-02,53,simule_distributions_ademe_2023
56394,D,E,appartement,1977,55.3,183.0,2022-01-02,53,simule_distributions_ademe_2023
35072,D,C,appartement,1975,72.6,242.0,2022-01-02,53,simule_distributions_ademe_2023
29065,D,A,maison,1985,94.0,280.0,2022-01-03,53,simule_distributions_ademe_2023
29366,D,B,appartement,1993,137.1,153.0,2022-01-03,53,simule_distributions_ademe_2023
56005,C,G,maison,2002,118.9,296.0,2022-01-03,53,simule_distributions_ademe_2023
35262,C,D,appartement,2004,103.0,316.0,2022-01-03,53,simule_distributions_ademe_2023
35007,E,E,immeuble,1967,79.3,683.0,2022-01-04,53,simule_distributions_ademe_2023
35066,D,D,maison,1967,31.6,191.0,2022-01-04,53,simule_distributions_ademe_2023
56126,F,F,appartement,1940,98.3,436.0,2022-01-04,53,simule_distributions_ademe_2023
56246,E,D,maison,1965,92.3,367.0,2022-01-04,53,simule_distributions_ademe_2023
56303,D,D,appartement,1979,65.9,191.0,2022-01-05,53,simule_distributions_ademe_2023
56054,G,F,maison,1950,99.3,491.0,2022-01-05,53,simule_distributions_ademe_2023
22163,F,F,appartement,1925,59.3,605.0,2022-01-05,53,simule_distributions_ademe_2023
56089,G,F,maison,1950,28.9,605.0,2022-01-05,53,simule_distributions_ademe_2023
56342,E,F,appartement,1991,54.1,644.0,2022-01-06,53,simule_distributions_ademe_2023
35172,C,A,appartement,2015,65.2,267.0,2022-01-06,53,simule_distributions_ademe_2023
29052,G,F,maison,1942,85.7,544.0,2022-01-06,53,simule_distributions_ademe_2023
29050,F,G,maison,1938,75.2,657.0,2022-01-06,53,simule_distributions_ademe_2023
56070,D,D,appartement,1989,51.4,216.0,2022-01-07,53,simule_distributions_ademe_2023
29290,F,E,appartement,1938,78.4,378.0,2022-01-07,53,simule_distributions_ademe_2023
56023,F,B,appartement,1950,33.3,435.0,2022-01-07,53,simule_distributions_ademe_2023
29022,C,C,maison,2002,108.1,224.0,2022-01-07,53,simule_distributions_ademe_2023
29320,E,D,maison,1994,47.0,370.0,2022-01-08,53,simule_distributions_ademe_2023
22166,F,E,maison,1961,186.3,542.0,2022-01-08,53,simule_distributions_ademe_2023
22389,B,F,maison,1995,25.2,93.0,2022-01-08,53,simule_distributions_ademe_2023
35235,C,E,appartement,2015,49.4,286.0,2022-01-08,53,simule_distributions_ademe_2023
56390,C,E,appartement,2017,47.2,272.0,2022-01-09,53,simule_distributions_ademe_2023
35204,F,D,maison,1940,162.9,488.0,2022-01-09,53,simule_distributions_ademe_2023
29259,D,D,maison,1968,56.7,283.0,2022-01-09,53,simule_distributions_ademe_2023
29152,A,F,maison,1989,31.5,51.0,2022-01-09,53,simule_distributions_ademe_2023
29060,D,F,maison,1990,137.3,305.0,2022-01-10,53,simule_distributions_ademe_2023
56263,F,C,maison,1935,66.9,597.0,2022-01-10,53,simule_distributions_ademe_2023
56112,G,B,maison,1974,41.9,394.0,2022-01-10,53,simule_distributions_ademe_2023
35056,E,F,appartement,1974,58.6,419.0,2022-01-10,53,simule_distributions_ademe_2023
22097,D,C,appartement,1965,62.6,208.0,2022-01-11,53,simule_distributions_ademe_2023
35227,D,D,maison,1981,52.8,217.0,2022-01-11,53,simule_distributions_ademe_2023
35208,F,G,appartement,1932,86.9,469.0,2022-01-11,53,simule_distributions_ademe_2023
22189,E,C,immeuble,1976,85.1,374.0,2022-01-11,53,simule_distributions_ademe_2023
56198,D,F,maison,1966,67.9,241.0,2022-01-12,53,simule_distributions_ademe_2023
56147,D,E,appartement,1977,18.3,222.0,2022-01-12,53,simule_distributions_ademe_2023
35248,E,F,appartement,1980,117.4,381.0,2022-01-12,53,simule_distributions_ademe_2023
35067,F,B,appartement,1932,80.0,672.0,2022-01-12,53,simule_distributions_ademe_2023
22271,E,E,appartement,1966,59.9,548.0,2022-01-13,53,simule_distributions_ademe_2023
35388,D,C,appartement,1972,63.4,315.0,2022-01-13,53,simule_distributions_ademe_2023
56013,G,D,maison,1936,156.9,382.0,2022-01-13,53,simule_distributions_ademe_2023
29287,D,E,appartement,1983,96.6,175.0,2022-01-14,53,simule_distributions_ademe_2023
22190,C,D,appartement,1994,46.9,238.0,2022-01-14,53,simule_distributions_ademe_2023
35125,D,D,maison,1974,55.0,207.0,2022-01-14,53,simule_distributions_ademe_2023
29285,E,C,appartement,1980,32.8,523.0,2022-01-14,53,simule_distributions_ademe_2023
29114,C,C,maison,2015,67.2,166.0,2022-01-15,53,simule_distributions_ademe_2023
56199,D,F,appartement,1987,34.3,285.0,2022-01-15,53,simule_distributions_ademe_2023
56191,F,E,appartement,1946,30.7,653.0,2022-01-15,53,simule_distributions_ademe_2023
29306,B,B,appartement,2005,27.2,142.0,2022-01-15,53,simule_distributions_ademe_2023
35083,B,B,appartement,2015,63.0,66.0,2022-01-16,53,simule_distributions_ademe_2023
22291,E,G,maison,1973,171.2,395.0,2022-01-16,53,simule_distributions_ademe_2023
35316,B,G,appartement,1992,50.6,142.0,2022-01-16,53,simule_distributions_ademe_2023
29028,E,E,maison,1991,49.5,675.0,2022-01-16,53,simule_distributions_ademe_2023
22263,E,F,maison,1970,112.2,654.0,2022-01-17,53,simule_distributions_ademe_2023
56328,E,E,appartement,1981,47.4,634.0,2022-01-17,53,simule_distributions_ademe_2023
56131,B,G,maison,2017,85.3,129.0,2022-01-17,53,simule_distributions_ademe_2023
56066,E,D,maison,1967,66.7,413.0,2022-01-17,53,simule_distributions_ademe_2023
56173,B,D,maison,2017,69.2,62.0,2022-01-18,53,simule_distributions_ademe_2023
29376,D,D,appartement,1971,41.0,315.0,2022-01-18,53,simule_distributions_ademe_2023
56336,C,F,appartement,1992,30.3,232.0,2022-01-18,53,simule_distributions_ademe_2023
29230,C,D,maison,2000,38.7,195.0,2022-01-18,53,simule_distributions_ademe_2023
22316,F,D,appartement,1936,63.2,499.0,2022-01-19,53,simule_distributions_ademe_2023
22376,G,F,maison,1939,45.7,536.0,2022-01-19,53,simule_distributions_ademe_2023
29115,C,G,appartement,2012,148.7,184.0,2022-01-19,53,simule_distributions_ademe_2023
22242,G,E,maison,1924,108.8,465.0,2022-01-19,53,simule_distributions_ademe_2023
56125,D,B,appartement,1966,158.6,296.0,2022-01-20,53,simule_distributions_ademe_2023
29208,C,F,maison,1996,76.2,294.0,2022-01-20,53,simule_distributions_ademe_2023
22148,C,D,appartement,1996,40.0,263.0,2022-01-20,53,simule_distributions_ademe_2023
35255,F,D,appartement,1935,48.4,463.0,2022-01-20,53,simule_distributions_ademe_2023
29088,F,F,maison,1942,65.1,624.0,2022-01-21,53,simule_distributions_ademe_2023
22397,F,D,appartement,1943,92.7,460.0,2022-01-21,53,simule_distributions_ademe_2023
22161,F,F,appartement,1933,44.9,484.0,2022-01-21,53,simule_distributions_ademe_2023
22074,B,E,maison,2006,30.8,138.0,2022-01-21,53,simule_distributions_ademe_2023
22050,F,C,appartement,1955,46.7,636.0,2022-01-22,53,simule_distributions_ademe_2023
22195,D,A,appartement,1974,73.1,301.0,2022-01-22,53,simule_distributions_ademe_2023
29339,F,G,appartement,1966,83.7,334.0,2022-01-22,53,simule_distributions_ademe_2023
35274,C,D,appartement,2007,53.6,269.0,2022-01-22,53,simule_distributions_ademe_2023
35062,E,E,maison,1976,70.3,514.0,2022-01-23,53,simule_distributions_ademe_2023
56369,F,C,appartement,1932,104.1,388.0,2022-01-23,53,simule_distributions_ademe_2023
56181,D,D,maison,1987,23.7,326.0,2022-01-23,53,simule_distributions_ademe_2023
56373,D,E,appartement,1973,71.3,306.0,2022-01-23,53,simule_distributions_ademe_2023
56253,A,F,appartement,1997,53.9,109.0,2022-01-24,53,simule_distributions_ademe_2023
29185,F,G,appartement,1941,83.1,531.0,2022-01-24,53,simule_distributions_ademe_2023
22259,D,G,maison,1986,47.9,302.0,2022-01-24,53,simule_distributions_ademe_2023
35332,E,F,maison,1989,139.2,356.0,2022-01-25,53,simule_distributions_ademe_2023
22331,E,F,maison,1994,185.6,559.0,2022-01-25,53,simule_distributions_ademe_2023
29100,D,C,maison,1971,102.0,263.0,2022-01-25,53,simule_distributions_ademe_2023
35281,D,G,appartement,1985,47.1,156.0,2022-01-25,53,simule_distributions_ademe_2023
56081,D,D,appartement,1981,68.5,177.0,2022-01-26,53,simule_distributions_ademe_2023
35281,E,D,appartement,1971,123.9,357.0,2022-01-26,53,simule_distributions_ademe_2023
29082,E,F,maison,1993,188.6,426.0,2022-01-26,53,simule_distributions_ademe_2023
29373,C,B,maison,2009,55.9,209.0,2022-01-26,53,simule_distributions_ademe_2023
29260,E,E,maison,1980,46.2,392.0,2022-01-27,53,simule_distributions_ademe_2023
35076,F,F,maison,1967,261.0,654.0,2022-01-27,53,simule_distributions_ademe_2023
35072,E,D,maison,1977,38.5,601.0,2022-01-27,53,simule_distributions_ademe_2023
22004,D,E,appartement,1987,62.2,181.0,2022-01-27,53,simule_distributions_ademe_2023
22047,F,E,immeuble,1953,51.3,398.0,2022-01-28,53,simule_distributions_ademe_2023
22280,F,E,appartement,1956,72.3,510.0,2022-01-28,53,simule_distributions_ademe_2023
29027,C,G,maison,1988,29.6,158.0,2022-01-28,53,simule_distributions_ademe_2023
22024,E,G,maison,1979,66.2,505.0,2022-01-28,53,simule_distributions_ademe_2023
35157,D,B,appartement,1983,49.0,294.0,2022-01-29,53,simule_distributions_ademe_2023
56103,D,E,maison,1966,19.6,239.0,2022-01-29,53,simule_distributions_ademe_2023
29224,D,D,maison,1991,119.9,270.0,2022-01-29,53,simule_distributions_ademe_2023
35391,G,D,appartement,1948,145.9,592.0,2022-01-29,53,simule_distributions_ademe_2023
56354,F,F,appartement,1933,63.8,493.0,2022-01-30,53,simule_distributions_ademe_2023
22121,E,D,appartement,1988,38.8,596.0,2022-01-30,53,simule_distributions_ademe_2023
56087,C,D,maison,1994,30.6,236.0,2022-01-30,53,simule_distributions_ademe_2023
29227,F,B,maison,1949,35.5,578.0,2022-01-30,53,simule_distributions_ademe_2023
29365,E,D,maison,1970,79.6,475.0,2022-01-31,53,simule_distributions_ademe_2023
22356,G,D,maison,1937,88.8,564.0,2022-01-31,53,simule_distributions_ademe_2023
35214,D,E,maison,1986,27.2,160.0,2022-01-31,53,simule_distributions_ademe_2023
29007,E,E,appartement,1965,141.5,448.0,2022-01-31,53,simule_distributions_ademe_2023
22023,D,F,appartement,1966,34.3,239.0,2022-02-01,53,simule_distributions_ademe_2023
35237,E,D,appartement,1966,73.4,633.0,2022-02-01,53,simule_distributions_ademe_2023
35236,G,G,appartement,1933,34.6,375.0,2022-02-01,53,simule_distributions_ademe_2023
56394,E,E,appartement,1985,100.1,411.0,2022-02-01,53,simule_distributions_ademe_2023
35137,F,G,appartement,1949,47.8,356.0,2022-02-02,53,simule_distributions_ademe_2023
29259,G,F,appartement,1949,74.0,406.0,2022-02-02,53,simule_distributions_ademe_2023
22228,A,D,maison,2003,60.4,103.0,2022-02-02,53,simule_distributions_ademe_2023
29249,G,E,maison,1950,32.1,626.0,2022-02-02,53,simule_distributions_ademe_2023
29195,E,G,maison,1994,58.8,373.0,2022-02-03,53,simule_distributions_ademe_2023
56387,D,E,appartement,1990,52.4,191.0,2022-02-03,53,simule_distributions_ademe_2023
35085,E,B,maison,1978,49.9,615.0,2022-02-03,53,simule_distributions_ademe_2023
22176,G,C,maison,1920,32.0,628.0,2022-02-03,53,simule_distributions_ademe_2023
56320,F,D,maison,1956,83.8,678.0,2022-02-04,53,simule_distributions_ademe_2023
22094,D,F,maison,1992,62.3,266.0,2022-02-04,53,simule_distributions_ademe_2023
56362,G,E,maison,1945,74.4,613.0,2022-02-04,53,simule_distributions_ademe_2023
22294,F,E,appartement,1965,98.1,412.0,2022-02-05,53,simule_distributions_ademe_2023
22301,D,D,appartement,1971,53.3,278.0,2022-02-05,53,simule_distributions_ademe_2023
29173,E,G,maison,1967,63.4,517.0,2022-02-05,53,simule_distributions_ademe_2023
56294,E,G,appartement,1993,68.8,540.0,2022-02-05,53,simule_distributions_ademe_2023
22212,C,D,maison,2015,67.4,237.0,2022-02-06,53,simule_distributions_ademe_2023
22264,D,E,maison,1976,163.8,186.0,2022-02-06,53,simule_distributions_ademe_2023
29229,C,C,appartement,2012,34.6,156.0,2022-02-06,53,simule_distributions_ademe_2023
22150,F,D,appartement,1933,85.9,566.0,2022-02-06,53,simule_distributions_ademe_2023
29299,D,E,maison,1975,72.4,242.0,2022-02-07,53,simule_distributions_ademe_2023
22116,C,C,appartement,2002,65.6,199.0,2022-02-07,53,simule_distributions_ademe_2023
22112,D,C,maison,1972,34.2,278.0,2022-02-07,53,simule_distributions_ademe_2023
56297,F,F,appartement,1948,77.0,407.0,2022-02-07,53,simule_distributions_ademe_2023
22083,F,B,maison,1933,22.4,661.0,2022-02-08,53,simule_distributions_ademe_2023
29209,E,D,maison,1970,89.8,369.0,2022-02-08,53,simule_distributions_ademe_2023
22141,E,D,maison,1967,129.1,411.0,2022-02-08,53,simule_distributions_ademe_2023
35021,G,D,appartement,1957,67.2,334.0,2022-02-08,53,simule_distributions_ademe_2023
22150,D,D,appartement,1987,53.3,249.0,2022-02-09,53,simule_distributions_ademe_2023
22292,G,E,maison,1920,49.3,405.0,2022-02-09,53,simule_distributions_ademe_2023
35007,C,F,maison,2002,163.0,193.0,2022-02-09,53,simule_distributions_ademe_2023
56110,E,B,appartement,1974,85.2,425.0,2022-02-09,53,simule_distributions_ademe_2023
56394,E,G,appartement,1980,35.6,684.0,2022-02-10,53,simule_distributions_ademe_2023
56163,D,F,maison,1973,58.4,185.0,2022-02-10,53,simule_distributions_ademe_2023
35055,D,B,appartement,1994,52.8,202.0,2022-02-10,53,simule_distributions_ademe_2023
35285,D,F,appartement,1981,89.6,284.0,2022-02-10,53,simule_distributions_ademe_2023
35275,E,E,maison,1969,108.1,555.0,2022-02-11,53,simule_distributions_ademe_2023
56167,F,C,appartement,1922,52.3,527.0,2022-02-11,53,simule_distributions_ademe_2023
35247,D,F,appartement,1973,29.7,156.0,2022-02-11,53,simule_distributions_ademe_2023
29199,C,C,appartement,1985,41.7,179.0,2022-02-11,53,simule_distributions_ademe_2023
35397,D,D,appartement,1972,120.1,325.0,2022-02-12,53,simule_distributions_ademe_2023
22160,D,G,maison,1987,59.9,204.0,2022-02-12,53,simule_distributions_ademe_2023
56392,B,F,appartement,2011,57.1,115.0,2022-02-12,53,simule_distributions_ademe_2023
56321,G,G,appartement,1966,81.4,344.0,2022-02-12,53,simule_distributions_ademe_2023
22057,D,G,maison,1987,60.8,300.0,2022-02-13,53,simule_distributions_ademe_2023
35300,F,C,appartement,1950,121.7,573.0,2022-02-13,53,simule_distributions_ademe_2023
29259,D,B,appartement,1972,177.6,173.0,2022-02-13,53,simule_distributions_ademe_2023
22152,F,F,maison,1965,50.2,434.0,2022-02-13,53,simule_distributions_ademe_2023
29321,D,E,immeuble,1989,103.5,220.0,2022-02-14,53,simule_distributions_ademe_2023
56091,E,E,appartement,1969,132.1,546.0,2022-02-14,53,simule_distributions_ademe_2023
29057,D,D,appartement,1981,86.8,235.0,2022-02-14,53,simule_distributions_ademe_2023
35375,E,C,appartement,1972,55.6,382.0,2022-02-14,53,simule_distributions_ademe_2023
22003,E,F,appartement,1976,43.5,586.0,2022-02-15,53,simule_distributions_ademe_2023
35160,C,B,maison,2001,131.0,212.0,2022-02-15,53,simule_distributions_ademe_2023
29076,D,C,immeuble,1975,74.4,233.0,2022-02-15,53,simule_distributions_ademe_2023
29373,D,C,appartement,1987,94.1,235.0,2022-02-16,53,simule_distributions_ademe_2023
29079,D,D,maison,1991,53.9,242.0,2022-02-16,53,simule_distributions_ademe_2023
29249,G,F,maison,1960,105.1,413.0,2022-02-16,53,simule_distributions_ademe_2023
29150,C,G,appartement,1988,46.0,276.0,2022-02-16,53,simule_distributions_ademe_2023
35096,F,E,appartement,1950,89.6,645.0,2022-02-17,53,simule_distributions_ademe_2023
29169,D,F,maison,1990,76.8,176.0,2022-02-17,53,simule_distributions_ademe_2023
56255,B,F,maison,2000,97.0,93.0,2022-02-17,53,simule_distributions_ademe_2023
35208,G,B,appartement,1920,98.6,563.0,2022-02-17,53,simule_distributions_ademe_2023
29298,C,F,appartement,2013,98.0,245.0,2022-02-18,53,simule_distributions_ademe_2023
22264,C,G,appartement,1989,59.6,191.0,2022-02-18,53,simule_distributions_ademe_2023
35062,F,F,maison,1970,59.1,570.0,2022-02-18,53,simule_distributions_ademe_2023
56272,F,D,appartement,1957,48.4,447.0,2022-02-18,53,simule_distributions_ademe_2023
29384,F,D,maison,1966,129.6,579.0,2022-02-19,53,simule_distributions_ademe_2023
22224,G,F,appartement,1950,56.8,571.0,2022-02-19,53,simule_distributions_ademe_2023
35025,E,E,appartement,1987,70.6,526.0,2022-02-19,53,simule_distributions_ademe_2023
22236,F,C,maison,1934,33.5,537.0,2022-02-19,53,simule_distributions_ademe_2023
22335,E,C,appartement,1975,39.3,495.0,2022-02-20,53,simule_distributions_ademe_2023
29130,F,G,maison,1954,109.8,664.0,2022-02-20,53,simule_distributions_ademe_2023
35278,B,E,maison,1990,88.5,108.0,2022-02-20,53,simule_distributions_ademe_2023
22032,G,E,maison,1968,54.8,621.0,2022-02-20,53,simule_distributions_ademe_2023
56289,F,E,appartement,1921,46.9,630.0,2022-02-21,53,simule_distributions_ademe_2023
56063,C,E,appartement,2015,120.0,305.0,2022-02-21,53,simule_distributions_ademe_2023
22194,F,D,immeuble,1930,79.6,413.0,2022-02-21,53,simule_distributions_ademe_2023
56267,E,B,maison,1987,119.2,588.0,2022-02-21,53,simule_distributions_ademe_2023
29076,G,C,appartement,1961,75.2,623.0,2022-02-22,53,simule_distributions_ademe_2023
22038,D,F,maison,1983,105.7,305.0,2022-02-22,53,simule_distributions_ademe_2023
56059,B,G,maison,2017,31.0,108.0,2022-02-22,53,simule_distributions_ademe_2023
22040,F,E,immeuble,1970,95.1,649.0,2022-02-22,53,simule_distributions_ademe_2023
22368,G,B,appartement,1932,113.4,386.0,2022-02-23,53,simule_distributions_ademe_2023
35075,F,F,maison,1930,67.4,576.0,2022-02-23,53,simule_distributions_ademe_2023
29020,C,G,maison,1990,46.8,157.0,2022-02-23,53,simule_distributions_ademe_2023
56391,F,G,maison,1938,129.6,422.0,2022-02-23,53,simule_distributions_ademe_2023
56226,F,F,maison,1941,205.2,366.0,2022-02-24,53,simule_distributions_ademe_2023
22089,E,D,maison,1976,52.7,398.0,2022-02-24,53,simule_distributions_ademe_2023
56053,B,G,appartement,1989,68.8,119.0,2022-02-24,53,simule_distributions_ademe_2023
29061,F,C,appartement,1950,85.9,459.0,2022-02-24,53,simule_distributions_ademe_2023
35054,D,D,maison,1985,58.8,180.0,2022-02-25,53,simule_distributions_ademe_2023
56158,D,B,maison,1990,92.7,328.0,2022-02-25,53,simule_distributions_ademe_2023
35389,F,F,maison,1971,33.4,552.0,2022-02-25,53,simule_distributions_ademe_2023
22224,G,G,maison,1959,60.8,654.0,2022-02-25,53,simule_distributions_ademe_2023
56119,E,D,immeuble,1986,59.7,649.0,2022-02-26,53,simule_distributions_ademe_2023
35248,G,A,maison,1970,108.1,421.0,2022-02-26,53,simule_distributions_ademe_2023
35241,D,D,maison,1986,92.7,265.0,2022-02-26,53,simule_distributions_ademe_2023
22399,D,E,appartement,1986,143.1,316.0,2022-02-27,53,simule_distributions_ademe_2023
56359,E,E,appartement,1982,25.9,450.0,2022-02-27,53,simule_distributions_ademe_2023
35129,F,F,appartement,1939,96.8,554.0,2022-02-27,53,simule_distributions_ademe_2023
22115,G,D,maison,1965,63.2,497.0,2022-02-27,53,simule_distributions_ademe_2023
29159,E,F,appartement,1969,66.2,628.0,2022-02-28,53,simule_distributions_ademe_2023
29289,D,G,maison,1994,78.8,246.0,2022-02-28,53,simule_distributions_ademe_2023
35027,C,D,maison,2014,125.5,312.0,2022-02-28,53,simule_distributions_ademe_2023
56267,G,G,appartement,1937,117.6,485.0,2022-02-28,53,simule_distributions_ademe_2023
56194,C,F,appartement,2004,40.3,195.0,2022-03-01,53,simule_distributions_ademe_2023
56009,A,E,maison,1987,69.7,65.0,2022-03-01,53,simule_distributions_ademe_2023
56060,D,A,maison,1978,57.3,159.0,2022-03-01,53,simule_distributions_ademe_2023
56279,D,F,maison,1988,45.6,268.0,2022-03-01,53,simule_distributions_ademe_2023
29055,C,E,appartement,1997,75.4,155.0,2022-03-02,53,simule_distributions_ademe_2023
35211,D,C,appartement,1978,84.1,167.0,2022-03-02,53,simule_distributions_ademe_2023
29064,F,F,appartement,1930,71.0,396.0,2022-03-02,53,simule_distributions_ademe_2023
56235,C,F,maison,1993,85.9,303.0,2022-03-02,53,simule_distributions_ademe_2023
35002,D,C,appartement,1974,45.7,318.0,2022-03-03,53,simule_distributions_ademe_2023
29071,C,D,appartement,2008,23.2,181.0,2022-03-03,53,simule_distributions_ademe_2023
22343,F,D,maison,1958,76.6,575.0,2022-03-03,53,simule_distributions_ademe_2023
56029,D,F,appartement,1972,85.7,180.0,2022-03-03,53,simule_distributions_ademe_2023
22258,G,G,maison,1936,55.6,372.0,2022-03-04,53,simule_distributions_ademe_2023
35227,D,F,maison,1987,27.3,305.0,2022-03-04,53,simule_distributions_ademe_2023
29151,C,G,appartement,2017,27.0,245.0,2022-03-04,53,simule_distributions_ademe_2023
56016,D,G,maison,1991,135.6,277.0,2022-03-04,53,simule_distributions_ademe_2023
35188,E,D,maison,1976,129.2,510.0,2022-03-05,53,simule_distributions_ademe_2023
22340,E,E,maison,1970,49.3,420.0,2022-03-05,53,simule_distributions_ademe_2023
22307,C,D,immeuble,2011,36.8,241.0,2022-03-05,53,simule_distributions_ademe_2023
22028,C,E,appartement,2002,66.1,301.0,2022-03-05,53,simule_distributions_ademe_2023
35135,G,E,maison,1961,73.3,350.0,2022-03-06,53,simule_distributions_ademe_2023
56238,E,B,maison,1983,53.6,362.0,2022-03-06,53,simule_distributions_ademe_2023
22361,E,F,maison,1978,57.9,583.0,2022-03-06,53,simule_distributions_ademe_2023
56081,D,E,appartement,1980,44.1,218.0,2022-03-06,53,simule_distributions_ademe_2023
29004,B,F,maison,1986,79.2,121.0,2022-03-07,53,simule_distributions_ademe_2023
35157,B,E,appartement,1989,49.1,109.0,2022-03-07,53,simule_distributions_ademe_2023
22332,E,C,appartement,1993,41.5,475.0,2022-03-07,53,simule_distributions_ademe_2023
29148,E,E,maison,1975,35.4,480.0,2022-03-07,53,simule_distributions_ademe_2023
56210,C,B,maison,2004,58.1,222.0,2022-03-08,53,simule_distributions_ademe_2023
35036,E,G,immeuble,1977,41.7,449.0,2022-03-08,53,simule_distributions_ademe_2023
29240,F,D,appartement,1971,45.9,640.0,2022-03-08,53,simule_distributions_ademe_2023
22088,D,D,maison,1992,62.9,309.0,2022-03-08,53,simule_distributions_ademe_2023
56191,C,F,maison,2019,120.4,170.0,2022-03-09,53,simule_distributions_ademe_2023
56098,F,E,immeuble,1933,58.2,405.0,2022-03-09,53,simule_distributions_ademe_2023
35257,C,D,maison,1988,48.6,166.0,2022-03-09,53,simule_distributions_ademe_2023
56010,B,C,maison,2013,39.6,147.0,2022-03-10,53,simule_distributions_ademe_2023
56166,G,E,immeuble,1971,80.0,499.0,2022-03-10,53,simule_distributions_ademe_2023
56226,E,D,maison,1968,35.5,378.0,2022-03-10,53,simule_distributions_ademe_2023
22160,G,B,appartement,1961,98.5,437.0,2022-03-10,53,simule_distributions_ademe_2023
29066,C,D,appartement,2011,60.4,306.0,2022-03-11,53,simule_distributions_ademe_2023
29284,F,F,maison,1921,55.4,631.0,2022-03-11,53,simule_distributions_ademe_2023
35347,E,E,immeuble,1971,36.1,511.0,2022-03-11,53,simule_distributions_ademe_2023
29239,E,D,appartement,1989,32.5,582.0,2022-03-11,53,simule_distributions_ademe_2023
22243,E,F,maison,1968,72.3,333.0,2022-03-12,53,simule_distributions_ademe_2023
35185,F,D,appartement,1951,112.0,610.0,2022-03-12,53,simule_distributions_ademe_2023
56154,G,G,maison,1939,82.5,499.0,2022-03-12,53,simule_distributions_ademe_2023
22195,C,C,maison,2003,32.4,276.0,2022-03-12,53,simule_distributions_ademe_2023
35222,B,F,maison,1985,21.5,98.0,2022-03-13,53,simule_distributions_ademe_2023
22064,E,F,appartement,1986,52.8,628.0,2022-03-13,53,simule_distributions_ademe_2023
56165,F,G,maison,1936,62.2,360.0,2022-03-13,53,simule_distributions_ademe_2023
29230,E,F,maison,1985,105.5,599.0,2022-03-13,53,simule_distributions_ademe_2023
35150,F,D,appartement,1937,50.8,335.0,2022-03-14,53,simule_distributions_ademe_2023
22268,D,F,appartement,1985,210.8,185.0,2022-03-14,53,simule_distributions_ademe_2023
29217,E,C,appartement,1975,84.6,637.0,2022-03-14,53,simule_distributions_ademe_2023
29343,F,D,appartement,1943,94.1,568.0,2022-03-14,53,simule_distributions_ademe_2023
56364,D,D,appartement,1970,39.0,171.0,2022-03-15,53,simule_distributions_ademe_2023
29260,G,F,appartement,1969,41.2,568.0,2022-03-15,53,simule_distributions_ademe_2023
29251,E,C,maison,1968,103.6,383.0,2022-03-15,53,simule_distributions_ademe_2023
35338,F,E,appartement,1961,39.3,574.0,2022-03-15,53,simule_distributions_ademe_2023
22100,E,E,appartement,1988,47.9,653.0,2022-03-16,53,simule_distributions_ademe_2023
29116,E,D,appartement,1968,31.2,567.0,2022-03-16,53,simule_distributions_ademe_2023
29284,E,G,maison,1984,49.6,499.0,2022-03-16,53,simule_distributions_ademe_2023
56004,F,C,maison,1965,100.6,345.0,2022-03-16,53,simule_distributions_ademe_2023
29123,D,D,appartement,1965,58.2,232.0,2022-03-17,53,simule_distributions_ademe_2023
35268,F,E,maison,1923,35.3,350.0,2022-03-17,53,simule_distributions_ademe_2023
22031,E,A,maison,1969,77.1,408.0,2022-03-17,53,simule_distributions_ademe_2023
56314,E,D,appartement,1979,73.3,454.0,2022-03-17,53,simule_distributions_ademe_2023
56263,A,F,appartement,1996,18.0,90.0,2022-03-18,53,simule_distributions_ademe_2023
29037,C,D,appartement,2011,40.6,244.0,2022-03-18,53,simule_distributions_ademe_2023
56391,F,E,maison,1961,111.6,390.0,2022-03-18,53,simule_distributions_ademe_2023
56114,B,E,maison,2003,98.0,67.0,2022-03-18,53,simule_distributions_ademe_2023
22119,C,C,appartement,2015,32.0,193.0,2022-03-19,53,simule_distributions_ademe_2023
29095,E,E,maison,1993,81.3,333.0,2022-03-19,53,simule_distributions_ademe_2023
56252,G,G,appartement,1927,81.4,344.0,2022-03-19,53,simule_distributions_ademe_2023
56113,E,F,appartement,1989,113.1,667.0,2022-03-19,53,simule_distributions_ademe_2023
35012,G,E,appartement,1941,103.5,422.0,2022-03-20,53,simule_distributions_ademe_2023
35035,G,E,maison,1929,53.8,445.0,2022-03-20,53,simule_distributions_ademe_2023
22106,G,F,immeuble,1969,150.9,468.0,2022-03-20,53,simule_distributions_ademe_2023
29166,D,B,maison,1965,35.7,324.0,2022-03-21,53,simule_distributions_ademe_2023
35381,F,G,maison,1950,21.7,501.0,2022-03-21,53,simule_distributions_ademe_2023
22038,F,B,maison,1948,37.5,598.0,2022-03-21,53,simule_distributions_ademe_2023
35078,F,F,appartement,1949,62.1,430.0,2022-03-21,53,simule_distributions_ademe_2023
29096,F,E,appartement,1927,87.9,617.0,2022-03-22,53,simule_distributions_ademe_2023
29079,D,E,appartement,1972,141.7,180.0,2022-03-22,53,simule_distributions_ademe_2023
35218,D,G,immeuble,1988,82.5,218.0,2022-03-22,53,simule_distributions_ademe_2023
35007,F,E,appartement,1920,55.0,633.0,2022-03-22,53,simule_distributions_ademe_2023
35247,D,G,maison,1975,37.3,245.0,2022-03-23,53,simule_distributions_ademe_2023
22061,D,E,appartement,1980,126.8,248.0,2022-03-23,53,simule_distributions_ademe_2023
56179,B,F,maison,2006,46.1,65.0,2022-03-23,53,simule_distributions_ademe_2023
22158,F,E,maison,1942,92.9,341.0,2022-03-23,53,simule_distributions_ademe_2023
29036,F,G,maison,1963,67.8,353.0,2022-03-24,53,simule_distributions_ademe_2023
22338,C,E,appartement,1987,60.7,211.0,2022-03-24,53,simule_distributions_ademe_2023
22399,D,C,appartement,1969,139.9,280.0,2022-03-24,53,simule_distributions_ademe_2023
22033,D,D,appartement,1985,71.8,264.0,2022-03-24,53,simule_distributions_ademe_2023
56018,E,D,appartement,1968,69.6,443.0,2022-03-25,53,simule_distributions_ademe_2023
22189,B,E,maison,2007,33.8,148.0,2022-03-25,53,simule_distributions_ademe_2023
29373,B,F,maison,1996,59.8,108.0,2022-03-25,53,simule_distributions_ademe_2023
22265,A,F,appartement,2010,40.3,147.0,2022-03-25,53,simule_distributions_ademe_2023
35209,D,E,maison,1968,103.8,278.0,2022-03-26,53,simule_distributions_ademe_2023
29383,C,E,maison,2010,67.8,193.0,2022-03-26,53,simule_distributions_ademe_2023
29277,D,F,appartement,1991,73.8,259.0,2022-03-26,53,simule_distributions_ademe_2023
35397,D,C,maison,1978,96.5,203.0,2022-03-26,53,simule_distributions_ademe_2023
22338,E,F,maison,1987,72.2,447.0,2022-03-27,53,simule_distributions_ademe_2023
35339,D,F,maison,1970,103.9,271.0,2022-03-27,53,simule_distributions_ademe_2023
35341,F,B,maison,1961,95.6,604.0,2022-03-27,53,simule_distributions_ademe_2023
56363,F,A,maison,1923,54.2,344.0,2022-03-27,53,simule_distributions_ademe_2023
35042,F,D,appartement,1920,50.0,526.0,2022-03-28,53,simule_distributions_ademe_2023
56230,G,G,appartement,1959,39.4,633.0,2022-03-28,53,simule_distributions_ademe_2023
56386,G,B,maison,1966,30.2,619.0,2022-03-28,53,simule_distributions_ademe_2023
56220,D,B,maison,1985,95.4,206.0,2022-03-28,53,simule_distributions_ademe_2023
29202,D,E,maison,1974,25.1,321.0,2022-03-29,53,simule_distributions_ademe_2023
22305,D,G,maison,1971,40.4,196.0,2022-03-29,53,simule_distributions_ademe_2023
56172,G,E,immeuble,1956,176.8,449.0,2022-03-29,53,simule_distributions_ademe_2023
29321,D,E,appartement,1967,52.4,197.0,2022-03-29,53,simule_distributions_ademe_2023
56235,C,D,maison,1987,46.2,210.0,2022-03-30,53,simule_distributions_ademe_2023
22050,D,C,appartement,1966,74.6,309.0,2022-03-30,53,simule_distributions_ademe_2023
35231,C,E,maison,2014,38.3,163.0,2022-03-30,53,simule_distributions_ademe_2023
22232,C,E,maison,1985,67.4,197.0,2022-03-30,53,simule_distributions_ademe_2023
22244,E,E,maison,1968,118.7,410.0,2022-03-31,53,simule_distributions_ademe_2023
56186,D,E,maison,1968,90.3,175.0,2022-03-31,53,simule_distributions_ademe_2023
56131,D,E,appartement,1986,118.3,300.0,2022-03-31,53,simule_distributions_ademe_2023
29373,D,F,maison,1971,102.2,265.0,2022-04-01,53,simule_distributions_ademe_2023
35083,F,D,maison,1952,142.3,535.0,2022-04-01,53,simule_distributions_ademe_2023
35076,F,E,maison,1960,49.5,540.0,2022-04-01,53,simule_distributions_ademe_2023
56103,D,F,maison,1965,103.1,160.0,2022-04-01,53,simule_distributions_ademe_2023
22264,D,E,maison,1972,64.9,153.0,2022-04-02,53,simule_distributions_ademe_2023
35083,A,E,maison,2011,102.4,113.0,2022-04-02,53,simule_distributions_ademe_2023
29290,C,F,maison,1999,101.4,305.0,2022-04-02,53,simule_distributions_ademe_2023
29292,E,C,appartement,1971,88.6,463.0,2022-04-02,53,simule_distributions_ademe_2023
22036,E,D,maison,1990,117.4,357.0,2022-04-03,53,simule_distributions_ademe_2023
29293,D,E,maison,1980,65.8,171.0,2022-04-03,53,simule_distributions_ademe_2023
29166,D,F,maison,1987,55.4,249.0,2022-04-03,53,simule_distributions_ademe_2023
35124,D,D,maison,1984,104.8,293.0,2022-04-03,53,simule_distributions_ademe_2023
29280,D,G,maison,1981,42.9,206.0,2022-04-04,53,simule_distributions_ademe_2023
56206,F,D,appartement,1966,74.8,428.0,2022-04-04,53,simule_distributions_ademe_2023
22136,D,G,appartement,1984,46.2,214.0,2022-04-04,53,simule_distributions_ademe_2023
56045,G,C,maison,1938,69.0,504.0,2022-04-04,53,simule_distributions_ademe_2023
56016,C,D,maison,1986,37.5,317.0,2022-04-05,53,simule_distributions_ademe_2023
22050,E,D,appartement,1980,65.9,608.0,2022-04-05,53,simule_distributions_ademe_2023
56291,E,D,maison,1968,73.8,428.0,2022-04-05,53,simule_distributions_ademe_2023
56020,C,F,appartement,1989,105.7,247.0,2022-04-05,53,simule_distributions_ademe_2023
22169,D,E,maison,1992,129.0,233.0,2022-04-06,53,simule_distributions_ademe_2023
56333,D,B,maison,1968,116.6,300.0,2022-04-06,53,simule_distributions_ademe_2023
29197,F,B,appartement,1963,71.1,672.0,2022-04-06,53,simule_distributions_ademe_2023
29251,D,F,appartement,1972,69.9,303.0,2022-04-06,53,simule_distributions_ademe_2023
22137,D,B,appartement,1994,58.3,270.0,2022-04-07,53,simule_distributions_ademe_2023
29319,C,D,immeuble,2017,53.2,312.0,2022-04-07,53,simule_distributions_ademe_2023
56266,D,F,maison,1973,156.8,200.0,2022-04-07,53,simule_distributions_ademe_2023
35273,E,G,maison,1987,47.8,450.0,2022-04-07,53,simule_distributions_ademe_2023
35076,D,D,appartement,1993,69.7,177.0,2022-04-08,53,simule_distributions_ademe_2023
35248,E,E,maison,1973,42.1,666.0,2022-04-08,53,simule_distributions_ademe_2023
35173,C,A,maison,2011,115.6,224.0,2022-04-08,53,simule_distributions_ademe_2023
35333,F,D,appartement,1957,53.3,584.0,2022-04-08,53,simule_distributions_ademe_2023
35215,D,F,immeuble,1992,68.6,186.0,2022-04-09,53,simule_distributions_ademe_2023
56191,E,F,appartement,1985,86.1,584.0,2022-04-09,53,simule_distributions_ademe_2023
56344,D,E,maison,1974,65.6,310.0,2022-04-09,53,simule_distributions_ademe_2023
22013,E,F,maison,1969,129.1,426.0,2022-04-09,53,simule_distributions_ademe_2023
29321,C,E,maison,1998,93.9,224.0,2022-04-10,53,simule_distributions_ademe_2023
29026,C,C,maison,1986,43.6,169.0,2022-04-10,53,simule_distributions_ademe_2023
29322,C,F,maison,2018,73.7,184.0,2022-04-10,53,simule_distributions_ademe_2023
35200,E,D,maison,1987,74.1,399.0,2022-04-10,53,simule_distributions_ademe_2023
22111,G,D,appartement,1934,87.2,663.0,2022-04-11,53,simule_distributions_ademe_2023
35338,B,E,appartement,1988,88.9,141.0,2022-04-11,53,simule_distributions_ademe_2023
56130,C,B,appartement,1999,45.1,201.0,2022-04-11,53,simule_distributions_ademe_2023
35003,C,D,maison,1989,63.2,283.0,2022-04-12,53,simule_distributions_ademe_2023
35152,A,F,appartement,2011,58.8,94.0,2022-04-12,53,simule_distributions_ademe_2023
35288,F,F,maison,1928,183.2,486.0,2022-04-12,53,simule_distributions_ademe_2023
56151,D,E,maison,1979,222.5,165.0,2022-04-12,53,simule_distributions_ademe_2023
22318,D,F,maison,1985,95.0,261.0,2022-04-13,53,simule_distributions_ademe_2023
22330,E,E,immeuble,1973,60.8,652.0,2022-04-13,53,simule_distributions_ademe_2023
29179,C,B,maison,2004,18.7,237.0,2022-04-13,53,simule_distributions_ademe_2023
29380,C,D,maison,2009,62.2,240.0,2022-04-13,53,simule_distributions_ademe_2023
56256,A,F,appartement,2009,48.8,78.0,2022-04-14,53,simule_distributions_ademe_2023
22265,E,F,appartement,1985,61.7,680.0,2022-04-14,53,simule_distributions_ademe_2023
29254,E,G,appartement,1968,64.7,518.0,2022-04-14,53,simule_distributions_ademe_2023
29293,F,E,appartement,1962,55.6,483.0,2022-04-14,53,simule_distributions_ademe_2023
29383,C,D,maison,2008,48.4,267.0,2022-04-15,53,simule_distributions_ademe_2023
56270,C,F,maison,1992,19.4,215.0,2022-04-15,53,simule_distributions_ademe_2023
22042,E,D,appartement,1989,103.4,402.0,2022-04-15,53,simule_distributions_ademe_2023
29058,F,C,immeuble,1960,181.1,599.0,2022-04-15,53,simule_distributions_ademe_2023
22031,F,F,appartement,1923,220.4,380.0,2022-04-16,53,simule_distributions_ademe_2023
56028,A,D,maison,2014,92.5,55.0,2022-04-16,53,simule_distributions_ademe_2023
29224,A,F,maison,2002,68.5,80.0,2022-04-16,53,simule_distributions_ademe_2023
22162,D,F,maison,1984,71.8,276.0,2022-04-16,53,simule_distributions_ademe_2023
35307,B,G,immeuble,1992,63.1,95.0,2022-04-17,53,simule_distributions_ademe_2023
29297,E,B,maison,1973,64.9,499.0,2022-04-17,53,simule_distributions_ademe_2023
22271,G,E,maison,1937,73.7,615.0,2022-04-17,53,simule_distributions_ademe_2023
22137,D,C,appartement,1965,61.7,175.0,2022-04-17,53,simule_distributions_ademe_2023
56022,F,E,appartement,1967,74.0,442.0,2022-04-18,53,simule_distributions_ademe_2023
29210,D,D,maison,1988,81.8,237.0,2022-04-18,53,simule_distributions_ademe_2023
35143,A,D,appartement,2005,44.2,140.0,2022-04-18,53,simule_distributions_ademe_2023
22266,D,E,maison,1972,28.3,242.0,2022-04-18,53,simule_distributions_ademe_2023
29084,D,C,maison,1990,69.0,185.0,2022-04-19,53,simule_distributions_ademe_2023
35355,B,E,appartement,1992,81.1,115.0,2022-04-19,53,simule_distributions_ademe_2023
22129,D,F,maison,1965,53.4,196.0,2022-04-19,53,simule_distributions_ademe_2023
56054,C,F,maison,1999,18.0,307.0,2022-04-19,53,simule_distributions_ademe_2023
22028,C,F,maison,2013,39.6,285.0,2022-04-20,53,simule_distributions_ademe_2023
56313,D,F,maison,1991,103.0,174.0,2022-04-20,53,simule_distributions_ademe_2023
29392,D,E,appartement,1975,121.5,164.0,2022-04-20,53,simule_distributions_ademe_2023
56135,C,G,appartement,2010,175.3,302.0,2022-04-20,53,simule_distributions_ademe_2023
22016,C,D,appartement,2018,172.8,206.0,2022-04-21,53,simule_distributions_ademe_2023
29008,E,F,maison,1967,108.4,373.0,2022-04-21,53,simule_distributions_ademe_2023
56212,D,C,appartement,1991,86.7,152.0,2022-04-21,53,simule_distributions_ademe_2023
56315,F,G,appartement,1933,65.9,672.0,2022-04-21,53,simule_distributions_ademe_2023
22264,F,F,appartement,1921,132.9,494.0,2022-04-22,53,simule_distributions_ademe_2023
35068,D,D,maison,1978,79.9,234.0,2022-04-22,53,simule_distributions_ademe_2023
56097,B,B,maison,2001,65.6,131.0,2022-04-22,53,simule_distributions_ademe_2023
22206,E,D,appartement,1982,145.9,479.0,2022-04-23,53,simule_distributions_ademe_2023
35360,D,G,maison,1992,33.3,291.0,2022-04-23,53,simule_distributions_ademe_2023
56273,F,F,maison,1956,97.2,662.0,2022-04-23,53,simule_distributions_ademe_2023
29266,C,C,maison,2014,64.9,329.0,2022-04-23,53,simule_distributions_ademe_2023
22302,C,F,maison,1991,62.8,242.0,2022-04-24,53,simule_distributions_ademe_2023
35069,E,D,appartement,1991,25.3,596.0,2022-04-24,53,simule_distributions_ademe_2023
56005,G,C,maison,1925,66.1,589.0,2022-04-24,53,simule_distributions_ademe_2023
35220,F,F,appartement,1944,149.3,553.0,2022-04-24,53,simule_distributions_ademe_2023
35238,C,A,appartement,1994,33.5,281.0,2022-04-25,53,simule_distributions_ademe_2023
35217,G,E,immeuble,1949,24.2,410.0,2022-04-25,53,simule_distributions_ademe_2023
22060,G,F,appartement,1924,133.2,670.0,2022-04-25,53,simule_distributions_ademe_2023
35357,F,D,maison,1974,32.1,689.0,2022-04-25,53,simule_distributions_ademe_2023
29097,B,E,maison,1986,66.2,118.0,2022-04-26,53,simule_distributions_ademe_2023
29174,E,D,maison,1991,81.3,434.0,2022-04-26,53,simule_distributions_ademe_2023
29133,F,G,appartement,1937,99.3,577.0,2022-04-26,53,simule_distributions_ademe_2023
29074,C,E,immeuble,2019,46.5,193.0,2022-04-26,53,simule_distributions_ademe_2023
29154,D,E,appartement,1969,89.2,282.0,2022-04-27,53,simule_distributions_ademe_2023
35178,D,C,maison,1975,54.1,193.0,2022-04-27,53,simule_distributions_ademe_2023
35134,D,D,appartement,1973,62.3,321.0,2022-04-27,53,simule_distributions_ademe_2023
22108,F,F,maison,1967,95.5,697.0,2022-04-27,53,simule_distributions_ademe_2023
35317,D,E,appartement,1970,131.7,152.0,2022-04-28,53,simule_distributions_ademe_2023
35036,F,D,immeuble,1932,59.2,616.0,2022-04-28,53,simule_distributions_ademe_2023
22110,E,G,maison,1979,55.0,346.0,2022-04-28,53,simule_distributions_ademe_2023
29184,D,B,appartement,1985,185.2,184.0,2022-04-28,53,simule_distributions_ademe_2023
35100,C,E,appartement,2014,65.4,277.0,2022-04-29,53,simule_distributions_ademe_2023
56341,G,F,appartement,1962,107.1,651.0,2022-04-29,53,simule_distributions_ademe_2023
29190,B,D,maison,1988,38.6,136.0,2022-04-29,53,simule_distributions_ademe_2023
29327,D,D,immeuble,1985,77.9,194.0,2022-04-29,53,simule_distributions_ademe_2023
56323,C,E,appartement,1993,63.5,215.0,2022-04-30,53,simule_distributions_ademe_2023
35343,D,E,appartement,1977,58.4,270.0,2022-04-30,53,simule_distributions_ademe_2023
22306,D,D,appartement,1983,78.7,306.0,2022-04-30,53,simule_distributions_ademe_2023
29035,E,D,maison,1981,103.2,398.0,2022-04-30,53,simule_distributions_ademe_2023
56292,G,F,appartement,1944,135.6,607.0,2022-05-01,53,simule_distributions_ademe_2023
29295,G,D,maison,1970,51.4,414.0,2022-05-01,53,simule_distributions_ademe_2023
35071,E,F,maison,1978,100.8,553.0,2022-05-01,53,simule_distributions_ademe_2023
22148,D,B,appartement,1985,100.6,297.0,2022-05-01,53,simule_distributions_ademe_2023
56048,D,G,appartement,1994,50.5,187.0,2022-05-02,53,simule_distributions_ademe_2023
22151,G,E,maison,1960,129.7,362.0,2022-05-02,53,simule_distributions_ademe_2023
56354,F,E,appartement,1958,169.0,556.0,2022-05-02,53,simule_distributions_ademe_2023
29245,F,G,appartement,1921,44.6,436.0,2022-05-02,53,simule_distributions_ademe_2023
35249,G,G,appartement,1950,18.0,674.0,2022-05-03,53,simule_distributions_ademe_2023
56379,C,A,maison,1988,129.9,313.0,2022-05-03,53,simule_distributions_ademe_2023
35011,D,D,maison,1967,70.2,317.0,2022-05-03,53,simule_distributions_ademe_2023
29357,B,F,maison,2016,61.0,59.0,2022-05-04,53,simule_distributions_ademe_2023
35004,F,G,appartement,1965,67.1,426.0,2022-05-04,53,simule_distributions_ademe_2023
35319,E,D,appartement,1992,96.8,377.0,2022-05-04,53,simule_distributions_ademe_2023
22256,C,E,appartement,2000,48.6,215.0,2022-05-04,53,simule_distributions_ademe_2023
35063,G,B,maison,1937,62.1,582.0,2022-05-05,53,simule_distributions_ademe_2023
29361,B,B,appartement,1994,52.5,58.0,2022-05-05,53,simule_distributions_ademe_2023
29161,F,D,appartement,1967,78.3,543.0,2022-05-05,53,simule_distributions_ademe_2023
22014,D,E,maison,1965,47.2,188.0,2022-05-05,53,simule_distributions_ademe_2023
56109,F,D,maison,1952,86.9,485.0,2022-05-06,53,simule_distributions_ademe_2023
22108,D,B,maison,1977,108.7,161.0,2022-05-06,53,simule_distributions_ademe_2023
35046,G,F,maison,1930,49.8,683.0,2022-05-06,53,simule_distributions_ademe_2023
29239,C,D,appartement,1989,69.5,235.0,2022-05-06,53,simule_distributions_ademe_2023
22307,F,F,maison,1944,57.3,388.0,2022-05-07,53,simule_distributions_ademe_2023
29339,F,G,maison,1967,129.3,469.0,2022-05-07,53,simule_distributions_ademe_2023
56353,A,D,appartement,1997,85.0,135.0,2022-05-07,53,simule_distributions_ademe_2023
22253,G,B,appartement,1952,89.4,647.0,2022-05-07,53,simule_distributions_ademe_2023
56250,F,B,appartement,1969,68.4,350.0,2022-05-08,53,simule_distributions_ademe_2023
29290,E,F,appartement,1987,65.0,661.0,2022-05-08,53,simule_distributions_ademe_2023
22186,G,D,maison,1938,148.7,384.0,2022-05-08,53,simule_distributions_ademe_2023
29231,F,D,appartement,1948,70.2,410.0,2022-05-08,53,simule_distributions_ademe_2023
35046,A,F,maison,1995,129.6,126.0,2022-05-09,53,simule_distributions_ademe_2023
56131,E,E,maison,1969,39.3,460.0,2022-05-09,53,simule_distributions_ademe_2023
22159,G,E,maison,1927,158.4,602.0,2022-05-09,53,simule_distributions_ademe_2023
22034,F,D,appartement,1973,57.8,357.0,2022-05-09,53,simule_distributions_ademe_2023
22354,E,F,maison,1969,72.6,436.0,2022-05-10,53,simule_distributions_ademe_2023
56139,D,D,maison,1970,49.7,239.0,2022-05-10,53,simule_distributions_ademe_2023
29013,B,E,appartement,1988,107.3,79.0,2022-05-10,53,simule_distributions_ademe_2023
22236,B,G,appartement,2000,48.2,100.0,2022-05-10,53,simule_distributions_ademe_2023
22226,E,B,appartement,1979,99.8,592.0,2022-05-11,53,simule_distributions_ademe_2023
22350,G,F,maison,1920,45.2,451.0,2022-05-11,53,simule_distributions_ademe_2023
35102,D,F,maison,1981,52.4,324.0,2022-05-11,53,simule_distributions_ademe_2023
22278,D,E,maison,1979,39.7,296.0,2022-05-11,53,simule_distributions_ademe_2023
56001,E,D,appartement,1984,63.1,339.0,2022-05-12,53,simule_distributions_ademe_2023
22186,B,C,appartement,1991,144.0,75.0,2022-05-12,53,simule_distributions_ademe_2023
35142,A,E,appartement,2012,76.9,64.0,2022-05-12,53,simule_distributions_ademe_2023
29086,D,B,appartement,1975,133.6,215.0,2022-05-12,53,simule_distributions_ademe_2023
56170,D,G,maison,1982,107.8,281.0,2022-05-13,53,simule_distributions_ademe_2023
29144,E,F,maison,1971,52.1,611.0,2022-05-13,53,simule_distributions_ademe_2023
56062,E,E,maison,1972,19.9,586.0,2022-05-13,53,simule_distributions_ademe_2023
56109,D,A,maison,1976,65.6,318.0,2022-05-13,53,simule_distributions_ademe_2023
29145,C,E,appartement,2014,46.8,181.0,2022-05-14,53,simule_distributions_ademe_2023
35141,C,E,maison,2014,161.7,153.0,2022-05-14,53,simule_distributions_ademe_2023
56210,D,F,maison,1986,57.5,326.0,2022-05-14,53,simule_distributions_ademe_2023
29207,C,F,appartement,2016,64.9,238.0,2022-05-15,53,simule_distributions_ademe_2023
35223,F,D,appartement,1954,117.7,574.0,2022-05-15,53,simule_distributions_ademe_2023
35184,D,F,maison,1994,56.2,153.0,2022-05-15,53,simule_distributions_ademe_2023
35152,E,F,maison,1979,42.0,523.0,2022-05-15,53,simule_distributions_ademe_2023
56343,E,D,appartement,1991,87.3,382.0,2022-05-16,53,simule_distributions_ademe_2023
22142,E,F,maison,1965,117.1,686.0,2022-05-16,53,simule_distributions_ademe_2023
56178,F,F,maison,1935,64.2,678.0,2022-05-16,53,simule_distributions_ademe_2023
56354,C,E,appartement,1997,60.2,293.0,2022-05-16,53,simule_distributions_ademe_2023
22086,F,E,appartement,1956,136.8,447.0,2022-05-17,53,simule_distributions_ademe_2023
35006,F,E,appartement,1947,100.6,376.0,2022-05-17,53,simule_distributions_ademe_2023
29045,E,E,appartement,1981,77.4,496.0,2022-05-17,53,simule_distributions_ademe_2023
22329,F,B,maison,1964,47.8,692.0,2022-05-17,53,simule_distributions_ademe_2023
22177,D,F,appartement,1979,118.1,172.0,2022-05-18,53,simule_distributions_ademe_2023
56281,G,E,maison,1946,83.3,337.0,2022-05-18,53,simule_distributions_ademe_2023
56173,B,D,maison,2016,113.3,113.0,2022-05-18,53,simule_distributions_ademe_2023
22283,D,F,appartement,1971,142.3,293.0,2022-05-18,53,simule_distributions_ademe_2023
56368,E,E,appartement,1971,118.7,447.0,2022-05-19,53,simule_distributions_ademe_2023
35366,G,D,immeuble,1938,48.3,401.0,2022-05-19,53,simule_distributions_ademe_2023
35057,C,C,appartement,2018,64.8,190.0,2022-05-19,53,simule_distributions_ademe_2023
35199,F,B,appartement,1920,27.5,348.0,2022-05-19,53,simule_distributions_ademe_2023
22053,D,D,appartement,1970,59.8,155.0,2022-05-20,53,simule_distributions_ademe_2023
22319,D,C,maison,1979,133.4,285.0,2022-05-20,53,simule_distributions_ademe_2023
22307,A,E,maison,2012,34.9,107.0,2022-05-20,53,simule_distributions_ademe_2023
29133,G,D,appartement,1945,95.2,621.0,2022-05-20,53,simule_distributions_ademe_2023
35021,A,E,immeuble,2003,46.8,124.0,2022-05-21,53,simule_distributions_ademe_2023
22319,F,F,maison,1924,69.6,426.0,2022-05-21,53,simule_distributions_ademe_2023
22013,G,D,appartement,1925,53.1,622.0,2022-05-21,53,simule_distributions_ademe_2023
56301,D,D,maison,1972,48.1,318.0,2022-05-21,53,simule_distributions_ademe_2023
35049,F,B,appartement,1937,37.8,334.0,2022-05-22,53,simule_distributions_ademe_2023
29386,D,G,appartement,1987,120.1,246.0,2022-05-22,53,simule_distributions_ademe_2023
35041,E,E,appartement,1991,77.8,607.0,2022-05-22,53,simule_distributions_ademe_2023
56236,D,D,maison,1984,66.6,289.0,2022-05-22,53,simule_distributions_ademe_2023
29151,F,E,maison,1956,86.4,331.0,2022-05-23,53,simule_distributions_ademe_2023
56109,D,F,maison,1966,90.7,285.0,2022-05-23,53,simule_distributions_ademe_2023
35146,F,E,maison,1960,73.7,391.0,2022-05-23,53,simule_distributions_ademe_2023
35374,F,F,immeuble,1934,50.6,533.0,2022-05-23,53,simule_distributions_ademe_2023
56075,G,E,appartement,1969,46.1,613.0,2022-05-24,53,simule_distributions_ademe_2023
22050,F,C,appartement,1920,64.3,465.0,2022-05-24,53,simule_distributions_ademe_2023
56183,E,F,appartement,1994,69.4,609.0,2022-05-24,53,simule_distributions_ademe_2023
22195,E,G,appartement,1993,50.5,419.0,2022-05-25,53,simule_distributions_ademe_2023
56353,G,D,maison,1943,35.4,533.0,2022-05-25,53,simule_distributions_ademe_2023
56022,E,D,maison,1978,58.0,513.0,2022-05-25,53,simule_distributions_ademe_2023
56023,D,D,maison,1988,42.9,199.0,2022-05-25,53,simule_distributions_ademe_2023
35370,E,B,maison,1966,42.5,462.0,2022-05-26,53,simule_distributions_ademe_2023
29255,D,E,appartement,1994,34.1,250.0,2022-05-26,53,simule_distributions_ademe_2023
35204,C,D,appartement,2018,115.7,218.0,2022-05-26,53,simule_distributions_ademe_2023
35138,D,E,appartement,1984,77.3,185.0,2022-05-26,53,simule_distributions_ademe_2023
22003,G,G,appartement,1955,71.0,644.0,2022-05-27,53,simule_distributions_ademe_2023
56051,A,D,maison,2007,50.8,62.0,2022-05-27,53,simule_distributions_ademe_2023
35086,E,G,maison,1993,42.4,564.0,2022-05-27,53,simule_distributions_ademe_2023
29204,E,D,appartement,1989,54.2,350.0,2022-05-27,53,simule_distributions_ademe_2023
35356,F,B,appartement,1963,93.1,459.0,2022-05-28,53,simule_distributions_ademe_2023
56045,C,B,maison,1986,85.3,192.0,2022-05-28,53,simule_distributions_ademe_2023
22152,D,D,appartement,1970,77.8,291.0,2022-05-28,53,simule_distributions_ademe_2023
29063,D,D,appartement,1967,65.8,270.0,2022-05-28,53,simule_distributions_ademe_2023
35073,C,G,appartement,1985,18.0,262.0,2022-05-29,53,simule_distributions_ademe_2023
56174,E,F,maison,1986,41.7,433.0,2022-05-29,53,simule_distributions_ademe_2023
35198,F,E,appartement,1930,56.3,433.0,2022-05-29,53,simule_distributions_ademe_2023
29135,D,D,appartement,1981,33.9,309.0,2022-05-29,53,simule_distributions_ademe_2023
29306,F,C,appartement,1944,56.0,499.0,2022-05-30,53,simule_distributions_ademe_2023
22297,F,G,appartement,1972,118.6,686.0,2022-05-30,53,simule_distributions_ademe_2023
56343,D,C,maison,1982,123.1,187.0,2022-05-30,53,simule_distributions_ademe_2023
29037,G,D,appartement,1931,65.9,575.0,2022-05-30,53,simule_distributions_ademe_2023
35099,D,D,maison,1980,83.9,180.0,2022-05-31,53,simule_distributions_ademe_2023
56377,C,B,maison,2006,30.2,205.0,2022-05-31,53,simule_distributions_ademe_2023
56142,E,C,maison,1991,161.6,385.0,2022-05-31,53,simule_distributions_ademe_2023
35372,F,F,immeuble,1920,37.4,623.0,2022-05-31,53,simule_distributions_ademe_2023
29140,E,F,appartement,1992,85.3,447.0,2022-06-01,53,simule_distributions_ademe_2023
35135,C,C,appartement,1996,87.8,157.0,2022-06-01,53,simule_distributions_ademe_2023
35021,B,F,appartement,1989,34.3,115.0,2022-06-01,53,simule_distributions_ademe_2023
56016,C,D,appartement,2004,88.6,214.0,2022-06-01,53,simule_distributions_ademe_2023
35040,G,E,appartement,1960,35.2,585.0,2022-06-02,53,simule_distributions_ademe_2023
35316,F,C,appartement,1953,46.5,516.0,2022-06-02,53,simule_distributions_ademe_2023
35356,C,E,maison,1994,52.0,196.0,2022-06-02,53,simule_distributions_ademe_2023
35304,B,B,appartement,2012,42.6,108.0,2022-06-02,53,simule_distributions_ademe_2023
22087,D,D,appartement,1980,35.3,304.0,2022-06-03,53,simule_distributions_ademe_2023
29305,D,G,maison,1979,81.9,156.0,2022-06-03,53,simule_distributions_ademe_2023
22205,D,F,appartement,1980,70.8,230.0,2022-06-03,53,simule_distributions_ademe_2023
29146,F,G,maison,1961,40.0,425.0,2022-06-03,53,simule_distributions_ademe_2023
35337,E,D,maison,1986,110.1,676.0,2022-06-04,53,simule_distributions_ademe_2023
56399,C,G,maison,1997,72.1,330.0,2022-06-04,53,simule_distributions_ademe_2023
29075,D,F,maison,1990,72.6,166.0,2022-06-04,53,simule_distributions_ademe_2023
29392,G,F,maison,1973,55.6,416.0,2022-06-05,53,simule_distributions_ademe_2023
22195,E,E,appartement,1972,76.7,511.0,2022-06-05,53,simule_distributions_ademe_2023
56228,G,E,maison,1933,60.8,347.0,2022-06-05,53,simule_distributions_ademe_2023
29387,F,F,appartement,1952,68.5,483.0,2022-06-05,53,simule_distributions_ademe_2023
22018,D,E,appartement,1984,85.6,280.0,2022-06-06,53,simule_distributions_ademe_2023
56347,D,B,appartement,1983,86.2,235.0,2022-06-06,53,simule_distributions_ademe_2023
56014,G,D,maison,1946,63.9,375.0,2022-06-06,53,simule_distributions_ademe_2023
29335,G,D,maison,1948,254.2,506.0,2022-06-06,53,simule_distributions_ademe_2023
22222,C,D,appartement,2002,50.0,243.0,2022-06-07,53,simule_distributions_ademe_2023
35205,E,F,maison,1988,37.1,661.0,2022-06-07,53,simule_distributions_ademe_2023
29318,D,F,maison,1983,97.9,280.0,2022-06-07,53,simule_distributions_ademe_2023
56147,C,E,maison,2000,122.6,264.0,2022-06-07,53,simule_distributions_ademe_2023
56373,F,D,maison,1943,43.1,494.0,2022-06-08,53,simule_distributions_ademe_2023
35043,A,D,maison,2009,82.4,67.0,2022-06-08,53,simule_distributions_ademe_2023
56085,E,D,maison,1978,64.3,523.0,2022-06-08,53,simule_distributions_ademe_2023
35341,B,C,maison,2012,40.0,106.0,2022-06-08,53,simule_distributions_ademe_2023
29110,A,D,appartement,1987,112.5,90.0,2022-06-09,53,simule_distributions_ademe_2023
56281,D,E,appartement,1983,258.3,265.0,2022-06-09,53,simule_distributions_ademe_2023
22343,F,F,maison,1923,61.4,620.0,2022-06-09,53,simule_distributions_ademe_2023
29394,D,D,maison,1977,138.3,199.0,2022-06-09,53,simule_distributions_ademe_2023
35168,D,C,maison,1980,36.2,326.0,2022-06-10,53,simule_distributions_ademe_2023
22303,C,D,maison,1997,27.0,276.0,2022-06-10,53,simule_distributions_ademe_2023
35069,C,A,maison,1985,63.8,226.0,2022-06-10,53,simule_distributions_ademe_2023
22028,F,E,immeuble,1971,74.7,351.0,2022-06-10,53,simule_distributions_ademe_2023
22060,C,C,immeuble,2013,59.5,151.0,2022-06-11,53,simule_distributions_ademe_2023
56132,E,B,appartement,1969,40.1,486.0,2022-06-11,53,simule_distributions_ademe_2023
29175,E,F,appartement,1965,159.9,522.0,2022-06-11,53,simule_distributions_ademe_2023
56185,E,A,maison,1993,51.8,652.0,2022-06-11,53,simule_distributions_ademe_2023
56068,F,F,appartement,1938,44.7,443.0,2022-06-12,53,simule_distributions_ademe_2023
22091,E,E,maison,1986,83.0,422.0,2022-06-12,53,simule_distributions_ademe_2023
29284,E,D,maison,1978,54.3,562.0,2022-06-12,53,simule_distributions_ademe_2023
56280,A,B,appartement,2017,83.9,146.0,2022-06-12,53,simule_distributions_ademe_2023
35245,C,F,immeuble,2003,40.5,188.0,2022-06-13,53,simule_distributions_ademe_2023
22331,C,E,maison,2000,84.8,173.0,2022-06-13,53,simule_distributions_ademe_2023
22151,E,C,maison,1990,74.1,348.0,2022-06-13,53,simule_distributions_ademe_2023
56310,G,F,maison,1948,40.3,673.0,2022-06-13,53,simule_distributions_ademe_2023
35228,D,F,appartement,1993,55.4,304.0,2022-06-14,53,simule_distributions_ademe_2023
56301,E,D,appartement,1989,52.2,583.0,2022-06-14,53,simule_distributions_ademe_2023
35059,C,D,maison,2001,24.2,217.0,2022-06-14,53,simule_distributions_ademe_2023
56169,C,A,maison,2002,96.4,177.0,2022-06-14,53,simule_distributions_ademe_2023
22245,D,B,maison,1979,29.5,154.0,2022-06-15,53,simule_distributions_ademe_2023
29131,E,F,appartement,1987,48.8,346.0,2022-06-15,53,simule_distributions_ademe_2023
29014,E,F,appartement,1977,81.5,629.0,2022-06-15,53,simule_distributions_ademe_2023
56245,E,G,appartement,1987,43.5,577.0,2022-06-16,53,simule_distributions_ademe_2023
56229,F,G,appartement,1922,167.8,633.0,2022-06-16,53,simule_distributions_ademe_2023
22381,F,E,maison,1959,81.0,674.0,2022-06-16,53,simule_distributions_ademe_2023
35172,B,F,appartement,1997,83.9,124.0,2022-06-16,53,simule_distributions_ademe_2023
29085,D,C,maison,1987,76.7,186.0,2022-06-17,53,simule_distributions_ademe_2023
35053,G,C,maison,1951,20.3,463.0,2022-06-17,53,simule_distributions_ademe_2023
29257,E,F,immeuble,1982,91.4,596.0,2022-06-17,53,simule_distributions_ademe_2023
56084,B,G,appartement,1996,87.9,94.0,2022-06-17,53,simule_distributions_ademe_2023
29139,C,E,maison,1987,110.4,218.0,2022-06-18,53,simule_distributions_ademe_2023
22305,F,F,maison,1937,49.6,607.0,2022-06-18,53,simule_distributions_ademe_2023
35031,B,E,maison,2006,91.7,148.0,2022-06-18,53,simule_distributions_ademe_2023
35341,F,G,appartement,1941,46.8,415.0,2022-06-18,53,simule_distributions_ademe_2023
35260,D,F,appartement,1987,70.1,289.0,2022-06-19,53,simule_distributions_ademe_2023
29249,E,B,maison,1983,65.6,454.0,2022-06-19,53,simule_distributions_ademe_2023
29350,C,G,appartement,1990,100.1,221.0,2022-06-19,53,simule_distributions_ademe_2023
29346,G,D,maison,1930,99.7,452.0,2022-06-19,53,simule_distributions_ademe_2023
35204,E,F,maison,1982,49.6,559.0,2022-06-20,53,simule_distributions_ademe_2023
29317,D,G,maison,1977,36.5,292.0,2022-06-20,53,simule_distributions_ademe_2023
35048,D,D,appartement,1978,85.6,304.0,2022-06-20,53,simule_distributions_ademe_2023
22253,G,E,appartement,1937,80.6,375.0,2022-06-20,53,simule_distributions_ademe_2023
56140,E,D,maison,1981,48.3,490.0,2022-06-21,53,simule_distributions_ademe_2023
35151,D,F,maison,1965,35.1,314.0,2022-06-21,53,simule_distributions_ademe_2023
29393,E,B,appartement,1965,75.5,385.0,2022-06-21,53,simule_distributions_ademe_2023
22379,D,E,maison,1979,37.9,221.0,2022-06-21,53,simule_distributions_ademe_2023
22260,D,F,maison,1968,50.4,255.0,2022-06-22,53,simule_distributions_ademe_2023
56279,D,F,appartement,1987,57.8,213.0,2022-06-22,53,simule_distributions_ademe_2023
35279,D,E,appartement,1966,86.8,199.0,2022-06-22,53,simule_distributions_ademe_2023
35067,F,A,maison,1954,164.4,463.0,2022-06-22,53,simule_distributions_ademe_2023
35337,G,D,immeuble,1920,111.5,665.0,2022-06-23,53,simule_distributions_ademe_2023
35011,G,F,appartement,1965,116.0,647.0,2022-06-23,53,simule_distributions_ademe_2023
35292,E,D,maison,1989,18.4,347.0,2022-06-23,53,simule_distributions_ademe_2023
56099,F,E,appartement,1923,61.8,556.0,2022-06-23,53,simule_distributions_ademe_2023
56037,F,C,appartement,1940,62.9,468.0,2022-06-24,53,simule_distributions_ademe_2023
29019,A,E,appartement,1991,57.8,138.0,2022-06-24,53,simule_distributions_ademe_2023
56022,D,E,appartement,1969,122.5,225.0,2022-06-24,53,simule_distributions_ademe_2023
35371,F,F,appartement,1951,65.9,518.0,2022-06-24,53,simule_distributions_ademe_2023
35379,D,F,appartement,1976,40.5,285.0,2022-06-25,53,simule_distributions_ademe_2023
29259,D,D,maison,1987,46.4,180.0,2022-06-25,53,simule_distributions_ademe_2023
56176,G,G,appartement,1937,75.2,605.0,2022-06-25,53,simule_distributions_ademe_2023
29118,F,A,maison,1958,77.5,591.0,2022-06-25,53,simule_distributions_ademe_2023
56103,D,E,appartement,1970,99.5,182.0,2022-06-26,53,simule_distributions_ademe_2023
29348,C,C,immeuble,1998,71.5,212.0,2022-06-26,53,simule_distributions_ademe_2023
56152,D,D,maison,1989,49.3,272.0,2022-06-26,53,simule_distributions_ademe_2023
56363,C,A,maison,1998,108.3,201.0,2022-06-27,53,simule_distributions_ademe_2023
35357,F,F,maison,1950,62.0,406.0,2022-06-27,53,simule_distributions_ademe_2023
22119,D,D,appartement,1978,44.6,234.0,2022-06-27,53,simule_distributions_ademe_2023
22250,B,A,appartement,2015,56.6,134.0,2022-06-27,53,simule_distributions_ademe_2023
35156,G,B,maison,1961,38.5,415.0,2022-06-28,53,simule_distributions_ademe_2023
56259,F,F,appartement,1931,58.0,354.0,2022-06-28,53,simule_distributions_ademe_2023
22071,G,G,appartement,1967,27.9,354.0,2022-06-28,53,simule_distributions_ademe_2023
29103,D,D,maison,1965,75.1,156.0,2022-06-28,53,simule_distributions_ademe_2023
29161,F,F,appartement,1953,77.5,587.0,2022-06-29,53,simule_distributions_ademe_2023
22176,E,D,maison,1985,41.5,401.0,2022-06-29,53,simule_distributions_ademe_2023
22065,D,D,immeuble,1966,80.2,166.0,2022-06-29,53,simule_distributions_ademe_2023
22325,B,D,appartement,1994,66.0,76.0,2022-06-29,53,simule_distributions_ademe_2023
56168,E,F,appartement,1979,50.9,396.0,2022-06-30,53,simule_distributions_ademe_2023
35227,D,D,maison,1981,39.3,164.0,2022-06-30,53,simule_distributions_ademe_2023
56392,D,F,maison,1988,159.4,309.0,2022-06-30,53,simule_distributions_ademe_2023
35184,C,D,appartement,1987,59.8,273.0,2022-06-30,53,simule_distributions_ademe_2023
56053,F,F,maison,1972,85.5,495.0,2022-07-01,53,simule_distributions_ademe_2023
22036,F,C,immeuble,1954,85.9,648.0,2022-07-01,53,simule_distributions_ademe_2023
22225,F,E,appartement,1974,29.7,685.0,2022-07-01,53,simule_distributions_ademe_2023
56072,G,F,maison,1967,84.8,423.0,2022-07-01,53,simule_distributions_ademe_2023
35202,E,C,maison,1986,145.7,559.0,2022-07-02,53,simule_distributions_ademe_2023
56084,G,C,maison,1973,100.4,393.0,2022-07-02,53,simule_distributions_ademe_2023
56186,E,E,maison,1969,73.7,645.0,2022-07-02,53,simule_distributions_ademe_2023
22247,D,B,appartement,1970,99.6,224.0,2022-07-02,53,simule_distributions_ademe_2023
22015,E,D,maison,1978,63.8,414.0,2022-07-03,53,simule_distributions_ademe_2023
35088,D,C,maison,1993,109.4,249.0,2022-07-03,53,simule_distributions_ademe_2023
29133,F,F,maison,1932,76.9,568.0,2022-07-03,53,simule_distributions_ademe_2023
35271,C,A,appartement,2019,127.3,194.0,2022-07-03,53,simule_distributions_ademe_2023
29205,A,F,appartement,2019,50.3,101.0,2022-07-04,53,simule_distributions_ademe_2023
22147,E,A,appartement,1983,72.2,578.0,2022-07-04,53,simule_distributions_ademe_2023
35120,F,C,appartement,1936,18.0,597.0,2022-07-04,53,simule_distributions_ademe_2023
35244,E,B,maison,1989,72.6,537.0,2022-07-04,53,simule_distributions_ademe_2023
56377,F,E,maison,1972,54.6,520.0,2022-07-05,53,simule_distributions_ademe_2023
22388,E,C,maison,1986,52.4,667.0,2022-07-05,53,simule_distributions_ademe_2023
22027,F,G,maison,1920,50.7,442.0,2022-07-05,53,simule_distributions_ademe_2023
35213,E,E,maison,1974,81.4,541.0,2022-07-05,53,simule_distributions_ademe_2023
22175,D,F,appartement,1971,24.6,304.0,2022-07-06,53,simule_distributions_ademe_2023
35048,E,C,appartement,1993,93.8,422.0,2022-07-06,53,simule_distributions_ademe_2023
22068,D,E,appartement,1986,158.7,218.0,2022-07-06,53,simule_distributions_ademe_2023
29068,B,F,appartement,2004,30.1,116.0,2022-07-06,53,simule_distributions_ademe_2023
29159,E,F,maison,1968,57.4,659.0,2022-07-07,53,simule_distributions_ademe_2023
56112,E,C,appartement,1970,30.6,382.0,2022-07-07,53,simule_distributions_ademe_2023
29116,F,D,maison,1951,57.3,388.0,2022-07-07,53,simule_distributions_ademe_2023
22380,F,E,appartement,1941,109.6,393.0,2022-07-08,53,simule_distributions_ademe_2023
56075,B,D,appartement,2001,25.8,117.0,2022-07-08,53,simule_distributions_ademe_2023
35065,D,E,appartement,1982,48.3,284.0,2022-07-08,53,simule_distributions_ademe_2023
29226,G,F,maison,1935,32.0,356.0,2022-07-08,53,simule_distributions_ademe_2023
29209,D,D,maison,1978,50.5,279.0,2022-07-09,53,simule_distributions_ademe_2023
29286,E,E,appartement,1989,147.2,350.0,2022-07-09,53,simule_distributions_ademe_2023
35278,C,F,maison,2018,122.7,155.0,2022-07-09,53,simule_distributions_ademe_2023
56084,E,D,maison,1985,69.8,332.0,2022-07-09,53,simule_distributions_ademe_2023
29211,E,C,maison,1988,52.8,581.0,2022-07-10,53,simule_distributions_ademe_2023
29124,G,D,immeuble,1942,63.3,597.0,2022-07-10,53,simule_distributions_ademe_2023
22270,C,C,appartement,1987,71.6,174.0,2022-07-10,53,simule_distributions_ademe_2023
29150,E,D,maison,1981,54.9,424.0,2022-07-10,53,simule_distributions_ademe_2023
35189,C,F,appartement,2017,71.2,275.0,2022-07-11,53,simule_distributions_ademe_2023
56222,C,F,maison,2003,55.2,215.0,2022-07-11,53,simule_distributions_ademe_2023
56301,E,E,maison,1977,202.5,502.0,2022-07-11,53,simule_distributions_ademe_2023
35210,D,G,appartement,1989,70.6,156.0,2022-07-11,53,simule_distributions_ademe_2023
29204,D,C,maison,1980,44.2,262.0,2022-07-12,53,simule_distributions_ademe_2023
35037,B,D,appartement,1992,115.9,118.0,2022-07-12,53,simule_distributions_ademe_2023
22052,E,F,appartement,1981,195.2,558.0,2022-07-12,53,simule_distributions_ademe_2023
29315,F,D,appartement,1956,69.7,545.0,2022-07-12,53,simule_distributions_ademe_2023
22361,D,G,maison,1984,55.3,323.0,2022-07-13,53,simule_distributions_ademe_2023
29121,F,C,appartement,1943,44.6,463.0,2022-07-13,53,simule_distributions_ademe_2023
22314,C,E,maison,1990,81.8,253.0,2022-07-13,53,simule_distributions_ademe_2023
35347,B,C,appartement,2007,69.1,62.0,2022-07-13,53,simule_distributions_ademe_2023
22245,F,E,maison,1962,42.1,505.0,2022-07-14,53,simule_distributions_ademe_2023
35229,D,F,maison,1973,98.8,298.0,2022-07-14,53,simule_distributions_ademe_2023
56389,F,D,appartement,1938,51.0,653.0,2022-07-14,53,simule_distributions_ademe_2023
22379,G,F,immeuble,1949,51.1,518.0,2022-07-14,53,simule_distributions_ademe_2023
22371,D,C,appartement,1974,39.8,230.0,2022-07-15,53,simule_distributions_ademe_2023
35249,D,F,appartement,1965,32.8,311.0,2022-07-15,53,simule_distributions_ademe_2023
56066,F,F,maison,1966,91.1,407.0,2022-07-15,53,simule_distributions_ademe_2023
35159,F,D,maison,1930,77.7,337.0,2022-07-15,53,simule_distributions_ademe_2023
22303,E,D,maison,1969,76.0,560.0,2022-07-16,53,simule_distributions_ademe_2023
56210,F,D,maison,1966,32.2,513.0,2022-07-16,53,simule_distributions_ademe_2023
22241,G,C,maison,1974,68.8,447.0,2022-07-16,53,simule_distributions_ademe_2023
56399,C,E,appartement,1985,57.7,317.0,2022-07-16,53,simule_distributions_ademe_2023
35077,E,C,appartement,1992,54.7,697.0,2022-07-17,53,simule_distributions_ademe_2023
22240,E,G,maison,1985,51.9,368.0,2022-07-17,53,simule_distributions_ademe_2023
29204,C,E,maison,2018,55.0,273.0,2022-07-17,53,simule_distributions_ademe_2023
22105,G,B,maison,1935,39.3,352.0,2022-07-17,53,simule_distributions_ademe_2023
56209,C,A,appartement,2006,28.8,275.0,2022-07-18,53,simule_distributions_ademe_2023
22379,B,C,maison,1993,91.5,84.0,2022-07-18,53,simule_distributions_ademe_2023
29214,G,F,maison,1946,146.8,350.0,2022-07-18,53,simule_distributions_ademe_2023
56245,D,D,appartement,1977,66.5,294.0,2022-07-19,53,simule_distributions_ademe_2023
35177,B,E,appartement,2009,79.2,60.0,2022-07-19,53,simule_distributions_ademe_2023
56253,E,D,maison,1969,36.7,334.0,2022-07-19,53,simule_distributions_ademe_2023
22054,G,D,appartement,1971,32.3,609.0,2022-07-19,53,simule_distributions_ademe_2023
22107,D,A,appartement,1987,186.8,245.0,2022-07-20,53,simule_distributions_ademe_2023
56002,A,E,appartement,1995,78.3,92.0,2022-07-20,53,simule_distributions_ademe_2023
56066,D,E,maison,1987,28.1,249.0,2022-07-20,53,simule_distributions_ademe_2023
56009,G,D,appartement,1972,79.6,483.0,2022-07-20,53,simule_distributions_ademe_2023
29078,E,D,appartement,1967,84.5,672.0,2022-07-21,53,simule_distributions_ademe_2023
22375,E,C,maison,1985,99.0,639.0,2022-07-21,53,simule_distributions_ademe_2023
35231,E,C,appartement,1967,52.7,510.0,2022-07-21,53,simule_distributions_ademe_2023
35167,G,G,maison,1955,49.2,370.0,2022-07-21,53,simule_distributions_ademe_2023
56138,D,D,maison,1982,67.5,274.0,2022-07-22,53,simule_distributions_ademe_2023
22267,F,A,appartement,1925,61.8,689.0,2022-07-22,53,simule_distributions_ademe_2023
35278,D,G,maison,1967,81.4,152.0,2022-07-22,53,simule_distributions_ademe_2023
29261,E,G,maison,1972,47.3,672.0,2022-07-22,53,simule_distributions_ademe_2023
22026,F,C,appartement,1974,80.7,433.0,2022-07-23,53,simule_distributions_ademe_2023
22096,C,D,maison,1998,164.8,203.0,2022-07-23,53,simule_distributions_ademe_2023
35153,C,E,appartement,2008,53.9,237.0,2022-07-23,53,simule_distributions_ademe_2023
22191,F,G,appartement,1927,105.4,454.0,2022-07-23,53,simule_distributions_ademe_2023
35389,E,E,maison,1989,107.6,571.0,2022-07-24,53,simule_distributions_ademe_2023
56046,E,D,appartement,1976,48.7,685.0,2022-07-24,53,simule_distributions_ademe_2023
35080,E,C,maison,1969,129.3,582.0,2022-07-24,53,simule_distributions_ademe_2023
56138,F,D,immeuble,1965,32.4,518.0,2022-07-24,53,simule_distributions_ademe_2023
35321,D,G,appartement,1983,43.3,200.0,2022-07-25,53,simule_distributions_ademe_2023
35100,E,E,appartement,1974,66.2,585.0,2022-07-25,53,simule_distributions_ademe_2023
56228,D,F,appartement,1993,93.7,213.0,2022-07-25,53,simule_distributions_ademe_2023
22219,E,F,maison,1979,72.5,490.0,2022-07-25,53,simule_distributions_ademe_2023
35110,E,D,maison,1984,138.1,394.0,2022-07-26,53,simule_distributions_ademe_2023
22205,B,F,appartement,1993,78.7,130.0,2022-07-26,53,simule_distributions_ademe_2023
29222,B,D,maison,1999,63.0,75.0,2022-07-26,53,simule_distributions_ademe_2023
56103,F,F,immeuble,1957,85.1,432.0,2022-07-26,53,simule_distributions_ademe_2023
29256,F,F,appartement,1942,32.9,482.0,2022-07-27,53,simule_distributions_ademe_2023
29130,D,D,maison,1971,149.6,275.0,2022-07-27,53,simule_distributions_ademe_2023
29362,G,F,appartement,1940,73.8,390.0,2022-07-27,53,simule_distributions_ademe_2023
35176,B,E,appartement,2005,51.2,107.0,2022-07-27,53,simule_distributions_ademe_2023
29286,E,G,appartement,1973,27.4,417.0,2022-07-28,53,simule_distributions_ademe_2023
35360,E,D,maison,1992,48.6,625.0,2022-07-28,53,simule_distributions_ademe_2023
56329,D,E,appartement,1970,64.8,310.0,2022-07-28,53,simule_distributions_ademe_2023
35038,F,D,appartement,1966,53.4,407.0,2022-07-28,53,simule_distributions_ademe_2023
56236,D,B,appartement,1986,146.4,298.0,2022-07-29,53,simule_distributions_ademe_2023
56145,C,G,maison,1995,64.4,287.0,2022-07-29,53,simule_distributions_ademe_2023
35295,E,G,appartement,1977,61.8,428.0,2022-07-29,53,simule_distributions_ademe_2023
56295,D,G,appartement,1984,149.7,266.0,2022-07-30,53,simule_distributions_ademe_2023
29357,G,D,maison,1920,55.0,333.0,2022-07-30,53,simule_distributions_ademe_2023
22308,E,C,appartement,1989,43.2,612.0,2022-07-30,53,simule_distributions_ademe_2023
56005,E,B,appartement,1980,83.2,507.0,2022-07-30,53,simule_distributions_ademe_2023
22247,C,D,maison,1992,75.1,233.0,2022-07-31,53,simule_distributions_ademe_2023
56216,F,E,appartement,1924,124.1,468.0,2022-07-31,53,simule_distributions_ademe_2023
22083,G,F,maison,1930,65.3,676.0,2022-07-31,53,simule_distributions_ademe_2023
56343,D,F,appartement,1969,68.5,210.0,2022-07-31,53,simule_distributions_ademe_2023
56132,C,E,appartement,2006,83.6,206.0,2022-08-01,53,simule_distributions_ademe_2023
56321,C,D,maison,1994,92.8,154.0,2022-08-01,53,simule_distributions_ademe_2023
22188,E,E,maison,1969,128.4,476.0,2022-08-01,53,simule_distributions_ademe_2023
29250,E,D,appartement,1991,77.2,663.0,2022-08-01,53,simule_distributions_ademe_2023
35034,G,C,appartement,1951,57.3,652.0,2022-08-02,53,simule_distributions_ademe_2023
56187,E,G,maison,1978,149.8,443.0,2022-08-02,53,simule_distributions_ademe_2023
22234,E,G,maison,1992,54.4,501.0,2022-08-02,53,simule_distributions_ademe_2023
35255,D,D,maison,1970,222.3,324.0,2022-08-02,53,simule_distributions_ademe_2023
29123,E,F,appartement,1982,60.4,463.0,2022-08-03,53,simule_distributions_ademe_2023
22338,D,F,maison,1994,54.7,280.0,2022-08-03,53,simule_distributions_ademe_2023
29135,D,G,appartement,1974,69.3,317.0,2022-08-03,53,simule_distributions_ademe_2023
35109,G,F,maison,1928,236.3,609.0,2022-08-03,53,simule_distributions_ademe_2023
29186,C,E,maison,2018,156.6,326.0,2022-08-04,53,simule_distributions_ademe_2023
56357,E,E,appartement,1990,73.1,386.0,2022-08-04,53,simule_distributions_ademe_2023
29299,F,E,appartement,1974,97.7,420.0,2022-08-04,53,simule_distributions_ademe_2023
22251,A,F,immeuble,1996,48.9,100.0,2022-08-04,53,simule_distributions_ademe_2023
56204,E,D,appartement,1991,27.7,521.0,2022-08-05,53,simule_distributions_ademe_2023
35251,C,E,appartement,1987,41.5,185.0,2022-08-05,53,simule_distributions_ademe_2023
22347,C,D,maison,2012,122.4,183.0,2022-08-05,53,simule_distributions_ademe_2023
22327,F,D,appartement,1965,78.7,626.0,2022-08-05,53,simule_distributions_ademe_2023
56211,E,G,maison,1990,49.7,496.0,2022-08-06,53,simule_distributions_ademe_2023
35193,B,C,appartement,2009,81.9,65.0,2022-08-06,53,simule_distributions_ademe_2023
56354,E,C,maison,1982,39.2,696.0,2022-08-06,53,simule_distributions_ademe_2023
22279,E,G,maison,1981,52.4,488.0,2022-08-06,53,simule_distributions_ademe_2023
22092,D,C,maison,1992,109.7,155.0,2022-08-07,53,simule_distributions_ademe_2023
22304,C,G,appartement,2007,58.9,250.0,2022-08-07,53,simule_distributions_ademe_2023
35165,E,G,immeuble,1983,53.6,426.0,2022-08-07,53,simule_distributions_ademe_2023
29228,D,D,appartement,1986,45.3,285.0,2022-08-07,53,simule_distributions_ademe_2023
22209,G,E,appartement,1971,59.6,609.0,2022-08-08,53,simule_distributions_ademe_2023
56312,D,D,maison,1973,43.6,277.0,2022-08-08,53,simule_distributions_ademe_2023
29213,F,A,appartement,1926,58.4,432.0,2022-08-08,53,simule_distributions_ademe_2023
56030,G,F,maison,1947,131.2,649.0,2022-08-08,53,simule_distributions_ademe_2023
35352,E,E,appartement,1988,84.6,674.0,2022-08-09,53,simule_distributions_ademe_2023
29191,C,D,maison,1990,80.8,169.0,2022-08-09,53,simule_distributions_ademe_2023
22330,G,F,maison,1934,103.8,598.0,2022-08-09,53,simule_distributions_ademe_2023
22085,D,E,appartement,1992,75.8,241.0,2022-08-10,53,simule_distributions_ademe_2023
22068,G,F,appartement,1924,70.9,555.0,2022-08-10,53,simule_distributions_ademe_2023
22164,E,C,appartement,1992,63.0,557.0,2022-08-10,53,simule_distributions_ademe_2023
22136,A,D,maison,2019,134.3,136.0,2022-08-10,53,simule_distributions_ademe_2023
35195,C,G,maison,2016,120.8,226.0,2022-08-11,53,simule_distributions_ademe_2023
22269,E,F,maison,1989,35.0,380.0,2022-08-11,53,simule_distributions_ademe_2023
56244,D,F,maison,1984,57.1,275.0,2022-08-11,53,simule_distributions_ademe_2023
35295,F,D,appartement,1930,51.3,662.0,2022-08-11,53,simule_distributions_ademe_2023
35174,D,F,maison,1981,186.3,166.0,2022-08-12,53,simule_distributions_ademe_2023
22312,D,G,maison,1988,98.5,156.0,2022-08-12,53,simule_distributions_ademe_2023
22315,D,G,appartement,1978,85.4,314.0,2022-08-12,53,simule_distributions_ademe_2023
35026,G,D,maison,1928,56.8,559.0,2022-08-12,53,simule_distributions_ademe_2023
56003,D,E,immeuble,1976,49.1,190.0,2022-08-13,53,simule_distributions_ademe_2023
56256,A,G,maison,1998,50.2,101.0,2022-08-13,53,simule_distributions_ademe_2023
35115,E,G,appartement,1968,57.1,510.0,2022-08-13,53,simule_distributions_ademe_2023
35302,E,B,appartement,1978,50.1,507.0,2022-08-13,53,simule_distributions_ademe_2023
22262,C,A,appartement,1999,52.6,320.0,2022-08-14,53,simule_distributions_ademe_2023
56210,E,E,maison,1989,53.5,576.0,2022-08-14,53,simule_distributions_ademe_2023
29236,C,D,maison,2001,28.9,280.0,2022-08-14,53,simule_distributions_ademe_2023
35343,C,C,maison,1990,75.0,328.0,2022-08-14,53,simule_distributions_ademe_2023
35017,D,F,maison,1983,63.9,320.0,2022-08-15,53,simule_distributions_ademe_2023
29242,D,G,maison,1983,88.4,180.0,2022-08-15,53,simule_distributions_ademe_2023
22023,F,E,maison,1958,149.8,384.0,2022-08-15,53,simule_distributions_ademe_2023
22109,F,B,appartement,1934,18.0,456.0,2022-08-15,53,simule_distributions_ademe_2023
56170,E,C,appartement,1970,124.9,345.0,2022-08-16,53,simule_distributions_ademe_2023
22371,D,G,maison,1981,87.2,261.0,2022-08-16,53,simule_distributions_ademe_2023
56099,D,A,maison,1988,120.1,207.0,2022-08-16,53,simule_distributions_ademe_2023
35036,F,E,maison,1952,37.3,655.0,2022-08-16,53,simule_distributions_ademe_2023
56281,E,E,appartement,1991,26.2,508.0,2022-08-17,53,simule_distributions_ademe_2023
22315,E,D,maison,1970,78.7,413.0,2022-08-17,53,simule_distributions_ademe_2023
29391,G,E,maison,1964,49.4,564.0,2022-08-17,53,simule_distributions_ademe_2023
56149,B,F,maison,2000,72.4,90.0,2022-08-17,53,simule_distributions_ademe_2023
56319,D,C,maison,1979,54.1,175.0,2022-08-18,53,simule_distributions_ademe_2023
35009,A,C,maison,2007,71.6,128.0,2022-08-18,53,simule_distributions_ademe_2023
22271,F,F,maison,1926,44.7,608.0,2022-08-18,53,simule_distributions_ademe_2023
22033,E,B,maison,1994,194.0,508.0,2022-08-18,53,simule_distributions_ademe_2023
29232,C,D,maison,2010,46.4,261.0,2022-08-19,53,simule_distributions_ademe_2023
35184,E,C,maison,1994,37.0,602.0,2022-08-19,53,simule_distributions_ademe_2023
56069,F,D,appartement,1946,76.2,480.0,2022-08-19,53,simule_distributions_ademe_2023
35006,E,E,maison,1983,36.7,668.0,2022-08-19,53,simule_distributions_ademe_2023
35046,C,G,appartement,2015,78.4,246.0,2022-08-20,53,simule_distributions_ademe_2023
56146,D,F,maison,1967,36.2,285.0,2022-08-20,53,simule_distributions_ademe_2023
56309,E,D,maison,1972,119.3,519.0,2022-08-20,53,simule_distributions_ademe_2023
56096,G,F,maison,1951,102.7,345.0,2022-08-21,53,simule_distributions_ademe_2023
35172,G,E,maison,1969,35.2,547.0,2022-08-21,53,simule_distributions_ademe_2023
35387,E,C,maison,1981,49.4,639.0,2022-08-21,53,simule_distributions_ademe_2023
22271,D,F,appartement,1989,69.9,184.0,2022-08-21,53,simule_distributions_ademe_2023
22383,G,E,appartement,1947,48.4,519.0,2022-08-22,53,simule_distributions_ademe_2023
22280,C,B,appartement,2011,22.2,308.0,2022-08-22,53,simule_distributions_ademe_2023
29027,F,G,appartement,1957,68.9,433.0,2022-08-22,53,simule_distributions_ademe_2023
29097,C,F,appartement,2004,278.8,178.0,2022-08-22,53,simule_distributions_ademe_2023
56278,F,D,maison,1932,24.2,695.0,2022-08-23,53,simule_distributions_ademe_2023
29230,C,F,appartement,1999,54.8,286.0,2022-08-23,53,simule_distributions_ademe_2023
56239,E,E,appartement,1977,157.1,559.0,2022-08-23,53,simule_distributions_ademe_2023
22392,E,B,appartement,1969,176.2,592.0,2022-08-23,53,simule_distributions_ademe_2023
22179,A,G,appartement,1990,37.4,111.0,2022-08-24,53,simule_distributions_ademe_2023
35067,E,D,appartement,1971,48.5,590.0,2022-08-24,53,simule_distributions_ademe_2023
35269,F,D,appartement,1959,138.5,401.0,2022-08-24,53,simule_distributions_ademe_2023
22219,B,E,maison,1995,49.2,103.0,2022-08-24,53,simule_distributions_ademe_2023
56262,F,E,appartement,1971,58.6,500.0,2022-08-25,53,simule_distributions_ademe_2023
35097,E,C,maison,1971,151.8,424.0,2022-08-25,53,simule_distributions_ademe_2023
29282,C,E,maison,2018,148.0,268.0,2022-08-25,53,simule_distributions_ademe_2023
29187,E,E,appartement,1979,94.7,614.0,2022-08-25,53,simule_distributions_ademe_2023
29314,F,E,maison,1928,49.1,428.0,2022-08-26,53,simule_distributions_ademe_2023
56204,E,F,maison,1968,165.9,685.0,2022-08-26,53,simule_distributions_ademe_2023
29260,D,G,appartement,1992,103.6,161.0,2022-08-26,53,simule_distributions_ademe_2023
35075,E,G,appartement,1988,226.2,466.0,2022-08-26,53,simule_distributions_ademe_2023
35058,D,G,appartement,1976,76.7,191.0,2022-08-27,53,simule_distributions_ademe_2023
56091,E,E,appartement,1983,51.4,506.0,2022-08-27,53,simule_distributions_ademe_2023
29244,G,D,maison,1944,82.3,599.0,2022-08-27,53,simule_distributions_ademe_2023
22307,E,F,maison,1976,89.6,668.0,2022-08-27,53,simule_distributions_ademe_2023
56079,D,D,maison,1987,47.0,198.0,2022-08-28,53,simule_distributions_ademe_2023
22125,G,C,appartement,1951,132.4,395.0,2022-08-28,53,simule_distributions_ademe_2023
22178,G,D,maison,1927,44.3,344.0,2022-08-28,53,simule_distributions_ademe_2023
29046,G,F,maison,1968,69.3,405.0,2022-08-28,53,simule_distributions_ademe_2023
22340,G,D,appartement,1971,91.5,448.0,2022-08-29,53,simule_distributions_ademe_2023
29306,C,D,maison,2017,38.5,256.0,2022-08-29,53,simule_distributions_ademe_2023
35168,A,G,maison,2002,104.3,112.0,2022-08-29,53,simule_distributions_ademe_2023
56237,G,E,appartement,1928,32.9,434.0,2022-08-29,53,simule_distributions_ademe_2023
29336,F,E,maison,1947,70.9,591.0,2022-08-30,53,simule_distributions_ademe_2023
29026,E,F,maison,1969,41.9,548.0,2022-08-30,53,simule_distributions_ademe_2023
22071,D,F,appartement,1984,72.8,322.0,2022-08-30,53,simule_distributions_ademe_2023
35196,E,F,appartement,1969,87.6,694.0,2022-08-30,53,simule_distributions_ademe_2023
22281,C,F,maison,1985,54.0,264.0,2022-08-31,53,simule_distributions_ademe_2023
56204,A,D,appartement,1988,150.4,107.0,2022-08-31,53,simule_distributions_ademe_2023
29369,E,B,maison,1983,122.1,345.0,2022-08-31,53,simule_distributions_ademe_2023
22352,D,E,maison,1973,55.6,250.0,2022-09-01,53,simule_distributions_ademe_2023
22363,D,A,appartement,1981,87.7,268.0,2022-09-01,53,simule_distributions_ademe_2023
22071,F,F,immeuble,1965,99.3,423.0,2022-09-01,53,simule_distributions_ademe_2023
29044,C,E,appartement,1990,41.6,254.0,2022-09-01,53,simule_distributions_ademe_2023
29241,D,E,appartement,1990,44.5,151.0,2022-09-02,53,simule_distributions_ademe_2023
35251,A,G,maison,2010,234.8,75.0,2022-09-02,53,simule_distributions_ademe_2023
35063,E,G,maison,1966,150.1,693.0,2022-09-02,53,simule_distributions_ademe_2023
56239,C,E,appartement,1993,94.5,272.0,2022-09-02,53,simule_distributions_ademe_2023
22315,F,G,appartement,1964,44.3,526.0,2022-09-03,53,simule_distributions_ademe_2023
56050,E,G,maison,1988,48.8,466.0,2022-09-03,53,simule_distributions_ademe_2023
56123,D,E,appartement,1969,62.7,241.0,2022-09-03,53,simule_distributions_ademe_2023
22170,E,F,maison,1973,53.2,402.0,2022-09-03,53,simule_distributions_ademe_2023
29102,A,D,appartement,1989,65.1,144.0,2022-09-04,53,simule_distributions_ademe_2023
35040,D,D,appartement,1992,188.1,259.0,2022-09-04,53,simule_distributions_ademe_2023
22355,D,G,maison,1965,166.9,328.0,2022-09-04,53,simule_distributions_ademe_2023
56002,E,G,appartement,1970,53.4,471.0,2022-09-04,53,simule_distributions_ademe_2023
22035,B,F,maison,2002,77.0,101.0,2022-09-05,53,simule_distributions_ademe_2023
29009,D,F,maison,1993,70.9,209.0,2022-09-05,53,simule_distributions_ademe_2023
56132,B,F,appartement,2006,60.8,123.0,2022-09-05,53,simule_distributions_ademe_2023
22167,C,B,maison,2005,38.2,158.0,2022-09-05,53,simule_distributions_ademe_2023
29062,D,C,maison,1971,81.4,302.0,2022-09-06,53,simule_distributions_ademe_2023
35290,B,G,appartement,2018,68.5,73.0,2022-09-06,53,simule_distributions_ademe_2023
35321,C,B,appartement,2005,76.5,209.0,2022-09-06,53,simule_distributions_ademe_2023
35202,E,A,maison,1987,206.8,646.0,2022-09-06,53,simule_distributions_ademe_2023
35229,C,G,maison,1993,119.6,286.0,2022-09-07,53,simule_distributions_ademe_2023
29264,D,G,appartement,1990,56.7,226.0,2022-09-07,53,simule_distributions_ademe_2023
56296,D,F,maison,1980,60.5,218.0,2022-09-07,53,simule_distributions_ademe_2023
56395,E,D,maison,1982,54.2,485.0,2022-09-07,53,simule_distributions_ademe_2023
56006,D,E,maison,1990,93.6,160.0,2022-09-08,53,simule_distributions_ademe_2023
35190,A,D,maison,2003,57.8,105.0,2022-09-08,53,simule_distributions_ademe_2023
35350,E,E,appartement,1981,35.4,546.0,2022-09-08,53,simule_distributions_ademe_2023
22150,F,F,maison,1951,86.0,692.0,2022-09-08,53,simule_distributions_ademe_2023
35219,D,D,appartement,1987,60.8,227.0,2022-09-09,53,simule_distributions_ademe_2023
29276,E,E,maison,1994,37.5,698.0,2022-09-09,53,simule_distributions_ademe_2023
29223,E,F,maison,1987,49.1,497.0,2022-09-09,53,simule_distributions_ademe_2023
29287,C,F,appartement,2016,43.4,258.0,2022-09-09,53,simule_distributions_ademe_2023
35198,A,F,maison,2010,49.6,147.0,2022-09-10,53,simule_distributions_ademe_2023
35351,F,E,maison,1968,95.9,516.0,2022-09-10,53,simule_distributions_ademe_2023
56205,F,F,maison,1970,25.9,359.0,2022-09-10,53,simule_distributions_ademe_2023
29307,E,G,maison,1968,58.4,575.0,2022-09-10,53,simule_distributions_ademe_2023
56132,G,F,maison,1948,78.6,577.0,2022-09-11,53,simule_distributions_ademe_2023
29313,C,G,appartement,2009,117.2,183.0,2022-09-11,53,simule_distributions_ademe_2023
35369,G,A,maison,1940,79.6,568.0,2022-09-11,53,simule_distributions_ademe_2023
56244,B,C,appartement,2014,36.7,92.0,2022-09-12,53,simule_distributions_ademe_2023
56081,F,A,appartement,1927,51.0,583.0,2022-09-12,53,simule_distributions_ademe_2023
29152,E,F,maison,1992,82.5,635.0,2022-09-12,53,simule_distributions_ademe_2023
35234,C,F,maison,1999,39.2,172.0,2022-09-12,53,simule_distributions_ademe_2023
29321,B,G,maison,2010,78.1,105.0,2022-09-13,53,simule_distributions_ademe_2023
56149,G,E,appartement,1927,73.9,689.0,2022-09-13,53,simule_distributions_ademe_2023
29058,D,E,maison,1971,71.1,238.0,2022-09-13,53,simule_distributions_ademe_2023
22236,D,G,appartement,1985,43.0,222.0,2022-09-13,53,simule_distributions_ademe_2023
56025,G,D,maison,1955,75.5,410.0,2022-09-14,53,simule_distributions_ademe_2023
56340,D,D,maison,1978,62.9,213.0,2022-09-14,53,simule_distributions_ademe_2023
35202,E,G,maison,1988,82.8,393.0,2022-09-14,53,simule_distributions_ademe_2023
35108,D,A,maison,1992,32.0,198.0,2022-09-14,53,simule_distributions_ademe_2023
29258,E,G,maison,1971,39.7,527.0,2022-09-15,53,simule_distributions_ademe_2023
22065,C,F,appartement,1985,55.5,251.0,2022-09-15,53,simule_distributions_ademe_2023
56309,E,E,appartement,1966,58.9,599.0,2022-09-15,53,simule_distributions_ademe_2023
29314,D,B,maison,1968,77.5,230.0,2022-09-15,53,simule_distributions_ademe_2023
35170,E,E,maison,1979,59.1,420.0,2022-09-16,53,simule_distributions_ademe_2023
22304,C,E,maison,2006,48.9,300.0,2022-09-16,53,simule_distributions_ademe_2023
22323,F,B,appartement,1968,21.7,387.0,2022-09-16,53,simule_distributions_ademe_2023
56070,D,F,immeuble,1984,134.3,216.0,2022-09-16,53,simule_distributions_ademe_2023
29053,G,D,maison,1967,64.8,483.0,2022-09-17,53,simule_distributions_ademe_2023
29190,B,B,maison,2015,35.4,65.0,2022-09-17,53,simule_distributions_ademe_2023
56025,C,D,appartement,1992,29.0,239.0,2022-09-17,53,simule_distributions_ademe_2023
56249,D,D,appartement,1993,145.0,305.0,2022-09-17,53,simule_distributions_ademe_2023
22249,E,C,appartement,1980,61.1,537.0,2022-09-18,53,simule_distributions_ademe_2023
29081,C,E,immeuble,1998,29.6,276.0,2022-09-18,53,simule_distributions_ademe_2023
56242,C,F,appartement,2014,63.7,158.0,2022-09-18,53,simule_distributions_ademe_2023
35275,D,D,maison,1990,102.8,232.0,2022-09-18,53,simule_distributions_ademe_2023
29111,G,D,appartement,1942,26.5,345.0,2022-09-19,53,simule_distributions_ademe_2023
35053,D,C,maison,1987,85.9,261.0,2022-09-19,53,simule_distributions_ademe_2023
22398,C,F,appartement,1990,50.8,187.0,2022-09-19,53,simule_distributions_ademe_2023
56273,E,C,appartement,1977,72.3,671.0,2022-09-19,53,simule_distributions_ademe_2023
35211,F,F,maison,1936,33.0,340.0,2022-09-20,53,simule_distributions_ademe_2023
22247,F,C,appartement,1946,30.6,590.0,2022-09-20,53,simule_distributions_ademe_2023
29162,D,C,maison,1981,83.0,154.0,2022-09-20,53,simule_distributions_ademe_2023
35236,C,F,maison,2017,112.1,200.0,2022-09-20,53,simule_distributions_ademe_2023
35318,D,D,maison,1976,90.7,243.0,2022-09-21,53,simule_distributions_ademe_2023
56161,F,C,appartement,1956,97.0,452.0,2022-09-21,53,simule_distributions_ademe_2023
35016,B,D,maison,2019,86.8,113.0,2022-09-21,53,simule_distributions_ademe_2023
35311,B,E,appartement,1990,39.1,129.0,2022-09-21,53,simule_distributions_ademe_2023
29205,E,B,appartement,1984,136.2,536.0,2022-09-22,53,simule_distributions_ademe_2023
35162,D,F,maison,1974,50.6,314.0,2022-09-22,53,simule_distributions_ademe_2023
56273,F,F,maison,1924,45.9,670.0,2022-09-22,53,simule_distributions_ademe_2023
56193,D,D,appartement,1994,40.6,165.0,2022-09-23,53,simule_distributions_ademe_2023
56008,E,E,appartement,1971,124.8,498.0,2022-09-23,53,simule_distributions_ademe_2023
35256,B,F,maison,2004,46.3,90.0,2022-09-23,53,simule_distributions_ademe_2023
35257,E,F,appartement,1978,41.4,388.0,2022-09-23,53,simule_distributions_ademe_2023
22319,E,E,appartement,1994,40.6,555.0,2022-09-24,53,simule_distributions_ademe_2023
29177,B,E,appartement,1991,60.2,117.0,2022-09-24,53,simule_distributions_ademe_2023
35008,D,E,appartement,1975,34.2,289.0,2022-09-24,53,simule_distributions_ademe_2023
29081,G,D,maison,1931,62.4,494.0,2022-09-24,53,simule_distributions_ademe_2023
29344,F,F,appartement,1959,35.9,392.0,2022-09-25,53,simule_distributions_ademe_2023
22386,C,D,appartement,2014,104.5,280.0,2022-09-25,53,simule_distributions_ademe_2023
29334,E,F,maison,1987,122.8,609.0,2022-09-25,53,simule_distributions_ademe_2023
29181,D,F,appartement,1981,51.8,271.0,2022-09-25,53,simule_distributions_ademe_2023
22038,C,D,appartement,2018,65.5,183.0,2022-09-26,53,simule_distributions_ademe_2023
35381,D,E,maison,1965,22.6,311.0,2022-09-26,53,simule_distributions_ademe_2023
35332,E,C,appartement,1971,314.6,482.0,2022-09-26,53,simule_distributions_ademe_2023
35103,C,F,appartement,1988,88.8,246.0,2022-09-26,53,simule_distributions_ademe_2023
29274,E,G,maison,1974,64.0,474.0,2022-09-27,53,simule_distributions_ademe_2023
29322,A,C,maison,1992,110.7,97.0,2022-09-27,53,simule_distributions_ademe_2023
35173,D,D,maison,1975,71.9,259.0,2022-09-27,53,simule_distributions_ademe_2023
56228,F,E,immeuble,1972,35.5,691.0,2022-09-27,53,simule_distributions_ademe_2023
35137,D,E,appartement,1971,50.9,182.0,2022-09-28,53,simule_distributions_ademe_2023
22094,C,G,maison,2011,112.9,232.0,2022-09-28,53,simule_distributions_ademe_2023
35280,F,G,appartement,1960,109.9,591.0,2022-09-28,53,simule_distributions_ademe_2023
29170,E,F,maison,1984,43.5,523.0,2022-09-28,53,simule_distributions_ademe_2023
29030,G,F,appartement,1962,53.9,482.0,2022-09-29,53,simule_distributions_ademe_2023
56239,C,D,immeuble,2004,177.6,313.0,2022-09-29,53,simule_distributions_ademe_2023
22289,F,G,maison,1925,70.2,515.0,2022-09-29,53,simule_distributions_ademe_2023
29049,F,C,appartement,1924,42.5,362.0,2022-09-29,53,simule_distributions_ademe_2023
35091,E,E,maison,1992,115.7,548.0,2022-09-30,53,simule_distributions_ademe_2023
35009,F,E,maison,1942,25.1,418.0,2022-09-30,53,simule_distributions_ademe_2023
22361,D,G,maison,1978,72.9,290.0,2022-09-30,53,simule_distributions_ademe_2023
22182,B,E,appartement,2014,63.9,86.0,2022-09-30,53,simule_distributions_ademe_2023
35100,C,E,appartement,2005,57.9,221.0,2022-10-01,53,simule_distributions_ademe_2023
22255,D,F,appartement,1993,61.0,163.0,2022-10-01,53,simule_distributions_ademe_2023
29200,C,E,appartement,2004,154.4,218.0,2022-10-01,53,simule_distributions_ademe_2023
29078,D,G,maison,1976,43.3,252.0,2022-10-01,53,simule_distributions_ademe_2023
22160,F,F,maison,1940,79.1,364.0,2022-10-02,53,simule_distributions_ademe_2023
22247,E,D,maison,1981,83.2,493.0,2022-10-02,53,simule_distributions_ademe_2023
22221,E,D,appartement,1966,92.9,691.0,2022-10-02,53,simule_distributions_ademe_2023
56064,E,E,appartement,1975,80.4,481.0,2022-10-02,53,simule_distributions_ademe_2023
56306,D,E,immeuble,1982,75.0,200.0,2022-10-03,53,simule_distributions_ademe_2023
29097,D,F,appartement,1986,35.8,327.0,2022-10-03,53,simule_distributions_ademe_2023
22207,D,D,appartement,1973,65.1,290.0,2022-10-03,53,simule_distributions_ademe_2023
56382,G,E,maison,1969,141.1,593.0,2022-10-04,53,simule_distributions_ademe_2023
22252,C,G,appartement,2001,34.5,202.0,2022-10-04,53,simule_distributions_ademe_2023
22033,E,F,appartement,1991,39.9,382.0,2022-10-04,53,simule_distributions_ademe_2023
35039,C,F,maison,1992,61.6,314.0,2022-10-04,53,simule_distributions_ademe_2023
29368,G,D,maison,1935,130.6,432.0,2022-10-05,53,simule_distributions_ademe_2023
22249,D,D,maison,1966,93.2,219.0,2022-10-05,53,simule_distributions_ademe_2023
29189,D,F,appartement,1976,53.5,285.0,2022-10-05,53,simule_distributions_ademe_2023
22052,C,E,maison,2005,27.3,177.0,2022-10-05,53,simule_distributions_ademe_2023
35083,C,C,maison,1989,81.9,211.0,2022-10-06,53,simule_distributions_ademe_2023
29288,C,F,maison,2016,143.4,304.0,2022-10-06,53,simule_distributions_ademe_2023
22238,C,F,maison,2009,109.4,229.0,2022-10-06,53,simule_distributions_ademe_2023
22006,D,G,maison,1989,32.3,213.0,2022-10-06,53,simule_distributions_ademe_2023
29270,C,E,maison,2005,43.8,237.0,2022-10-07,53,simule_distributions_ademe_2023
22050,B,E,appartement,2003,53.0,85.0,2022-10-07,53,simule_distributions_ademe_2023
29138,D,D,appartement,1979,44.3,266.0,2022-10-07,53,simule_distributions_ademe_2023
29111,D,E,maison,1993,30.0,282.0,2022-10-07,53,simule_distributions_ademe_2023
22052,C,E,appartement,2005,41.1,152.0,2022-10-08,53,simule_distributions_ademe_2023
35332,C,E,appartement,1993,32.7,161.0,2022-10-08,53,simule_distributions_ademe_2023
56370,B,F,maison,1989,77.4,63.0,2022-10-08,53,simule_distributions_ademe_2023
22048,E,C,maison,1991,50.5,413.0,2022-10-08,53,simule_distributions_ademe_2023
22051,E,D,maison,1980,88.8,546.0,2022-10-09,53,simule_distributions_ademe_2023
29101,F,G,appartement,1951,81.1,666.0,2022-10-09,53,simule_distributions_ademe_2023
22291,D,F,immeuble,1992,75.1,250.0,2022-10-09,53,simule_distributions_ademe_2023
56007,D,E,maison,1989,36.7,306.0,2022-10-09,53,simule_distributions_ademe_2023
22070,E,D,maison,1980,148.1,447.0,2022-10-10,53,simule_distributions_ademe_2023
29290,D,D,maison,1979,104.2,224.0,2022-10-10,53,simule_distributions_ademe_2023
35190,E,E,maison,1972,49.4,671.0,2022-10-10,53,simule_distributions_ademe_2023
29188,E,D,appartement,1974,69.0,445.0,2022-10-10,53,simule_distributions_ademe_2023
35252,C,E,maison,1987,73.4,274.0,2022-10-11,53,simule_distributions_ademe_2023
35141,E,F,appartement,1985,110.5,483.0,2022-10-11,53,simule_distributions_ademe_2023
29103,C,E,maison,2018,85.1,227.0,2022-10-11,53,simule_distributions_ademe_2023
35232,D,C,appartement,1967,79.2,319.0,2022-10-11,53,simule_distributions_ademe_2023
29291,F,G,appartement,1967,54.0,340.0,2022-10-12,53,simule_distributions_ademe_2023
29315,F,F,maison,1945,46.0,486.0,2022-10-12,53,simule_distributions_ademe_2023
22152,C,G,immeuble,1994,48.7,281.0,2022-10-12,53,simule_distributions_ademe_2023
35098,G,D,appartement,1931,93.0,490.0,2022-10-12,53,simule_distributions_ademe_2023
29322,C,D,maison,1987,29.8,281.0,2022-10-13,53,simule_distributions_ademe_2023
29362,E,D,appartement,1976,74.7,676.0,2022-10-13,53,simule_distributions_ademe_2023
35052,C,C,immeuble,2014,52.7,154.0,2022-10-13,53,simule_distributions_ademe_2023
56172,C,G,maison,1993,67.6,235.0,2022-10-13,53,simule_distributions_ademe_2023
22158,B,C,appartement,1995,124.5,130.0,2022-10-14,53,simule_distributions_ademe_2023
35373,D,D,maison,1968,56.0,278.0,2022-10-14,53,simule_distributions_ademe_2023
22300,D,B,maison,1985,48.4,266.0,2022-10-14,53,simule_distributions_ademe_2023
35128,D,F,appartement,1989,30.8,290.0,2022-10-15,53,simule_distributions_ademe_2023
35011,D,E,maison,1973,110.8,167.0,2022-10-15,53,simule_distributions_ademe_2023
29128,E,D,maison,1986,69.8,607.0,2022-10-15,53,simule_distributions_ademe_2023
56241,B,E,appartement,2012,46.9,85.0,2022-10-15,53,simule_distributions_ademe_2023
56250,D,E,maison,1992,107.1,178.0,2022-10-16,53,simule_distributions_ademe_2023
35092,C,G,maison,1996,138.4,326.0,2022-10-16,53,simule_distributions_ademe_2023
29256,E,E,maison,1974,48.3,393.0,2022-10-16,53,simule_distributions_ademe_2023
35013,B,B,maison,1996,57.5,135.0,2022-10-16,53,simule_distributions_ademe_2023
56318,F,E,maison,1941,82.2,528.0,2022-10-17,53,simule_distributions_ademe_2023
29276,B,F,maison,1986,85.8,77.0,2022-10-17,53,simule_distributions_ademe_2023
22117,G,F,maison,1955,35.7,593.0,2022-10-17,53,simule_distributions_ademe_2023
35038,C,F,appartement,1992,70.2,259.0,2022-10-17,53,simule_distributions_ademe_2023
22262,D,F,immeuble,1993,20.6,245.0,2022-10-18,53,simule_distributions_ademe_2023
22090,G,C,maison,1956,40.6,549.0,2022-10-18,53,simule_distributions_ademe_2023
56307,B,G,appartement,1986,98.1,106.0,2022-10-18,53,simule_distributions_ademe_2023
35161,F,C,maison,1933,98.3,532.0,2022-10-18,53,simule_distributions_ademe_2023
56031,C,D,appartement,2012,70.6,269.0,2022-10-19,53,simule_distributions_ademe_2023
35209,F,F,maison,1931,68.6,567.0,2022-10-19,53,simule_distributions_ademe_2023
22165,F,C,maison,1943,114.2,413.0,2022-10-19,53,simule_distributions_ademe_2023
35257,D,F,maison,1972,69.5,264.0,2022-10-19,53,simule_distributions_ademe_2023
56219,E,E,maison,1985,44.4,681.0,2022-10-20,53,simule_distributions_ademe_2023
29098,G,C,maison,1955,202.8,653.0,2022-10-20,53,simule_distributions_ademe_2023
29159,A,F,maison,2007,83.3,130.0,2022-10-20,53,simule_distributions_ademe_2023
22107,B,E,appartement,2000,102.7,89.0,2022-10-20,53,simule_distributions_ademe_2023
29289,F,D,appartement,1953,85.8,558.0,2022-10-21,53,simule_distributions_ademe_2023
56369,F,G,appartement,1963,40.3,522.0,2022-10-21,53,simule_distributions_ademe_2023
56271,E,E,appartement,1978,75.1,393.0,2022-10-21,53,simule_distributions_ademe_2023
29200,E,E,appartement,1967,61.1,380.0,2022-10-21,53,simule_distributions_ademe_2023
22376,D,E,maison,1983,120.8,274.0,2022-10-22,53,simule_distributions_ademe_2023
56087,D,D,maison,1971,32.2,233.0,2022-10-22,53,simule_distributions_ademe_2023
29259,D,D,maison,1975,39.6,285.0,2022-10-22,53,simule_distributions_ademe_2023
56048,E,D,maison,1984,41.3,517.0,2022-10-22,53,simule_distributions_ademe_2023
29360,G,C,maison,1950,90.5,672.0,2022-10-23,53,simule_distributions_ademe_2023
22133,B,C,maison,2005,38.6,66.0,2022-10-23,53,simule_distributions_ademe_2023
29327,C,E,appartement,1994,56.4,168.0,2022-10-23,53,simule_distributions_ademe_2023
29321,E,F,appartement,1976,68.8,484.0,2022-10-23,53,simule_distributions_ademe_2023
35221,C,G,maison,2012,30.3,203.0,2022-10-24,53,simule_distributions_ademe_2023
56111,C,D,maison,2016,104.6,270.0,2022-10-24,53,simule_distributions_ademe_2023
29247,D,E,maison,1988,143.1,167.0,2022-10-24,53,simule_distributions_ademe_2023
35351,C,E,maison,2000,48.2,243.0,2022-10-25,53,simule_distributions_ademe_2023
29305,E,F,appartement,1965,29.4,644.0,2022-10-25,53,simule_distributions_ademe_2023
22026,E,B,appartement,1988,83.5,601.0,2022-10-25,53,simule_distributions_ademe_2023
56203,B,E,maison,2013,60.0,84.0,2022-10-25,53,simule_distributions_ademe_2023
29138,D,F,maison,1991,74.5,208.0,2022-10-26,53,simule_distributions_ademe_2023
35172,C,D,maison,2003,58.1,206.0,2022-10-26,53,simule_distributions_ademe_2023
29072,B,F,maison,2004,65.5,132.0,2022-10-26,53,simule_distributions_ademe_2023
56225,E,D,maison,1966,164.4,650.0,2022-10-26,53,simule_distributions_ademe_2023
29337,F,C,maison,1964,80.2,583.0,2022-10-27,53,simule_distributions_ademe_2023
22322,F,G,maison,1949,50.2,332.0,2022-10-27,53,simule_distributions_ademe_2023
22371,F,E,maison,1966,36.4,587.0,2022-10-27,53,simule_distributions_ademe_2023
35182,G,E,maison,1961,42.3,366.0,2022-10-27,53,simule_distributions_ademe_2023
22168,A,E,appartement,2018,153.6,115.0,2022-10-28,53,simule_distributions_ademe_2023
56297,F,B,appartement,1964,62.7,635.0,2022-10-28,53,simule_distributions_ademe_2023
22029,D,G,maison,1994,102.9,280.0,2022-10-28,53,simule_distributions_ademe_2023
29123,E,D,appartement,1972,157.6,467.0,2022-10-28,53,simule_distributions_ademe_2023
56326,C,E,immeuble,2013,66.4,221.0,2022-10-29,53,simule_distributions_ademe_2023
35167,C,F,maison,2000,77.0,330.0,2022-10-29,53,simule_distributions_ademe_2023
22061,F,D,appartement,1960,24.7,366.0,2022-10-29,53,simule_distributions_ademe_2023
35049,F,C,appartement,1923,60.1,540.0,2022-10-29,53,simule_distributions_ademe_2023
29314,G,B,maison,1920,52.9,604.0,2022-10-30,53,simule_distributions_ademe_2023
56321,G,E,appartement,1942,82.5,509.0,2022-10-30,53,simule_distributions_ademe_2023
22370,C,G,appartement,1999,52.6,187.0,2022-10-30,53,simule_distributions_ademe_2023
35247,G,C,appartement,1971,42.1,511.0,2022-10-30,53,simule_distributions_ademe_2023
35178,E,D,immeuble,1973,94.4,453.0,2022-10-31,53,simule_distributions_ademe_2023
22028,E,C,appartement,1979,62.7,530.0,2022-10-31,53,simule_distributions_ademe_2023
35150,F,G,appartement,1942,92.8,387.0,2022-10-31,53,simule_distributions_ademe_2023
22181,G,E,appartement,1925,59.0,566.0,2022-10-31,53,simule_distributions_ademe_2023
35277,G,G,maison,1974,55.7,343.0,2022-11-01,53,simule_distributions_ademe_2023
22253,F,D,maison,1921,93.3,417.0,2022-11-01,53,simule_distributions_ademe_2023
29163,E,F,appartement,1973,77.4,688.0,2022-11-01,53,simule_distributions_ademe_2023
22338,B,E,appartement,1988,118.2,55.0,2022-11-01,53,simule_distributions_ademe_2023
29301,A,D,appartement,2018,83.5,92.0,2022-11-02,53,simule_distributions_ademe_2023
35344,C,E,appartement,2019,26.1,178.0,2022-11-02,53,simule_distributions_ademe_2023
22385,F,D,appartement,1972,89.7,446.0,2022-11-02,53,simule_distributions_ademe_2023
22040,D,F,maison,1970,65.1,220.0,2022-11-02,53,simule_distributions_ademe_2023
56125,E,D,appartement,1986,129.8,653.0,2022-11-03,53,simule_distributions_ademe_2023
29083,G,D,appartement,1966,98.0,482.0,2022-11-03,53,simule_distributions_ademe_2023
35106,A,A,appartement,2004,42.0,116.0,2022-11-03,53,simule_distributions_ademe_2023
56101,G,E,appartement,1946,43.9,585.0,2022-11-03,53,simule_distributions_ademe_2023
56261,F,B,maison,1938,23.1,433.0,2022-11-04,53,simule_distributions_ademe_2023
56318,F,C,maison,1974,63.4,478.0,2022-11-04,53,simule_distributions_ademe_2023
35004,D,G,appartement,1983,31.1,255.0,2022-11-04,53,simule_distributions_ademe_2023
29345,G,C,maison,1968,100.6,489.0,2022-11-05,53,simule_distributions_ademe_2023
56262,C,E,immeuble,2018,81.0,300.0,2022-11-05,53,simule_distributions_ademe_2023
22262,D,D,appartement,1980,77.8,266.0,2022-11-05,53,simule_distributions_ademe_2023
56177,E,E,appartement,1990,41.9,613.0,2022-11-05,53,simule_distributions_ademe_2023
56248,D,G,maison,1989,45.6,235.0,2022-11-06,53,simule_distributions_ademe_2023
22044,D,F,appartement,1965,77.3,179.0,2022-11-06,53,simule_distributions_ademe_2023
29093,E,E,appartement,1989,84.3,415.0,2022-11-06,53,simule_distributions_ademe_2023
56350,F,D,appartement,1970,52.5,594.0,2022-11-06,53,simule_distributions_ademe_2023
35257,G,F,appartement,1956,52.8,683.0,2022-11-07,53,simule_distributions_ademe_2023
22228,E,D,maison,1979,77.5,609.0,2022-11-07,53,simule_distributions_ademe_2023
35255,G,B,maison,1965,51.8,464.0,2022-11-07,53,simule_distributions_ademe_2023
29150,C,D,maison,2019,66.9,166.0,2022-11-07,53,simule_distributions_ademe_2023
56120,E,D,appartement,1985,123.5,636.0,2022-11-08,53,simule_distributions_ademe_2023
56291,E,E,maison,1968,46.1,652.0,2022-11-08,53,simule_distributions_ademe_2023
56313,G,D,maison,1958,117.0,688.0,2022-11-08,53,simule_distributions_ademe_2023
56156,E,F,appartement,1972,70.3,571.0,2022-11-08,53,simule_distributions_ademe_2023
29019,C,D,appartement,1991,29.0,268.0,2022-11-09,53,simule_distributions_ademe_2023
35154,D,E,maison,1980,75.8,248.0,2022-11-09,53,simule_distributions_ademe_2023
29377,E,E,appartement,1966,88.0,437.0,2022-11-09,53,simule_distributions_ademe_2023
22367,C,E,maison,2006,55.0,294.0,2022-11-09,53,simule_distributions_ademe_2023
22160,A,E,appartement,2005,46.5,69.0,2022-11-10,53,simule_distributions_ademe_2023
56341,F,B,appartement,1921,156.3,481.0,2022-11-10,53,simule_distributions_ademe_2023
56122,B,E,appartement,1987,44.8,106.0,2022-11-10,53,simule_distributions_ademe_2023
35193,C,D,maison,2016,27.0,214.0,2022-11-10,53,simule_distributions_ademe_2023
29383,E,C,maison,1976,175.9,358.0,2022-11-11,53,simule_distributions_ademe_2023
56032,E,C,appartement,1977,123.8,420.0,2022-11-11,53,simule_distributions_ademe_2023
22298,D,F,maison,1984,172.7,258.0,2022-11-11,53,simule_distributions_ademe_2023
56141,F,F,appartement,1944,66.2,619.0,2022-11-11,53,simule_distributions_ademe_2023
35087,D,D,appartement,1981,73.3,227.0,2022-11-12,53,simule_distributions_ademe_2023
29380,D,D,appartement,1984,140.6,180.0,2022-11-12,53,simule_distributions_ademe_2023
56263,E,F,immeuble,1969,43.3,346.0,2022-11-12,53,simule_distributions_ademe_2023
22173,A,E,appartement,1989,47.2,66.0,2022-11-12,53,simule_distributions_ademe_2023
35300,C,G,immeuble,2017,41.3,232.0,2022-11-13,53,simule_distributions_ademe_2023
22022,D,D,maison,1977,33.4,248.0,2022-11-13,53,simule_distributions_ademe_2023
22293,F,C,appartement,1962,36.2,520.0,2022-11-13,53,simule_distributions_ademe_2023
35134,D,E,appartement,1986,74.3,249.0,2022-11-13,53,simule_distributions_ademe_2023
56181,E,D,maison,1987,57.9,369.0,2022-11-14,53,simule_distributions_ademe_2023
29279,D,C,appartement,1990,37.2,289.0,2022-11-14,53,simule_distributions_ademe_2023
35076,E,G,appartement,1980,27.1,633.0,2022-11-14,53,simule_distributions_ademe_2023
56159,G,D,maison,1956,42.7,415.0,2022-11-14,53,simule_distributions_ademe_2023
56235,D,E,maison,1967,109.6,293.0,2022-11-15,53,simule_distributions_ademe_2023
56180,C,F,appartement,2000,34.9,326.0,2022-11-15,53,simule_distributions_ademe_2023
56366,C,A,maison,2012,120.1,205.0,2022-11-15,53,simule_distributions_ademe_2023
22376,A,F,appartement,2001,93.4,86.0,2022-11-16,53,simule_distributions_ademe_2023
56018,F,E,maison,1964,164.6,693.0,2022-11-16,53,simule_distributions_ademe_2023
35107,C,C,maison,2001,51.3,243.0,2022-11-16,53,simule_distributions_ademe_2023
35311,E,B,appartement,1965,91.5,422.0,2022-11-16,53,simule_distributions_ademe_2023
29206,C,A,appartement,2009,53.8,312.0,2022-11-17,53,simule_distributions_ademe_2023
35133,E,F,maison,1968,90.1,353.0,2022-11-17,53,simule_distributions_ademe_2023
22124,D,F,maison,1976,23.1,230.0,2022-11-17,53,simule_distributions_ademe_2023
22108,E,F,appartement,1993,83.8,400.0,2022-11-17,53,simule_distributions_ademe_2023
56379,D,A,appartement,1974,69.5,260.0,2022-11-18,53,simule_distributions_ademe_2023
29366,D,D,appartement,1967,38.0,207.0,2022-11-18,53,simule_distributions_ademe_2023
56277,D,E,maison,1977,91.8,311.0,2022-11-18,53,simule_distributions_ademe_2023
22031,F,C,maison,1974,36.4,692.0,2022-11-18,53,simule_distributions_ademe_2023
29170,D,C,maison,1969,125.0,158.0,2022-11-19,53,simule_distributions_ademe_2023
29192,E,E,appartement,1976,36.9,548.0,2022-11-19,53,simule_distributions_ademe_2023
35002,B,G,appartement,1988,125.9,77.0,2022-11-19,53,simule_distributions_ademe_2023
56066,D,D,maison,1967,31.4,305.0,2022-11-19,53,simule_distributions_ademe_2023
29196,B,D,maison,1992,108.7,123.0,2022-11-20,53,simule_distributions_ademe_2023
29339,E,C,appartement,1974,105.1,370.0,2022-11-20,53,simule_distributions_ademe_2023
56188,F,E,appartement,1955,34.5,580.0,2022-11-20,53,simule_distributions_ademe_2023
29279,D,G,appartement,1987,24.8,180.0,2022-11-20,53,simule_distributions_ademe_2023
56210,D,D,maison,1979,78.2,329.0,2022-11-21,53,simule_distributions_ademe_2023
35286,D,G,appartement,1979,119.1,218.0,2022-11-21,53,simule_distributions_ademe_2023
56012,E,D,maison,1980,64.2,690.0,2022-11-21,53,simule_distributions_ademe_2023
22095,D,C,maison,1983,150.5,245.0,2022-11-21,53,simule_distributions_ademe_2023
22349,B,D,appartement,2017,89.7,146.0,2022-11-22,53,simule_distributions_ademe_2023
29214,D,D,maison,1977,28.6,239.0,2022-11-22,53,simule_distributions_ademe_2023
35014,C,B,maison,1989,42.8,188.0,2022-11-22,53,simule_distributions_ademe_2023
22232,C,B,appartement,2002,76.0,229.0,2022-11-22,53,simule_distributions_ademe_2023
35159,B,F,appartement,2002,63.9,65.0,2022-11-23,53,simule_distributions_ademe_2023
56019,G,G,maison,1966,33.0,533.0,2022-11-23,53,simule_distributions_ademe_2023
22234,G,C,appartement,1922,168.4,480.0,2022-11-23,53,simule_distributions_ademe_2023
29001,B,E,maison,1991,49.4,55.0,2022-11-23,53,simule_distributions_ademe_2023
29167,G,F,maison,1926,62.6,385.0,2022-11-24,53,simule_distributions_ademe_2023
29018,G,E,appartement,1927,99.7,574.0,2022-11-24,53,simule_distributions_ademe_2023
29396,E,B,maison,1982,38.3,455.0,2022-11-24,53,simule_distributions_ademe_2023
29166,F,D,maison,1972,34.8,483.0,2022-11-24,53,simule_distributions_ademe_2023
22380,D,E,appartement,1976,185.5,323.0,2022-11-25,53,simule_distributions_ademe_2023
56143,D,B,maison,1969,89.9,173.0,2022-11-25,53,simule_distributions_ademe_2023
35357,B,B,appartement,1988,37.6,65.0,2022-11-25,53,simule_distributions_ademe_2023
56219,G,E,appartement,1935,91.4,457.0,2022-11-25,53,simule_distributions_ademe_2023
56373,F,G,appartement,1963,58.8,630.0,2022-11-26,53,simule_distributions_ademe_2023
22097,D,D,maison,1981,49.6,243.0,2022-11-26,53,simule_distributions_ademe_2023
35353,C,E,maison,2012,90.5,328.0,2022-11-26,53,simule_distributions_ademe_2023
22248,F,G,maison,1956,63.8,665.0,2022-11-27,53,simule_distributions_ademe_2023
29208,C,C,appartement,2001,47.1,294.0,2022-11-27,53,simule_distributions_ademe_2023
22182,E,F,appartement,1988,55.8,381.0,2022-11-27,53,simule_distributions_ademe_2023
35058,E,E,maison,1990,59.3,512.0,2022-11-27,53,simule_distributions_ademe_2023
56314,G,D,immeuble,1960,67.3,432.0,2022-11-28,53,simule_distributions_ademe_2023
29383,B,D,appartement,2006,29.9,133.0,2022-11-28,53,simule_distributions_ademe_2023
29197,F,F,appartement,1957,197.4,690.0,2022-11-28,53,simule_distributions_ademe_2023
29203,C,E,maison,2012,47.2,304.0,2022-11-28,53,simule_distributions_ademe_2023
29110,D,E,appartement,1986,78.2,282.0,2022-11-29,53,simule_distributions_ademe_2023
22334,G,E,appartement,1949,63.9,579.0,2022-11-29,53,simule_distributions_ademe_2023
22245,E,F,maison,1986,59.0,552.0,2022-11-29,53,simule_distributions_ademe_2023
35363,F,B,maison,1952,27.2,645.0,2022-11-29,53,simule_distributions_ademe_2023
56244,D,C,maison,1965,55.8,272.0,2022-11-30,53,simule_distributions_ademe_2023
35211,D,G,maison,1985,206.8,244.0,2022-11-30,53,simule_distributions_ademe_2023
29163,C,E,appartement,2018,136.4,161.0,2022-11-30,53,simule_distributions_ademe_2023
29047,F,G,maison,1972,43.7,576.0,2022-11-30,53,simule_distributions_ademe_2023
22346,F,D,maison,1958,77.3,595.0,2022-12-01,53,simule_distributions_ademe_2023
35171,E,D,maison,1972,151.4,668.0,2022-12-01,53,simule_distributions_ademe_2023
22378,E,F,appartement,1991,49.5,590.0,2022-12-01,53,simule_distributions_ademe_2023
56333,E,E,appartement,1967,75.4,363.0,2022-12-01,53,simule_distributions_ademe_2023
22004,D,F,maison,1969,125.7,217.0,2022-12-02,53,simule_distributions_ademe_2023
29234,C,E,maison,2015,119.7,275.0,2022-12-02,53,simule_distributions_ademe_2023
29031,E,C,maison,1994,50.7,435.0,2022-12-02,53,simule_distributions_ademe_2023
35092,E,D,maison,1968,72.6,369.0,2022-12-02,53,simule_distributions_ademe_2023
29380,D,F,maison,1992,119.3,308.0,2022-12-03,53,simule_distributions_ademe_2023
22227,E,E,maison,1993,33.6,405.0,2022-12-03,53,simule_distributions_ademe_2023
56074,C,F,maison,1986,27.4,261.0,2022-12-03,53,simule_distributions_ademe_2023
56325,D,B,appartement,1993,46.5,220.0,2022-12-03,53,simule_distributions_ademe_2023
22177,G,C,appartement,1941,43.0,390.0,2022-12-04,53,simule_distributions_ademe_2023
22137,D,C,appartement,1990,176.8,201.0,2022-12-04,53,simule_distributions_ademe_2023
56292,E,F,appartement,1980,129.1,700.0,2022-12-04,53,simule_distributions_ademe_2023
22170,C,E,appartement,1990,64.6,218.0,2022-12-04,53,simule_distributions_ademe_2023
29259,G,F,appartement,1948,120.3,592.0,2022-12-05,53,simule_distributions_ademe_2023
56046,E,B,maison,1969,45.2,630.0,2022-12-05,53,simule_distributions_ademe_2023
35005,B,F,maison,2019,117.1,53.0,2022-12-05,53,simule_distributions_ademe_2023
29394,F,G,appartement,1936,47.4,468.0,2022-12-05,53,simule_distributions_ademe_2023
22084,D,C,maison,1980,69.0,171.0,2022-12-06,53,simule_distributions_ademe_2023
22187,D,B,appartement,1982,68.1,267.0,2022-12-06,53,simule_distributions_ademe_2023
56266,F,E,maison,1971,97.0,510.0,2022-12-06,53,simule_distributions_ademe_2023
35261,F,G,appartement,1967,39.4,388.0,2022-12-06,53,simule_distributions_ademe_2023
35141,D,F,maison,1984,176.3,171.0,2022-12-07,53,simule_distributions_ademe_2023
29168,F,E,appartement,1946,52.8,603.0,2022-12-07,53,simule_distributions_ademe_2023
56164,F,C,maison,1931,55.8,641.0,2022-12-07,53,simule_distributions_ademe_2023
29080,D,A,appartement,1971,62.1,302.0,2022-12-08,53,simule_distributions_ademe_2023
29244,F,C,maison,1927,64.0,437.0,2022-12-08,53,simule_distributions_ademe_2023
29151,E,F,appartement,1989,98.7,498.0,2022-12-08,53,simule_distributions_ademe_2023
22012,D,G,appartement,1991,81.5,228.0,2022-12-08,53,simule_distributions_ademe_2023
22199,F,F,maison,1950,253.0,354.0,2022-12-09,53,simule_distributions_ademe_2023
22089,C,E,immeuble,2009,18.0,328.0,2022-12-09,53,simule_distributions_ademe_2023
29162,F,E,maison,1929,99.7,423.0,2022-12-09,53,simule_distributions_ademe_2023
22049,E,F,maison,1979,128.5,522.0,2022-12-09,53,simule_distributions_ademe_2023
56081,G,F,appartement,1931,110.4,394.0,2022-12-10,53,simule_distributions_ademe_2023
56062,C,C,maison,1993,112.6,188.0,2022-12-10,53,simule_distributions_ademe_2023
29198,E,E,appartement,1982,18.0,380.0,2022-12-10,53,simule_distributions_ademe_2023
35224,F,D,appartement,1931,54.2,432.0,2022-12-10,53,simule_distributions_ademe_2023
29268,D,A,maison,1970,122.8,322.0,2022-12-11,53,simule_distributions_ademe_2023
35091,G,C,appartement,1947,62.9,464.0,2022-12-11,53,simule_distributions_ademe_2023
56129,F,D,appartement,1953,65.0,555.0,2022-12-11,53,simule_distributions_ademe_2023
29311,F,F,appartement,1933,64.7,682.0,2022-12-11,53,simule_distributions_ademe_2023
22068,F,D,appartement,1924,46.0,361.0,2022-12-12,53,simule_distributions_ademe_2023
29215,D,D,appartement,1980,110.1,239.0,2022-12-12,53,simule_distributions_ademe_2023
35395,C,F,maison,2011,72.3,194.0,2022-12-12,53,simule_distributions_ademe_2023
56018,F,F,maison,1923,36.6,595.0,2022-12-12,53,simule_distributions_ademe_2023
22273,E,D,appartement,1982,158.5,460.0,2022-12-13,53,simule_distributions_ademe_2023
35088,E,B,maison,1968,101.3,519.0,2022-12-13,53,simule_distributions_ademe_2023
56376,B,D,maison,2012,25.9,88.0,2022-12-13,53,simule_distributions_ademe_2023
22188,F,E,appartement,1926,37.4,483.0,2022-12-13,53,simule_distributions_ademe_2023
22250,E,B,appartement,1966,68.7,440.0,2022-12-14,53,simule_distributions_ademe_2023
22277,D,F,appartement,1969,95.8,322.0,2022-12-14,53,simule_distributions_ademe_2023
29393,G,B,maison,1972,40.4,615.0,2022-12-14,53,simule_distributions_ademe_2023
56035,D,F,appartement,1990,80.6,244.0,2022-12-14,53,simule_distributions_ademe_2023
29038,D,D,appartement,1970,64.0,320.0,2022-12-15,53,simule_distributions_ademe_2023
22191,D,E,maison,1994,88.8,296.0,2022-12-15,53,simule_distributions_ademe_2023
29198,C,D,appartement,2016,37.2,187.0,2022-12-15,53,simule_distributions_ademe_2023
56087,F,F,maison,1932,97.2,572.0,2022-12-15,53,simule_distributions_ademe_2023
29384,D,E,appartement,1993,39.7,180.0,2022-12-16,53,simule_distributions_ademe_2023
56255,F,E,maison,1967,283.9,684.0,2022-12-16,53,simule_distributions_ademe_2023
22027,B,E,maison,2017,84.3,115.0,2022-12-16,53,simule_distributions_ademe_2023
56066,G,D,maison,1966,88.6,469.0,2022-12-16,53,simule_distributions_ademe_2023
22112,D,E,appartement,1973,106.5,245.0,2022-12-17,53,simule_distributions_ademe_2023
29055,F,G,appartement,1929,124.6,584.0,2022-12-17,53,simule_distributions_ademe_2023
35154,F,C,appartement,1939,59.5,449.0,2022-12-17,53,simule_distributions_ademe_2023
35290,C,D,appartement,1997,24.1,155.0,2022-12-17,53,simule_distributions_ademe_2023
35229,E,E,appartement,1965,49.6,588.0,2022-12-18,53,simule_distributions_ademe_2023
56390,G,F,maison,1956,56.1,596.0,2022-12-18,53,simule_distributions_ademe_2023
35175,C,G,appartement,2009,64.1,206.0,2022-12-18,53,simule_distributions_ademe_2023
22184,B,F,immeuble,2012,113.1,85.0,2022-12-19,53,simule_distributions_ademe_2023
35252,D,C,maison,1970,46.1,170.0,2022-12-19,53,simule_distributions_ademe_2023
35228,D,E,appartement,1970,44.7,293.0,2022-12-19,53,simule_distributions_ademe_2023
35267,F,B,appartement,1943,88.0,365.0,2022-12-19,53,simule_distributions_ademe_2023
22187,D,D,maison,1973,39.7,277.0,2022-12-20,53,simule_distributions_ademe_2023
29299,E,F,immeuble,1969,46.1,698.0,2022-12-20,53,simule_distributions_ademe_2023
22355,E,C,maison,1989,64.4,471.0,2022-12-20,53,simule_distributions_ademe_2023
56313,E,C,maison,1966,25.7,406.0,2022-12-20,53,simule_distributions_ademe_2023
29368,F,C,appartement,1974,56.9,698.0,2022-12-21,53,simule_distributions_ademe_2023
56124,F,E,maison,1947,115.3,486.0,2022-12-21,53,simule_distributions_ademe_2023
56099,F,E,maison,1935,118.4,381.0,2022-12-21,53,simule_distributions_ademe_2023
56197,D,F,maison,1984,66.8,196.0,2022-12-21,53,simule_distributions_ademe_2023
29056,D,G,appartement,1994,53.1,219.0,2022-12-22,53,simule_distributions_ademe_2023
35183,C,A,maison,2017,88.7,185.0,2022-12-22,53,simule_distributions_ademe_2023
22274,B,G,appartement,2000,70.6,81.0,2022-12-22,53,simule_distributions_ademe_2023
56369,F,D,maison,1924,43.9,593.0,2022-12-22,53,simule_distributions_ademe_2023
29150,E,D,appartement,1991,87.6,597.0,2022-12-23,53,simule_distributions_ademe_2023
35066,E,C,appartement,1985,67.9,472.0,2022-12-23,53,simule_distributions_ademe_2023
56126,G,D,appartement,1932,91.0,700.0,2022-12-23,53,simule_distributions_ademe_2023
35392,G,E,maison,1957,34.9,341.0,2022-12-23,53,simule_distributions_ademe_2023
56041,C,C,appartement,2000,129.7,200.0,2022-12-24,53,simule_distributions_ademe_2023
29293,E,F,appartement,1988,84.9,626.0,2022-12-24,53,simule_distributions_ademe_2023
22175,G,E,appartement,1972,95.9,572.0,2022-12-24,53,simule_distributions_ademe_2023
22360,D,E,maison,1967,85.4,324.0,2022-12-24,53,simule_distributions_ademe_2023
22289,E,D,maison,1994,46.9,530.0,2022-12-25,53,simule_distributions_ademe_2023
29032,F,G,immeuble,1951,47.8,584.0,2022-12-25,53,simule_distributions_ademe_2023
56289,C,A,maison,2001,55.2,303.0,2022-12-25,53,simule_distributions_ademe_2023
56016,E,F,appartement,1968,62.5,402.0,2022-12-25,53,simule_distributions_ademe_2023
35356,E,B,maison,1987,174.0,687.0,2022-12-26,53,simule_distributions_ademe_2023
56151,E,D,appartement,1983,61.2,530.0,2022-12-26,53,simule_distributions_ademe_2023
29092,D,F,appartement,1983,73.7,264.0,2022-12-26,53,simule_distributions_ademe_2023
29126,G,D,appartement,1932,86.0,462.0,2022-12-26,53,simule_distributions_ademe_2023
56032,E,G,appartement,1987,26.6,613.0,2022-12-27,53,simule_distributions_ademe_2023
29397,F,G,immeuble,1974,63.4,335.0,2022-12-27,53,simule_distributions_ademe_2023
35362,E,E,appartement,1967,43.6,633.0,2022-12-27,53,simule_distributions_ademe_2023
22330,C,F,appartement,2008,86.6,219.0,2022-12-27,53,simule_distributions_ademe_2023
56044,B,G,appartement,2003,149.0,110.0,2022-12-28,53,simule_distributions_ademe_2023
22275,F,F,appartement,1970,59.8,553.0,2022-12-28,53,simule_distributions_ademe_2023
56173,F,D,appartement,1935,58.2,619.0,2022-12-28,53,simule_distributions_ademe_2023
56201,F,E,appartement,1971,36.6,333.0,2022-12-28,53,simule_distributions_ademe_2023
29382,D,G,appartement,1977,87.1,185.0,2022-12-29,53,simule_distributions_ademe_2023
56136,C,D,maison,2019,20.8,225.0,2022-12-29,53,simule_distributions_ademe_2023
35035,A,E,maison,1991,57.2,61.0,2022-12-29,53,simule_distributions_ademe_2023
56368,G,C,maison,1945,128.0,377.0,2022-12-30,53,simule_distributions_ademe_2023
22132,D,B,appartement,1985,72.5,183.0,2022-12-30,53,simule_distributions_ademe_2023
35246,E,F,appartement,1975,26.6,402.0,2022-12-30,53,simule_distributions_ademe_2023
56145,D,G,maison,1984,33.1,233.0,2022-12-30,53,simule_distributions_ademe_2023
29276,C,E,appartement,2003,23.5,259.0,2022-12-31,53,simule_distributions_ademe_2023
35270,C,C,maison,1998,41.0,285.0,2022-12-31,53,simule_distributions_ademe_2023
29333,E,D,appartement,1987,42.9,397.0,2022-12-31,53,simule_distributions_ademe_2023
56359,A,D,appartement,2002,33.5,85.0,2022-12-31,53,simule_distributions_ademe_2023
22171,A,C,appartement,2002,37.4,111.0,2023-01-01,53,simule_distributions_ademe_2023
56123,G,E,maison,1942,36.8,543.0,2023-01-01,53,simule_distributions_ademe_2023
35088,F,F,maison,1957,78.9,391.0,2023-01-01,53,simule_distributions_ademe_2023
29297,C,F,maison,1985,86.2,259.0,2023-01-01,53,simule_distributions_ademe_2023
29387,G,E,appartement,1970,81.3,389.0,2023-01-02,53,simule_distributions_ademe_2023
29066,F,C,maison,1973,96.8,625.0,2023-01-02,53,simule_distributions_ademe_2023
29205,D,D,maison,1993,49.4,319.0,2023-01-02,53,simule_distributions_ademe_2023
29191,E,D,appartement,1990,66.9,533.0,2023-01-02,53,simule_distributions_ademe_2023
29111,F,E,appartement,1935,65.5,454.0,2023-01-03,53,simule_distributions_ademe_2023
22021,F,E,maison,1947,93.7,494.0,2023-01-03,53,simule_distributions_ademe_2023
35148,E,E,maison,1990,78.6,430.0,2023-01-03,53,simule_distributions_ademe_2023
29167,C,G,maison,2007,79.6,178.0,2023-01-03,53,simule_distributions_ademe_2023
29080,F,G,appartement,1929,105.0,346.0,2023-01-04,53,simule_distributions_ademe_2023
56024,F,D,maison,1943,89.0,435.0,2023-01-04,53,simule_distributions_ademe_2023
56248,E,E,maison,1993,73.1,569.0,2023-01-04,53,simule_distributions_ademe_2023
29223,C,A,appartement,1989,45.5,313.0,2023-01-04,53,simule_distributions_ademe_2023
29398,G,F,maison,1962,43.8,466.0,2023-01-05,53,simule_distributions_ademe_2023
29332,D,E,appartement,1991,68.4,228.0,2023-01-05,53,simule_distributions_ademe_2023
22024,E,E,maison,1990,37.2,698.0,2023-01-05,53,simule_distributions_ademe_2023
22155,C,G,appartement,1992,98.2,317.0,2023-01-05,53,simule_distributions_ademe_2023
35363,D,F,immeuble,1993,99.1,165.0,2023-01-06,53,simule_distributions_ademe_2023
22006,E,D,appartement,1976,34.0,520.0,2023-01-06,53,simule_distributions_ademe_2023
35396,F,F,maison,1961,80.1,482.0,2023-01-06,53,simule_distributions_ademe_2023
29018,D,D,maison,1967,35.4,276.0,2023-01-06,53,simule_distributions_ademe_2023
56165,D,E,maison,1978,45.1,325.0,2023-01-07,53,simule_distributions_ademe_2023
29265,E,F,maison,1990,73.8,396.0,2023-01-07,53,simule_distributions_ademe_2023
56072,F,D,maison,1955,38.1,596.0,2023-01-07,53,simule_distributions_ademe_2023
56096,D,D,appartement,1966,73.0,292.0,2023-01-07,53,simule_distributions_ademe_2023
56242,D,E,maison,1970,37.8,228.0,2023-01-08,53,simule_distributions_ademe_2023
22134,E,B,immeuble,1984,87.3,624.0,2023-01-08,53,simule_distributions_ademe_2023
29037,E,D,appartement,1968,46.8,424.0,2023-01-08,53,simule_distributions_ademe_2023
22249,B,F,appartement,2001,54.3,98.0,2023-01-08,53,simule_distributions_ademe_2023
29148,D,D,appartement,1972,56.1,232.0,2023-01-09,53,simule_distributions_ademe_2023
22299,C,E,maison,2015,72.8,198.0,2023-01-09,53,simule_distributions_ademe_2023
35191,D,F,maison,1970,62.1,272.0,2023-01-09,53,simule_distributions_ademe_2023
56178,E,C,appartement,1987,59.5,492.0,2023-01-10,53,simule_distributions_ademe_2023
29098,E,E,maison,1983,151.1,414.0,2023-01-10,53,simule_distributions_ademe_2023
35363,B,B,maison,2013,116.1,106.0,2023-01-10,53,simule_distributions_ademe_2023
56299,D,F,maison,1968,72.5,278.0,2023-01-10,53,simule_distributions_ademe_2023
56373,D,C,appartement,1993,29.6,266.0,2023-01-11,53,simule_distributions_ademe_2023
35109,G,D,maison,1951,63.6,583.0,2023-01-11,53,simule_distributions_ademe_2023
22259,G,E,appartement,1961,30.7,454.0,2023-01-11,53,simule_distributions_ademe_2023
22354,F,D,immeuble,1943,65.5,608.0,2023-01-11,53,simule_distributions_ademe_2023
29305,D,G,immeuble,1986,104.7,236.0,2023-01-12,53,simule_distributions_ademe_2023
56386,B,F,maison,2018,100.6,138.0,2023-01-12,53,simule_distributions_ademe_2023
29229,G,F,appartement,1963,30.8,576.0,2023-01-12,53,simule_distributions_ademe_2023
56049,F,E,maison,1958,32.6,657.0,2023-01-12,53,simule_distributions_ademe_2023
22367,C,E,maison,2010,27.5,205.0,2023-01-13,53,simule_distributions_ademe_2023
35334,F,C,maison,1962,159.2,538.0,2023-01-13,53,simule_distributions_ademe_2023
56156,E,D,appartement,1983,41.5,374.0,2023-01-13,53,simule_distributions_ademe_2023
29005,E,F,maison,1982,84.9,351.0,2023-01-13,53,simule_distributions_ademe_2023
22096,D,D,maison,1970,49.6,279.0,2023-01-14,53,simule_distributions_ademe_2023
56054,D,C,maison,1966,71.0,305.0,2023-01-14,53,simule_distributions_ademe_2023
22191,F,E,maison,1970,58.3,542.0,2023-01-14,53,simule_distributions_ademe_2023
22001,G,E,appartement,1947,34.5,450.0,2023-01-14,53,simule_distributions_ademe_2023
35328,D,C,appartement,1968,33.6,273.0,2023-01-15,53,simule_distributions_ademe_2023
35048,E,A,maison,1975,61.4,670.0,2023-01-15,53,simule_distributions_ademe_2023
29020,G,G,appartement,1921,25.4,535.0,2023-01-15,53,simule_distributions_ademe_2023
56084,D,F,appartement,1975,31.6,163.0,2023-01-15,53,simule_distributions_ademe_2023
56275,D,F,maison,1986,81.3,324.0,2023-01-16,53,simule_distributions_ademe_2023
35122,D,G,maison,1990,55.4,158.0,2023-01-16,53,simule_distributions_ademe_2023
29264,D,F,appartement,1984,28.6,323.0,2023-01-16,53,simule_distributions_ademe_2023
35253,F,F,maison,1926,157.5,339.0,2023-01-16,53,simule_distributions_ademe_2023
56321,F,F,maison,1935,150.7,563.0,2023-01-17,53,simule_distributions_ademe_2023
56263,D,E,maison,1968,136.7,182.0,2023-01-17,53,simule_distributions_ademe_2023
56345,F,F,appartement,1950,77.7,457.0,2023-01-17,53,simule_distributions_ademe_2023
29253,A,E,appartement,2007,64.8,59.0,2023-01-17,53,simule_distributions_ademe_2023
22327,C,D,immeuble,1988,52.2,160.0,2023-01-18,53,simule_distributions_ademe_2023
35225,C,E,appartement,1986,56.7,273.0,2023-01-18,53,simule_distributions_ademe_2023
35366,F,G,appartement,1926,24.9,460.0,2023-01-18,53,simule_distributions_ademe_2023
35184,B,E,maison,1995,126.9,75.0,2023-01-18,53,simule_distributions_ademe_2023
35067,B,G,maison,2017,58.9,69.0,2023-01-19,53,simule_distributions_ademe_2023
56106,G,C,appartement,1946,60.2,402.0,2023-01-19,53,simule_distributions_ademe_2023
22033,F,D,maison,1936,54.1,543.0,2023-01-19,53,simule_distributions_ademe_2023
56056,E,D,maison,1983,72.4,452.0,2023-01-19,53,simule_distributions_ademe_2023
35168,D,D,appartement,1971,54.7,244.0,2023-01-20,53,simule_distributions_ademe_2023
56294,E,F,appartement,1968,23.9,663.0,2023-01-20,53,simule_distributions_ademe_2023
29163,C,E,appartement,2001,53.0,164.0,2023-01-20,53,simule_distributions_ademe_2023
22169,F,F,maison,1930,26.3,536.0,2023-01-21,53,simule_distributions_ademe_2023
29267,A,E,maison,1993,78.5,128.0,2023-01-21,53,simule_distributions_ademe_2023
56209,F,E,appartement,1926,180.7,586.0,2023-01-21,53,simule_distributions_ademe_2023
35356,E,E,maison,1994,109.8,364.0,2023-01-21,53,simule_distributions_ademe_2023
29153,D,B,appartement,1979,53.7,226.0,2023-01-22,53,simule_distributions_ademe_2023
22057,C,F,appartement,2005,80.6,212.0,2023-01-22,53,simule_distributions_ademe_2023
29094,D,C,maison,1983,56.7,157.0,2023-01-22,53,simule_distributions_ademe_2023
29161,A,E,maison,2002,55.2,63.0,2023-01-22,53,simule_distributions_ademe_2023
56179,D,G,appartement,1982,68.3,316.0,2023-01-23,53,simule_distributions_ademe_2023
56152,F,G,maison,1955,80.6,463.0,2023-01-23,53,simule_distributions_ademe_2023
56209,F,E,maison,1964,99.9,695.0,2023-01-23,53,simule_distributions_ademe_2023
35059,D,C,appartement,1967,50.8,197.0,2023-01-23,53,simule_distributions_ademe_2023
56295,E,D,appartement,1991,54.1,620.0,2023-01-24,53,simule_distributions_ademe_2023
29001,E,F,maison,1993,96.4,361.0,2023-01-24,53,simule_distributions_ademe_2023
35104,D,D,appartement,1992,85.6,206.0,2023-01-24,53,simule_distributions_ademe_2023
56122,C,D,maison,1986,59.7,198.0,2023-01-24,53,simule_distributions_ademe_2023
56387,D,D,appartement,1978,42.4,311.0,2023-01-25,53,simule_distributions_ademe_2023
29349,C,E,appartement,1992,67.9,191.0,2023-01-25,53,simule_distributions_ademe_2023
29236,D,C,appartement,1988,54.6,261.0,2023-01-25,53,simule_distributions_ademe_2023
56032,C,C,maison,2013,55.1,195.0,2023-01-25,53,simule_distributions_ademe_2023
29197,D,C,appartement,1976,112.2,231.0,2023-01-26,53,simule_distributions_ademe_2023
56274,C,E,appartement,1991,64.2,325.0,2023-01-26,53,simule_distributions_ademe_2023
22216,E,D,appartement,1965,124.2,624.0,2023-01-26,53,simule_distributions_ademe_2023
22176,F,C,appartement,1951,38.3,691.0,2023-01-26,53,simule_distributions_ademe_2023
22355,F,C,maison,1938,70.8,397.0,2023-01-27,53,simule_distributions_ademe_2023
22129,D,E,appartement,1991,61.4,162.0,2023-01-27,53,simule_distributions_ademe_2023
35167,B,D,appartement,2003,85.1,83.0,2023-01-27,53,simule_distributions_ademe_2023
22282,G,A,maison,1966,83.5,602.0,2023-01-27,53,simule_distributions_ademe_2023
22324,F,C,maison,1957,60.9,511.0,2023-01-28,53,simule_distributions_ademe_2023
29020,G,D,appartement,1945,99.0,387.0,2023-01-28,53,simule_distributions_ademe_2023
35180,E,D,appartement,1994,49.8,602.0,2023-01-28,53,simule_distributions_ademe_2023
35190,D,C,maison,1976,69.7,212.0,2023-01-28,53,simule_distributions_ademe_2023
22171,F,D,appartement,1946,54.5,368.0,2023-01-29,53,simule_distributions_ademe_2023
56006,G,D,maison,1942,50.5,554.0,2023-01-29,53,simule_distributions_ademe_2023
56125,B,F,maison,1991,74.4,78.0,2023-01-29,53,simule_distributions_ademe_2023
22231,E,F,maison,1984,56.6,611.0,2023-01-29,53,simule_distributions_ademe_2023
35039,E,G,appartement,1983,48.3,484.0,2023-01-30,53,simule_distributions_ademe_2023
29317,C,E,maison,1990,71.8,229.0,2023-01-30,53,simule_distributions_ademe_2023
56368,E,F,maison,1976,73.3,465.0,2023-01-30,53,simule_distributions_ademe_2023
56002,B,D,appartement,1998,51.2,81.0,2023-01-30,53,simule_distributions_ademe_2023
35280,D,E,appartement,1974,60.0,161.0,2023-01-31,53,simule_distributions_ademe_2023
29357,D,B,maison,1985,97.4,307.0,2023-01-31,53,simule_distributions_ademe_2023
56253,D,G,maison,1968,33.6,274.0,2023-01-31,53,simule_distributions_ademe_2023
56133,E,F,maison,1986,103.3,556.0,2023-02-01,53,simule_distributions_ademe_2023
35059,D,E,appartement,1992,56.2,164.0,2023-02-01,53,simule_distributions_ademe_2023
56180,F,D,maison,1934,25.9,415.0,2023-02-01,53,simule_distributions_ademe_2023
29179,F,E,maison,1927,108.0,358.0,2023-02-01,53,simule_distributions_ademe_2023
35285,A,G,maison,2007,155.6,73.0,2023-02-02,53,simule_distributions_ademe_2023
29167,E,C,appartement,1967,63.8,340.0,2023-02-02,53,simule_distributions_ademe_2023
35115,E,E,appartement,1966,52.4,471.0,2023-02-02,53,simule_distributions_ademe_2023
22305,E,F,appartement,1988,90.6,410.0,2023-02-02,53,simule_distributions_ademe_2023
22100,F,E,appartement,1956,44.1,541.0,2023-02-03,53,simule_distributions_ademe_2023
29133,D,C,maison,1994,84.3,179.0,2023-02-03,53,simule_distributions_ademe_2023
35068,E,D,appartement,1992,127.5,410.0,2023-02-03,53,simule_distributions_ademe_2023
56246,C,G,appartement,2012,83.9,286.0,2023-02-03,53,simule_distributions_ademe_2023
35133,D,E,maison,1970,93.5,321.0,2023-02-04,53,simule_distributions_ademe_2023
56042,D,E,maison,1972,48.2,163.0,2023-02-04,53,simule_distributions_ademe_2023
56225,D,E,appartement,1992,51.2,301.0,2023-02-04,53,simule_distributions_ademe_2023
56345,E,D,appartement,1992,143.8,531.0,2023-02-04,53,simule_distributions_ademe_2023
35098,D,C,maison,1966,90.3,248.0,2023-02-05,53,simule_distributions_ademe_2023
35175,D,D,maison,1977,132.0,297.0,2023-02-05,53,simule_distributions_ademe_2023
29119,E,D,maison,1968,84.5,402.0,2023-02-05,53,simule_distributions_ademe_2023
22225,F,C,appartement,1939,161.6,484.0,2023-02-05,53,simule_distributions_ademe_2023
29122,E,F,maison,1965,182.5,686.0,2023-02-06,53,simule_distributions_ademe_2023
22200,C,F,appartement,2016,89.2,328.0,2023-02-06,53,simule_distributions_ademe_2023
22101,D,D,immeuble,1966,105.8,162.0,2023-02-06,53,simule_distributions_ademe_2023
35323,D,E,maison,1972,49.0,250.0,2023-02-06,53,simule_distributions_ademe_2023
35040,G,D,maison,1942,24.5,550.0,2023-02-07,53,simule_distributions_ademe_2023
35118,F,E,appartement,1974,55.7,389.0,2023-02-07,53,simule_distributions_ademe_2023
56251,E,F,maison,1984,80.7,666.0,2023-02-07,53,simule_distributions_ademe_2023
56200,F,F,appartement,1973,23.8,597.0,2023-02-07,53,simule_distributions_ademe_2023
56218,C,D,maison,2011,86.4,160.0,2023-02-08,53,simule_distributions_ademe_2023
29252,F,G,appartement,1940,52.1,416.0,2023-02-08,53,simule_distributions_ademe_2023
56094,C,F,maison,2000,33.2,217.0,2023-02-08,53,simule_distributions_ademe_2023
29139,F,G,immeuble,1967,94.0,406.0,2023-02-08,53,simule_distributions_ademe_2023
35123,F,D,appartement,1932,52.3,692.0,2023-02-09,53,simule_distributions_ademe_2023
29077,G,F,appartement,1972,118.2,344.0,2023-02-09,53,simule_distributions_ademe_2023
22175,F,A,appartement,1943,83.6,487.0,2023-02-09,53,simule_distributions_ademe_2023
29272,E,B,immeuble,1967,207.2,623.0,2023-02-09,53,simule_distributions_ademe_2023
56004,E,E,appartement,1968,85.3,497.0,2023-02-10,53,simule_distributions_ademe_2023
29391,F,E,maison,1929,25.6,396.0,2023-02-10,53,simule_distributions_ademe_2023
29261,D,E,appartement,1966,45.2,245.0,2023-02-10,53,simule_distributions_ademe_2023
29051,C,E,appartement,1990,47.6,230.0,2023-02-10,53,simule_distributions_ademe_2023
29001,F,B,maison,1940,20.0,655.0,2023-02-11,53,simule_distributions_ademe_2023
22263,B,E,appartement,2019,178.4,137.0,2023-02-11,53,simule_distributions_ademe_2023
56044,F,D,appartement,1939,55.0,337.0,2023-02-11,53,simule_distributions_ademe_2023
22313,E,E,maison,1977,42.4,336.0,2023-02-12,53,simule_distributions_ademe_2023
22272,E,F,maison,1971,50.7,508.0,2023-02-12,53,simule_distributions_ademe_2023
22313,C,C,maison,2012,63.1,159.0,2023-02-12,53,simule_distributions_ademe_2023
35353,F,F,appartement,1962,57.0,437.0,2023-02-12,53,simule_distributions_ademe_2023
29320,F,G,maison,1952,38.8,398.0,2023-02-13,53,simule_distributions_ademe_2023
22153,E,G,appartement,1971,47.7,580.0,2023-02-13,53,simule_distributions_ademe_2023
22050,D,E,immeuble,1976,56.2,178.0,2023-02-13,53,simule_distributions_ademe_2023
35162,A,F,appartement,2017,100.8,90.0,2023-02-13,53,simule_distributions_ademe_2023
56129,E,F,maison,1991,73.7,585.0,2023-02-14,53,simule_distributions_ademe_2023
35058,E,C,appartement,1973,71.7,667.0,2023-02-14,53,simule_distributions_ademe_2023
35244,C,G,appartement,1995,43.7,215.0,2023-02-14,53,simule_distributions_ademe_2023
56373,F,F,maison,1953,61.3,516.0,2023-02-14,53,simule_distributions_ademe_2023
29282,E,C,appartement,1973,55.9,674.0,2023-02-15,53,simule_distributions_ademe_2023
29019,D,G,maison,1988,86.9,168.0,2023-02-15,53,simule_distributions_ademe_2023
22064,F,E,appartement,1940,63.9,485.0,2023-02-15,53,simule_distributions_ademe_2023
35306,C,A,immeuble,1987,42.5,297.0,2023-02-15,53,simule_distributions_ademe_2023
22259,C,E,appartement,2018,93.4,283.0,2023-02-16,53,simule_distributions_ademe_2023
29030,C,B,maison,2001,35.0,269.0,2023-02-16,53,simule_distributions_ademe_2023
29095,F,G,maison,1963,57.1,507.0,2023-02-16,53,simule_distributions_ademe_2023
22142,C,C,maison,2004,98.5,219.0,2023-02-16,53,simule_distributions_ademe_2023
22136,E,F,maison,1991,60.9,681.0,2023-02-17,53,simule_distributions_ademe_2023
56392,E,C,maison,1980,73.0,459.0,2023-02-17,53,simule_distributions_ademe_2023
56057,B,E,appartement,2015,97.0,142.0,2023-02-17,53,simule_distributions_ademe_2023
29157,B,D,appartement,2007,52.7,133.0,2023-02-17,53,simule_distributions_ademe_2023
29042,F,D,maison,1960,82.4,352.0,2023-02-18,53,simule_distributions_ademe_2023
29333,F,E,appartement,1943,53.7,376.0,2023-02-18,53,simule_distributions_ademe_2023
35293,G,F,appartement,1973,41.4,532.0,2023-02-18,53,simule_distributions_ademe_2023
22281,E,D,maison,1971,41.0,551.0,2023-02-18,53,simule_distributions_ademe_2023
35171,G,F,maison,1934,63.1,373.0,2023-02-19,53,simule_distributions_ademe_2023
56292,E,B,appartement,1993,53.1,464.0,2023-02-19,53,simule_distributions_ademe_2023
56053,C,F,maison,2013,76.9,270.0,2023-02-19,53,simule_distributions_ademe_2023
35270,D,F,appartement,1976,45.5,182.0,2023-02-19,53,simule_distributions_ademe_2023
56345,E,D,appartement,1969,99.7,356.0,2023-02-20,53,simule_distributions_ademe_2023
35388,D,D,appartement,1994,92.2,197.0,2023-02-20,53,simule_distributions_ademe_2023
56061,E,F,maison,1978,51.6,606.0,2023-02-20,53,simule_distributions_ademe_2023
22020,E,E,appartement,1978,46.3,693.0,2023-02-20,53,simule_distributions_ademe_2023
29139,F,E,maison,1965,115.6,574.0,2023-02-21,53,simule_distributions_ademe_2023
35178,C,A,appartement,2016,127.2,308.0,2023-02-21,53,simule_distributions_ademe_2023
22366,E,C,immeuble,1974,76.6,630.0,2023-02-21,53,simule_distributions_ademe_2023
35064,G,D,appartement,1946,33.7,365.0,2023-02-21,53,simule_distributions_ademe_2023
29352,G,C,appartement,1956,184.0,414.0,2023-02-22,53,simule_distributions_ademe_2023
29391,D,D,maison,1994,53.5,256.0,2023-02-22,53,simule_distributions_ademe_2023
22131,A,D,appartement,1993,20.6,74.0,2023-02-22,53,simule_distributions_ademe_2023
35082,B,D,maison,1996,46.1,100.0,2023-02-23,53,simule_distributions_ademe_2023
29024,D,D,appartement,1976,40.7,208.0,2023-02-23,53,simule_distributions_ademe_2023
56202,C,D,maison,2003,109.1,171.0,2023-02-23,53,simule_distributions_ademe_2023
56147,E,G,maison,1965,46.7,331.0,2023-02-23,53,simule_distributions_ademe_2023
29164,E,F,maison,1988,74.8,453.0,2023-02-24,53,simule_distributions_ademe_2023
22223,E,E,appartement,1985,124.1,621.0,2023-02-24,53,simule_distributions_ademe_2023
22224,E,E,maison,1976,82.1,596.0,2023-02-24,53,simule_distributions_ademe_2023
22053,F,E,maison,1926,87.8,598.0,2023-02-24,53,simule_distributions_ademe_2023
22110,F,E,maison,1964,57.3,636.0,2023-02-25,53,simule_distributions_ademe_2023
29345,C,F,appartement,1985,91.0,289.0,2023-02-25,53,simule_distributions_ademe_2023
22319,C,E,maison,1991,61.4,217.0,2023-02-25,53,simule_distributions_ademe_2023
35173,G,G,appartement,1962,64.3,544.0,2023-02-25,53,simule_distributions_ademe_2023
29094,C,G,immeuble,1985,83.6,161.0,2023-02-26,53,simule_distributions_ademe_2023
56032,E,B,maison,1994,79.1,489.0,2023-02-26,53,simule_distributions_ademe_2023
29178,D,F,maison,1989,76.0,274.0,2023-02-26,53,simule_distributions_ademe_2023
29351,C,B,immeuble,2017,44.5,232.0,2023-02-26,53,simule_distributions_ademe_2023
22043,F,D,maison,1964,123.2,385.0,2023-02-27,53,simule_distributions_ademe_2023
29257,G,E,appartement,1941,163.0,375.0,2023-02-27,53,simule_distributions_ademe_2023
56356,F,C,maison,1927,48.4,363.0,2023-02-27,53,simule_distributions_ademe_2023
56106,G,D,appartement,1940,75.9,514.0,2023-02-27,53,simule_distributions_ademe_2023
22019,B,E,maison,1989,236.7,64.0,2023-02-28,53,simule_distributions_ademe_2023
29018,A,E,maison,2015,130.4,53.0,2023-02-28,53,simule_distributions_ademe_2023
35111,B,F,appartement,2002,73.6,91.0,2023-02-28,53,simule_distributions_ademe_2023
35008,F,E,maison,1946,69.3,399.0,2023-02-28,53,simule_distributions_ademe_2023
22224,D,E,appartement,1970,84.8,182.0,2023-03-01,53,simule_distributions_ademe_2023
35189,G,E,appartement,1930,84.9,443.0,2023-03-01,53,simule_distributions_ademe_2023
29363,D,E,appartement,1986,35.9,290.0,2023-03-01,53,simule_distributions_ademe_2023
56172,E,E,appartement,1978,109.3,671.0,2023-03-01,53,simule_distributions_ademe_2023
56091,E,G,maison,1978,105.1,413.0,2023-03-02,53,simule_distributions_ademe_2023
56029,B,F,maison,2007,97.2,109.0,2023-03-02,53,simule_distributions_ademe_2023
35121,B,E,maison,2007,97.8,54.0,2023-03-02,53,simule_distributions_ademe_2023
35292,F,D,maison,1969,96.8,460.0,2023-03-02,53,simule_distributions_ademe_2023
29055,D,D,maison,1985,53.7,275.0,2023-03-03,53,simule_distributions_ademe_2023
35051,D,E,appartement,1970,99.6,325.0,2023-03-03,53,simule_distributions_ademe_2023
35111,E,C,maison,1974,63.7,562.0,2023-03-03,53,simule_distributions_ademe_2023
22224,F,D,maison,1947,58.3,614.0,2023-03-03,53,simule_distributions_ademe_2023
29229,E,G,appartement,1986,38.1,697.0,2023-03-04,53,simule_distributions_ademe_2023
56223,D,D,maison,1966,79.8,248.0,2023-03-04,53,simule_distributions_ademe_2023
35301,E,E,maison,1990,80.9,439.0,2023-03-04,53,simule_distributions_ademe_2023
29028,B,F,maison,2017,147.5,121.0,2023-03-04,53,simule_distributions_ademe_2023
35190,E,F,appartement,1989,89.4,457.0,2023-03-05,53,simule_distributions_ademe_2023
29324,D,D,appartement,1985,64.1,325.0,2023-03-05,53,simule_distributions_ademe_2023
35088,D,D,appartement,1973,93.2,216.0,2023-03-05,53,simule_distributions_ademe_2023
56069,D,G,maison,1983,40.8,216.0,2023-03-06,53,simule_distributions_ademe_2023
22027,G,F,maison,1961,105.0,532.0,2023-03-06,53,simule_distributions_ademe_2023
56072,B,E,appartement,1992,146.5,130.0,2023-03-06,53,simule_distributions_ademe_2023
35131,D,E,appartement,1990,62.4,221.0,2023-03-06,53,simule_distributions_ademe_2023
56357,G,C,maison,1947,290.2,636.0,2023-03-07,53,simule_distributions_ademe_2023
29036,D,E,maison,1966,30.2,281.0,2023-03-07,53,simule_distributions_ademe_2023
22280,D,D,maison,1981,76.2,232.0,2023-03-07,53,simule_distributions_ademe_2023
22215,D,E,maison,1966,74.4,299.0,2023-03-07,53,simule_distributions_ademe_2023
56325,D,E,appartement,1966,46.4,257.0,2023-03-08,53,simule_distributions_ademe_2023
22263,C,F,appartement,2019,59.6,238.0,2023-03-08,53,simule_distributions_ademe_2023
35105,F,E,appartement,1936,101.6,339.0,2023-03-08,53,simule_distributions_ademe_2023
56098,D,C,appartement,1991,118.0,185.0,2023-03-08,53,simule_distributions_ademe_2023
56339,F,G,maison,1952,59.4,485.0,2023-03-09,53,simule_distributions_ademe_2023
22198,F,C,maison,1937,41.4,519.0,2023-03-09,53,simule_distributions_ademe_2023
56071,C,E,maison,1993,81.8,212.0,2023-03-09,53,simule_distributions_ademe_2023
35205,C,D,maison,2002,32.5,233.0,2023-03-09,53,simule_distributions_ademe_2023
29389,B,C,appartement,1988,21.3,59.0,2023-03-10,53,simule_distributions_ademe_2023
35240,D,E,appartement,1981,56.2,185.0,2023-03-10,53,simule_distributions_ademe_2023
29140,D,D,appartement,1968,56.0,154.0,2023-03-10,53,simule_distributions_ademe_2023
29110,E,D,maison,1981,41.5,683.0,2023-03-10,53,simule_distributions_ademe_2023
22221,B,G,maison,2016,49.2,76.0,2023-03-11,53,simule_distributions_ademe_2023
22263,C,G,appartement,2013,127.5,176.0,2023-03-11,53,simule_distributions_ademe_2023
35377,G,F,maison,1947,54.5,444.0,2023-03-11,53,simule_distributions_ademe_2023
35006,C,E,appartement,2011,58.1,267.0,2023-03-11,53,simule_distributions_ademe_2023
22059,E,C,appartement,1993,54.8,530.0,2023-03-12,53,simule_distributions_ademe_2023
56294,F,E,appartement,1969,138.0,664.0,2023-03-12,53,simule_distributions_ademe_2023
29375,F,G,appartement,1939,154.0,660.0,2023-03-12,53,simule_distributions_ademe_2023
35094,D,D,appartement,1985,28.4,254.0,2023-03-12,53,simule_distributions_ademe_2023
29368,E,D,maison,1987,77.8,677.0,2023-03-13,53,simule_distributions_ademe_2023
29321,F,B,maison,1964,45.1,689.0,2023-03-13,53,simule_distributions_ademe_2023
56378,E,E,appartement,1973,41.7,528.0,2023-03-13,53,simule_distributions_ademe_2023
56376,F,C,appartement,1966,144.9,499.0,2023-03-13,53,simule_distributions_ademe_2023
29257,B,F,maison,2018,72.9,92.0,2023-03-14,53,simule_distributions_ademe_2023
22054,F,E,appartement,1959,25.1,333.0,2023-03-14,53,simule_distributions_ademe_2023
35228,A,D,immeuble,1986,122.1,115.0,2023-03-14,53,simule_distributions_ademe_2023
29264,F,E,appartement,1925,68.8,331.0,2023-03-14,53,simule_distributions_ademe_2023
22171,F,D,appartement,1932,83.2,439.0,2023-03-15,53,simule_distributions_ademe_2023
22005,F,E,maison,1963,52.0,627.0,2023-03-15,53,simule_distributions_ademe_2023
29169,E,E,appartement,1982,58.6,413.0,2023-03-15,53,simule_distributions_ademe_2023
35170,D,F,maison,1965,43.4,222.0,2023-03-15,53,simule_distributions_ademe_2023
29373,D,D,appartement,1967,68.5,160.0,2023-03-16,53,simule_distributions_ademe_2023
56108,F,C,maison,1951,42.8,497.0,2023-03-16,53,simule_distributions_ademe_2023
56300,C,C,maison,2009,70.0,324.0,2023-03-16,53,simule_distributions_ademe_2023
56273,C,D,appartement,2013,54.9,328.0,2023-03-17,53,simule_distributions_ademe_2023
56112,E,E,maison,1981,53.8,403.0,2023-03-17,53,simule_distributions_ademe_2023
35382,E,D,maison,1978,154.0,413.0,2023-03-17,53,simule_distributions_ademe_2023
35234,E,E,maison,1977,92.7,501.0,2023-03-17,53,simule_distributions_ademe_2023
22274,F,E,appartement,1934,86.8,428.0,2023-03-18,53,simule_distributions_ademe_2023
56284,F,C,appartement,1938,72.3,660.0,2023-03-18,53,simule_distributions_ademe_2023
22047,D,F,maison,1977,39.0,229.0,2023-03-18,53,simule_distributions_ademe_2023
29085,C,G,appartement,1998,97.9,304.0,2023-03-18,53,simule_distributions_ademe_2023
22121,F,E,maison,1928,35.1,684.0,2023-03-19,53,simule_distributions_ademe_2023
56168,D,B,maison,1994,43.9,322.0,2023-03-19,53,simule_distributions_ademe_2023
22103,E,D,appartement,1980,58.3,478.0,2023-03-19,53,simule_distributions_ademe_2023
35348,B,D,appartement,1997,110.3,131.0,2023-03-19,53,simule_distributions_ademe_2023
56001,C,D,maison,2003,54.0,155.0,2023-03-20,53,simule_distributions_ademe_2023
29354,G,F,appartement,1949,36.3,485.0,2023-03-20,53,simule_distributions_ademe_2023
29340,B,G,maison,1998,157.8,104.0,2023-03-20,53,simule_distributions_ademe_2023
22003,F,C,immeuble,1965,67.0,676.0,2023-03-20,53,simule_distributions_ademe_2023
22059,G,F,maison,1938,143.6,562.0,2023-03-21,53,simule_distributions_ademe_2023
35366,D,E,appartement,1992,126.7,259.0,2023-03-21,53,simule_distributions_ademe_2023
22091,C,A,immeuble,2018,92.5,163.0,2023-03-21,53,simule_distributions_ademe_2023
35080,B,G,appartement,2009,310.0,121.0,2023-03-21,53,simule_distributions_ademe_2023
35339,D,G,maison,1968,40.5,177.0,2023-03-22,53,simule_distributions_ademe_2023
29178,E,D,immeuble,1973,53.0,622.0,2023-03-22,53,simule_distributions_ademe_2023
22166,G,D,appartement,1964,122.3,345.0,2023-03-22,53,simule_distributions_ademe_2023
22050,G,D,appartement,1949,53.5,626.0,2023-03-22,53,simule_distributions_ademe_2023
22040,D,D,appartement,1984,84.6,225.0,2023-03-23,53,simule_distributions_ademe_2023
35294,E,F,appartement,1972,33.7,408.0,2023-03-23,53,simule_distributions_ademe_2023
22074,F,C,appartement,1937,56.1,414.0,2023-03-23,53,simule_distributions_ademe_2023
56295,E,E,maison,1974,44.7,488.0,2023-03-23,53,simule_distributions_ademe_2023
56184,E,D,maison,1988,40.0,628.0,2023-03-24,53,simule_distributions_ademe_2023
29226,B,E,appartement,1987,43.6,59.0,2023-03-24,53,simule_distributions_ademe_2023
29095,D,F,appartement,1987,67.7,241.0,2023-03-24,53,simule_distributions_ademe_2023
29064,C,G,maison,1994,55.1,233.0,2023-03-24,53,simule_distributions_ademe_2023
35347,G,F,appartement,1929,75.3,397.0,2023-03-25,53,simule_distributions_ademe_2023
29207,D,A,maison,1980,59.4,219.0,2023-03-25,53,simule_distributions_ademe_2023
35012,C,E,maison,1998,96.6,202.0,2023-03-25,53,simule_distributions_ademe_2023
56041,B,G,appartement,2001,41.9,74.0,2023-03-25,53,simule_distributions_ademe_2023
56041,D,D,maison,1994,71.5,282.0,2023-03-26,53,simule_distributions_ademe_2023
35180,F,D,maison,1956,148.0,339.0,2023-03-26,53,simule_distributions_ademe_2023
35041,F,D,maison,1922,128.6,469.0,2023-03-26,53,simule_distributions_ademe_2023
22020,A,E,appartement,1997,40.0,128.0,2023-03-26,53,simule_distributions_ademe_2023
35199,D,D,maison,1974,122.8,204.0,2023-03-27,53,simule_distributions_ademe_2023
56273,C,F,maison,2012,33.6,271.0,2023-03-27,53,simule_distributions_ademe_2023
56045,C,F,maison,2017,58.4,212.0,2023-03-27,53,simule_distributions_ademe_2023
35221,C,E,appartement,2005,90.9,321.0,2023-03-28,53,simule_distributions_ademe_2023
56274,F,F,maison,1947,90.4,415.0,2023-03-28,53,simule_distributions_ademe_2023
56251,A,D,maison,2001,69.4,68.0,2023-03-28,53,simule_distributions_ademe_2023
35388,D,G,appartement,1989,71.7,188.0,2023-03-28,53,simule_distributions_ademe_2023
56034,C,F,maison,1992,33.8,205.0,2023-03-29,53,simule_distributions_ademe_2023
22213,G,D,maison,1966,49.8,611.0,2023-03-29,53,simule_distributions_ademe_2023
29155,E,F,maison,1973,106.1,451.0,2023-03-29,53,simule_distributions_ademe_2023
29324,G,E,maison,1959,122.1,606.0,2023-03-29,53,simule_distributions_ademe_2023
29019,G,E,maison,1920,111.8,401.0,2023-03-30,53,simule_distributions_ademe_2023
35251,E,F,maison,1969,85.2,642.0,2023-03-30,53,simule_distributions_ademe_2023
22118,F,F,appartement,1945,41.4,593.0,2023-03-30,53,simule_distributions_ademe_2023
29315,E,B,appartement,1971,211.7,353.0,2023-03-30,53,simule_distributions_ademe_2023
35071,F,G,maison,1970,93.9,657.0,2023-03-31,53,simule_distributions_ademe_2023
29176,G,E,maison,1968,33.3,606.0,2023-03-31,53,simule_distributions_ademe_2023
22366,C,A,appartement,2008,45.9,194.0,2023-03-31,53,simule_distributions_ademe_2023
29305,C,E,immeuble,2017,67.1,213.0,2023-03-31,53,simule_distributions_ademe_2023
29311,G,D,maison,1951,68.6,399.0,2023-04-01,53,simule_distributions_ademe_2023
35036,F,F,appartement,1956,147.7,448.0,2023-04-01,53,simule_distributions_ademe_2023
56396,G,D,appartement,1952,30.3,367.0,2023-04-01,53,simule_distributions_ademe_2023
35130,B,C,maison,1988,123.4,87.0,2023-04-01,53,simule_distributions_ademe_2023
22202,E,E,appartement,1977,93.9,390.0,2023-04-02,53,simule_distributions_ademe_2023
29064,E,B,appartement,1981,79.9,697.0,2023-04-02,53,simule_distributions_ademe_2023
29303,E,E,appartement,1987,108.0,471.0,2023-04-02,53,simule_distributions_ademe_2023
29078,D,D,maison,1965,102.4,317.0,2023-04-02,53,simule_distributions_ademe_2023
35239,E,F,maison,1983,101.6,565.0,2023-04-03,53,simule_distributions_ademe_2023
35251,G,E,appartement,1948,41.4,378.0,2023-04-03,53,simule_distributions_ademe_2023
35015,F,F,maison,1936,55.2,622.0,2023-04-03,53,simule_distributions_ademe_2023
29015,B,E,maison,2014,62.1,73.0,2023-04-03,53,simule_distributions_ademe_2023
35059,D,A,maison,1968,72.9,240.0,2023-04-04,53,simule_distributions_ademe_2023
56053,D,E,appartement,1968,38.8,174.0,2023-04-04,53,simule_distributions_ademe_2023
22142,E,D,appartement,1980,31.8,610.0,2023-04-04,53,simule_distributions_ademe_2023
56290,E,C,maison,1974,64.8,534.0,2023-04-04,53,simule_distributions_ademe_2023
29208,F,G,appartement,1971,76.9,670.0,2023-04-05,53,simule_distributions_ademe_2023
56269,C,E,maison,1991,28.3,209.0,2023-04-05,53,simule_distributions_ademe_2023
22335,D,C,maison,1977,38.9,279.0,2023-04-05,53,simule_distributions_ademe_2023
29127,F,G,maison,1942,50.3,671.0,2023-04-05,53,simule_distributions_ademe_2023
29137,G,F,immeuble,1961,74.0,494.0,2023-04-06,53,simule_distributions_ademe_2023
56334,D,E,maison,1972,37.1,262.0,2023-04-06,53,simule_distributions_ademe_2023
35168,C,D,maison,2008,40.8,152.0,2023-04-06,53,simule_distributions_ademe_2023
29221,F,E,maison,1930,106.2,362.0,2023-04-07,53,simule_distributions_ademe_2023
35169,D,G,maison,1981,69.2,317.0,2023-04-07,53,simule_distributions_ademe_2023
22237,E,G,appartement,1988,37.7,561.0,2023-04-07,53,simule_distributions_ademe_2023
56258,G,G,maison,1961,62.1,573.0,2023-04-07,53,simule_distributions_ademe_2023
29180,D,C,maison,1989,76.5,284.0,2023-04-08,53,simule_distributions_ademe_2023
56341,D,D,appartement,1993,37.4,171.0,2023-04-08,53,simule_distributions_ademe_2023
56232,D,G,appartement,1990,69.8,229.0,2023-04-08,53,simule_distributions_ademe_2023
22291,G,E,appartement,1950,60.6,600.0,2023-04-08,53,simule_distributions_ademe_2023
35378,F,G,maison,1946,53.8,421.0,2023-04-09,53,simule_distributions_ademe_2023
35069,E,D,appartement,1966,77.2,584.0,2023-04-09,53,simule_distributions_ademe_2023
56026,D,G,appartement,1987,120.9,203.0,2023-04-09,53,simule_distributions_ademe_2023
56067,C,D,maison,2012,94.9,293.0,2023-04-09,53,simule_distributions_ademe_2023
22359,C,F,maison,2009,41.5,328.0,2023-04-10,53,simule_distributions_ademe_2023
35250,D,D,appartement,1982,62.4,272.0,2023-04-10,53,simule_distributions_ademe_2023
56270,D,D,appartement,1994,114.1,280.0,2023-04-10,53,simule_distributions_ademe_2023
56170,B,C,appartement,2004,67.6,86.0,2023-04-10,53,simule_distributions_ademe_2023
35376,D,G,maison,1989,27.5,202.0,2023-04-11,53,simule_distributions_ademe_2023
29212,G,G,appartement,1936,29.2,441.0,2023-04-11,53,simule_distributions_ademe_2023
22200,E,D,maison,1980,79.6,447.0,2023-04-11,53,simule_distributions_ademe_2023
56159,D,G,maison,1975,66.7,215.0,2023-04-11,53,simule_distributions_ademe_2023
22088,F,E,appartement,1934,178.2,581.0,2023-04-12,53,simule_distributions_ademe_2023
56276,D,E,appartement,1973,61.8,316.0,2023-04-12,53,simule_distributions_ademe_2023
29098,F,C,maison,1961,157.6,624.0,2023-04-12,53,simule_distributions_ademe_2023
29205,B,F,maison,2011,66.1,61.0,2023-04-12,53,simule_distributions_ademe_2023
56220,D,B,maison,1966,121.6,298.0,2023-04-13,53,simule_distributions_ademe_2023
22280,G,F,appartement,1954,84.4,514.0,2023-04-13,53,simule_distributions_ademe_2023
22144,E,F,maison,1973,25.9,395.0,2023-04-13,53,simule_distributions_ademe_2023
35160,B,D,appartement,2012,67.5,83.0,2023-04-13,53,simule_distributions_ademe_2023
56207,D,G,maison,1966,44.2,285.0,2023-04-14,53,simule_distributions_ademe_2023
35317,F,E,appartement,1923,115.2,546.0,2023-04-14,53,simule_distributions_ademe_2023
35375,D,E,appartement,1966,92.5,304.0,2023-04-14,53,simule_distributions_ademe_2023
56215,E,D,maison,1982,72.0,619.0,2023-04-14,53,simule_distributions_ademe_2023
56074,C,D,maison,1987,50.1,290.0,2023-04-15,53,simule_distributions_ademe_2023
56359,E,B,maison,1993,86.5,550.0,2023-04-15,53,simule_distributions_ademe_2023
56134,C,G,maison,1992,33.4,185.0,2023-04-15,53,simule_distributions_ademe_2023
22052,B,F,appartement,2011,134.3,91.0,2023-04-15,53,simule_distributions_ademe_2023
35395,C,G,appartement,2015,76.8,160.0,2023-04-16,53,simule_distributions_ademe_2023
29297,C,B,maison,2000,70.4,221.0,2023-04-16,53,simule_distributions_ademe_2023
35283,C,D,immeuble,2018,71.1,302.0,2023-04-16,53,simule_distributions_ademe_2023
35359,E,G,maison,1986,81.1,663.0,2023-04-16,53,simule_distributions_ademe_2023
22157,D,F,appartement,1986,99.0,240.0,2023-04-17,53,simule_distributions_ademe_2023
22133,D,F,maison,1967,83.0,316.0,2023-04-17,53,simule_distributions_ademe_2023
29376,D,F,appartement,1971,42.9,238.0,2023-04-17,53,simule_distributions_ademe_2023
35113,D,B,appartement,1987,33.6,183.0,2023-04-18,53,simule_distributions_ademe_2023
29323,F,E,maison,1934,38.6,679.0,2023-04-18,53,simule_distributions_ademe_2023
29205,F,D,maison,1934,43.4,654.0,2023-04-18,53,simule_distributions_ademe_2023
29054,C,E,appartement,2012,127.8,178.0,2023-04-18,53,simule_distributions_ademe_2023
22353,E,A,appartement,1988,46.3,574.0,2023-04-19,53,simule_distributions_ademe_2023
22132,E,E,maison,1981,96.1,485.0,2023-04-19,53,simule_distributions_ademe_2023
56305,E,F,maison,1987,101.8,470.0,2023-04-19,53,simule_distributions_ademe_2023
29323,F,E,appartement,1952,60.1,677.0,2023-04-19,53,simule_distributions_ademe_2023
35158,F,D,appartement,1965,27.9,493.0,2023-04-20,53,simule_distributions_ademe_2023
35138,A,E,appartement,2016,60.8,102.0,2023-04-20,53,simule_distributions_ademe_2023
22033,G,D,appartement,1951,44.8,444.0,2023-04-20,53,simule_distributions_ademe_2023
56047,C,F,maison,1987,41.9,156.0,2023-04-20,53,simule_distributions_ademe_2023
35333,D,D,appartement,1983,95.2,195.0,2023-04-21,53,simule_distributions_ademe_2023
56197,D,F,appartement,1990,39.0,217.0,2023-04-21,53,simule_distributions_ademe_2023
22130,A,G,maison,2000,64.5,124.0,2023-04-21,53,simule_distributions_ademe_2023
22322,C,F,appartement,2012,39.5,289.0,2023-04-21,53,simule_distributions_ademe_2023
29068,E,E,maison,1979,130.4,439.0,2023-04-22,53,simule_distributions_ademe_2023
22287,F,E,maison,1947,52.9,437.0,2023-04-22,53,simule_distributions_ademe_2023
29389,D,F,appartement,1984,109.5,286.0,2023-04-22,53,simule_distributions_ademe_2023
35008,C,B,maison,2013,30.5,318.0,2023-04-22,53,simule_distributions_ademe_2023
35054,E,F,maison,1972,37.8,567.0,2023-04-23,53,simule_distributions_ademe_2023
22008,D,D,appartement,1977,64.5,195.0,2023-04-23,53,simule_distributions_ademe_2023
35259,B,F,maison,2019,47.6,148.0,2023-04-23,53,simule_distributions_ademe_2023
56311,D,E,maison,1987,242.1,192.0,2023-04-23,53,simule_distributions_ademe_2023
56397,D,F,maison,1985,118.6,229.0,2023-04-24,53,simule_distributions_ademe_2023
22336,D,D,maison,1991,100.3,249.0,2023-04-24,53,simule_distributions_ademe_2023
35208,C,D,maison,2011,50.0,238.0,2023-04-24,53,simule_distributions_ademe_2023
35301,E,D,maison,1981,92.2,625.0,2023-04-24,53,simule_distributions_ademe_2023
29107,E,C,maison,1971,39.6,671.0,2023-04-25,53,simule_distributions_ademe_2023
35161,F,D,appartement,1961,70.2,373.0,2023-04-25,53,simule_distributions_ademe_2023
56072,G,E,maison,1939,96.0,529.0,2023-04-25,53,simule_distributions_ademe_2023
56369,D,F,appartement,1972,73.1,254.0,2023-04-25,53,simule_distributions_ademe_2023
29214,C,A,maison,2010,51.9,253.0,2023-04-26,53,simule_distributions_ademe_2023
56253,D,G,appartement,1973,68.6,259.0,2023-04-26,53,simule_distributions_ademe_2023
29329,C,C,maison,2004,58.5,210.0,2023-04-26,53,simule_distributions_ademe_2023
22093,E,D,appartement,1987,68.4,543.0,2023-04-26,53,simule_distributions_ademe_2023
35315,F,D,appartement,1952,59.7,506.0,2023-04-27,53,simule_distributions_ademe_2023
22335,B,G,appartement,2007,54.1,136.0,2023-04-27,53,simule_distributions_ademe_2023
56280,C,E,maison,2016,58.9,177.0,2023-04-27,53,simule_distributions_ademe_2023
56216,C,G,maison,2000,85.9,261.0,2023-04-27,53,simule_distributions_ademe_2023
29393,E,G,maison,1979,75.3,379.0,2023-04-28,53,simule_distributions_ademe_2023
22152,C,F,appartement,2010,111.8,234.0,2023-04-28,53,simule_distributions_ademe_2023
22159,D,A,maison,1974,56.7,312.0,2023-04-28,53,simule_distributions_ademe_2023
56296,C,F,appartement,1986,65.2,289.0,2023-04-29,53,simule_distributions_ademe_2023
22335,E,B,appartement,1983,126.1,451.0,2023-04-29,53,simule_distributions_ademe_2023
22161,D,C,maison,1975,53.2,295.0,2023-04-29,53,simule_distributions_ademe_2023
29018,E,G,maison,1974,141.2,425.0,2023-04-29,53,simule_distributions_ademe_2023
56260,E,B,maison,1979,50.6,638.0,2023-04-30,53,simule_distributions_ademe_2023
56058,F,E,appartement,1958,58.0,561.0,2023-04-30,53,simule_distributions_ademe_2023
56327,A,F,maison,1990,98.7,110.0,2023-04-30,53,simule_distributions_ademe_2023
35027,E,F,immeuble,1989,48.1,434.0,2023-04-30,53,simule_distributions_ademe_2023
22372,C,D,immeuble,2016,46.4,325.0,2023-05-01,53,simule_distributions_ademe_2023
35288,F,D,immeuble,1927,40.3,385.0,2023-05-01,53,simule_distributions_ademe_2023
35157,E,C,maison,1988,50.8,522.0,2023-05-01,53,simule_distributions_ademe_2023
35091,E,B,appartement,1980,51.7,388.0,2023-05-01,53,simule_distributions_ademe_2023
56280,G,E,appartement,1935,154.7,632.0,2023-05-02,53,simule_distributions_ademe_2023
29003,D,D,maison,1978,39.2,190.0,2023-05-02,53,simule_distributions_ademe_2023
56015,G,D,maison,1922,54.4,699.0,2023-05-02,53,simule_distributions_ademe_2023
29182,B,G,maison,2015,37.3,85.0,2023-05-02,53,simule_distributions_ademe_2023
56199,F,D,maison,1953,92.4,555.0,2023-05-03,53,simule_distributions_ademe_2023
29009,C,G,maison,2000,44.2,286.0,2023-05-03,53,simule_distributions_ademe_2023
22357,F,B,appartement,1942,67.9,699.0,2023-05-03,53,simule_distributions_ademe_2023
29295,D,E,appartement,1993,61.3,317.0,2023-05-03,53,simule_distributions_ademe_2023
29158,D,C,immeuble,1988,41.2,171.0,2023-05-04,53,simule_distributions_ademe_2023
35319,E,G,appartement,1987,52.3,419.0,2023-05-04,53,simule_distributions_ademe_2023
22387,F,F,appartement,1929,92.5,339.0,2023-05-04,53,simule_distributions_ademe_2023
29044,A,G,appartement,2004,72.2,148.0,2023-05-04,53,simule_distributions_ademe_2023
29021,G,G,maison,1944,151.5,352.0,2023-05-05,53,simule_distributions_ademe_2023
56291,C,D,appartement,1998,55.6,308.0,2023-05-05,53,simule_distributions_ademe_2023
29335,C,A,appartement,1999,110.7,183.0,2023-05-05,53,simule_distributions_ademe_2023
22103,C,F,maison,2009,80.6,324.0,2023-05-05,53,simule_distributions_ademe_2023
29068,D,B,appartement,1979,87.3,269.0,2023-05-06,53,simule_distributions_ademe_2023
29320,D,A,appartement,1976,190.9,249.0,2023-05-06,53,simule_distributions_ademe_2023
56256,D,E,appartement,1969,84.4,264.0,2023-05-06,53,simule_distributions_ademe_2023
29379,F,B,immeuble,1964,60.3,573.0,2023-05-06,53,simule_distributions_ademe_2023
22345,F,E,maison,1950,94.3,496.0,2023-05-07,53,simule_distributions_ademe_2023
56145,D,E,appartement,1990,51.8,310.0,2023-05-07,53,simule_distributions_ademe_2023
29395,G,A,appartement,1930,54.7,514.0,2023-05-07,53,simule_distributions_ademe_2023
22338,F,G,appartement,1928,35.1,358.0,2023-05-07,53,simule_distributions_ademe_2023
29097,G,G,appartement,1954,56.8,640.0,2023-05-08,53,simule_distributions_ademe_2023
29346,D,F,maison,1992,44.1,278.0,2023-05-08,53,simule_distributions_ademe_2023
29087,F,D,maison,1953,60.3,337.0,2023-05-08,53,simule_distributions_ademe_2023
29394,B,D,maison,2014,64.8,52.0,2023-05-08,53,simule_distributions_ademe_2023
29027,G,A,maison,1945,55.8,593.0,2023-05-09,53,simule_distributions_ademe_2023
35183,B,E,maison,2014,43.6,82.0,2023-05-09,53,simule_distributions_ademe_2023
29032,F,C,maison,1974,31.2,632.0,2023-05-09,53,simule_distributions_ademe_2023
56094,D,B,maison,1971,90.0,210.0,2023-05-10,53,simule_distributions_ademe_2023
35310,D,B,maison,1990,52.9,155.0,2023-05-10,53,simule_distributions_ademe_2023
29130,D,E,appartement,1965,86.9,187.0,2023-05-10,53,simule_distributions_ademe_2023
22020,F,D,appartement,1955,99.8,672.0,2023-05-10,53,simule_distributions_ademe_2023
56303,C,D,maison,2016,96.6,282.0,2023-05-11,53,simule_distributions_ademe_2023
35155,D,F,immeuble,1990,72.8,227.0,2023-05-11,53,simule_distributions_ademe_2023
56117,D,G,appartement,1978,89.4,322.0,2023-05-11,53,simule_distributions_ademe_2023
35215,D,C,maison,1978,91.5,157.0,2023-05-11,53,simule_distributions_ademe_2023
35142,E,E,maison,1973,46.1,637.0,2023-05-12,53,simule_distributions_ademe_2023
35263,F,D,appartement,1970,71.5,654.0,2023-05-12,53,simule_distributions_ademe_2023
29185,F,F,appartement,1972,49.0,352.0,2023-05-12,53,simule_distributions_ademe_2023
56269,E,G,appartement,1992,116.3,565.0,2023-05-12,53,simule_distributions_ademe_2023
56016,D,D,appartement,1970,96.8,166.0,2023-05-13,53,simule_distributions_ademe_2023
35230,D,E,appartement,1966,66.6,322.0,2023-05-13,53,simule_distributions_ademe_2023
56193,F,D,maison,1967,72.1,615.0,2023-05-13,53,simule_distributions_ademe_2023
29112,G,C,appartement,1943,58.0,684.0,2023-05-13,53,simule_distributions_ademe_2023
35361,D,D,appartement,1978,59.2,287.0,2023-05-14,53,simule_distributions_ademe_2023
35372,F,G,appartement,1967,29.9,533.0,2023-05-14,53,simule_distributions_ademe_2023
56220,D,F,appartement,1978,60.6,296.0,2023-05-14,53,simule_distributions_ademe_2023
35085,C,F,maison,1995,35.1,278.0,2023-05-14,53,simule_distributions_ademe_2023
56109,D,E,appartement,1991,47.0,295.0,2023-05-15,53,simule_distributions_ademe_2023
35094,D,E,maison,1980,74.0,290.0,2023-05-15,53,simule_distributions_ademe_2023
29278,F,G,appartement,1932,115.6,447.0,2023-05-15,53,simule_distributions_ademe_2023
29275,C,C,maison,2014,54.3,267.0,2023-05-15,53,simule_distributions_ademe_2023
22016,E,F,appartement,1983,121.5,377.0,2023-05-16,53,simule_distributions_ademe_2023
22182,D,G,maison,1965,78.4,318.0,2023-05-16,53,simule_distributions_ademe_2023
22272,C,G,maison,2017,109.6,212.0,2023-05-16,53,simule_distributions_ademe_2023
29142,E,F,maison,1965,58.0,351.0,2023-05-16,53,simule_distributions_ademe_2023
29259,C,F,appartement,2008,68.3,304.0,2023-05-17,53,simule_distributions_ademe_2023
35270,D,E,maison,1976,26.4,201.0,2023-05-17,53,simule_distributions_ademe_2023
22076,A,F,maison,2001,160.6,115.0,2023-05-17,53,simule_distributions_ademe_2023
56116,F,E,appartement,1934,99.0,430.0,2023-05-17,53,simule_distributions_ademe_2023
56071,F,E,appartement,1950,141.7,433.0,2023-05-18,53,simule_distributions_ademe_2023
56063,E,D,maison,1977,29.6,542.0,2023-05-18,53,simule_distributions_ademe_2023
22313,E,E,appartement,1993,120.6,570.0,2023-05-18,53,simule_distributions_ademe_2023
29309,G,E,appartement,1954,77.2,501.0,2023-05-18,53,simule_distributions_ademe_2023
22262,E,F,appartement,1972,86.7,636.0,2023-05-19,53,simule_distributions_ademe_2023
56159,F,C,appartement,1969,59.7,333.0,2023-05-19,53,simule_distributions_ademe_2023
35007,F,B,appartement,1959,58.0,421.0,2023-05-19,53,simule_distributions_ademe_2023
22188,C,C,immeuble,2008,83.1,224.0,2023-05-19,53,simule_distributions_ademe_2023
22001,E,D,maison,1971,66.3,498.0,2023-05-20,53,simule_distributions_ademe_2023
22205,D,G,appartement,1971,89.2,240.0,2023-05-20,53,simule_distributions_ademe_2023
35088,E,D,maison,1988,126.7,617.0,2023-05-20,53,simule_distributions_ademe_2023
56314,D,E,maison,1966,35.3,172.0,2023-05-21,53,simule_distributions_ademe_2023
22269,F,F,appartement,1970,64.1,476.0,2023-05-21,53,simule_distributions_ademe_2023
35393,G,F,appartement,1965,32.2,439.0,2023-05-21,53,simule_distributions_ademe_2023
56031,D,D,maison,1983,39.5,323.0,2023-05-21,53,simule_distributions_ademe_2023
35287,E,E,appartement,1973,50.6,505.0,2023-05-22,53,simule_distributions_ademe_2023
22116,G,E,maison,1952,75.3,531.0,2023-05-22,53,simule_distributions_ademe_2023
22395,D,D,maison,1974,35.0,216.0,2023-05-22,53,simule_distributions_ademe_2023
22241,D,F,maison,1991,42.8,254.0,2023-05-22,53,simule_distributions_ademe_2023
35331,D,F,maison,1979,38.0,159.0,2023-05-23,53,simule_distributions_ademe_2023
35307,E,G,maison,1986,78.8,394.0,2023-05-23,53,simule_distributions_ademe_2023
22339,F,C,appartement,1926,113.7,460.0,2023-05-23,53,simule_distributions_ademe_2023
22130,D,G,maison,1978,99.4,249.0,2023-05-23,53,simule_distributions_ademe_2023
29383,A,F,maison,1985,53.5,79.0,2023-05-24,53,simule_distributions_ademe_2023
35270,F,F,maison,1928,54.6,586.0,2023-05-24,53,simule_distributions_ademe_2023
29272,C,E,maison,2013,42.3,264.0,2023-05-24,53,simule_distributions_ademe_2023
56090,A,F,maison,1990,81.2,148.0,2023-05-24,53,simule_distributions_ademe_2023
22010,C,E,maison,2018,74.8,283.0,2023-05-25,53,simule_distributions_ademe_2023
22028,C,C,appartement,1994,29.9,165.0,2023-05-25,53,simule_distributions_ademe_2023
29020,E,A,appartement,1965,72.0,521.0,2023-05-25,53,simule_distributions_ademe_2023
22102,D,F,appartement,1976,177.2,316.0,2023-05-25,53,simule_distributions_ademe_2023
29135,A,G,appartement,1992,49.0,93.0,2023-05-26,53,simule_distributions_ademe_2023
35025,D,D,maison,1992,59.9,285.0,2023-05-26,53,simule_distributions_ademe_2023
56388,D,F,appartement,1978,106.5,259.0,2023-05-26,53,simule_distributions_ademe_2023
29220,D,F,maison,1985,54.5,292.0,2023-05-26,53,simule_distributions_ademe_2023
56214,F,E,appartement,1958,80.3,678.0,2023-05-27,53,simule_distributions_ademe_2023
56190,C,E,maison,1987,110.6,183.0,2023-05-27,53,simule_distributions_ademe_2023
35258,C,G,appartement,2011,125.8,232.0,2023-05-27,53,simule_distributions_ademe_2023
29186,E,B,maison,1969,69.8,355.0,2023-05-27,53,simule_distributions_ademe_2023
29365,B,E,maison,1994,45.2,135.0,2023-05-28,53,simule_distributions_ademe_2023
22057,E,G,appartement,1993,63.3,485.0,2023-05-28,53,simule_distributions_ademe_2023
56264,E,F,maison,1968,68.0,401.0,2023-05-28,53,simule_distributions_ademe_2023
56371,G,E,maison,1940,25.6,391.0,2023-05-28,53,simule_distributions_ademe_2023
56161,F,F,maison,1941,96.7,393.0,2023-05-29,53,simule_distributions_ademe_2023
56319,E,E,appartement,1979,49.4,445.0,2023-05-29,53,simule_distributions_ademe_2023
35067,D,G,appartement,1975,169.4,312.0,2023-05-29,53,simule_distributions_ademe_2023
29197,G,C,maison,1926,133.0,345.0,2023-05-29,53,simule_distributions_ademe_2023
22385,D,G,maison,1973,115.1,269.0,2023-05-30,53,simule_distributions_ademe_2023
29129,D,E,maison,1979,51.0,315.0,2023-05-30,53,simule_distributions_ademe_2023
35190,D,F,maison,1988,79.9,238.0,2023-05-30,53,simule_distributions_ademe_2023
35026,F,F,maison,1951,75.7,438.0,2023-05-30,53,simule_distributions_ademe_2023
29279,E,G,appartement,1971,46.0,372.0,2023-05-31,53,simule_distributions_ademe_2023
29188,F,E,maison,1926,27.8,445.0,2023-05-31,53,simule_distributions_ademe_2023
35053,D,D,appartement,1986,71.4,190.0,2023-05-31,53,simule_distributions_ademe_2023
29348,D,D,appartement,1970,51.4,233.0,2023-06-01,53,simule_distributions_ademe_2023
29256,C,E,maison,2009,50.4,312.0,2023-06-01,53,simule_distributions_ademe_2023
29388,B,F,maison,2010,47.5,140.0,2023-06-01,53,simule_distributions_ademe_2023
56212,D,F,maison,1970,143.2,326.0,2023-06-01,53,simule_distributions_ademe_2023
29100,E,A,maison,1978,51.2,373.0,2023-06-02,53,simule_distributions_ademe_2023
56238,D,E,appartement,1990,50.1,167.0,2023-06-02,53,simule_distributions_ademe_2023
56186,E,E,appartement,1972,32.7,388.0,2023-06-02,53,simule_distributions_ademe_2023
35338,F,F,maison,1929,160.6,501.0,2023-06-02,53,simule_distributions_ademe_2023
35230,E,D,appartement,1986,58.3,368.0,2023-06-03,53,simule_distributions_ademe_2023
29008,E,D,appartement,1966,89.9,592.0,2023-06-03,53,simule_distributions_ademe_2023
56231,D,F,appartement,1992,56.1,277.0,2023-06-03,53,simule_distributions_ademe_2023
35313,G,C,maison,1924,39.4,696.0,2023-06-03,53,simule_distributions_ademe_2023
29282,A,B,maison,1997,136.9,137.0,2023-06-04,53,simule_distributions_ademe_2023
29377,D,C,maison,1977,85.7,204.0,2023-06-04,53,simule_distributions_ademe_2023
35137,C,D,maison,2003,116.7,317.0,2023-06-04,53,simule_distributions_ademe_2023
35076,B,D,appartement,1993,98.4,137.0,2023-06-04,53,simule_distributions_ademe_2023
35023,B,E,appartement,2001,107.8,114.0,2023-06-05,53,simule_distributions_ademe_2023
29261,C,D,appartement,2011,89.9,246.0,2023-06-05,53,simule_distributions_ademe_2023
29039,E,E,maison,1984,68.5,422.0,2023-06-05,53,simule_distributions_ademe_2023
56019,D,E,appartement,1978,159.6,172.0,2023-06-05,53,simule_distributions_ademe_2023
56208,E,E,maison,1993,122.6,461.0,2023-06-06,53,simule_distributions_ademe_2023
35201,D,C,maison,1970,52.1,208.0,2023-06-06,53,simule_distributions_ademe_2023
22368,D,E,appartement,1989,85.8,221.0,2023-06-06,53,simule_distributions_ademe_2023
29381,A,D,maison,1989,38.3,132.0,2023-06-06,53,simule_distributions_ademe_2023
56312,D,E,maison,1994,82.3,231.0,2023-06-07,53,simule_distributions_ademe_2023
35106,F,D,maison,1969,49.7,567.0,2023-06-07,53,simule_distributions_ademe_2023
56196,C,D,maison,1988,168.7,194.0,2023-06-07,53,simule_distributions_ademe_2023
56181,D,F,appartement,1967,44.9,184.0,2023-06-07,53,simule_distributions_ademe_2023
35170,D,E,maison,1989,97.2,260.0,2023-06-08,53,simule_distributions_ademe_2023
35060,F,D,maison,1932,217.6,617.0,2023-06-08,53,simule_distributions_ademe_2023
56206,C,B,appartement,2014,110.6,234.0,2023-06-08,53,simule_distributions_ademe_2023
29100,E,B,maison,1971,54.8,652.0,2023-06-08,53,simule_distributions_ademe_2023
29138,E,D,maison,1974,98.4,436.0,2023-06-09,53,simule_distributions_ademe_2023
22061,D,F,appartement,1971,49.3,319.0,2023-06-09,53,simule_distributions_ademe_2023
22094,E,C,appartement,1975,143.2,564.0,2023-06-09,53,simule_distributions_ademe_2023
35228,F,C,maison,1926,104.2,662.0,2023-06-09,53,simule_distributions_ademe_2023
56293,F,D,maison,1967,173.6,552.0,2023-06-10,53,simule_distributions_ademe_2023
35354,F,F,appartement,1961,101.7,543.0,2023-06-10,53,simule_distributions_ademe_2023
22074,B,D,appartement,1987,66.9,114.0,2023-06-10,53,simule_distributions_ademe_2023
56328,G,E,maison,1941,88.2,648.0,2023-06-10,53,simule_distributions_ademe_2023
22381,F,E,maison,1972,121.5,464.0,2023-06-11,53,simule_distributions_ademe_2023
22060,F,B,maison,1928,145.6,496.0,2023-06-11,53,simule_distributions_ademe_2023
56037,C,D,appartement,1998,66.8,228.0,2023-06-11,53,simule_distributions_ademe_2023
35327,D,E,appartement,1965,39.8,189.0,2023-06-12,53,simule_distributions_ademe_2023
35226,C,F,maison,2003,151.9,324.0,2023-06-12,53,simule_distributions_ademe_2023
56370,D,F,appartement,1993,95.8,308.0,2023-06-12,53,simule_distributions_ademe_2023
35282,G,E,appartement,1932,41.2,382.0,2023-06-12,53,simule_distributions_ademe_2023
56110,E,C,maison,1990,229.4,550.0,2023-06-13,53,simule_distributions_ademe_2023
29222,D,C,maison,1986,70.2,263.0,2023-06-13,53,simule_distributions_ademe_2023
35188,D,D,appartement,1983,42.4,260.0,2023-06-13,53,simule_distributions_ademe_2023
22300,F,D,maison,1931,36.6,592.0,2023-06-13,53,simule_distributions_ademe_2023
35043,D,G,appartement,1980,107.3,189.0,2023-06-14,53,simule_distributions_ademe_2023
56128,D,E,maison,1985,36.8,200.0,2023-06-14,53,simule_distributions_ademe_2023
56324,E,A,appartement,1991,51.4,452.0,2023-06-14,53,simule_distributions_ademe_2023
35102,E,G,appartement,1973,53.0,512.0,2023-06-14,53,simule_distributions_ademe_2023
35099,G,E,appartement,1965,40.0,428.0,2023-06-15,53,simule_distributions_ademe_2023
22394,D,E,appartement,1976,93.3,194.0,2023-06-15,53,simule_distributions_ademe_2023
56156,G,E,maison,1930,48.0,663.0,2023-06-15,53,simule_distributions_ademe_2023
56061,C,C,maison,1999,58.5,316.0,2023-06-15,53,simule_distributions_ademe_2023
29304,A,G,appartement,2007,97.4,65.0,2023-06-16,53,simule_distributions_ademe_2023
29298,F,B,maison,1957,33.9,340.0,2023-06-16,53,simule_distributions_ademe_2023
29306,G,F,appartement,1946,65.5,442.0,2023-06-16,53,simule_distributions_ademe_2023
29066,E,F,maison,1988,154.6,509.0,2023-06-16,53,simule_distributions_ademe_2023
35380,G,D,maison,1971,23.1,568.0,2023-06-17,53,simule_distributions_ademe_2023
35046,D,E,maison,1985,29.1,177.0,2023-06-17,53,simule_distributions_ademe_2023
29176,B,G,appartement,2007,142.3,83.0,2023-06-17,53,simule_distributions_ademe_2023
29362,B,F,maison,2009,172.6,58.0,2023-06-17,53,simule_distributions_ademe_2023
22383,D,A,maison,1971,104.3,326.0,2023-06-18,53,simule_distributions_ademe_2023
29298,B,E,maison,2015,98.9,132.0,2023-06-18,53,simule_distributions_ademe_2023
35228,D,E,appartement,1969,91.0,227.0,2023-06-18,53,simule_distributions_ademe_2023
29267,E,E,appartement,1985,31.8,452.0,2023-06-18,53,simule_distributions_ademe_2023
22272,F,F,appartement,1932,105.3,528.0,2023-06-19,53,simule_distributions_ademe_2023
22369,D,C,immeuble,1991,106.5,309.0,2023-06-19,53,simule_distributions_ademe_2023
29084,C,E,appartement,2006,118.7,319.0,2023-06-19,53,simule_distributions_ademe_2023
56176,G,C,appartement,1944,119.0,479.0,2023-06-19,53,simule_distributions_ademe_2023
29389,C,C,appartement,2017,79.2,294.0,2023-06-20,53,simule_distributions_ademe_2023
29126,G,F,appartement,1967,39.3,355.0,2023-06-20,53,simule_distributions_ademe_2023
22162,D,C,appartement,1976,108.4,299.0,2023-06-20,53,simule_distributions_ademe_2023
35150,D,C,maison,1969,71.9,244.0,2023-06-20,53,simule_distributions_ademe_2023
35378,F,E,maison,1968,36.9,666.0,2023-06-21,53,simule_distributions_ademe_2023
35024,G,D,appartement,1941,69.6,427.0,2023-06-21,53,simule_distributions_ademe_2023
29189,C,E,maison,2014,38.0,184.0,2023-06-21,53,simule_distributions_ademe_2023
22268,C,E,appartement,1994,124.0,162.0,2023-06-21,53,simule_distributions_ademe_2023
29214,D,F,appartement,1988,18.0,164.0,2023-06-22,53,simule_distributions_ademe_2023
56283,E,F,appartement,1966,55.5,684.0,2023-06-22,53,simule_distributions_ademe_2023
29315,F,E,maison,1936,184.1,555.0,2023-06-22,53,simule_distributions_ademe_2023
56130,D,C,maison,1971,74.6,308.0,2023-06-23,53,simule_distributions_ademe_2023
29112,E,G,appartement,1975,41.1,594.0,2023-06-23,53,simule_distributions_ademe_2023
22010,G,E,immeuble,1938,32.0,557.0,2023-06-23,53,simule_distributions_ademe_2023
22110,F,D,maison,1973,83.9,498.0,2023-06-23,53,simule_distributions_ademe_2023
56379,C,D,maison,2009,234.0,276.0,2023-06-24,53,simule_distributions_ademe_2023
22305,D,E,maison,1968,62.8,199.0,2023-06-24,53,simule_distributions_ademe_2023
22042,A,E,maison,1988,122.9,110.0,2023-06-24,53,simule_distributions_ademe_2023
56126,E,D,appartement,1984,36.1,409.0,2023-06-24,53,simule_distributions_ademe_2023
29375,D,E,maison,1994,101.9,187.0,2023-06-25,53,simule_distributions_ademe_2023
22142,D,D,immeuble,1965,46.5,204.0,2023-06-25,53,simule_distributions_ademe_2023
35038,D,E,maison,1993,79.2,316.0,2023-06-25,53,simule_distributions_ademe_2023
29247,C,C,maison,1996,53.3,280.0,2023-06-25,53,simule_distributions_ademe_2023
22114,F,F,appartement,1924,245.8,335.0,2023-06-26,53,simule_distributions_ademe_2023
29258,C,E,appartement,1997,50.6,298.0,2023-06-26,53,simule_distributions_ademe_2023
29187,E,C,maison,1974,82.6,654.0,2023-06-26,53,simule_distributions_ademe_2023
29321,D,D,maison,1987,39.4,279.0,2023-06-26,53,simule_distributions_ademe_2023
56202,G,E,maison,1939,88.0,650.0,2023-06-27,53,simule_distributions_ademe_2023
56207,D,F,appartement,1966,42.1,259.0,2023-06-27,53,simule_distributions_ademe_2023
56089,D,A,appartement,1966,69.5,314.0,2023-06-27,53,simule_distributions_ademe_2023
35147,C,D,maison,1993,98.2,270.0,2023-06-27,53,simule_distributions_ademe_2023
56040,F,D,maison,1950,97.0,679.0,2023-06-28,53,simule_distributions_ademe_2023
35015,D,E,appartement,1985,65.9,228.0,2023-06-28,53,simule_distributions_ademe_2023
29029,E,G,maison,1988,61.5,544.0,2023-06-28,53,simule_distributions_ademe_2023
56031,D,C,maison,1992,91.7,267.0,2023-06-28,53,simule_distributions_ademe_2023
22040,E,F,appartement,1986,44.6,431.0,2023-06-29,53,simule_distributions_ademe_2023
56253,C,F,appartement,2019,66.8,296.0,2023-06-29,53,simule_distributions_ademe_2023
29321,E,E,maison,1979,52.6,571.0,2023-06-29,53,simule_distributions_ademe_2023
56218,B,G,maison,2016,51.9,55.0,2023-06-29,53,simule_distributions_ademe_2023
56245,F,E,appartement,1944,91.3,337.0,2023-06-30,53,simule_distributions_ademe_2023
56205,F,E,appartement,1933,48.6,406.0,2023-06-30,53,simule_distributions_ademe_2023
56002,D,F,maison,1982,77.9,281.0,2023-06-30,53,simule_distributions_ademe_2023
29116,E,G,maison,1989,214.4,516.0,2023-06-30,53,simule_distributions_ademe_2023
56064,G,F,maison,1974,44.6,479.0,2023-07-01,53,simule_distributions_ademe_2023
56024,E,C,appartement,1969,86.1,416.0,2023-07-01,53,simule_distributions_ademe_2023
35235,F,F,maison,1941,28.5,584.0,2023-07-01,53,simule_distributions_ademe_2023
35199,F,F,appartement,1969,66.6,383.0,2023-07-01,53,simule_distributions_ademe_2023
35344,F,D,maison,1938,113.4,362.0,2023-07-02,53,simule_distributions_ademe_2023
29370,E,F,maison,1987,35.3,416.0,2023-07-02,53,simule_distributions_ademe_2023
56291,C,D,appartement,1993,43.5,153.0,2023-07-02,53,simule_distributions_ademe_2023
35306,E,E,maison,1977,38.6,512.0,2023-07-02,53,simule_distributions_ademe_2023
35025,G,G,maison,1937,110.3,584.0,2023-07-03,53,simule_distributions_ademe_2023
22080,D,E,maison,1979,49.8,211.0,2023-07-03,53,simule_distributions_ademe_2023
22296,F,D,maison,1933,93.8,451.0,2023-07-03,53,simule_distributions_ademe_2023
22160,F,F,maison,1945,30.7,446.0,2023-07-04,53,simule_distributions_ademe_2023
56262,D,C,appartement,1991,93.8,216.0,2023-07-04,53,simule_distributions_ademe_2023
56216,D,G,appartement,1968,74.8,318.0,2023-07-04,53,simule_distributions_ademe_2023
56371,D,E,appartement,1973,100.8,328.0,2023-07-04,53,simule_distributions_ademe_2023
56365,F,C,appartement,1958,63.0,514.0,2023-07-05,53,simule_distributions_ademe_2023
35375,C,B,maison,2015,132.0,203.0,2023-07-05,53,simule_distributions_ademe_2023
56211,D,C,maison,1967,65.5,226.0,2023-07-05,53,simule_distributions_ademe_2023
56212,E,D,appartement,1976,110.3,466.0,2023-07-05,53,simule_distributions_ademe_2023
35248,F,D,maison,1934,61.5,561.0,2023-07-06,53,simule_distributions_ademe_2023
29070,G,G,maison,1935,40.1,387.0,2023-07-06,53,simule_distributions_ademe_2023
22039,D,G,appartement,1976,85.4,170.0,2023-07-06,53,simule_distributions_ademe_2023
22266,D,F,immeuble,1985,62.8,250.0,2023-07-06,53,simule_distributions_ademe_2023
29146,F,F,maison,1922,60.7,509.0,2023-07-07,53,simule_distributions_ademe_2023
56398,F,G,maison,1927,146.3,345.0,2023-07-07,53,simule_distributions_ademe_2023
22398,B,E,appartement,2012,166.8,107.0,2023-07-07,53,simule_distributions_ademe_2023
22129,E,F,appartement,1984,38.3,677.0,2023-07-07,53,simule_distributions_ademe_2023
35037,D,D,maison,1993,58.1,303.0,2023-07-08,53,simule_distributions_ademe_2023
35238,E,C,appartement,1988,58.4,568.0,2023-07-08,53,simule_distributions_ademe_2023
29397,C,F,maison,1996,67.3,319.0,2023-07-08,53,simule_distributions_ademe_2023
22090,B,C,appartement,2016,93.2,65.0,2023-07-08,53,simule_distributions_ademe_2023
56019,D,F,appartement,1975,40.2,232.0,2023-07-09,53,simule_distributions_ademe_2023
22079,D,E,maison,1968,68.3,251.0,2023-07-09,53,simule_distributions_ademe_2023
29008,G,G,appartement,1954,98.3,637.0,2023-07-09,53,simule_distributions_ademe_2023
35270,A,F,maison,2016,68.3,79.0,2023-07-09,53,simule_distributions_ademe_2023
29174,E,E,appartement,1989,66.8,609.0,2023-07-10,53,simule_distributions_ademe_2023
56053,F,E,appartement,1957,89.6,452.0,2023-07-10,53,simule_distributions_ademe_2023
56202,D,D,maison,1982,99.0,168.0,2023-07-10,53,simule_distributions_ademe_2023
56176,C,C,maison,2002,72.9,221.0,2023-07-10,53,simule_distributions_ademe_2023
29278,F,E,immeuble,1942,104.5,636.0,2023-07-11,53,simule_distributions_ademe_2023
35291,A,G,maison,1996,149.4,127.0,2023-07-11,53,simule_distributions_ademe_2023
35046,F,F,appartement,1947,39.5,388.0,2023-07-11,53,simule_distributions_ademe_2023
35100,F,D,maison,1937,50.0,513.0,2023-07-11,53,simule_distributions_ademe_2023
22238,E,B,maison,1978,255.7,359.0,2023-07-12,53,simule_distributions_ademe_2023
56084,E,D,appartement,1986,170.7,600.0,2023-07-12,53,simule_distributions_ademe_2023
22186,G,G,appartement,1933,42.0,563.0,2023-07-12,53,simule_distributions_ademe_2023
56248,E,F,maison,1983,88.0,487.0,2023-07-12,53,simule_distributions_ademe_2023
35050,G,D,appartement,1927,118.4,680.0,2023-07-13,53,simule_distributions_ademe_2023
35330,B,E,immeuble,2010,42.0,76.0,2023-07-13,53,simule_distributions_ademe_2023
29376,C,C,appartement,2001,75.8,229.0,2023-07-13,53,simule_distributions_ademe_2023
22224,A,D,maison,1997,107.0,54.0,2023-07-13,53,simule_distributions_ademe_2023
56079,B,C,maison,1997,86.8,54.0,2023-07-14,53,simule_distributions_ademe_2023
22041,D,F,immeuble,1968,48.8,208.0,2023-07-14,53,simule_distributions_ademe_2023
35291,F,G,maison,1939,100.3,447.0,2023-07-14,53,simule_distributions_ademe_2023
29039,E,D,maison,1965,90.0,699.0,2023-07-15,53,simule_distributions_ademe_2023
56281,F,D,appartement,1952,72.3,700.0,2023-07-15,53,simule_distributions_ademe_2023
22367,G,G,maison,1940,45.9,649.0,2023-07-15,53,simule_distributions_ademe_2023
22248,F,E,maison,1957,65.8,534.0,2023-07-15,53,simule_distributions_ademe_2023
29093,F,G,maison,1957,67.6,511.0,2023-07-16,53,simule_distributions_ademe_2023
22325,E,D,appartement,1994,68.0,666.0,2023-07-16,53,simule_distributions_ademe_2023
56026,D,E,maison,1976,70.2,264.0,2023-07-16,53,simule_distributions_ademe_2023
35263,F,E,maison,1940,77.2,397.0,2023-07-16,53,simule_distributions_ademe_2023
56063,E,D,maison,1971,67.3,590.0,2023-07-17,53,simule_distributions_ademe_2023
35311,B,C,maison,1986,63.5,128.0,2023-07-17,53,simule_distributions_ademe_2023
29147,F,E,maison,1948,82.7,402.0,2023-07-17,53,simule_distributions_ademe_2023
35127,D,G,appartement,1989,46.8,157.0,2023-07-17,53,simule_distributions_ademe_2023
29001,D,F,maison,1981,167.3,239.0,2023-07-18,53,simule_distributions_ademe_2023
22043,C,F,appartement,2003,45.4,313.0,2023-07-18,53,simule_distributions_ademe_2023
22167,D,D,maison,1977,77.7,160.0,2023-07-18,53,simule_distributions_ademe_2023
56098,F,F,appartement,1965,69.3,627.0,2023-07-18,53,simule_distributions_ademe_2023
22276,E,E,maison,1989,22.9,342.0,2023-07-19,53,simule_distributions_ademe_2023
56097,F,D,maison,1937,97.4,449.0,2023-07-19,53,simule_distributions_ademe_2023
22001,A,D,appartement,1997,88.5,120.0,2023-07-19,53,simule_distributions_ademe_2023
22167,C,F,appartement,2010,201.8,222.0,2023-07-19,53,simule_distributions_ademe_2023
29015,G,E,appartement,1968,82.8,685.0,2023-07-20,53,simule_distributions_ademe_2023
22288,E,E,maison,1970,69.2,512.0,2023-07-20,53,simule_distributions_ademe_2023
29313,E,F,appartement,1973,84.3,630.0,2023-07-20,53,simule_distributions_ademe_2023
29116,D,C,maison,1974,57.0,295.0,2023-07-20,53,simule_distributions_ademe_2023
35025,F,E,maison,1938,77.2,486.0,2023-07-21,53,simule_distributions_ademe_2023
29010,F,D,immeuble,1950,28.6,684.0,2023-07-21,53,simule_distributions_ademe_2023
56249,G,E,immeuble,1962,87.4,697.0,2023-07-21,53,simule_distributions_ademe_2023
22160,C,E,appartement,1998,32.9,198.0,2023-07-21,53,simule_distributions_ademe_2023
35001,C,F,appartement,2017,48.4,169.0,2023-07-22,53,simule_distributions_ademe_2023
56023,D,E,maison,1980,40.3,298.0,2023-07-22,53,simule_distributions_ademe_2023
29019,A,D,appartement,1995,143.5,123.0,2023-07-22,53,simule_distributions_ademe_2023
56065,F,F,appartement,1928,71.1,532.0,2023-07-22,53,simule_distributions_ademe_2023
22340,E,G,appartement,1965,88.9,437.0,2023-07-23,53,simule_distributions_ademe_2023
29224,G,F,appartement,1953,72.2,482.0,2023-07-23,53,simule_distributions_ademe_2023
29252,B,E,maison,2005,94.2,68.0,2023-07-23,53,simule_distributions_ademe_2023
56094,D,D,maison,1970,66.9,285.0,2023-07-23,53,simule_distributions_ademe_2023
29386,F,E,appartement,1941,199.7,356.0,2023-07-24,53,simule_distributions_ademe_2023
56078,E,D,maison,1986,75.1,473.0,2023-07-24,53,simule_distributions_ademe_2023
29327,D,E,maison,1971,134.9,196.0,2023-07-24,53,simule_distributions_ademe_2023
29268,G,E,appartement,1938,77.4,642.0,2023-07-24,53,simule_distributions_ademe_2023
29127,E,E,maison,1969,27.0,400.0,2023-07-25,53,simule_distributions_ademe_2023
29344,D,E,maison,1993,125.7,170.0,2023-07-25,53,simule_distributions_ademe_2023
29322,C,C,appartement,2017,140.2,178.0,2023-07-25,53,simule_distributions_ademe_2023
56258,F,E,appartement,1933,58.6,375.0,2023-07-26,53,simule_distributions_ademe_2023
56376,B,C,maison,2015,59.5,96.0,2023-07-26,53,simule_distributions_ademe_2023
35327,D,F,appartement,1972,40.9,285.0,2023-07-26,53,simule_distributions_ademe_2023
56337,D,D,appartement,1981,114.0,163.0,2023-07-26,53,simule_distributions_ademe_2023
35172,E,D,maison,1969,39.3,683.0,2023-07-27,53,simule_distributions_ademe_2023
35084,E,F,maison,1992,96.4,665.0,2023-07-27,53,simule_distributions_ademe_2023
22228,F,B,maison,1943,79.2,636.0,2023-07-27,53,simule_distributions_ademe_2023
35068,G,G,appartement,1941,27.5,612.0,2023-07-27,53,simule_distributions_ademe_2023
29160,E,F,maison,1971,48.9,576.0,2023-07-28,53,simule_distributions_ademe_2023
22303,G,F,appartement,1963,57.3,686.0,2023-07-28,53,simule_distributions_ademe_2023
29324,F,E,maison,1948,46.6,475.0,2023-07-28,53,simule_distributions_ademe_2023
22304,E,E,maison,1994,51.7,662.0,2023-07-28,53,simule_distributions_ademe_2023
56384,E,D,maison,1968,60.3,484.0,2023-07-29,53,simule_distributions_ademe_2023
56035,E,E,maison,1992,68.2,608.0,2023-07-29,53,simule_distributions_ademe_2023
56356,D,D,appartement,1965,35.3,226.0,2023-07-29,53,simule_distributions_ademe_2023
22013,D,E,appartement,1983,63.5,263.0,2023-07-29,53,simule_distributions_ademe_2023
56264,F,A,maison,1935,49.1,479.0,2023-07-30,53,simule_distributions_ademe_2023
22189,E,D,maison,1980,159.6,492.0,2023-07-30,53,simule_distributions_ademe_2023
35294,C,C,maison,2015,48.1,198.0,2023-07-30,53,simule_distributions_ademe_2023
22381,E,G,appartement,1986,39.1,542.0,2023-07-30,53,simule_distributions_ademe_2023
29306,F,C,maison,1932,59.6,412.0,2023-07-31,53,simule_distributions_ademe_2023
35166,E,E,maison,1968,68.0,608.0,2023-07-31,53,simule_distributions_ademe_2023
29090,D,F,maison,1971,40.3,217.0,2023-07-31,53,simule_distributions_ademe_2023
29376,C,A,maison,2005,90.1,213.0,2023-07-31,53,simule_distributions_ademe_2023
22109,C,G,appartement,2016,134.6,234.0,2023-08-01,53,simule_distributions_ademe_2023
35203,F,G,appartement,1959,72.2,599.0,2023-08-01,53,simule_distributions_ademe_2023
22335,F,G,maison,1966,55.8,620.0,2023-08-01,53,simule_distributions_ademe_2023
29162,F,B,appartement,1960,32.1,503.0,2023-08-01,53,simule_distributions_ademe_2023
22204,C,D,appartement,2010,62.5,176.0,2023-08-02,53,simule_distributions_ademe_2023
35056,E,D,appartement,1994,60.1,504.0,2023-08-02,53,simule_distributions_ademe_2023
35289,F,A,maison,1941,31.7,373.0,2023-08-02,53,simule_distributions_ademe_2023
29177,D,D,maison,1968,42.8,261.0,2023-08-02,53,simule_distributions_ademe_2023
56194,F,E,maison,1925,54.3,645.0,2023-08-03,53,simule_distributions_ademe_2023
22174,G,D,appartement,1956,89.3,496.0,2023-08-03,53,simule_distributions_ademe_2023
35213,C,B,appartement,1985,59.0,240.0,2023-08-03,53,simule_distributions_ademe_2023
29303,D,C,appartement,1985,76.6,216.0,2023-08-03,53,simule_distributions_ademe_2023
29119,E,E,appartement,1978,68.6,697.0,2023-08-04,53,simule_distributions_ademe_2023
22088,F,D,appartement,1929,91.0,385.0,2023-08-04,53,simule_distributions_ademe_2023
56078,B,F,appartement,1996,80.9,95.0,2023-08-04,53,simule_distributions_ademe_2023
35320,D,E,maison,1991,80.3,191.0,2023-08-04,53,simule_distributions_ademe_2023
35009,D,G,maison,1983,43.6,277.0,2023-08-05,53,simule_distributions_ademe_2023
56363,D,E,appartement,1991,85.5,209.0,2023-08-05,53,simule_distributions_ademe_2023
29315,G,C,appartement,1922,46.3,442.0,2023-08-05,53,simule_distributions_ademe_2023
22065,E,G,appartement,1982,60.8,590.0,2023-08-06,53,simule_distributions_ademe_2023
22061,D,F,maison,1974,71.0,257.0,2023-08-06,53,simule_distributions_ademe_2023
56337,G,E,maison,1933,85.4,598.0,2023-08-06,53,simule_distributions_ademe_2023
35343,E,D,appartement,1977,49.9,484.0,2023-08-06,53,simule_distributions_ademe_2023
29070,G,B,appartement,1952,207.8,541.0,2023-08-07,53,simule_distributions_ademe_2023
22249,D,E,immeuble,1979,47.7,197.0,2023-08-07,53,simule_distributions_ademe_2023
56224,D,G,maison,1973,82.5,315.0,2023-08-07,53,simule_distributions_ademe_2023
22215,F,E,maison,1972,70.3,403.0,2023-08-07,53,simule_distributions_ademe_2023
35211,F,F,immeuble,1942,41.0,476.0,2023-08-08,53,simule_distributions_ademe_2023
29399,D,G,maison,1992,56.9,306.0,2023-08-08,53,simule_distributions_ademe_2023
22227,F,C,maison,1961,150.5,540.0,2023-08-08,53,simule_distributions_ademe_2023
29003,E,B,maison,1993,107.5,602.0,2023-08-08,53,simule_distributions_ademe_2023
22257,D,E,appartement,1976,69.1,289.0,2023-08-09,53,simule_distributions_ademe_2023
56116,A,D,maison,1998,33.5,52.0,2023-08-09,53,simule_distributions_ademe_2023
22388,C,E,maison,1998,71.9,270.0,2023-08-09,53,simule_distributions_ademe_2023
35253,E,E,immeuble,1973,130.5,681.0,2023-08-09,53,simule_distributions_ademe_2023
29167,F,E,appartement,1935,102.6,335.0,2023-08-10,53,simule_distributions_ademe_2023
56387,E,E,maison,1974,86.5,397.0,2023-08-10,53,simule_distributions_ademe_2023
29197,E,F,maison,1979,235.3,462.0,2023-08-10,53,simule_distributions_ademe_2023
29353,G,C,appartement,1939,38.6,547.0,2023-08-10,53,simule_distributions_ademe_2023
56111,F,D,maison,1927,100.1,371.0,2023-08-11,53,simule_distributions_ademe_2023
22159,G,F,maison,1950,88.5,613.0,2023-08-11,53,simule_distributions_ademe_2023
35189,C,C,appartement,1987,85.2,273.0,2023-08-11,53,simule_distributions_ademe_2023
35055,G,D,appartement,1931,87.1,516.0,2023-08-11,53,simule_distributions_ademe_2023
22277,C,E,maison,2010,49.2,242.0,2023-08-12,53,simule_distributions_ademe_2023
56375,D,D,maison,1973,41.3,282.0,2023-08-12,53,simule_distributions_ademe_2023
22124,B,F,maison,1994,35.4,148.0,2023-08-12,53,simule_distributions_ademe_2023
29107,C,C,maison,1997,58.5,186.0,2023-08-12,53,simule_distributions_ademe_2023
56350,G,E,maison,1952,65.3,347.0,2023-08-13,53,simule_distributions_ademe_2023
56119,A,B,maison,2000,197.8,60.0,2023-08-13,53,simule_distributions_ademe_2023
35032,D,E,appartement,1993,170.2,153.0,2023-08-13,53,simule_distributions_ademe_2023
35029,E,E,maison,1971,93.4,421.0,2023-08-13,53,simule_distributions_ademe_2023
35192,E,G,appartement,1966,42.6,472.0,2023-08-14,53,simule_distributions_ademe_2023
22282,C,E,maison,2017,41.9,208.0,2023-08-14,53,simule_distributions_ademe_2023
35246,E,F,appartement,1965,82.7,630.0,2023-08-14,53,simule_distributions_ademe_2023
35136,D,E,maison,1987,59.6,228.0,2023-08-14,53,simule_distributions_ademe_2023
22234,E,B,immeuble,1993,111.0,636.0,2023-08-15,53,simule_distributions_ademe_2023
56125,A,F,maison,1997,36.2,115.0,2023-08-15,53,simule_distributions_ademe_2023
22159,F,C,appartement,1965,208.4,441.0,2023-08-15,53,simule_distributions_ademe_2023
29298,A,E,maison,2000,34.9,107.0,2023-08-15,53,simule_distributions_ademe_2023
29075,E,G,appartement,1976,164.6,339.0,2023-08-16,53,simule_distributions_ademe_2023
22279,F,D,appartement,1934,67.1,423.0,2023-08-16,53,simule_distributions_ademe_2023
29131,E,A,appartement,1993,88.9,644.0,2023-08-16,53,simule_distributions_ademe_2023
35105,A,C,immeuble,1989,78.1,75.0,2023-08-17,53,simule_distributions_ademe_2023
56243,D,E,appartement,1970,106.2,174.0,2023-08-17,53,simule_distributions_ademe_2023
29076,D,E,maison,1985,54.8,226.0,2023-08-17,53,simule_distributions_ademe_2023
29397,D,C,maison,1979,98.7,310.0,2023-08-17,53,simule_distributions_ademe_2023
29068,E,D,maison,1979,68.0,623.0,2023-08-18,53,simule_distributions_ademe_2023
56345,F,A,appartement,1938,46.6,584.0,2023-08-18,53,simule_distributions_ademe_2023
35066,G,C,maison,1941,43.3,683.0,2023-08-18,53,simule_distributions_ademe_2023
56328,D,F,appartement,1988,92.8,269.0,2023-08-18,53,simule_distributions_ademe_2023
29361,F,E,maison,1967,177.9,482.0,2023-08-19,53,simule_distributions_ademe_2023
56346,E,F,appartement,1993,81.2,358.0,2023-08-19,53,simule_distributions_ademe_2023
29016,E,G,maison,1965,54.0,332.0,2023-08-19,53,simule_distributions_ademe_2023
35031,D,F,appartement,1980,31.5,298.0,2023-08-19,53,simule_distributions_ademe_2023
22273,C,F,appartement,1999,126.4,155.0,2023-08-20,53,simule_distributions_ademe_2023
22064,E,D,appartement,1966,56.3,562.0,2023-08-20,53,simule_distributions_ademe_2023
29302,C,F,maison,2017,47.2,280.0,2023-08-20,53,simule_distributions_ademe_2023
29202,D,F,maison,1985,77.6,205.0,2023-08-20,53,simule_distributions_ademe_2023
56385,E,C,maison,1983,69.2,485.0,2023-08-21,53,simule_distributions_ademe_2023
56171,F,E,maison,1965,152.0,364.0,2023-08-21,53,simule_distributions_ademe_2023
35257,C,G,appartement,1995,68.6,248.0,2023-08-21,53,simule_distributions_ademe_2023
29002,E,E,maison,1969,69.9,421.0,2023-08-21,53,simule_distributions_ademe_2023
35086,D,G,immeuble,1966,55.1,202.0,2023-08-22,53,simule_distributions_ademe_2023
29270,D,D,appartement,1972,43.1,294.0,2023-08-22,53,simule_distributions_ademe_2023
22168,C,F,immeuble,2010,103.0,223.0,2023-08-22,53,simule_distributions_ademe_2023
56045,C,E,maison,1996,53.3,319.0,2023-08-22,53,simule_distributions_ademe_2023
56389,G,D,maison,1974,94.4,459.0,2023-08-23,53,simule_distributions_ademe_2023
56352,B,D,maison,1989,55.6,136.0,2023-08-23,53,simule_distributions_ademe_2023
56139,D,B,appartement,1974,56.7,201.0,2023-08-23,53,simule_distributions_ademe_2023
56244,F,D,maison,1934,51.2,341.0,2023-08-23,53,simule_distributions_ademe_2023
35240,E,E,appartement,1965,49.5,391.0,2023-08-24,53,simule_distributions_ademe_2023
56313,E,F,appartement,1969,62.8,473.0,2023-08-24,53,simule_distributions_ademe_2023
56064,E,G,maison,1966,49.3,692.0,2023-08-24,53,simule_distributions_ademe_2023
22011,D,E,appartement,1986,90.5,190.0,2023-08-24,53,simule_distributions_ademe_2023
35276,E,D,maison,1978,115.7,438.0,2023-08-25,53,simule_distributions_ademe_2023
22004,F,F,immeuble,1929,24.8,348.0,2023-08-25,53,simule_distributions_ademe_2023
35149,D,C,appartement,1975,51.4,307.0,2023-08-25,53,simule_distributions_ademe_2023
35115,D,E,maison,1991,22.9,215.0,2023-08-25,53,simule_distributions_ademe_2023
22110,F,D,maison,1946,63.3,483.0,2023-08-26,53,simule_distributions_ademe_2023
56008,G,F,appartement,1948,164.5,479.0,2023-08-26,53,simule_distributions_ademe_2023
56232,D,C,maison,1992,35.3,283.0,2023-08-26,53,simule_distributions_ademe_2023
22219,D,E,immeuble,1988,131.1,206.0,2023-08-26,53,simule_distributions_ademe_2023
22323,D,E,appartement,1982,63.7,314.0,2023-08-27,53,simule_distributions_ademe_2023
22296,D,E,maison,1991,102.6,305.0,2023-08-27,53,simule_distributions_ademe_2023
35233,B,G,immeuble,2003,35.8,132.0,2023-08-27,53,simule_distributions_ademe_2023
56332,D,G,appartement,1991,93.3,330.0,2023-08-28,53,simule_distributions_ademe_2023
29275,G,F,appartement,1952,69.3,502.0,2023-08-28,53,simule_distributions_ademe_2023
22165,D,D,appartement,1984,47.7,264.0,2023-08-28,53,simule_distributions_ademe_2023
29258,F,F,maison,1926,159.7,575.0,2023-08-28,53,simule_distributions_ademe_2023
35346,C,F,appartement,1993,45.0,196.0,2023-08-29,53,simule_distributions_ademe_2023
22079,B,D,appartement,2005,85.4,67.0,2023-08-29,53,simule_distributions_ademe_2023
29309,F,D,appartement,1952,109.1,540.0,2023-08-29,53,simule_distributions_ademe_2023
29035,F,D,maison,1965,70.1,539.0,2023-08-29,53,simule_distributions_ademe_2023
29284,D,E,maison,1991,89.3,178.0,2023-08-30,53,simule_distributions_ademe_2023
29035,D,G,maison,1971,67.5,278.0,2023-08-30,53,simule_distributions_ademe_2023
56199,D,D,appartement,1974,67.5,162.0,2023-08-30,53,simule_distributions_ademe_2023
35218,B,D,maison,2018,52.4,137.0,2023-08-30,53,simule_distributions_ademe_2023
56148,E,C,appartement,1978,73.0,387.0,2023-08-31,53,simule_distributions_ademe_2023
29282,D,G,appartement,1977,72.6,229.0,2023-08-31,53,simule_distributions_ademe_2023
22207,D,G,maison,1980,69.6,183.0,2023-08-31,53,simule_distributions_ademe_2023
35086,D,F,appartement,1984,96.5,152.0,2023-08-31,53,simule_distributions_ademe_2023
29229,E,E,appartement,1993,84.5,480.0,2023-09-01,53,simule_distributions_ademe_2023
35043,D,F,appartement,1967,31.6,307.0,2023-09-01,53,simule_distributions_ademe_2023
35281,D,G,maison,1973,37.6,152.0,2023-09-01,53,simule_distributions_ademe_2023
22240,G,C,appartement,1935,76.4,561.0,2023-09-01,53,simule_distributions_ademe_2023
29127,D,F,appartement,1966,108.0,302.0,2023-09-02,53,simule_distributions_ademe_2023
35055,F,C,maison,1925,228.9,539.0,2023-09-02,53,simule_distributions_ademe_2023
56185,F,E,appartement,1935,30.8,488.0,2023-09-02,53,simule_distributions_ademe_2023
35169,D,F,maison,1971,80.7,275.0,2023-09-02,53,simule_distributions_ademe_2023
22132,E,C,appartement,1966,52.5,557.0,2023-09-03,53,simule_distributions_ademe_2023
56054,F,D,maison,1936,48.1,361.0,2023-09-03,53,simule_distributions_ademe_2023
22368,D,C,appartement,1971,144.9,235.0,2023-09-03,53,simule_distributions_ademe_2023
56337,F,E,appartement,1926,65.3,612.0,2023-09-03,53,simule_distributions_ademe_2023
35070,E,F,maison,1985,63.7,549.0,2023-09-04,53,simule_distributions_ademe_2023
35199,F,E,maison,1953,64.1,342.0,2023-09-04,53,simule_distributions_ademe_2023
35176,D,E,maison,1974,90.9,289.0,2023-09-04,53,simule_distributions_ademe_2023
22275,E,E,maison,1972,126.9,421.0,2023-09-04,53,simule_distributions_ademe_2023
35168,F,F,appartement,1941,208.6,334.0,2023-09-05,53,simule_distributions_ademe_2023
29060,E,C,maison,1993,161.9,672.0,2023-09-05,53,simule_distributions_ademe_2023
35238,E,G,maison,1990,169.8,369.0,2023-09-05,53,simule_distributions_ademe_2023
35181,A,D,appartement,2010,51.6,101.0,2023-09-05,53,simule_distributions_ademe_2023
29083,E,D,maison,1975,79.3,518.0,2023-09-06,53,simule_distributions_ademe_2023
56026,E,E,appartement,1975,60.8,670.0,2023-09-06,53,simule_distributions_ademe_2023
22310,F,E,maison,1968,84.1,634.0,2023-09-06,53,simule_distributions_ademe_2023
56110,D,G,maison,1982,85.2,258.0,2023-09-06,53,simule_distributions_ademe_2023
56328,E,G,maison,1990,89.1,668.0,2023-09-07,53,simule_distributions_ademe_2023
22138,F,D,appartement,1962,31.0,396.0,2023-09-07,53,simule_distributions_ademe_2023
29131,C,E,immeuble,2009,115.7,328.0,2023-09-07,53,simule_distributions_ademe_2023
35091,E,D,maison,1974,74.2,460.0,2023-09-08,53,simule_distributions_ademe_2023
22211,G,G,maison,1953,97.4,353.0,2023-09-08,53,simule_distributions_ademe_2023
22015,C,F,appartement,2004,55.9,270.0,2023-09-08,53,simule_distributions_ademe_2023
56172,D,E,maison,1983,37.2,152.0,2023-09-08,53,simule_distributions_ademe_2023
56206,C,C,appartement,2015,31.6,169.0,2023-09-09,53,simule_distributions_ademe_2023
56215,G,G,appartement,1952,35.6,612.0,2023-09-09,53,simule_distributions_ademe_2023
56391,E,F,maison,1990,46.3,382.0,2023-09-09,53,simule_distributions_ademe_2023
29160,D,A,appartement,1981,86.4,272.0,2023-09-09,53,simule_distributions_ademe_2023
35252,D,F,appartement,1965,47.8,227.0,2023-09-10,53,simule_distributions_ademe_2023
35215,D,C,appartement,1982,160.2,230.0,2023-09-10,53,simule_distributions_ademe_2023
22174,E,D,maison,1991,64.1,669.0,2023-09-10,53,simule_distributions_ademe_2023
22187,E,D,appartement,1977,55.2,634.0,2023-09-10,53,simule_distributions_ademe_2023
29359,F,B,appartement,1974,73.3,585.0,2023-09-11,53,simule_distributions_ademe_2023
35082,D,E,appartement,1968,60.3,176.0,2023-09-11,53,simule_distributions_ademe_2023
56027,D,F,appartement,1985,110.5,304.0,2023-09-11,53,simule_distributions_ademe_2023
56128,C,E,appartement,2001,27.6,177.0,2023-09-11,53,simule_distributions_ademe_2023
56176,E,D,appartement,1994,110.3,443.0,2023-09-12,53,simule_distributions_ademe_2023
35161,G,D,appartement,1927,123.4,447.0,2023-09-12,53,simule_distributions_ademe_2023
56085,D,G,appartement,1987,47.5,157.0,2023-09-12,53,simule_distributions_ademe_2023
35199,C,F,maison,2001,62.8,286.0,2023-09-12,53,simule_distributions_ademe_2023
22061,F,C,appartement,1952,28.2,576.0,2023-09-13,53,simule_distributions_ademe_2023
35125,E,G,maison,1993,25.2,500.0,2023-09-13,53,simule_distributions_ademe_2023
56019,E,C,maison,1971,34.6,652.0,2023-09-13,53,simule_distributions_ademe_2023
22020,F,F,maison,1951,36.8,337.0,2023-09-13,53,simule_distributions_ademe_2023
56003,D,C,appartement,1983,32.9,280.0,2023-09-14,53,simule_distributions_ademe_2023
22262,E,G,maison,1966,54.2,656.0,2023-09-14,53,simule_distributions_ademe_2023
22312,D,D,appartement,1989,89.7,168.0,2023-09-14,53,simule_distributions_ademe_2023
35146,C,G,appartement,1992,169.2,210.0,2023-09-14,53,simule_distributions_ademe_2023
22225,E,F,appartement,1983,35.5,668.0,2023-09-15,53,simule_distributions_ademe_2023
22054,D,E,appartement,1978,31.1,152.0,2023-09-15,53,simule_distributions_ademe_2023
22033,D,G,immeuble,1992,85.4,192.0,2023-09-15,53,simule_distributions_ademe_2023
29298,C,G,maison,2006,69.6,168.0,2023-09-15,53,simule_distributions_ademe_2023
29384,E,B,maison,1972,52.3,391.0,2023-09-16,53,simule_distributions_ademe_2023
29383,F,F,appartement,1956,66.7,599.0,2023-09-16,53,simule_distributions_ademe_2023
56312,F,G,maison,1961,61.3,687.0,2023-09-16,53,simule_distributions_ademe_2023
29009,F,B,maison,1969,158.0,464.0,2023-09-16,53,simule_distributions_ademe_2023
29027,A,E,maison,1987,76.0,97.0,2023-09-17,53,simule_distributions_ademe_2023
35131,E,B,appartement,1972,58.1,434.0,2023-09-17,53,simule_distributions_ademe_2023
35094,F,A,maison,1954,43.0,402.0,2023-09-17,53,simule_distributions_ademe_2023
22174,D,C,appartement,1981,34.0,313.0,2023-09-18,53,simule_distributions_ademe_2023
35324,E,D,maison,1982,64.8,481.0,2023-09-18,53,simule_distributions_ademe_2023
56311,F,D,maison,1927,72.2,667.0,2023-09-18,53,simule_distributions_ademe_2023
29118,E,E,maison,1967,38.3,693.0,2023-09-18,53,simule_distributions_ademe_2023
29289,E,E,appartement,1976,20.9,570.0,2023-09-19,53,simule_distributions_ademe_2023
29347,F,F,appartement,1951,45.9,549.0,2023-09-19,53,simule_distributions_ademe_2023
22065,F,E,maison,1962,36.5,636.0,2023-09-19,53,simule_distributions_ademe_2023
56218,B,E,appartement,2016,109.2,123.0,2023-09-19,53,simule_distributions_ademe_2023
35099,A,D,maison,1997,40.4,59.0,2023-09-20,53,simule_distributions_ademe_2023
35201,F,D,maison,1956,50.2,539.0,2023-09-20,53,simule_distributions_ademe_2023
35287,C,F,maison,2009,24.9,182.0,2023-09-20,53,simule_distributions_ademe_2023
29303,F,G,appartement,1966,86.1,482.0,2023-09-20,53,simule_distributions_ademe_2023
22310,E,G,maison,1992,74.2,469.0,2023-09-21,53,simule_distributions_ademe_2023
56206,D,F,appartement,1986,239.3,214.0,2023-09-21,53,simule_distributions_ademe_2023
29143,D,D,appartement,1965,112.5,238.0,2023-09-21,53,simule_distributions_ademe_2023
35122,A,D,appartement,1994,56.5,59.0,2023-09-21,53,simule_distributions_ademe_2023
35343,E,C,appartement,1965,35.4,675.0,2023-09-22,53,simule_distributions_ademe_2023
35073,C,E,maison,2002,48.1,289.0,2023-09-22,53,simule_distributions_ademe_2023
56347,C,B,appartement,2014,29.2,249.0,2023-09-22,53,simule_distributions_ademe_2023
29187,E,C,maison,1984,90.9,608.0,2023-09-22,53,simule_distributions_ademe_2023
29112,F,E,maison,1958,62.6,363.0,2023-09-23,53,simule_distributions_ademe_2023
56289,E,E,appartement,1984,71.9,520.0,2023-09-23,53,simule_distributions_ademe_2023
56127,D,D,maison,1988,50.7,210.0,2023-09-23,53,simule_distributions_ademe_2023
29085,D,G,maison,1973,30.5,282.0,2023-09-23,53,simule_distributions_ademe_2023
29261,D,G,maison,1975,92.1,304.0,2023-09-24,53,simule_distributions_ademe_2023
22117,D,C,appartement,1977,116.2,267.0,2023-09-24,53,simule_distributions_ademe_2023
29055,E,E,appartement,1983,96.8,349.0,2023-09-24,53,simule_distributions_ademe_2023
29336,F,E,maison,1956,48.3,342.0,2023-09-24,53,simule_distributions_ademe_2023
56065,F,F,appartement,1952,74.1,510.0,2023-09-25,53,simule_distributions_ademe_2023
56130,D,F,maison,1988,72.6,160.0,2023-09-25,53,simule_distributions_ademe_2023
56092,D,E,maison,1968,50.7,272.0,2023-09-25,53,simule_distributions_ademe_2023
35273,F,C,maison,1953,63.3,406.0,2023-09-25,53,simule_distributions_ademe_2023
29210,D,F,maison,1986,66.4,231.0,2023-09-26,53,simule_distributions_ademe_2023
22352,G,E,immeuble,1945,70.6,680.0,2023-09-26,53,simule_distributions_ademe_2023
22298,D,C,appartement,1981,34.2,307.0,2023-09-26,53,simule_distributions_ademe_2023
35058,E,F,appartement,1978,65.1,563.0,2023-09-26,53,simule_distributions_ademe_2023
56181,G,E,maison,1972,48.8,496.0,2023-09-27,53,simule_distributions_ademe_2023
22173,G,B,appartement,1929,53.9,639.0,2023-09-27,53,simule_distributions_ademe_2023
56058,C,E,maison,1987,60.3,208.0,2023-09-27,53,simule_distributions_ademe_2023
22127,D,D,appartement,1991,53.3,167.0,2023-09-27,53,simule_distributions_ademe_2023
22022,C,F,maison,1986,33.2,201.0,2023-09-28,53,simule_distributions_ademe_2023
56112,F,D,maison,1926,36.7,444.0,2023-09-28,53,simule_distributions_ademe_2023
22313,G,B,maison,1965,76.5,632.0,2023-09-28,53,simule_distributions_ademe_2023
22093,C,E,maison,1998,89.3,250.0,2023-09-29,53,simule_distributions_ademe_2023
22234,G,G,immeuble,1956,116.9,688.0,2023-09-29,53,simule_distributions_ademe_2023
35078,F,E,maison,1932,73.5,600.0,2023-09-29,53,simule_distributions_ademe_2023
56023,D,D,maison,1972,39.5,209.0,2023-09-29,53,simule_distributions_ademe_2023
29085,D,D,appartement,1981,131.7,226.0,2023-09-30,53,simule_distributions_ademe_2023
29179,F,F,appartement,1971,53.6,610.0,2023-09-30,53,simule_distributions_ademe_2023
56181,F,G,appartement,1939,50.8,689.0,2023-09-30,53,simule_distributions_ademe_2023
29158,G,F,appartement,1946,50.6,438.0,2023-09-30,53,simule_distributions_ademe_2023
56235,E,G,appartement,1991,82.3,454.0,2023-10-01,53,simule_distributions_ademe_2023
22317,D,E,maison,1993,100.5,232.0,2023-10-01,53,simule_distributions_ademe_2023
22383,E,F,maison,1987,50.4,468.0,2023-10-01,53,simule_distributions_ademe_2023
29012,D,D,maison,1979,27.5,280.0,2023-10-01,53,simule_distributions_ademe_2023
35093,E,E,maison,1973,59.1,477.0,2023-10-02,53,simule_distributions_ademe_2023
22223,D,F,appartement,1988,46.8,173.0,2023-10-02,53,simule_distributions_ademe_2023
29093,D,E,appartement,1989,39.9,222.0,2023-10-02,53,simule_distributions_ademe_2023
35170,E,D,maison,1965,37.2,402.0,2023-10-02,53,simule_distributions_ademe_2023
56252,E,D,appartement,1968,38.4,447.0,2023-10-03,53,simule_distributions_ademe_2023
29197,C,E,maison,1997,92.1,187.0,2023-10-03,53,simule_distributions_ademe_2023
29205,E,E,immeuble,1986,28.7,511.0,2023-10-03,53,simule_distributions_ademe_2023
35046,D,D,maison,1988,67.4,230.0,2023-10-03,53,simule_distributions_ademe_2023
22265,D,F,maison,1981,104.8,216.0,2023-10-04,53,simule_distributions_ademe_2023
56280,D,C,appartement,1990,44.1,328.0,2023-10-04,53,simule_distributions_ademe_2023
56213,D,E,appartement,1972,52.1,218.0,2023-10-04,53,simule_distributions_ademe_2023
56372,B,F,maison,1998,80.5,83.0,2023-10-04,53,simule_distributions_ademe_2023
56295,D,F,maison,1982,25.3,244.0,2023-10-05,53,simule_distributions_ademe_2023
56298,A,D,appartement,2007,30.3,71.0,2023-10-05,53,simule_distributions_ademe_2023
29297,G,D,maison,1955,49.3,436.0,2023-10-05,53,simule_distributions_ademe_2023
22339,C,C,maison,1992,170.0,173.0,2023-10-05,53,simule_distributions_ademe_2023
29222,E,G,maison,1987,68.2,505.0,2023-10-06,53,simule_distributions_ademe_2023
56281,E,F,maison,1983,44.5,445.0,2023-10-06,53,simule_distributions_ademe_2023
35304,C,C,appartement,2013,106.1,166.0,2023-10-06,53,simule_distributions_ademe_2023
56004,G,D,maison,1947,23.6,516.0,2023-10-06,53,simule_distributions_ademe_2023
56043,G,D,appartement,1924,18.0,563.0,2023-10-07,53,simule_distributions_ademe_2023
22175,B,F,appartement,1999,69.7,106.0,2023-10-07,53,simule_distributions_ademe_2023
56294,D,E,appartement,1978,85.0,254.0,2023-10-07,53,simule_distributions_ademe_2023
29182,D,E,appartement,1989,54.5,272.0,2023-10-07,53,simule_distributions_ademe_2023
29297,D,F,maison,1983,78.1,166.0,2023-10-08,53,simule_distributions_ademe_2023
22358,D,F,appartement,1992,30.2,329.0,2023-10-08,53,simule_distributions_ademe_2023
22224,D,B,appartement,1990,52.4,264.0,2023-10-08,53,simule_distributions_ademe_2023
22045,F,C,appartement,1937,45.6,356.0,2023-10-08,53,simule_distributions_ademe_2023
56175,E,A,maison,1966,76.4,543.0,2023-10-09,53,simule_distributions_ademe_2023
35085,F,B,maison,1972,37.3,541.0,2023-10-09,53,simule_distributions_ademe_2023
35146,C,E,maison,2005,80.6,194.0,2023-10-09,53,simule_distributions_ademe_2023
56096,B,C,maison,2009,50.6,75.0,2023-10-10,53,simule_distributions_ademe_2023
29277,C,D,appartement,2014,71.6,304.0,2023-10-10,53,simule_distributions_ademe_2023
56122,C,F,appartement,1995,73.1,253.0,2023-10-10,53,simule_distributions_ademe_2023
22026,E,D,maison,1966,56.2,400.0,2023-10-10,53,simule_distributions_ademe_2023
29377,D,C,maison,1965,37.3,221.0,2023-10-11,53,simule_distributions_ademe_2023
29103,D,E,maison,1981,116.2,185.0,2023-10-11,53,simule_distributions_ademe_2023
29145,E,F,appartement,1971,117.5,401.0,2023-10-11,53,simule_distributions_ademe_2023
22049,E,D,appartement,1976,35.2,559.0,2023-10-11,53,simule_distributions_ademe_2023
22162,C,E,appartement,2019,59.1,220.0,2023-10-12,53,simule_distributions_ademe_2023
22367,F,D,maison,1924,113.6,398.0,2023-10-12,53,simule_distributions_ademe_2023
56103,G,G,maison,1941,32.7,691.0,2023-10-12,53,simule_distributions_ademe_2023
56081,E,G,maison,1965,79.6,407.0,2023-10-12,53,simule_distributions_ademe_2023
29008,C,D,immeuble,1992,49.4,177.0,2023-10-13,53,simule_distributions_ademe_2023
29012,C,F,immeuble,2017,81.8,328.0,2023-10-13,53,simule_distributions_ademe_2023
56245,D,E,maison,1984,55.2,226.0,2023-10-13,53,simule_distributions_ademe_2023
22076,F,F,appartement,1928,48.1,567.0,2023-10-13,53,simule_distributions_ademe_2023
35381,D,D,appartement,1991,91.8,199.0,2023-10-14,53,simule_distributions_ademe_2023
29379,E,G,maison,1980,107.8,691.0,2023-10-14,53,simule_distributions_ademe_2023
22058,F,E,appartement,1949,49.9,359.0,2023-10-14,53,simule_distributions_ademe_2023
22338,F,D,immeuble,1924,108.7,644.0,2023-10-14,53,simule_distributions_ademe_2023
29149,F,E,appartement,1957,199.4,471.0,2023-10-15,53,simule_distributions_ademe_2023
35148,D,E,maison,1969,90.7,233.0,2023-10-15,53,simule_distributions_ademe_2023
22348,E,B,maison,1986,86.7,408.0,2023-10-15,53,simule_distributions_ademe_2023
22289,F,E,appartement,1971,41.4,425.0,2023-10-15,53,simule_distributions_ademe_2023
35295,D,D,appartement,1970,80.4,217.0,2023-10-16,53,simule_distributions_ademe_2023
56204,D,B,appartement,1965,38.3,162.0,2023-10-16,53,simule_distributions_ademe_2023
22096,E,E,appartement,1994,132.9,372.0,2023-10-16,53,simule_distributions_ademe_2023
35299,D,C,maison,1990,120.6,273.0,2023-10-16,53,simule_distributions_ademe_2023
35231,C,G,maison,2012,67.0,235.0,2023-10-17,53,simule_distributions_ademe_2023
56240,E,F,maison,1987,55.3,537.0,2023-10-17,53,simule_distributions_ademe_2023
29085,B,B,immeuble,2001,73.1,144.0,2023-10-17,53,simule_distributions_ademe_2023
29351,C,F,maison,2016,36.6,240.0,2023-10-17,53,simule_distributions_ademe_2023
35284,F,G,appartement,1955,56.0,377.0,2023-10-18,53,simule_distributions_ademe_2023
56223,F,E,appartement,1929,56.7,519.0,2023-10-18,53,simule_distributions_ademe_2023
29320,G,D,appartement,1971,152.9,351.0,2023-10-18,53,simule_distributions_ademe_2023
35252,G,G,appartement,1938,49.6,430.0,2023-10-18,53,simule_distributions_ademe_2023
35112,F,B,immeuble,1968,61.9,472.0,2023-10-19,53,simule_distributions_ademe_2023
35344,B,E,appartement,2004,95.3,75.0,2023-10-19,53,simule_distributions_ademe_2023
56043,E,C,appartement,1982,80.7,649.0,2023-10-19,53,simule_distributions_ademe_2023
35029,D,D,immeuble,1987,118.0,327.0,2023-10-19,53,simule_distributions_ademe_2023
22240,G,F,maison,1962,112.7,674.0,2023-10-20,53,simule_distributions_ademe_2023
35171,F,E,maison,1923,36.8,575.0,2023-10-20,53,simule_distributions_ademe_2023
29085,D,G,appartement,1986,56.0,306.0,2023-10-20,53,simule_distributions_ademe_2023
35106,F,G,appartement,1924,93.0,403.0,2023-10-21,53,simule_distributions_ademe_2023
35349,E,F,appartement,1988,84.3,438.0,2023-10-21,53,simule_distributions_ademe_2023
22204,D,E,appartement,1976,53.4,226.0,2023-10-21,53,simule_distributions_ademe_2023
29353,D,E,maison,1980,94.3,193.0,2023-10-21,53,simule_distributions_ademe_2023
22048,D,F,appartement,1967,53.0,206.0,2023-10-22,53,simule_distributions_ademe_2023
29354,F,D,appartement,1972,110.4,449.0,2023-10-22,53,simule_distributions_ademe_2023
22260,F,E,maison,1930,90.3,553.0,2023-10-22,53,simule_distributions_ademe_2023
22006,F,E,maison,1923,50.3,429.0,2023-10-22,53,simule_distributions_ademe_2023
56139,B,D,appartement,2011,83.4,80.0,2023-10-23,53,simule_distributions_ademe_2023
35220,E,B,maison,1977,93.0,526.0,2023-10-23,53,simule_distributions_ademe_2023
56205,F,E,maison,1934,51.6,610.0,2023-10-23,53,simule_distributions_ademe_2023
29042,D,E,maison,1984,48.7,187.0,2023-10-23,53,simule_distributions_ademe_2023
35277,D,F,maison,1990,58.7,301.0,2023-10-24,53,simule_distributions_ademe_2023
56241,C,G,maison,2019,50.0,299.0,2023-10-24,53,simule_distributions_ademe_2023
35335,G,F,appartement,1928,28.9,356.0,2023-10-24,53,simule_distributions_ademe_2023
22269,E,E,appartement,1985,48.4,394.0,2023-10-24,53,simule_distributions_ademe_2023
29187,B,D,maison,1993,61.5,67.0,2023-10-25,53,simule_distributions_ademe_2023
35382,A,F,maison,1992,102.3,62.0,2023-10-25,53,simule_distributions_ademe_2023
29033,B,E,appartement,2004,47.6,117.0,2023-10-25,53,simule_distributions_ademe_2023
22129,E,D,maison,1966,75.0,498.0,2023-10-25,53,simule_distributions_ademe_2023
22192,F,E,maison,1947,110.5,697.0,2023-10-26,53,simule_distributions_ademe_2023
56225,F,C,appartement,1960,35.1,630.0,2023-10-26,53,simule_distributions_ademe_2023
29100,E,D,maison,1984,96.2,440.0,2023-10-26,53,simule_distributions_ademe_2023
22238,D,D,appartement,1985,53.4,312.0,2023-10-26,53,simule_distributions_ademe_2023
22346,C,G,appartement,2019,65.0,317.0,2023-10-27,53,simule_distributions_ademe_2023
29076,C,E,appartement,2016,43.0,156.0,2023-10-27,53,simule_distributions_ademe_2023
29232,G,E,appartement,1954,165.2,484.0,2023-10-27,53,simule_distributions_ademe_2023
29040,C,E,appartement,1991,56.5,282.0,2023-10-27,53,simule_distributions_ademe_2023
35210,C,D,appartement,2012,72.3,323.0,2023-10-28,53,simule_distributions_ademe_2023
22090,E,C,appartement,1983,48.3,429.0,2023-10-28,53,simule_distributions_ademe_2023
35227,E,G,appartement,1968,54.9,634.0,2023-10-28,53,simule_distributions_ademe_2023
56297,G,D,appartement,1961,37.9,627.0,2023-10-28,53,simule_distributions_ademe_2023
22253,D,G,maison,1977,78.6,186.0,2023-10-29,53,simule_distributions_ademe_2023
22100,D,D,appartement,1966,154.4,245.0,2023-10-29,53,simule_distributions_ademe_2023
35091,D,E,maison,1968,24.4,252.0,2023-10-29,53,simule_distributions_ademe_2023
56354,E,F,maison,1983,82.4,393.0,2023-10-29,53,simule_distributions_ademe_2023
35226,B,A,maison,2008,74.8,102.0,2023-10-30,53,simule_distributions_ademe_2023
35215,E,G,maison,1978,65.3,439.0,2023-10-30,53,simule_distributions_ademe_2023
56358,B,G,maison,2012,82.0,128.0,2023-10-30,53,simule_distributions_ademe_2023
35035,E,E,appartement,1994,58.8,523.0,2023-10-30,53,simule_distributions_ademe_2023
29332,F,F,maison,1951,122.3,586.0,2023-10-31,53,simule_distributions_ademe_2023
56024,D,G,maison,1987,32.7,325.0,2023-10-31,53,simule_distributions_ademe_2023
29333,F,F,maison,1974,33.9,519.0,2023-10-31,53,simule_distributions_ademe_2023
35342,E,C,maison,1972,52.0,639.0,2023-11-01,53,simule_distributions_ademe_2023
29099,D,F,maison,1986,67.4,164.0,2023-11-01,53,simule_distributions_ademe_2023
35303,F,B,appartement,1944,65.1,349.0,2023-11-01,53,simule_distributions_ademe_2023
29304,F,C,appartement,1934,89.0,681.0,2023-11-01,53,simule_distributions_ademe_2023
22300,C,E,maison,2004,110.1,313.0,2023-11-02,53,simule_distributions_ademe_2023
35208,E,A,appartement,1981,56.5,415.0,2023-11-02,53,simule_distributions_ademe_2023
29124,D,E,maison,1974,53.3,251.0,2023-11-02,53,simule_distributions_ademe_2023
29067,E,E,maison,1979,141.8,476.0,2023-11-02,53,simule_distributions_ademe_2023
29376,D,D,maison,1980,51.4,216.0,2023-11-03,53,simule_distributions_ademe_2023
29339,F,D,appartement,1957,53.1,472.0,2023-11-03,53,simule_distributions_ademe_2023
35143,D,F,maison,1992,69.7,286.0,2023-11-03,53,simule_distributions_ademe_2023
56387,F,A,appartement,1948,123.2,425.0,2023-11-03,53,simule_distributions_ademe_2023
56045,D,C,maison,1994,69.7,326.0,2023-11-04,53,simule_distributions_ademe_2023
29297,A,G,appartement,1999,75.9,137.0,2023-11-04,53,simule_distributions_ademe_2023
29136,E,A,maison,1978,140.8,334.0,2023-11-04,53,simule_distributions_ademe_2023
56296,E,D,appartement,1968,25.6,376.0,2023-11-04,53,simule_distributions_ademe_2023
56043,D,F,appartement,1992,94.7,298.0,2023-11-05,53,simule_distributions_ademe_2023
22288,E,G,maison,1994,68.6,606.0,2023-11-05,53,simule_distributions_ademe_2023
35270,G,D,maison,1939,41.8,586.0,2023-11-05,53,simule_distributions_ademe_2023
22369,G,D,appartement,1933,66.6,404.0,2023-11-05,53,simule_distributions_ademe_2023
35018,E,D,appartement,1971,79.7,580.0,2023-11-06,53,simule_distributions_ademe_2023
35159,G,B,appartement,1949,30.1,607.0,2023-11-06,53,simule_distributions_ademe_2023
35318,C,E,maison,2007,109.2,324.0,2023-11-06,53,simule_distributions_ademe_2023
29084,D,F,maison,1972,60.4,325.0,2023-11-06,53,simule_distributions_ademe_2023
35124,A,E,appartement,1990,42.8,144.0,2023-11-07,53,simule_distributions_ademe_2023
29025,C,E,maison,2016,56.9,257.0,2023-11-07,53,simule_distributions_ademe_2023
22387,B,G,maison,2019,89.7,57.0,2023-11-07,53,simule_distributions_ademe_2023
29163,D,E,maison,1978,58.0,259.0,2023-11-07,53,simule_distributions_ademe_2023
22207,D,E,maison,1976,42.2,272.0,2023-11-08,53,simule_distributions_ademe_2023
29218,D,G,maison,1979,58.4,271.0,2023-11-08,53,simule_distributions_ademe_2023
22097,C,E,appartement,2002,63.9,229.0,2023-11-08,53,simule_distributions_ademe_2023
22261,E,E,appartement,1965,85.3,691.0,2023-11-08,53,simule_distributions_ademe_2023
22199,D,E,maison,1975,49.8,244.0,2023-11-09,53,simule_distributions_ademe_2023
35376,G,B,appartement,1944,107.3,477.0,2023-11-09,53,simule_distributions_ademe_2023
29261,D,E,maison,1992,30.1,217.0,2023-11-09,53,simule_distributions_ademe_2023
22268,B,D,immeuble,1990,57.6,83.0,2023-11-09,53,simule_distributions_ademe_2023
56167,F,E,maison,1921,75.0,627.0,2023-11-10,53,simule_distributions_ademe_2023
29061,D,G,immeuble,1975,128.4,195.0,2023-11-10,53,simule_distributions_ademe_2023
56044,F,E,maison,1924,73.8,695.0,2023-11-10,53,simule_distributions_ademe_2023
22031,E,F,immeuble,1990,160.7,438.0,2023-11-10,53,simule_distributions_ademe_2023
22317,F,D,appartement,1960,96.6,691.0,2023-11-11,53,simule_distributions_ademe_2023
29340,E,F,maison,1989,79.9,624.0,2023-11-11,53,simule_distributions_ademe_2023
22197,G,E,maison,1940,77.4,696.0,2023-11-11,53,simule_distributions_ademe_2023
56016,F,B,immeuble,1973,50.7,500.0,2023-11-12,53,simule_distributions_ademe_2023
22341,B,E,appartement,1996,70.0,51.0,2023-11-12,53,simule_distributions_ademe_2023
35378,E,G,maison,1993,45.2,638.0,2023-11-12,53,simule_distributions_ademe_2023
56081,E,F,maison,1969,18.0,434.0,2023-11-12,53,simule_distributions_ademe_2023
22245,G,D,maison,1967,57.3,334.0,2023-11-13,53,simule_distributions_ademe_2023
35311,E,D,appartement,1986,58.8,552.0,2023-11-13,53,simule_distributions_ademe_2023
35289,G,D,maison,1932,81.2,335.0,2023-11-13,53,simule_distributions_ademe_2023
35332,D,B,maison,1991,102.4,301.0,2023-11-13,53,simule_distributions_ademe_2023
22345,C,F,maison,2014,55.2,165.0,2023-11-14,53,simule_distributions_ademe_2023
56048,E,G,appartement,1975,56.8,348.0,2023-11-14,53,simule_distributions_ademe_2023
56304,C,C,maison,2014,37.7,208.0,2023-11-14,53,simule_distributions_ademe_2023
56025,F,E,appartement,1927,51.8,447.0,2023-11-14,53,simule_distributions_ademe_2023
22001,F,E,appartement,1932,71.4,554.0,2023-11-15,53,simule_distributions_ademe_2023
56071,D,C,appartement,1988,69.8,171.0,2023-11-15,53,simule_distributions_ademe_2023
35228,E,D,maison,1981,55.1,625.0,2023-11-15,53,simule_distributions_ademe_2023
22258,D,F,maison,1986,69.1,217.0,2023-11-15,53,simule_distributions_ademe_2023
22051,C,F,maison,2007,67.4,323.0,2023-11-16,53,simule_distributions_ademe_2023
56199,G,D,maison,1939,42.5,587.0,2023-11-16,53,simule_distributions_ademe_2023
56128,C,E,maison,1999,123.3,208.0,2023-11-16,53,simule_distributions_ademe_2023
56132,D,E,maison,1990,49.7,206.0,2023-11-16,53,simule_distributions_ademe_2023
22127,F,G,appartement,1934,158.4,655.0,2023-11-17,53,simule_distributions_ademe_2023
29162,A,G,appartement,1989,112.8,80.0,2023-11-17,53,simule_distributions_ademe_2023
35268,D,E,maison,1972,35.3,293.0,2023-11-17,53,simule_distributions_ademe_2023
56233,E,E,appartement,1991,59.3,522.0,2023-11-17,53,simule_distributions_ademe_2023
29123,F,E,appartement,1957,102.1,428.0,2023-11-18,53,simule_distributions_ademe_2023
22095,E,B,maison,1969,90.6,412.0,2023-11-18,53,simule_distributions_ademe_2023
35387,D,E,maison,1985,172.6,176.0,2023-11-18,53,simule_distributions_ademe_2023
22398,F,F,appartement,1934,79.5,583.0,2023-11-18,53,simule_distributions_ademe_2023
22211,B,C,maison,1994,64.7,92.0,2023-11-19,53,simule_distributions_ademe_2023
35025,C,F,maison,1999,34.2,164.0,2023-11-19,53,simule_distributions_ademe_2023
35231,E,D,immeuble,1994,93.5,527.0,2023-11-19,53,simule_distributions_ademe_2023
35211,D,D,appartement,1981,29.8,307.0,2023-11-19,53,simule_distributions_ademe_2023
56100,D,E,appartement,1965,64.6,300.0,2023-11-20,53,simule_distributions_ademe_2023
56235,D,F,appartement,1993,128.6,178.0,2023-11-20,53,simule_distributions_ademe_2023
22083,C,E,maison,2014,83.5,241.0,2023-11-20,53,simule_distributions_ademe_2023
35254,B,B,maison,2002,50.4,53.0,2023-11-20,53,simule_distributions_ademe_2023
35053,C,D,maison,2009,34.3,172.0,2023-11-21,53,simule_distributions_ademe_2023
56135,D,F,maison,1969,89.0,222.0,2023-11-21,53,simule_distributions_ademe_2023
35277,C,E,maison,2009,146.3,328.0,2023-11-21,53,simule_distributions_ademe_2023
29331,E,D,appartement,1991,76.3,550.0,2023-11-21,53,simule_distributions_ademe_2023
56301,G,D,maison,1970,56.9,679.0,2023-11-22,53,simule_distributions_ademe_2023
29135,C,F,maison,1994,34.9,253.0,2023-11-22,53,simule_distributions_ademe_2023
22272,D,C,maison,1965,46.7,176.0,2023-11-22,53,simule_distributions_ademe_2023
29183,C,G,appartement,1998,117.6,223.0,2023-11-23,53,simule_distributions_ademe_2023
56191,E,D,maison,1975,53.4,520.0,2023-11-23,53,simule_distributions_ademe_2023
22046,D,F,appartement,1966,101.3,201.0,2023-11-23,53,simule_distributions_ademe_2023
35175,F,F,maison,1922,52.1,637.0,2023-11-23,53,simule_distributions_ademe_2023
22261,E,G,maison,1977,101.8,603.0,2023-11-24,53,simule_distributions_ademe_2023
35142,F,E,maison,1936,98.1,511.0,2023-11-24,53,simule_distributions_ademe_2023
22125,A,C,maison,1996,56.6,106.0,2023-11-24,53,simule_distributions_ademe_2023
35317,D,C,maison,1971,92.9,329.0,2023-11-24,53,simule_distributions_ademe_2023
56049,G,C,appartement,1949,81.2,476.0,2023-11-25,53,simule_distributions_ademe_2023
22331,F,D,maison,1972,74.0,666.0,2023-11-25,53,simule_distributions_ademe_2023
56128,G,G,appartement,1932,51.5,578.0,2023-11-25,53,simule_distributions_ademe_2023
22039,F,C,appartement,1957,86.0,582.0,2023-11-25,53,simule_distributions_ademe_2023
35136,C,E,appartement,2009,107.7,259.0,2023-11-26,53,simule_distributions_ademe_2023
22018,E,D,maison,1992,100.9,667.0,2023-11-26,53,simule_distributions_ademe_2023
56161,D,D,maison,1989,140.4,162.0,2023-11-26,53,simule_distributions_ademe_2023
29254,F,F,appartement,1958,78.7,687.0,2023-11-26,53,simule_distributions_ademe_2023
35354,C,B,maison,2016,81.7,217.0,2023-11-27,53,simule_distributions_ademe_2023
56246,D,C,maison,1973,117.8,168.0,2023-11-27,53,simule_distributions_ademe_2023
35090,E,E,maison,1987,46.9,564.0,2023-11-27,53,simule_distributions_ademe_2023
29351,C,G,immeuble,2007,65.6,316.0,2023-11-27,53,simule_distributions_ademe_2023
29331,C,E,appartement,1988,55.8,217.0,2023-11-28,53,simule_distributions_ademe_2023
29299,C,D,appartement,1993,161.2,262.0,2023-11-28,53,simule_distributions_ademe_2023
35072,E,E,maison,1986,73.7,683.0,2023-11-28,53,simule_distributions_ademe_2023
35284,E,D,maison,1975,77.3,608.0,2023-11-28,53,simule_distributions_ademe_2023
35378,D,E,appartement,1965,31.2,272.0,2023-11-29,53,simule_distributions_ademe_2023
22333,D,E,maison,1990,25.8,240.0,2023-11-29,53,simule_distributions_ademe_2023
56360,B,F,maison,1997,33.6,124.0,2023-11-29,53,simule_distributions_ademe_2023
29213,F,E,maison,1956,87.9,478.0,2023-11-29,53,simule_distributions_ademe_2023
22162,E,A,maison,1976,47.5,579.0,2023-11-30,53,simule_distributions_ademe_2023
22066,F,B,maison,1969,23.2,683.0,2023-11-30,53,simule_distributions_ademe_2023
22001,E,G,maison,1971,83.5,610.0,2023-11-30,53,simule_distributions_ademe_2023
29234,F,D,appartement,1957,33.2,402.0,2023-11-30,53,simule_distributions_ademe_2023
29267,E,G,maison,1981,43.7,485.0,2023-12-01,53,simule_distributions_ademe_2023
29339,D,F,maison,1982,86.1,222.0,2023-12-01,53,simule_distributions_ademe_2023
22255,G,D,appartement,1928,59.1,432.0,2023-12-01,53,simule_distributions_ademe_2023
22121,A,G,appartement,2018,74.7,91.0,2023-12-01,53,simule_distributions_ademe_2023
29282,D,E,appartement,1971,156.4,255.0,2023-12-02,53,simule_distributions_ademe_2023
29396,D,F,maison,1987,75.0,172.0,2023-12-02,53,simule_distributions_ademe_2023
29053,A,C,maison,1989,111.5,114.0,2023-12-02,53,simule_distributions_ademe_2023
22313,F,C,maison,1954,133.3,464.0,2023-12-02,53,simule_distributions_ademe_2023
22032,C,E,appartement,2003,138.8,229.0,2023-12-03,53,simule_distributions_ademe_2023
56222,D,E,maison,1988,38.7,320.0,2023-12-03,53,simule_distributions_ademe_2023
35396,E,D,appartement,1977,72.3,507.0,2023-12-03,53,simule_distributions_ademe_2023
56089,F,E,maison,1951,161.1,639.0,2023-12-04,53,simule_distributions_ademe_2023
56199,G,F,appartement,1963,18.9,467.0,2023-12-04,53,simule_distributions_ademe_2023
29336,F,F,appartement,1962,53.8,509.0,2023-12-04,53,simule_distributions_ademe_2023
56380,B,E,appartement,1997,139.0,146.0,2023-12-04,53,simule_distributions_ademe_2023
35020,F,F,appartement,1952,94.6,646.0,2023-12-05,53,simule_distributions_ademe_2023
22051,F,D,appartement,1955,48.4,338.0,2023-12-05,53,simule_distributions_ademe_2023
29221,F,D,maison,1964,42.7,474.0,2023-12-05,53,simule_distributions_ademe_2023
22352,F,F,appartement,1963,48.3,533.0,2023-12-05,53,simule_distributions_ademe_2023
29207,G,E,maison,1960,56.5,334.0,2023-12-06,53,simule_distributions_ademe_2023
35344,E,G,appartement,1974,138.2,571.0,2023-12-06,53,simule_distributions_ademe_2023
56240,A,E,maison,1987,132.6,61.0,2023-12-06,53,simule_distributions_ademe_2023
22190,F,G,maison,1941,118.8,543.0,2023-12-06,53,simule_distributions_ademe_2023
56101,D,F,appartement,1992,69.2,295.0,2023-12-07,53,simule_distributions_ademe_2023
35243,B,D,maison,2006,208.2,128.0,2023-12-07,53,simule_distributions_ademe_2023
22124,G,D,appartement,1947,86.1,630.0,2023-12-07,53,simule_distributions_ademe_2023
22366,G,G,appartement,1937,53.0,630.0,2023-12-07,53,simule_distributions_ademe_2023
35065,E,G,maison,1975,77.6,470.0,2023-12-08,53,simule_distributions_ademe_2023
29191,E,E,maison,1980,102.0,621.0,2023-12-08,53,simule_distributions_ademe_2023
56050,F,F,maison,1948,86.1,547.0,2023-12-08,53,simule_distributions_ademe_2023
35314,E,F,maison,1974,70.5,579.0,2023-12-08,53,simule_distributions_ademe_2023
56129,B,E,appartement,1990,54.4,84.0,2023-12-09,53,simule_distributions_ademe_2023
56048,F,E,maison,1944,66.1,432.0,2023-12-09,53,simule_distributions_ademe_2023
56074,E,E,appartement,1969,106.5,505.0,2023-12-09,53,simule_distributions_ademe_2023
56092,F,D,appartement,1956,52.4,532.0,2023-12-09,53,simule_distributions_ademe_2023
56136,F,D,maison,1959,101.3,486.0,2023-12-10,53,simule_distributions_ademe_2023
35248,D,D,maison,1971,66.7,168.0,2023-12-10,53,simule_distributions_ademe_2023
35103,F,D,maison,1951,86.2,339.0,2023-12-10,53,simule_distributions_ademe_2023
22185,B,F,maison,2000,44.1,77.0,2023-12-10,53,simule_distributions_ademe_2023
22179,E,F,maison,1990,64.5,698.0,2023-12-11,53,simule_distributions_ademe_2023
56155,F,F,appartement,1974,52.7,411.0,2023-12-11,53,simule_distributions_ademe_2023
56226,G,B,maison,1957,125.1,373.0,2023-12-11,53,simule_distributions_ademe_2023
29090,G,E,appartement,1931,105.9,350.0,2023-12-11,53,simule_distributions_ademe_2023
22098,D,G,appartement,1987,66.2,187.0,2023-12-12,53,simule_distributions_ademe_2023
56311,G,E,appartement,1938,70.7,421.0,2023-12-12,53,simule_distributions_ademe_2023
22377,E,D,appartement,1986,79.6,555.0,2023-12-12,53,simule_distributions_ademe_2023
35380,D,E,appartement,1986,71.0,190.0,2023-12-12,53,simule_distributions_ademe_2023
29170,B,F,maison,2019,74.8,77.0,2023-12-13,53,simule_distributions_ademe_2023
35192,F,D,appartement,1965,59.3,410.0,2023-12-13,53,simule_distributions_ademe_2023
35065,E,G,appartement,1992,73.8,468.0,2023-12-13,53,simule_distributions_ademe_2023
35306,F,F,appartement,1937,70.1,433.0,2023-12-13,53,simule_distributions_ademe_2023
56352,D,B,appartement,1967,44.6,245.0,2023-12-14,53,simule_distributions_ademe_2023
56340,G,G,maison,1935,123.5,425.0,2023-12-14,53,simule_distributions_ademe_2023
29322,B,C,maison,2006,37.9,70.0,2023-12-14,53,simule_distributions_ademe_2023
22014,G,F,maison,1928,71.6,670.0,2023-12-15,53,simule_distributions_ademe_2023
56111,F,F,appartement,1954,90.3,334.0,2023-12-15,53,simule_distributions_ademe_2023
35063,D,F,appartement,1983,42.6,174.0,2023-12-15,53,simule_distributions_ademe_2023
56231,E,G,appartement,1981,37.7,438.0,2023-12-15,53,simule_distributions_ademe_2023
22387,B,E,maison,1995,22.9,93.0,2023-12-16,53,simule_distributions_ademe_2023
29255,D,D,maison,1965,48.3,227.0,2023-12-16,53,simule_distributions_ademe_2023
56305,D,E,appartement,1968,139.5,220.0,2023-12-16,53,simule_distributions_ademe_2023
22332,D,F,appartement,1984,73.3,223.0,2023-12-16,53,simule_distributions_ademe_2023
56151,C,G,maison,1998,79.8,201.0,2023-12-17,53,simule_distributions_ademe_2023
56301,D,D,maison,1988,82.3,206.0,2023-12-17,53,simule_distributions_ademe_2023
35180,D,C,maison,1993,103.3,330.0,2023-12-17,53,simule_distributions_ademe_2023
29252,D,D,appartement,1983,89.9,304.0,2023-12-17,53,simule_distributions_ademe_2023
56330,G,E,appartement,1941,118.4,345.0,2023-12-18,53,simule_distributions_ademe_2023
22328,C,F,appartement,2011,47.1,277.0,2023-12-18,53,simule_distributions_ademe_2023
29333,D,D,maison,1986,74.5,254.0,2023-12-18,53,simule_distributions_ademe_2023
35240,F,F,appartement,1961,167.3,500.0,2023-12-18,53,simule_distributions_ademe_2023
56083,D,E,appartement,1976,44.7,156.0,2023-12-19,53,simule_distributions_ademe_2023
29275,D,E,appartement,1986,61.8,155.0,2023-12-19,53,simule_distributions_ademe_2023
29082,D,E,appartement,1970,65.8,253.0,2023-12-19,53,simule_distributions_ademe_2023
35117,C,G,appartement,2001,98.4,270.0,2023-12-19,53,simule_distributions_ademe_2023
22283,B,D,appartement,1997,70.3,148.0,2023-12-20,53,simule_distributions_ademe_2023
35076,F,A,appartement,1928,118.7,525.0,2023-12-20,53,simule_distributions_ademe_2023
29288,G,E,maison,1969,53.1,333.0,2023-12-20,53,simule_distributions_ademe_2023
29320,E,E,appartement,1983,50.7,620.0,2023-12-20,53,simule_distributions_ademe_2023
22210,E,B,maison,1975,90.7,467.0,2023-12-21,53,simule_distributions_ademe_2023
22203,E,D,appartement,1992,47.8,353.0,2023-12-21,53,simule_distributions_ademe_2023
56040,C,F,appartement,2015,72.7,175.0,2023-12-21,53,simule_distributions_ademe_2023
35086,A,C,maison,2009,34.4,107.0,2023-12-21,53,simule_distributions_ademe_2023
56244,B,G,maison,1991,96.6,138.0,2023-12-22,53,simule_distributions_ademe_2023
29388,F,F,appartement,1941,123.2,335.0,2023-12-22,53,simule_distributions_ademe_2023
29256,E,F,appartement,1974,92.3,445.0,2023-12-22,53,simule_distributions_ademe_2023
29167,F,C,appartement,1951,185.0,480.0,2023-12-22,53,simule_distributions_ademe_2023
56364,D,D,appartement,1975,70.2,195.0,2023-12-23,53,simule_distributions_ademe_2023
35347,D,C,maison,1989,129.8,257.0,2023-12-23,53,simule_distributions_ademe_2023
56195,E,F,maison,1986,98.3,648.0,2023-12-23,53,simule_distributions_ademe_2023
29291,C,E,maison,1997,76.8,209.0,2023-12-23,53,simule_distributions_ademe_2023
56038,D,D,immeuble,1974,191.2,242.0,2023-12-24,53,simule_distributions_ademe_2023
56221,D,C,appartement,1994,162.2,180.0,2023-12-24,53,simule_distributions_ademe_2023
56062,A,E,appartement,2011,61.3,140.0,2023-12-24,53,simule_distributions_ademe_2023
35329,E,D,appartement,1968,22.5,585.0,2023-12-24,53,simule_distributions_ademe_2023
29044,E,B,maison,1993,78.0,527.0,2023-12-25,53,simule_distributions_ademe_2023
22061,D,F,maison,1968,60.4,251.0,2023-12-25,53,simule_distributions_ademe_2023
56097,E,G,appartement,1969,29.9,479.0,2023-12-25,53,simule_distributions_ademe_2023
56208,E,C,maison,1967,36.4,634.0,2023-12-26,53,simule_distributions_ademe_2023
29339,E,D,maison,1993,228.7,670.0,2023-12-26,53,simule_distributions_ademe_2023
35307,F,G,maison,1953,97.7,386.0,2023-12-26,53,simule_distributions_ademe_2023
35019,C,F,appartement,1987,78.8,324.0,2023-12-26,53,simule_distributions_ademe_2023
35378,F,E,appartement,1920,67.1,697.0,2023-12-27,53,simule_distributions_ademe_2023
22331,A,E,immeuble,2011,52.9,110.0,2023-12-27,53,simule_distributions_ademe_2023
56044,F,E,maison,1934,27.2,692.0,2023-12-27,53,simule_distributions_ademe_2023
56278,B,B,appartement,2014,40.0,107.0,2023-12-27,53,simule_distributions_ademe_2023
56201,E,B,maison,1974,53.0,551.0,2023-12-28,53,simule_distributions_ademe_2023
35356,D,F,appartement,1972,52.8,212.0,2023-12-28,53,simule_distributions_ademe_2023
29307,E,G,appartement,1970,68.1,482.0,2023-12-28,53,simule_distributions_ademe_2023
35234,G,D,immeuble,1922,38.1,401.0,2023-12-28,53,simule_distributions_ademe_2023
35150,G,F,appartement,1929,57.7,653.0,2023-12-29,53,simule_distributions_ademe_2023
22155,G,C,maison,1921,91.7,513.0,2023-12-29,53,simule_distributions_ademe_2023
35343,D,D,immeuble,1984,55.7,292.0,2023-12-29,53,simule_distributions_ademe_2023
56168,F,E,appartement,1933,98.3,514.0,2023-12-29,53,simule_distributions_ademe_2023
29207,E,G,maison,1989,31.8,361.0,2023-12-30,53,simule_distributions_ademe_2023
22103,C,E,maison,2004,195.1,321.0,2023-12-30,53,simule_distributions_ademe_2023
56390,C,G,appartement,2019,31.8,193.0,2023-12-30,53,simule_distributions_ademe_2023
29140,E,C,maison,1985,67.3,379.0,2023-12-30,53,simule_distributions_ademe_2023
56163,D,E,maison,1979,111.3,305.0,2023-12-31,53,simule_distributions_ademe_2023
29260,E,F,appartement,1991,67.0,404.0,2023-12-31,53,simule_distributions_ademe_2023
29112,B,B,maison,2002,29.6,144.0,2023-12-31,53,simule_distributions_ademe_2023
22011,E,D,appartement,1975,84.5,528.0,2023-12-31,53,simule_distributions_ademe_2023
56327,B,G,maison,1993,39.9,82.0,2024-01-01,53,simule_distributions_ademe_2023
56248,E,E,maison,1966,80.3,567.0,2024-01-01,53,simule_distributions_ademe_2023
29152,E,F,maison,1966,67.0,341.0,2024-01-01,53,simule_distributions_ademe_2023
29029,C,E,appartement,2006,24.5,219.0,2024-01-01,53,simule_distributions_ademe_2023
56348,F,C,maison,1963,104.0,646.0,2024-01-02,53,simule_distributions_ademe_2023
22252,D,D,maison,1967,23.1,305.0,2024-01-02,53,simule_distributions_ademe_2023
22214,D,B,maison,1976,104.8,289.0,2024-01-02,53,simule_distributions_ademe_2023
22107,E,E,maison,1985,64.2,551.0,2024-01-02,53,simule_distributions_ademe_2023
56092,F,F,appartement,1952,63.6,569.0,2024-01-03,53,simule_distributions_ademe_2023
22368,F,E,maison,1974,100.4,590.0,2024-01-03,53,simule_distributions_ademe_2023
22259,F,E,appartement,1961,150.3,661.0,2024-01-03,53,simule_distributions_ademe_2023
35220,A,D,maison,2008,71.2,145.0,2024-01-03,53,simule_distributions_ademe_2023
29376,E,G,maison,1967,52.4,469.0,2024-01-04,53,simule_distributions_ademe_2023
22145,D,D,immeuble,1984,46.6,328.0,2024-01-04,53,simule_distributions_ademe_2023
29127,F,G,appartement,1941,32.6,596.0,2024-01-04,53,simule_distributions_ademe_2023
35303,B,G,appartement,2003,81.7,132.0,2024-01-04,53,simule_distributions_ademe_2023
29198,G,E,appartement,1943,69.3,656.0,2024-01-05,53,simule_distributions_ademe_2023
22260,B,D,appartement,1986,69.1,56.0,2024-01-05,53,simule_distributions_ademe_2023
29291,E,F,appartement,1969,128.8,597.0,2024-01-05,53,simule_distributions_ademe_2023
56205,D,G,maison,1981,77.0,231.0,2024-01-06,53,simule_distributions_ademe_2023
22064,C,A,immeuble,1987,44.1,171.0,2024-01-06,53,simule_distributions_ademe_2023
35238,D,G,appartement,1985,163.6,237.0,2024-01-06,53,simule_distributions_ademe_2023
56298,F,F,maison,1932,29.2,376.0,2024-01-06,53,simule_distributions_ademe_2023
22086,C,D,appartement,1987,47.0,306.0,2024-01-07,53,simule_distributions_ademe_2023
29228,E,D,maison,1975,98.2,674.0,2024-01-07,53,simule_distributions_ademe_2023
35286,D,E,appartement,1978,67.2,294.0,2024-01-07,53,simule_distributions_ademe_2023
56172,D,G,maison,1993,41.1,243.0,2024-01-07,53,simule_distributions_ademe_2023
22270,C,F,maison,1992,127.3,220.0,2024-01-08,53,simule_distributions_ademe_2023
29363,E,C,maison,1986,85.4,439.0,2024-01-08,53,simule_distributions_ademe_2023
56073,F,C,appartement,1922,95.3,628.0,2024-01-08,53,simule_distributions_ademe_2023
29231,G,A,maison,1925,92.9,426.0,2024-01-08,53,simule_distributions_ademe_2023
35343,D,B,appartement,1994,49.1,278.0,2024-01-09,53,simule_distributions_ademe_2023
29055,G,C,maison,1958,118.5,401.0,2024-01-09,53,simule_distributions_ademe_2023
56247,E,E,appartement,1994,60.7,669.0,2024-01-09,53,simule_distributions_ademe_2023
56267,E,F,appartement,1979,76.2,458.0,2024-01-09,53,simule_distributions_ademe_2023
35229,F,F,maison,1957,101.5,332.0,2024-01-10,53,simule_distributions_ademe_2023
22017,D,F,maison,1994,31.5,212.0,2024-01-10,53,simule_distributions_ademe_2023
56364,B,F,maison,2017,98.8,71.0,2024-01-10,53,simule_distributions_ademe_2023
22337,C,D,maison,2001,64.0,174.0,2024-01-10,53,simule_distributions_ademe_2023
56010,B,A,maison,1995,72.7,52.0,2024-01-11,53,simule_distributions_ademe_2023
56057,C,E,maison,2019,65.7,309.0,2024-01-11,53,simule_distributions_ademe_2023
35377,E,C,maison,1972,97.2,351.0,2024-01-11,53,simule_distributions_ademe_2023
35069,E,C,maison,1974,81.0,517.0,2024-01-11,53,simule_distributions_ademe_2023
35217,D,C,appartement,1983,67.2,204.0,2024-01-12,53,simule_distributions_ademe_2023
35385,D,F,maison,1972,40.1,317.0,2024-01-12,53,simule_distributions_ademe_2023
29220,F,G,maison,1933,75.7,606.0,2024-01-12,53,simule_distributions_ademe_2023
22123,C,E,maison,1994,78.8,237.0,2024-01-12,53,simule_distributions_ademe_2023
56114,D,E,immeuble,1966,72.9,268.0,2024-01-13,53,simule_distributions_ademe_2023
22027,A,D,appartement,2015,140.5,68.0,2024-01-13,53,simule_distributions_ademe_2023
56056,E,E,appartement,1980,94.7,595.0,2024-01-13,53,simule_distributions_ademe_2023
29254,D,E,appartement,1993,75.8,153.0,2024-01-13,53,simule_distributions_ademe_2023
35073,F,C,maison,1971,85.9,611.0,2024-01-14,53,simule_distributions_ademe_2023
56016,D,G,appartement,1975,67.6,308.0,2024-01-14,53,simule_distributions_ademe_2023
56184,D,F,appartement,1967,67.3,178.0,2024-01-14,53,simule_distributions_ademe_2023
35268,F,E,maison,1925,64.4,636.0,2024-01-14,53,simule_distributions_ademe_2023
35174,G,F,maison,1971,44.4,655.0,2024-01-15,53,simule_distributions_ademe_2023
56359,F,C,appartement,1966,111.0,623.0,2024-01-15,53,simule_distributions_ademe_2023
35036,E,E,maison,1968,66.4,361.0,2024-01-15,53,simule_distributions_ademe_2023
56107,F,G,maison,1922,139.8,593.0,2024-01-15,53,simule_distributions_ademe_2023
56135,A,D,appartement,1987,39.7,107.0,2024-01-16,53,simule_distributions_ademe_2023
29088,E,F,maison,1986,42.3,359.0,2024-01-16,53,simule_distributions_ademe_2023
35393,G,F,appartement,1920,75.9,636.0,2024-01-16,53,simule_distributions_ademe_2023
22150,E,D,maison,1986,46.7,483.0,2024-01-17,53,simule_distributions_ademe_2023
35095,D,G,appartement,1971,162.2,300.0,2024-01-17,53,simule_distributions_ademe_2023
22337,A,C,maison,1994,89.0,84.0,2024-01-17,53,simule_distributions_ademe_2023
56272,F,F,maison,1960,184.5,617.0,2024-01-17,53,simule_distributions_ademe_2023
29290,D,D,appartement,1982,60.2,193.0,2024-01-18,53,simule_distributions_ademe_2023
56287,F,C,maison,1974,40.1,478.0,2024-01-18,53,simule_distributions_ademe_2023
35306,F,E,maison,1920,106.0,652.0,2024-01-18,53,simule_distributions_ademe_2023
35207,D,G,appartement,1989,35.3,183.0,2024-01-18,53,simule_distributions_ademe_2023
29273,B,D,appartement,1989,71.1,50.0,2024-01-19,53,simule_distributions_ademe_2023
35205,E,C,maison,1985,27.3,600.0,2024-01-19,53,simule_distributions_ademe_2023
29167,D,E,appartement,1978,29.5,220.0,2024-01-19,53,simule_distributions_ademe_2023
22297,B,F,maison,1991,106.3,107.0,2024-01-19,53,simule_distributions_ademe_2023
56316,C,E,immeuble,1993,90.9,157.0,2024-01-20,53,simule_distributions_ademe_2023
22351,A,E,maison,1987,50.4,58.0,2024-01-20,53,simule_distributions_ademe_2023
29051,D,C,maison,1972,35.9,258.0,2024-01-20,53,simule_distributions_ademe_2023
22250,E,D,maison,1974,48.8,593.0,2024-01-20,53,simule_distributions_ademe_2023
22336,D,E,appartement,1973,40.8,307.0,2024-01-21,53,simule_distributions_ademe_2023
22276,D,C,appartement,1981,71.2,304.0,2024-01-21,53,simule_distributions_ademe_2023
22341,G,C,appartement,1961,46.7,337.0,2024-01-21,53,simule_distributions_ademe_2023
35164,E,F,appartement,1980,57.9,458.0,2024-01-21,53,simule_distributions_ademe_2023
22214,D,F,maison,1968,78.1,185.0,2024-01-22,53,simule_distributions_ademe_2023
35141,A,A,maison,1995,123.7,133.0,2024-01-22,53,simule_distributions_ademe_2023
35064,G,E,maison,1924,24.1,630.0,2024-01-22,53,simule_distributions_ademe_2023
35187,G,F,maison,1960,134.1,346.0,2024-01-22,53,simule_distributions_ademe_2023
22028,F,D,maison,1949,76.2,566.0,2024-01-23,53,simule_distributions_ademe_2023
29096,C,C,appartement,1987,124.5,302.0,2024-01-23,53,simule_distributions_ademe_2023
29397,D,E,maison,1966,75.5,307.0,2024-01-23,53,simule_distributions_ademe_2023
29223,B,A,immeuble,2014,57.6,135.0,2024-01-23,53,simule_distributions_ademe_2023
35360,F,F,appartement,1967,108.1,338.0,2024-01-24,53,simule_distributions_ademe_2023
35147,F,B,appartement,1937,123.5,495.0,2024-01-24,53,simule_distributions_ademe_2023
35090,G,F,appartement,1921,42.1,669.0,2024-01-24,53,simule_distributions_ademe_2023
29134,D,G,appartement,1988,53.9,259.0,2024-01-24,53,simule_distributions_ademe_2023
35143,D,B,appartement,1986,59.3,328.0,2024-01-25,53,simule_distributions_ademe_2023
56320,F,C,maison,1929,128.8,642.0,2024-01-25,53,simule_distributions_ademe_2023
35318,D,E,appartement,1966,35.4,328.0,2024-01-25,53,simule_distributions_ademe_2023
22045,D,D,appartement,1988,75.0,312.0,2024-01-25,53,simule_distributions_ademe_2023
29321,C,D,appartement,2008,34.2,288.0,2024-01-26,53,simule_distributions_ademe_2023
22298,D,D,immeuble,1978,93.9,305.0,2024-01-26,53,simule_distributions_ademe_2023
35129,G,D,maison,1968,54.7,614.0,2024-01-26,53,simule_distributions_ademe_2023
29356,B,D,maison,2005,36.8,89.0,2024-01-26,53,simule_distributions_ademe_2023
56386,E,G,appartement,1990,54.5,470.0,2024-01-27,53,simule_distributions_ademe_2023
35158,D,F,appartement,1988,46.4,303.0,2024-01-27,53,simule_distributions_ademe_2023
35060,D,E,appartement,1978,44.7,198.0,2024-01-27,53,simule_distributions_ademe_2023
35126,E,F,maison,1971,56.2,576.0,2024-01-28,53,simule_distributions_ademe_2023
29239,G,G,maison,1922,59.2,480.0,2024-01-28,53,simule_distributions_ademe_2023
22167,E,C,maison,1977,158.5,477.0,2024-01-28,53,simule_distributions_ademe_2023
56381,E,C,appartement,1979,53.1,448.0,2024-01-28,53,simule_distributions_ademe_2023
22392,E,D,maison,1969,97.0,600.0,2024-01-29,53,simule_distributions_ademe_2023
29231,F,D,appartement,1964,70.6,532.0,2024-01-29,53,simule_distributions_ademe_2023
35276,D,D,maison,1966,77.6,186.0,2024-01-29,53,simule_distributions_ademe_2023
29293,E,D,appartement,1994,57.3,543.0,2024-01-29,53,simule_distributions_ademe_2023
56152,D,G,maison,1975,73.2,200.0,2024-01-30,53,simule_distributions_ademe_2023
56308,E,C,appartement,1988,118.8,636.0,2024-01-30,53,simule_distributions_ademe_2023
35196,E,D,maison,1967,104.7,484.0,2024-01-30,53,simule_distributions_ademe_2023
29230,F,D,maison,1933,56.1,348.0,2024-01-30,53,simule_distributions_ademe_2023
29055,F,C,appartement,1967,32.9,431.0,2024-01-31,53,simule_distributions_ademe_2023
29357,G,B,maison,1968,42.4,423.0,2024-01-31,53,simule_distributions_ademe_2023
22319,D,D,immeuble,1971,195.0,189.0,2024-01-31,53,simule_distributions_ademe_2023
56277,G,F,maison,1932,35.8,404.0,2024-01-31,53,simule_distributions_ademe_2023
29247,F,E,immeuble,1957,33.1,587.0,2024-02-01,53,simule_distributions_ademe_2023
56124,E,F,maison,1993,42.2,537.0,2024-02-01,53,simule_distributions_ademe_2023
29094,G,D,appartement,1926,99.1,656.0,2024-02-01,53,simule_distributions_ademe_2023
35160,F,B,appartement,1934,79.3,350.0,2024-02-01,53,simule_distributions_ademe_2023
29392,F,D,maison,1942,73.3,561.0,2024-02-02,53,simule_distributions_ademe_2023
56065,D,D,maison,1988,140.6,164.0,2024-02-02,53,simule_distributions_ademe_2023
56348,F,E,maison,1941,28.8,579.0,2024-02-02,53,simule_distributions_ademe_2023
56181,B,C,maison,1998,63.7,71.0,2024-02-02,53,simule_distributions_ademe_2023
56209,D,C,appartement,1978,48.3,200.0,2024-02-03,53,simule_distributions_ademe_2023
29304,F,E,maison,1934,35.2,645.0,2024-02-03,53,simule_distributions_ademe_2023
56323,E,C,maison,1967,31.1,399.0,2024-02-03,53,simule_distributions_ademe_2023
22063,C,F,appartement,1991,74.4,195.0,2024-02-03,53,simule_distributions_ademe_2023
35140,D,D,maison,1975,71.0,303.0,2024-02-04,53,simule_distributions_ademe_2023
35280,D,F,appartement,1978,102.4,169.0,2024-02-04,53,simule_distributions_ademe_2023
56075,E,D,appartement,1979,85.1,676.0,2024-02-04,53,simule_distributions_ademe_2023
56194,G,C,maison,1926,40.9,413.0,2024-02-04,53,simule_distributions_ademe_2023
35373,F,G,appartement,1936,38.0,442.0,2024-02-05,53,simule_distributions_ademe_2023
29097,F,E,immeuble,1964,43.2,584.0,2024-02-05,53,simule_distributions_ademe_2023
35159,C,D,appartement,1996,33.1,322.0,2024-02-05,53,simule_distributions_ademe_2023
35254,C,D,appartement,2014,35.2,161.0,2024-02-05,53,simule_distributions_ademe_2023
56096,C,G,immeuble,1989,64.0,224.0,2024-02-06,53,simule_distributions_ademe_2023
29024,D,E,appartement,1994,24.0,234.0,2024-02-06,53,simule_distributions_ademe_2023
22204,D,D,maison,1970,116.0,236.0,2024-02-06,53,simule_distributions_ademe_2023
22235,D,E,maison,1984,87.3,189.0,2024-02-06,53,simule_distributions_ademe_2023
29303,F,E,appartement,1960,110.1,696.0,2024-02-07,53,simule_distributions_ademe_2023
35051,G,G,appartement,1957,70.4,598.0,2024-02-07,53,simule_distributions_ademe_2023
35242,E,D,maison,1968,54.4,440.0,2024-02-07,53,simule_distributions_ademe_2023
35380,C,C,maison,2008,111.1,176.0,2024-02-08,53,simule_distributions_ademe_2023
22309,F,E,appartement,1964,51.9,672.0,2024-02-08,53,simule_distributions_ademe_2023
35239,E,E,maison,1994,38.4,543.0,2024-02-08,53,simule_distributions_ademe_2023
56399,D,C,appartement,1980,67.5,322.0,2024-02-08,53,simule_distributions_ademe_2023
56055,F,G,appartement,1974,246.8,467.0,2024-02-09,53,simule_distributions_ademe_2023
22316,D,G,appartement,1965,88.3,190.0,2024-02-09,53,simule_distributions_ademe_2023
22106,D,D,maison,1983,23.1,303.0,2024-02-09,53,simule_distributions_ademe_2023
35172,G,E,maison,1959,42.7,617.0,2024-02-09,53,simule_distributions_ademe_2023
29302,G,D,maison,1960,35.9,568.0,2024-02-10,53,simule_distributions_ademe_2023
22245,C,G,immeuble,2000,38.2,257.0,2024-02-10,53,simule_distributions_ademe_2023
22012,B,E,maison,2019,83.1,89.0,2024-02-10,53,simule_distributions_ademe_2023
35257,E,G,appartement,1966,99.3,447.0,2024-02-10,53,simule_distributions_ademe_2023
35230,E,E,maison,1990,67.8,489.0,2024-02-11,53,simule_distributions_ademe_2023
29190,D,G,maison,1978,64.5,163.0,2024-02-11,53,simule_distributions_ademe_2023
29325,G,D,appartement,1953,73.5,595.0,2024-02-11,53,simule_distributions_ademe_2023
35371,C,F,maison,2010,111.8,278.0,2024-02-11,53,simule_distributions_ademe_2023
56037,F,C,appartement,1952,88.3,512.0,2024-02-12,53,simule_distributions_ademe_2023
35314,E,F,maison,1978,84.8,542.0,2024-02-12,53,simule_distributions_ademe_2023
22331,C,D,appartement,1998,67.4,173.0,2024-02-12,53,simule_distributions_ademe_2023
35055,F,F,appartement,1963,43.4,512.0,2024-02-12,53,simule_distributions_ademe_2023
35104,G,C,maison,1964,65.5,497.0,2024-02-13,53,simule_distributions_ademe_2023
56208,F,E,maison,1929,78.6,550.0,2024-02-13,53,simule_distributions_ademe_2023
29047,F,E,appartement,1920,153.8,431.0,2024-02-13,53,simule_distributions_ademe_2023
56271,F,C,maison,1956,161.3,660.0,2024-02-13,53,simule_distributions_ademe_2023
35073,A,D,appartement,2012,54.4,81.0,2024-02-14,53,simule_distributions_ademe_2023
35062,F,F,maison,1950,41.5,397.0,2024-02-14,53,simule_distributions_ademe_2023
35329,D,G,appartement,1991,52.6,237.0,2024-02-14,53,simule_distributions_ademe_2023
56396,E,F,maison,1971,61.0,537.0,2024-02-14,53,simule_distributions_ademe_2023
35334,E,D,appartement,1982,111.5,422.0,2024-02-15,53,simule_distributions_ademe_2023
22354,E,F,maison,1984,73.3,600.0,2024-02-15,53,simule_distributions_ademe_2023
29240,F,E,appartement,1940,70.1,355.0,2024-02-15,53,simule_distributions_ademe_2023
22181,C,G,appartement,1990,88.4,240.0,2024-02-15,53,simule_distributions_ademe_2023
56260,E,D,maison,1984,19.7,572.0,2024-02-16,53,simule_distributions_ademe_2023
35108,G,C,appartement,1921,74.0,335.0,2024-02-16,53,simule_distributions_ademe_2023
56123,E,D,immeuble,1993,103.7,430.0,2024-02-16,53,simule_distributions_ademe_2023
56168,F,E,maison,1961,46.4,377.0,2024-02-16,53,simule_distributions_ademe_2023
22006,D,E,maison,1977,52.8,282.0,2024-02-17,53,simule_distributions_ademe_2023
22396,E,E,appartement,1981,23.9,513.0,2024-02-17,53,simule_distributions_ademe_2023
29344,D,D,appartement,1972,69.4,222.0,2024-02-17,53,simule_distributions_ademe_2023
56085,E,D,maison,1969,90.6,339.0,2024-02-18,53,simule_distributions_ademe_2023
29107,D,E,maison,1968,51.3,291.0,2024-02-18,53,simule_distributions_ademe_2023
56006,B,F,maison,2010,172.4,72.0,2024-02-18,53,simule_distributions_ademe_2023
22037,E,C,appartement,1992,112.8,344.0,2024-02-18,53,simule_distributions_ademe_2023
35190,A,F,maison,2009,94.5,98.0,2024-02-19,53,simule_distributions_ademe_2023
56395,A,E,maison,2016,36.6,130.0,2024-02-19,53,simule_distributions_ademe_2023
56336,G,E,appartement,1939,82.5,683.0,2024-02-19,53,simule_distributions_ademe_2023
29321,E,F,appartement,1975,48.9,370.0,2024-02-19,53,simule_distributions_ademe_2023
35133,G,D,maison,1948,94.4,670.0,2024-02-20,53,simule_distributions_ademe_2023
35205,D,E,appartement,1987,83.6,204.0,2024-02-20,53,simule_distributions_ademe_2023
56107,F,C,immeuble,1934,97.1,398.0,2024-02-20,53,simule_distributions_ademe_2023
22138,D,D,appartement,1981,27.6,319.0,2024-02-20,53,simule_distributions_ademe_2023
56338,G,D,immeuble,1949,64.1,629.0,2024-02-21,53,simule_distributions_ademe_2023
35058,F,G,appartement,1970,31.8,582.0,2024-02-21,53,simule_distributions_ademe_2023
56187,G,D,appartement,1968,81.1,472.0,2024-02-21,53,simule_distributions_ademe_2023
56378,E,F,maison,1968,70.7,604.0,2024-02-21,53,simule_distributions_ademe_2023
35266,E,D,appartement,1976,56.8,432.0,2024-02-22,53,simule_distributions_ademe_2023
56328,G,F,maison,1959,107.4,357.0,2024-02-22,53,simule_distributions_ademe_2023
56036,F,D,maison,1967,139.9,489.0,2024-02-22,53,simule_distributions_ademe_2023
22017,C,E,maison,1992,61.9,232.0,2024-02-22,53,simule_distributions_ademe_2023
35361,E,E,maison,1992,55.8,676.0,2024-02-23,53,simule_distributions_ademe_2023
35387,A,B,maison,1993,122.0,142.0,2024-02-23,53,simule_distributions_ademe_2023
56307,D,D,maison,1993,51.0,230.0,2024-02-23,53,simule_distributions_ademe_2023
22021,B,E,maison,1998,80.8,132.0,2024-02-23,53,simule_distributions_ademe_2023
35257,A,B,appartement,2018,91.3,101.0,2024-02-24,53,simule_distributions_ademe_2023
29099,D,F,maison,1988,100.0,249.0,2024-02-24,53,simule_distributions_ademe_2023
29363,G,E,appartement,1935,40.1,363.0,2024-02-24,53,simule_distributions_ademe_2023
22027,C,D,appartement,2011,36.9,223.0,2024-02-24,53,simule_distributions_ademe_2023
56065,F,B,appartement,1924,112.5,398.0,2024-02-25,53,simule_distributions_ademe_2023
29328,E,F,maison,1978,26.9,545.0,2024-02-25,53,simule_distributions_ademe_2023
29388,F,D,maison,1960,94.0,382.0,2024-02-25,53,simule_distributions_ademe_2023
22167,G,B,immeuble,1960,59.0,357.0,2024-02-25,53,simule_distributions_ademe_2023
35166,D,C,immeuble,1990,201.4,183.0,2024-02-26,53,simule_distributions_ademe_2023
29104,C,E,appartement,2003,85.7,225.0,2024-02-26,53,simule_distributions_ademe_2023
22210,F,E,appartement,1939,43.5,619.0,2024-02-26,53,simule_distributions_ademe_2023
22102,C,E,appartement,2003,28.0,311.0,2024-02-26,53,simule_distributions_ademe_2023
56132,F,E,maison,1935,79.0,369.0,2024-02-27,53,simule_distributions_ademe_2023
56307,E,C,maison,1978,171.4,637.0,2024-02-27,53,simule_distributions_ademe_2023
29234,E,C,maison,1992,66.4,662.0,2024-02-27,53,simule_distributions_ademe_2023
29086,D,D,appartement,1973,122.6,175.0,2024-02-27,53,simule_distributions_ademe_2023
22179,E,F,appartement,1965,43.2,633.0,2024-02-28,53,simule_distributions_ademe_2023
35140,B,E,maison,1997,53.8,127.0,2024-02-28,53,simule_distributions_ademe_2023
22022,E,E,maison,1986,114.8,642.0,2024-02-28,53,simule_distributions_ademe_2023
56308,A,E,appartement,1988,53.8,110.0,2024-02-29,53,simule_distributions_ademe_2023
29015,F,D,appartement,1930,34.1,649.0,2024-02-29,53,simule_distributions_ademe_2023
35216,G,E,maison,1934,69.8,634.0,2024-02-29,53,simule_distributions_ademe_2023
35390,C,F,maison,2002,83.2,223.0,2024-02-29,53,simule_distributions_ademe_2023
29105,D,F,maison,1976,52.1,269.0,2024-03-01,53,simule_distributions_ademe_2023
29364,D,E,appartement,1990,24.2,265.0,2024-03-01,53,simule_distributions_ademe_2023
35333,D,F,maison,1971,92.9,218.0,2024-03-01,53,simule_distributions_ademe_2023
35204,F,A,appartement,1941,94.7,700.0,2024-03-01,53,simule_distributions_ademe_2023
29347,F,E,appartement,1946,41.9,562.0,2024-03-02,53,simule_distributions_ademe_2023
29141,D,E,appartement,1965,166.6,248.0,2024-03-02,53,simule_distributions_ademe_2023
35185,B,B,maison,2003,86.7,90.0,2024-03-02,53,simule_distributions_ademe_2023
29327,D,C,appartement,1994,46.5,167.0,2024-03-02,53,simule_distributions_ademe_2023
56049,D,C,maison,1976,98.4,199.0,2024-03-03,53,simule_distributions_ademe_2023
29378,G,D,maison,1942,62.0,592.0,2024-03-03,53,simule_distributions_ademe_2023
22226,C,G,appartement,2002,48.1,177.0,2024-03-03,53,simule_distributions_ademe_2023
22034,F,D,maison,1964,85.7,435.0,2024-03-03,53,simule_distributions_ademe_2023
29027,D,F,immeuble,1971,61.5,271.0,2024-03-04,53,simule_distributions_ademe_2023
56262,C,D,appartement,1995,75.4,308.0,2024-03-04,53,simule_distributions_ademe_2023
22047,D,E,appartement,1985,40.3,292.0,2024-03-04,53,simule_distributions_ademe_2023
22163,B,E,immeuble,2003,135.0,80.0,2024-03-04,53,simule_distributions_ademe_2023
22294,E,G,appartement,1982,25.6,406.0,2024-03-05,53,simule_distributions_ademe_2023
22262,F,D,appartement,1947,38.6,695.0,2024-03-05,53,simule_distributions_ademe_2023
56377,D,G,appartement,1978,94.1,190.0,2024-03-05,53,simule_distributions_ademe_2023
22092,E,C,maison,1987,124.8,419.0,2024-03-05,53,simule_distributions_ademe_2023
56124,F,C,maison,1955,71.1,616.0,2024-03-06,53,simule_distributions_ademe_2023
56087,E,E,appartement,1966,41.5,476.0,2024-03-06,53,simule_distributions_ademe_2023
35155,E,F,appartement,1978,57.2,674.0,2024-03-06,53,simule_distributions_ademe_2023
22156,A,B,maison,2009,111.4,102.0,2024-03-06,53,simule_distributions_ademe_2023
22289,D,F,appartement,1982,45.9,266.0,2024-03-07,53,simule_distributions_ademe_2023
35278,D,E,appartement,1988,78.0,220.0,2024-03-07,53,simule_distributions_ademe_2023
35363,D,D,appartement,1968,139.1,197.0,2024-03-07,53,simule_distributions_ademe_2023
56059,E,D,appartement,1965,30.8,656.0,2024-03-07,53,simule_distributions_ademe_2023
56116,C,E,immeuble,2009,207.7,203.0,2024-03-08,53,simule_distributions_ademe_2023
22073,C,F,appartement,2006,144.9,210.0,2024-03-08,53,simule_distributions_ademe_2023
35388,A,F,appartement,2015,67.0,81.0,2024-03-08,53,simule_distributions_ademe_2023
35168,G,F,appartement,1923,178.2,659.0,2024-03-08,53,simule_distributions_ademe_2023
22121,E,D,appartement,1977,39.9,607.0,2024-03-09,53,simule_distributions_ademe_2023
35016,C,E,appartement,2003,54.9,180.0,2024-03-09,53,simule_distributions_ademe_2023
35235,E,D,appartement,1993,176.2,634.0,2024-03-09,53,simule_distributions_ademe_2023
22392,G,G,maison,1939,46.9,443.0,2024-03-09,53,simule_distributions_ademe_2023
35264,C,F,appartement,2012,80.9,224.0,2024-03-10,53,simule_distributions_ademe_2023
22109,D,E,appartement,1977,29.3,197.0,2024-03-10,53,simule_distributions_ademe_2023
29064,F,F,maison,1972,176.3,547.0,2024-03-10,53,simule_distributions_ademe_2023
22150,E,D,maison,1973,54.9,627.0,2024-03-11,53,simule_distributions_ademe_2023
29143,G,E,appartement,1931,45.5,575.0,2024-03-11,53,simule_distributions_ademe_2023
29303,E,F,maison,1975,68.5,399.0,2024-03-11,53,simule_distributions_ademe_2023
22217,E,E,appartement,1986,68.5,496.0,2024-03-11,53,simule_distributions_ademe_2023
35207,F,D,appartement,1948,47.2,542.0,2024-03-12,53,simule_distributions_ademe_2023
29303,D,D,maison,1973,86.5,184.0,2024-03-12,53,simule_distributions_ademe_2023
29357,D,E,maison,1973,91.1,152.0,2024-03-12,53,simule_distributions_ademe_2023
56033,E,A,appartement,1981,60.4,455.0,2024-03-12,53,simule_distributions_ademe_2023
22266,F,E,appartement,1955,83.9,507.0,2024-03-13,53,simule_distributions_ademe_2023
56019,E,E,appartement,1977,47.6,646.0,2024-03-13,53,simule_distributions_ademe_2023
29045,D,F,maison,1981,135.9,312.0,2024-03-13,53,simule_distributions_ademe_2023
35368,D,D,maison,1981,22.6,226.0,2024-03-13,53,simule_distributions_ademe_2023
56046,D,D,appartement,1984,40.1,303.0,2024-03-14,53,simule_distributions_ademe_2023
29286,B,E,appartement,2002,54.3,122.0,2024-03-14,53,simule_distributions_ademe_2023
22208,E,C,maison,1971,96.8,504.0,2024-03-14,53,simule_distributions_ademe_2023
35341,E,G,appartement,1994,69.4,635.0,2024-03-14,53,simule_distributions_ademe_2023
56308,C,F,appartement,2015,30.6,272.0,2024-03-15,53,simule_distributions_ademe_2023
56087,F,E,appartement,1923,71.7,674.0,2024-03-15,53,simule_distributions_ademe_2023
56012,D,G,maison,1990,48.6,308.0,2024-03-15,53,simule_distributions_ademe_2023
22012,E,F,appartement,1975,35.6,385.0,2024-03-15,53,simule_distributions_ademe_2023
35243,F,E,appartement,1949,97.8,598.0,2024-03-16,53,simule_distributions_ademe_2023
22031,F,F,maison,1946,34.3,464.0,2024-03-16,53,simule_distributions_ademe_2023
35217,F,B,maison,1958,40.3,590.0,2024-03-16,53,simule_distributions_ademe_2023
22091,A,E,maison,1997,34.5,70.0,2024-03-16,53,simule_distributions_ademe_2023
56361,F,E,appartement,1948,94.1,351.0,2024-03-17,53,simule_distributions_ademe_2023
22323,A,D,maison,2007,60.6,66.0,2024-03-17,53,simule_distributions_ademe_2023
29110,E,G,maison,1985,106.2,582.0,2024-03-17,53,simule_distributions_ademe_2023
29346,E,E,appartement,1987,93.8,610.0,2024-03-17,53,simule_distributions_ademe_2023
35035,D,C,appartement,1975,33.5,287.0,2024-03-18,53,simule_distributions_ademe_2023
22294,E,G,appartement,1990,60.9,586.0,2024-03-18,53,simule_distributions_ademe_2023
35047,E,D,maison,1969,69.1,543.0,2024-03-18,53,simule_distributions_ademe_2023
56191,C,D,appartement,2001,36.9,156.0,2024-03-18,53,simule_distributions_ademe_2023
22034,D,C,maison,1982,63.8,209.0,2024-03-19,53,simule_distributions_ademe_2023
35288,D,D,maison,1975,40.8,240.0,2024-03-19,53,simule_distributions_ademe_2023
29237,E,F,maison,1974,51.7,681.0,2024-03-19,53,simule_distributions_ademe_2023
56105,G,D,appartement,1928,37.1,406.0,2024-03-19,53,simule_distributions_ademe_2023
35162,C,D,appartement,2007,85.4,186.0,2024-03-20,53,simule_distributions_ademe_2023
29366,F,C,appartement,1924,86.3,615.0,2024-03-20,53,simule_distributions_ademe_2023
22178,E,F,maison,1992,41.2,460.0,2024-03-20,53,simule_distributions_ademe_2023
35390,D,B,maison,1980,30.8,276.0,2024-03-20,53,simule_distributions_ademe_2023
29048,B,E,appartement,2015,53.3,136.0,2024-03-21,53,simule_distributions_ademe_2023
29122,D,F,immeuble,1975,55.8,188.0,2024-03-21,53,simule_distributions_ademe_2023
56185,G,D,maison,1971,120.6,543.0,2024-03-21,53,simule_distributions_ademe_2023
35202,G,B,maison,1970,45.0,542.0,2024-03-22,53,simule_distributions_ademe_2023
56378,D,E,maison,1985,18.4,152.0,2024-03-22,53,simule_distributions_ademe_2023
29291,D,D,maison,1971,55.7,226.0,2024-03-22,53,simule_distributions_ademe_2023
22085,D,C,maison,1984,55.0,258.0,2024-03-22,53,simule_distributions_ademe_2023
29114,G,D,appartement,1973,36.0,502.0,2024-03-23,53,simule_distributions_ademe_2023
29002,F,F,maison,1963,46.8,673.0,2024-03-23,53,simule_distributions_ademe_2023
56300,G,D,appartement,1974,33.7,653.0,2024-03-23,53,simule_distributions_ademe_2023
29022,F,F,appartement,1969,123.1,408.0,2024-03-23,53,simule_distributions_ademe_2023
22019,C,C,appartement,1988,45.3,295.0,2024-03-24,53,simule_distributions_ademe_2023
29294,D,F,maison,1991,63.1,161.0,2024-03-24,53,simule_distributions_ademe_2023
56050,E,E,maison,1971,152.2,378.0,2024-03-24,53,simule_distributions_ademe_2023
35002,E,C,appartement,1966,83.3,358.0,2024-03-24,53,simule_distributions_ademe_2023
29238,D,F,maison,1984,98.8,280.0,2024-03-25,53,simule_distributions_ademe_2023
29250,E,C,appartement,1966,145.9,376.0,2024-03-25,53,simule_distributions_ademe_2023
56361,E,A,maison,1969,40.6,534.0,2024-03-25,53,simule_distributions_ademe_2023
29227,D,G,maison,1978,27.8,297.0,2024-03-25,53,simule_distributions_ademe_2023
29274,D,C,maison,1965,110.6,162.0,2024-03-26,53,simule_distributions_ademe_2023
56109,E,D,maison,1967,89.9,698.0,2024-03-26,53,simule_distributions_ademe_2023
35065,D,D,immeuble,1979,47.2,281.0,2024-03-26,53,simule_distributions_ademe_2023
29246,E,G,maison,1967,45.6,683.0,2024-03-26,53,simule_distributions_ademe_2023
56193,D,C,appartement,1979,76.6,252.0,2024-03-27,53,simule_distributions_ademe_2023
35356,E,E,maison,1981,30.5,536.0,2024-03-27,53,simule_distributions_ademe_2023
22077,G,F,maison,1921,48.7,512.0,2024-03-27,53,simule_distributions_ademe_2023
22245,E,E,appartement,1977,96.5,481.0,2024-03-27,53,simule_distributions_ademe_2023
22106,E,F,maison,1979,151.3,579.0,2024-03-28,53,simule_distributions_ademe_2023
22063,D,B,appartement,1989,155.4,223.0,2024-03-28,53,simule_distributions_ademe_2023
35116,G,F,maison,1959,195.7,690.0,2024-03-28,53,simule_distributions_ademe_2023
35071,G,F,maison,1962,56.7,609.0,2024-03-28,53,simule_distributions_ademe_2023
56307,E,E,appartement,1970,78.8,525.0,2024-03-29,53,simule_distributions_ademe_2023
22394,F,E,appartement,1968,68.3,673.0,2024-03-29,53,simule_distributions_ademe_2023
56057,D,E,maison,1987,97.2,264.0,2024-03-29,53,simule_distributions_ademe_2023
35073,E,E,maison,1991,119.4,593.0,2024-03-29,53,simule_distributions_ademe_2023
35149,C,E,appartement,2016,72.3,236.0,2024-03-30,53,simule_distributions_ademe_2023
35201,F,G,appartement,1934,60.1,367.0,2024-03-30,53,simule_distributions_ademe_2023
29210,C,C,appartement,2016,97.0,317.0,2024-03-30,53,simule_distributions_ademe_2023
56396,F,F,maison,1928,125.2,459.0,2024-03-30,53,simule_distributions_ademe_2023
35378,E,E,maison,1981,51.3,605.0,2024-03-31,53,simule_distributions_ademe_2023
56252,E,E,appartement,1976,61.1,603.0,2024-03-31,53,simule_distributions_ademe_2023
29374,D,C,appartement,1965,32.2,231.0,2024-03-31,53,simule_distributions_ademe_2023
56101,F,D,maison,1932,28.3,391.0,2024-03-31,53,simule_distributions_ademe_2023
29142,C,D,maison,2000,48.5,216.0,2024-04-01,53,simule_distributions_ademe_2023
22207,D,D,maison,1970,86.2,154.0,2024-04-01,53,simule_distributions_ademe_2023
56392,D,C,maison,1981,93.3,242.0,2024-04-01,53,simule_distributions_ademe_2023
56019,C,C,appartement,2017,43.3,162.0,2024-04-02,53,simule_distributions_ademe_2023
56028,F,F,maison,1929,137.4,667.0,2024-04-02,53,simule_distributions_ademe_2023
35392,G,C,maison,1946,46.4,390.0,2024-04-02,53,simule_distributions_ademe_2023
56159,D,D,maison,1971,117.9,208.0,2024-04-02,53,simule_distributions_ademe_2023
22242,E,B,appartement,1973,95.3,695.0,2024-04-03,53,simule_distributions_ademe_2023
22357,D,F,maison,1977,89.2,291.0,2024-04-03,53,simule_distributions_ademe_2023
56166,C,E,maison,2000,59.7,205.0,2024-04-03,53,simule_distributions_ademe_2023
22286,C,D,maison,2000,75.4,242.0,2024-04-03,53,simule_distributions_ademe_2023
35049,E,D,appartement,1990,98.3,451.0,2024-04-04,53,simule_distributions_ademe_2023
22109,E,F,appartement,1981,56.9,407.0,2024-04-04,53,simule_distributions_ademe_2023
35248,F,D,maison,1920,94.4,568.0,2024-04-04,53,simule_distributions_ademe_2023
35111,F,D,appartement,1945,52.9,343.0,2024-04-04,53,simule_distributions_ademe_2023
56043,D,C,maison,1971,47.1,200.0,2024-04-05,53,simule_distributions_ademe_2023
29199,G,F,maison,1960,49.6,626.0,2024-04-05,53,simule_distributions_ademe_2023
29371,F,E,appartement,1925,70.1,400.0,2024-04-05,53,simule_distributions_ademe_2023
22076,E,D,maison,1969,76.1,564.0,2024-04-05,53,simule_distributions_ademe_2023
56396,F,A,appartement,1939,121.4,585.0,2024-04-06,53,simule_distributions_ademe_2023
56094,F,E,maison,1942,65.2,602.0,2024-04-06,53,simule_distributions_ademe_2023
56128,D,G,maison,1982,33.0,227.0,2024-04-06,53,simule_distributions_ademe_2023
22321,G,E,maison,1921,29.9,502.0,2024-04-06,53,simule_distributions_ademe_2023
22022,F,D,maison,1930,120.9,624.0,2024-04-07,53,simule_distributions_ademe_2023
29218,C,G,appartement,1990,85.4,274.0,2024-04-07,53,simule_distributions_ademe_2023
56089,E,A,appartement,1975,37.0,629.0,2024-04-07,53,simule_distributions_ademe_2023
22291,F,G,immeuble,1966,59.9,461.0,2024-04-07,53,simule_distributions_ademe_2023
56190,C,F,appartement,2001,79.9,234.0,2024-04-08,53,simule_distributions_ademe_2023
56070,C,F,maison,2018,56.0,176.0,2024-04-08,53,simule_distributions_ademe_2023
29385,G,D,appartement,1972,81.8,549.0,2024-04-08,53,simule_distributions_ademe_2023
35015,D,E,appartement,1989,45.3,223.0,2024-04-08,53,simule_distributions_ademe_2023
35309,D,B,maison,1966,127.5,276.0,2024-04-09,53,simule_distributions_ademe_2023
56391,B,D,maison,1986,81.3,62.0,2024-04-09,53,simule_distributions_ademe_2023
22077,E,B,maison,1987,63.5,645.0,2024-04-09,53,simule_distributions_ademe_2023
29090,E,D,maison,1983,51.9,366.0,2024-04-09,53,simule_distributions_ademe_2023
35271,C,B,appartement,2014,94.6,209.0,2024-04-10,53,simule_distributions_ademe_2023
56224,B,E,maison,2011,54.7,87.0,2024-04-10,53,simule_distributions_ademe_2023
35091,G,B,maison,1964,51.8,677.0,2024-04-10,53,simule_distributions_ademe_2023
56308,C,F,maison,2011,77.8,225.0,2024-04-10,53,simule_distributions_ademe_2023
22050,C,C,appartement,2014,94.1,304.0,2024-04-11,53,simule_distributions_ademe_2023
56168,D,E,appartement,1975,164.3,278.0,2024-04-11,53,simule_distributions_ademe_2023
29211,F,D,maison,1943,96.3,340.0,2024-04-11,53,simule_distributions_ademe_2023
29099,F,C,maison,1945,172.8,628.0,2024-04-11,53,simule_distributions_ademe_2023
35366,D,E,appartement,1994,126.5,235.0,2024-04-12,53,simule_distributions_ademe_2023
29159,D,G,appartement,1971,88.8,203.0,2024-04-12,53,simule_distributions_ademe_2023
56064,F,E,appartement,1949,86.9,648.0,2024-04-12,53,simule_distributions_ademe_2023
22131,G,C,maison,1949,54.3,551.0,2024-04-13,53,simule_distributions_ademe_2023
56360,D,D,maison,1976,90.3,174.0,2024-04-13,53,simule_distributions_ademe_2023
35390,F,A,appartement,1943,50.9,356.0,2024-04-13,53,simule_distributions_ademe_2023
35216,D,E,maison,1987,131.2,226.0,2024-04-13,53,simule_distributions_ademe_2023
22104,D,E,appartement,1986,32.2,259.0,2024-04-14,53,simule_distributions_ademe_2023
22398,B,E,maison,2011,100.6,94.0,2024-04-14,53,simule_distributions_ademe_2023
56221,E,A,maison,1991,85.1,513.0,2024-04-14,53,simule_distributions_ademe_2023
56328,F,C,appartement,1947,70.8,442.0,2024-04-14,53,simule_distributions_ademe_2023
22249,E,F,appartement,1977,41.3,431.0,2024-04-15,53,simule_distributions_ademe_2023
35055,C,E,maison,2008,79.0,203.0,2024-04-15,53,simule_distributions_ademe_2023
29150,F,G,appartement,1958,56.5,649.0,2024-04-15,53,simule_distributions_ademe_2023
22095,E,C,maison,1973,59.8,356.0,2024-04-15,53,simule_distributions_ademe_2023
35008,E,G,maison,1975,38.9,405.0,2024-04-16,53,simule_distributions_ademe_2023
29243,D,F,maison,1988,74.4,199.0,2024-04-16,53,simule_distributions_ademe_2023
35104,E,E,maison,1981,77.6,616.0,2024-04-16,53,simule_distributions_ademe_2023
35298,E,F,appartement,1991,18.5,700.0,2024-04-16,53,simule_distributions_ademe_2023
35163,G,C,maison,1940,98.6,489.0,2024-04-17,53,simule_distributions_ademe_2023
35077,D,D,appartement,1979,73.7,328.0,2024-04-17,53,simule_distributions_ademe_2023
29267,F,F,maison,1923,75.8,344.0,2024-04-17,53,simule_distributions_ademe_2023
56303,F,D,maison,1960,111.3,347.0,2024-04-17,53,simule_distributions_ademe_2023
22242,E,E,maison,1986,108.5,563.0,2024-04-18,53,simule_distributions_ademe_2023
56326,C,E,maison,2010,24.7,255.0,2024-04-18,53,simule_distributions_ademe_2023
35170,B,F,appartement,2012,67.0,118.0,2024-04-18,53,simule_distributions_ademe_2023
56088,F,D,immeuble,1930,83.5,507.0,2024-04-18,53,simule_distributions_ademe_2023
35398,D,A,maison,1973,25.6,303.0,2024-04-19,53,simule_distributions_ademe_2023
56049,E,C,maison,1965,39.2,693.0,2024-04-19,53,simule_distributions_ademe_2023
22009,G,A,maison,1955,55.6,620.0,2024-04-19,53,simule_distributions_ademe_2023
22173,C,D,appartement,2013,60.8,310.0,2024-04-19,53,simule_distributions_ademe_2023
22024,F,G,appartement,1946,78.4,456.0,2024-04-20,53,simule_distributions_ademe_2023
22275,D,C,appartement,1975,38.6,207.0,2024-04-20,53,simule_distributions_ademe_2023
35394,F,G,maison,1923,49.6,333.0,2024-04-20,53,simule_distributions_ademe_2023
22016,G,E,appartement,1966,79.4,471.0,2024-04-20,53,simule_distributions_ademe_2023
29321,F,E,appartement,1965,79.1,651.0,2024-04-21,53,simule_distributions_ademe_2023
22085,E,F,maison,1979,85.5,661.0,2024-04-21,53,simule_distributions_ademe_2023
56232,A,C,maison,2019,106.5,69.0,2024-04-21,53,simule_distributions_ademe_2023
35057,D,C,appartement,1972,19.1,282.0,2024-04-21,53,simule_distributions_ademe_2023
35237,D,F,maison,1984,108.4,292.0,2024-04-22,53,simule_distributions_ademe_2023
35230,B,E,maison,2018,146.9,126.0,2024-04-22,53,simule_distributions_ademe_2023
22276,E,E,maison,1989,31.8,677.0,2024-04-22,53,simule_distributions_ademe_2023
22057,B,E,maison,1999,98.2,97.0,2024-04-22,53,simule_distributions_ademe_2023
35193,D,E,immeuble,1989,101.3,198.0,2024-04-23,53,simule_distributions_ademe_2023
35174,E,E,appartement,1966,21.5,619.0,2024-04-23,53,simule_distributions_ademe_2023
29377,F,B,maison,1954,97.2,685.0,2024-04-23,53,simule_distributions_ademe_2023
22337,D,D,appartement,1974,51.6,180.0,2024-04-24,53,simule_distributions_ademe_2023
29004,D,E,maison,1974,81.7,301.0,2024-04-24,53,simule_distributions_ademe_2023
35104,F,D,maison,1938,72.5,676.0,2024-04-24,53,simule_distributions_ademe_2023
22230,F,F,maison,1963,96.6,695.0,2024-04-24,53,simule_distributions_ademe_2023
56260,D,E,maison,1978,68.7,290.0,2024-04-25,53,simule_distributions_ademe_2023
56001,B,E,appartement,2011,77.1,142.0,2024-04-25,53,simule_distributions_ademe_2023
56188,E,C,maison,1968,74.0,406.0,2024-04-25,53,simule_distributions_ademe_2023
22160,F,C,maison,1925,30.6,395.0,2024-04-25,53,simule_distributions_ademe_2023
35118,E,C,appartement,1986,73.4,342.0,2024-04-26,53,simule_distributions_ademe_2023
35390,G,E,appartement,1923,44.4,696.0,2024-04-26,53,simule_distributions_ademe_2023
22368,F,D,appartement,1957,42.6,587.0,2024-04-26,53,simule_distributions_ademe_2023
29362,E,F,maison,1977,68.5,382.0,2024-04-26,53,simule_distributions_ademe_2023
56120,D,G,appartement,1978,93.9,160.0,2024-04-27,53,simule_distributions_ademe_2023
22298,E,E,appartement,1987,96.3,367.0,2024-04-27,53,simule_distributions_ademe_2023
56167,F,F,maison,1966,98.1,656.0,2024-04-27,53,simule_distributions_ademe_2023
22321,D,E,appartement,1983,142.4,324.0,2024-04-27,53,simule_distributions_ademe_2023
29086,A,D,appartement,1993,131.5,79.0,2024-04-28,53,simule_distributions_ademe_2023
35053,G,D,appartement,1939,159.8,414.0,2024-04-28,53,simule_distributions_ademe_2023
35355,D,E,maison,1987,53.5,253.0,2024-04-28,53,simule_distributions_ademe_2023
56014,B,D,appartement,2001,36.2,141.0,2024-04-28,53,simule_distributions_ademe_2023
29304,F,E,appartement,1954,51.4,454.0,2024-04-29,53,simule_distributions_ademe_2023
29379,A,F,maison,1985,38.4,60.0,2024-04-29,53,simule_distributions_ademe_2023
35356,C,G,appartement,2005,64.7,289.0,2024-04-29,53,simule_distributions_ademe_2023
29264,B,D,appartement,2009,47.7,53.0,2024-04-29,53,simule_distributions_ademe_2023
22062,C,D,maison,2014,78.5,301.0,2024-04-30,53,simule_distributions_ademe_2023
22202,G,D,maison,1954,110.8,364.0,2024-04-30,53,simule_distributions_ademe_2023
35124,A,D,appartement,2011,34.3,108.0,2024-04-30,53,simule_distributions_ademe_2023
22376,E,D,maison,1974,194.4,471.0,2024-04-30,53,simule_distributions_ademe_2023
56320,D,F,maison,1989,34.0,325.0,2024-05-01,53,simule_distributions_ademe_2023
29328,C,G,appartement,2009,148.9,294.0,2024-05-01,53,simule_distributions_ademe_2023
29387,F,D,maison,1923,55.0,344.0,2024-05-01,53,simule_distributions_ademe_2023
56099,C,E,appartement,1985,31.2,221.0,2024-05-01,53,simule_distributions_ademe_2023
56099,D,E,maison,1973,42.3,170.0,2024-05-02,53,simule_distributions_ademe_2023
29044,C,E,maison,1992,46.1,287.0,2024-05-02,53,simule_distributions_ademe_2023
29296,D,F,appartement,1976,55.1,254.0,2024-05-02,53,simule_distributions_ademe_2023
22011,D,D,appartement,1984,75.5,174.0,2024-05-02,53,simule_distributions_ademe_2023
35174,E,D,appartement,1985,39.5,483.0,2024-05-03,53,simule_distributions_ademe_2023
29368,B,G,appartement,2006,39.8,142.0,2024-05-03,53,simule_distributions_ademe_2023
56227,E,G,maison,1979,25.5,585.0,2024-05-03,53,simule_distributions_ademe_2023
35294,E,E,appartement,1970,61.2,664.0,2024-05-03,53,simule_distributions_ademe_2023
35040,G,D,appartement,1944,63.6,554.0,2024-05-04,53,simule_distributions_ademe_2023
29167,E,B,appartement,1971,69.8,455.0,2024-05-04,53,simule_distributions_ademe_2023
29131,G,E,maison,1922,97.3,636.0,2024-05-04,53,simule_distributions_ademe_2023
29101,E,B,appartement,1973,85.6,569.0,2024-05-05,53,simule_distributions_ademe_2023
56393,E,F,immeuble,1986,101.7,445.0,2024-05-05,53,simule_distributions_ademe_2023
22009,D,E,appartement,1984,61.1,188.0,2024-05-05,53,simule_distributions_ademe_2023
29041,D,E,maison,1970,46.1,228.0,2024-05-05,53,simule_distributions_ademe_2023
35214,E,E,maison,1973,74.7,508.0,2024-05-06,53,simule_distributions_ademe_2023
29298,B,C,appartement,1992,102.4,98.0,2024-05-06,53,simule_distributions_ademe_2023
56081,G,C,maison,1920,100.8,431.0,2024-05-06,53,simule_distributions_ademe_2023
22017,E,B,appartement,1968,122.1,491.0,2024-05-06,53,simule_distributions_ademe_2023
35001,D,G,immeuble,1981,37.1,234.0,2024-05-07,53,simule_distributions_ademe_2023
35155,C,F,maison,1995,47.6,300.0,2024-05-07,53,simule_distributions_ademe_2023
29065,C,G,appartement,2018,66.7,225.0,2024-05-07,53,simule_distributions_ademe_2023
35127,D,E,maison,1992,117.8,245.0,2024-05-07,53,simule_distributions_ademe_2023
35108,E,G,immeuble,1970,38.6,517.0,2024-05-08,53,simule_distributions_ademe_2023
22125,C,F,maison,2000,92.1,186.0,2024-05-08,53,simule_distributions_ademe_2023
22167,G,D,immeuble,1942,30.8,430.0,2024-05-08,53,simule_distributions_ademe_2023
56175,F,C,maison,1950,69.8,434.0,2024-05-08,53,simule_distributions_ademe_2023
56378,D,F,appartement,1973,95.3,225.0,2024-05-09,53,simule_distributions_ademe_2023
22236,F,G,maison,1942,55.7,354.0,2024-05-09,53,simule_distributions_ademe_2023
35071,F,E,appartement,1966,62.2,539.0,2024-05-09,53,simule_distributions_ademe_2023
56016,D,D,maison,1983,114.8,306.0,2024-05-09,53,simule_distributions_ademe_2023
29262,D,G,appartement,1990,34.4,156.0,2024-05-10,53,simule_distributions_ademe_2023
35344,B,E,maison,1985,78.0,146.0,2024-05-10,53,simule_distributions_ademe_2023
22155,D,F,maison,1989,72.5,189.0,2024-05-10,53,simule_distributions_ademe_2023
22076,F,F,appartement,1926,28.5,585.0,2024-05-10,53,simule_distributions_ademe_2023
56153,D,F,maison,1965,78.7,166.0,2024-05-11,53,simule_distributions_ademe_2023
35346,D,C,appartement,1994,111.9,181.0,2024-05-11,53,simule_distributions_ademe_2023
29152,D,E,appartement,1983,68.3,178.0,2024-05-11,53,simule_distributions_ademe_2023
22298,F,F,maison,1956,75.8,448.0,2024-05-11,53,simule_distributions_ademe_2023
35285,B,G,maison,1989,81.2,84.0,2024-05-12,53,simule_distributions_ademe_2023
29101,D,F,maison,1966,58.1,290.0,2024-05-12,53,simule_distributions_ademe_2023
22274,C,E,immeuble,2012,32.0,263.0,2024-05-12,53,simule_distributions_ademe_2023
56360,G,F,appartement,1921,36.0,425.0,2024-05-12,53,simule_distributions_ademe_2023
56048,G,D,appartement,1931,59.0,353.0,2024-05-13,53,simule_distributions_ademe_2023
29057,G,E,appartement,1966,107.1,649.0,2024-05-13,53,simule_distributions_ademe_2023
29317,E,B,maison,1988,76.1,388.0,2024-05-13,53,simule_distributions_ademe_2023
29264,F,E,appartement,1969,41.2,477.0,2024-05-13,53,simule_distributions_ademe_2023
22174,D,G,appartement,1991,59.2,294.0,2024-05-14,53,simule_distributions_ademe_2023
35208,G,D,appartement,1936,110.3,498.0,2024-05-14,53,simule_distributions_ademe_2023
29075,D,F,maison,1985,129.1,313.0,2024-05-14,53,simule_distributions_ademe_2023
35163,F,E,maison,1936,54.4,668.0,2024-05-14,53,simule_distributions_ademe_2023
29088,E,E,maison,1988,67.6,408.0,2024-05-15,53,simule_distributions_ademe_2023
29282,C,D,appartement,2002,87.3,180.0,2024-05-15,53,simule_distributions_ademe_2023
29244,E,E,appartement,1976,103.0,479.0,2024-05-15,53,simule_distributions_ademe_2023
22084,A,C,maison,2010,55.0,93.0,2024-05-16,53,simule_distributions_ademe_2023
22303,D,E,maison,1978,46.1,244.0,2024-05-16,53,simule_distributions_ademe_2023
22385,F,D,maison,1928,95.1,547.0,2024-05-16,53,simule_distributions_ademe_2023
29205,E,F,immeuble,1984,151.6,616.0,2024-05-16,53,simule_distributions_ademe_2023
35279,B,G,maison,2006,23.6,118.0,2024-05-17,53,simule_distributions_ademe_2023
22054,F,G,appartement,1946,71.0,477.0,2024-05-17,53,simule_distributions_ademe_2023
29092,B,E,maison,1993,47.8,142.0,2024-05-17,53,simule_distributions_ademe_2023
22245,F,G,appartement,1934,36.2,338.0,2024-05-17,53,simule_distributions_ademe_2023
35335,E,F,maison,1967,32.2,388.0,2024-05-18,53,simule_distributions_ademe_2023
35041,D,C,appartement,1974,70.8,213.0,2024-05-18,53,simule_distributions_ademe_2023
35353,F,C,appartement,1958,44.2,647.0,2024-05-18,53,simule_distributions_ademe_2023
35355,E,G,maison,1989,89.9,688.0,2024-05-18,53,simule_distributions_ademe_2023
56007,E,D,appartement,1990,69.9,526.0,2024-05-19,53,simule_distributions_ademe_2023
29038,D,E,appartement,1978,55.8,318.0,2024-05-19,53,simule_distributions_ademe_2023
22273,F,E,maison,1939,97.0,657.0,2024-05-19,53,simule_distributions_ademe_2023
29101,B,F,appartement,1992,178.1,118.0,2024-05-19,53,simule_distributions_ademe_2023
56222,E,E,immeuble,1986,188.9,556.0,2024-05-20,53,simule_distributions_ademe_2023
56347,G,C,maison,1953,174.2,431.0,2024-05-20,53,simule_distributions_ademe_2023
35248,C,E,immeuble,2010,43.3,297.0,2024-05-20,53,simule_distributions_ademe_2023
29084,A,C,appartement,1986,58.1,74.0,2024-05-20,53,simule_distributions_ademe_2023
29181,D,C,appartement,1992,74.8,301.0,2024-05-21,53,simule_distributions_ademe_2023
22322,A,B,maison,2011,56.4,111.0,2024-05-21,53,simule_distributions_ademe_2023
29219,E,E,appartement,1966,68.7,655.0,2024-05-21,53,simule_distributions_ademe_2023
35161,E,F,maison,1987,88.8,405.0,2024-05-21,53,simule_distributions_ademe_2023
22039,C,E,appartement,2012,43.7,197.0,2024-05-22,53,simule_distributions_ademe_2023
22138,D,G,appartement,1994,43.0,168.0,2024-05-22,53,simule_distributions_ademe_2023
56200,F,F,maison,1962,117.0,355.0,2024-05-22,53,simule_distributions_ademe_2023
22291,E,F,appartement,1977,67.6,477.0,2024-05-22,53,simule_distributions_ademe_2023
29134,G,D,maison,1933,33.2,511.0,2024-05-23,53,simule_distributions_ademe_2023
29296,A,E,maison,2008,64.5,100.0,2024-05-23,53,simule_distributions_ademe_2023
22280,E,D,maison,1965,293.0,510.0,2024-05-23,53,simule_distributions_ademe_2023
35080,F,F,appartement,1955,60.7,384.0,2024-05-23,53,simule_distributions_ademe_2023
35032,F,C,maison,1947,64.6,515.0,2024-05-24,53,simule_distributions_ademe_2023
22368,G,C,maison,1947,18.0,679.0,2024-05-24,53,simule_distributions_ademe_2023
35081,D,F,maison,1976,52.2,183.0,2024-05-24,53,simule_distributions_ademe_2023
35306,D,C,immeuble,1984,34.1,320.0,2024-05-24,53,simule_distributions_ademe_2023
35310,E,D,maison,1965,163.2,551.0,2024-05-25,53,simule_distributions_ademe_2023
22016,D,E,appartement,1994,85.5,176.0,2024-05-25,53,simule_distributions_ademe_2023
56084,F,B,appartement,1947,90.7,694.0,2024-05-25,53,simule_distributions_ademe_2023
22117,C,F,appartement,2014,82.6,272.0,2024-05-25,53,simule_distributions_ademe_2023
56141,C,E,appartement,2018,116.4,326.0,2024-05-26,53,simule_distributions_ademe_2023
35323,F,B,appartement,1932,44.8,405.0,2024-05-26,53,simule_distributions_ademe_2023
29198,D,F,appartement,1990,26.2,329.0,2024-05-26,53,simule_distributions_ademe_2023
56381,D,F,maison,1977,53.5,152.0,2024-05-27,53,simule_distributions_ademe_2023
35029,F,F,appartement,1924,37.0,456.0,2024-05-27,53,simule_distributions_ademe_2023
35289,D,B,maison,1977,55.2,223.0,2024-05-27,53,simule_distributions_ademe_2023
29038,E,F,maison,1979,65.6,635.0,2024-05-27,53,simule_distributions_ademe_2023
35126,E,F,maison,1987,55.7,523.0,2024-05-28,53,simule_distributions_ademe_2023
29054,E,A,appartement,1983,55.9,592.0,2024-05-28,53,simule_distributions_ademe_2023
35281,D,D,immeuble,1966,40.5,249.0,2024-05-28,53,simule_distributions_ademe_2023
29187,E,G,maison,1975,107.8,520.0,2024-05-28,53,simule_distributions_ademe_2023
56229,F,C,appartement,1969,108.9,534.0,2024-05-29,53,simule_distributions_ademe_2023
35110,E,D,appartement,1973,64.2,355.0,2024-05-29,53,simule_distributions_ademe_2023
56168,D,A,maison,1985,100.1,327.0,2024-05-29,53,simule_distributions_ademe_2023
56296,E,C,immeuble,1969,72.0,447.0,2024-05-29,53,simule_distributions_ademe_2023
56221,B,B,appartement,2002,39.7,86.0,2024-05-30,53,simule_distributions_ademe_2023
29065,D,F,immeuble,1967,100.0,272.0,2024-05-30,53,simule_distributions_ademe_2023
35071,D,F,appartement,1987,44.3,284.0,2024-05-30,53,simule_distributions_ademe_2023
56158,G,C,maison,1947,83.1,557.0,2024-05-30,53,simule_distributions_ademe_2023
56306,D,G,maison,1978,97.9,216.0,2024-05-31,53,simule_distributions_ademe_2023
35125,F,G,appartement,1945,60.9,571.0,2024-05-31,53,simule_distributions_ademe_2023
35070,E,F,appartement,1966,30.5,593.0,2024-05-31,53,simule_distributions_ademe_2023
35215,F,C,appartement,1930,46.0,613.0,2024-05-31,53,simule_distributions_ademe_2023
56221,D,G,appartement,1994,59.6,163.0,2024-06-01,53,simule_distributions_ademe_2023
35381,E,D,maison,1975,91.6,628.0,2024-06-01,53,simule_distributions_ademe_2023
29300,E,G,maison,1967,92.0,374.0,2024-06-01,53,simule_distributions_ademe_2023
56186,F,C,appartement,1957,52.0,451.0,2024-06-01,53,simule_distributions_ademe_2023
56246,E,D,maison,1987,87.1,497.0,2024-06-02,53,simule_distributions_ademe_2023
22180,D,C,appartement,1973,77.6,235.0,2024-06-02,53,simule_distributions_ademe_2023
56064,A,F,maison,2009,46.3,78.0,2024-06-02,53,simule_distributions_ademe_2023
35254,D,C,appartement,1979,40.3,199.0,2024-06-02,53,simule_distributions_ademe_2023
29249,B,D,maison,2003,87.4,134.0,2024-06-03,53,simule_distributions_ademe_2023
35262,D,A,maison,1994,47.2,300.0,2024-06-03,53,simule_distributions_ademe_2023
22087,E,E,appartement,1976,106.3,651.0,2024-06-03,53,simule_distributions_ademe_2023
56001,F,B,appartement,1953,91.9,405.0,2024-06-03,53,simule_distributions_ademe_2023
22073,B,E,appartement,2019,39.0,127.0,2024-06-04,53,simule_distributions_ademe_2023
22141,G,G,maison,1967,82.4,599.0,2024-06-04,53,simule_distributions_ademe_2023
56342,E,D,appartement,1967,95.3,514.0,2024-06-04,53,simule_distributions_ademe_2023
22013,B,D,appartement,2000,50.2,115.0,2024-06-04,53,simule_distributions_ademe_2023
29114,B,D,immeuble,2019,136.6,117.0,2024-06-05,53,simule_distributions_ademe_2023
29133,G,F,maison,1948,32.9,634.0,2024-06-05,53,simule_distributions_ademe_2023
56274,D,D,appartement,1969,67.7,255.0,2024-06-05,53,simule_distributions_ademe_2023
29273,B,F,maison,1996,79.2,95.0,2024-06-05,53,simule_distributions_ademe_2023
29393,E,E,maison,1968,52.6,489.0,2024-06-06,53,simule_distributions_ademe_2023
29044,D,G,maison,1984,70.3,256.0,2024-06-06,53,simule_distributions_ademe_2023
56373,D,D,appartement,1973,73.0,274.0,2024-06-06,53,simule_distributions_ademe_2023
35180,E,G,maison,1994,49.9,631.0,2024-06-07,53,simule_distributions_ademe_2023
22039,F,E,appartement,1962,23.0,669.0,2024-06-07,53,simule_distributions_ademe_2023
22300,G,E,maison,1960,57.2,453.0,2024-06-07,53,simule_distributions_ademe_2023
35308,E,A,maison,1973,60.6,345.0,2024-06-07,53,simule_distributions_ademe_2023
56056,E,D,appartement,1981,46.1,418.0,2024-06-08,53,simule_distributions_ademe_2023
56261,C,D,appartement,1985,54.7,283.0,2024-06-08,53,simule_distributions_ademe_2023
35339,D,D,appartement,1975,68.5,317.0,2024-06-08,53,simule_distributions_ademe_2023
22246,G,D,maison,1938,89.6,567.0,2024-06-08,53,simule_distributions_ademe_2023
56327,F,E,appartement,1920,85.8,377.0,2024-06-09,53,simule_distributions_ademe_2023
29360,C,D,appartement,2005,46.8,292.0,2024-06-09,53,simule_distributions_ademe_2023
56001,E,F,appartement,1971,28.0,633.0,2024-06-09,53,simule_distributions_ademe_2023
35170,E,C,maison,1967,48.3,615.0,2024-06-09,53,simule_distributions_ademe_2023
35137,D,G,appartement,1967,92.6,229.0,2024-06-10,53,simule_distributions_ademe_2023
29224,G,A,maison,1973,81.3,539.0,2024-06-10,53,simule_distributions_ademe_2023
56208,E,F,maison,1965,89.7,413.0,2024-06-10,53,simule_distributions_ademe_2023
56336,F,F,maison,1967,66.5,593.0,2024-06-10,53,simule_distributions_ademe_2023
29024,B,E,appartement,2009,137.0,89.0,2024-06-11,53,simule_distributions_ademe_2023
56019,D,E,appartement,1994,94.1,253.0,2024-06-11,53,simule_distributions_ademe_2023
35361,E,C,maison,1966,91.8,617.0,2024-06-11,53,simule_distributions_ademe_2023
35179,G,E,appartement,1970,166.1,334.0,2024-06-11,53,simule_distributions_ademe_2023
22205,F,E,appartement,1965,291.5,347.0,2024-06-12,53,simule_distributions_ademe_2023
29184,E,F,appartement,1981,62.1,471.0,2024-06-12,53,simule_distributions_ademe_2023
22324,E,E,maison,1966,82.5,511.0,2024-06-12,53,simule_distributions_ademe_2023
29338,F,E,appartement,1965,59.7,404.0,2024-06-12,53,simule_distributions_ademe_2023
22058,F,C,maison,1934,73.8,541.0,2024-06-13,53,simule_distributions_ademe_2023
56196,G,A,maison,1947,95.2,607.0,2024-06-13,53,simule_distributions_ademe_2023
22205,C,F,appartement,2019,42.2,239.0,2024-06-13,53,simule_distributions_ademe_2023
35350,D,F,maison,1970,55.8,272.0,2024-06-13,53,simule_distributions_ademe_2023
29188,F,D,appartement,1928,38.8,532.0,2024-06-14,53,simule_distributions_ademe_2023
22240,E,A,appartement,1968,107.8,616.0,2024-06-14,53,simule_distributions_ademe_2023
29052,C,F,appartement,2018,33.4,307.0,2024-06-14,53,simule_distributions_ademe_2023
22028,E,E,maison,1994,100.9,448.0,2024-06-14,53,simule_distributions_ademe_2023
29213,F,D,appartement,1967,77.6,682.0,2024-06-15,53,simule_distributions_ademe_2023
29036,D,C,maison,1971,91.6,154.0,2024-06-15,53,simule_distributions_ademe_2023
35229,F,D,appartement,1965,39.1,550.0,2024-06-15,53,simule_distributions_ademe_2023
35154,B,F,appartement,2012,69.4,119.0,2024-06-15,53,simule_distributions_ademe_2023
29245,D,C,maison,1978,122.6,208.0,2024-06-16,53,simule_distributions_ademe_2023
22150,D,G,appartement,1967,51.3,218.0,2024-06-16,53,simule_distributions_ademe_2023
56097,E,E,appartement,1986,26.1,445.0,2024-06-16,53,simule_distributions_ademe_2023
29301,D,D,appartement,1994,35.4,282.0,2024-06-16,53,simule_distributions_ademe_2023
35201,B,E,appartement,2007,56.2,51.0,2024-06-17,53,simule_distributions_ademe_2023
29024,E,E,immeuble,1973,36.3,462.0,2024-06-17,53,simule_distributions_ademe_2023
29154,B,F,appartement,2002,51.6,58.0,2024-06-17,53,simule_distributions_ademe_2023
56055,F,E,appartement,1944,28.4,544.0,2024-06-18,53,simule_distributions_ademe_2023
35260,B,D,appartement,2007,47.6,100.0,2024-06-18,53,simule_distributions_ademe_2023
29120,D,E,appartement,1994,64.5,200.0,2024-06-18,53,simule_distributions_ademe_2023
56009,C,D,appartement,1991,139.7,155.0,2024-06-18,53,simule_distributions_ademe_2023
56115,D,G,maison,1975,87.8,302.0,2024-06-19,53,simule_distributions_ademe_2023
22177,F,G,appartement,1936,27.5,535.0,2024-06-19,53,simule_distributions_ademe_2023
35004,D,D,maison,1985,49.3,158.0,2024-06-19,53,simule_distributions_ademe_2023
56036,B,D,maison,2001,30.4,114.0,2024-06-19,53,simule_distributions_ademe_2023
56019,F,B,maison,1954,103.7,554.0,2024-06-20,53,simule_distributions_ademe_2023
35306,E,F,maison,1992,112.6,425.0,2024-06-20,53,simule_distributions_ademe_2023
35110,E,C,maison,1992,138.7,426.0,2024-06-20,53,simule_distributions_ademe_2023
56240,G,C,appartement,1934,115.6,494.0,2024-06-20,53,simule_distributions_ademe_2023
35320,E,C,maison,1984,109.6,481.0,2024-06-21,53,simule_distributions_ademe_2023
35305,D,D,immeuble,1973,68.0,208.0,2024-06-21,53,simule_distributions_ademe_2023
29210,G,E,maison,1947,18.0,573.0,2024-06-21,53,simule_distributions_ademe_2023
35119,D,F,maison,1985,241.0,312.0,2024-06-21,53,simule_distributions_ademe_2023
35150,D,G,appartement,1974,55.2,157.0,2024-06-22,53,simule_distributions_ademe_2023
56007,A,E,maison,1998,45.9,86.0,2024-06-22,53,simule_distributions_ademe_2023
29325,D,F,maison,1977,38.1,300.0,2024-06-22,53,simule_distributions_ademe_2023
22233,A,E,appartement,1985,60.6,77.0,2024-06-22,53,simule_distributions_ademe_2023
22326,C,G,maison,1994,28.9,300.0,2024-06-23,53,simule_distributions_ademe_2023
56357,C,G,maison,2018,89.6,310.0,2024-06-23,53,simule_distributions_ademe_2023
56036,F,E,maison,1947,146.4,570.0,2024-06-23,53,simule_distributions_ademe_2023
22051,B,C,appartement,2009,47.9,108.0,2024-06-23,53,simule_distributions_ademe_2023
35308,E,D,maison,1974,30.5,444.0,2024-06-24,53,simule_distributions_ademe_2023
35360,E,C,maison,1974,152.0,492.0,2024-06-24,53,simule_distributions_ademe_2023
35102,F,G,maison,1964,45.6,686.0,2024-06-24,53,simule_distributions_ademe_2023
29014,E,G,maison,1979,38.0,526.0,2024-06-24,53,simule_distributions_ademe_2023
22140,F,E,appartement,1956,78.6,335.0,2024-06-25,53,simule_distributions_ademe_2023
35223,D,F,appartement,1980,47.3,173.0,2024-06-25,53,simule_distributions_ademe_2023
29005,E,C,appartement,1967,81.5,607.0,2024-06-25,53,simule_distributions_ademe_2023
22208,E,D,maison,1974,128.0,614.0,2024-06-25,53,simule_distributions_ademe_2023
22172,E,G,appartement,1985,93.4,382.0,2024-06-26,53,simule_distributions_ademe_2023
35102,D,F,appartement,1970,230.2,218.0,2024-06-26,53,simule_distributions_ademe_2023
56292,C,F,maison,2017,87.5,173.0,2024-06-26,53,simule_distributions_ademe_2023
35214,F,G,maison,1950,59.1,532.0,2024-06-26,53,simule_distributions_ademe_2023
22354,C,D,appartement,2006,100.4,220.0,2024-06-27,53,simule_distributions_ademe_2023
35088,E,E,appartement,1993,25.1,497.0,2024-06-27,53,simule_distributions_ademe_2023
56041,D,F,appartement,1987,42.1,312.0,2024-06-27,53,simule_distributions_ademe_2023
29245,C,B,maison,2000,58.7,282.0,2024-06-27,53,simule_distributions_ademe_2023
35197,F,F,maison,1932,55.9,439.0,2024-06-28,53,simule_distributions_ademe_2023
56351,D,D,maison,1975,84.5,256.0,2024-06-28,53,simule_distributions_ademe_2023
35020,D,D,maison,1976,34.7,229.0,2024-06-28,53,simule_distributions_ademe_2023
29131,C,C,immeuble,2015,90.9,283.0,2024-06-29,53,simule_distributions_ademe_2023
56334,F,E,appartement,1930,126.8,643.0,2024-06-29,53,simule_distributions_ademe_2023
35294,E,E,appartement,1979,42.3,514.0,2024-06-29,53,simule_distributions_ademe_2023
22218,D,D,appartement,1983,240.0,217.0,2024-06-29,53,simule_distributions_ademe_2023
22353,E,E,appartement,1983,106.2,496.0,2024-06-30,53,simule_distributions_ademe_2023
22284,C,D,appartement,1999,34.0,200.0,2024-06-30,53,simule_distributions_ademe_2023
56129,E,D,maison,1985,156.7,510.0,2024-06-30,53,simule_distributions_ademe_2023
29140,D,C,maison,1993,37.8,220.0,2024-06-30,53,simule_distributions_ademe_2023
56253,A,C,appartement,1992,67.9,78.0,2024-07-01,53,simule_distributions_ademe_2023
29236,B,D,appartement,1998,48.3,133.0,2024-07-01,53,simule_distributions_ademe_2023
22381,C,E,appartement,2007,60.8,237.0,2024-07-01,53,simule_distributions_ademe_2023
22145,D,D,maison,1986,67.5,220.0,2024-07-01,53,simule_distributions_ademe_2023
22089,G,F,appartement,1945,151.8,591.0,2024-07-02,53,simule_distributions_ademe_2023
22378,E,F,maison,1977,95.2,532.0,2024-07-02,53,simule_distributions_ademe_2023
29288,B,F,appartement,1990,40.3,83.0,2024-07-02,53,simule_distributions_ademe_2023
35097,F,F,maison,1953,129.2,666.0,2024-07-02,53,simule_distributions_ademe_2023
22043,F,B,maison,1948,92.0,628.0,2024-07-03,53,simule_distributions_ademe_2023
22283,A,E,maison,2013,142.0,67.0,2024-07-03,53,simule_distributions_ademe_2023
35356,F,D,maison,1952,39.0,591.0,2024-07-03,53,simule_distributions_ademe_2023
35102,E,G,maison,1989,130.7,486.0,2024-07-03,53,simule_distributions_ademe_2023
22041,D,D,maison,1975,79.9,326.0,2024-07-04,53,simule_distributions_ademe_2023
56136,D,E,immeuble,1977,134.0,218.0,2024-07-04,53,simule_distributions_ademe_2023
29130,D,E,maison,1972,204.5,230.0,2024-07-04,53,simule_distributions_ademe_2023
35217,G,F,appartement,1951,29.1,440.0,2024-07-04,53,simule_distributions_ademe_2023
35200,D,E,maison,1990,55.7,238.0,2024-07-05,53,simule_distributions_ademe_2023
56366,D,C,maison,1969,37.8,269.0,2024-07-05,53,simule_distributions_ademe_2023
22120,D,E,maison,1968,57.0,197.0,2024-07-05,53,simule_distributions_ademe_2023
56248,E,C,appartement,1973,25.7,390.0,2024-07-05,53,simule_distributions_ademe_2023
22114,F,D,maison,1923,53.9,549.0,2024-07-06,53,simule_distributions_ademe_2023
56343,D,B,maison,1974,54.7,256.0,2024-07-06,53,simule_distributions_ademe_2023
29333,F,A,maison,1962,106.5,482.0,2024-07-06,53,simule_distributions_ademe_2023
29079,B,E,appartement,2007,76.9,126.0,2024-07-06,53,simule_distributions_ademe_2023
56063,D,E,maison,1974,49.7,239.0,2024-07-07,53,simule_distributions_ademe_2023
22332,E,D,maison,1979,44.1,525.0,2024-07-07,53,simule_distributions_ademe_2023
29209,B,F,appartement,1987,56.4,81.0,2024-07-07,53,simule_distributions_ademe_2023
29222,E,A,maison,1993,53.5,339.0,2024-07-07,53,simule_distributions_ademe_2023
56243,E,C,appartement,1993,38.9,562.0,2024-07-08,53,simule_distributions_ademe_2023
29156,E,E,maison,1965,24.1,415.0,2024-07-08,53,simule_distributions_ademe_2023
56174,D,A,appartement,1979,83.3,180.0,2024-07-08,53,simule_distributions_ademe_2023
56059,F,D,immeuble,1928,46.1,550.0,2024-07-08,53,simule_distributions_ademe_2023
56370,F,E,maison,1943,88.4,378.0,2024-07-09,53,simule_distributions_ademe_2023
35215,G,E,appartement,1949,61.6,422.0,2024-07-09,53,simule_distributions_ademe_2023
35093,F,C,appartement,1961,51.1,561.0,2024-07-09,53,simule_distributions_ademe_2023
22012,D,C,appartement,1984,89.9,263.0,2024-07-10,53,simule_distributions_ademe_2023
56026,D,D,immeuble,1968,56.6,253.0,2024-07-10,53,simule_distributions_ademe_2023
29303,C,E,maison,2004,62.1,199.0,2024-07-10,53,simule_distributions_ademe_2023
35122,B,E,maison,2003,75.1,124.0,2024-07-10,53,simule_distributions_ademe_2023
29219,A,C,appartement,2006,49.5,104.0,2024-07-11,53,simule_distributions_ademe_2023
29181,D,B,maison,1991,60.7,179.0,2024-07-11,53,simule_distributions_ademe_2023
35153,G,G,maison,1963,69.1,631.0,2024-07-11,53,simule_distributions_ademe_2023
29116,C,F,maison,1996,38.3,217.0,2024-07-11,53,simule_distributions_ademe_2023
29229,A,F,immeuble,1995,71.8,85.0,2024-07-12,53,simule_distributions_ademe_2023
22095,D,C,maison,1983,239.8,226.0,2024-07-12,53,simule_distributions_ademe_2023
22108,E,B,maison,1983,42.2,570.0,2024-07-12,53,simule_distributions_ademe_2023
29130,F,D,appartement,1923,67.1,478.0,2024-07-12,53,simule_distributions_ademe_2023
29041,E,F,appartement,1969,80.6,535.0,2024-07-13,53,simule_distributions_ademe_2023
56083,D,D,appartement,1970,24.6,271.0,2024-07-13,53,simule_distributions_ademe_2023
22340,E,D,maison,1991,67.3,375.0,2024-07-13,53,simule_distributions_ademe_2023
35077,C,C,appartement,1994,49.5,289.0,2024-07-13,53,simule_distributions_ademe_2023
56026,G,F,appartement,1937,79.4,643.0,2024-07-14,53,simule_distributions_ademe_2023
29157,E,E,maison,1992,175.5,569.0,2024-07-14,53,simule_distributions_ademe_2023
56243,E,E,immeuble,1994,88.1,595.0,2024-07-14,53,simule_distributions_ademe_2023
22353,F,F,maison,1962,146.9,566.0,2024-07-14,53,simule_distributions_ademe_2023
56373,F,G,appartement,1968,130.4,638.0,2024-07-15,53,simule_distributions_ademe_2023
29046,F,E,maison,1923,48.9,407.0,2024-07-15,53,simule_distributions_ademe_2023
22042,D,E,maison,1989,147.6,310.0,2024-07-15,53,simule_distributions_ademe_2023
29276,E,D,maison,1994,49.2,680.0,2024-07-15,53,simule_distributions_ademe_2023
35392,E,D,appartement,1966,96.6,442.0,2024-07-16,53,simule_distributions_ademe_2023
22038,E,E,maison,1987,52.1,359.0,2024-07-16,53,simule_distributions_ademe_2023
56019,F,F,maison,1960,104.4,670.0,2024-07-16,53,simule_distributions_ademe_2023
29248,E,C,appartement,1967,39.2,677.0,2024-07-16,53,simule_distributions_ademe_2023
35046,E,E,appartement,1985,62.9,689.0,2024-07-17,53,simule_distributions_ademe_2023
35255,E,E,maison,1980,75.9,581.0,2024-07-17,53,simule_distributions_ademe_2023
35027,C,G,maison,1995,91.9,303.0,2024-07-17,53,simule_distributions_ademe_2023
29115,B,G,appartement,1997,58.4,119.0,2024-07-17,53,simule_distributions_ademe_2023
29270,C,F,maison,2006,32.4,152.0,2024-07-18,53,simule_distributions_ademe_2023
35136,F,D,maison,1939,75.5,680.0,2024-07-18,53,simule_distributions_ademe_2023
35208,D,E,maison,1976,37.8,189.0,2024-07-18,53,simule_distributions_ademe_2023
29341,D,F,maison,1975,51.8,269.0,2024-07-18,53,simule_distributions_ademe_2023
35200,A,B,appartement,2001,57.1,109.0,2024-07-19,53,simule_distributions_ademe_2023
35234,D,D,appartement,1969,59.3,199.0,2024-07-19,53,simule_distributions_ademe_2023
22369,F,G,appartement,1957,95.3,636.0,2024-07-19,53,simule_distributions_ademe_2023
22213,C,F,appartement,1993,43.2,252.0,2024-07-19,53,simule_distributions_ademe_2023
22051,D,F,maison,1970,25.5,271.0,2024-07-20,53,simule_distributions_ademe_2023
56307,D,F,maison,1978,102.3,267.0,2024-07-20,53,simule_distributions_ademe_2023
29386,G,E,maison,1947,81.2,519.0,2024-07-20,53,simule_distributions_ademe_2023
56303,E,G,maison,1978,43.4,663.0,2024-07-21,53,simule_distributions_ademe_2023
56398,D,G,appartement,1976,80.9,286.0,2024-07-21,53,simule_distributions_ademe_2023
29262,D,E,maison,1985,62.8,170.0,2024-07-21,53,simule_distributions_ademe_2023
22098,E,C,appartement,1994,155.6,389.0,2024-07-21,53,simule_distributions_ademe_2023
22124,E,D,appartement,1982,54.2,572.0,2024-07-22,53,simule_distributions_ademe_2023
29067,E,C,maison,1994,73.0,473.0,2024-07-22,53,simule_distributions_ademe_2023
29256,E,B,maison,1967,58.0,540.0,2024-07-22,53,simule_distributions_ademe_2023
56321,F,D,maison,1934,83.1,363.0,2024-07-22,53,simule_distributions_ademe_2023
35189,F,F,maison,1934,62.4,639.0,2024-07-23,53,simule_distributions_ademe_2023
29357,C,F,appartement,2000,195.4,249.0,2024-07-23,53,simule_distributions_ademe_2023
56306,C,E,appartement,2016,66.4,212.0,2024-07-23,53,simule_distributions_ademe_2023
56285,A,G,appartement,2017,70.7,141.0,2024-07-23,53,simule_distributions_ademe_2023
29321,E,D,appartement,1990,54.2,641.0,2024-07-24,53,simule_distributions_ademe_2023
35060,F,F,appartement,1958,79.5,374.0,2024-07-24,53,simule_distributions_ademe_2023
22319,A,E,appartement,2016,55.9,85.0,2024-07-24,53,simule_distributions_ademe_2023
35039,D,C,appartement,1970,80.0,311.0,2024-07-24,53,simule_distributions_ademe_2023
35145,E,F,appartement,1969,82.4,399.0,2024-07-25,53,simule_distributions_ademe_2023
56355,D,G,maison,1981,44.3,307.0,2024-07-25,53,simule_distributions_ademe_2023
56312,F,E,maison,1969,66.9,642.0,2024-07-25,53,simule_distributions_ademe_2023
35297,D,F,appartement,1977,24.4,153.0,2024-07-25,53,simule_distributions_ademe_2023
35182,C,G,appartement,2019,117.0,244.0,2024-07-26,53,simule_distributions_ademe_2023
22005,D,F,appartement,1967,168.1,203.0,2024-07-26,53,simule_distributions_ademe_2023
29035,D,D,appartement,1989,60.5,270.0,2024-07-26,53,simule_distributions_ademe_2023
22185,G,F,maison,1965,91.3,342.0,2024-07-26,53,simule_distributions_ademe_2023
56032,F,C,maison,1955,54.6,405.0,2024-07-27,53,simule_distributions_ademe_2023
56255,E,D,appartement,1992,104.9,554.0,2024-07-27,53,simule_distributions_ademe_2023
29397,E,F,appartement,1965,70.8,418.0,2024-07-27,53,simule_distributions_ademe_2023
22291,F,B,maison,1931,94.2,341.0,2024-07-27,53,simule_distributions_ademe_2023
22171,D,D,appartement,1977,46.0,170.0,2024-07-28,53,simule_distributions_ademe_2023
35215,D,E,maison,1977,52.3,222.0,2024-07-28,53,simule_distributions_ademe_2023
35008,G,A,maison,1968,38.1,630.0,2024-07-28,53,simule_distributions_ademe_2023
29385,E,E,maison,1983,58.0,653.0,2024-07-28,53,simule_distributions_ademe_2023
56021,C,E,maison,1994,37.1,251.0,2024-07-29,53,simule_distributions_ademe_2023
22226,C,D,appartement,2019,51.8,306.0,2024-07-29,53,simule_distributions_ademe_2023
29350,E,C,appartement,1983,43.9,572.0,2024-07-29,53,simule_distributions_ademe_2023
29231,D,D,appartement,1969,49.6,284.0,2024-07-29,53,simule_distributions_ademe_2023
35081,D,C,appartement,1981,125.2,263.0,2024-07-30,53,simule_distributions_ademe_2023
56255,F,C,appartement,1974,108.3,375.0,2024-07-30,53,simule_distributions_ademe_2023
35043,A,G,maison,1990,141.0,146.0,2024-07-30,53,simule_distributions_ademe_2023
22205,E,C,maison,1979,104.5,636.0,2024-07-31,53,simule_distributions_ademe_2023
22225,C,B,maison,1997,61.9,279.0,2024-07-31,53,simule_distributions_ademe_2023
29233,F,G,immeuble,1922,114.7,631.0,2024-07-31,53,simule_distributions_ademe_2023
56333,D,G,appartement,1977,92.3,158.0,2024-07-31,53,simule_distributions_ademe_2023
29223,E,G,appartement,1988,110.6,511.0,2024-08-01,53,simule_distributions_ademe_2023
35303,G,G,appartement,1963,68.4,515.0,2024-08-01,53,simule_distributions_ademe_2023
29248,E,E,maison,1994,98.0,433.0,2024-08-01,53,simule_distributions_ademe_2023
29376,G,E,appartement,1926,98.1,651.0,2024-08-01,53,simule_distributions_ademe_2023
29330,A,D,maison,1986,30.9,147.0,2024-08-02,53,simule_distributions_ademe_2023
56231,A,D,maison,2017,35.3,144.0,2024-08-02,53,simule_distributions_ademe_2023
56141,C,F,appartement,2018,23.2,268.0,2024-08-02,53,simule_distributions_ademe_2023
29125,D,G,appartement,1978,102.0,227.0,2024-08-02,53,simule_distributions_ademe_2023
35226,G,F,maison,1920,124.8,388.0,2024-08-03,53,simule_distributions_ademe_2023
35043,E,C,appartement,1974,229.5,525.0,2024-08-03,53,simule_distributions_ademe_2023
56167,B,F,maison,2015,240.1,106.0,2024-08-03,53,simule_distributions_ademe_2023
22257,E,D,maison,1984,132.7,681.0,2024-08-03,53,simule_distributions_ademe_2023
29318,F,F,appartement,1936,46.6,491.0,2024-08-04,53,simule_distributions_ademe_2023
22205,F,E,maison,1956,160.1,624.0,2024-08-04,53,simule_distributions_ademe_2023
22043,D,E,maison,1986,44.8,262.0,2024-08-04,53,simule_distributions_ademe_2023
35399,A,G,appartement,2004,62.0,148.0,2024-08-04,53,simule_distributions_ademe_2023
35131,D,F,maison,1980,47.4,199.0,2024-08-05,53,simule_distributions_ademe_2023
35315,D,B,maison,1987,129.7,304.0,2024-08-05,53,simule_distributions_ademe_2023
22172,B,C,appartement,2000,44.4,84.0,2024-08-05,53,simule_distributions_ademe_2023
56270,E,B,maison,1987,134.8,597.0,2024-08-05,53,simule_distributions_ademe_2023
56223,E,D,maison,1981,42.3,378.0,2024-08-06,53,simule_distributions_ademe_2023
56210,B,D,maison,2016,179.8,133.0,2024-08-06,53,simule_distributions_ademe_2023
22196,E,D,maison,1967,78.2,366.0,2024-08-06,53,simule_distributions_ademe_2023
29272,D,E,maison,1979,32.1,240.0,2024-08-06,53,simule_distributions_ademe_2023
35167,G,F,appartement,1954,145.6,591.0,2024-08-07,53,simule_distributions_ademe_2023
29050,E,E,maison,1978,58.0,619.0,2024-08-07,53,simule_distributions_ademe_2023
29084,G,E,appartement,1931,30.1,470.0,2024-08-07,53,simule_distributions_ademe_2023
35088,C,G,maison,1989,25.7,229.0,2024-08-07,53,simule_distributions_ademe_2023
35140,C,E,appartement,1986,83.6,157.0,2024-08-08,53,simule_distributions_ademe_2023
29020,C,E,maison,2000,73.8,290.0,2024-08-08,53,simule_distributions_ademe_2023
29251,G,C,maison,1926,54.0,542.0,2024-08-08,53,simule_distributions_ademe_2023
22374,D,F,maison,1986,51.5,199.0,2024-08-08,53,simule_distributions_ademe_2023
56153,D,D,appartement,1994,87.5,167.0,2024-08-09,53,simule_distributions_ademe_2023
35313,G,C,maison,1925,40.9,610.0,2024-08-09,53,simule_distributions_ademe_2023
35149,C,D,appartement,1989,204.8,193.0,2024-08-09,53,simule_distributions_ademe_2023
56050,F,F,maison,1934,37.6,567.0,2024-08-09,53,simule_distributions_ademe_2023
35181,D,D,appartement,1970,44.0,242.0,2024-08-10,53,simule_distributions_ademe_2023
22265,G,D,appartement,1938,49.3,569.0,2024-08-10,53,simule_distributions_ademe_2023
56028,C,C,appartement,1991,51.6,170.0,2024-08-10,53,simule_distributions_ademe_2023
29017,G,E,maison,1939,58.1,643.0,2024-08-11,53,simule_distributions_ademe_2023
35003,D,G,maison,1974,147.6,221.0,2024-08-11,53,simule_distributions_ademe_2023
29371,E,E,maison,1978,23.7,695.0,2024-08-11,53,simule_distributions_ademe_2023
56219,F,D,maison,1973,54.7,575.0,2024-08-11,53,simule_distributions_ademe_2023
22376,F,B,maison,1966,43.7,353.0,2024-08-12,53,simule_distributions_ademe_2023
22147,F,D,appartement,1951,50.8,556.0,2024-08-12,53,simule_distributions_ademe_2023
35174,E,E,maison,1991,120.5,546.0,2024-08-12,53,simule_distributions_ademe_2023
35379,G,B,appartement,1931,44.7,425.0,2024-08-12,53,simule_distributions_ademe_2023
35199,C,D,maison,1986,119.6,261.0,2024-08-13,53,simule_distributions_ademe_2023
22092,C,D,maison,1999,25.2,208.0,2024-08-13,53,simule_distributions_ademe_2023
56299,G,F,maison,1934,109.1,428.0,2024-08-13,53,simule_distributions_ademe_2023
35060,D,E,maison,1986,88.4,315.0,2024-08-13,53,simule_distributions_ademe_2023
56029,E,D,maison,1985,122.3,426.0,2024-08-14,53,simule_distributions_ademe_2023
35336,F,A,maison,1959,47.6,655.0,2024-08-14,53,simule_distributions_ademe_2023
29239,D,F,maison,1986,37.9,156.0,2024-08-14,53,simule_distributions_ademe_2023
56012,G,E,maison,1953,51.1,548.0,2024-08-14,53,simule_distributions_ademe_2023
56075,F,D,appartement,1938,112.0,562.0,2024-08-15,53,simule_distributions_ademe_2023
35087,D,F,appartement,1990,36.0,234.0,2024-08-15,53,simule_distributions_ademe_2023
22059,E,C,maison,1974,53.7,679.0,2024-08-15,53,simule_distributions_ademe_2023
29116,C,G,maison,2009,98.9,183.0,2024-08-15,53,simule_distributions_ademe_2023
29267,D,F,maison,1980,34.7,230.0,2024-08-16,53,simule_distributions_ademe_2023
35373,E,D,maison,1973,78.7,365.0,2024-08-16,53,simule_distributions_ademe_2023
29277,C,D,maison,1998,97.0,271.0,2024-08-16,53,simule_distributions_ademe_2023
29101,E,F,appartement,1994,40.9,424.0,2024-08-16,53,simule_distributions_ademe_2023
35074,D,D,appartement,1977,34.6,208.0,2024-08-17,53,simule_distributions_ademe_2023
22333,C,F,appartement,2009,92.0,218.0,2024-08-17,53,simule_distributions_ademe_2023
29280,D,B,appartement,1991,95.9,302.0,2024-08-17,53,simule_distributions_ademe_2023
22074,G,F,appartement,1947,57.0,396.0,2024-08-17,53,simule_distributions_ademe_2023
22213,G,E,appartement,1969,129.8,698.0,2024-08-18,53,simule_distributions_ademe_2023
35395,F,F,maison,1939,38.4,630.0,2024-08-18,53,simule_distributions_ademe_2023
35394,G,D,appartement,1940,50.4,604.0,2024-08-18,53,simule_distributions_ademe_2023
29320,G,G,appartement,1964,39.1,652.0,2024-08-18,53,simule_distributions_ademe_2023
56332,F,E,maison,1943,154.5,376.0,2024-08-19,53,simule_distributions_ademe_2023
29054,F,E,appartement,1967,62.7,451.0,2024-08-19,53,simule_distributions_ademe_2023
56052,D,F,maison,1966,78.8,246.0,2024-08-19,53,simule_distributions_ademe_2023
35344,D,D,maison,1990,137.9,197.0,2024-08-19,53,simule_distributions_ademe_2023
22257,E,E,maison,1969,37.0,351.0,2024-08-20,53,simule_distributions_ademe_2023
35356,G,E,immeuble,1954,46.9,544.0,2024-08-20,53,simule_distributions_ademe_2023
35149,D,E,appartement,1979,81.5,231.0,2024-08-20,53,simule_distributions_ademe_2023
56029,G,E,maison,1949,45.3,356.0,2024-08-20,53,simule_distributions_ademe_2023
56108,D,F,maison,1969,60.8,157.0,2024-08-21,53,simule_distributions_ademe_2023
35286,B,E,appartement,2002,95.2,87.0,2024-08-21,53,simule_distributions_ademe_2023
56122,D,E,maison,1968,60.8,249.0,2024-08-21,53,simule_distributions_ademe_2023
22187,D,E,appartement,1988,154.8,174.0,2024-08-22,53,simule_distributions_ademe_2023
22360,D,F,maison,1993,49.2,240.0,2024-08-22,53,simule_distributions_ademe_2023
29016,D,B,immeuble,1986,103.1,329.0,2024-08-22,53,simule_distributions_ademe_2023
35087,E,F,appartement,1978,59.1,635.0,2024-08-22,53,simule_distributions_ademe_2023
22259,E,E,appartement,1969,30.2,573.0,2024-08-23,53,simule_distributions_ademe_2023
56243,E,C,maison,1986,26.8,441.0,2024-08-23,53,simule_distributions_ademe_2023
35076,E,E,maison,1974,57.3,667.0,2024-08-23,53,simule_distributions_ademe_2023
35293,C,F,maison,2009,32.8,323.0,2024-08-23,53,simule_distributions_ademe_2023
29310,D,F,appartement,1980,85.7,263.0,2024-08-24,53,simule_distributions_ademe_2023
22257,G,E,maison,1958,46.8,459.0,2024-08-24,53,simule_distributions_ademe_2023
35279,G,F,maison,1939,95.2,643.0,2024-08-24,53,simule_distributions_ademe_2023
56324,F,D,maison,1928,70.2,662.0,2024-08-24,53,simule_distributions_ademe_2023
22296,D,G,maison,1981,45.8,321.0,2024-08-25,53,simule_distributions_ademe_2023
56390,E,F,maison,1980,63.9,426.0,2024-08-25,53,simule_distributions_ademe_2023
29009,C,F,appartement,2007,56.4,178.0,2024-08-25,53,simule_distributions_ademe_2023
56077,C,D,maison,2007,95.5,276.0,2024-08-25,53,simule_distributions_ademe_2023
29194,F,D,maison,1937,84.9,396.0,2024-08-26,53,simule_distributions_ademe_2023
22319,B,D,appartement,2003,77.5,68.0,2024-08-26,53,simule_distributions_ademe_2023
22346,B,D,maison,1996,78.4,58.0,2024-08-26,53,simule_distributions_ademe_2023
22134,F,E,appartement,1921,86.2,610.0,2024-08-26,53,simule_distributions_ademe_2023
29294,E,E,appartement,1967,65.2,695.0,2024-08-27,53,simule_distributions_ademe_2023
22122,G,D,immeuble,1964,50.9,609.0,2024-08-27,53,simule_distributions_ademe_2023
22200,F,D,maison,1933,56.4,363.0,2024-08-27,53,simule_distributions_ademe_2023
35289,F,D,appartement,1971,55.1,598.0,2024-08-27,53,simule_distributions_ademe_2023
35079,A,B,appartement,1998,46.4,67.0,2024-08-28,53,simule_distributions_ademe_2023
56141,E,G,maison,1978,72.6,368.0,2024-08-28,53,simule_distributions_ademe_2023
29079,C,G,maison,1991,50.3,291.0,2024-08-28,53,simule_distributions_ademe_2023
22396,B,G,maison,2000,76.7,114.0,2024-08-28,53,simule_distributions_ademe_2023
29166,G,D,maison,1943,43.1,413.0,2024-08-29,53,simule_distributions_ademe_2023
35302,E,F,appartement,1988,52.5,566.0,2024-08-29,53,simule_distributions_ademe_2023
22195,D,D,appartement,1965,233.7,176.0,2024-08-29,53,simule_distributions_ademe_2023
22150,D,D,appartement,1979,58.2,320.0,2024-08-29,53,simule_distributions_ademe_2023
29318,E,C,maison,1984,105.9,682.0,2024-08-30,53,simule_distributions_ademe_2023
22360,F,E,appartement,1941,136.6,634.0,2024-08-30,53,simule_distributions_ademe_2023
35279,E,F,maison,1972,91.0,516.0,2024-08-30,53,simule_distributions_ademe_2023
22041,E,D,appartement,1993,207.0,497.0,2024-08-30,53,simule_distributions_ademe_2023
56025,E,E,maison,1969,68.5,495.0,2024-08-31,53,simule_distributions_ademe_2023
35198,A,E,maison,2011,98.5,137.0,2024-08-31,53,simule_distributions_ademe_2023
29371,D,F,maison,1993,59.1,228.0,2024-08-31,53,simule_distributions_ademe_2023
29261,D,F,maison,1970,49.1,284.0,2024-08-31,53,simule_distributions_ademe_2023
35218,D,G,maison,1984,76.3,185.0,2024-09-01,53,simule_distributions_ademe_2023
35171,E,G,maison,1989,61.1,568.0,2024-09-01,53,simule_distributions_ademe_2023
56335,B,E,appartement,2019,59.2,145.0,2024-09-01,53,simule_distributions_ademe_2023
22145,C,D,appartement,2001,59.4,176.0,2024-09-02,53,simule_distributions_ademe_2023
56233,E,F,appartement,1966,80.7,569.0,2024-09-02,53,simule_distributions_ademe_2023
35049,D,D,maison,1982,63.0,226.0,2024-09-02,53,simule_distributions_ademe_2023
29326,D,G,appartement,1991,197.2,315.0,2024-09-02,53,simule_distributions_ademe_2023
35328,E,A,appartement,1988,79.2,384.0,2024-09-03,53,simule_distributions_ademe_2023
22145,E,G,maison,1990,108.7,423.0,2024-09-03,53,simule_distributions_ademe_2023
29022,E,D,appartement,1965,72.4,579.0,2024-09-03,53,simule_distributions_ademe_2023
35157,F,A,maison,1922,77.1,537.0,2024-09-03,53,simule_distributions_ademe_2023
29168,E,F,appartement,1992,86.4,581.0,2024-09-04,53,simule_distributions_ademe_2023
35254,B,D,appartement,2006,97.8,106.0,2024-09-04,53,simule_distributions_ademe_2023
22374,D,C,maison,1986,46.1,175.0,2024-09-04,53,simule_distributions_ademe_2023
22201,E,E,appartement,1965,35.4,549.0,2024-09-04,53,simule_distributions_ademe_2023
29215,E,D,appartement,1977,32.1,385.0,2024-09-05,53,simule_distributions_ademe_2023
35358,C,B,maison,1997,120.2,228.0,2024-09-05,53,simule_distributions_ademe_2023
29179,D,F,maison,1979,23.5,193.0,2024-09-05,53,simule_distributions_ademe_2023
35335,C,C,appartement,1989,34.4,276.0,2024-09-05,53,simule_distributions_ademe_2023
22227,E,D,appartement,1984,58.9,453.0,2024-09-06,53,simule_distributions_ademe_2023
56174,F,D,immeuble,1944,131.4,524.0,2024-09-06,53,simule_distributions_ademe_2023
56121,F,E,maison,1924,58.1,514.0,2024-09-06,53,simule_distributions_ademe_2023
22197,E,E,appartement,1991,40.3,607.0,2024-09-06,53,simule_distributions_ademe_2023
29290,C,E,maison,2002,112.5,311.0,2024-09-07,53,simule_distributions_ademe_2023
56015,B,F,maison,1993,71.0,67.0,2024-09-07,53,simule_distributions_ademe_2023
22070,D,F,appartement,1992,87.5,179.0,2024-09-07,53,simule_distributions_ademe_2023
56129,C,G,maison,2016,110.2,324.0,2024-09-07,53,simule_distributions_ademe_2023
29077,G,D,appartement,1928,31.2,633.0,2024-09-08,53,simule_distributions_ademe_2023
22353,F,C,immeuble,1960,120.2,591.0,2024-09-08,53,simule_distributions_ademe_2023
29353,E,E,appartement,1972,160.5,599.0,2024-09-08,53,simule_distributions_ademe_2023
35047,G,F,maison,1957,78.0,576.0,2024-09-08,53,simule_distributions_ademe_2023
22113,E,E,appartement,1982,258.0,492.0,2024-09-09,53,simule_distributions_ademe_2023
22308,D,D,appartement,1969,60.4,204.0,2024-09-09,53,simule_distributions_ademe_2023
29268,D,E,maison,1989,95.7,163.0,2024-09-09,53,simule_distributions_ademe_2023
22239,D,D,appartement,1987,97.3,265.0,2024-09-09,53,simule_distributions_ademe_2023
22301,D,D,appartement,1984,78.0,283.0,2024-09-10,53,simule_distributions_ademe_2023
56042,D,F,appartement,1971,143.6,258.0,2024-09-10,53,simule_distributions_ademe_2023
35165,D,D,maison,1981,66.6,163.0,2024-09-10,53,simule_distributions_ademe_2023
35167,D,G,appartement,1967,194.7,268.0,2024-09-10,53,simule_distributions_ademe_2023
29023,E,D,appartement,1994,100.3,524.0,2024-09-11,53,simule_distributions_ademe_2023
35030,B,E,immeuble,2012,31.0,140.0,2024-09-11,53,simule_distributions_ademe_2023
56121,B,G,appartement,1998,62.8,99.0,2024-09-11,53,simule_distributions_ademe_2023
29115,E,E,maison,1981,31.2,538.0,2024-09-11,53,simule_distributions_ademe_2023
56381,D,E,appartement,1983,86.9,173.0,2024-09-12,53,simule_distributions_ademe_2023
56026,C,C,maison,1985,271.0,211.0,2024-09-12,53,simule_distributions_ademe_2023
22388,D,E,maison,1971,102.7,259.0,2024-09-12,53,simule_distributions_ademe_2023
35173,E,F,maison,1993,65.4,421.0,2024-09-13,53,simule_distributions_ademe_2023
35238,E,E,appartement,1982,37.0,503.0,2024-09-13,53,simule_distributions_ademe_2023
22276,D,D,appartement,1986,56.0,172.0,2024-09-13,53,simule_distributions_ademe_2023
22307,E,G,appartement,1987,43.2,561.0,2024-09-13,53,simule_distributions_ademe_2023
35020,E,D,appartement,1984,63.6,678.0,2024-09-14,53,simule_distributions_ademe_2023
29139,A,D,appartement,1987,49.8,137.0,2024-09-14,53,simule_distributions_ademe_2023
35292,G,F,appartement,1940,61.3,466.0,2024-09-14,53,simule_distributions_ademe_2023
35399,F,F,appartement,1958,75.9,365.0,2024-09-14,53,simule_distributions_ademe_2023
29178,D,E,maison,1993,78.9,267.0,2024-09-15,53,simule_distributions_ademe_2023
56019,G,E,appartement,1924,89.8,362.0,2024-09-15,53,simule_distributions_ademe_2023
29187,E,F,maison,1991,34.1,368.0,2024-09-15,53,simule_distributions_ademe_2023
35161,E,D,maison,1978,63.3,435.0,2024-09-15,53,simule_distributions_ademe_2023
29319,D,E,appartement,1987,21.7,318.0,2024-09-16,53,simule_distributions_ademe_2023
56224,E,D,appartement,1993,53.4,391.0,2024-09-16,53,simule_distributions_ademe_2023
35206,G,D,maison,1940,18.0,589.0,2024-09-16,53,simule_distributions_ademe_2023
56114,D,G,maison,1983,61.8,251.0,2024-09-16,53,simule_distributions_ademe_2023
35219,E,E,appartement,1980,137.5,667.0,2024-09-17,53,simule_distributions_ademe_2023
35060,E,F,maison,1989,97.0,437.0,2024-09-17,53,simule_distributions_ademe_2023
35077,D,F,appartement,1976,78.5,280.0,2024-09-17,53,simule_distributions_ademe_2023
29043,E,C,maison,1982,52.5,515.0,2024-09-17,53,simule_distributions_ademe_2023
22338,C,A,appartement,2010,74.2,171.0,2024-09-18,53,simule_distributions_ademe_2023
56318,E,F,maison,1978,151.2,440.0,2024-09-18,53,simule_distributions_ademe_2023
56343,E,F,maison,1992,37.6,336.0,2024-09-18,53,simule_distributions_ademe_2023
29240,C,D,appartement,2015,69.5,219.0,2024-09-18,53,simule_distributions_ademe_2023
35391,D,C,appartement,1990,52.0,283.0,2024-09-19,53,simule_distributions_ademe_2023
35300,F,B,maison,1928,82.2,560.0,2024-09-19,53,simule_distributions_ademe_2023
22238,B,F,appartement,2000,61.9,119.0,2024-09-19,53,simule_distributions_ademe_2023
56241,D,F,appartement,1980,49.3,183.0,2024-09-19,53,simule_distributions_ademe_2023
29262,E,C,immeuble,1976,153.8,587.0,2024-09-20,53,simule_distributions_ademe_2023
29111,A,E,appartement,2011,36.0,84.0,2024-09-20,53,simule_distributions_ademe_2023
35293,G,E,appartement,1972,27.6,623.0,2024-09-20,53,simule_distributions_ademe_2023
35150,G,C,appartement,1960,53.3,384.0,2024-09-20,53,simule_distributions_ademe_2023
29303,D,C,appartement,1979,55.8,180.0,2024-09-21,53,simule_distributions_ademe_2023
35224,C,C,maison,2017,64.3,294.0,2024-09-21,53,simule_distributions_ademe_2023
35382,F,C,maison,1950,104.5,660.0,2024-09-21,53,simule_distributions_ademe_2023
29238,G,A,appartement,1962,138.9,364.0,2024-09-21,53,simule_distributions_ademe_2023
35150,E,E,maison,1992,93.9,333.0,2024-09-22,53,simule_distributions_ademe_2023
35221,G,F,maison,1939,74.2,355.0,2024-09-22,53,simule_distributions_ademe_2023
35183,F,D,appartement,1948,43.7,537.0,2024-09-22,53,simule_distributions_ademe_2023
35166,D,F,maison,1976,39.8,173.0,2024-09-22,53,simule_distributions_ademe_2023
35088,F,F,appartement,1966,46.6,547.0,2024-09-23,53,simule_distributions_ademe_2023
29281,G,F,maison,1945,141.0,499.0,2024-09-23,53,simule_distributions_ademe_2023
22270,E,E,maison,1989,199.4,558.0,2024-09-23,53,simule_distributions_ademe_2023
29085,C,E,maison,2004,25.1,180.0,2024-09-24,53,simule_distributions_ademe_2023
29057,C,G,maison,2013,51.1,279.0,2024-09-24,53,simule_distributions_ademe_2023
35038,D,D,maison,1968,67.7,211.0,2024-09-24,53,simule_distributions_ademe_2023
56339,D,F,maison,1985,86.4,295.0,2024-09-24,53,simule_distributions_ademe_2023
35146,E,C,maison,1967,45.5,510.0,2024-09-25,53,simule_distributions_ademe_2023
29116,G,D,appartement,1935,128.3,401.0,2024-09-25,53,simule_distributions_ademe_2023
22130,D,E,appartement,1977,43.7,303.0,2024-09-25,53,simule_distributions_ademe_2023
29167,D,D,maison,1971,62.0,231.0,2024-09-25,53,simule_distributions_ademe_2023
35048,C,E,appartement,1997,42.4,255.0,2024-09-26,53,simule_distributions_ademe_2023
29021,D,D,maison,1969,55.7,185.0,2024-09-26,53,simule_distributions_ademe_2023
29086,E,F,immeuble,1982,227.2,501.0,2024-09-26,53,simule_distributions_ademe_2023
56337,G,D,maison,1933,83.9,586.0,2024-09-26,53,simule_distributions_ademe_2023
56200,G,F,maison,1950,98.6,385.0,2024-09-27,53,simule_distributions_ademe_2023
35061,E,F,maison,1979,82.7,511.0,2024-09-27,53,simule_distributions_ademe_2023
22159,G,G,maison,1969,45.8,543.0,2024-09-27,53,simule_distributions_ademe_2023
35087,E,D,appartement,1975,114.1,364.0,2024-09-27,53,simule_distributions_ademe_2023
35282,A,D,appartement,2017,129.0,79.0,2024-09-28,53,simule_distributions_ademe_2023
35021,D,D,appartement,1994,38.3,168.0,2024-09-28,53,simule_distributions_ademe_2023
29101,B,D,appartement,2008,112.8,95.0,2024-09-28,53,simule_distributions_ademe_2023
22070,B,D,appartement,1990,102.4,101.0,2024-09-28,53,simule_distributions_ademe_2023
22197,G,F,appartement,1944,103.5,402.0,2024-09-29,53,simule_distributions_ademe_2023
22335,F,E,maison,1944,54.3,488.0,2024-09-29,53,simule_distributions_ademe_2023
35393,D,D,maison,1981,45.2,237.0,2024-09-29,53,simule_distributions_ademe_2023
22293,D,F,appartement,1989,109.7,253.0,2024-09-29,53,simule_distributions_ademe_2023
29295,D,E,appartement,1974,107.4,243.0,2024-09-30,53,simule_distributions_ademe_2023
22318,F,E,immeuble,1954,71.7,411.0,2024-09-30,53,simule_distributions_ademe_2023
29266,B,B,maison,2005,67.9,97.0,2024-09-30,53,simule_distributions_ademe_2023
22347,E,A,maison,1984,69.3,497.0,2024-09-30,53,simule_distributions_ademe_2023
56336,D,D,maison,1984,68.2,205.0,2024-10-01,53,simule_distributions_ademe_2023
35314,C,E,appartement,2016,66.1,288.0,2024-10-01,53,simule_distributions_ademe_2023
22399,F,E,maison,1965,51.8,386.0,2024-10-01,53,simule_distributions_ademe_2023
35034,F,G,appartement,1922,75.0,450.0,2024-10-01,53,simule_distributions_ademe_2023
22271,D,G,appartement,1979,100.7,237.0,2024-10-02,53,simule_distributions_ademe_2023
56263,G,G,appartement,1952,97.3,392.0,2024-10-02,53,simule_distributions_ademe_2023
35340,F,D,appartement,1971,122.3,607.0,2024-10-02,53,simule_distributions_ademe_2023
35234,E,E,maison,1989,69.8,488.0,2024-10-02,53,simule_distributions_ademe_2023
29373,E,D,appartement,1978,31.9,356.0,2024-10-03,53,simule_distributions_ademe_2023
22076,F,F,appartement,1946,44.7,453.0,2024-10-03,53,simule_distributions_ademe_2023
56307,F,E,maison,1946,139.7,639.0,2024-10-03,53,simule_distributions_ademe_2023
56174,G,C,maison,1937,65.0,626.0,2024-10-03,53,simule_distributions_ademe_2023
56016,E,G,appartement,1967,117.0,563.0,2024-10-04,53,simule_distributions_ademe_2023
22094,F,B,appartement,1945,57.0,620.0,2024-10-04,53,simule_distributions_ademe_2023
22028,F,E,maison,1950,79.3,660.0,2024-10-04,53,simule_distributions_ademe_2023
35078,E,G,immeuble,1977,102.4,594.0,2024-10-05,53,simule_distributions_ademe_2023
35017,G,D,maison,1965,180.2,506.0,2024-10-05,53,simule_distributions_ademe_2023
22294,E,E,appartement,1986,58.6,699.0,2024-10-05,53,simule_distributions_ademe_2023
22338,D,D,appartement,1982,36.9,168.0,2024-10-05,53,simule_distributions_ademe_2023
22127,E,F,maison,1970,37.5,614.0,2024-10-06,53,simule_distributions_ademe_2023
29047,E,G,appartement,1965,228.7,658.0,2024-10-06,53,simule_distributions_ademe_2023
22122,B,B,maison,2009,73.8,61.0,2024-10-06,53,simule_distributions_ademe_2023
56390,D,G,appartement,1987,75.6,238.0,2024-10-06,53,simule_distributions_ademe_2023
56117,F,C,maison,1952,95.5,675.0,2024-10-07,53,simule_distributions_ademe_2023
56269,F,B,maison,1934,38.6,619.0,2024-10-07,53,simule_distributions_ademe_2023
22193,E,G,maison,1979,42.1,412.0,2024-10-07,53,simule_distributions_ademe_2023
35081,E,E,maison,1992,55.2,656.0,2024-10-07,53,simule_distributions_ademe_2023
29014,F,D,appartement,1924,55.1,353.0,2024-10-08,53,simule_distributions_ademe_2023
56352,E,G,appartement,1988,39.2,606.0,2024-10-08,53,simule_distributions_ademe_2023
35017,G,F,appartement,1963,85.1,551.0,2024-10-08,53,simule_distributions_ademe_2023
35031,D,E,maison,1988,83.2,204.0,2024-10-08,53,simule_distributions_ademe_2023
29160,G,G,appartement,1954,122.0,627.0,2024-10-09,53,simule_distributions_ademe_2023
35361,F,B,maison,1922,99.9,617.0,2024-10-09,53,simule_distributions_ademe_2023
56212,E,F,maison,1994,49.9,416.0,2024-10-09,53,simule_distributions_ademe_2023
35337,C,D,maison,2015,106.3,304.0,2024-10-09,53,simule_distributions_ademe_2023
35021,E,E,maison,1965,65.9,534.0,2024-10-10,53,simule_distributions_ademe_2023
29261,B,F,maison,1991,31.3,144.0,2024-10-10,53,simule_distributions_ademe_2023
22373,F,B,appartement,1956,50.0,547.0,2024-10-10,53,simule_distributions_ademe_2023
29364,F,B,immeuble,1953,37.5,371.0,2024-10-10,53,simule_distributions_ademe_2023
29124,E,E,appartement,1993,29.1,628.0,2024-10-11,53,simule_distributions_ademe_2023
22322,D,G,immeuble,1991,66.2,209.0,2024-10-11,53,simule_distributions_ademe_2023
56370,C,E,appartement,1992,49.4,269.0,2024-10-11,53,simule_distributions_ademe_2023
29140,D,C,maison,1993,59.5,167.0,2024-10-11,53,simule_distributions_ademe_2023
56029,B,E,appartement,2017,65.1,53.0,2024-10-12,53,simule_distributions_ademe_2023
22396,F,G,appartement,1939,84.8,478.0,2024-10-12,53,simule_distributions_ademe_2023
29329,D,F,appartement,1986,46.4,301.0,2024-10-12,53,simule_distributions_ademe_2023
22286,E,E,appartement,1970,70.3,466.0,2024-10-12,53,simule_distributions_ademe_2023
56084,C,F,maison,1997,78.0,284.0,2024-10-13,53,simule_distributions_ademe_2023
29312,D,F,appartement,1980,40.9,199.0,2024-10-13,53,simule_distributions_ademe_2023
56347,C,E,maison,1994,90.3,223.0,2024-10-13,53,simule_distributions_ademe_2023
22394,C,D,maison,1989,87.6,329.0,2024-10-13,53,simule_distributions_ademe_2023
56284,E,C,maison,1989,89.1,358.0,2024-10-14,53,simule_distributions_ademe_2023
56200,D,E,maison,1975,53.3,228.0,2024-10-14,53,simule_distributions_ademe_2023
22076,D,F,maison,1976,26.1,317.0,2024-10-14,53,simule_distributions_ademe_2023
35340,G,G,appartement,1953,68.2,481.0,2024-10-14,53,simule_distributions_ademe_2023
56159,E,C,maison,1994,49.6,542.0,2024-10-15,53,simule_distributions_ademe_2023
56065,E,F,immeuble,1978,35.3,536.0,2024-10-15,53,simule_distributions_ademe_2023
29176,F,E,appartement,1952,51.5,525.0,2024-10-15,53,simule_distributions_ademe_2023
56269,F,C,maison,1924,72.0,653.0,2024-10-16,53,simule_distributions_ademe_2023
29148,D,D,appartement,1993,148.2,246.0,2024-10-16,53,simule_distributions_ademe_2023
22056,E,F,maison,1970,93.2,610.0,2024-10-16,53,simule_distributions_ademe_2023
29096,F,C,appartement,1921,33.9,535.0,2024-10-16,53,simule_distributions_ademe_2023
35261,G,F,appartement,1942,65.2,617.0,2024-10-17,53,simule_distributions_ademe_2023
22106,D,E,appartement,1986,50.7,186.0,2024-10-17,53,simule_distributions_ademe_2023
22345,F,D,maison,1957,36.0,547.0,2024-10-17,53,simule_distributions_ademe_2023
35296,G,D,maison,1939,32.8,339.0,2024-10-17,53,simule_distributions_ademe_2023
22255,B,G,appartement,2015,39.6,72.0,2024-10-18,53,simule_distributions_ademe_2023
56243,G,F,appartement,1937,115.8,617.0,2024-10-18,53,simule_distributions_ademe_2023
35225,C,D,appartement,1993,92.5,255.0,2024-10-18,53,simule_distributions_ademe_2023
56059,D,C,appartement,1969,95.6,247.0,2024-10-18,53,simule_distributions_ademe_2023
35135,F,E,appartement,1923,19.9,582.0,2024-10-19,53,simule_distributions_ademe_2023
29092,B,G,maison,2009,50.1,115.0,2024-10-19,53,simule_distributions_ademe_2023
29048,B,E,appartement,1993,46.1,106.0,2024-10-19,53,simule_distributions_ademe_2023
29363,F,D,maison,1972,70.4,429.0,2024-10-19,53,simule_distributions_ademe_2023
22051,G,D,appartement,1923,67.9,615.0,2024-10-20,53,simule_distributions_ademe_2023
56123,B,D,maison,2000,156.0,69.0,2024-10-20,53,simule_distributions_ademe_2023
56048,G,C,maison,1946,64.9,411.0,2024-10-20,53,simule_distributions_ademe_2023
29327,B,E,appartement,2015,79.7,143.0,2024-10-20,53,simule_distributions_ademe_2023
35311,D,F,maison,1979,52.0,152.0,2024-10-21,53,simule_distributions_ademe_2023
35304,D,A,maison,1983,34.4,162.0,2024-10-21,53,simule_distributions_ademe_2023
29239,F,F,appartement,1963,49.5,649.0,2024-10-21,53,simule_distributions_ademe_2023
29384,D,E,maison,1967,27.5,326.0,2024-10-21,53,simule_distributions_ademe_2023
22179,E,E,maison,1982,125.3,686.0,2024-10-22,53,simule_distributions_ademe_2023
29219,C,G,appartement,2017,45.3,161.0,2024-10-22,53,simule_distributions_ademe_2023
22348,D,C,appartement,1986,26.5,241.0,2024-10-22,53,simule_distributions_ademe_2023
22070,F,D,appartement,1942,64.7,604.0,2024-10-22,53,simule_distributions_ademe_2023
56336,E,E,maison,1966,31.4,345.0,2024-10-23,53,simule_distributions_ademe_2023
29116,F,C,appartement,1924,41.0,360.0,2024-10-23,53,simule_distributions_ademe_2023
56112,G,E,appartement,1945,35.2,586.0,2024-10-23,53,simule_distributions_ademe_2023
35170,D,F,maison,1969,39.9,320.0,2024-10-23,53,simule_distributions_ademe_2023
22200,D,D,appartement,1965,90.3,273.0,2024-10-24,53,simule_distributions_ademe_2023
29077,B,G,appartement,1990,41.2,53.0,2024-10-24,53,simule_distributions_ademe_2023
22229,E,F,maison,1971,80.9,386.0,2024-10-24,53,simule_distributions_ademe_2023
29263,D,E,appartement,1986,96.4,251.0,2024-10-24,53,simule_distributions_ademe_2023
22003,D,F,maison,1969,59.7,273.0,2024-10-25,53,simule_distributions_ademe_2023
56205,F,G,maison,1950,96.2,599.0,2024-10-25,53,simule_distributions_ademe_2023
56180,E,E,appartement,1993,132.3,554.0,2024-10-25,53,simule_distributions_ademe_2023
22029,E,E,maison,1975,83.3,597.0,2024-10-25,53,simule_distributions_ademe_2023
29187,B,E,appartement,2019,52.7,82.0,2024-10-26,53,simule_distributions_ademe_2023
35149,D,D,appartement,1966,24.5,280.0,2024-10-26,53,simule_distributions_ademe_2023
29392,C,D,appartement,1995,55.4,236.0,2024-10-26,53,simule_distributions_ademe_2023
35354,D,A,appartement,1966,71.2,288.0,2024-10-27,53,simule_distributions_ademe_2023
35322,C,D,appartement,2017,78.1,250.0,2024-10-27,53,simule_distributions_ademe_2023
29178,A,D,maison,1989,52.4,119.0,2024-10-27,53,simule_distributions_ademe_2023
29295,C,E,maison,2005,160.5,277.0,2024-10-27,53,simule_distributions_ademe_2023
35270,D,E,maison,1991,41.0,272.0,2024-10-28,53,simule_distributions_ademe_2023
35338,C,F,appartement,2018,84.2,262.0,2024-10-28,53,simule_distributions_ademe_2023
35218,G,F,immeuble,1954,59.5,334.0,2024-10-28,53,simule_distributions_ademe_2023
35099,B,G,maison,1996,137.3,100.0,2024-10-28,53,simule_distributions_ademe_2023
56357,G,G,maison,1967,133.3,537.0,2024-10-29,53,simule_distributions_ademe_2023
56338,E,E,maison,1990,106.4,620.0,2024-10-29,53,simule_distributions_ademe_2023
22172,F,F,maison,1960,179.2,647.0,2024-10-29,53,simule_distributions_ademe_2023
56290,E,G,appartement,1991,105.3,338.0,2024-10-29,53,simule_distributions_ademe_2023
35117,D,F,maison,1991,48.2,238.0,2024-10-30,53,simule_distributions_ademe_2023
29084,D,D,appartement,1992,107.1,265.0,2024-10-30,53,simule_distributions_ademe_2023
29026,E,C,maison,1993,53.8,461.0,2024-10-30,53,simule_distributions_ademe_2023
29135,G,F,maison,1939,83.1,542.0,2024-10-30,53,simule_distributions_ademe_2023
29038,F,C,maison,1963,43.0,509.0,2024-10-31,53,simule_distributions_ademe_2023
56083,E,C,maison,1972,22.8,457.0,2024-10-31,53,simule_distributions_ademe_2023
22058,F,D,maison,1965,97.1,516.0,2024-10-31,53,simule_distributions_ademe_2023
56105,G,F,maison,1954,50.8,404.0,2024-10-31,53,simule_distributions_ademe_2023
29281,E,E,maison,1965,54.6,352.0,2024-11-01,53,simule_distributions_ademe_2023
22115,C,F,appartement,1997,59.8,178.0,2024-11-01,53,simule_distributions_ademe_2023
35233,E,E,appartement,1976,50.8,567.0,2024-11-01,53,simule_distributions_ademe_2023
22129,F,C,immeuble,1949,48.5,630.0,2024-11-01,53,simule_distributions_ademe_2023
35247,D,F,maison,1971,120.0,309.0,2024-11-02,53,simule_distributions_ademe_2023
22222,A,F,appartement,2018,72.6,61.0,2024-11-02,53,simule_distributions_ademe_2023
22187,F,G,appartement,1935,34.7,451.0,2024-11-02,53,simule_distributions_ademe_2023
29396,E,E,appartement,1980,64.7,539.0,2024-11-02,53,simule_distributions_ademe_2023
56358,D,F,immeuble,1983,77.8,272.0,2024-11-03,53,simule_distributions_ademe_2023
22280,F,F,appartement,1965,65.3,497.0,2024-11-03,53,simule_distributions_ademe_2023
56329,G,F,appartement,1942,32.7,556.0,2024-11-03,53,simule_distributions_ademe_2023
29214,G,G,maison,1963,79.6,601.0,2024-11-03,53,simule_distributions_ademe_2023
56130,D,A,maison,1980,99.0,250.0,2024-11-04,53,simule_distributions_ademe_2023
29304,B,D,maison,2019,40.3,119.0,2024-11-04,53,simule_distributions_ademe_2023
35141,D,F,appartement,1984,65.9,219.0,2024-11-04,53,simule_distributions_ademe_2023
35066,D,E,maison,1990,103.7,280.0,2024-11-04,53,simule_distributions_ademe_2023
29382,C,G,maison,1986,45.7,187.0,2024-11-05,53,simule_distributions_ademe_2023
35024,D,F,appartement,1991,73.7,161.0,2024-11-05,53,simule_distributions_ademe_2023
35251,C,E,appartement,1990,44.6,196.0,2024-11-05,53,simule_distributions_ademe_2023
35072,D,E,appartement,1993,94.1,301.0,2024-11-05,53,simule_distributions_ademe_2023
35174,F,E,maison,1940,18.7,481.0,2024-11-06,53,simule_distributions_ademe_2023
35047,E,B,appartement,1979,51.0,498.0,2024-11-06,53,simule_distributions_ademe_2023
29096,B,F,maison,1997,59.6,145.0,2024-11-06,53,simule_distributions_ademe_2023
56007,C,B,appartement,2015,46.8,200.0,2024-11-07,53,simule_distributions_ademe_2023
29239,C,F,maison,1989,182.7,204.0,2024-11-07,53,simule_distributions_ademe_2023
29290,D,E,maison,1983,27.4,282.0,2024-11-07,53,simule_distributions_ademe_2023
56362,A,E,maison,1996,73.2,55.0,2024-11-07,53,simule_distributions_ademe_2023
29333,C,G,maison,2001,98.3,260.0,2024-11-08,53,simule_distributions_ademe_2023
56122,D,F,appartement,1988,60.2,259.0,2024-11-08,53,simule_distributions_ademe_2023
56233,D,D,appartement,1978,90.7,318.0,2024-11-08,53,simule_distributions_ademe_2023
56322,D,B,maison,1980,47.1,316.0,2024-11-08,53,simule_distributions_ademe_2023
29071,F,B,maison,1961,40.5,496.0,2024-11-09,53,simule_distributions_ademe_2023
29243,D,C,maison,1986,93.8,153.0,2024-11-09,53,simule_distributions_ademe_2023
22376,C,E,appartement,1993,39.5,222.0,2024-11-09,53,simule_distributions_ademe_2023
22347,F,D,maison,1950,91.9,693.0,2024-11-09,53,simule_distributions_ademe_2023
22153,E,F,appartement,1968,44.3,638.0,2024-11-10,53,simule_distributions_ademe_2023
22183,B,F,maison,1985,58.3,133.0,2024-11-10,53,simule_distributions_ademe_2023
22051,D,F,maison,1994,33.8,253.0,2024-11-10,53,simule_distributions_ademe_2023
56357,A,E,appartement,2002,42.4,109.0,2024-11-10,53,simule_distributions_ademe_2023
35242,E,F,maison,1970,47.2,672.0,2024-11-11,53,simule_distributions_ademe_2023
35105,G,D,maison,1933,121.7,332.0,2024-11-11,53,simule_distributions_ademe_2023
22192,C,G,appartement,2008,64.3,212.0,2024-11-11,53,simule_distributions_ademe_2023
22145,G,F,appartement,1924,157.4,514.0,2024-11-11,53,simule_distributions_ademe_2023
29126,B,E,appartement,1995,177.1,98.0,2024-11-12,53,simule_distributions_ademe_2023
29258,G,D,appartement,1944,122.9,550.0,2024-11-12,53,simule_distributions_ademe_2023
56224,E,C,appartement,1994,35.4,622.0,2024-11-12,53,simule_distributions_ademe_2023
56244,G,E,maison,1932,94.3,549.0,2024-11-12,53,simule_distributions_ademe_2023
29389,G,G,appartement,1968,54.8,696.0,2024-11-13,53,simule_distributions_ademe_2023
29113,D,E,maison,1982,38.5,160.0,2024-11-13,53,simule_distributions_ademe_2023
35046,F,E,maison,1970,39.9,444.0,2024-11-13,53,simule_distributions_ademe_2023
29354,D,A,appartement,1965,92.0,160.0,2024-11-13,53,simule_distributions_ademe_2023
56213,C,D,maison,1989,80.2,327.0,2024-11-14,53,simule_distributions_ademe_2023
56112,E,F,maison,1971,190.3,594.0,2024-11-14,53,simule_distributions_ademe_2023
56224,D,G,maison,1970,75.0,315.0,2024-11-14,53,simule_distributions_ademe_2023
22350,E,E,appartement,1968,45.4,618.0,2024-11-14,53,simule_distributions_ademe_2023
22050,F,D,maison,1972,121.4,677.0,2024-11-15,53,simule_distributions_ademe_2023
29115,D,F,maison,1992,56.5,233.0,2024-11-15,53,simule_distributions_ademe_2023
56348,C,D,maison,2016,71.4,217.0,2024-11-15,53,simule_distributions_ademe_2023
35024,E,E,maison,1974,66.7,387.0,2024-11-15,53,simule_distributions_ademe_2023
56366,F,B,appartement,1939,51.8,573.0,2024-11-16,53,simule_distributions_ademe_2023
35355,E,D,appartement,1974,93.3,471.0,2024-11-16,53,simule_distributions_ademe_2023
35390,D,D,maison,1978,64.7,256.0,2024-11-16,53,simule_distributions_ademe_2023
29314,E,C,maison,1969,59.6,696.0,2024-11-16,53,simule_distributions_ademe_2023
22210,F,F,appartement,1927,132.5,448.0,2024-11-17,53,simule_distributions_ademe_2023
22217,G,F,appartement,1958,68.6,414.0,2024-11-17,53,simule_distributions_ademe_2023
35235,C,D,maison,2000,39.0,256.0,2024-11-17,53,simule_distributions_ademe_2023
22042,F,F,appartement,1948,77.8,425.0,2024-11-18,53,simule_distributions_ademe_2023
56175,C,A,appartement,1998,80.9,157.0,2024-11-18,53,simule_distributions_ademe_2023
56268,B,G,appartement,2002,118.7,88.0,2024-11-18,53,simule_distributions_ademe_2023
29110,C,A,maison,2007,62.2,170.0,2024-11-18,53,simule_distributions_ademe_2023
29119,D,C,maison,1978,73.7,198.0,2024-11-19,53,simule_distributions_ademe_2023
56088,C,E,appartement,2015,166.8,194.0,2024-11-19,53,simule_distributions_ademe_2023
35156,E,E,maison,1980,369.0,499.0,2024-11-19,53,simule_distributions_ademe_2023
56117,D,F,maison,1989,43.7,177.0,2024-11-19,53,simule_distributions_ademe_2023
35357,F,D,appartement,1928,94.1,401.0,2024-11-20,53,simule_distributions_ademe_2023
35292,E,E,immeuble,1986,99.0,439.0,2024-11-20,53,simule_distributions_ademe_2023
56341,F,E,appartement,1967,100.7,368.0,2024-11-20,53,simule_distributions_ademe_2023
29244,F,D,appartement,1933,38.8,508.0,2024-11-20,53,simule_distributions_ademe_2023
35039,G,F,maison,1931,101.4,579.0,2024-11-21,53,simule_distributions_ademe_2023
29148,C,D,appartement,2010,33.7,216.0,2024-11-21,53,simule_distributions_ademe_2023
56349,D,E,maison,1994,56.9,167.0,2024-11-21,53,simule_distributions_ademe_2023
22235,E,D,immeuble,1994,76.1,374.0,2024-11-21,53,simule_distributions_ademe_2023
56349,E,A,appartement,1984,111.3,498.0,2024-11-22,53,simule_distributions_ademe_2023
22046,B,F,maison,2003,60.8,76.0,2024-11-22,53,simule_distributions_ademe_2023
35107,F,C,maison,1943,36.3,591.0,2024-11-22,53,simule_distributions_ademe_2023
56312,F,E,maison,1943,162.4,687.0,2024-11-22,53,simule_distributions_ademe_2023
35173,E,F,maison,1985,93.5,621.0,2024-11-23,53,simule_distributions_ademe_2023
56099,E,F,appartement,1971,49.8,569.0,2024-11-23,53,simule_distributions_ademe_2023
29042,F,G,maison,1972,33.8,536.0,2024-11-23,53,simule_distributions_ademe_2023
29211,D,D,maison,1968,44.4,324.0,2024-11-23,53,simule_distributions_ademe_2023
29145,D,D,appartement,1973,52.5,284.0,2024-11-24,53,simule_distributions_ademe_2023
29130,D,F,appartement,1974,60.7,168.0,2024-11-24,53,simule_distributions_ademe_2023
35321,D,C,maison,1972,90.0,190.0,2024-11-24,53,simule_distributions_ademe_2023
35053,E,B,appartement,1990,53.6,551.0,2024-11-24,53,simule_distributions_ademe_2023
35117,G,E,appartement,1938,133.6,417.0,2024-11-25,53,simule_distributions_ademe_2023
22265,D,F,maison,1968,47.8,293.0,2024-11-25,53,simule_distributions_ademe_2023
35098,D,D,appartement,1994,75.0,193.0,2024-11-25,53,simule_distributions_ademe_2023
22216,A,D,appartement,2014,48.7,53.0,2024-11-25,53,simule_distributions_ademe_2023
56241,D,F,maison,1979,88.7,303.0,2024-11-26,53,simule_distributions_ademe_2023
29085,E,D,appartement,1990,75.3,673.0,2024-11-26,53,simule_distributions_ademe_2023
29210,A,D,appartement,2007,113.9,62.0,2024-11-26,53,simule_distributions_ademe_2023
35386,D,F,maison,1983,22.9,324.0,2024-11-26,53,simule_distributions_ademe_2023
29311,D,G,maison,1994,50.4,307.0,2024-11-27,53,simule_distributions_ademe_2023
29281,E,D,appartement,1991,246.7,524.0,2024-11-27,53,simule_distributions_ademe_2023
29131,D,F,appartement,1966,58.7,313.0,2024-11-27,53,simule_distributions_ademe_2023
35304,C,D,appartement,2012,66.7,197.0,2024-11-27,53,simule_distributions_ademe_2023
22035,F,G,appartement,1967,72.1,551.0,2024-11-28,53,simule_distributions_ademe_2023
29052,A,D,maison,2009,102.0,111.0,2024-11-28,53,simule_distributions_ademe_2023
22393,E,C,maison,1967,55.0,592.0,2024-11-28,53,simule_distributions_ademe_2023
35182,F,F,maison,1960,84.1,614.0,2024-11-29,53,simule_distributions_ademe_2023
56150,D,G,immeuble,1976,126.2,293.0,2024-11-29,53,simule_distributions_ademe_2023
35395,E,C,appartement,1971,22.7,408.0,2024-11-29,53,simule_distributions_ademe_2023
29346,E,A,appartement,1992,63.5,680.0,2024-11-29,53,simule_distributions_ademe_2023
35381,C,D,maison,1988,139.1,173.0,2024-11-30,53,simule_distributions_ademe_2023
22268,D,C,maison,1979,82.9,242.0,2024-11-30,53,simule_distributions_ademe_2023
56079,E,D,maison,1985,60.5,478.0,2024-11-30,53,simule_distributions_ademe_2023
29084,C,D,maison,2018,52.2,296.0,2024-11-30,53,simule_distributions_ademe_2023
29238,F,E,appartement,1952,26.3,511.0,2024-12-01,53,simule_distributions_ademe_2023
29337,E,D,maison,1975,65.7,615.0,2024-12-01,53,simule_distributions_ademe_2023
35094,D,E,maison,1993,123.5,310.0,2024-12-01,53,simule_distributions_ademe_2023
22179,F,D,appartement,1947,141.7,504.0,2024-12-01,53,simule_distributions_ademe_2023
35032,E,C,maison,1987,25.9,580.0,2024-12-02,53,simule_distributions_ademe_2023
35381,F,D,appartement,1937,52.4,546.0,2024-12-02,53,simule_distributions_ademe_2023
22006,C,D,appartement,1995,94.5,183.0,2024-12-02,53,simule_distributions_ademe_2023
35329,D,F,maison,1967,66.7,173.0,2024-12-02,53,simule_distributions_ademe_2023
22366,D,G,appartement,1978,82.8,301.0,2024-12-03,53,simule_distributions_ademe_2023
56394,B,G,maison,2011,61.0,118.0,2024-12-03,53,simule_distributions_ademe_2023
35153,B,D,maison,1998,99.7,128.0,2024-12-03,53,simule_distributions_ademe_2023
56363,E,F,maison,1965,23.6,486.0,2024-12-03,53,simule_distributions_ademe_2023
35104,E,G,maison,1985,61.0,571.0,2024-12-04,53,simule_distributions_ademe_2023
29223,B,E,appartement,1987,129.0,61.0,2024-12-04,53,simule_distributions_ademe_2023
35030,B,E,appartement,2007,80.9,60.0,2024-12-04,53,simule_distributions_ademe_2023
22014,B,E,appartement,2013,20.0,91.0,2024-12-04,53,simule_distributions_ademe_2023
56025,C,G,appartement,1993,79.6,172.0,2024-12-05,53,simule_distributions_ademe_2023
22267,F,D,maison,1935,117.4,424.0,2024-12-05,53,simule_distributions_ademe_2023
56007,D,E,appartement,1976,46.0,158.0,2024-12-05,53,simule_distributions_ademe_2023
56164,E,E,appartement,1986,146.1,565.0,2024-12-05,53,simule_distributions_ademe_2023
22096,D,F,maison,1968,36.8,284.0,2024-12-06,53,simule_distributions_ademe_2023
22194,F,E,appartement,1956,56.7,641.0,2024-12-06,53,simule_distributions_ademe_2023
35327,G,C,appartement,1968,85.3,599.0,2024-12-06,53,simule_distributions_ademe_2023
22385,G,E,maison,1951,93.7,444.0,2024-12-06,53,simule_distributions_ademe_2023
35026,C,E,maison,2010,56.8,285.0,2024-12-07,53,simule_distributions_ademe_2023
35311,D,C,maison,1991,69.5,171.0,2024-12-07,53,simule_distributions_ademe_2023
56154,D,E,maison,1993,83.3,165.0,2024-12-07,53,simule_distributions_ademe_2023
22187,D,C,immeuble,1981,38.3,204.0,2024-12-07,53,simule_distributions_ademe_2023
29155,D,B,appartement,1992,66.9,203.0,2024-12-08,53,simule_distributions_ademe_2023
29381,A,D,maison,2001,48.4,59.0,2024-12-08,53,simule_distributions_ademe_2023
56009,C,C,appartement,2018,92.2,159.0,2024-12-08,53,simule_distributions_ademe_2023
22111,C,F,appartement,1989,58.1,224.0,2024-12-08,53,simule_distributions_ademe_2023
29157,F,G,appartement,1933,30.5,690.0,2024-12-09,53,simule_distributions_ademe_2023
35069,E,E,appartement,1967,48.8,414.0,2024-12-09,53,simule_distributions_ademe_2023
35305,E,E,maison,1992,50.7,515.0,2024-12-09,53,simule_distributions_ademe_2023
22017,C,A,appartement,2006,56.3,235.0,2024-12-10,53,simule_distributions_ademe_2023
29050,D,B,appartement,1981,48.9,307.0,2024-12-10,53,simule_distributions_ademe_2023
56262,E,F,maison,1994,71.7,421.0,2024-12-10,53,simule_distributions_ademe_2023
56215,F,E,appartement,1920,64.4,647.0,2024-12-10,53,simule_distributions_ademe_2023
56060,E,D,maison,1974,58.7,631.0,2024-12-11,53,simule_distributions_ademe_2023
22393,A,C,appartement,1995,46.4,65.0,2024-12-11,53,simule_distributions_ademe_2023
56294,D,C,maison,1972,83.7,302.0,2024-12-11,53,simule_distributions_ademe_2023
35353,A,G,appartement,2001,94.0,131.0,2024-12-11,53,simule_distributions_ademe_2023
56067,A,E,maison,1994,80.4,85.0,2024-12-12,53,simule_distributions_ademe_2023
29323,F,C,appartement,1934,56.4,400.0,2024-12-12,53,simule_distributions_ademe_2023
29239,C,E,maison,2000,53.2,282.0,2024-12-12,53,simule_distributions_ademe_2023
35268,C,C,appartement,2002,21.0,295.0,2024-12-12,53,simule_distributions_ademe_2023
56164,D,C,maison,1982,33.7,316.0,2024-12-13,53,simule_distributions_ademe_2023
29117,B,D,maison,2015,76.9,50.0,2024-12-13,53,simule_distributions_ademe_2023
56114,G,C,maison,1955,35.2,356.0,2024-12-13,53,simule_distributions_ademe_2023
56354,E,E,appartement,1966,20.4,493.0,2024-12-13,53,simule_distributions_ademe_2023
29137,D,E,maison,1971,61.0,221.0,2024-12-14,53,simule_distributions_ademe_2023
29097,G,E,appartement,1962,47.1,587.0,2024-12-14,53,simule_distributions_ademe_2023
29115,E,D,appartement,1967,86.6,673.0,2024-12-14,53,simule_distributions_ademe_2023
22164,E,E,maison,1965,155.1,384.0,2024-12-14,53,simule_distributions_ademe_2023
56170,D,G,maison,1985,51.2,310.0,2024-12-15,53,simule_distributions_ademe_2023
56204,C,E,maison,1990,71.0,285.0,2024-12-15,53,simule_distributions_ademe_2023
29121,G,F,maison,1946,54.3,482.0,2024-12-15,53,simule_distributions_ademe_2023
29251,F,E,appartement,1961,28.5,379.0,2024-12-15,53,simule_distributions_ademe_2023
56341,G,G,maison,1920,87.1,525.0,2024-12-16,53,simule_distributions_ademe_2023
29073,C,D,appartement,2015,44.2,213.0,2024-12-16,53,simule_distributions_ademe_2023
56168,D,B,appartement,1977,39.8,226.0,2024-12-16,53,simule_distributions_ademe_2023
29379,E,E,appartement,1973,27.1,392.0,2024-12-16,53,simule_distributions_ademe_2023
35132,E,G,maison,1979,68.0,445.0,2024-12-17,53,simule_distributions_ademe_2023
29078,D,C,appartement,1974,281.0,266.0,2024-12-17,53,simule_distributions_ademe_2023
22094,C,E,maison,1988,89.3,283.0,2024-12-17,53,simule_distributions_ademe_2023
22243,D,G,maison,1970,45.2,229.0,2024-12-17,53,simule_distributions_ademe_2023
29234,B,B,maison,2013,89.6,68.0,2024-12-18,53,simule_distributions_ademe_2023
22366,D,C,appartement,1976,26.3,166.0,2024-12-18,53,simule_distributions_ademe_2023
56179,D,E,maison,1993,116.4,187.0,2024-12-18,53,simule_distributions_ademe_2023
22197,E,E,appartement,1976,32.0,351.0,2024-12-18,53,simule_distributions_ademe_2023
56171,D,G,immeuble,1989,51.2,305.0,2024-12-19,53,simule_distributions_ademe_2023
22222,G,E,maison,1930,89.7,668.0,2024-12-19,53,simule_distributions_ademe_2023
56002,E,F,appartement,1975,50.9,468.0,2024-12-19,53,simule_distributions_ademe_2023
35358,G,F,maison,1931,26.1,521.0,2024-12-19,53,simule_distributions_ademe_2023
29270,F,F,appartement,1920,71.3,484.0,2024-12-20,53,simule_distributions_ademe_2023
56116,E,B,appartement,1993,24.3,481.0,2024-12-20,53,simule_distributions_ademe_2023
56084,F,F,maison,1950,76.7,587.0,2024-12-20,53,simule_distributions_ademe_2023
56331,E,F,maison,1988,76.1,537.0,2024-12-21,53,simule_distributions_ademe_2023
22014,F,D,maison,1953,64.9,430.0,2024-12-21,53,simule_distributions_ademe_2023
56111,B,E,appartement,2018,74.1,54.0,2024-12-21,53,simule_distributions_ademe_2023
56399,D,E,appartement,1983,26.5,311.0,2024-12-21,53,simule_distributions_ademe_2023
22300,G,D,appartement,1959,85.9,581.0,2024-12-22,53,simule_distributions_ademe_2023
56352,F,G,appartement,1931,76.4,507.0,2024-12-22,53,simule_distributions_ademe_2023
22353,E,D,maison,1977,135.8,667.0,2024-12-22,53,simule_distributions_ademe_2023
35383,F,E,appartement,1929,69.8,358.0,2024-12-22,53,simule_distributions_ademe_2023
22244,E,E,appartement,1976,80.9,646.0,2024-12-23,53,simule_distributions_ademe_2023
35210,C,E,appartement,1995,53.5,182.0,2024-12-23,53,simule_distributions_ademe_2023
56182,D,F,maison,1994,70.8,278.0,2024-12-23,53,simule_distributions_ademe_2023
22159,F,D,appartement,1925,43.8,582.0,2024-12-23,53,simule_distributions_ademe_2023
35395,D,D,immeuble,1973,115.7,197.0,2024-12-24,53,simule_distributions_ademe_2023
35092,E,D,appartement,1981,43.0,673.0,2024-12-24,53,simule_distributions_ademe_2023
56118,D,D,maison,1987,40.0,228.0,2024-12-24,53,simule_distributions_ademe_2023
22079,G,D,appartement,1969,102.6,615.0,2024-12-24,53,simule_distributions_ademe_2023
35193,D,G,appartement,1965,121.3,239.0,2024-12-25,53,simule_distributions_ademe_2023
35254,E,D,maison,1975,101.6,583.0,2024-12-25,53,simule_distributions_ademe_2023
56307,D,G,maison,1968,62.7,277.0,2024-12-25,53,simule_distributions_ademe_2023
56168,E,E,appartement,1970,30.3,506.0,2024-12-25,53,simule_distributions_ademe_2023
35095,B,D,maison,2018,107.6,97.0,2024-12-26,53,simule_distributions_ademe_2023
56295,F,F,maison,1940,55.6,612.0,2024-12-26,53,simule_distributions_ademe_2023
22127,E,D,immeuble,1977,50.8,390.0,2024-12-26,53,simule_distributions_ademe_2023
56333,G,D,maison,1936,68.6,372.0,2024-12-26,53,simule_distributions_ademe_2023
35355,B,C,appartement,1995,55.0,78.0,2024-12-27,53,simule_distributions_ademe_2023
22380,D,E,maison,1965,34.0,296.0,2024-12-27,53,simule_distributions_ademe_2023
22099,C,F,appartement,2014,62.1,252.0,2024-12-27,53,simule_distributions_ademe_2023
29095,F,A,appartement,1960,78.3,665.0,2024-12-27,53,simule_distributions_ademe_2023
22177,D,C,appartement,1975,96.9,265.0,2024-12-28,53,simule_distributions_ademe_2023
29193,G,C,maison,1945,34.9,495.0,2024-12-28,53,simule_distributions_ademe_2023
56293,F,E,maison,1972,51.9,337.0,2024-12-28,53,simule_distributions_ademe_2023
35184,E,C,maison,1991,87.1,508.0,2024-12-28,53,simule_distributions_ademe_2023
22254,E,F,maison,1989,118.3,590.0,2024-12-29,53,simule_distributions_ademe_2023
35196,E,F,appartement,1985,35.4,608.0,2024-12-29,53,simule_distributions_ademe_2023
29051,C,E,maison,2011,57.9,219.0,2024-12-29,53,simule_distributions_ademe_2023
29302,D,D,appartement,1990,53.3,259.0,2024-12-29,53,simule_distributions_ademe_2023
35345,F,E,appartement,1921,50.9,347.0,2024-12-30,53,simule_distributions_ademe_2023
29360,A,D,appartement,2005,36.6,83.0,2024-12-30,53,simule_distributions_ademe_2023
35240,G,C,appartement,1936,137.8,404.0,2024-12-30,53,simule_distributions_ademe_2023
56007,E,F,maison,1989,33.2,611.0,2024-12-31,53,simule_distributions_ademe_2023
