code_insee_commune_actualise,etiquette_dpe,etiquette_ges,type_batiment,annee_construction,surface_habitable_logement,consommation_energie_primaire,date_reception_dpe,region_code,source
77131,F,D,appartement,1953,60.2,337.0,2021-07-01,11,simule_distributions_ademe_2023
77140,E,G,maison,1982,31.6,360.0,2021-07-01,11,simule_distributions_ademe_2023
91015,E,G,appartement,1982,48.9,648.0,2021-07-01,11,simule_distributions_ademe_2023
78346,C,G,appartement,1997,54.9,298.0,2021-07-01,11,simule_distributions_ademe_2023
93186,B,E,maison,1990,45.0,131.0,2021-07-02,11,simule_distributions_ademe_2023
92077,F,D,maison,1932,86.5,340.0,2021-07-02,11,simule_distributions_ademe_2023
92102,D,D,maison,1991,54.3,248.0,2021-07-02,11,simule_distributions_ademe_2023
94387,D,D,appartement,1979,82.9,231.0,2021-07-02,11,simule_distributions_ademe_2023
78318,C,E,maison,2015,59.0,163.0,2021-07-03,11,simule_distributions_ademe_2023
93361,D,G,maison,1980,119.1,289.0,2021-07-03,11,simule_distributions_ademe_2023
92051,D,D,maison,1980,76.3,298.0,2021-07-03,11,simule_distributions_ademe_2023
91342,E,F,maison,1985,62.2,339.0,2021-07-03,11,simule_distributions_ademe_2023
94339,F,D,maison,1937,247.9,629.0,2021-07-04,11,simule_distributions_ademe_2023
75019,E,C,appartement,1985,60.2,532.0,2021-07-04,11,simule_distributions_ademe_2023
95215,D,E,appartement,1992,94.2,202.0,2021-07-04,11,simule_distributions_ademe_2023
93379,C,G,appartement,1994,90.9,242.0,2021-07-04,11,simule_distributions_ademe_2023
91197,E,G,appartement,1976,52.8,644.0,2021-07-05,11,simule_distributions_ademe_2023
94251,D,E,appartement,1966,66.6,325.0,2021-07-05,11,simule_distributions_ademe_2023
94280,B,D,appartement,1985,103.0,128.0,2021-07-05,11,simule_distributions_ademe_2023
94300,E,E,appartement,1989,33.8,655.0,2021-07-05,11,simule_distributions_ademe_2023
78369,D,D,maison,1983,54.9,156.0,2021-07-06,11,simule_distributions_ademe_2023
92278,C,E,maison,1992,61.5,182.0,2021-07-06,11,simule_distributions_ademe_2023
91161,B,D,maison,1998,124.5,105.0,2021-07-06,11,simule_distributions_ademe_2023
95297,D,D,maison,1972,58.9,215.0,2021-07-06,11,simule_distributions_ademe_2023
78009,B,C,maison,1991,79.6,113.0,2021-07-07,11,simule_distributions_ademe_2023
91138,E,D,maison,1981,41.9,532.0,2021-07-07,11,simule_distributions_ademe_2023
92095,B,D,immeuble,1996,27.6,96.0,2021-07-07,11,simule_distributions_ademe_2023
92274,D,E,maison,1990,49.2,298.0,2021-07-07,11,simule_distributions_ademe_2023
91363,D,D,maison,1971,84.0,209.0,2021-07-08,11,simule_distributions_ademe_2023
95159,C,D,maison,1988,75.9,301.0,2021-07-08,11,simule_distributions_ademe_2023
95386,D,B,maison,1978,59.4,260.0,2021-07-08,11,simule_distributions_ademe_2023
94109,D,D,appartement,1972,119.1,263.0,2021-07-08,11,simule_distributions_ademe_2023
91159,A,E,appartement,2010,51.9,92.0,2021-07-09,11,simule_distributions_ademe_2023
92367,F,G,appartement,1969,27.4,465.0,2021-07-09,11,simule_distributions_ademe_2023
78333,C,D,appartement,2000,56.3,178.0,2021-07-09,11,simule_distributions_ademe_2023
75052,C,D,maison,1993,75.3,318.0,2021-07-09,11,simule_distributions_ademe_2023
92051,E,G,appartement,1975,76.7,561.0,2021-07-10,11,simule_distributions_ademe_2023
91063,B,D,appartement,2007,106.1,90.0,2021-07-10,11,simule_distributions_ademe_2023
91033,D,B,appartement,1966,62.0,157.0,2021-07-10,11,simule_distributions_ademe_2023
94235,D,F,immeuble,1980,148.3,239.0,2021-07-10,11,simule_distributions_ademe_2023
92040,D,E,maison,1984,99.1,170.0,2021-07-11,11,simule_distributions_ademe_2023
95124,G,A,maison,1925,49.4,416.0,2021-07-11,11,simule_distributions_ademe_2023
93244,E,F,maison,1968,108.9,572.0,2021-07-11,11,simule_distributions_ademe_2023
94262,D,F,appartement,1994,41.7,299.0,2021-07-12,11,simule_distributions_ademe_2023
94369,F,C,immeuble,1935,85.3,354.0,2021-07-12,11,simule_distributions_ademe_2023
95377,F,C,appartement,1954,54.8,356.0,2021-07-12,11,simule_distributions_ademe_2023
77247,C,F,maison,1995,48.4,308.0,2021-07-12,11,simule_distributions_ademe_2023
93015,D,F,appartement,1977,37.1,162.0,2021-07-13,11,simule_distributions_ademe_2023
94238,C,G,maison,2016,42.1,272.0,2021-07-13,11,simule_distributions_ademe_2023
78322,D,G,appartement,1980,92.5,316.0,2021-07-13,11,simule_distributions_ademe_2023
95220,G,F,appartement,1957,40.5,543.0,2021-07-13,11,simule_distributions_ademe_2023
92136,D,D,maison,1986,134.8,264.0,2021-07-14,11,simule_distributions_ademe_2023
91084,D,F,appartement,1967,149.3,162.0,2021-07-14,11,simule_distributions_ademe_2023
94160,F,C,appartement,1966,101.1,347.0,2021-07-14,11,simule_distributions_ademe_2023
93365,G,E,appartement,1929,56.0,566.0,2021-07-14,11,simule_distributions_ademe_2023
95051,C,F,maison,2001,44.3,283.0,2021-07-15,11,simule_distributions_ademe_2023
78395,E,G,appartement,1992,83.6,687.0,2021-07-15,11,simule_distributions_ademe_2023
91328,B,G,maison,1989,28.6,98.0,2021-07-15,11,simule_distributions_ademe_2023
91206,C,F,maison,1995,72.0,284.0,2021-07-15,11,simule_distributions_ademe_2023
95141,D,G,maison,1966,98.8,221.0,2021-07-16,11,simule_distributions_ademe_2023
94042,E,D,immeuble,1993,117.8,542.0,2021-07-16,11,simule_distributions_ademe_2023
92359,D,F,appartement,1978,65.6,281.0,2021-07-16,11,simule_distributions_ademe_2023
92386,C,A,maison,2006,85.8,166.0,2021-07-16,11,simule_distributions_ademe_2023
75015,C,D,maison,1993,48.6,248.0,2021-07-17,11,simule_distributions_ademe_2023
94155,F,D,appartement,1938,18.0,468.0,2021-07-17,11,simule_distributions_ademe_2023
95081,E,E,appartement,1994,113.1,691.0,2021-07-17,11,simule_distributions_ademe_2023
93298,G,F,appartement,1949,124.7,523.0,2021-07-17,11,simule_distributions_ademe_2023
91390,D,B,maison,1977,91.2,250.0,2021-07-18,11,simule_distributions_ademe_2023
77089,D,E,appartement,1965,111.7,298.0,2021-07-18,11,simule_distributions_ademe_2023
77385,F,F,maison,1954,71.6,430.0,2021-07-18,11,simule_distributions_ademe_2023
95339,E,F,maison,1987,42.5,420.0,2021-07-18,11,simule_distributions_ademe_2023
77188,D,G,maison,1979,25.9,250.0,2021-07-19,11,simule_distributions_ademe_2023
91120,D,B,maison,1974,55.5,284.0,2021-07-19,11,simule_distributions_ademe_2023
94034,C,D,appartement,1988,75.5,193.0,2021-07-19,11,simule_distributions_ademe_2023
95152,F,D,appartement,1923,91.5,522.0,2021-07-19,11,simule_distributions_ademe_2023
93076,C,A,appartement,2019,58.2,175.0,2021-07-20,11,simule_distributions_ademe_2023
94349,D,F,appartement,1994,25.1,223.0,2021-07-20,11,simule_distributions_ademe_2023
93296,D,E,appartement,1994,32.6,198.0,2021-07-20,11,simule_distributions_ademe_2023
91348,C,D,appartement,2008,147.9,274.0,2021-07-20,11,simule_distributions_ademe_2023
93327,F,D,maison,1960,54.0,577.0,2021-07-21,11,simule_distributions_ademe_2023
93206,D,D,appartement,1970,90.1,308.0,2021-07-21,11,simule_distributions_ademe_2023
92228,G,F,maison,1923,61.1,656.0,2021-07-21,11,simule_distributions_ademe_2023
94328,F,D,maison,1960,50.3,544.0,2021-07-21,11,simule_distributions_ademe_2023
94080,D,B,maison,1975,33.2,250.0,2021-07-22,11,simule_distributions_ademe_2023
77189,A,C,maison,1988,49.0,133.0,2021-07-22,11,simule_distributions_ademe_2023
78250,B,E,appartement,1985,75.4,87.0,2021-07-22,11,simule_distributions_ademe_2023
94186,F,D,maison,1924,62.8,607.0,2021-07-23,11,simule_distributions_ademe_2023
78266,D,F,maison,1993,64.7,327.0,2021-07-23,11,simule_distributions_ademe_2023
93156,B,D,appartement,2017,103.1,143.0,2021-07-23,11,simule_distributions_ademe_2023
91344,C,D,appartement,2010,64.3,176.0,2021-07-23,11,simule_distributions_ademe_2023
95056,C,C,appartement,2018,83.4,215.0,2021-07-24,11,simule_distributions_ademe_2023
95169,G,G,appartement,1958,64.9,423.0,2021-07-24,11,simule_distributions_ademe_2023
92304,F,E,appartement,1967,164.9,527.0,2021-07-24,11,simule_distributions_ademe_2023
93272,C,D,immeuble,2009,95.1,210.0,2021-07-24,11,simule_distributions_ademe_2023
77158,B,E,appartement,2013,31.8,68.0,2021-07-25,11,simule_distributions_ademe_2023
93081,E,F,appartement,1974,114.7,677.0,2021-07-25,11,simule_distributions_ademe_2023
95224,E,E,appartement,1976,37.6,637.0,2021-07-25,11,simule_distributions_ademe_2023
94155,E,E,maison,1987,23.5,574.0,2021-07-25,11,simule_distributions_ademe_2023
78127,F,D,appartement,1966,61.9,471.0,2021-07-26,11,simule_distributions_ademe_2023
77260,G,C,appartement,1954,81.4,354.0,2021-07-26,11,simule_distributions_ademe_2023
95390,D,C,maison,1988,40.0,183.0,2021-07-26,11,simule_distributions_ademe_2023
93210,F,D,maison,1959,61.8,562.0,2021-07-26,11,simule_distributions_ademe_2023
91119,D,D,maison,1979,22.5,304.0,2021-07-27,11,simule_distributions_ademe_2023
95169,E,G,maison,1967,89.7,349.0,2021-07-27,11,simule_distributions_ademe_2023
91101,C,A,appartement,2006,25.6,298.0,2021-07-27,11,simule_distributions_ademe_2023
78249,C,D,appartement,2013,70.3,245.0,2021-07-27,11,simule_distributions_ademe_2023
77386,C,E,maison,1989,45.7,259.0,2021-07-28,11,simule_distributions_ademe_2023
78110,C,D,appartement,2013,97.5,320.0,2021-07-28,11,simule_distributions_ademe_2023
94385,A,C,appartement,2016,71.3,68.0,2021-07-28,11,simule_distributions_ademe_2023
93367,E,F,appartement,1992,70.4,621.0,2021-07-28,11,simule_distributions_ademe_2023
94378,F,E,appartement,1948,39.4,359.0,2021-07-29,11,simule_distributions_ademe_2023
93009,C,A,appartement,2015,48.4,318.0,2021-07-29,11,simule_distributions_ademe_2023
92320,F,E,appartement,1933,115.9,458.0,2021-07-29,11,simule_distributions_ademe_2023
75132,D,G,maison,1991,32.3,205.0,2021-07-29,11,simule_distributions_ademe_2023
77324,C,F,maison,2011,39.0,322.0,2021-07-30,11,simule_distributions_ademe_2023
95242,B,E,maison,1987,54.5,123.0,2021-07-30,11,simule_distributions_ademe_2023
91216,D,D,appartement,1986,72.2,260.0,2021-07-30,11,simule_distributions_ademe_2023
75052,E,B,maison,1973,31.2,541.0,2021-07-30,11,simule_distributions_ademe_2023
78095,D,C,appartement,1974,64.1,205.0,2021-07-31,11,simule_distributions_ademe_2023
77304,E,D,maison,1992,49.2,476.0,2021-07-31,11,simule_distributions_ademe_2023
95328,G,E,appartement,1937,42.3,511.0,2021-07-31,11,simule_distributions_ademe_2023
77138,D,G,maison,1970,59.1,262.0,2021-07-31,11,simule_distributions_ademe_2023
75080,D,G,maison,1974,39.5,316.0,2021-08-01,11,simule_distributions_ademe_2023
95377,D,B,appartement,1983,64.2,284.0,2021-08-01,11,simule_distributions_ademe_2023
93105,G,D,appartement,1948,75.3,684.0,2021-08-01,11,simule_distributions_ademe_2023
75117,A,E,maison,1985,141.7,148.0,2021-08-01,11,simule_distributions_ademe_2023
77040,C,D,appartement,1990,56.4,322.0,2021-08-02,11,simule_distributions_ademe_2023
93037,B,D,maison,1999,80.0,139.0,2021-08-02,11,simule_distributions_ademe_2023
91388,D,D,maison,1968,92.4,327.0,2021-08-02,11,simule_distributions_ademe_2023
77220,D,B,maison,1967,64.9,192.0,2021-08-03,11,simule_distributions_ademe_2023
78231,E,D,maison,1981,63.7,686.0,2021-08-03,11,simule_distributions_ademe_2023
93360,B,E,maison,2013,116.2,65.0,2021-08-03,11,simule_distributions_ademe_2023
93155,A,F,maison,1990,63.1,121.0,2021-08-03,11,simule_distributions_ademe_2023
95085,E,E,maison,1969,60.6,577.0,2021-08-04,11,simule_distributions_ademe_2023
93274,F,E,maison,1961,37.3,417.0,2021-08-04,11,simule_distributions_ademe_2023
94248,D,G,appartement,1991,32.9,209.0,2021-08-04,11,simule_distributions_ademe_2023
95075,C,C,appartement,2011,50.3,157.0,2021-08-04,11,simule_distributions_ademe_2023
93151,C,F,appartement,2003,29.4,212.0,2021-08-05,11,simule_distributions_ademe_2023
94280,D,C,appartement,1986,101.6,260.0,2021-08-05,11,simule_distributions_ademe_2023
95008,D,F,appartement,1981,72.5,186.0,2021-08-05,11,simule_distributions_ademe_2023
92169,E,E,maison,1983,115.3,422.0,2021-08-05,11,simule_distributions_ademe_2023
78349,E,D,maison,1970,25.0,479.0,2021-08-06,11,simule_distributions_ademe_2023
93007,B,C,maison,2018,50.1,88.0,2021-08-06,11,simule_distributions_ademe_2023
94015,C,E,maison,2005,93.6,325.0,2021-08-06,11,simule_distributions_ademe_2023
91157,G,G,maison,1948,65.0,561.0,2021-08-06,11,simule_distributions_ademe_2023
94391,D,C,maison,1969,127.0,266.0,2021-08-07,11,simule_distributions_ademe_2023
93023,E,G,appartement,1973,82.8,665.0,2021-08-07,11,simule_distributions_ademe_2023
92224,C,B,maison,2018,37.5,282.0,2021-08-07,11,simule_distributions_ademe_2023
92148,E,F,appartement,1966,78.4,634.0,2021-08-07,11,simule_distributions_ademe_2023
91205,F,B,maison,1951,36.1,566.0,2021-08-08,11,simule_distributions_ademe_2023
78143,A,D,maison,1996,47.1,144.0,2021-08-08,11,simule_distributions_ademe_2023
95285,C,G,maison,1986,106.8,225.0,2021-08-08,11,simule_distributions_ademe_2023
92017,D,G,maison,1983,68.1,265.0,2021-08-08,11,simule_distributions_ademe_2023
77374,D,F,maison,1973,40.1,326.0,2021-08-09,11,simule_distributions_ademe_2023
94364,D,D,appartement,1968,52.8,246.0,2021-08-09,11,simule_distributions_ademe_2023
94151,E,F,maison,1992,126.6,383.0,2021-08-09,11,simule_distributions_ademe_2023
77344,G,E,maison,1943,61.2,694.0,2021-08-09,11,simule_distributions_ademe_2023
77099,D,G,maison,1979,72.7,213.0,2021-08-10,11,simule_distributions_ademe_2023
78158,A,G,maison,2001,67.3,136.0,2021-08-10,11,simule_distributions_ademe_2023
91048,B,C,appartement,2016,75.4,87.0,2021-08-10,11,simule_distributions_ademe_2023
78252,D,D,appartement,1982,81.8,329.0,2021-08-10,11,simule_distributions_ademe_2023
93033,E,C,maison,1974,48.3,609.0,2021-08-11,11,simule_distributions_ademe_2023
77185,F,E,immeuble,1931,29.4,419.0,2021-08-11,11,simule_distributions_ademe_2023
92094,C,C,maison,2004,60.4,328.0,2021-08-11,11,simule_distributions_ademe_2023
95362,D,D,immeuble,1965,208.4,224.0,2021-08-11,11,simule_distributions_ademe_2023
78222,D,F,maison,1991,77.6,256.0,2021-08-12,11,simule_distributions_ademe_2023
77248,F,D,appartement,1958,118.9,450.0,2021-08-12,11,simule_distributions_ademe_2023
94013,E,E,appartement,1968,27.4,511.0,2021-08-12,11,simule_distributions_ademe_2023
91267,G,D,maison,1971,79.8,568.0,2021-08-12,11,simule_distributions_ademe_2023
95383,E,F,appartement,1992,110.3,534.0,2021-08-13,11,simule_distributions_ademe_2023
91187,A,D,appartement,2016,30.7,126.0,2021-08-13,11,simule_distributions_ademe_2023
92197,G,D,maison,1926,102.8,487.0,2021-08-13,11,simule_distributions_ademe_2023
94367,G,E,appartement,1921,59.5,446.0,2021-08-14,11,simule_distributions_ademe_2023
77391,D,D,maison,1974,44.9,295.0,2021-08-14,11,simule_distributions_ademe_2023
93375,E,G,maison,1971,25.9,350.0,2021-08-14,11,simule_distributions_ademe_2023
93368,E,G,appartement,1990,269.1,557.0,2021-08-14,11,simule_distributions_ademe_2023
93192,G,D,maison,1934,91.4,611.0,2021-08-15,11,simule_distributions_ademe_2023
95064,F,F,maison,1920,46.0,605.0,2021-08-15,11,simule_distributions_ademe_2023
77079,F,G,maison,1972,160.4,458.0,2021-08-15,11,simule_distributions_ademe_2023
91349,F,E,maison,1968,76.5,508.0,2021-08-15,11,simule_distributions_ademe_2023
77133,D,C,maison,1969,39.1,201.0,2021-08-16,11,simule_distributions_ademe_2023
92200,E,C,maison,1994,44.0,565.0,2021-08-16,11,simule_distributions_ademe_2023
94155,G,F,appartement,1957,76.8,689.0,2021-08-16,11,simule_distributions_ademe_2023
95088,C,C,maison,2000,39.0,203.0,2021-08-16,11,simule_distributions_ademe_2023
91269,D,E,appartement,1965,18.6,242.0,2021-08-17,11,simule_distributions_ademe_2023
95347,C,F,maison,1992,53.0,175.0,2021-08-17,11,simule_distributions_ademe_2023
94177,D,B,maison,1982,107.9,272.0,2021-08-17,11,simule_distributions_ademe_2023
92027,C,C,appartement,2016,61.4,168.0,2021-08-17,11,simule_distributions_ademe_2023
95207,D,E,appartement,1969,111.4,310.0,2021-08-18,11,simule_distributions_ademe_2023
91385,C,E,maison,1987,78.2,259.0,2021-08-18,11,simule_distributions_ademe_2023
77362,D,A,appartement,1984,62.9,195.0,2021-08-18,11,simule_distributions_ademe_2023
78338,C,F,appartement,1998,81.6,158.0,2021-08-18,11,simule_distributions_ademe_2023
95137,G,E,immeuble,1922,52.5,469.0,2021-08-19,11,simule_distributions_ademe_2023
78182,D,E,maison,1970,198.8,276.0,2021-08-19,11,simule_distributions_ademe_2023
93270,D,G,maison,1987,39.7,204.0,2021-08-19,11,simule_distributions_ademe_2023
92076,E,B,immeuble,1974,136.5,424.0,2021-08-19,11,simule_distributions_ademe_2023
94233,G,C,maison,1953,26.9,408.0,2021-08-20,11,simule_distributions_ademe_2023
92300,E,F,appartement,1980,72.5,564.0,2021-08-20,11,simule_distributions_ademe_2023
92081,B,E,maison,2008,31.4,147.0,2021-08-20,11,simule_distributions_ademe_2023
95037,F,F,appartement,1934,62.3,539.0,2021-08-20,11,simule_distributions_ademe_2023
78031,D,B,appartement,1973,87.7,288.0,2021-08-21,11,simule_distributions_ademe_2023
95185,D,F,appartement,1994,68.4,260.0,2021-08-21,11,simule_distributions_ademe_2023
94308,F,E,immeuble,1938,107.3,475.0,2021-08-21,11,simule_distributions_ademe_2023
93354,C,F,appartement,2010,51.9,249.0,2021-08-21,11,simule_distributions_ademe_2023
91305,F,D,appartement,1962,57.5,370.0,2021-08-22,11,simule_distributions_ademe_2023
92356,C,B,maison,1994,82.4,166.0,2021-08-22,11,simule_distributions_ademe_2023
95245,F,G,appartement,1966,48.6,512.0,2021-08-22,11,simule_distributions_ademe_2023
91284,D,E,maison,1976,80.5,200.0,2021-08-22,11,simule_distributions_ademe_2023
95395,E,C,appartement,1984,112.9,490.0,2021-08-23,11,simule_distributions_ademe_2023
93156,D,E,maison,1981,43.9,172.0,2021-08-23,11,simule_distributions_ademe_2023
92002,D,D,maison,1976,59.3,276.0,2021-08-23,11,simule_distributions_ademe_2023
78247,F,E,maison,1942,98.7,472.0,2021-08-23,11,simule_distributions_ademe_2023
95342,E,F,immeuble,1989,50.5,653.0,2021-08-24,11,simule_distributions_ademe_2023
94212,C,E,maison,2006,117.4,220.0,2021-08-24,11,simule_distributions_ademe_2023
95372,D,C,appartement,1978,180.9,273.0,2021-08-24,11,simule_distributions_ademe_2023
77125,E,G,appartement,1973,60.7,368.0,2021-08-25,11,simule_distributions_ademe_2023
93029,E,D,appartement,1974,87.0,454.0,2021-08-25,11,simule_distributions_ademe_2023
93062,E,F,maison,1990,73.5,359.0,2021-08-25,11,simule_distributions_ademe_2023
78257,A,D,maison,2011,163.1,132.0,2021-08-25,11,simule_distributions_ademe_2023
94348,E,F,maison,1985,55.9,459.0,2021-08-26,11,simule_distributions_ademe_2023
77029,B,D,appartement,2011,72.6,133.0,2021-08-26,11,simule_distributions_ademe_2023
93381,G,E,maison,1959,84.5,460.0,2021-08-26,11,simule_distributions_ademe_2023
91317,C,D,maison,2014,55.0,323.0,2021-08-26,11,simule_distributions_ademe_2023
93354,G,E,appartement,1937,56.9,378.0,2021-08-27,11,simule_distributions_ademe_2023
78006,D,G,maison,1981,102.6,326.0,2021-08-27,11,simule_distributions_ademe_2023
77328,F,C,appartement,1959,26.2,494.0,2021-08-27,11,simule_distributions_ademe_2023
93063,E,E,appartement,1988,107.2,547.0,2021-08-27,11,simule_distributions_ademe_2023
77382,G,E,maison,1955,76.7,562.0,2021-08-28,11,simule_distributions_ademe_2023
77338,A,F,maison,2015,65.5,141.0,2021-08-28,11,simule_distributions_ademe_2023
77103,D,F,maison,1983,27.2,224.0,2021-08-28,11,simule_distributions_ademe_2023
77047,D,C,maison,1974,86.7,212.0,2021-08-28,11,simule_distributions_ademe_2023
92396,C,C,immeuble,1996,140.3,202.0,2021-08-29,11,simule_distributions_ademe_2023
91303,E,E,maison,1992,43.3,554.0,2021-08-29,11,simule_distributions_ademe_2023
91001,B,E,appartement,1985,150.6,132.0,2021-08-29,11,simule_distributions_ademe_2023
94175,C,B,appartement,2000,54.0,215.0,2021-08-29,11,simule_distributions_ademe_2023
92305,D,G,maison,1982,42.6,191.0,2021-08-30,11,simule_distributions_ademe_2023
93343,A,C,maison,2012,35.8,111.0,2021-08-30,11,simule_distributions_ademe_2023
77030,F,C,maison,1965,40.1,462.0,2021-08-30,11,simule_distributions_ademe_2023
94388,F,G,maison,1972,21.0,584.0,2021-08-30,11,simule_distributions_ademe_2023
95359,C,D,maison,1990,95.6,226.0,2021-08-31,11,simule_distributions_ademe_2023
92050,C,G,immeuble,2013,186.6,168.0,2021-08-31,11,simule_distributions_ademe_2023
93361,E,B,appartement,1976,22.6,476.0,2021-08-31,11,simule_distributions_ademe_2023
93312,F,C,appartement,1921,62.3,408.0,2021-08-31,11,simule_distributions_ademe_2023
77028,F,D,maison,1971,64.7,401.0,2021-09-01,11,simule_distributions_ademe_2023
91139,D,D,maison,1988,38.4,275.0,2021-09-01,11,simule_distributions_ademe_2023
95268,C,F,maison,1996,108.4,237.0,2021-09-01,11,simule_distributions_ademe_2023
95336,C,C,maison,1995,29.4,214.0,2021-09-01,11,simule_distributions_ademe_2023
78096,G,F,maison,1934,56.9,536.0,2021-09-02,11,simule_distributions_ademe_2023
78084,C,G,appartement,2000,86.0,247.0,2021-09-02,11,simule_distributions_ademe_2023
91209,D,E,appartement,1970,61.8,327.0,2021-09-02,11,simule_distributions_ademe_2023
93313,E,C,maison,1979,24.9,526.0,2021-09-02,11,simule_distributions_ademe_2023
95363,A,G,maison,2009,95.2,117.0,2021-09-03,11,simule_distributions_ademe_2023
95198,E,F,immeuble,1991,41.2,530.0,2021-09-03,11,simule_distributions_ademe_2023
91005,C,G,immeuble,1999,41.7,216.0,2021-09-03,11,simule_distributions_ademe_2023
92274,A,B,maison,1993,43.2,109.0,2021-09-03,11,simule_distributions_ademe_2023
78059,C,E,maison,2006,51.0,304.0,2021-09-04,11,simule_distributions_ademe_2023
95058,C,D,maison,2004,103.4,185.0,2021-09-04,11,simule_distributions_ademe_2023
93089,D,C,maison,1983,198.7,151.0,2021-09-04,11,simule_distributions_ademe_2023
95224,D,F,maison,1982,36.6,299.0,2021-09-05,11,simule_distributions_ademe_2023
93212,G,D,immeuble,1951,54.4,591.0,2021-09-05,11,simule_distributions_ademe_2023
77297,D,F,appartement,1965,41.4,259.0,2021-09-05,11,simule_distributions_ademe_2023
95206,D,F,maison,1989,93.4,290.0,2021-09-05,11,simule_distributions_ademe_2023
93217,B,D,maison,2001,80.1,142.0,2021-09-06,11,simule_distributions_ademe_2023
75067,C,G,appartement,2015,55.9,247.0,2021-09-06,11,simule_distributions_ademe_2023
91023,F,D,maison,1939,60.9,511.0,2021-09-06,11,simule_distributions_ademe_2023
78261,C,B,appartement,2019,54.7,282.0,2021-09-06,11,simule_distributions_ademe_2023
91003,C,C,immeuble,2005,42.9,249.0,2021-09-07,11,simule_distributions_ademe_2023
77335,D,B,maison,1987,42.2,208.0,2021-09-07,11,simule_distributions_ademe_2023
77150,G,F,appartement,1951,71.6,553.0,2021-09-07,11,simule_distributions_ademe_2023
93158,E,D,appartement,1989,36.0,398.0,2021-09-07,11,simule_distributions_ademe_2023
78048,D,A,maison,1987,141.2,178.0,2021-09-08,11,simule_distributions_ademe_2023
93167,F,D,appartement,1942,29.1,456.0,2021-09-08,11,simule_distributions_ademe_2023
91303,D,E,appartement,1977,109.1,189.0,2021-09-08,11,simule_distributions_ademe_2023
91295,E,D,appartement,1970,54.3,386.0,2021-09-08,11,simule_distributions_ademe_2023
95270,E,G,appartement,1967,139.2,686.0,2021-09-09,11,simule_distributions_ademe_2023
75119,D,B,maison,1985,98.6,181.0,2021-09-09,11,simule_distributions_ademe_2023
92272,E,C,appartement,1979,36.6,382.0,2021-09-09,11,simule_distributions_ademe_2023
94325,C,E,maison,2015,33.1,268.0,2021-09-09,11,simule_distributions_ademe_2023
77060,B,C,maison,1989,93.3,102.0,2021-09-10,11,simule_distributions_ademe_2023
77208,E,E,appartement,1981,36.9,465.0,2021-09-10,11,simule_distributions_ademe_2023
77127,E,E,maison,1976,118.6,594.0,2021-09-10,11,simule_distributions_ademe_2023
94229,C,G,appartement,1989,67.6,200.0,2021-09-10,11,simule_distributions_ademe_2023
77384,F,G,appartement,1968,89.9,598.0,2021-09-11,11,simule_distributions_ademe_2023
93129,B,D,maison,2000,34.8,96.0,2021-09-11,11,simule_distributions_ademe_2023
94205,E,F,maison,1980,98.0,445.0,2021-09-11,11,simule_distributions_ademe_2023
94020,G,F,appartement,1945,81.7,332.0,2021-09-11,11,simule_distributions_ademe_2023
93237,C,D,appartement,1985,48.8,218.0,2021-09-12,11,simule_distributions_ademe_2023
91029,D,E,appartement,1972,76.2,162.0,2021-09-12,11,simule_distributions_ademe_2023
94201,C,E,appartement,2008,67.7,201.0,2021-09-12,11,simule_distributions_ademe_2023
93089,E,D,appartement,1970,65.5,662.0,2021-09-12,11,simule_distributions_ademe_2023
92370,F,F,appartement,1958,27.1,402.0,2021-09-13,11,simule_distributions_ademe_2023
93321,D,E,maison,1981,85.6,328.0,2021-09-13,11,simule_distributions_ademe_2023
95028,C,E,appartement,2009,44.0,190.0,2021-09-13,11,simule_distributions_ademe_2023
91363,B,G,maison,1992,56.9,65.0,2021-09-13,11,simule_distributions_ademe_2023
92390,D,F,appartement,1971,52.6,303.0,2021-09-14,11,simule_distributions_ademe_2023
91154,D,C,appartement,1973,258.0,169.0,2021-09-14,11,simule_distributions_ademe_2023
95170,F,E,immeuble,1951,93.5,412.0,2021-09-14,11,simule_distributions_ademe_2023
92097,F,G,appartement,1964,66.9,671.0,2021-09-14,11,simule_distributions_ademe_2023
78201,E,G,appartement,1965,74.6,695.0,2021-09-15,11,simule_distributions_ademe_2023
92270,D,B,appartement,1972,44.9,153.0,2021-09-15,11,simule_distributions_ademe_2023
92149,G,G,maison,1964,86.8,687.0,2021-09-15,11,simule_distributions_ademe_2023
93042,E,E,maison,1978,119.7,626.0,2021-09-16,11,simule_distributions_ademe_2023
92055,E,E,maison,1976,80.1,378.0,2021-09-16,11,simule_distributions_ademe_2023
78090,D,G,maison,1977,165.3,265.0,2021-09-16,11,simule_distributions_ademe_2023
95323,E,F,maison,1966,101.3,359.0,2021-09-16,11,simule_distributions_ademe_2023
92150,E,E,appartement,1972,46.5,649.0,2021-09-17,11,simule_distributions_ademe_2023
92051,D,E,immeuble,1978,47.5,280.0,2021-09-17,11,simule_distributions_ademe_2023
92077,D,C,appartement,1988,79.9,200.0,2021-09-17,11,simule_distributions_ademe_2023
92299,E,D,maison,1966,58.6,354.0,2021-09-17,11,simule_distributions_ademe_2023
92380,G,C,appartement,1969,57.8,693.0,2021-09-18,11,simule_distributions_ademe_2023
77381,D,D,appartement,1973,54.4,182.0,2021-09-18,11,simule_distributions_ademe_2023
93173,D,G,appartement,1981,35.8,205.0,2021-09-18,11,simule_distributions_ademe_2023
77342,C,F,appartement,1995,85.9,199.0,2021-09-18,11,simule_distributions_ademe_2023
93130,C,C,maison,2011,56.1,280.0,2021-09-19,11,simule_distributions_ademe_2023
77150,D,C,maison,1994,52.8,201.0,2021-09-19,11,simule_distributions_ademe_2023
93146,C,D,maison,1996,24.4,298.0,2021-09-19,11,simule_distributions_ademe_2023
77180,B,G,maison,1997,36.7,55.0,2021-09-19,11,simule_distributions_ademe_2023
77054,B,D,immeuble,2011,92.1,108.0,2021-09-20,11,simule_distributions_ademe_2023
78217,E,F,maison,1988,63.2,680.0,2021-09-20,11,simule_distributions_ademe_2023
94335,D,G,appartement,1990,87.6,239.0,2021-09-20,11,simule_distributions_ademe_2023
95112,B,E,appartement,2013,41.5,122.0,2021-09-20,11,simule_distributions_ademe_2023
91059,C,F,appartement,1993,52.0,157.0,2021-09-21,11,simule_distributions_ademe_2023
93362,F,C,maison,1947,33.8,467.0,2021-09-21,11,simule_distributions_ademe_2023
95394,G,C,immeuble,1940,52.3,345.0,2021-09-21,11,simule_distributions_ademe_2023
78190,C,G,appartement,1998,97.2,160.0,2021-09-21,11,simule_distributions_ademe_2023
94074,C,D,appartement,2010,45.5,205.0,2021-09-22,11,simule_distributions_ademe_2023
95212,A,F,maison,2006,61.4,77.0,2021-09-22,11,simule_distributions_ademe_2023
92113,B,B,appartement,2012,136.5,55.0,2021-09-22,11,simule_distributions_ademe_2023
93065,C,F,appartement,1986,158.9,181.0,2021-09-22,11,simule_distributions_ademe_2023
77315,C,F,appartement,2006,99.7,191.0,2021-09-23,11,simule_distributions_ademe_2023
92389,D,F,appartement,1984,100.1,316.0,2021-09-23,11,simule_distributions_ademe_2023
93120,D,F,maison,1983,77.8,264.0,2021-09-23,11,simule_distributions_ademe_2023
93248,D,D,maison,1984,154.3,266.0,2021-09-23,11,simule_distributions_ademe_2023
92102,D,C,maison,1989,78.1,261.0,2021-09-24,11,simule_distributions_ademe_2023
91303,E,F,appartement,1988,71.1,578.0,2021-09-24,11,simule_distributions_ademe_2023
78070,C,G,immeuble,2018,49.6,222.0,2021-09-24,11,simule_distributions_ademe_2023
93345,F,E,maison,1951,57.4,466.0,2021-09-24,11,simule_distributions_ademe_2023
94028,D,E,appartement,1984,76.0,173.0,2021-09-25,11,simule_distributions_ademe_2023
77193,C,F,appartement,1998,82.5,207.0,2021-09-25,11,simule_distributions_ademe_2023
77199,C,E,immeuble,2014,128.0,294.0,2021-09-25,11,simule_distributions_ademe_2023
75139,D,F,appartement,1975,90.1,306.0,2021-09-25,11,simule_distributions_ademe_2023
78179,D,D,maison,1973,100.5,316.0,2021-09-26,11,simule_distributions_ademe_2023
92321,D,F,maison,1991,39.1,191.0,2021-09-26,11,simule_distributions_ademe_2023
92388,G,E,maison,1963,39.2,405.0,2021-09-26,11,simule_distributions_ademe_2023
77171,C,D,maison,1986,50.8,326.0,2021-09-27,11,simule_distributions_ademe_2023
95225,D,F,appartement,1965,67.0,199.0,2021-09-27,11,simule_distributions_ademe_2023
91240,C,G,appartement,2002,72.0,182.0,2021-09-27,11,simule_distributions_ademe_2023
92153,C,D,appartement,2008,30.5,292.0,2021-09-27,11,simule_distributions_ademe_2023
91148,C,E,appartement,2012,57.6,265.0,2021-09-28,11,simule_distributions_ademe_2023
78039,C,F,maison,1985,132.4,290.0,2021-09-28,11,simule_distributions_ademe_2023
94200,F,G,appartement,1956,42.6,559.0,2021-09-28,11,simule_distributions_ademe_2023
77151,C,C,appartement,1993,32.7,299.0,2021-09-28,11,simule_distributions_ademe_2023
78217,C,D,appartement,2002,144.6,179.0,2021-09-29,11,simule_distributions_ademe_2023
91330,D,G,maison,1975,129.2,191.0,2021-09-29,11,simule_distributions_ademe_2023
95322,C,E,appartement,2008,47.6,307.0,2021-09-29,11,simule_distributions_ademe_2023
91196,G,E,appartement,1934,64.1,507.0,2021-09-29,11,simule_distributions_ademe_2023
94035,C,E,appartement,2001,45.5,219.0,2021-09-30,11,simule_distributions_ademe_2023
78203,F,D,appartement,1956,84.1,379.0,2021-09-30,11,simule_distributions_ademe_2023
94146,C,C,maison,1987,83.4,160.0,2021-09-30,11,simule_distributions_ademe_2023
92192,E,G,appartement,1990,77.0,428.0,2021-09-30,11,simule_distributions_ademe_2023
95050,D,D,maison,1981,63.3,216.0,2021-10-01,11,simule_distributions_ademe_2023
91095,D,F,appartement,1991,85.3,207.0,2021-10-01,11,simule_distributions_ademe_2023
93026,C,D,appartement,2001,40.6,153.0,2021-10-01,11,simule_distributions_ademe_2023
94142,G,G,appartement,1922,26.2,432.0,2021-10-01,11,simule_distributions_ademe_2023
91366,C,E,appartement,2007,32.6,203.0,2021-10-02,11,simule_distributions_ademe_2023
93218,E,F,appartement,1984,86.3,372.0,2021-10-02,11,simule_distributions_ademe_2023
95225,F,E,appartement,1961,48.4,391.0,2021-10-02,11,simule_distributions_ademe_2023
75113,C,G,maison,2016,88.5,217.0,2021-10-02,11,simule_distributions_ademe_2023
93183,B,E,maison,2004,53.1,102.0,2021-10-03,11,simule_distributions_ademe_2023
75024,C,D,appartement,2007,67.0,154.0,2021-10-03,11,simule_distributions_ademe_2023
94321,C,E,appartement,1992,75.4,152.0,2021-10-03,11,simule_distributions_ademe_2023
95099,C,F,appartement,1995,21.1,218.0,2021-10-03,11,simule_distributions_ademe_2023
91302,C,E,maison,1986,67.4,254.0,2021-10-04,11,simule_distributions_ademe_2023
95116,B,E,appartement,2009,36.8,81.0,2021-10-04,11,simule_distributions_ademe_2023
77130,F,B,appartement,1968,107.2,520.0,2021-10-04,11,simule_distributions_ademe_2023
78227,E,G,maison,1965,117.5,584.0,2021-10-04,11,simule_distributions_ademe_2023
94338,E,D,appartement,1980,201.4,497.0,2021-10-05,11,simule_distributions_ademe_2023
77243,B,F,appartement,1997,82.1,79.0,2021-10-05,11,simule_distributions_ademe_2023
78317,D,D,appartement,1994,40.3,212.0,2021-10-05,11,simule_distributions_ademe_2023
92305,E,E,maison,1994,55.4,385.0,2021-10-05,11,simule_distributions_ademe_2023
95287,F,A,immeuble,1972,90.9,354.0,2021-10-06,11,simule_distributions_ademe_2023
93265,D,E,appartement,1966,73.8,268.0,2021-10-06,11,simule_distributions_ademe_2023
93026,B,G,maison,1986,116.7,76.0,2021-10-06,11,simule_distributions_ademe_2023
93322,C,E,maison,2009,68.2,300.0,2021-10-06,11,simule_distributions_ademe_2023
91042,E,E,appartement,1971,66.5,439.0,2021-10-07,11,simule_distributions_ademe_2023
92200,B,E,maison,1988,67.1,102.0,2021-10-07,11,simule_distributions_ademe_2023
93169,E,E,appartement,1979,32.2,481.0,2021-10-07,11,simule_distributions_ademe_2023
78211,F,E,appartement,1926,69.0,630.0,2021-10-08,11,simule_distributions_ademe_2023
93038,D,E,maison,1978,56.8,170.0,2021-10-08,11,simule_distributions_ademe_2023
77287,E,E,maison,1972,129.6,570.0,2021-10-08,11,simule_distributions_ademe_2023
94221,G,D,maison,1947,26.2,571.0,2021-10-08,11,simule_distributions_ademe_2023
94092,G,G,appartement,1973,69.6,357.0,2021-10-09,11,simule_distributions_ademe_2023
95267,C,B,maison,2013,116.1,268.0,2021-10-09,11,simule_distributions_ademe_2023
93279,F,G,appartement,1931,52.1,676.0,2021-10-09,11,simule_distributions_ademe_2023
95333,E,F,maison,1990,50.8,696.0,2021-10-09,11,simule_distributions_ademe_2023
94374,D,E,appartement,1988,79.5,155.0,2021-10-10,11,simule_distributions_ademe_2023
93301,D,F,appartement,1972,64.2,156.0,2021-10-10,11,simule_distributions_ademe_2023
92021,D,F,maison,1994,29.5,312.0,2021-10-10,11,simule_distributions_ademe_2023
77043,C,E,immeuble,2002,121.3,209.0,2021-10-10,11,simule_distributions_ademe_2023
92073,D,D,appartement,1990,62.4,297.0,2021-10-11,11,simule_distributions_ademe_2023
78203,F,E,appartement,1934,86.7,650.0,2021-10-11,11,simule_distributions_ademe_2023
95115,C,F,maison,1988,38.5,237.0,2021-10-11,11,simule_distributions_ademe_2023
92178,D,E,maison,1971,89.2,193.0,2021-10-11,11,simule_distributions_ademe_2023
94157,E,E,maison,1988,82.5,645.0,2021-10-12,11,simule_distributions_ademe_2023
78254,E,E,appartement,1968,101.7,346.0,2021-10-12,11,simule_distributions_ademe_2023
92261,F,D,immeuble,1944,102.2,487.0,2021-10-12,11,simule_distributions_ademe_2023
75066,D,F,appartement,1986,84.8,300.0,2021-10-12,11,simule_distributions_ademe_2023
91272,D,C,appartement,1978,107.2,221.0,2021-10-13,11,simule_distributions_ademe_2023
94050,B,D,immeuble,2017,69.2,119.0,2021-10-13,11,simule_distributions_ademe_2023
93045,B,D,maison,1996,43.2,107.0,2021-10-13,11,simule_distributions_ademe_2023
91330,D,E,appartement,1973,80.7,171.0,2021-10-13,11,simule_distributions_ademe_2023
93183,C,D,appartement,2018,44.7,312.0,2021-10-14,11,simule_distributions_ademe_2023
78084,G,C,appartement,1931,144.4,390.0,2021-10-14,11,simule_distributions_ademe_2023
92189,E,F,maison,1978,88.9,546.0,2021-10-14,11,simule_distributions_ademe_2023
92259,D,D,maison,1965,154.3,239.0,2021-10-14,11,simule_distributions_ademe_2023
95225,D,G,appartement,1986,48.4,223.0,2021-10-15,11,simule_distributions_ademe_2023
92312,C,E,appartement,1988,72.1,248.0,2021-10-15,11,simule_distributions_ademe_2023
91210,D,E,maison,1965,94.2,279.0,2021-10-15,11,simule_distributions_ademe_2023
91183,D,D,maison,1985,110.2,185.0,2021-10-15,11,simule_distributions_ademe_2023
94107,G,D,appartement,1929,51.0,352.0,2021-10-16,11,simule_distributions_ademe_2023
95330,D,D,appartement,1969,85.8,308.0,2021-10-16,11,simule_distributions_ademe_2023
91152,C,D,maison,2015,98.4,323.0,2021-10-16,11,simule_distributions_ademe_2023
78219,E,A,appartement,1991,93.3,374.0,2021-10-16,11,simule_distributions_ademe_2023
93294,F,C,appartement,1974,133.6,527.0,2021-10-17,11,simule_distributions_ademe_2023
93327,G,B,appartement,1926,51.4,472.0,2021-10-17,11,simule_distributions_ademe_2023
95378,E,D,appartement,1984,52.5,623.0,2021-10-17,11,simule_distributions_ademe_2023
91233,F,B,maison,1960,114.6,660.0,2021-10-17,11,simule_distributions_ademe_2023
94178,B,E,maison,1999,85.1,93.0,2021-10-18,11,simule_distributions_ademe_2023
77191,D,E,maison,1969,131.7,312.0,2021-10-18,11,simule_distributions_ademe_2023
95337,D,F,appartement,1979,31.3,220.0,2021-10-18,11,simule_distributions_ademe_2023
92104,D,E,maison,1993,40.4,289.0,2021-10-19,11,simule_distributions_ademe_2023
92286,F,G,appartement,1968,75.7,535.0,2021-10-19,11,simule_distributions_ademe_2023
91041,B,E,immeuble,1999,56.9,82.0,2021-10-19,11,simule_distributions_ademe_2023
92269,E,F,maison,1971,86.1,410.0,2021-10-19,11,simule_distributions_ademe_2023
75006,G,E,maison,1943,87.1,539.0,2021-10-20,11,simule_distributions_ademe_2023
77337,C,F,appartement,1996,40.3,165.0,2021-10-20,11,simule_distributions_ademe_2023
78379,C,G,maison,2013,74.9,210.0,2021-10-20,11,simule_distributions_ademe_2023
94370,D,G,maison,1971,95.5,155.0,2021-10-20,11,simule_distributions_ademe_2023
95385,E,D,maison,1972,164.8,559.0,2021-10-21,11,simule_distributions_ademe_2023
95163,E,D,maison,1969,72.6,345.0,2021-10-21,11,simule_distributions_ademe_2023
78146,E,G,maison,1978,128.3,342.0,2021-10-21,11,simule_distributions_ademe_2023
78117,C,D,maison,2001,89.8,264.0,2021-10-21,11,simule_distributions_ademe_2023
92233,D,D,maison,1984,135.6,174.0,2021-10-22,11,simule_distributions_ademe_2023
95197,B,B,appartement,2016,85.9,133.0,2021-10-22,11,simule_distributions_ademe_2023
77142,D,B,maison,1965,52.0,241.0,2021-10-22,11,simule_distributions_ademe_2023
95373,C,D,maison,2002,126.2,193.0,2021-10-22,11,simule_distributions_ademe_2023
95202,D,E,maison,1985,52.6,240.0,2021-10-23,11,simule_distributions_ademe_2023
75056,C,E,maison,2016,76.5,206.0,2021-10-23,11,simule_distributions_ademe_2023
92373,G,C,maison,1939,61.9,517.0,2021-10-23,11,simule_distributions_ademe_2023
78013,E,F,immeuble,1973,46.2,449.0,2021-10-23,11,simule_distributions_ademe_2023
91002,C,E,appartement,2018,41.0,163.0,2021-10-24,11,simule_distributions_ademe_2023
77004,D,D,maison,1983,36.3,279.0,2021-10-24,11,simule_distributions_ademe_2023
94180,C,E,appartement,1992,29.8,229.0,2021-10-24,11,simule_distributions_ademe_2023
91060,C,E,maison,2000,52.1,217.0,2021-10-24,11,simule_distributions_ademe_2023
75011,D,C,immeuble,1969,95.3,205.0,2021-10-25,11,simule_distributions_ademe_2023
77355,D,E,maison,1987,74.4,291.0,2021-10-25,11,simule_distributions_ademe_2023
94104,F,C,appartement,1938,35.7,623.0,2021-10-25,11,simule_distributions_ademe_2023
94103,E,E,appartement,1968,46.2,502.0,2021-10-25,11,simule_distributions_ademe_2023
94061,D,G,appartement,1976,40.7,296.0,2021-10-26,11,simule_distributions_ademe_2023
95174,E,D,appartement,1984,37.6,611.0,2021-10-26,11,simule_distributions_ademe_2023
91298,E,D,appartement,1982,21.3,642.0,2021-10-26,11,simule_distributions_ademe_2023
92003,E,G,appartement,1976,36.1,598.0,2021-10-26,11,simule_distributions_ademe_2023
75005,D,A,maison,1990,43.2,288.0,2021-10-27,11,simule_distributions_ademe_2023
92088,E,D,appartement,1978,41.2,594.0,2021-10-27,11,simule_distributions_ademe_2023
93201,C,E,appartement,2001,87.5,240.0,2021-10-27,11,simule_distributions_ademe_2023
75027,E,G,appartement,1971,97.6,617.0,2021-10-27,11,simule_distributions_ademe_2023
93040,C,D,maison,1996,35.7,312.0,2021-10-28,11,simule_distributions_ademe_2023
77314,C,F,appartement,1989,56.0,203.0,2021-10-28,11,simule_distributions_ademe_2023
91033,G,B,appartement,1941,116.2,509.0,2021-10-28,11,simule_distributions_ademe_2023
91062,D,D,maison,1966,56.8,257.0,2021-10-28,11,simule_distributions_ademe_2023
77084,E,C,maison,1971,97.1,427.0,2021-10-29,11,simule_distributions_ademe_2023
95028,E,D,maison,1984,133.5,517.0,2021-10-29,11,simule_distributions_ademe_2023
94019,E,G,appartement,1976,50.9,439.0,2021-10-29,11,simule_distributions_ademe_2023
92329,D,F,appartement,1982,40.5,256.0,2021-10-30,11,simule_distributions_ademe_2023
75031,F,A,appartement,1967,141.1,420.0,2021-10-30,11,simule_distributions_ademe_2023
91170,C,G,maison,2005,125.4,274.0,2021-10-30,11,simule_distributions_ademe_2023
91298,D,G,maison,1966,78.3,284.0,2021-10-30,11,simule_distributions_ademe_2023
91104,B,D,maison,2000,77.0,60.0,2021-10-31,11,simule_distributions_ademe_2023
95285,D,F,immeuble,1988,65.2,168.0,2021-10-31,11,simule_distributions_ademe_2023
95134,C,F,maison,2018,47.4,240.0,2021-10-31,11,simule_distributions_ademe_2023
93202,D,G,maison,1987,89.6,299.0,2021-10-31,11,simule_distributions_ademe_2023
91209,E,F,appartement,1987,60.2,369.0,2021-11-01,11,simule_distributions_ademe_2023
93330,C,E,maison,1995,156.1,275.0,2021-11-01,11,simule_distributions_ademe_2023
92327,B,B,maison,2019,48.3,94.0,2021-11-01,11,simule_distributions_ademe_2023
77180,F,C,maison,1972,150.9,646.0,2021-11-01,11,simule_distributions_ademe_2023
75112,E,D,appartement,1987,32.6,526.0,2021-11-02,11,simule_distributions_ademe_2023
77106,C,G,appartement,2004,55.1,244.0,2021-11-02,11,simule_distributions_ademe_2023
94117,C,F,immeuble,2000,92.1,328.0,2021-11-02,11,simule_distributions_ademe_2023
77162,E,D,appartement,1982,30.9,447.0,2021-11-02,11,simule_distributions_ademe_2023
93303,C,G,immeuble,1995,134.3,161.0,2021-11-03,11,simule_distributions_ademe_2023
91290,G,C,maison,1934,32.2,442.0,2021-11-03,11,simule_distributions_ademe_2023
91176,E,C,maison,1986,103.3,669.0,2021-11-03,11,simule_distributions_ademe_2023
77348,F,F,appartement,1933,33.3,500.0,2021-11-03,11,simule_distributions_ademe_2023
95195,E,D,maison,1977,23.4,550.0,2021-11-04,11,simule_distributions_ademe_2023
93090,C,E,maison,1997,43.8,282.0,2021-11-04,11,simule_distributions_ademe_2023
77078,C,D,immeuble,1997,117.6,320.0,2021-11-04,11,simule_distributions_ademe_2023
95088,E,D,maison,1981,74.8,393.0,2021-11-04,11,simule_distributions_ademe_2023
77129,C,F,appartement,1994,61.1,262.0,2021-11-05,11,simule_distributions_ademe_2023
77077,D,E,maison,1986,98.3,287.0,2021-11-05,11,simule_distributions_ademe_2023
94023,F,E,maison,1930,55.8,561.0,2021-11-05,11,simule_distributions_ademe_2023
94113,E,D,appartement,1976,66.4,502.0,2021-11-05,11,simule_distributions_ademe_2023
94142,F,D,maison,1936,130.1,526.0,2021-11-06,11,simule_distributions_ademe_2023
78253,E,F,appartement,1965,65.2,573.0,2021-11-06,11,simule_distributions_ademe_2023
95239,E,C,appartement,1984,47.5,428.0,2021-11-06,11,simule_distributions_ademe_2023
95191,D,E,maison,1986,71.7,249.0,2021-11-06,11,simule_distributions_ademe_2023
94243,C,B,appartement,2009,91.4,154.0,2021-11-07,11,simule_distributions_ademe_2023
95309,D,D,maison,1977,21.1,166.0,2021-11-07,11,simule_distributions_ademe_2023
91187,F,D,maison,1953,42.9,341.0,2021-11-07,11,simule_distributions_ademe_2023
77332,D,E,appartement,1994,90.9,279.0,2021-11-07,11,simule_distributions_ademe_2023
77169,C,D,maison,2011,60.9,169.0,2021-11-08,11,simule_distributions_ademe_2023
77355,D,C,maison,1989,92.6,250.0,2021-11-08,11,simule_distributions_ademe_2023
78380,E,F,maison,1988,88.8,469.0,2021-11-08,11,simule_distributions_ademe_2023
75140,D,C,appartement,1990,87.1,161.0,2021-11-08,11,simule_distributions_ademe_2023
95172,A,F,appartement,2000,92.4,73.0,2021-11-09,11,simule_distributions_ademe_2023
93138,D,F,maison,1977,87.3,174.0,2021-11-09,11,simule_distributions_ademe_2023
91360,F,F,appartement,1934,52.6,437.0,2021-11-09,11,simule_distributions_ademe_2023
77122,A,A,maison,2009,44.6,138.0,2021-11-10,11,simule_distributions_ademe_2023
92062,E,E,maison,1984,103.2,608.0,2021-11-10,11,simule_distributions_ademe_2023
91089,E,C,maison,1986,32.3,640.0,2021-11-10,11,simule_distributions_ademe_2023
93301,C,D,maison,2015,37.2,246.0,2021-11-10,11,simule_distributions_ademe_2023
91190,C,C,appartement,1999,43.2,215.0,2021-11-11,11,simule_distributions_ademe_2023
78005,E,E,appartement,1981,45.7,686.0,2021-11-11,11,simule_distributions_ademe_2023
93293,C,G,maison,1999,77.2,307.0,2021-11-11,11,simule_distributions_ademe_2023
95392,G,F,maison,1967,80.8,544.0,2021-11-11,11,simule_distributions_ademe_2023
77368,C,D,appartement,2017,136.9,267.0,2021-11-12,11,simule_distributions_ademe_2023
95128,D,D,maison,1993,146.3,211.0,2021-11-12,11,simule_distributions_ademe_2023
93310,C,C,appartement,1986,108.0,300.0,2021-11-12,11,simule_distributions_ademe_2023
95273,D,E,appartement,1973,66.9,282.0,2021-11-12,11,simule_distributions_ademe_2023
91095,G,C,maison,1940,72.6,415.0,2021-11-13,11,simule_distributions_ademe_2023
93109,D,E,maison,1988,78.5,228.0,2021-11-13,11,simule_distributions_ademe_2023
78071,D,D,appartement,1991,23.9,223.0,2021-11-13,11,simule_distributions_ademe_2023
91268,E,C,maison,1991,61.9,474.0,2021-11-13,11,simule_distributions_ademe_2023
77055,A,B,appartement,1997,29.4,127.0,2021-11-14,11,simule_distributions_ademe_2023
93027,D,C,maison,1990,33.2,194.0,2021-11-14,11,simule_distributions_ademe_2023
78306,C,G,appartement,1994,52.5,247.0,2021-11-14,11,simule_distributions_ademe_2023
94377,F,D,maison,1973,57.2,383.0,2021-11-14,11,simule_distributions_ademe_2023
77020,C,D,appartement,2014,63.5,199.0,2021-11-15,11,simule_distributions_ademe_2023
95179,F,E,maison,1960,122.4,351.0,2021-11-15,11,simule_distributions_ademe_2023
94207,E,G,appartement,1968,42.0,411.0,2021-11-15,11,simule_distributions_ademe_2023
91207,E,E,appartement,1985,51.5,634.0,2021-11-15,11,simule_distributions_ademe_2023
77266,A,F,maison,2006,81.5,129.0,2021-11-16,11,simule_distributions_ademe_2023
91246,C,F,maison,2005,27.9,248.0,2021-11-16,11,simule_distributions_ademe_2023
93075,C,F,appartement,1986,112.5,195.0,2021-11-16,11,simule_distributions_ademe_2023
92032,F,E,appartement,1964,91.0,610.0,2021-11-16,11,simule_distributions_ademe_2023
94228,D,E,maison,1983,71.0,296.0,2021-11-17,11,simule_distributions_ademe_2023
95173,E,D,appartement,1973,47.0,573.0,2021-11-17,11,simule_distributions_ademe_2023
91319,C,D,appartement,1995,43.3,250.0,2021-11-17,11,simule_distributions_ademe_2023
91289,B,E,maison,1988,162.5,129.0,2021-11-17,11,simule_distributions_ademe_2023
95186,D,E,appartement,1966,108.7,313.0,2021-11-18,11,simule_distributions_ademe_2023
94281,D,C,appartement,1977,69.9,275.0,2021-11-18,11,simule_distributions_ademe_2023
93035,E,D,appartement,1965,99.8,615.0,2021-11-18,11,simule_distributions_ademe_2023
91190,E,C,appartement,1994,146.0,380.0,2021-11-18,11,simule_distributions_ademe_2023
75057,D,B,appartement,1967,44.6,301.0,2021-11-19,11,simule_distributions_ademe_2023
91222,C,E,appartement,1994,71.7,302.0,2021-11-19,11,simule_distributions_ademe_2023
92247,E,E,maison,1990,59.0,639.0,2021-11-19,11,simule_distributions_ademe_2023
94044,C,F,appartement,2018,64.1,152.0,2021-11-19,11,simule_distributions_ademe_2023
78302,C,G,appartement,1995,26.7,326.0,2021-11-20,11,simule_distributions_ademe_2023
94155,D,F,maison,1973,56.3,257.0,2021-11-20,11,simule_distributions_ademe_2023
95158,D,G,maison,1976,79.1,251.0,2021-11-20,11,simule_distributions_ademe_2023
78334,D,F,appartement,1980,90.7,217.0,2021-11-21,11,simule_distributions_ademe_2023
92285,D,E,maison,1990,90.8,189.0,2021-11-21,11,simule_distributions_ademe_2023
78333,D,E,appartement,1992,82.1,169.0,2021-11-21,11,simule_distributions_ademe_2023
78240,G,C,appartement,1965,144.7,363.0,2021-11-21,11,simule_distributions_ademe_2023
92099,E,B,maison,1968,44.7,611.0,2021-11-22,11,simule_distributions_ademe_2023
94224,E,E,maison,1975,90.5,581.0,2021-11-22,11,simule_distributions_ademe_2023
75008,G,G,appartement,1941,45.9,603.0,2021-11-22,11,simule_distributions_ademe_2023
77066,C,E,immeuble,2005,50.1,163.0,2021-11-22,11,simule_distributions_ademe_2023
91222,E,B,maison,1994,50.1,332.0,2021-11-23,11,simule_distributions_ademe_2023
92108,D,G,appartement,1988,140.7,278.0,2021-11-23,11,simule_distributions_ademe_2023
95205,D,E,maison,1969,88.6,153.0,2021-11-23,11,simule_distributions_ademe_2023
93251,D,C,appartement,1965,40.6,300.0,2021-11-23,11,simule_distributions_ademe_2023
94100,D,E,maison,1990,91.5,327.0,2021-11-24,11,simule_distributions_ademe_2023
95070,E,E,maison,1982,128.5,618.0,2021-11-24,11,simule_distributions_ademe_2023
95358,C,F,maison,1987,29.0,190.0,2021-11-24,11,simule_distributions_ademe_2023
93231,C,F,maison,2004,192.9,320.0,2021-11-24,11,simule_distributions_ademe_2023
93313,C,E,maison,2018,80.1,216.0,2021-11-25,11,simule_distributions_ademe_2023
78271,G,F,appartement,1925,72.0,489.0,2021-11-25,11,simule_distributions_ademe_2023
91035,D,E,maison,1969,96.5,318.0,2021-11-25,11,simule_distributions_ademe_2023
91264,D,A,appartement,1986,42.2,272.0,2021-11-25,11,simule_distributions_ademe_2023
92034,E,E,maison,1992,111.9,645.0,2021-11-26,11,simule_distributions_ademe_2023
95346,D,C,maison,1987,110.9,179.0,2021-11-26,11,simule_distributions_ademe_2023
91011,E,E,maison,1971,55.4,465.0,2021-11-26,11,simule_distributions_ademe_2023
77105,A,E,appartement,2015,93.0,58.0,2021-11-26,11,simule_distributions_ademe_2023
77307,D,D,appartement,1973,42.7,209.0,2021-11-27,11,simule_distributions_ademe_2023
95351,E,F,appartement,1966,188.7,356.0,2021-11-27,11,simule_distributions_ademe_2023
91307,E,G,maison,1993,40.8,505.0,2021-11-27,11,simule_distributions_ademe_2023
91089,C,D,appartement,2016,28.6,205.0,2021-11-27,11,simule_distributions_ademe_2023
77016,C,F,maison,1989,64.7,234.0,2021-11-28,11,simule_distributions_ademe_2023
91108,D,D,maison,1991,136.1,269.0,2021-11-28,11,simule_distributions_ademe_2023
78243,D,C,appartement,1968,136.8,174.0,2021-11-28,11,simule_distributions_ademe_2023
95148,D,C,appartement,1987,78.6,318.0,2021-11-28,11,simule_distributions_ademe_2023
95246,G,E,maison,1939,18.0,656.0,2021-11-29,11,simule_distributions_ademe_2023
93308,B,F,appartement,2009,40.3,121.0,2021-11-29,11,simule_distributions_ademe_2023
91233,E,D,maison,1992,36.6,356.0,2021-11-29,11,simule_distributions_ademe_2023
93208,D,A,appartement,1975,74.1,258.0,2021-11-29,11,simule_distributions_ademe_2023
94345,G,E,maison,1945,214.4,697.0,2021-11-30,11,simule_distributions_ademe_2023
95222,E,F,maison,1986,120.8,372.0,2021-11-30,11,simule_distributions_ademe_2023
75121,E,D,appartement,1973,59.2,468.0,2021-11-30,11,simule_distributions_ademe_2023
93229,B,C,maison,1989,70.8,50.0,2021-11-30,11,simule_distributions_ademe_2023
78159,D,F,appartement,1986,79.4,234.0,2021-12-01,11,simule_distributions_ademe_2023
92104,F,D,appartement,1939,48.9,567.0,2021-12-01,11,simule_distributions_ademe_2023
95226,D,E,appartement,1984,56.2,308.0,2021-12-01,11,simule_distributions_ademe_2023
93255,F,E,maison,1948,107.2,437.0,2021-12-02,11,simule_distributions_ademe_2023
78231,F,G,maison,1938,167.8,422.0,2021-12-02,11,simule_distributions_ademe_2023
92084,D,G,appartement,1990,72.6,279.0,2021-12-02,11,simule_distributions_ademe_2023
91309,G,D,maison,1962,25.7,544.0,2021-12-02,11,simule_distributions_ademe_2023
91200,E,C,appartement,1981,74.0,426.0,2021-12-03,11,simule_distributions_ademe_2023
77036,E,C,appartement,1967,207.2,387.0,2021-12-03,11,simule_distributions_ademe_2023
95106,E,F,appartement,1967,36.6,474.0,2021-12-03,11,simule_distributions_ademe_2023
93142,C,F,appartement,2012,56.2,267.0,2021-12-03,11,simule_distributions_ademe_2023
78373,B,F,maison,2005,85.3,113.0,2021-12-04,11,simule_distributions_ademe_2023
91195,D,E,appartement,1994,78.3,180.0,2021-12-04,11,simule_distributions_ademe_2023
92329,F,D,maison,1948,31.1,665.0,2021-12-04,11,simule_distributions_ademe_2023
94055,F,D,appartement,1966,171.9,514.0,2021-12-04,11,simule_distributions_ademe_2023
91349,F,E,appartement,1958,56.9,457.0,2021-12-05,11,simule_distributions_ademe_2023
95303,D,F,appartement,1990,49.6,290.0,2021-12-05,11,simule_distributions_ademe_2023
92160,E,D,maison,1966,58.8,571.0,2021-12-05,11,simule_distributions_ademe_2023
78070,E,E,appartement,1968,34.5,414.0,2021-12-05,11,simule_distributions_ademe_2023
94225,E,D,appartement,1970,89.4,475.0,2021-12-06,11,simule_distributions_ademe_2023
91323,F,B,maison,1969,74.6,384.0,2021-12-06,11,simule_distributions_ademe_2023
92303,D,E,immeuble,1980,27.6,258.0,2021-12-06,11,simule_distributions_ademe_2023
94043,F,B,maison,1943,137.2,343.0,2021-12-06,11,simule_distributions_ademe_2023
93311,G,E,maison,1937,168.3,349.0,2021-12-07,11,simule_distributions_ademe_2023
77257,F,F,appartement,1932,22.6,477.0,2021-12-07,11,simule_distributions_ademe_2023
77095,C,G,appartement,1986,26.2,241.0,2021-12-07,11,simule_distributions_ademe_2023
91082,C,D,appartement,2010,233.8,261.0,2021-12-07,11,simule_distributions_ademe_2023
95132,F,E,maison,1970,51.8,471.0,2021-12-08,11,simule_distributions_ademe_2023
77356,E,C,maison,1973,39.8,529.0,2021-12-08,11,simule_distributions_ademe_2023
78051,G,C,maison,1920,157.5,611.0,2021-12-08,11,simule_distributions_ademe_2023
77231,C,E,appartement,1986,23.2,252.0,2021-12-08,11,simule_distributions_ademe_2023
93251,D,E,appartement,1969,96.9,165.0,2021-12-09,11,simule_distributions_ademe_2023
77284,D,D,appartement,1978,70.9,248.0,2021-12-09,11,simule_distributions_ademe_2023
78181,D,F,appartement,1976,35.9,158.0,2021-12-09,11,simule_distributions_ademe_2023
95382,C,A,appartement,1995,68.8,220.0,2021-12-09,11,simule_distributions_ademe_2023
91357,B,D,maison,2013,69.4,106.0,2021-12-10,11,simule_distributions_ademe_2023
91065,F,D,maison,1960,70.0,334.0,2021-12-10,11,simule_distributions_ademe_2023
91185,E,G,appartement,1994,49.0,584.0,2021-12-10,11,simule_distributions_ademe_2023
94066,C,F,maison,1989,80.5,286.0,2021-12-10,11,simule_distributions_ademe_2023
95051,B,D,appartement,2014,38.5,62.0,2021-12-11,11,simule_distributions_ademe_2023
78245,F,C,maison,1947,110.0,582.0,2021-12-11,11,simule_distributions_ademe_2023
78039,D,E,appartement,1992,71.2,301.0,2021-12-11,11,simule_distributions_ademe_2023
95255,D,C,appartement,1985,98.7,277.0,2021-12-12,11,simule_distributions_ademe_2023
93052,A,A,appartement,2003,48.9,74.0,2021-12-12,11,simule_distributions_ademe_2023
92090,C,C,maison,2012,103.8,327.0,2021-12-12,11,simule_distributions_ademe_2023
75032,D,E,appartement,1975,83.1,287.0,2021-12-12,11,simule_distributions_ademe_2023
92242,E,G,maison,1986,63.8,496.0,2021-12-13,11,simule_distributions_ademe_2023
93156,D,C,appartement,1991,140.8,172.0,2021-12-13,11,simule_distributions_ademe_2023
95301,B,A,maison,1999,96.5,130.0,2021-12-13,11,simule_distributions_ademe_2023
95084,D,F,maison,1965,95.5,186.0,2021-12-13,11,simule_distributions_ademe_2023
93265,B,F,maison,2007,66.5,71.0,2021-12-14,11,simule_distributions_ademe_2023
75147,F,G,appartement,1965,22.9,453.0,2021-12-14,11,simule_distributions_ademe_2023
78237,C,E,maison,2014,54.0,246.0,2021-12-14,11,simule_distributions_ademe_2023
78221,D,G,maison,1979,102.4,183.0,2021-12-14,11,simule_distributions_ademe_2023
95016,F,C,appartement,1970,56.6,676.0,2021-12-15,11,simule_distributions_ademe_2023
78342,D,D,maison,1987,24.5,207.0,2021-12-15,11,simule_distributions_ademe_2023
93157,C,B,maison,2016,64.6,188.0,2021-12-15,11,simule_distributions_ademe_2023
93318,G,F,maison,1945,88.3,693.0,2021-12-15,11,simule_distributions_ademe_2023
95240,D,C,maison,1981,64.9,156.0,2021-12-16,11,simule_distributions_ademe_2023
95147,D,C,appartement,1975,40.8,157.0,2021-12-16,11,simule_distributions_ademe_2023
93271,D,D,maison,1988,51.1,250.0,2021-12-16,11,simule_distributions_ademe_2023
92364,E,F,appartement,1979,105.2,599.0,2021-12-16,11,simule_distributions_ademe_2023
92093,F,G,maison,1969,44.9,474.0,2021-12-17,11,simule_distributions_ademe_2023
78379,E,E,maison,1973,127.8,575.0,2021-12-17,11,simule_distributions_ademe_2023
78095,D,G,maison,1986,25.6,237.0,2021-12-17,11,simule_distributions_ademe_2023
92395,D,D,appartement,1973,79.3,311.0,2021-12-17,11,simule_distributions_ademe_2023
93342,G,E,maison,1948,69.3,332.0,2021-12-18,11,simule_distributions_ademe_2023
95336,C,E,maison,1987,29.9,287.0,2021-12-18,11,simule_distributions_ademe_2023
77276,F,D,appartement,1922,93.1,444.0,2021-12-18,11,simule_distributions_ademe_2023
75016,F,C,appartement,1970,63.3,475.0,2021-12-18,11,simule_distributions_ademe_2023
78243,C,C,appartement,2014,96.1,239.0,2021-12-19,11,simule_distributions_ademe_2023
78344,C,D,appartement,2019,42.5,299.0,2021-12-19,11,simule_distributions_ademe_2023
93011,E,F,appartement,1970,53.3,405.0,2021-12-19,11,simule_distributions_ademe_2023
78339,B,F,maison,2009,79.9,72.0,2021-12-19,11,simule_distributions_ademe_2023
94231,D,F,immeuble,1983,49.3,187.0,2021-12-20,11,simule_distributions_ademe_2023
77109,D,D,maison,1992,123.4,172.0,2021-12-20,11,simule_distributions_ademe_2023
78064,E,G,maison,1973,82.5,562.0,2021-12-20,11,simule_distributions_ademe_2023
94255,E,F,maison,1989,58.9,351.0,2021-12-20,11,simule_distributions_ademe_2023
94119,C,F,immeuble,1991,111.4,212.0,2021-12-21,11,simule_distributions_ademe_2023
75034,F,D,maison,1950,69.2,372.0,2021-12-21,11,simule_distributions_ademe_2023
92238,F,E,maison,1927,18.0,639.0,2021-12-21,11,simule_distributions_ademe_2023
75102,E,G,appartement,1983,49.7,585.0,2021-12-21,11,simule_distributions_ademe_2023
75076,C,D,maison,1994,77.3,203.0,2021-12-22,11,simule_distributions_ademe_2023
94215,C,C,appartement,1994,69.7,303.0,2021-12-22,11,simule_distributions_ademe_2023
92331,D,F,maison,1979,63.5,194.0,2021-12-22,11,simule_distributions_ademe_2023
92262,D,D,maison,1988,37.2,156.0,2021-12-23,11,simule_distributions_ademe_2023
77070,B,D,maison,1992,90.5,104.0,2021-12-23,11,simule_distributions_ademe_2023
77342,E,C,maison,1991,153.7,350.0,2021-12-23,11,simule_distributions_ademe_2023
92237,C,D,maison,2009,108.3,248.0,2021-12-23,11,simule_distributions_ademe_2023
94037,E,F,maison,1994,82.3,399.0,2021-12-24,11,simule_distributions_ademe_2023
77367,D,A,appartement,1972,31.8,194.0,2021-12-24,11,simule_distributions_ademe_2023
95287,C,E,maison,2012,90.1,322.0,2021-12-24,11,simule_distributions_ademe_2023
78248,D,F,maison,1994,68.8,309.0,2021-12-24,11,simule_distributions_ademe_2023
94030,F,C,maison,1928,76.8,353.0,2021-12-25,11,simule_distributions_ademe_2023
91030,D,E,appartement,1984,84.0,191.0,2021-12-25,11,simule_distributions_ademe_2023
75100,D,B,maison,1983,43.6,313.0,2021-12-25,11,simule_distributions_ademe_2023
95105,C,D,appartement,1985,44.6,160.0,2021-12-25,11,simule_distributions_ademe_2023
95189,D,G,maison,1992,64.7,307.0,2021-12-26,11,simule_distributions_ademe_2023
75075,A,C,immeuble,1994,43.6,149.0,2021-12-26,11,simule_distributions_ademe_2023
94050,A,F,maison,2015,40.8,65.0,2021-12-26,11,simule_distributions_ademe_2023
95126,D,D,maison,1992,129.4,262.0,2021-12-26,11,simule_distributions_ademe_2023
92002,D,G,immeuble,1970,56.2,197.0,2021-12-27,11,simule_distributions_ademe_2023
92250,D,F,maison,1994,107.7,167.0,2021-12-27,11,simule_distributions_ademe_2023
93097,B,D,appartement,1985,45.9,82.0,2021-12-27,11,simule_distributions_ademe_2023
78180,E,E,appartement,1986,122.3,581.0,2021-12-27,11,simule_distributions_ademe_2023
93050,E,C,appartement,1976,48.2,530.0,2021-12-28,11,simule_distributions_ademe_2023
93220,D,F,appartement,1982,107.5,246.0,2021-12-28,11,simule_distributions_ademe_2023
77234,D,F,appartement,1965,58.4,318.0,2021-12-28,11,simule_distributions_ademe_2023
77177,E,F,maison,1970,200.2,492.0,2021-12-28,11,simule_distributions_ademe_2023
93225,D,E,appartement,1971,67.6,269.0,2021-12-29,11,simule_distributions_ademe_2023
91160,E,F,maison,1976,44.4,443.0,2021-12-29,11,simule_distributions_ademe_2023
95369,D,E,appartement,1984,113.5,161.0,2021-12-29,11,simule_distributions_ademe_2023
75057,C,F,appartement,1985,58.2,154.0,2021-12-29,11,simule_distributions_ademe_2023
91381,C,C,maison,2007,63.4,216.0,2021-12-30,11,simule_distributions_ademe_2023
95011,C,D,appartement,2003,113.3,299.0,2021-12-30,11,simule_distributions_ademe_2023
91374,D,E,appartement,1978,48.6,227.0,2021-12-30,11,simule_distributions_ademe_2023
92275,E,D,maison,1968,52.9,359.0,2021-12-30,11,simule_distributions_ademe_2023
91147,D,E,maison,1989,76.7,213.0,2021-12-31,11,simule_distributions_ademe_2023
95141,F,C,appartement,1961,125.7,466.0,2021-12-31,11,simule_distributions_ademe_2023
77028,C,C,maison,2012,151.9,211.0,2021-12-31,11,simule_distributions_ademe_2023
94283,E,E,appartement,1992,48.3,354.0,2021-12-31,11,simule_distributions_ademe_2023
93251,C,D,appartement,2000,57.0,255.0,2022-01-01,11,simule_distributions_ademe_2023
77336,E,F,appartement,1984,35.9,409.0,2022-01-01,11,simule_distributions_ademe_2023
92268,D,C,appartement,1975,117.2,179.0,2022-01-01,11,simule_distributions_ademe_2023
77137,A,G,appartement,1995,61.3,69.0,2022-01-01,11,simule_distributions_ademe_2023
92096,D,G,maison,1967,102.1,326.0,2022-01-02,11,simule_distributions_ademe_2023
95255,D,C,appartement,1978,30.7,288.0,2022-01-02,11,simule_distributions_ademe_2023
91097,E,C,maison,1971,43.7,591.0,2022-01-02,11,simule_distributions_ademe_2023
77050,C,C,appartement,2018,79.1,247.0,2022-01-03,11,simule_distributions_ademe_2023
93161,E,D,maison,1965,33.5,335.0,2022-01-03,11,simule_distributions_ademe_2023
78379,D,E,immeuble,1981,59.5,257.0,2022-01-03,11,simule_distributions_ademe_2023
92070,F,E,maison,1943,70.4,688.0,2022-01-03,11,simule_distributions_ademe_2023
94146,D,F,maison,1990,58.4,207.0,2022-01-04,11,simule_distributions_ademe_2023
92381,B,D,maison,2009,87.8,73.0,2022-01-04,11,simule_distributions_ademe_2023
78141,E,E,maison,1978,102.6,436.0,2022-01-04,11,simule_distributions_ademe_2023
78130,G,F,appartement,1932,83.0,417.0,2022-01-04,11,simule_distributions_ademe_2023
94291,C,F,appartement,1988,37.6,215.0,2022-01-05,11,simule_distributions_ademe_2023
94203,D,E,immeuble,1973,59.7,317.0,2022-01-05,11,simule_distributions_ademe_2023
92355,G,F,appartement,1948,74.5,415.0,2022-01-05,11,simule_distributions_ademe_2023
93342,D,D,maison,1971,53.1,244.0,2022-01-05,11,simule_distributions_ademe_2023
77074,E,D,maison,1975,77.5,530.0,2022-01-06,11,simule_distributions_ademe_2023
77301,E,F,appartement,1993,71.3,530.0,2022-01-06,11,simule_distributions_ademe_2023
91355,F,B,appartement,1948,72.1,436.0,2022-01-06,11,simule_distributions_ademe_2023
92255,E,C,appartement,1971,41.3,380.0,2022-01-06,11,simule_distributions_ademe_2023
91231,D,F,appartement,1985,83.7,256.0,2022-01-07,11,simule_distributions_ademe_2023
77159,D,G,maison,1970,75.8,262.0,2022-01-07,11,simule_distributions_ademe_2023
93167,E,E,appartement,1994,18.8,666.0,2022-01-07,11,simule_distributions_ademe_2023
91244,D,E,maison,1972,36.9,221.0,2022-01-07,11,simule_distributions_ademe_2023
91021,E,D,appartement,1985,57.4,559.0,2022-01-08,11,simule_distributions_ademe_2023
77355,C,E,appartement,2011,27.8,279.0,2022-01-08,11,simule_distributions_ademe_2023
92246,B,E,maison,1998,36.0,52.0,2022-01-08,11,simule_distributions_ademe_2023
75037,E,E,appartement,1988,70.4,657.0,2022-01-08,11,simule_distributions_ademe_2023
78119,G,F,immeuble,1970,55.1,491.0,2022-01-09,11,simule_distributions_ademe_2023
92117,D,C,appartement,1968,55.6,217.0,2022-01-09,11,simule_distributions_ademe_2023
92098,D,F,appartement,1980,102.0,166.0,2022-01-09,11,simule_distributions_ademe_2023
94280,C,D,appartement,1989,99.1,229.0,2022-01-09,11,simule_distributions_ademe_2023
77210,B,A,appartement,1985,84.8,115.0,2022-01-10,11,simule_distributions_ademe_2023
95294,C,F,immeuble,2016,40.2,195.0,2022-01-10,11,simule_distributions_ademe_2023
93389,F,A,maison,1948,66.0,607.0,2022-01-10,11,simule_distributions_ademe_2023
77284,E,G,maison,1978,141.7,621.0,2022-01-10,11,simule_distributions_ademe_2023
95094,A,D,maison,2011,78.2,71.0,2022-01-11,11,simule_distributions_ademe_2023
78381,E,D,maison,1975,46.1,415.0,2022-01-11,11,simule_distributions_ademe_2023
91296,C,G,maison,1987,123.5,252.0,2022-01-11,11,simule_distributions_ademe_2023
95163,C,F,appartement,1991,68.2,225.0,2022-01-11,11,simule_distributions_ademe_2023
77155,G,G,appartement,1963,30.0,675.0,2022-01-12,11,simule_distributions_ademe_2023
92062,F,C,maison,1962,46.8,386.0,2022-01-12,11,simule_distributions_ademe_2023
95275,C,E,immeuble,1988,91.9,268.0,2022-01-12,11,simule_distributions_ademe_2023
92286,F,E,appartement,1956,64.4,526.0,2022-01-12,11,simule_distributions_ademe_2023
91118,E,E,maison,1965,60.4,344.0,2022-01-13,11,simule_distributions_ademe_2023
91281,B,B,maison,2000,59.1,97.0,2022-01-13,11,simule_distributions_ademe_2023
75086,E,E,appartement,1982,109.9,630.0,2022-01-13,11,simule_distributions_ademe_2023
78347,E,D,maison,1989,90.7,550.0,2022-01-14,11,simule_distributions_ademe_2023
92309,D,G,maison,1973,63.5,230.0,2022-01-14,11,simule_distributions_ademe_2023
94011,D,E,appartement,1988,36.3,209.0,2022-01-14,11,simule_distributions_ademe_2023
93218,E,C,maison,1980,74.1,486.0,2022-01-14,11,simule_distributions_ademe_2023
91218,A,F,immeuble,2011,34.2,79.0,2022-01-15,11,simule_distributions_ademe_2023
92197,C,D,appartement,1985,92.0,317.0,2022-01-15,11,simule_distributions_ademe_2023
92024,C,F,maison,2018,65.4,305.0,2022-01-15,11,simule_distributions_ademe_2023
93169,G,G,maison,1961,37.0,523.0,2022-01-15,11,simule_distributions_ademe_2023
92291,B,F,appartement,2011,40.0,139.0,2022-01-16,11,simule_distributions_ademe_2023
95110,B,G,maison,1985,31.2,83.0,2022-01-16,11,simule_distributions_ademe_2023
91183,D,E,maison,1993,28.6,189.0,2022-01-16,11,simule_distributions_ademe_2023
95351,B,E,appartement,2000,67.8,146.0,2022-01-16,11,simule_distributions_ademe_2023
78017,E,D,immeuble,1976,66.2,673.0,2022-01-17,11,simule_distributions_ademe_2023
91284,G,F,maison,1923,18.0,603.0,2022-01-17,11,simule_distributions_ademe_2023
94361,A,D,maison,1987,56.9,53.0,2022-01-17,11,simule_distributions_ademe_2023
78145,F,E,appartement,1973,87.7,341.0,2022-01-17,11,simule_distributions_ademe_2023
78384,D,D,appartement,1987,76.8,256.0,2022-01-18,11,simule_distributions_ademe_2023
94370,D,E,maison,1984,80.0,232.0,2022-01-18,11,simule_distributions_ademe_2023
75135,E,E,maison,1984,66.8,620.0,2022-01-18,11,simule_distributions_ademe_2023
93244,F,B,maison,1928,115.5,434.0,2022-01-18,11,simule_distributions_ademe_2023
94380,C,F,appartement,1993,46.8,242.0,2022-01-19,11,simule_distributions_ademe_2023
77310,D,E,appartement,1977,24.9,259.0,2022-01-19,11,simule_distributions_ademe_2023
92215,D,E,appartement,1980,79.1,199.0,2022-01-19,11,simule_distributions_ademe_2023
77245,E,E,maison,1971,48.7,456.0,2022-01-19,11,simule_distributions_ademe_2023
77081,B,E,appartement,2011,44.1,140.0,2022-01-20,11,simule_distributions_ademe_2023
78125,C,E,maison,2014,25.4,211.0,2022-01-20,11,simule_distributions_ademe_2023
75129,G,C,maison,1961,120.1,502.0,2022-01-20,11,simule_distributions_ademe_2023
94009,E,E,maison,1990,102.4,653.0,2022-01-20,11,simule_distributions_ademe_2023
78002,A,A,appartement,1994,69.3,126.0,2022-01-21,11,simule_distributions_ademe_2023
77042,D,D,maison,1991,42.8,255.0,2022-01-21,11,simule_distributions_ademe_2023
92298,F,E,maison,1946,76.9,596.0,2022-01-21,11,simule_distributions_ademe_2023
77338,D,C,appartement,1992,76.3,234.0,2022-01-21,11,simule_distributions_ademe_2023
94164,D,F,immeuble,1982,42.0,250.0,2022-01-22,11,simule_distributions_ademe_2023
78302,D,C,appartement,1981,56.0,184.0,2022-01-22,11,simule_distributions_ademe_2023
92088,G,F,appartement,1921,191.6,445.0,2022-01-22,11,simule_distributions_ademe_2023
95169,E,E,maison,1975,76.0,432.0,2022-01-22,11,simule_distributions_ademe_2023
78220,G,D,maison,1926,53.9,400.0,2022-01-23,11,simule_distributions_ademe_2023
91348,D,E,maison,1989,146.1,256.0,2022-01-23,11,simule_distributions_ademe_2023
95360,C,C,appartement,1985,31.0,303.0,2022-01-23,11,simule_distributions_ademe_2023
92007,D,E,maison,1978,88.7,192.0,2022-01-23,11,simule_distributions_ademe_2023
75063,D,E,appartement,1965,162.3,170.0,2022-01-24,11,simule_distributions_ademe_2023
92259,C,D,appartement,1998,91.7,203.0,2022-01-24,11,simule_distributions_ademe_2023
77118,E,G,maison,1983,125.5,355.0,2022-01-24,11,simule_distributions_ademe_2023
93364,C,E,maison,2016,18.0,261.0,2022-01-25,11,simule_distributions_ademe_2023
92111,D,D,appartement,1974,50.4,309.0,2022-01-25,11,simule_distributions_ademe_2023
94283,A,E,appartement,1999,68.6,92.0,2022-01-25,11,simule_distributions_ademe_2023
93181,D,D,appartement,1978,154.3,278.0,2022-01-25,11,simule_distributions_ademe_2023
94270,D,D,maison,1982,45.0,292.0,2022-01-26,11,simule_distributions_ademe_2023
93198,C,B,maison,1994,37.8,281.0,2022-01-26,11,simule_distributions_ademe_2023
95256,F,F,appartement,1935,55.4,692.0,2022-01-26,11,simule_distributions_ademe_2023
75059,G,E,maison,1953,109.1,404.0,2022-01-26,11,simule_distributions_ademe_2023
95358,D,F,appartement,1972,79.2,246.0,2022-01-27,11,simule_distributions_ademe_2023
92362,B,B,appartement,1992,53.4,51.0,2022-01-27,11,simule_distributions_ademe_2023
94017,D,G,appartement,1965,42.0,324.0,2022-01-27,11,simule_distributions_ademe_2023
77384,F,E,appartement,1938,177.8,621.0,2022-01-27,11,simule_distributions_ademe_2023
91185,C,E,maison,2001,203.7,284.0,2022-01-28,11,simule_distributions_ademe_2023
93004,E,C,appartement,1967,88.3,404.0,2022-01-28,11,simule_distributions_ademe_2023
95192,B,E,appartement,2006,100.8,53.0,2022-01-28,11,simule_distributions_ademe_2023
91377,D,F,appartement,1989,58.7,163.0,2022-01-28,11,simule_distributions_ademe_2023
92336,E,D,maison,1981,41.4,665.0,2022-01-29,11,simule_distributions_ademe_2023
93214,D,F,maison,1967,97.2,222.0,2022-01-29,11,simule_distributions_ademe_2023
91185,E,B,appartement,1988,47.4,673.0,2022-01-29,11,simule_distributions_ademe_2023
91163,D,D,appartement,1990,56.4,323.0,2022-01-29,11,simule_distributions_ademe_2023
93334,D,G,immeuble,1970,115.1,193.0,2022-01-30,11,simule_distributions_ademe_2023
95018,D,E,maison,1987,48.3,257.0,2022-01-30,11,simule_distributions_ademe_2023
94248,C,E,maison,1997,43.9,223.0,2022-01-30,11,simule_distributions_ademe_2023
75127,C,D,maison,2011,100.4,304.0,2022-01-30,11,simule_distributions_ademe_2023
75107,C,D,maison,1989,93.0,204.0,2022-01-31,11,simule_distributions_ademe_2023
75051,E,D,maison,1978,120.7,519.0,2022-01-31,11,simule_distributions_ademe_2023
75032,F,D,maison,1951,34.8,359.0,2022-01-31,11,simule_distributions_ademe_2023
77214,G,E,maison,1955,69.6,596.0,2022-01-31,11,simule_distributions_ademe_2023
92021,E,C,maison,1992,104.8,660.0,2022-02-01,11,simule_distributions_ademe_2023
95268,E,D,maison,1983,36.7,615.0,2022-02-01,11,simule_distributions_ademe_2023
94021,E,D,maison,1970,127.6,419.0,2022-02-01,11,simule_distributions_ademe_2023
91320,D,B,appartement,1966,67.3,174.0,2022-02-01,11,simule_distributions_ademe_2023
78072,E,D,appartement,1966,72.5,637.0,2022-02-02,11,simule_distributions_ademe_2023
93294,D,E,appartement,1979,86.1,275.0,2022-02-02,11,simule_distributions_ademe_2023
93087,C,G,appartement,2012,88.7,268.0,2022-02-02,11,simule_distributions_ademe_2023
94005,D,E,maison,1976,56.8,266.0,2022-02-02,11,simule_distributions_ademe_2023
92053,F,E,appartement,1969,56.6,688.0,2022-02-03,11,simule_distributions_ademe_2023
75097,E,G,maison,1983,63.8,554.0,2022-02-03,11,simule_distributions_ademe_2023
78197,F,G,maison,1954,52.6,408.0,2022-02-03,11,simule_distributions_ademe_2023
94350,E,D,maison,1982,103.9,404.0,2022-02-03,11,simule_distributions_ademe_2023
91269,F,E,maison,1955,88.2,368.0,2022-02-04,11,simule_distributions_ademe_2023
91257,D,B,maison,1994,36.4,252.0,2022-02-04,11,simule_distributions_ademe_2023
91238,C,F,appartement,1994,56.8,217.0,2022-02-04,11,simule_distributions_ademe_2023
77121,G,B,maison,1957,57.1,608.0,2022-02-05,11,simule_distributions_ademe_2023
95344,E,D,appartement,1981,139.2,475.0,2022-02-05,11,simule_distributions_ademe_2023
95260,C,E,maison,2004,57.7,203.0,2022-02-05,11,simule_distributions_ademe_2023
77180,E,F,appartement,1967,126.7,655.0,2022-02-05,11,simule_distributions_ademe_2023
91129,D,E,maison,1982,86.0,277.0,2022-02-06,11,simule_distributions_ademe_2023
75022,C,B,appartement,2017,25.0,195.0,2022-02-06,11,simule_distributions_ademe_2023
91260,B,E,appartement,2011,134.6,85.0,2022-02-06,11,simule_distributions_ademe_2023
92381,G,C,appartement,1927,42.1,385.0,2022-02-06,11,simule_distributions_ademe_2023
78139,D,D,immeuble,1967,54.2,257.0,2022-02-07,11,simule_distributions_ademe_2023
94262,C,D,maison,2004,91.9,297.0,2022-02-07,11,simule_distributions_ademe_2023
94155,C,F,maison,2005,46.9,253.0,2022-02-07,11,simule_distributions_ademe_2023
94042,C,C,appartement,2019,23.6,268.0,2022-02-07,11,simule_distributions_ademe_2023
92274,F,B,maison,1923,93.5,665.0,2022-02-08,11,simule_distributions_ademe_2023
77321,C,F,appartement,1997,56.4,163.0,2022-02-08,11,simule_distributions_ademe_2023
91081,F,F,appartement,1939,77.9,386.0,2022-02-08,11,simule_distributions_ademe_2023
91205,C,E,maison,2015,123.1,275.0,2022-02-08,11,simule_distributions_ademe_2023
93143,E,E,appartement,1983,75.8,649.0,2022-02-09,11,simule_distributions_ademe_2023
91393,D,G,maison,1969,38.6,178.0,2022-02-09,11,simule_distributions_ademe_2023
92183,F,F,appartement,1973,67.5,575.0,2022-02-09,11,simule_distributions_ademe_2023
92062,E,D,maison,1994,132.7,462.0,2022-02-09,11,simule_distributions_ademe_2023
92102,B,E,appartement,2007,39.1,64.0,2022-02-10,11,simule_distributions_ademe_2023
95288,C,B,appartement,1989,44.2,306.0,2022-02-10,11,simule_distributions_ademe_2023
78193,C,D,maison,2007,72.3,296.0,2022-02-10,11,simule_distributions_ademe_2023
78058,E,F,appartement,1994,91.1,608.0,2022-02-10,11,simule_distributions_ademe_2023
78278,C,D,maison,1996,79.5,172.0,2022-02-11,11,simule_distributions_ademe_2023
78020,B,F,maison,2016,127.8,133.0,2022-02-11,11,simule_distributions_ademe_2023
78148,F,D,maison,1949,105.1,504.0,2022-02-11,11,simule_distributions_ademe_2023
91208,E,E,maison,1981,37.3,367.0,2022-02-11,11,simule_distributions_ademe_2023
78270,D,G,appartement,1974,115.6,219.0,2022-02-12,11,simule_distributions_ademe_2023
78059,F,E,maison,1928,71.9,629.0,2022-02-12,11,simule_distributions_ademe_2023
75057,C,F,maison,1997,104.1,227.0,2022-02-12,11,simule_distributions_ademe_2023
93348,D,B,appartement,1987,225.1,297.0,2022-02-12,11,simule_distributions_ademe_2023
92048,D,F,maison,1991,400.0,208.0,2022-02-13,11,simule_distributions_ademe_2023
93274,E,G,appartement,1987,74.6,533.0,2022-02-13,11,simule_distributions_ademe_2023
93324,E,D,maison,1989,52.2,659.0,2022-02-13,11,simule_distributions_ademe_2023
92360,D,D,maison,1983,90.0,328.0,2022-02-13,11,simule_distributions_ademe_2023
94035,C,E,appartement,1999,89.5,242.0,2022-02-14,11,simule_distributions_ademe_2023
94058,F,D,maison,1974,70.7,354.0,2022-02-14,11,simule_distributions_ademe_2023
93332,D,F,appartement,1965,78.4,326.0,2022-02-14,11,simule_distributions_ademe_2023
78252,F,D,appartement,1946,40.7,359.0,2022-02-14,11,simule_distributions_ademe_2023
93221,C,F,appartement,2018,45.9,221.0,2022-02-15,11,simule_distributions_ademe_2023
94165,D,D,maison,1983,40.9,263.0,2022-02-15,11,simule_distributions_ademe_2023
93303,E,F,maison,1971,38.0,413.0,2022-02-15,11,simule_distributions_ademe_2023
77324,B,C,maison,2005,57.5,83.0,2022-02-16,11,simule_distributions_ademe_2023
93081,E,F,maison,1987,81.4,366.0,2022-02-16,11,simule_distributions_ademe_2023
94181,C,D,appartement,2002,29.0,223.0,2022-02-16,11,simule_distributions_ademe_2023
95131,F,G,maison,1952,182.1,552.0,2022-02-16,11,simule_distributions_ademe_2023
92111,E,D,appartement,1994,18.0,599.0,2022-02-17,11,simule_distributions_ademe_2023
93288,F,D,maison,1927,46.4,621.0,2022-02-17,11,simule_distributions_ademe_2023
91145,C,D,appartement,2017,55.4,173.0,2022-02-17,11,simule_distributions_ademe_2023
94293,D,C,appartement,1978,54.5,210.0,2022-02-17,11,simule_distributions_ademe_2023
93212,B,E,appartement,2017,67.4,102.0,2022-02-18,11,simule_distributions_ademe_2023
91266,E,B,maison,1985,103.6,564.0,2022-02-18,11,simule_distributions_ademe_2023
92235,E,E,appartement,1993,36.2,637.0,2022-02-18,11,simule_distributions_ademe_2023
92046,E,B,appartement,1970,132.7,528.0,2022-02-18,11,simule_distributions_ademe_2023
77228,G,C,maison,1945,35.0,677.0,2022-02-19,11,simule_distributions_ademe_2023
78299,C,C,maison,2011,218.5,187.0,2022-02-19,11,simule_distributions_ademe_2023
95035,D,E,maison,1967,48.0,154.0,2022-02-19,11,simule_distributions_ademe_2023
95399,F,D,appartement,1945,103.2,559.0,2022-02-19,11,simule_distributions_ademe_2023
92245,C,D,appartement,2017,150.6,253.0,2022-02-20,11,simule_distributions_ademe_2023
91328,C,G,maison,1987,35.3,298.0,2022-02-20,11,simule_distributions_ademe_2023
95278,F,D,appartement,1956,60.4,507.0,2022-02-20,11,simule_distributions_ademe_2023
92280,D,A,maison,1968,33.4,307.0,2022-02-20,11,simule_distributions_ademe_2023
92350,D,C,appartement,1987,65.2,161.0,2022-02-21,11,simule_distributions_ademe_2023
77084,D,C,immeuble,1981,38.4,260.0,2022-02-21,11,simule_distributions_ademe_2023
92287,D,G,maison,1977,180.3,286.0,2022-02-21,11,simule_distributions_ademe_2023
91079,G,D,maison,1957,50.3,398.0,2022-02-21,11,simule_distributions_ademe_2023
94045,D,F,maison,1972,77.0,160.0,2022-02-22,11,simule_distributions_ademe_2023
77397,D,C,maison,1989,55.2,161.0,2022-02-22,11,simule_distributions_ademe_2023
92020,D,D,maison,1969,83.8,174.0,2022-02-22,11,simule_distributions_ademe_2023
77349,E,E,appartement,1970,63.2,657.0,2022-02-22,11,simule_distributions_ademe_2023
93070,E,D,appartement,1991,80.0,466.0,2022-02-23,11,simule_distributions_ademe_2023
95141,E,B,appartement,1972,40.7,478.0,2022-02-23,11,simule_distributions_ademe_2023
95232,C,C,appartement,1997,27.9,321.0,2022-02-23,11,simule_distributions_ademe_2023
77198,E,F,maison,1975,71.0,385.0,2022-02-23,11,simule_distributions_ademe_2023
95160,D,C,appartement,1982,59.9,180.0,2022-02-24,11,simule_distributions_ademe_2023
77372,E,D,appartement,1992,34.2,641.0,2022-02-24,11,simule_distributions_ademe_2023
77237,E,E,maison,1977,42.4,481.0,2022-02-24,11,simule_distributions_ademe_2023
92223,E,C,appartement,1966,35.6,596.0,2022-02-24,11,simule_distributions_ademe_2023
95393,D,F,appartement,1972,53.7,243.0,2022-02-25,11,simule_distributions_ademe_2023
78086,D,C,appartement,1984,49.4,211.0,2022-02-25,11,simule_distributions_ademe_2023
78347,E,C,appartement,1983,56.0,341.0,2022-02-25,11,simule_distributions_ademe_2023
78276,E,D,appartement,1977,55.5,604.0,2022-02-25,11,simule_distributions_ademe_2023
92391,G,D,maison,1970,51.3,561.0,2022-02-26,11,simule_distributions_ademe_2023
94130,E,E,maison,1989,158.6,370.0,2022-02-26,11,simule_distributions_ademe_2023
78226,D,E,maison,1978,46.3,201.0,2022-02-26,11,simule_distributions_ademe_2023
93331,E,F,maison,1968,66.3,552.0,2022-02-27,11,simule_distributions_ademe_2023
78280,F,F,immeuble,1974,74.3,521.0,2022-02-27,11,simule_distributions_ademe_2023
78224,E,D,appartement,1983,322.5,523.0,2022-02-27,11,simule_distributions_ademe_2023
93203,A,F,maison,2006,96.5,89.0,2022-02-27,11,simule_distributions_ademe_2023
94092,E,G,maison,1990,57.9,585.0,2022-02-28,11,simule_distributions_ademe_2023
93014,E,F,maison,1966,40.3,474.0,2022-02-28,11,simule_distributions_ademe_2023
78211,E,D,immeuble,1977,111.5,523.0,2022-02-28,11,simule_distributions_ademe_2023
91324,A,F,maison,2010,44.9,60.0,2022-02-28,11,simule_distributions_ademe_2023
92014,D,F,appartement,1967,42.8,229.0,2022-03-01,11,simule_distributions_ademe_2023
77194,B,G,appartement,1990,137.2,121.0,2022-03-01,11,simule_distributions_ademe_2023
91371,E,F,maison,1970,58.9,410.0,2022-03-01,11,simule_distributions_ademe_2023
91019,F,C,maison,1928,70.9,640.0,2022-03-01,11,simule_distributions_ademe_2023
93160,B,F,maison,2010,67.6,69.0,2022-03-02,11,simule_distributions_ademe_2023
94025,D,C,appartement,1978,40.7,280.0,2022-03-02,11,simule_distributions_ademe_2023
95341,E,E,maison,1965,61.1,336.0,2022-03-02,11,simule_distributions_ademe_2023
78268,C,D,maison,2013,27.9,207.0,2022-03-02,11,simule_distributions_ademe_2023
93262,C,F,appartement,2011,38.1,273.0,2022-03-03,11,simule_distributions_ademe_2023
91381,E,D,maison,1990,76.2,507.0,2022-03-03,11,simule_distributions_ademe_2023
93326,F,C,maison,1922,165.6,656.0,2022-03-03,11,simule_distributions_ademe_2023
78224,E,D,appartement,1994,41.6,504.0,2022-03-03,11,simule_distributions_ademe_2023
78396,D,D,appartement,1974,77.2,239.0,2022-03-04,11,simule_distributions_ademe_2023
92180,G,E,maison,1965,43.4,584.0,2022-03-04,11,simule_distributions_ademe_2023
91309,F,D,maison,1945,38.0,388.0,2022-03-04,11,simule_distributions_ademe_2023
91019,D,F,appartement,1971,74.0,322.0,2022-03-04,11,simule_distributions_ademe_2023
77204,F,F,maison,1943,147.2,366.0,2022-03-05,11,simule_distributions_ademe_2023
95076,E,C,maison,1975,53.2,689.0,2022-03-05,11,simule_distributions_ademe_2023
77104,D,D,maison,1972,39.4,202.0,2022-03-05,11,simule_distributions_ademe_2023
92272,E,D,appartement,1992,52.3,661.0,2022-03-05,11,simule_distributions_ademe_2023
93060,F,E,maison,1950,56.7,633.0,2022-03-06,11,simule_distributions_ademe_2023
78278,E,C,appartement,1978,51.5,647.0,2022-03-06,11,simule_distributions_ademe_2023
78219,F,F,maison,1974,114.6,344.0,2022-03-06,11,simule_distributions_ademe_2023
78310,C,E,immeuble,1997,68.4,158.0,2022-03-06,11,simule_distributions_ademe_2023
94139,D,D,immeuble,1987,120.2,327.0,2022-03-07,11,simule_distributions_ademe_2023
94298,C,E,maison,1996,93.5,166.0,2022-03-07,11,simule_distributions_ademe_2023
92382,E,F,appartement,1967,101.3,429.0,2022-03-07,11,simule_distributions_ademe_2023
77219,D,D,appartement,1972,68.5,213.0,2022-03-07,11,simule_distributions_ademe_2023
77022,E,C,immeuble,1979,103.8,467.0,2022-03-08,11,simule_distributions_ademe_2023
91046,A,F,maison,2004,48.6,50.0,2022-03-08,11,simule_distributions_ademe_2023
93061,D,C,maison,1975,128.7,244.0,2022-03-08,11,simule_distributions_ademe_2023
92026,E,D,appartement,1986,65.3,515.0,2022-03-08,11,simule_distributions_ademe_2023
78315,C,D,immeuble,2014,68.2,305.0,2022-03-09,11,simule_distributions_ademe_2023
92160,E,E,maison,1994,55.6,680.0,2022-03-09,11,simule_distributions_ademe_2023
95223,B,A,maison,2015,31.0,59.0,2022-03-09,11,simule_distributions_ademe_2023
75024,F,D,appartement,1930,65.1,432.0,2022-03-10,11,simule_distributions_ademe_2023
95340,E,D,maison,1981,71.9,664.0,2022-03-10,11,simule_distributions_ademe_2023
78032,F,E,appartement,1957,78.6,466.0,2022-03-10,11,simule_distributions_ademe_2023
92114,C,E,maison,1988,96.8,230.0,2022-03-10,11,simule_distributions_ademe_2023
93377,F,E,maison,1967,37.1,608.0,2022-03-11,11,simule_distributions_ademe_2023
77006,D,D,appartement,1987,66.5,267.0,2022-03-11,11,simule_distributions_ademe_2023
75014,F,F,maison,1958,110.5,667.0,2022-03-11,11,simule_distributions_ademe_2023
91052,D,G,appartement,1972,95.2,276.0,2022-03-11,11,simule_distributions_ademe_2023
91323,E,C,immeuble,1981,18.2,375.0,2022-03-12,11,simule_distributions_ademe_2023
95258,B,E,appartement,2006,47.9,121.0,2022-03-12,11,simule_distributions_ademe_2023
78153,C,D,appartement,1998,80.0,224.0,2022-03-12,11,simule_distributions_ademe_2023
77278,G,C,maison,1968,87.7,667.0,2022-03-12,11,simule_distributions_ademe_2023
92396,D,C,maison,1987,40.0,293.0,2022-03-13,11,simule_distributions_ademe_2023
92395,G,E,maison,1928,60.2,370.0,2022-03-13,11,simule_distributions_ademe_2023
77017,D,C,appartement,1989,113.5,328.0,2022-03-13,11,simule_distributions_ademe_2023
77007,D,F,appartement,1979,102.2,153.0,2022-03-13,11,simule_distributions_ademe_2023
91190,A,B,appartement,1990,51.7,84.0,2022-03-14,11,simule_distributions_ademe_2023
93126,G,E,appartement,1931,95.6,516.0,2022-03-14,11,simule_distributions_ademe_2023
78386,B,E,appartement,2003,74.8,80.0,2022-03-14,11,simule_distributions_ademe_2023
93276,E,E,appartement,1993,78.1,340.0,2022-03-14,11,simule_distributions_ademe_2023
92050,C,A,maison,2011,75.3,232.0,2022-03-15,11,simule_distributions_ademe_2023
94280,E,F,appartement,1966,82.3,650.0,2022-03-15,11,simule_distributions_ademe_2023
77303,B,G,appartement,1997,80.2,139.0,2022-03-15,11,simule_distributions_ademe_2023
91305,F,C,maison,1954,76.5,696.0,2022-03-15,11,simule_distributions_ademe_2023
95308,C,C,appartement,2019,79.3,282.0,2022-03-16,11,simule_distributions_ademe_2023
94079,C,D,maison,2004,18.0,222.0,2022-03-16,11,simule_distributions_ademe_2023
77177,D,B,appartement,1988,124.7,268.0,2022-03-16,11,simule_distributions_ademe_2023
78245,B,E,appartement,1997,64.2,103.0,2022-03-16,11,simule_distributions_ademe_2023
78329,D,E,maison,1981,58.8,279.0,2022-03-17,11,simule_distributions_ademe_2023
78306,E,F,appartement,1990,87.2,483.0,2022-03-17,11,simule_distributions_ademe_2023
78349,B,E,maison,2000,45.8,102.0,2022-03-17,11,simule_distributions_ademe_2023
92174,E,F,appartement,1994,35.1,644.0,2022-03-17,11,simule_distributions_ademe_2023
94397,E,D,maison,1973,66.5,481.0,2022-03-18,11,simule_distributions_ademe_2023
94192,F,C,maison,1972,78.2,670.0,2022-03-18,11,simule_distributions_ademe_2023
95390,G,C,maison,1920,80.2,411.0,2022-03-18,11,simule_distributions_ademe_2023
78024,D,E,appartement,1991,67.1,255.0,2022-03-18,11,simule_distributions_ademe_2023
78266,D,C,maison,1988,44.2,281.0,2022-03-19,11,simule_distributions_ademe_2023
75004,F,E,appartement,1965,76.0,429.0,2022-03-19,11,simule_distributions_ademe_2023
95348,D,B,appartement,1984,60.6,228.0,2022-03-19,11,simule_distributions_ademe_2023
95170,B,G,maison,1997,71.7,53.0,2022-03-19,11,simule_distributions_ademe_2023
92277,D,B,appartement,1983,226.1,278.0,2022-03-20,11,simule_distributions_ademe_2023
78259,G,E,maison,1963,61.9,551.0,2022-03-20,11,simule_distributions_ademe_2023
75010,E,E,appartement,1994,120.0,510.0,2022-03-20,11,simule_distributions_ademe_2023
75135,A,F,maison,2003,89.5,125.0,2022-03-21,11,simule_distributions_ademe_2023
95238,F,E,appartement,1937,89.8,535.0,2022-03-21,11,simule_distributions_ademe_2023
91038,B,E,maison,2001,46.6,82.0,2022-03-21,11,simule_distributions_ademe_2023
93032,D,F,appartement,1973,42.5,286.0,2022-03-21,11,simule_distributions_ademe_2023
91393,F,D,appartement,1937,116.1,544.0,2022-03-22,11,simule_distributions_ademe_2023
77144,E,B,maison,1994,50.7,414.0,2022-03-22,11,simule_distributions_ademe_2023
94154,G,D,maison,1959,61.0,686.0,2022-03-22,11,simule_distributions_ademe_2023
78097,C,D,maison,1996,65.0,214.0,2022-03-22,11,simule_distributions_ademe_2023
93086,D,E,appartement,1978,83.6,291.0,2022-03-23,11,simule_distributions_ademe_2023
77387,B,D,maison,2010,85.8,103.0,2022-03-23,11,simule_distributions_ademe_2023
91043,C,E,appartement,2008,81.4,185.0,2022-03-23,11,simule_distributions_ademe_2023
95131,D,B,immeuble,1984,79.1,225.0,2022-03-23,11,simule_distributions_ademe_2023
77275,C,E,maison,1989,120.5,325.0,2022-03-24,11,simule_distributions_ademe_2023
77271,E,D,appartement,1989,74.5,630.0,2022-03-24,11,simule_distributions_ademe_2023
93140,E,D,immeuble,1991,49.2,547.0,2022-03-24,11,simule_distributions_ademe_2023
77109,C,D,maison,2000,80.2,258.0,2022-03-24,11,simule_distributions_ademe_2023
94308,E,D,maison,1989,52.4,559.0,2022-03-25,11,simule_distributions_ademe_2023
77322,C,D,maison,1991,52.0,288.0,2022-03-25,11,simule_distributions_ademe_2023
93183,D,F,maison,1972,22.8,237.0,2022-03-25,11,simule_distributions_ademe_2023
77135,D,D,appartement,1978,102.9,288.0,2022-03-25,11,simule_distributions_ademe_2023
91052,D,F,maison,1990,136.0,283.0,2022-03-26,11,simule_distributions_ademe_2023
91217,F,D,appartement,1938,31.0,334.0,2022-03-26,11,simule_distributions_ademe_2023
91117,G,E,maison,1948,73.8,384.0,2022-03-26,11,simule_distributions_ademe_2023
93261,G,C,maison,1968,65.0,512.0,2022-03-26,11,simule_distributions_ademe_2023
93277,A,E,appartement,1989,91.9,82.0,2022-03-27,11,simule_distributions_ademe_2023
95208,C,F,maison,1996,45.0,312.0,2022-03-27,11,simule_distributions_ademe_2023
93171,D,D,maison,1982,96.5,232.0,2022-03-27,11,simule_distributions_ademe_2023
93283,E,D,appartement,1966,80.7,670.0,2022-03-27,11,simule_distributions_ademe_2023
78070,C,D,maison,1985,50.0,287.0,2022-03-28,11,simule_distributions_ademe_2023
95238,D,E,appartement,1975,67.0,201.0,2022-03-28,11,simule_distributions_ademe_2023
95166,C,D,maison,1988,150.5,266.0,2022-03-28,11,simule_distributions_ademe_2023
95249,D,E,maison,1993,38.5,303.0,2022-03-28,11,simule_distributions_ademe_2023
95392,D,E,maison,1984,94.2,248.0,2022-03-29,11,simule_distributions_ademe_2023
92147,E,G,maison,1966,87.9,419.0,2022-03-29,11,simule_distributions_ademe_2023
78282,C,C,maison,1996,193.8,254.0,2022-03-29,11,simule_distributions_ademe_2023
95350,F,G,maison,1972,27.5,551.0,2022-03-29,11,simule_distributions_ademe_2023
75072,B,D,immeuble,2014,44.7,133.0,2022-03-30,11,simule_distributions_ademe_2023
93274,D,E,maison,1981,57.7,325.0,2022-03-30,11,simule_distributions_ademe_2023
77163,D,F,maison,1989,36.1,197.0,2022-03-30,11,simule_distributions_ademe_2023
75009,D,E,appartement,1973,82.1,170.0,2022-03-30,11,simule_distributions_ademe_2023
93328,C,D,appartement,1994,56.2,250.0,2022-03-31,11,simule_distributions_ademe_2023
77015,G,C,maison,1956,140.7,490.0,2022-03-31,11,simule_distributions_ademe_2023
77197,C,D,appartement,2011,93.3,244.0,2022-03-31,11,simule_distributions_ademe_2023
95212,E,G,maison,1982,104.4,430.0,2022-04-01,11,simule_distributions_ademe_2023
94038,C,E,maison,1997,99.1,199.0,2022-04-01,11,simule_distributions_ademe_2023
95164,E,D,maison,1971,29.0,332.0,2022-04-01,11,simule_distributions_ademe_2023
78274,C,E,immeuble,1987,262.4,325.0,2022-04-01,11,simule_distributions_ademe_2023
77011,F,E,maison,1969,47.7,567.0,2022-04-02,11,simule_distributions_ademe_2023
93127,B,E,appartement,2007,147.7,86.0,2022-04-02,11,simule_distributions_ademe_2023
75011,D,F,appartement,1977,79.3,261.0,2022-04-02,11,simule_distributions_ademe_2023
94086,G,D,maison,1950,110.7,651.0,2022-04-02,11,simule_distributions_ademe_2023
94300,G,G,maison,1934,55.8,488.0,2022-04-03,11,simule_distributions_ademe_2023
93223,C,F,appartement,2001,73.9,294.0,2022-04-03,11,simule_distributions_ademe_2023
78312,C,E,maison,1997,37.7,160.0,2022-04-03,11,simule_distributions_ademe_2023
91261,D,E,appartement,1975,53.8,281.0,2022-04-03,11,simule_distributions_ademe_2023
94031,D,F,maison,1990,176.3,279.0,2022-04-04,11,simule_distributions_ademe_2023
94341,E,G,appartement,1991,72.2,670.0,2022-04-04,11,simule_distributions_ademe_2023
93148,E,C,maison,1978,92.4,476.0,2022-04-04,11,simule_distributions_ademe_2023
91185,C,G,appartement,1994,74.7,275.0,2022-04-04,11,simule_distributions_ademe_2023
78005,E,F,maison,1977,141.4,654.0,2022-04-05,11,simule_distributions_ademe_2023
78060,E,E,maison,1971,40.5,640.0,2022-04-05,11,simule_distributions_ademe_2023
92167,D,G,maison,1992,104.4,301.0,2022-04-05,11,simule_distributions_ademe_2023
92065,E,E,appartement,1973,37.3,697.0,2022-04-05,11,simule_distributions_ademe_2023
92288,D,F,maison,1993,129.1,313.0,2022-04-06,11,simule_distributions_ademe_2023
95248,F,F,appartement,1942,40.4,487.0,2022-04-06,11,simule_distributions_ademe_2023
92167,F,D,maison,1962,56.0,529.0,2022-04-06,11,simule_distributions_ademe_2023
93304,E,A,appartement,1994,58.5,349.0,2022-04-06,11,simule_distributions_ademe_2023
95039,D,A,appartement,1981,41.1,251.0,2022-04-07,11,simule_distributions_ademe_2023
95259,E,B,appartement,1972,48.1,537.0,2022-04-07,11,simule_distributions_ademe_2023
77071,D,D,maison,1966,228.0,245.0,2022-04-07,11,simule_distributions_ademe_2023
75006,C,G,maison,2019,195.2,226.0,2022-04-07,11,simule_distributions_ademe_2023
77014,A,E,maison,2019,91.1,119.0,2022-04-08,11,simule_distributions_ademe_2023
78275,F,A,maison,1958,42.1,637.0,2022-04-08,11,simule_distributions_ademe_2023
92111,D,C,maison,1986,94.0,224.0,2022-04-08,11,simule_distributions_ademe_2023
91189,B,D,maison,2006,54.9,117.0,2022-04-08,11,simule_distributions_ademe_2023
78160,E,E,appartement,1992,73.7,513.0,2022-04-09,11,simule_distributions_ademe_2023
78363,B,C,maison,2002,70.0,69.0,2022-04-09,11,simule_distributions_ademe_2023
91206,E,C,maison,1973,68.3,382.0,2022-04-09,11,simule_distributions_ademe_2023
94315,F,D,maison,1933,160.3,616.0,2022-04-09,11,simule_distributions_ademe_2023
95038,E,D,maison,1977,128.8,535.0,2022-04-10,11,simule_distributions_ademe_2023
93222,F,E,appartement,1938,64.2,393.0,2022-04-10,11,simule_distributions_ademe_2023
91165,C,F,appartement,1997,51.8,329.0,2022-04-10,11,simule_distributions_ademe_2023
94294,D,F,maison,1989,18.3,270.0,2022-04-10,11,simule_distributions_ademe_2023
91313,G,B,appartement,1974,131.7,514.0,2022-04-11,11,simule_distributions_ademe_2023
92303,D,G,appartement,1980,81.2,329.0,2022-04-11,11,simule_distributions_ademe_2023
92352,B,E,maison,2019,92.1,112.0,2022-04-11,11,simule_distributions_ademe_2023
95188,F,E,appartement,1927,133.0,401.0,2022-04-12,11,simule_distributions_ademe_2023
95307,E,B,maison,1989,39.2,624.0,2022-04-12,11,simule_distributions_ademe_2023
93386,B,F,maison,1999,31.6,136.0,2022-04-12,11,simule_distributions_ademe_2023
77121,C,E,maison,2016,55.2,320.0,2022-04-12,11,simule_distributions_ademe_2023
77392,G,G,appartement,1924,68.1,430.0,2022-04-13,11,simule_distributions_ademe_2023
94160,D,B,appartement,1987,72.1,174.0,2022-04-13,11,simule_distributions_ademe_2023
78138,E,E,appartement,1992,31.4,600.0,2022-04-13,11,simule_distributions_ademe_2023
92099,E,F,appartement,1992,62.0,540.0,2022-04-13,11,simule_distributions_ademe_2023
92119,E,E,maison,1984,96.9,560.0,2022-04-14,11,simule_distributions_ademe_2023
77151,C,G,immeuble,2005,39.3,301.0,2022-04-14,11,simule_distributions_ademe_2023
77014,C,F,maison,2018,72.7,230.0,2022-04-14,11,simule_distributions_ademe_2023
75067,E,D,appartement,1972,100.5,351.0,2022-04-14,11,simule_distributions_ademe_2023
78387,E,E,appartement,1971,149.8,587.0,2022-04-15,11,simule_distributions_ademe_2023
94380,C,F,maison,2009,90.0,225.0,2022-04-15,11,simule_distributions_ademe_2023
92229,C,G,appartement,2003,99.2,229.0,2022-04-15,11,simule_distributions_ademe_2023
94232,C,E,maison,2008,38.6,278.0,2022-04-15,11,simule_distributions_ademe_2023
78108,E,E,maison,1990,126.6,580.0,2022-04-16,11,simule_distributions_ademe_2023
94326,E,C,appartement,1965,119.9,474.0,2022-04-16,11,simule_distributions_ademe_2023
77311,D,E,appartement,1991,110.6,276.0,2022-04-16,11,simule_distributions_ademe_2023
91390,E,G,maison,1982,82.9,409.0,2022-04-16,11,simule_distributions_ademe_2023
91347,E,G,appartement,1977,51.6,610.0,2022-04-17,11,simule_distributions_ademe_2023
94247,D,C,maison,1988,39.4,312.0,2022-04-17,11,simule_distributions_ademe_2023
94353,C,F,maison,2012,123.3,265.0,2022-04-17,11,simule_distributions_ademe_2023
93054,E,F,maison,1980,70.8,602.0,2022-04-17,11,simule_distributions_ademe_2023
93004,A,D,maison,1991,33.9,142.0,2022-04-18,11,simule_distributions_ademe_2023
77003,E,G,appartement,1968,42.5,526.0,2022-04-18,11,simule_distributions_ademe_2023
93210,C,D,maison,1997,37.7,227.0,2022-04-18,11,simule_distributions_ademe_2023
91193,E,E,maison,1985,103.3,345.0,2022-04-18,11,simule_distributions_ademe_2023
95158,D,E,appartement,1967,109.5,284.0,2022-04-19,11,simule_distributions_ademe_2023
78328,D,B,appartement,1975,141.9,313.0,2022-04-19,11,simule_distributions_ademe_2023
75016,A,C,appartement,2005,53.0,76.0,2022-04-19,11,simule_distributions_ademe_2023
91399,B,E,maison,2005,31.0,95.0,2022-04-19,11,simule_distributions_ademe_2023
77059,D,E,maison,1971,80.5,169.0,2022-04-20,11,simule_distributions_ademe_2023
91252,D,C,maison,1983,54.9,315.0,2022-04-20,11,simule_distributions_ademe_2023
77303,D,E,maison,1990,28.1,233.0,2022-04-20,11,simule_distributions_ademe_2023
95031,D,E,maison,1974,71.3,178.0,2022-04-20,11,simule_distributions_ademe_2023
77354,A,B,maison,1993,44.8,112.0,2022-04-21,11,simule_distributions_ademe_2023
77328,B,C,appartement,2001,153.9,53.0,2022-04-21,11,simule_distributions_ademe_2023
91167,B,E,maison,1988,68.8,67.0,2022-04-21,11,simule_distributions_ademe_2023
91270,E,C,maison,1967,93.0,638.0,2022-04-21,11,simule_distributions_ademe_2023
93236,D,B,maison,1966,54.3,233.0,2022-04-22,11,simule_distributions_ademe_2023
75050,D,E,appartement,1969,71.5,153.0,2022-04-22,11,simule_distributions_ademe_2023
93364,B,E,appartement,1988,110.2,69.0,2022-04-22,11,simule_distributions_ademe_2023
92375,E,C,maison,1980,74.3,472.0,2022-04-23,11,simule_distributions_ademe_2023
92143,C,B,appartement,2018,62.4,201.0,2022-04-23,11,simule_distributions_ademe_2023
78077,D,F,appartement,1966,52.6,186.0,2022-04-23,11,simule_distributions_ademe_2023
93318,G,F,maison,1935,71.8,622.0,2022-04-23,11,simule_distributions_ademe_2023
78010,B,F,maison,2001,39.7,78.0,2022-04-24,11,simule_distributions_ademe_2023
75129,C,B,maison,2017,111.9,172.0,2022-04-24,11,simule_distributions_ademe_2023
94204,A,B,appartement,1988,19.6,53.0,2022-04-24,11,simule_distributions_ademe_2023
93101,D,D,appartement,1972,39.1,267.0,2022-04-24,11,simule_distributions_ademe_2023
92373,G,E,maison,1925,48.3,552.0,2022-04-25,11,simule_distributions_ademe_2023
95357,F,C,maison,1936,81.7,691.0,2022-04-25,11,simule_distributions_ademe_2023
78088,A,D,maison,2010,54.7,119.0,2022-04-25,11,simule_distributions_ademe_2023
95058,C,G,maison,1987,46.7,330.0,2022-04-25,11,simule_distributions_ademe_2023
77388,G,B,appartement,1957,55.6,629.0,2022-04-26,11,simule_distributions_ademe_2023
92302,D,F,maison,1987,92.3,319.0,2022-04-26,11,simule_distributions_ademe_2023
94328,F,G,appartement,1954,87.5,407.0,2022-04-26,11,simule_distributions_ademe_2023
95197,F,F,appartement,1951,46.0,691.0,2022-04-26,11,simule_distributions_ademe_2023
78145,D,F,maison,1969,100.7,164.0,2022-04-27,11,simule_distributions_ademe_2023
95082,G,D,appartement,1939,108.0,561.0,2022-04-27,11,simule_distributions_ademe_2023
75086,D,C,maison,1970,120.4,272.0,2022-04-27,11,simule_distributions_ademe_2023
78312,F,F,appartement,1958,77.2,489.0,2022-04-27,11,simule_distributions_ademe_2023
92275,C,C,appartement,1997,71.8,254.0,2022-04-28,11,simule_distributions_ademe_2023
92131,E,E,maison,1987,55.4,393.0,2022-04-28,11,simule_distributions_ademe_2023
95304,B,F,maison,2016,59.3,65.0,2022-04-28,11,simule_distributions_ademe_2023
91379,F,E,appartement,1943,40.5,556.0,2022-04-28,11,simule_distributions_ademe_2023
93283,B,D,appartement,2018,22.6,147.0,2022-04-29,11,simule_distributions_ademe_2023
77326,G,D,appartement,1945,47.5,699.0,2022-04-29,11,simule_distributions_ademe_2023
77206,D,B,maison,1975,54.3,197.0,2022-04-29,11,simule_distributions_ademe_2023
77160,F,E,maison,1958,168.4,441.0,2022-04-29,11,simule_distributions_ademe_2023
77063,C,D,appartement,1992,29.7,288.0,2022-04-30,11,simule_distributions_ademe_2023
93080,D,E,maison,1969,91.1,197.0,2022-04-30,11,simule_distributions_ademe_2023
93273,D,A,appartement,1976,157.9,234.0,2022-04-30,11,simule_distributions_ademe_2023
91358,E,E,maison,1978,105.4,425.0,2022-04-30,11,simule_distributions_ademe_2023
93190,G,C,maison,1929,41.0,487.0,2022-05-01,11,simule_distributions_ademe_2023
93398,F,D,maison,1966,51.6,618.0,2022-05-01,11,simule_distributions_ademe_2023
78116,D,E,maison,1982,87.8,218.0,2022-05-01,11,simule_distributions_ademe_2023
77013,D,D,appartement,1978,128.4,195.0,2022-05-01,11,simule_distributions_ademe_2023
78026,D,E,appartement,1988,45.8,240.0,2022-05-02,11,simule_distributions_ademe_2023
92179,A,D,maison,1994,96.7,83.0,2022-05-02,11,simule_distributions_ademe_2023
94144,G,E,maison,1929,34.3,468.0,2022-05-02,11,simule_distributions_ademe_2023
94071,C,A,maison,1994,141.4,237.0,2022-05-02,11,simule_distributions_ademe_2023
77397,F,D,appartement,1935,82.6,499.0,2022-05-03,11,simule_distributions_ademe_2023
75051,E,B,maison,1975,47.1,560.0,2022-05-03,11,simule_distributions_ademe_2023
77354,F,D,appartement,1965,23.5,491.0,2022-05-03,11,simule_distributions_ademe_2023
77010,C,D,maison,1993,81.7,253.0,2022-05-04,11,simule_distributions_ademe_2023
91107,G,E,appartement,1946,83.2,638.0,2022-05-04,11,simule_distributions_ademe_2023
77038,B,E,maison,2010,70.6,95.0,2022-05-04,11,simule_distributions_ademe_2023
95288,D,D,appartement,1990,44.0,286.0,2022-05-04,11,simule_distributions_ademe_2023
91316,A,E,maison,1989,18.0,141.0,2022-05-05,11,simule_distributions_ademe_2023
91250,D,F,immeuble,1975,26.9,162.0,2022-05-05,11,simule_distributions_ademe_2023
91262,C,C,maison,2002,83.1,182.0,2022-05-05,11,simule_distributions_ademe_2023
75060,G,G,appartement,1963,20.5,629.0,2022-05-05,11,simule_distributions_ademe_2023
91048,E,G,appartement,1968,61.9,406.0,2022-05-06,11,simule_distributions_ademe_2023
93294,D,D,appartement,1965,68.9,315.0,2022-05-06,11,simule_distributions_ademe_2023
91297,F,G,appartement,1943,50.7,421.0,2022-05-06,11,simule_distributions_ademe_2023
78386,C,B,maison,2000,88.5,299.0,2022-05-06,11,simule_distributions_ademe_2023
93084,F,F,appartement,1945,54.6,484.0,2022-05-07,11,simule_distributions_ademe_2023
91345,D,D,maison,1973,34.3,299.0,2022-05-07,11,simule_distributions_ademe_2023
94068,E,D,appartement,1975,39.2,354.0,2022-05-07,11,simule_distributions_ademe_2023
95360,F,E,maison,1954,128.8,416.0,2022-05-07,11,simule_distributions_ademe_2023
91195,D,D,maison,1994,88.5,233.0,2022-05-08,11,simule_distributions_ademe_2023
92163,B,D,maison,1997,67.4,80.0,2022-05-08,11,simule_distributions_ademe_2023
78216,B,G,maison,2018,69.9,58.0,2022-05-08,11,simule_distributions_ademe_2023
92282,D,D,appartement,1980,131.4,210.0,2022-05-08,11,simule_distributions_ademe_2023
75131,G,E,maison,1957,82.9,571.0,2022-05-09,11,simule_distributions_ademe_2023
78341,F,F,maison,1926,66.9,557.0,2022-05-09,11,simule_distributions_ademe_2023
91178,B,C,maison,2010,35.0,136.0,2022-05-09,11,simule_distributions_ademe_2023
95216,E,G,maison,1974,95.2,468.0,2022-05-09,11,simule_distributions_ademe_2023
78366,D,F,immeuble,1967,130.3,325.0,2022-05-10,11,simule_distributions_ademe_2023
94393,F,E,maison,1964,168.7,696.0,2022-05-10,11,simule_distributions_ademe_2023
93181,F,F,appartement,1974,109.2,685.0,2022-05-10,11,simule_distributions_ademe_2023
93239,D,E,appartement,1965,38.1,207.0,2022-05-10,11,simule_distributions_ademe_2023
77097,C,D,maison,1998,150.9,312.0,2022-05-11,11,simule_distributions_ademe_2023
91020,D,E,maison,1981,87.6,185.0,2022-05-11,11,simule_distributions_ademe_2023
91360,D,G,maison,1982,56.1,165.0,2022-05-11,11,simule_distributions_ademe_2023
92080,D,F,maison,1974,37.3,327.0,2022-05-11,11,simule_distributions_ademe_2023
95261,A,D,maison,2012,64.1,146.0,2022-05-12,11,simule_distributions_ademe_2023
93191,D,G,maison,1971,56.0,214.0,2022-05-12,11,simule_distributions_ademe_2023
93265,G,E,appartement,1962,19.9,543.0,2022-05-12,11,simule_distributions_ademe_2023
95350,D,C,appartement,1989,38.2,199.0,2022-05-12,11,simule_distributions_ademe_2023
77275,B,F,appartement,2002,79.5,146.0,2022-05-13,11,simule_distributions_ademe_2023
75094,C,G,maison,2005,64.2,274.0,2022-05-13,11,simule_distributions_ademe_2023
77232,D,E,appartement,1994,95.9,314.0,2022-05-13,11,simule_distributions_ademe_2023
93250,E,D,appartement,1965,78.9,539.0,2022-05-13,11,simule_distributions_ademe_2023
95103,C,D,maison,2006,124.9,231.0,2022-05-14,11,simule_distributions_ademe_2023
95354,D,G,appartement,1971,38.1,312.0,2022-05-14,11,simule_distributions_ademe_2023
92196,E,G,appartement,1988,102.4,367.0,2022-05-14,11,simule_distributions_ademe_2023
93280,D,G,maison,1968,46.3,229.0,2022-05-15,11,simule_distributions_ademe_2023
95141,G,E,appartement,1928,78.5,392.0,2022-05-15,11,simule_distributions_ademe_2023
77150,D,D,appartement,1973,84.1,260.0,2022-05-15,11,simule_distributions_ademe_2023
95080,G,B,appartement,1951,32.6,531.0,2022-05-15,11,simule_distributions_ademe_2023
93304,F,F,appartement,1974,62.5,626.0,2022-05-16,11,simule_distributions_ademe_2023
94295,B,F,maison,1992,53.6,62.0,2022-05-16,11,simule_distributions_ademe_2023
95057,G,F,appartement,1947,38.8,350.0,2022-05-16,11,simule_distributions_ademe_2023
94247,E,E,appartement,1971,58.9,508.0,2022-05-16,11,simule_distributions_ademe_2023
94238,F,E,maison,1923,127.7,354.0,2022-05-17,11,simule_distributions_ademe_2023
92344,D,E,immeuble,1982,45.6,279.0,2022-05-17,11,simule_distributions_ademe_2023
75137,E,E,appartement,1988,76.2,353.0,2022-05-17,11,simule_distributions_ademe_2023
94209,E,E,maison,1982,99.6,497.0,2022-05-17,11,simule_distributions_ademe_2023
77069,D,C,appartement,1968,59.6,242.0,2022-05-18,11,simule_distributions_ademe_2023
95094,B,F,maison,2019,69.3,55.0,2022-05-18,11,simule_distributions_ademe_2023
94074,C,E,maison,2015,101.8,216.0,2022-05-18,11,simule_distributions_ademe_2023
93007,F,A,immeuble,1961,63.7,536.0,2022-05-18,11,simule_distributions_ademe_2023
78313,E,D,maison,1976,72.8,568.0,2022-05-19,11,simule_distributions_ademe_2023
95390,E,A,maison,1991,55.6,445.0,2022-05-19,11,simule_distributions_ademe_2023
91059,G,G,appartement,1955,75.5,617.0,2022-05-19,11,simule_distributions_ademe_2023
78240,F,C,maison,1962,86.6,372.0,2022-05-19,11,simule_distributions_ademe_2023
77120,G,G,appartement,1943,42.4,698.0,2022-05-20,11,simule_distributions_ademe_2023
93347,D,F,appartement,1983,90.2,220.0,2022-05-20,11,simule_distributions_ademe_2023
95004,F,C,maison,1970,118.5,612.0,2022-05-20,11,simule_distributions_ademe_2023
77219,E,F,maison,1986,28.7,629.0,2022-05-20,11,simule_distributions_ademe_2023
91127,D,G,immeuble,1978,112.0,173.0,2022-05-21,11,simule_distributions_ademe_2023
94297,A,C,appartement,2007,107.7,144.0,2022-05-21,11,simule_distributions_ademe_2023
77011,F,F,appartement,1974,68.0,564.0,2022-05-21,11,simule_distributions_ademe_2023
78347,D,G,appartement,1968,56.3,284.0,2022-05-21,11,simule_distributions_ademe_2023
93180,C,E,appartement,1997,45.5,215.0,2022-05-22,11,simule_distributions_ademe_2023
92065,G,D,appartement,1967,79.2,437.0,2022-05-22,11,simule_distributions_ademe_2023
94022,E,C,immeuble,1990,80.9,635.0,2022-05-22,11,simule_distributions_ademe_2023
94121,A,E,maison,2007,81.8,105.0,2022-05-22,11,simule_distributions_ademe_2023
91128,D,G,maison,1973,140.2,313.0,2022-05-23,11,simule_distributions_ademe_2023
91140,D,E,maison,1982,77.6,177.0,2022-05-23,11,simule_distributions_ademe_2023
94341,D,F,maison,1965,46.7,169.0,2022-05-23,11,simule_distributions_ademe_2023
93320,D,E,immeuble,1971,164.5,280.0,2022-05-23,11,simule_distributions_ademe_2023
93164,C,E,appartement,1992,50.1,187.0,2022-05-24,11,simule_distributions_ademe_2023
77116,E,G,maison,1981,62.6,372.0,2022-05-24,11,simule_distributions_ademe_2023
95226,E,C,maison,1984,44.4,510.0,2022-05-24,11,simule_distributions_ademe_2023
78153,D,D,appartement,1975,81.4,231.0,2022-05-25,11,simule_distributions_ademe_2023
92225,D,C,maison,1986,52.8,222.0,2022-05-25,11,simule_distributions_ademe_2023
78147,D,E,maison,1985,30.2,167.0,2022-05-25,11,simule_distributions_ademe_2023
91295,D,D,appartement,1978,69.0,263.0,2022-05-25,11,simule_distributions_ademe_2023
95332,F,G,maison,1952,39.2,649.0,2022-05-26,11,simule_distributions_ademe_2023
91390,E,E,maison,1977,83.3,646.0,2022-05-26,11,simule_distributions_ademe_2023
92044,D,A,immeuble,1976,31.6,307.0,2022-05-26,11,simule_distributions_ademe_2023
95365,C,D,appartement,2013,35.8,252.0,2022-05-26,11,simule_distributions_ademe_2023
78198,C,E,maison,2010,53.8,232.0,2022-05-27,11,simule_distributions_ademe_2023
93036,D,D,maison,1980,74.5,172.0,2022-05-27,11,simule_distributions_ademe_2023
93325,C,D,appartement,1987,54.5,314.0,2022-05-27,11,simule_distributions_ademe_2023
91319,B,E,maison,2006,101.4,123.0,2022-05-27,11,simule_distributions_ademe_2023
78252,C,F,appartement,2018,26.8,330.0,2022-05-28,11,simule_distributions_ademe_2023
77005,E,G,appartement,1965,105.9,658.0,2022-05-28,11,simule_distributions_ademe_2023
77104,E,D,immeuble,1975,69.9,378.0,2022-05-28,11,simule_distributions_ademe_2023
95260,D,C,appartement,1980,39.7,172.0,2022-05-28,11,simule_distributions_ademe_2023
77028,E,C,appartement,1965,39.0,367.0,2022-05-29,11,simule_distributions_ademe_2023
77290,C,F,appartement,2007,61.2,283.0,2022-05-29,11,simule_distributions_ademe_2023
77085,D,C,appartement,1976,77.2,169.0,2022-05-29,11,simule_distributions_ademe_2023
91390,G,F,appartement,1962,61.1,589.0,2022-05-29,11,simule_distributions_ademe_2023
95362,D,D,maison,1990,114.4,306.0,2022-05-30,11,simule_distributions_ademe_2023
91399,C,C,maison,1988,34.2,260.0,2022-05-30,11,simule_distributions_ademe_2023
93132,C,G,maison,1995,47.2,298.0,2022-05-30,11,simule_distributions_ademe_2023
94175,C,D,maison,1993,80.9,191.0,2022-05-30,11,simule_distributions_ademe_2023
94336,D,D,appartement,1985,52.6,223.0,2022-05-31,11,simule_distributions_ademe_2023
92317,F,E,appartement,1973,61.1,466.0,2022-05-31,11,simule_distributions_ademe_2023
77386,F,D,appartement,1968,76.4,677.0,2022-05-31,11,simule_distributions_ademe_2023
78342,C,F,appartement,1991,60.1,198.0,2022-05-31,11,simule_distributions_ademe_2023
94099,D,E,appartement,1979,125.1,180.0,2022-06-01,11,simule_distributions_ademe_2023
78010,E,F,maison,1970,44.5,500.0,2022-06-01,11,simule_distributions_ademe_2023
93394,E,E,appartement,1978,37.7,609.0,2022-06-01,11,simule_distributions_ademe_2023
95293,F,E,immeuble,1925,43.2,422.0,2022-06-01,11,simule_distributions_ademe_2023
94177,A,C,appartement,1999,140.6,148.0,2022-06-02,11,simule_distributions_ademe_2023
94274,G,C,appartement,1939,34.0,604.0,2022-06-02,11,simule_distributions_ademe_2023
77016,G,D,maison,1960,51.8,507.0,2022-06-02,11,simule_distributions_ademe_2023
94301,C,D,maison,1997,133.5,159.0,2022-06-02,11,simule_distributions_ademe_2023
94060,D,F,appartement,1986,35.2,200.0,2022-06-03,11,simule_distributions_ademe_2023
77224,D,D,maison,1971,171.7,245.0,2022-06-03,11,simule_distributions_ademe_2023
93240,D,E,immeuble,1971,91.3,195.0,2022-06-03,11,simule_distributions_ademe_2023
92234,C,G,maison,2014,69.3,165.0,2022-06-03,11,simule_distributions_ademe_2023
92309,E,C,maison,1978,68.9,387.0,2022-06-04,11,simule_distributions_ademe_2023
95087,F,E,appartement,1936,78.1,363.0,2022-06-04,11,simule_distributions_ademe_2023
78205,F,E,appartement,1926,54.5,351.0,2022-06-04,11,simule_distributions_ademe_2023
78308,D,F,maison,1987,63.6,266.0,2022-06-05,11,simule_distributions_ademe_2023
92066,F,E,appartement,1967,65.9,419.0,2022-06-05,11,simule_distributions_ademe_2023
78091,D,D,maison,1989,31.7,306.0,2022-06-05,11,simule_distributions_ademe_2023
94105,G,D,maison,1944,54.2,494.0,2022-06-05,11,simule_distributions_ademe_2023
94152,D,D,maison,1981,140.6,295.0,2022-06-06,11,simule_distributions_ademe_2023
77169,E,E,appartement,1987,33.4,677.0,2022-06-06,11,simule_distributions_ademe_2023
78046,C,F,maison,1996,25.2,210.0,2022-06-06,11,simule_distributions_ademe_2023
77006,F,E,appartement,1965,72.1,659.0,2022-06-06,11,simule_distributions_ademe_2023
75139,D,F,maison,1991,61.6,230.0,2022-06-07,11,simule_distributions_ademe_2023
91078,C,E,maison,2007,110.7,169.0,2022-06-07,11,simule_distributions_ademe_2023
78337,E,E,maison,1967,71.1,534.0,2022-06-07,11,simule_distributions_ademe_2023
94278,F,E,maison,1972,48.4,429.0,2022-06-07,11,simule_distributions_ademe_2023
78263,D,A,appartement,1982,31.6,300.0,2022-06-08,11,simule_distributions_ademe_2023
92044,F,B,appartement,1945,127.4,592.0,2022-06-08,11,simule_distributions_ademe_2023
77054,C,F,appartement,2014,96.4,322.0,2022-06-08,11,simule_distributions_ademe_2023
77324,G,G,immeuble,1965,53.0,679.0,2022-06-08,11,simule_distributions_ademe_2023
91185,D,E,appartement,1979,61.3,220.0,2022-06-09,11,simule_distributions_ademe_2023
77024,F,F,appartement,1947,74.8,437.0,2022-06-09,11,simule_distributions_ademe_2023
92290,E,C,appartement,1994,73.8,346.0,2022-06-09,11,simule_distributions_ademe_2023
77013,C,G,maison,2000,90.8,272.0,2022-06-09,11,simule_distributions_ademe_2023
93124,B,C,maison,1986,47.3,125.0,2022-06-10,11,simule_distributions_ademe_2023
91079,C,D,appartement,2016,73.1,262.0,2022-06-10,11,simule_distributions_ademe_2023
78130,E,F,maison,1992,28.0,460.0,2022-06-10,11,simule_distributions_ademe_2023
93033,E,F,immeuble,1990,21.0,414.0,2022-06-10,11,simule_distributions_ademe_2023
91243,B,E,maison,2005,77.3,80.0,2022-06-11,11,simule_distributions_ademe_2023
75002,E,G,maison,1987,85.7,675.0,2022-06-11,11,simule_distributions_ademe_2023
75116,E,F,maison,1966,202.2,501.0,2022-06-11,11,simule_distributions_ademe_2023
78214,F,F,appartement,1932,138.3,465.0,2022-06-11,11,simule_distributions_ademe_2023
93139,E,C,maison,1970,106.6,669.0,2022-06-12,11,simule_distributions_ademe_2023
75126,C,F,maison,1986,66.5,220.0,2022-06-12,11,simule_distributions_ademe_2023
91158,A,G,maison,1999,88.9,99.0,2022-06-12,11,simule_distributions_ademe_2023
95155,F,F,appartement,1956,46.2,577.0,2022-06-12,11,simule_distributions_ademe_2023
78266,D,E,appartement,1968,149.5,177.0,2022-06-13,11,simule_distributions_ademe_2023
77019,E,E,appartement,1992,45.4,610.0,2022-06-13,11,simule_distributions_ademe_2023
94381,F,F,appartement,1928,48.2,384.0,2022-06-13,11,simule_distributions_ademe_2023
78075,F,G,maison,1963,99.7,388.0,2022-06-13,11,simule_distributions_ademe_2023
92191,G,D,appartement,1921,54.9,569.0,2022-06-14,11,simule_distributions_ademe_2023
93393,E,E,maison,1968,68.2,389.0,2022-06-14,11,simule_distributions_ademe_2023
92349,C,E,maison,1987,28.3,251.0,2022-06-14,11,simule_distributions_ademe_2023
94156,E,B,appartement,1981,60.3,562.0,2022-06-14,11,simule_distributions_ademe_2023
92096,E,D,appartement,1990,38.5,412.0,2022-06-15,11,simule_distributions_ademe_2023
94096,B,C,appartement,2013,116.2,107.0,2022-06-15,11,simule_distributions_ademe_2023
78373,E,E,maison,1965,74.8,524.0,2022-06-15,11,simule_distributions_ademe_2023
94036,G,E,maison,1939,70.0,483.0,2022-06-16,11,simule_distributions_ademe_2023
78053,F,E,appartement,1941,99.5,505.0,2022-06-16,11,simule_distributions_ademe_2023
95144,A,D,appartement,2000,99.5,65.0,2022-06-16,11,simule_distributions_ademe_2023
92207,D,C,maison,1990,129.8,177.0,2022-06-16,11,simule_distributions_ademe_2023
78060,D,E,appartement,1971,76.7,280.0,2022-06-17,11,simule_distributions_ademe_2023
94262,D,D,appartement,1967,119.3,268.0,2022-06-17,11,simule_distributions_ademe_2023
92392,E,E,maison,1980,54.8,632.0,2022-06-17,11,simule_distributions_ademe_2023
78137,G,B,appartement,1939,56.9,402.0,2022-06-17,11,simule_distributions_ademe_2023
78277,F,D,appartement,1974,59.0,634.0,2022-06-18,11,simule_distributions_ademe_2023
95173,E,D,appartement,1994,44.0,517.0,2022-06-18,11,simule_distributions_ademe_2023
78195,C,E,maison,1996,68.1,282.0,2022-06-18,11,simule_distributions_ademe_2023
77253,G,E,maison,1972,73.1,429.0,2022-06-18,11,simule_distributions_ademe_2023
93008,C,D,maison,2017,47.6,280.0,2022-06-19,11,simule_distributions_ademe_2023
93246,E,B,maison,1966,73.5,517.0,2022-06-19,11,simule_distributions_ademe_2023
91280,F,F,appartement,1954,53.3,479.0,2022-06-19,11,simule_distributions_ademe_2023
91244,E,D,appartement,1974,69.9,581.0,2022-06-19,11,simule_distributions_ademe_2023
94283,D,F,appartement,1984,29.3,262.0,2022-06-20,11,simule_distributions_ademe_2023
77291,G,E,appartement,1949,86.8,643.0,2022-06-20,11,simule_distributions_ademe_2023
91022,A,G,maison,2019,48.1,57.0,2022-06-20,11,simule_distributions_ademe_2023
77024,E,E,appartement,1980,72.9,352.0,2022-06-20,11,simule_distributions_ademe_2023
94019,F,C,maison,1926,131.2,688.0,2022-06-21,11,simule_distributions_ademe_2023
95255,C,D,maison,2008,72.7,226.0,2022-06-21,11,simule_distributions_ademe_2023
78221,E,C,appartement,1973,46.4,610.0,2022-06-21,11,simule_distributions_ademe_2023
95357,B,B,maison,1995,40.3,94.0,2022-06-21,11,simule_distributions_ademe_2023
95218,D,F,maison,1990,73.4,226.0,2022-06-22,11,simule_distributions_ademe_2023
95364,E,D,appartement,1985,39.2,362.0,2022-06-22,11,simule_distributions_ademe_2023
95377,F,B,appartement,1960,29.3,447.0,2022-06-22,11,simule_distributions_ademe_2023
94184,D,D,maison,1970,25.0,240.0,2022-06-22,11,simule_distributions_ademe_2023
95138,G,A,appartement,1964,77.6,494.0,2022-06-23,11,simule_distributions_ademe_2023
94319,E,D,immeuble,1981,68.9,493.0,2022-06-23,11,simule_distributions_ademe_2023
93335,C,E,maison,2014,103.6,321.0,2022-06-23,11,simule_distributions_ademe_2023
78375,C,F,appartement,2002,217.6,220.0,2022-06-23,11,simule_distributions_ademe_2023
93131,E,D,maison,1985,34.7,664.0,2022-06-24,11,simule_distributions_ademe_2023
77249,F,B,maison,1967,53.4,652.0,2022-06-24,11,simule_distributions_ademe_2023
77311,D,C,maison,1976,127.3,279.0,2022-06-24,11,simule_distributions_ademe_2023
91101,D,D,maison,1994,71.8,224.0,2022-06-24,11,simule_distributions_ademe_2023
92359,F,D,appartement,1927,108.5,360.0,2022-06-25,11,simule_distributions_ademe_2023
78269,D,C,appartement,1970,358.6,325.0,2022-06-25,11,simule_distributions_ademe_2023
95002,B,E,maison,1989,32.3,86.0,2022-06-25,11,simule_distributions_ademe_2023
93251,C,A,appartement,2003,81.8,158.0,2022-06-25,11,simule_distributions_ademe_2023
94261,D,A,appartement,1977,98.3,187.0,2022-06-26,11,simule_distributions_ademe_2023
92188,D,D,appartement,1989,171.1,229.0,2022-06-26,11,simule_distributions_ademe_2023
95013,D,C,maison,1966,79.4,164.0,2022-06-26,11,simule_distributions_ademe_2023
92251,B,E,appartement,2003,34.9,97.0,2022-06-27,11,simule_distributions_ademe_2023
93145,F,C,maison,1969,36.4,578.0,2022-06-27,11,simule_distributions_ademe_2023
77273,F,D,maison,1947,81.1,604.0,2022-06-27,11,simule_distributions_ademe_2023
78247,D,D,appartement,1989,75.0,245.0,2022-06-27,11,simule_distributions_ademe_2023
92319,B,E,maison,2016,134.4,122.0,2022-06-28,11,simule_distributions_ademe_2023
78393,F,G,appartement,1926,54.8,531.0,2022-06-28,11,simule_distributions_ademe_2023
77327,F,E,appartement,1971,127.1,613.0,2022-06-28,11,simule_distributions_ademe_2023
78270,G,E,maison,1946,117.1,403.0,2022-06-28,11,simule_distributions_ademe_2023
91194,G,D,maison,1937,54.7,526.0,2022-06-29,11,simule_distributions_ademe_2023
94033,F,F,maison,1953,40.1,610.0,2022-06-29,11,simule_distributions_ademe_2023
78301,D,E,maison,1969,71.0,193.0,2022-06-29,11,simule_distributions_ademe_2023
93016,D,E,maison,1991,47.6,276.0,2022-06-29,11,simule_distributions_ademe_2023
94263,E,C,maison,1971,98.3,587.0,2022-06-30,11,simule_distributions_ademe_2023
91020,D,F,maison,1983,221.5,214.0,2022-06-30,11,simule_distributions_ademe_2023
78321,F,G,maison,1930,95.2,497.0,2022-06-30,11,simule_distributions_ademe_2023
91003,C,G,appartement,1992,125.9,153.0,2022-06-30,11,simule_distributions_ademe_2023
93177,B,D,appartement,2014,53.0,104.0,2022-07-01,11,simule_distributions_ademe_2023
77101,E,F,appartement,1989,84.2,363.0,2022-07-01,11,simule_distributions_ademe_2023
94245,D,D,maison,1987,53.3,314.0,2022-07-01,11,simule_distributions_ademe_2023
77337,C,G,maison,1997,51.7,228.0,2022-07-01,11,simule_distributions_ademe_2023
92187,F,C,appartement,1953,30.2,494.0,2022-07-02,11,simule_distributions_ademe_2023
77147,E,C,appartement,1976,71.7,510.0,2022-07-02,11,simule_distributions_ademe_2023
95100,F,F,maison,1961,76.3,469.0,2022-07-02,11,simule_distributions_ademe_2023
92192,D,F,appartement,1980,41.2,207.0,2022-07-02,11,simule_distributions_ademe_2023
94225,G,F,maison,1929,53.4,402.0,2022-07-03,11,simule_distributions_ademe_2023
77259,E,D,appartement,1983,204.3,638.0,2022-07-03,11,simule_distributions_ademe_2023
78137,E,D,maison,1991,51.2,587.0,2022-07-03,11,simule_distributions_ademe_2023
93034,C,D,appartement,2011,83.7,295.0,2022-07-03,11,simule_distributions_ademe_2023
94395,F,F,maison,1974,79.0,464.0,2022-07-04,11,simule_distributions_ademe_2023
78169,B,D,maison,1998,54.3,136.0,2022-07-04,11,simule_distributions_ademe_2023
95179,D,F,appartement,1978,46.8,252.0,2022-07-04,11,simule_distributions_ademe_2023
95345,D,B,maison,1988,182.6,183.0,2022-07-04,11,simule_distributions_ademe_2023
77108,D,F,maison,1988,114.2,277.0,2022-07-05,11,simule_distributions_ademe_2023
77119,B,G,appartement,2014,59.0,125.0,2022-07-05,11,simule_distributions_ademe_2023
77246,B,B,maison,2005,55.9,67.0,2022-07-05,11,simule_distributions_ademe_2023
77026,F,D,appartement,1936,108.6,437.0,2022-07-05,11,simule_distributions_ademe_2023
92303,C,C,immeuble,2010,210.6,181.0,2022-07-06,11,simule_distributions_ademe_2023
93317,C,D,appartement,2003,63.2,250.0,2022-07-06,11,simule_distributions_ademe_2023
92382,B,F,maison,2011,30.4,61.0,2022-07-06,11,simule_distributions_ademe_2023
78166,D,E,appartement,1983,23.6,244.0,2022-07-06,11,simule_distributions_ademe_2023
77153,F,B,appartement,1966,44.2,345.0,2022-07-07,11,simule_distributions_ademe_2023
93076,E,G,maison,1982,91.5,489.0,2022-07-07,11,simule_distributions_ademe_2023
95377,D,E,maison,1974,32.8,311.0,2022-07-07,11,simule_distributions_ademe_2023
95248,G,G,appartement,1950,50.4,681.0,2022-07-08,11,simule_distributions_ademe_2023
94078,D,D,appartement,1977,99.6,160.0,2022-07-08,11,simule_distributions_ademe_2023
78284,E,E,maison,1973,39.1,412.0,2022-07-08,11,simule_distributions_ademe_2023
95138,D,G,maison,1970,102.8,294.0,2022-07-08,11,simule_distributions_ademe_2023
94038,B,F,maison,2018,32.4,51.0,2022-07-09,11,simule_distributions_ademe_2023
92189,D,E,appartement,1982,143.6,270.0,2022-07-09,11,simule_distributions_ademe_2023
77272,D,F,maison,1989,64.0,286.0,2022-07-09,11,simule_distributions_ademe_2023
94399,D,C,maison,1972,53.5,206.0,2022-07-09,11,simule_distributions_ademe_2023
94094,C,C,appartement,1987,90.0,249.0,2022-07-10,11,simule_distributions_ademe_2023
95034,G,F,appartement,1967,60.1,687.0,2022-07-10,11,simule_distributions_ademe_2023
91264,D,C,appartement,1987,62.3,307.0,2022-07-10,11,simule_distributions_ademe_2023
91048,E,D,maison,1994,83.8,669.0,2022-07-10,11,simule_distributions_ademe_2023
75047,E,G,maison,1972,97.2,339.0,2022-07-11,11,simule_distributions_ademe_2023
91392,D,E,maison,1988,98.3,191.0,2022-07-11,11,simule_distributions_ademe_2023
94201,F,F,maison,1947,43.0,530.0,2022-07-11,11,simule_distributions_ademe_2023
78373,C,F,maison,2010,115.6,252.0,2022-07-11,11,simule_distributions_ademe_2023
78077,F,E,maison,1947,53.6,531.0,2022-07-12,11,simule_distributions_ademe_2023
95020,E,E,appartement,1982,93.4,378.0,2022-07-12,11,simule_distributions_ademe_2023
77266,E,E,appartement,1985,54.5,587.0,2022-07-12,11,simule_distributions_ademe_2023
92069,E,B,appartement,1986,40.5,660.0,2022-07-12,11,simule_distributions_ademe_2023
92310,D,E,maison,1987,82.6,276.0,2022-07-13,11,simule_distributions_ademe_2023
78263,D,D,appartement,1984,110.0,265.0,2022-07-13,11,simule_distributions_ademe_2023
91212,F,G,appartement,1924,173.7,527.0,2022-07-13,11,simule_distributions_ademe_2023
93087,G,F,maison,1963,49.8,634.0,2022-07-13,11,simule_distributions_ademe_2023
77309,E,E,maison,1991,98.2,520.0,2022-07-14,11,simule_distributions_ademe_2023
77061,C,F,maison,2015,67.7,312.0,2022-07-14,11,simule_distributions_ademe_2023
95124,C,E,maison,1986,87.2,263.0,2022-07-14,11,simule_distributions_ademe_2023
94028,D,E,maison,1981,95.4,263.0,2022-07-14,11,simule_distributions_ademe_2023
91319,D,F,maison,1969,39.1,319.0,2022-07-15,11,simule_distributions_ademe_2023
94198,C,F,immeuble,2001,31.8,297.0,2022-07-15,11,simule_distributions_ademe_2023
92071,E,C,maison,1990,43.7,332.0,2022-07-15,11,simule_distributions_ademe_2023
93061,E,D,immeuble,1994,29.2,350.0,2022-07-15,11,simule_distributions_ademe_2023
93138,D,E,maison,1984,79.0,174.0,2022-07-16,11,simule_distributions_ademe_2023
94297,E,D,maison,1966,49.3,457.0,2022-07-16,11,simule_distributions_ademe_2023
77225,D,F,maison,1986,150.6,193.0,2022-07-16,11,simule_distributions_ademe_2023
93034,E,D,appartement,1991,84.6,624.0,2022-07-16,11,simule_distributions_ademe_2023
94282,D,C,appartement,1980,39.5,270.0,2022-07-17,11,simule_distributions_ademe_2023
78329,E,E,appartement,1966,34.4,609.0,2022-07-17,11,simule_distributions_ademe_2023
78116,G,D,maison,1974,140.0,694.0,2022-07-17,11,simule_distributions_ademe_2023
94241,D,D,appartement,1991,43.6,303.0,2022-07-17,11,simule_distributions_ademe_2023
78067,E,G,maison,1983,144.8,413.0,2022-07-18,11,simule_distributions_ademe_2023
93074,C,E,maison,1993,43.5,268.0,2022-07-18,11,simule_distributions_ademe_2023
77366,D,F,maison,1994,76.8,317.0,2022-07-18,11,simule_distributions_ademe_2023
92285,B,G,maison,1996,71.5,81.0,2022-07-19,11,simule_distributions_ademe_2023
93259,C,D,maison,2009,80.9,163.0,2022-07-19,11,simule_distributions_ademe_2023
77212,E,F,maison,1994,131.6,426.0,2022-07-19,11,simule_distributions_ademe_2023
95090,E,E,appartement,1975,93.8,377.0,2022-07-19,11,simule_distributions_ademe_2023
78325,E,F,maison,1976,123.5,482.0,2022-07-20,11,simule_distributions_ademe_2023
77178,C,E,appartement,1985,81.3,282.0,2022-07-20,11,simule_distributions_ademe_2023
94310,E,B,appartement,1992,50.1,404.0,2022-07-20,11,simule_distributions_ademe_2023
94207,F,B,maison,1941,237.1,458.0,2022-07-20,11,simule_distributions_ademe_2023
91364,D,G,appartement,1989,157.1,204.0,2022-07-21,11,simule_distributions_ademe_2023
78236,F,F,appartement,1923,67.7,491.0,2022-07-21,11,simule_distributions_ademe_2023
94289,D,C,maison,1983,75.7,270.0,2022-07-21,11,simule_distributions_ademe_2023
92377,D,E,maison,1985,37.2,321.0,2022-07-21,11,simule_distributions_ademe_2023
92388,D,A,appartement,1986,33.8,187.0,2022-07-22,11,simule_distributions_ademe_2023
91071,C,D,maison,2000,64.6,317.0,2022-07-22,11,simule_distributions_ademe_2023
93286,E,E,maison,1991,37.4,538.0,2022-07-22,11,simule_distributions_ademe_2023
95237,F,D,appartement,1969,33.6,472.0,2022-07-22,11,simule_distributions_ademe_2023
94242,C,D,appartement,2009,80.3,209.0,2022-07-23,11,simule_distributions_ademe_2023
91235,D,C,appartement,1979,110.3,191.0,2022-07-23,11,simule_distributions_ademe_2023
94111,C,G,maison,2008,47.1,251.0,2022-07-23,11,simule_distributions_ademe_2023
92217,F,G,appartement,1943,27.4,441.0,2022-07-23,11,simule_distributions_ademe_2023
94312,E,G,maison,1965,26.0,569.0,2022-07-24,11,simule_distributions_ademe_2023
77047,D,G,appartement,1994,56.5,205.0,2022-07-24,11,simule_distributions_ademe_2023
77378,E,G,appartement,1981,82.7,614.0,2022-07-24,11,simule_distributions_ademe_2023
78051,E,E,maison,1966,53.6,396.0,2022-07-24,11,simule_distributions_ademe_2023
92270,G,C,maison,1973,51.8,539.0,2022-07-25,11,simule_distributions_ademe_2023
77256,B,B,appartement,1996,132.8,110.0,2022-07-25,11,simule_distributions_ademe_2023
95318,B,D,maison,1998,18.0,115.0,2022-07-25,11,simule_distributions_ademe_2023
78173,A,F,maison,2001,42.7,126.0,2022-07-25,11,simule_distributions_ademe_2023
91396,D,F,maison,1971,118.0,245.0,2022-07-26,11,simule_distributions_ademe_2023
95135,D,C,maison,1971,118.1,284.0,2022-07-26,11,simule_distributions_ademe_2023
93161,E,D,immeuble,1975,209.2,655.0,2022-07-26,11,simule_distributions_ademe_2023
75095,C,E,appartement,2009,83.5,224.0,2022-07-26,11,simule_distributions_ademe_2023
94229,D,E,appartement,1967,78.6,253.0,2022-07-27,11,simule_distributions_ademe_2023
94327,G,B,appartement,1967,80.7,378.0,2022-07-27,11,simule_distributions_ademe_2023
93229,C,F,maison,2007,68.5,156.0,2022-07-27,11,simule_distributions_ademe_2023
78241,B,E,maison,2005,49.5,92.0,2022-07-27,11,simule_distributions_ademe_2023
91118,F,E,appartement,1927,86.5,560.0,2022-07-28,11,simule_distributions_ademe_2023
93342,C,E,maison,2016,45.4,180.0,2022-07-28,11,simule_distributions_ademe_2023
91318,D,D,appartement,1991,75.8,312.0,2022-07-28,11,simule_distributions_ademe_2023
91253,C,G,appartement,1995,47.6,164.0,2022-07-28,11,simule_distributions_ademe_2023
94273,E,F,appartement,1972,88.6,522.0,2022-07-29,11,simule_distributions_ademe_2023
95117,D,G,appartement,1982,239.3,292.0,2022-07-29,11,simule_distributions_ademe_2023
95095,F,E,maison,1933,61.1,452.0,2022-07-29,11,simule_distributions_ademe_2023
77336,C,G,appartement,2014,62.4,303.0,2022-07-30,11,simule_distributions_ademe_2023
93068,C,C,maison,1996,64.9,233.0,2022-07-30,11,simule_distributions_ademe_2023
75009,C,G,appartement,1993,52.0,198.0,2022-07-30,11,simule_distributions_ademe_2023
95010,D,D,appartement,1989,46.9,214.0,2022-07-30,11,simule_distributions_ademe_2023
78109,B,E,appartement,1990,97.4,111.0,2022-07-31,11,simule_distributions_ademe_2023
93199,G,F,maison,1920,92.2,481.0,2022-07-31,11,simule_distributions_ademe_2023
95362,B,C,maison,1998,49.9,133.0,2022-07-31,11,simule_distributions_ademe_2023
94293,E,A,appartement,1976,26.7,562.0,2022-07-31,11,simule_distributions_ademe_2023
94136,D,A,appartement,1977,19.2,206.0,2022-08-01,11,simule_distributions_ademe_2023
75113,B,D,maison,2013,72.9,116.0,2022-08-01,11,simule_distributions_ademe_2023
78014,F,D,appartement,1922,86.0,640.0,2022-08-01,11,simule_distributions_ademe_2023
78188,D,F,maison,1976,105.5,189.0,2022-08-01,11,simule_distributions_ademe_2023
95267,F,F,appartement,1974,66.7,561.0,2022-08-02,11,simule_distributions_ademe_2023
94072,D,D,appartement,1975,108.5,219.0,2022-08-02,11,simule_distributions_ademe_2023
94248,G,F,maison,1945,47.3,505.0,2022-08-02,11,simule_distributions_ademe_2023
92082,C,G,appartement,2006,80.3,297.0,2022-08-02,11,simule_distributions_ademe_2023
95109,B,F,maison,2010,102.9,115.0,2022-08-03,11,simule_distributions_ademe_2023
94168,C,E,maison,2005,101.4,268.0,2022-08-03,11,simule_distributions_ademe_2023
77161,D,E,appartement,1978,109.7,254.0,2022-08-03,11,simule_distributions_ademe_2023
95145,D,G,maison,1969,77.4,205.0,2022-08-03,11,simule_distributions_ademe_2023
78046,D,F,appartement,1976,63.8,171.0,2022-08-04,11,simule_distributions_ademe_2023
94200,D,D,appartement,1980,47.2,296.0,2022-08-04,11,simule_distributions_ademe_2023
93156,F,F,appartement,1920,65.6,479.0,2022-08-04,11,simule_distributions_ademe_2023
94048,A,B,appartement,1985,70.9,143.0,2022-08-04,11,simule_distributions_ademe_2023
91239,E,E,appartement,1982,303.9,335.0,2022-08-05,11,simule_distributions_ademe_2023
77122,E,C,maison,1991,61.8,463.0,2022-08-05,11,simule_distributions_ademe_2023
77306,E,D,appartement,1983,91.0,456.0,2022-08-05,11,simule_distributions_ademe_2023
75108,D,G,maison,1974,72.6,232.0,2022-08-05,11,simule_distributions_ademe_2023
91074,D,G,maison,1988,49.9,274.0,2022-08-06,11,simule_distributions_ademe_2023
95243,D,F,maison,1974,53.7,231.0,2022-08-06,11,simule_distributions_ademe_2023
78191,D,D,maison,1974,18.8,163.0,2022-08-06,11,simule_distributions_ademe_2023
77290,D,B,appartement,1981,123.2,231.0,2022-08-06,11,simule_distributions_ademe_2023
93377,C,D,appartement,1987,32.7,262.0,2022-08-07,11,simule_distributions_ademe_2023
93169,F,G,maison,1955,81.1,626.0,2022-08-07,11,simule_distributions_ademe_2023
93055,G,D,immeuble,1953,33.1,352.0,2022-08-07,11,simule_distributions_ademe_2023
95350,D,C,appartement,1987,22.5,251.0,2022-08-07,11,simule_distributions_ademe_2023
95368,D,D,maison,1975,75.4,174.0,2022-08-08,11,simule_distributions_ademe_2023
77364,E,E,appartement,1966,35.1,552.0,2022-08-08,11,simule_distributions_ademe_2023
75064,E,D,maison,1973,75.4,593.0,2022-08-08,11,simule_distributions_ademe_2023
93258,F,E,maison,1936,197.5,542.0,2022-08-08,11,simule_distributions_ademe_2023
94370,B,F,appartement,1987,119.2,115.0,2022-08-09,11,simule_distributions_ademe_2023
93301,D,G,appartement,1985,66.2,209.0,2022-08-09,11,simule_distributions_ademe_2023
91381,C,F,maison,2016,158.8,177.0,2022-08-09,11,simule_distributions_ademe_2023
94205,C,F,appartement,1997,40.3,330.0,2022-08-10,11,simule_distributions_ademe_2023
94273,D,D,maison,1987,216.3,289.0,2022-08-10,11,simule_distributions_ademe_2023
93228,D,A,maison,1979,32.8,184.0,2022-08-10,11,simule_distributions_ademe_2023
94218,D,C,appartement,1985,53.9,249.0,2022-08-10,11,simule_distributions_ademe_2023
77128,E,G,maison,1965,184.3,571.0,2022-08-11,11,simule_distributions_ademe_2023
92386,C,E,appartement,1999,35.3,316.0,2022-08-11,11,simule_distributions_ademe_2023
75077,G,C,maison,1940,65.8,418.0,2022-08-11,11,simule_distributions_ademe_2023
92033,D,F,appartement,1992,33.3,162.0,2022-08-11,11,simule_distributions_ademe_2023
93216,D,E,maison,1979,69.0,187.0,2022-08-12,11,simule_distributions_ademe_2023
94117,B,E,appartement,1995,124.5,97.0,2022-08-12,11,simule_distributions_ademe_2023
91335,C,D,maison,2006,178.7,290.0,2022-08-12,11,simule_distributions_ademe_2023
93362,E,D,maison,1977,185.6,481.0,2022-08-12,11,simule_distributions_ademe_2023
95255,D,D,maison,1983,41.6,249.0,2022-08-13,11,simule_distributions_ademe_2023
77172,E,E,appartement,1981,63.7,607.0,2022-08-13,11,simule_distributions_ademe_2023
77095,B,E,maison,2014,106.4,79.0,2022-08-13,11,simule_distributions_ademe_2023
92207,D,E,appartement,1993,43.6,234.0,2022-08-13,11,simule_distributions_ademe_2023
77133,E,D,appartement,1994,64.1,597.0,2022-08-14,11,simule_distributions_ademe_2023
94258,E,D,appartement,1982,194.6,417.0,2022-08-14,11,simule_distributions_ademe_2023
93302,C,E,maison,1988,61.8,222.0,2022-08-14,11,simule_distributions_ademe_2023
77303,D,D,appartement,1968,96.5,189.0,2022-08-14,11,simule_distributions_ademe_2023
93319,C,C,appartement,2011,43.2,316.0,2022-08-15,11,simule_distributions_ademe_2023
78126,D,D,maison,1970,88.5,225.0,2022-08-15,11,simule_distributions_ademe_2023
78366,D,E,appartement,1981,26.8,278.0,2022-08-15,11,simule_distributions_ademe_2023
91267,D,D,appartement,1987,69.2,182.0,2022-08-15,11,simule_distributions_ademe_2023
95346,E,D,appartement,1988,103.7,517.0,2022-08-16,11,simule_distributions_ademe_2023
78227,C,D,appartement,2010,71.2,183.0,2022-08-16,11,simule_distributions_ademe_2023
92093,E,C,appartement,1966,108.2,365.0,2022-08-16,11,simule_distributions_ademe_2023
94041,G,E,appartement,1974,42.8,480.0,2022-08-16,11,simule_distributions_ademe_2023
91299,C,D,maison,1998,24.1,207.0,2022-08-17,11,simule_distributions_ademe_2023
78004,G,E,maison,1941,73.8,424.0,2022-08-17,11,simule_distributions_ademe_2023
92092,E,D,appartement,1992,31.3,559.0,2022-08-17,11,simule_distributions_ademe_2023
77259,E,D,maison,1974,75.6,619.0,2022-08-17,11,simule_distributions_ademe_2023
91013,B,D,appartement,2003,52.0,81.0,2022-08-18,11,simule_distributions_ademe_2023
91358,E,F,appartement,1979,29.0,488.0,2022-08-18,11,simule_distributions_ademe_2023
77376,D,F,maison,1985,61.6,237.0,2022-08-18,11,simule_distributions_ademe_2023
92165,C,F,maison,2002,69.9,233.0,2022-08-18,11,simule_distributions_ademe_2023
92004,C,E,appartement,2007,65.0,300.0,2022-08-19,11,simule_distributions_ademe_2023
93209,F,E,maison,1927,147.6,585.0,2022-08-19,11,simule_distributions_ademe_2023
95236,E,E,maison,1992,111.1,486.0,2022-08-19,11,simule_distributions_ademe_2023
94003,C,D,appartement,2009,73.2,259.0,2022-08-19,11,simule_distributions_ademe_2023
78315,D,D,appartement,1981,56.5,237.0,2022-08-20,11,simule_distributions_ademe_2023
91134,F,E,maison,1942,126.7,626.0,2022-08-20,11,simule_distributions_ademe_2023
78177,D,F,appartement,1984,35.5,153.0,2022-08-20,11,simule_distributions_ademe_2023
92302,D,E,immeuble,1988,114.7,279.0,2022-08-21,11,simule_distributions_ademe_2023
78258,E,B,appartement,1976,81.1,491.0,2022-08-21,11,simule_distributions_ademe_2023
92058,C,F,appartement,2010,104.5,268.0,2022-08-21,11,simule_distributions_ademe_2023
78291,C,E,maison,1995,63.7,159.0,2022-08-21,11,simule_distributions_ademe_2023
94325,F,E,maison,1941,126.7,396.0,2022-08-22,11,simule_distributions_ademe_2023
91136,E,E,appartement,1976,65.3,487.0,2022-08-22,11,simule_distributions_ademe_2023
77350,F,F,appartement,1940,71.6,456.0,2022-08-22,11,simule_distributions_ademe_2023
92303,F,F,appartement,1973,90.8,676.0,2022-08-22,11,simule_distributions_ademe_2023
95338,D,F,maison,1970,103.1,207.0,2022-08-23,11,simule_distributions_ademe_2023
77011,E,B,appartement,1980,37.7,608.0,2022-08-23,11,simule_distributions_ademe_2023
77287,A,E,appartement,2009,77.2,124.0,2022-08-23,11,simule_distributions_ademe_2023
75054,E,E,maison,1992,62.3,455.0,2022-08-23,11,simule_distributions_ademe_2023
78016,B,G,maison,1992,39.0,110.0,2022-08-24,11,simule_distributions_ademe_2023
91334,E,F,maison,1978,84.1,469.0,2022-08-24,11,simule_distributions_ademe_2023
75042,D,D,maison,1972,49.0,319.0,2022-08-24,11,simule_distributions_ademe_2023
77209,D,G,maison,1978,125.8,197.0,2022-08-24,11,simule_distributions_ademe_2023
78132,E,E,appartement,1978,103.4,490.0,2022-08-25,11,simule_distributions_ademe_2023
92317,F,E,appartement,1953,66.3,537.0,2022-08-25,11,simule_distributions_ademe_2023
77074,F,G,appartement,1962,29.8,661.0,2022-08-25,11,simule_distributions_ademe_2023
77318,D,E,maison,1989,120.1,172.0,2022-08-25,11,simule_distributions_ademe_2023
75049,A,D,appartement,1995,111.3,127.0,2022-08-26,11,simule_distributions_ademe_2023
77137,G,F,appartement,1923,74.2,607.0,2022-08-26,11,simule_distributions_ademe_2023
95074,D,E,maison,1966,33.9,233.0,2022-08-26,11,simule_distributions_ademe_2023
93132,F,F,appartement,1955,28.4,341.0,2022-08-26,11,simule_distributions_ademe_2023
94153,D,F,appartement,1970,43.0,235.0,2022-08-27,11,simule_distributions_ademe_2023
95056,E,D,appartement,1991,41.8,331.0,2022-08-27,11,simule_distributions_ademe_2023
95204,B,D,maison,2018,53.2,104.0,2022-08-27,11,simule_distributions_ademe_2023
95032,E,B,appartement,1982,78.1,539.0,2022-08-27,11,simule_distributions_ademe_2023
91133,D,G,maison,1974,60.6,287.0,2022-08-28,11,simule_distributions_ademe_2023
93198,E,C,appartement,1990,71.6,574.0,2022-08-28,11,simule_distributions_ademe_2023
93057,C,F,maison,2003,117.9,212.0,2022-08-28,11,simule_distributions_ademe_2023
94062,F,F,maison,1947,57.0,523.0,2022-08-28,11,simule_distributions_ademe_2023
77087,E,G,maison,1976,45.9,407.0,2022-08-29,11,simule_distributions_ademe_2023
93102,D,F,maison,1971,54.3,254.0,2022-08-29,11,simule_distributions_ademe_2023
95265,G,F,maison,1921,136.0,636.0,2022-08-29,11,simule_distributions_ademe_2023
95358,B,D,maison,1986,136.9,51.0,2022-08-29,11,simule_distributions_ademe_2023
75042,E,E,maison,1989,195.4,383.0,2022-08-30,11,simule_distributions_ademe_2023
75066,D,D,appartement,1987,92.5,234.0,2022-08-30,11,simule_distributions_ademe_2023
77227,E,B,appartement,1993,90.0,404.0,2022-08-30,11,simule_distributions_ademe_2023
78129,F,G,appartement,1937,71.1,578.0,2022-08-30,11,simule_distributions_ademe_2023
77009,D,D,appartement,1967,57.1,225.0,2022-08-31,11,simule_distributions_ademe_2023
93365,D,E,maison,1984,149.7,248.0,2022-08-31,11,simule_distributions_ademe_2023
94225,C,E,maison,1999,223.4,323.0,2022-08-31,11,simule_distributions_ademe_2023
94099,B,C,appartement,2013,50.2,60.0,2022-09-01,11,simule_distributions_ademe_2023
93332,D,D,maison,1977,67.9,214.0,2022-09-01,11,simule_distributions_ademe_2023
77240,D,F,appartement,1989,38.1,276.0,2022-09-01,11,simule_distributions_ademe_2023
91332,C,D,appartement,1995,28.1,200.0,2022-09-01,11,simule_distributions_ademe_2023
78372,E,C,maison,1967,135.1,384.0,2022-09-02,11,simule_distributions_ademe_2023
91308,F,D,maison,1967,48.1,664.0,2022-09-02,11,simule_distributions_ademe_2023
92133,F,F,appartement,1967,220.4,678.0,2022-09-02,11,simule_distributions_ademe_2023
92275,E,G,maison,1970,44.9,517.0,2022-09-02,11,simule_distributions_ademe_2023
95289,F,D,appartement,1927,69.3,504.0,2022-09-03,11,simule_distributions_ademe_2023
94253,C,G,appartement,2014,119.8,284.0,2022-09-03,11,simule_distributions_ademe_2023
94078,F,F,appartement,1925,67.4,697.0,2022-09-03,11,simule_distributions_ademe_2023
78270,F,D,maison,1962,115.8,461.0,2022-09-03,11,simule_distributions_ademe_2023
93345,D,D,appartement,1990,51.6,225.0,2022-09-04,11,simule_distributions_ademe_2023
77395,E,F,appartement,1991,37.6,337.0,2022-09-04,11,simule_distributions_ademe_2023
91338,E,G,maison,1990,47.8,501.0,2022-09-04,11,simule_distributions_ademe_2023
78225,F,G,maison,1950,233.3,584.0,2022-09-04,11,simule_distributions_ademe_2023
91329,C,G,maison,2006,48.0,240.0,2022-09-05,11,simule_distributions_ademe_2023
94030,D,F,appartement,1985,59.6,306.0,2022-09-05,11,simule_distributions_ademe_2023
95318,D,E,maison,1966,94.0,246.0,2022-09-05,11,simule_distributions_ademe_2023
78126,E,C,maison,1967,49.5,677.0,2022-09-05,11,simule_distributions_ademe_2023
78324,D,E,maison,1993,122.3,287.0,2022-09-06,11,simule_distributions_ademe_2023
91149,C,C,appartement,2015,59.1,276.0,2022-09-06,11,simule_distributions_ademe_2023
92215,G,D,appartement,1966,55.4,603.0,2022-09-06,11,simule_distributions_ademe_2023
94364,G,E,maison,1963,27.9,342.0,2022-09-06,11,simule_distributions_ademe_2023
93210,F,C,maison,1947,107.7,380.0,2022-09-07,11,simule_distributions_ademe_2023
95178,B,D,maison,2014,136.6,113.0,2022-09-07,11,simule_distributions_ademe_2023
78063,D,D,maison,1974,59.1,213.0,2022-09-07,11,simule_distributions_ademe_2023
94083,C,E,appartement,2000,98.1,316.0,2022-09-07,11,simule_distributions_ademe_2023
78063,E,G,appartement,1989,65.6,380.0,2022-09-08,11,simule_distributions_ademe_2023
92324,E,G,maison,1978,80.5,609.0,2022-09-08,11,simule_distributions_ademe_2023
93312,E,D,appartement,1992,27.2,671.0,2022-09-08,11,simule_distributions_ademe_2023
92009,D,D,immeuble,1985,202.1,282.0,2022-09-08,11,simule_distributions_ademe_2023
92367,D,E,maison,1975,45.3,319.0,2022-09-09,11,simule_distributions_ademe_2023
77310,D,D,appartement,1976,89.9,322.0,2022-09-09,11,simule_distributions_ademe_2023
91146,F,C,maison,1961,92.6,411.0,2022-09-09,11,simule_distributions_ademe_2023
78116,D,E,maison,1980,38.1,215.0,2022-09-09,11,simule_distributions_ademe_2023
91247,B,E,appartement,1991,105.0,149.0,2022-09-10,11,simule_distributions_ademe_2023
78223,F,E,appartement,1955,58.8,356.0,2022-09-10,11,simule_distributions_ademe_2023
78044,F,G,immeuble,1924,30.9,648.0,2022-09-10,11,simule_distributions_ademe_2023
91023,C,F,appartement,1995,56.3,167.0,2022-09-10,11,simule_distributions_ademe_2023
77394,F,F,appartement,1967,135.4,429.0,2022-09-11,11,simule_distributions_ademe_2023
77161,D,F,maison,1979,45.6,242.0,2022-09-11,11,simule_distributions_ademe_2023
95215,D,C,appartement,1974,68.2,224.0,2022-09-11,11,simule_distributions_ademe_2023
91238,G,F,appartement,1944,52.5,466.0,2022-09-12,11,simule_distributions_ademe_2023
93026,D,C,appartement,1974,48.2,249.0,2022-09-12,11,simule_distributions_ademe_2023
93246,D,G,maison,1977,49.5,216.0,2022-09-12,11,simule_distributions_ademe_2023
75086,C,F,appartement,2005,87.4,308.0,2022-09-12,11,simule_distributions_ademe_2023
94348,G,D,appartement,1963,127.1,698.0,2022-09-13,11,simule_distributions_ademe_2023
93183,E,D,appartement,1966,80.0,581.0,2022-09-13,11,simule_distributions_ademe_2023
77152,G,D,appartement,1935,97.8,496.0,2022-09-13,11,simule_distributions_ademe_2023
77119,E,D,maison,1976,38.5,481.0,2022-09-13,11,simule_distributions_ademe_2023
93050,D,D,maison,1971,136.4,264.0,2022-09-14,11,simule_distributions_ademe_2023
77022,D,G,maison,1990,26.5,293.0,2022-09-14,11,simule_distributions_ademe_2023
78110,B,E,appartement,1989,28.4,53.0,2022-09-14,11,simule_distributions_ademe_2023
92033,A,E,maison,2003,28.3,107.0,2022-09-14,11,simule_distributions_ademe_2023
91268,C,C,maison,2019,22.2,209.0,2022-09-15,11,simule_distributions_ademe_2023
95167,F,D,appartement,1964,109.4,542.0,2022-09-15,11,simule_distributions_ademe_2023
92352,E,D,maison,1986,38.1,493.0,2022-09-15,11,simule_distributions_ademe_2023
78154,C,E,maison,1985,59.1,234.0,2022-09-15,11,simule_distributions_ademe_2023
92359,F,E,maison,1962,87.1,496.0,2022-09-16,11,simule_distributions_ademe_2023
75042,B,D,maison,2013,136.9,148.0,2022-09-16,11,simule_distributions_ademe_2023
94178,D,F,appartement,1983,113.2,210.0,2022-09-16,11,simule_distributions_ademe_2023
93334,E,F,immeuble,1975,98.7,442.0,2022-09-16,11,simule_distributions_ademe_2023
93043,C,D,immeuble,2016,70.2,165.0,2022-09-17,11,simule_distributions_ademe_2023
78153,E,E,appartement,1966,45.7,697.0,2022-09-17,11,simule_distributions_ademe_2023
77140,D,F,maison,1970,118.8,225.0,2022-09-17,11,simule_distributions_ademe_2023
78231,C,D,appartement,1999,101.5,152.0,2022-09-17,11,simule_distributions_ademe_2023
75118,E,G,maison,1977,45.2,440.0,2022-09-18,11,simule_distributions_ademe_2023
95231,D,D,appartement,1967,87.7,206.0,2022-09-18,11,simule_distributions_ademe_2023
75013,C,G,appartement,2008,68.6,177.0,2022-09-18,11,simule_distributions_ademe_2023
91011,D,C,maison,1983,45.7,191.0,2022-09-18,11,simule_distributions_ademe_2023
77001,C,E,appartement,2012,79.4,298.0,2022-09-19,11,simule_distributions_ademe_2023
95237,B,D,maison,2018,49.3,80.0,2022-09-19,11,simule_distributions_ademe_2023
92202,F,E,appartement,1934,36.3,425.0,2022-09-19,11,simule_distributions_ademe_2023
93072,F,D,appartement,1931,36.1,536.0,2022-09-19,11,simule_distributions_ademe_2023
75102,D,E,maison,1990,33.4,178.0,2022-09-20,11,simule_distributions_ademe_2023
95226,B,E,maison,2012,52.1,147.0,2022-09-20,11,simule_distributions_ademe_2023
92164,B,E,maison,2014,127.7,144.0,2022-09-20,11,simule_distributions_ademe_2023
94029,B,E,appartement,1993,41.8,60.0,2022-09-20,11,simule_distributions_ademe_2023
94325,F,E,appartement,1928,28.5,696.0,2022-09-21,11,simule_distributions_ademe_2023
95269,C,G,maison,2019,65.4,189.0,2022-09-21,11,simule_distributions_ademe_2023
75010,F,D,maison,1969,81.2,616.0,2022-09-21,11,simule_distributions_ademe_2023
77203,E,E,maison,1989,110.1,653.0,2022-09-21,11,simule_distributions_ademe_2023
92251,D,C,maison,1968,88.3,310.0,2022-09-22,11,simule_distributions_ademe_2023
78067,D,C,appartement,1969,42.6,312.0,2022-09-22,11,simule_distributions_ademe_2023
95337,D,G,immeuble,1977,97.1,261.0,2022-09-22,11,simule_distributions_ademe_2023
94065,E,D,appartement,1976,79.4,544.0,2022-09-23,11,simule_distributions_ademe_2023
94229,F,G,immeuble,1920,50.2,484.0,2022-09-23,11,simule_distributions_ademe_2023
77212,B,G,maison,2001,37.7,146.0,2022-09-23,11,simule_distributions_ademe_2023
94343,E,F,maison,1991,51.8,695.0,2022-09-23,11,simule_distributions_ademe_2023
93021,G,D,appartement,1973,56.0,486.0,2022-09-24,11,simule_distributions_ademe_2023
94201,C,G,maison,1990,27.6,317.0,2022-09-24,11,simule_distributions_ademe_2023
91327,G,E,maison,1950,42.4,655.0,2022-09-24,11,simule_distributions_ademe_2023
94259,B,D,appartement,2007,45.1,134.0,2022-09-24,11,simule_distributions_ademe_2023
78356,E,D,maison,1978,90.9,362.0,2022-09-25,11,simule_distributions_ademe_2023
92187,D,F,appartement,1965,88.8,302.0,2022-09-25,11,simule_distributions_ademe_2023
77388,B,G,appartement,1986,211.4,118.0,2022-09-25,11,simule_distributions_ademe_2023
91231,D,F,maison,1965,127.8,276.0,2022-09-25,11,simule_distributions_ademe_2023
95062,C,G,maison,2004,54.1,251.0,2022-09-26,11,simule_distributions_ademe_2023
77352,C,E,maison,2011,47.9,264.0,2022-09-26,11,simule_distributions_ademe_2023
95380,D,D,maison,1977,116.8,254.0,2022-09-26,11,simule_distributions_ademe_2023
92308,E,E,appartement,1978,83.8,614.0,2022-09-26,11,simule_distributions_ademe_2023
91122,E,D,maison,1989,96.5,414.0,2022-09-27,11,simule_distributions_ademe_2023
78209,F,D,appartement,1974,64.0,354.0,2022-09-27,11,simule_distributions_ademe_2023
92005,D,G,appartement,1987,63.2,154.0,2022-09-27,11,simule_distributions_ademe_2023
91057,C,F,appartement,2015,38.0,152.0,2022-09-27,11,simule_distributions_ademe_2023
95197,E,B,appartement,1984,38.1,600.0,2022-09-28,11,simule_distributions_ademe_2023
91120,D,F,appartement,1969,63.5,305.0,2022-09-28,11,simule_distributions_ademe_2023
78131,C,F,appartement,1994,113.1,166.0,2022-09-28,11,simule_distributions_ademe_2023
91108,F,C,maison,1971,32.7,402.0,2022-09-28,11,simule_distributions_ademe_2023
91319,G,G,maison,1967,147.8,446.0,2022-09-29,11,simule_distributions_ademe_2023
91328,C,G,maison,2000,82.7,168.0,2022-09-29,11,simule_distributions_ademe_2023
75023,C,B,appartement,1997,116.2,155.0,2022-09-29,11,simule_distributions_ademe_2023
78171,D,E,maison,1973,92.9,231.0,2022-09-29,11,simule_distributions_ademe_2023
95289,C,D,appartement,1995,91.7,201.0,2022-09-30,11,simule_distributions_ademe_2023
92160,G,F,appartement,1940,96.6,344.0,2022-09-30,11,simule_distributions_ademe_2023
92375,A,B,appartement,2014,55.1,108.0,2022-09-30,11,simule_distributions_ademe_2023
95281,C,C,maison,1985,38.8,300.0,2022-09-30,11,simule_distributions_ademe_2023
78130,D,D,appartement,1967,105.2,170.0,2022-10-01,11,simule_distributions_ademe_2023
78292,D,F,appartement,1992,70.7,297.0,2022-10-01,11,simule_distributions_ademe_2023
92314,D,F,maison,1971,71.6,277.0,2022-10-01,11,simule_distributions_ademe_2023
94175,E,B,appartement,1986,162.5,672.0,2022-10-01,11,simule_distributions_ademe_2023
95110,F,F,maison,1958,83.6,482.0,2022-10-02,11,simule_distributions_ademe_2023
91256,E,F,appartement,1984,59.0,651.0,2022-10-02,11,simule_distributions_ademe_2023
75087,C,E,appartement,2018,81.6,159.0,2022-10-02,11,simule_distributions_ademe_2023
91233,G,D,appartement,1941,56.1,473.0,2022-10-02,11,simule_distributions_ademe_2023
94291,F,B,appartement,1970,31.8,497.0,2022-10-03,11,simule_distributions_ademe_2023
91033,C,C,appartement,1990,41.3,255.0,2022-10-03,11,simule_distributions_ademe_2023
94297,E,G,maison,1973,21.4,667.0,2022-10-03,11,simule_distributions_ademe_2023
77263,D,C,maison,1979,96.2,220.0,2022-10-04,11,simule_distributions_ademe_2023
94333,C,G,appartement,2003,88.9,224.0,2022-10-04,11,simule_distributions_ademe_2023
94273,C,F,maison,1996,78.0,217.0,2022-10-04,11,simule_distributions_ademe_2023
92021,G,F,appartement,1942,46.2,388.0,2022-10-04,11,simule_distributions_ademe_2023
78392,E,D,appartement,1965,24.3,550.0,2022-10-05,11,simule_distributions_ademe_2023
94046,F,E,appartement,1959,50.1,417.0,2022-10-05,11,simule_distributions_ademe_2023
91217,F,D,maison,1947,82.6,405.0,2022-10-05,11,simule_distributions_ademe_2023
93116,C,F,appartement,2013,111.0,311.0,2022-10-05,11,simule_distributions_ademe_2023
95292,E,F,appartement,1969,105.6,440.0,2022-10-06,11,simule_distributions_ademe_2023
77106,D,E,maison,1994,57.2,225.0,2022-10-06,11,simule_distributions_ademe_2023
92118,F,G,immeuble,1953,64.0,626.0,2022-10-06,11,simule_distributions_ademe_2023
95301,D,E,maison,1968,94.4,152.0,2022-10-06,11,simule_distributions_ademe_2023
77247,F,E,maison,1940,59.1,693.0,2022-10-07,11,simule_distributions_ademe_2023
78074,E,F,maison,1984,40.3,616.0,2022-10-07,11,simule_distributions_ademe_2023
77329,F,B,appartement,1964,60.7,369.0,2022-10-07,11,simule_distributions_ademe_2023
92384,G,F,appartement,1958,99.9,440.0,2022-10-07,11,simule_distributions_ademe_2023
93177,C,E,maison,2016,50.7,173.0,2022-10-08,11,simule_distributions_ademe_2023
94263,F,E,appartement,1944,65.9,555.0,2022-10-08,11,simule_distributions_ademe_2023
78200,F,F,appartement,1973,52.1,589.0,2022-10-08,11,simule_distributions_ademe_2023
77254,D,G,maison,1993,184.4,319.0,2022-10-08,11,simule_distributions_ademe_2023
92131,C,C,maison,2019,25.7,313.0,2022-10-09,11,simule_distributions_ademe_2023
91003,C,E,maison,2019,38.0,280.0,2022-10-09,11,simule_distributions_ademe_2023
94129,E,D,maison,1967,61.1,454.0,2022-10-09,11,simule_distributions_ademe_2023
91287,D,F,maison,1971,47.9,327.0,2022-10-09,11,simule_distributions_ademe_2023
95398,B,G,appartement,1997,195.4,100.0,2022-10-10,11,simule_distributions_ademe_2023
94023,C,F,appartement,2019,77.9,191.0,2022-10-10,11,simule_distributions_ademe_2023
94104,D,D,maison,1986,126.4,156.0,2022-10-10,11,simule_distributions_ademe_2023
78163,D,D,maison,1986,48.8,223.0,2022-10-10,11,simule_distributions_ademe_2023
91208,F,G,maison,1929,33.8,677.0,2022-10-11,11,simule_distributions_ademe_2023
93130,F,G,appartement,1954,35.3,628.0,2022-10-11,11,simule_distributions_ademe_2023
78377,C,E,appartement,1989,37.6,180.0,2022-10-11,11,simule_distributions_ademe_2023
93119,D,G,appartement,1977,63.4,247.0,2022-10-11,11,simule_distributions_ademe_2023
94360,D,E,immeuble,1970,89.1,170.0,2022-10-12,11,simule_distributions_ademe_2023
91103,D,F,appartement,1969,34.1,164.0,2022-10-12,11,simule_distributions_ademe_2023
77070,F,D,maison,1959,110.9,631.0,2022-10-12,11,simule_distributions_ademe_2023
94326,E,D,appartement,1980,55.0,425.0,2022-10-12,11,simule_distributions_ademe_2023
92052,D,G,maison,1981,47.8,227.0,2022-10-13,11,simule_distributions_ademe_2023
78127,C,D,appartement,2011,20.2,173.0,2022-10-13,11,simule_distributions_ademe_2023
92016,G,F,appartement,1925,61.0,354.0,2022-10-13,11,simule_distributions_ademe_2023
92043,C,D,maison,1990,60.1,290.0,2022-10-13,11,simule_distributions_ademe_2023
94105,F,D,maison,1944,19.1,572.0,2022-10-14,11,simule_distributions_ademe_2023
78286,C,F,appartement,1991,72.5,170.0,2022-10-14,11,simule_distributions_ademe_2023
93290,F,D,maison,1945,71.2,510.0,2022-10-14,11,simule_distributions_ademe_2023
93335,E,E,appartement,1972,186.2,604.0,2022-10-15,11,simule_distributions_ademe_2023
78351,E,G,maison,1981,60.2,690.0,2022-10-15,11,simule_distributions_ademe_2023
94070,G,E,maison,1937,64.1,364.0,2022-10-15,11,simule_distributions_ademe_2023
92380,D,E,maison,1985,52.7,251.0,2022-10-15,11,simule_distributions_ademe_2023
92247,E,D,appartement,1980,51.7,514.0,2022-10-16,11,simule_distributions_ademe_2023
95303,C,E,maison,1999,77.0,295.0,2022-10-16,11,simule_distributions_ademe_2023
91159,G,F,maison,1927,78.1,534.0,2022-10-16,11,simule_distributions_ademe_2023
92150,D,G,maison,1981,132.0,301.0,2022-10-16,11,simule_distributions_ademe_2023
78231,D,D,maison,1980,48.7,295.0,2022-10-17,11,simule_distributions_ademe_2023
77082,G,F,maison,1936,71.6,614.0,2022-10-17,11,simule_distributions_ademe_2023
95189,D,F,maison,1983,90.8,283.0,2022-10-17,11,simule_distributions_ademe_2023
78146,F,C,maison,1928,32.1,363.0,2022-10-17,11,simule_distributions_ademe_2023
95292,A,D,appartement,2000,51.9,107.0,2022-10-18,11,simule_distributions_ademe_2023
78319,F,E,appartement,1957,66.0,671.0,2022-10-18,11,simule_distributions_ademe_2023
78065,E,E,maison,1984,105.4,621.0,2022-10-18,11,simule_distributions_ademe_2023
91378,D,D,maison,1975,70.3,167.0,2022-10-18,11,simule_distributions_ademe_2023
95138,E,B,appartement,1978,68.2,335.0,2022-10-19,11,simule_distributions_ademe_2023
93103,F,F,maison,1925,160.9,450.0,2022-10-19,11,simule_distributions_ademe_2023
77231,G,E,maison,1933,143.6,453.0,2022-10-19,11,simule_distributions_ademe_2023
91370,A,C,appartement,2000,53.7,72.0,2022-10-19,11,simule_distributions_ademe_2023
95198,D,F,maison,1973,49.7,200.0,2022-10-20,11,simule_distributions_ademe_2023
92284,D,G,maison,1971,52.3,160.0,2022-10-20,11,simule_distributions_ademe_2023
95231,E,G,maison,1965,68.2,565.0,2022-10-20,11,simule_distributions_ademe_2023
94013,F,F,appartement,1939,57.9,395.0,2022-10-20,11,simule_distributions_ademe_2023
75008,A,D,appartement,2008,66.6,145.0,2022-10-21,11,simule_distributions_ademe_2023
91003,G,C,appartement,1928,101.1,472.0,2022-10-21,11,simule_distributions_ademe_2023
93007,D,D,appartement,1972,43.2,206.0,2022-10-21,11,simule_distributions_ademe_2023
94079,D,F,maison,1983,95.6,216.0,2022-10-21,11,simule_distributions_ademe_2023
93085,D,F,appartement,1987,90.1,199.0,2022-10-22,11,simule_distributions_ademe_2023
77022,C,F,maison,2008,118.8,286.0,2022-10-22,11,simule_distributions_ademe_2023
93092,G,F,maison,1922,44.9,641.0,2022-10-22,11,simule_distributions_ademe_2023
95291,D,C,maison,1982,91.2,157.0,2022-10-22,11,simule_distributions_ademe_2023
94168,D,F,maison,1987,105.3,210.0,2022-10-23,11,simule_distributions_ademe_2023
94033,D,E,appartement,1965,48.6,284.0,2022-10-23,11,simule_distributions_ademe_2023
91295,C,D,appartement,2004,81.0,235.0,2022-10-23,11,simule_distributions_ademe_2023
93267,F,C,appartement,1956,90.5,602.0,2022-10-23,11,simule_distributions_ademe_2023
77243,C,C,appartement,2015,105.9,281.0,2022-10-24,11,simule_distributions_ademe_2023
92086,C,F,appartement,2004,44.2,193.0,2022-10-24,11,simule_distributions_ademe_2023
95282,F,F,appartement,1970,27.7,442.0,2022-10-24,11,simule_distributions_ademe_2023
78206,B,C,maison,1993,84.5,81.0,2022-10-25,11,simule_distributions_ademe_2023
93169,D,G,maison,1975,56.0,235.0,2022-10-25,11,simule_distributions_ademe_2023
91225,C,E,maison,2012,110.7,217.0,2022-10-25,11,simule_distributions_ademe_2023
77319,D,B,immeuble,1971,84.4,224.0,2022-10-25,11,simule_distributions_ademe_2023
92208,F,D,maison,1940,229.2,413.0,2022-10-26,11,simule_distributions_ademe_2023
78050,B,C,maison,1989,77.3,117.0,2022-10-26,11,simule_distributions_ademe_2023
92250,E,G,appartement,1972,92.2,674.0,2022-10-26,11,simule_distributions_ademe_2023
94031,F,C,maison,1938,67.5,647.0,2022-10-26,11,simule_distributions_ademe_2023
94040,E,F,maison,1968,37.3,395.0,2022-10-27,11,simule_distributions_ademe_2023
93329,D,F,immeuble,1981,136.3,257.0,2022-10-27,11,simule_distributions_ademe_2023
78179,C,F,maison,2011,56.2,263.0,2022-10-27,11,simule_distributions_ademe_2023
78082,C,G,maison,2019,150.8,257.0,2022-10-27,11,simule_distributions_ademe_2023
93226,C,G,maison,1998,71.6,163.0,2022-10-28,11,simule_distributions_ademe_2023
77023,B,D,maison,2016,20.7,66.0,2022-10-28,11,simule_distributions_ademe_2023
93332,D,D,appartement,1984,50.0,185.0,2022-10-28,11,simule_distributions_ademe_2023
91393,F,E,appartement,1932,63.5,619.0,2022-10-28,11,simule_distributions_ademe_2023
94146,D,F,maison,1991,63.9,230.0,2022-10-29,11,simule_distributions_ademe_2023
77010,E,F,appartement,1980,72.8,443.0,2022-10-29,11,simule_distributions_ademe_2023
92290,G,F,maison,1937,121.0,572.0,2022-10-29,11,simule_distributions_ademe_2023
78084,B,C,maison,2017,50.4,75.0,2022-10-29,11,simule_distributions_ademe_2023
77036,C,E,maison,1994,112.1,258.0,2022-10-30,11,simule_distributions_ademe_2023
94399,G,F,maison,1927,67.5,547.0,2022-10-30,11,simule_distributions_ademe_2023
77216,D,F,maison,1993,54.8,225.0,2022-10-30,11,simule_distributions_ademe_2023
77129,E,G,maison,1989,41.6,450.0,2022-10-30,11,simule_distributions_ademe_2023
91047,D,D,appartement,1990,65.0,203.0,2022-10-31,11,simule_distributions_ademe_2023
94310,B,D,maison,1992,54.2,67.0,2022-10-31,11,simule_distributions_ademe_2023
95280,C,B,appartement,2010,73.8,243.0,2022-10-31,11,simule_distributions_ademe_2023
78188,C,D,maison,1996,75.4,174.0,2022-10-31,11,simule_distributions_ademe_2023
95173,C,F,appartement,2004,79.2,163.0,2022-11-01,11,simule_distributions_ademe_2023
75019,E,F,maison,1966,107.3,410.0,2022-11-01,11,simule_distributions_ademe_2023
95211,F,C,maison,1948,45.0,333.0,2022-11-01,11,simule_distributions_ademe_2023
78206,F,B,appartement,1960,105.3,697.0,2022-11-01,11,simule_distributions_ademe_2023
92152,E,B,maison,1967,78.0,451.0,2022-11-02,11,simule_distributions_ademe_2023
77192,F,D,appartement,1949,41.3,610.0,2022-11-02,11,simule_distributions_ademe_2023
94212,E,E,maison,1986,53.6,349.0,2022-11-02,11,simule_distributions_ademe_2023
92257,G,D,maison,1934,72.5,482.0,2022-11-02,11,simule_distributions_ademe_2023
93257,C,D,appartement,1998,73.9,186.0,2022-11-03,11,simule_distributions_ademe_2023
92391,D,E,appartement,1975,140.7,259.0,2022-11-03,11,simule_distributions_ademe_2023
94379,E,D,maison,1975,144.0,545.0,2022-11-03,11,simule_distributions_ademe_2023
93254,C,D,maison,2012,69.9,256.0,2022-11-03,11,simule_distributions_ademe_2023
95353,B,D,appartement,1995,89.2,104.0,2022-11-04,11,simule_distributions_ademe_2023
94397,D,G,maison,1965,87.0,200.0,2022-11-04,11,simule_distributions_ademe_2023
78027,C,F,maison,1991,43.4,319.0,2022-11-04,11,simule_distributions_ademe_2023
91334,C,D,appartement,1985,78.3,173.0,2022-11-05,11,simule_distributions_ademe_2023
92173,D,F,appartement,1989,62.2,224.0,2022-11-05,11,simule_distributions_ademe_2023
94150,D,E,appartement,1994,92.5,184.0,2022-11-05,11,simule_distributions_ademe_2023
91172,C,D,appartement,1997,81.3,228.0,2022-11-05,11,simule_distributions_ademe_2023
78148,F,F,appartement,1955,60.2,531.0,2022-11-06,11,simule_distributions_ademe_2023
95358,C,C,maison,2012,57.6,247.0,2022-11-06,11,simule_distributions_ademe_2023
91074,C,C,maison,1988,91.0,315.0,2022-11-06,11,simule_distributions_ademe_2023
91186,F,F,appartement,1957,85.3,695.0,2022-11-06,11,simule_distributions_ademe_2023
95272,F,E,appartement,1967,71.6,456.0,2022-11-07,11,simule_distributions_ademe_2023
77371,D,E,maison,1972,198.5,293.0,2022-11-07,11,simule_distributions_ademe_2023
78241,C,C,maison,2006,56.0,170.0,2022-11-07,11,simule_distributions_ademe_2023
78028,F,D,immeuble,1941,42.1,595.0,2022-11-07,11,simule_distributions_ademe_2023
94353,D,F,maison,1984,68.3,293.0,2022-11-08,11,simule_distributions_ademe_2023
92224,B,F,maison,2012,73.0,147.0,2022-11-08,11,simule_distributions_ademe_2023
93031,F,E,appartement,1973,47.4,371.0,2022-11-08,11,simule_distributions_ademe_2023
92149,D,F,maison,1984,59.6,316.0,2022-11-08,11,simule_distributions_ademe_2023
91180,D,C,appartement,1974,113.4,228.0,2022-11-09,11,simule_distributions_ademe_2023
92298,F,D,maison,1954,189.8,426.0,2022-11-09,11,simule_distributions_ademe_2023
92373,C,E,maison,2002,45.2,203.0,2022-11-09,11,simule_distributions_ademe_2023
95390,G,F,maison,1968,74.6,509.0,2022-11-09,11,simule_distributions_ademe_2023
92281,F,B,maison,1963,88.9,392.0,2022-11-10,11,simule_distributions_ademe_2023
94323,E,G,maison,1987,37.5,461.0,2022-11-10,11,simule_distributions_ademe_2023
95380,D,C,appartement,1978,39.5,192.0,2022-11-10,11,simule_distributions_ademe_2023
94174,G,F,maison,1956,157.7,664.0,2022-11-10,11,simule_distributions_ademe_2023
94260,E,F,appartement,1976,169.1,577.0,2022-11-11,11,simule_distributions_ademe_2023
77041,F,F,maison,1937,178.9,700.0,2022-11-11,11,simule_distributions_ademe_2023
93089,F,B,appartement,1942,105.5,439.0,2022-11-11,11,simule_distributions_ademe_2023
92022,F,G,maison,1929,86.1,638.0,2022-11-11,11,simule_distributions_ademe_2023
77176,E,G,maison,1971,113.6,520.0,2022-11-12,11,simule_distributions_ademe_2023
93092,C,C,maison,2006,44.5,255.0,2022-11-12,11,simule_distributions_ademe_2023
77308,G,F,maison,1934,108.6,335.0,2022-11-12,11,simule_distributions_ademe_2023
78257,D,E,maison,1982,53.9,196.0,2022-11-12,11,simule_distributions_ademe_2023
78267,D,F,maison,1991,96.0,154.0,2022-11-13,11,simule_distributions_ademe_2023
77080,C,D,maison,1988,65.0,167.0,2022-11-13,11,simule_distributions_ademe_2023
94017,C,E,maison,2014,60.4,261.0,2022-11-13,11,simule_distributions_ademe_2023
77123,D,G,maison,1979,53.5,219.0,2022-11-13,11,simule_distributions_ademe_2023
93301,G,D,appartement,1922,75.5,690.0,2022-11-14,11,simule_distributions_ademe_2023
92227,D,E,maison,1986,76.1,298.0,2022-11-14,11,simule_distributions_ademe_2023
77216,D,C,maison,1974,57.3,256.0,2022-11-14,11,simule_distributions_ademe_2023
94299,B,D,maison,2006,126.1,59.0,2022-11-14,11,simule_distributions_ademe_2023
95074,C,E,maison,2008,82.4,309.0,2022-11-15,11,simule_distributions_ademe_2023
95140,D,D,maison,1984,122.7,204.0,2022-11-15,11,simule_distributions_ademe_2023
92336,F,G,appartement,1969,50.6,635.0,2022-11-15,11,simule_distributions_ademe_2023
92016,F,E,appartement,1968,65.0,574.0,2022-11-16,11,simule_distributions_ademe_2023
77182,A,G,maison,2006,71.7,118.0,2022-11-16,11,simule_distributions_ademe_2023
94379,G,C,maison,1972,52.8,422.0,2022-11-16,11,simule_distributions_ademe_2023
92023,F,A,appartement,1948,134.9,561.0,2022-11-16,11,simule_distributions_ademe_2023
94061,D,F,appartement,1969,83.3,157.0,2022-11-17,11,simule_distributions_ademe_2023
92387,C,E,appartement,2016,44.2,294.0,2022-11-17,11,simule_distributions_ademe_2023
95146,C,A,maison,2014,67.0,173.0,2022-11-17,11,simule_distributions_ademe_2023
94226,D,E,appartement,1994,28.3,219.0,2022-11-17,11,simule_distributions_ademe_2023
78245,F,E,maison,1926,20.4,373.0,2022-11-18,11,simule_distributions_ademe_2023
93196,C,G,immeuble,1989,57.2,327.0,2022-11-18,11,simule_distributions_ademe_2023
78016,D,G,appartement,1974,71.5,175.0,2022-11-18,11,simule_distributions_ademe_2023
91285,F,E,maison,1963,54.9,577.0,2022-11-18,11,simule_distributions_ademe_2023
78351,D,D,maison,1992,90.8,258.0,2022-11-19,11,simule_distributions_ademe_2023
94305,G,C,maison,1972,88.1,680.0,2022-11-19,11,simule_distributions_ademe_2023
91365,C,B,maison,2012,87.1,203.0,2022-11-19,11,simule_distributions_ademe_2023
77056,F,F,maison,1946,34.5,480.0,2022-11-19,11,simule_distributions_ademe_2023
77346,D,F,maison,1977,38.8,170.0,2022-11-20,11,simule_distributions_ademe_2023
92110,D,D,maison,1989,114.9,222.0,2022-11-20,11,simule_distributions_ademe_2023
77241,E,F,appartement,1979,56.2,579.0,2022-11-20,11,simule_distributions_ademe_2023
95340,E,E,appartement,1973,35.3,502.0,2022-11-20,11,simule_distributions_ademe_2023
78345,F,F,maison,1943,76.1,368.0,2022-11-21,11,simule_distributions_ademe_2023
75072,D,C,maison,1972,48.4,205.0,2022-11-21,11,simule_distributions_ademe_2023
78079,B,G,appartement,2005,87.6,113.0,2022-11-21,11,simule_distributions_ademe_2023
78321,D,D,appartement,1971,68.9,157.0,2022-11-21,11,simule_distributions_ademe_2023
92339,D,G,appartement,1985,183.0,200.0,2022-11-22,11,simule_distributions_ademe_2023
93350,E,G,maison,1974,50.6,429.0,2022-11-22,11,simule_distributions_ademe_2023
93350,D,D,maison,1978,63.2,302.0,2022-11-22,11,simule_distributions_ademe_2023
78383,E,D,appartement,1983,92.6,408.0,2022-11-22,11,simule_distributions_ademe_2023
75011,C,D,appartement,2016,56.4,308.0,2022-11-23,11,simule_distributions_ademe_2023
91392,G,F,appartement,1965,65.2,587.0,2022-11-23,11,simule_distributions_ademe_2023
95132,C,E,maison,2013,220.5,183.0,2022-11-23,11,simule_distributions_ademe_2023
94297,D,C,appartement,1972,85.2,279.0,2022-11-23,11,simule_distributions_ademe_2023
77060,F,C,maison,1961,103.9,555.0,2022-11-24,11,simule_distributions_ademe_2023
94203,D,D,immeuble,1989,18.5,236.0,2022-11-24,11,simule_distributions_ademe_2023
92120,B,E,appartement,1991,44.3,68.0,2022-11-24,11,simule_distributions_ademe_2023
78389,D,F,appartement,1979,181.9,227.0,2022-11-24,11,simule_distributions_ademe_2023
93243,D,F,maison,1984,97.2,288.0,2022-11-25,11,simule_distributions_ademe_2023
93193,F,C,maison,1938,85.3,404.0,2022-11-25,11,simule_distributions_ademe_2023
91328,D,D,maison,1991,23.6,244.0,2022-11-25,11,simule_distributions_ademe_2023
95307,F,D,maison,1929,134.3,436.0,2022-11-25,11,simule_distributions_ademe_2023
92099,C,E,appartement,2016,24.7,236.0,2022-11-26,11,simule_distributions_ademe_2023
91276,A,D,maison,2009,50.9,83.0,2022-11-26,11,simule_distributions_ademe_2023
92236,F,E,maison,1948,108.3,684.0,2022-11-26,11,simule_distributions_ademe_2023
77137,F,D,appartement,1948,44.2,600.0,2022-11-27,11,simule_distributions_ademe_2023
92064,C,E,maison,2012,41.6,214.0,2022-11-27,11,simule_distributions_ademe_2023
78112,F,F,maison,1948,98.6,563.0,2022-11-27,11,simule_distributions_ademe_2023
91063,D,G,appartement,1987,72.0,185.0,2022-11-27,11,simule_distributions_ademe_2023
77358,D,F,maison,1967,162.8,292.0,2022-11-28,11,simule_distributions_ademe_2023
94203,B,E,immeuble,1985,61.2,72.0,2022-11-28,11,simule_distributions_ademe_2023
95120,D,F,appartement,1992,43.1,327.0,2022-11-28,11,simule_distributions_ademe_2023
77012,D,D,appartement,1973,104.7,208.0,2022-11-28,11,simule_distributions_ademe_2023
77042,C,G,maison,1999,171.5,329.0,2022-11-29,11,simule_distributions_ademe_2023
92234,E,E,appartement,1979,76.7,357.0,2022-11-29,11,simule_distributions_ademe_2023
91231,E,C,appartement,1970,110.4,533.0,2022-11-29,11,simule_distributions_ademe_2023
78353,F,D,maison,1950,40.7,544.0,2022-11-29,11,simule_distributions_ademe_2023
78004,D,F,immeuble,1965,48.6,300.0,2022-11-30,11,simule_distributions_ademe_2023
92362,E,F,appartement,1982,103.5,662.0,2022-11-30,11,simule_distributions_ademe_2023
94193,C,F,maison,1986,49.4,314.0,2022-11-30,11,simule_distributions_ademe_2023
93280,D,E,maison,1966,110.9,279.0,2022-11-30,11,simule_distributions_ademe_2023
92012,A,D,appartement,2008,57.4,134.0,2022-12-01,11,simule_distributions_ademe_2023
78049,D,B,maison,1974,108.1,184.0,2022-12-01,11,simule_distributions_ademe_2023
77077,D,E,maison,1970,92.4,185.0,2022-12-01,11,simule_distributions_ademe_2023
78055,F,F,appartement,1953,34.3,418.0,2022-12-01,11,simule_distributions_ademe_2023
94142,A,C,maison,2018,89.3,55.0,2022-12-02,11,simule_distributions_ademe_2023
91308,G,D,maison,1934,48.4,394.0,2022-12-02,11,simule_distributions_ademe_2023
95180,D,C,maison,1984,80.0,318.0,2022-12-02,11,simule_distributions_ademe_2023
93376,E,E,appartement,1989,25.5,512.0,2022-12-02,11,simule_distributions_ademe_2023
78108,E,D,maison,1989,45.3,425.0,2022-12-03,11,simule_distributions_ademe_2023
94019,D,F,appartement,1992,21.5,232.0,2022-12-03,11,simule_distributions_ademe_2023
77091,D,B,appartement,1974,31.2,237.0,2022-12-03,11,simule_distributions_ademe_2023
75043,D,D,appartement,1986,37.2,216.0,2022-12-03,11,simule_distributions_ademe_2023
94305,G,B,appartement,1970,71.6,332.0,2022-12-04,11,simule_distributions_ademe_2023
92204,E,D,appartement,1978,52.4,674.0,2022-12-04,11,simule_distributions_ademe_2023
91083,F,E,appartement,1963,60.9,509.0,2022-12-04,11,simule_distributions_ademe_2023
92384,E,E,appartement,1989,73.1,345.0,2022-12-04,11,simule_distributions_ademe_2023
78121,F,E,appartement,1931,37.5,606.0,2022-12-05,11,simule_distributions_ademe_2023
78195,D,D,appartement,1979,113.6,259.0,2022-12-05,11,simule_distributions_ademe_2023
78152,D,C,appartement,1965,30.7,317.0,2022-12-05,11,simule_distributions_ademe_2023
94264,E,F,appartement,1979,49.6,530.0,2022-12-05,11,simule_distributions_ademe_2023
94087,D,G,maison,1991,74.9,159.0,2022-12-06,11,simule_distributions_ademe_2023
93293,F,E,appartement,1933,74.2,421.0,2022-12-06,11,simule_distributions_ademe_2023
91163,G,C,appartement,1924,70.8,581.0,2022-12-06,11,simule_distributions_ademe_2023
77242,D,B,maison,1975,118.5,290.0,2022-12-06,11,simule_distributions_ademe_2023
91085,G,C,appartement,1933,180.4,354.0,2022-12-07,11,simule_distributions_ademe_2023
95272,G,C,immeuble,1937,104.5,549.0,2022-12-07,11,simule_distributions_ademe_2023
95044,D,E,maison,1975,48.1,187.0,2022-12-07,11,simule_distributions_ademe_2023
77316,F,C,maison,1972,133.1,541.0,2022-12-08,11,simule_distributions_ademe_2023
94252,D,D,maison,1989,53.4,277.0,2022-12-08,11,simule_distributions_ademe_2023
94189,D,A,immeuble,1966,86.4,185.0,2022-12-08,11,simule_distributions_ademe_2023
92082,F,D,maison,1922,35.9,680.0,2022-12-08,11,simule_distributions_ademe_2023
95277,C,G,maison,2007,58.0,238.0,2022-12-09,11,simule_distributions_ademe_2023
95039,D,G,maison,1989,167.7,196.0,2022-12-09,11,simule_distributions_ademe_2023
78133,A,F,appartement,1997,59.3,85.0,2022-12-09,11,simule_distributions_ademe_2023
94370,D,C,appartement,1981,49.4,281.0,2022-12-09,11,simule_distributions_ademe_2023
77193,F,D,maison,1965,53.8,557.0,2022-12-10,11,simule_distributions_ademe_2023
91255,D,C,maison,1976,49.9,188.0,2022-12-10,11,simule_distributions_ademe_2023
95074,F,D,immeuble,1962,106.3,540.0,2022-12-10,11,simule_distributions_ademe_2023
78251,C,F,appartement,1986,75.4,268.0,2022-12-10,11,simule_distributions_ademe_2023
92007,D,B,immeuble,1972,26.3,181.0,2022-12-11,11,simule_distributions_ademe_2023
78355,D,G,appartement,1972,146.8,162.0,2022-12-11,11,simule_distributions_ademe_2023
94322,F,C,appartement,1949,66.8,598.0,2022-12-11,11,simule_distributions_ademe_2023
94060,F,E,maison,1969,127.8,630.0,2022-12-11,11,simule_distributions_ademe_2023
77266,D,D,maison,1973,113.0,218.0,2022-12-12,11,simule_distributions_ademe_2023
95089,A,E,maison,1995,33.7,62.0,2022-12-12,11,simule_distributions_ademe_2023
77091,E,C,maison,1987,93.0,355.0,2022-12-12,11,simule_distributions_ademe_2023
92061,D,D,appartement,1985,59.3,278.0,2022-12-12,11,simule_distributions_ademe_2023
93337,E,F,appartement,1982,111.5,638.0,2022-12-13,11,simule_distributions_ademe_2023
78109,F,E,maison,1972,18.0,676.0,2022-12-13,11,simule_distributions_ademe_2023
91044,C,D,maison,1989,54.1,268.0,2022-12-13,11,simule_distributions_ademe_2023
78330,B,G,appartement,2008,63.0,97.0,2022-12-13,11,simule_distributions_ademe_2023
93121,F,E,maison,1940,41.6,426.0,2022-12-14,11,simule_distributions_ademe_2023
92219,C,F,maison,2000,126.6,270.0,2022-12-14,11,simule_distributions_ademe_2023
75087,F,D,appartement,1959,70.3,355.0,2022-12-14,11,simule_distributions_ademe_2023
78036,B,F,appartement,2013,48.9,117.0,2022-12-14,11,simule_distributions_ademe_2023
94207,E,D,maison,1974,34.7,521.0,2022-12-15,11,simule_distributions_ademe_2023
77326,C,A,appartement,1991,102.4,301.0,2022-12-15,11,simule_distributions_ademe_2023
94120,F,C,appartement,1937,40.4,686.0,2022-12-15,11,simule_distributions_ademe_2023
78391,C,D,appartement,1994,60.4,247.0,2022-12-15,11,simule_distributions_ademe_2023
92262,G,D,maison,1950,57.5,339.0,2022-12-16,11,simule_distributions_ademe_2023
94324,C,A,appartement,2014,166.1,269.0,2022-12-16,11,simule_distributions_ademe_2023
78125,D,G,appartement,1975,91.4,174.0,2022-12-16,11,simule_distributions_ademe_2023
95016,F,D,appartement,1962,222.4,355.0,2022-12-16,11,simule_distributions_ademe_2023
92237,A,F,appartement,2004,82.0,148.0,2022-12-17,11,simule_distributions_ademe_2023
91009,D,B,maison,1980,153.4,278.0,2022-12-17,11,simule_distributions_ademe_2023
94032,F,G,maison,1972,61.4,432.0,2022-12-17,11,simule_distributions_ademe_2023
75119,E,C,appartement,1984,89.5,403.0,2022-12-17,11,simule_distributions_ademe_2023
91148,F,F,maison,1939,50.5,673.0,2022-12-18,11,simule_distributions_ademe_2023
91148,F,A,appartement,1969,92.5,628.0,2022-12-18,11,simule_distributions_ademe_2023
77004,C,F,immeuble,2015,29.8,185.0,2022-12-18,11,simule_distributions_ademe_2023
78090,F,E,maison,1937,71.4,551.0,2022-12-19,11,simule_distributions_ademe_2023
78361,E,F,maison,1993,74.0,490.0,2022-12-19,11,simule_distributions_ademe_2023
78039,E,F,maison,1991,37.8,495.0,2022-12-19,11,simule_distributions_ademe_2023
93124,D,E,immeuble,1978,62.2,188.0,2022-12-19,11,simule_distributions_ademe_2023
77159,C,C,maison,2013,58.6,310.0,2022-12-20,11,simule_distributions_ademe_2023
92023,D,G,maison,1976,52.3,163.0,2022-12-20,11,simule_distributions_ademe_2023
78230,A,G,appartement,1991,94.1,79.0,2022-12-20,11,simule_distributions_ademe_2023
75136,D,D,maison,1987,147.4,312.0,2022-12-20,11,simule_distributions_ademe_2023
92235,D,F,maison,1989,44.1,298.0,2022-12-21,11,simule_distributions_ademe_2023
78010,A,G,appartement,1998,62.9,93.0,2022-12-21,11,simule_distributions_ademe_2023
77085,F,F,appartement,1968,56.9,452.0,2022-12-21,11,simule_distributions_ademe_2023
75130,A,E,appartement,1986,39.3,129.0,2022-12-21,11,simule_distributions_ademe_2023
91398,F,E,appartement,1927,116.4,372.0,2022-12-22,11,simule_distributions_ademe_2023
75102,F,A,maison,1936,46.6,409.0,2022-12-22,11,simule_distributions_ademe_2023
77380,D,D,maison,1984,214.9,266.0,2022-12-22,11,simule_distributions_ademe_2023
93241,C,D,maison,2002,70.7,205.0,2022-12-22,11,simule_distributions_ademe_2023
92197,D,F,appartement,1988,34.4,218.0,2022-12-23,11,simule_distributions_ademe_2023
91161,E,E,maison,1990,83.9,450.0,2022-12-23,11,simule_distributions_ademe_2023
77097,C,C,appartement,2009,133.9,321.0,2022-12-23,11,simule_distributions_ademe_2023
91291,B,G,appartement,2001,99.8,75.0,2022-12-23,11,simule_distributions_ademe_2023
91077,G,D,maison,1944,54.7,486.0,2022-12-24,11,simule_distributions_ademe_2023
77353,D,E,appartement,1981,36.9,229.0,2022-12-24,11,simule_distributions_ademe_2023
92345,C,E,appartement,1997,41.4,290.0,2022-12-24,11,simule_distributions_ademe_2023
91022,E,B,maison,1980,80.7,462.0,2022-12-24,11,simule_distributions_ademe_2023
78002,D,E,maison,1977,73.1,231.0,2022-12-25,11,simule_distributions_ademe_2023
94394,D,E,maison,1978,65.3,175.0,2022-12-25,11,simule_distributions_ademe_2023
77060,F,E,maison,1930,52.0,481.0,2022-12-25,11,simule_distributions_ademe_2023
94325,F,G,appartement,1951,50.3,352.0,2022-12-25,11,simule_distributions_ademe_2023
95235,A,E,maison,1998,105.7,127.0,2022-12-26,11,simule_distributions_ademe_2023
77080,E,F,maison,1989,83.0,662.0,2022-12-26,11,simule_distributions_ademe_2023
94055,B,G,maison,2003,188.0,67.0,2022-12-26,11,simule_distributions_ademe_2023
78171,B,D,maison,1986,89.8,101.0,2022-12-26,11,simule_distributions_ademe_2023
77046,F,E,maison,1926,67.9,578.0,2022-12-27,11,simule_distributions_ademe_2023
78321,F,D,appartement,1933,85.1,478.0,2022-12-27,11,simule_distributions_ademe_2023
91108,F,D,maison,1940,30.5,464.0,2022-12-27,11,simule_distributions_ademe_2023
94076,C,D,appartement,2003,64.7,176.0,2022-12-27,11,simule_distributions_ademe_2023
78263,E,F,maison,1978,44.9,678.0,2022-12-28,11,simule_distributions_ademe_2023
77080,C,F,appartement,1996,154.2,190.0,2022-12-28,11,simule_distributions_ademe_2023
92313,G,D,maison,1956,118.5,510.0,2022-12-28,11,simule_distributions_ademe_2023
94279,D,D,appartement,1978,65.7,223.0,2022-12-28,11,simule_distributions_ademe_2023
78337,D,F,maison,1994,30.7,267.0,2022-12-29,11,simule_distributions_ademe_2023
91093,B,B,appartement,2007,190.2,57.0,2022-12-29,11,simule_distributions_ademe_2023
91204,C,C,maison,1991,52.3,288.0,2022-12-29,11,simule_distributions_ademe_2023
77371,F,G,maison,1942,54.6,636.0,2022-12-30,11,simule_distributions_ademe_2023
94017,A,E,maison,1994,64.1,67.0,2022-12-30,11,simule_distributions_ademe_2023
78081,A,F,maison,2000,149.2,142.0,2022-12-30,11,simule_distributions_ademe_2023
77120,G,G,maison,1965,77.9,574.0,2022-12-30,11,simule_distributions_ademe_2023
78047,D,F,maison,1994,27.7,285.0,2022-12-31,11,simule_distributions_ademe_2023
91041,F,C,appartement,1952,67.2,467.0,2022-12-31,11,simule_distributions_ademe_2023
92381,D,E,appartement,1965,72.0,225.0,2022-12-31,11,simule_distributions_ademe_2023
77077,G,F,appartement,1943,60.5,551.0,2022-12-31,11,simule_distributions_ademe_2023
93161,E,F,appartement,1975,20.3,557.0,2023-01-01,11,simule_distributions_ademe_2023
93211,D,F,maison,1984,56.2,298.0,2023-01-01,11,simule_distributions_ademe_2023
77369,D,B,appartement,1978,69.7,202.0,2023-01-01,11,simule_distributions_ademe_2023
75122,F,E,maison,1969,84.2,630.0,2023-01-01,11,simule_distributions_ademe_2023
77004,F,E,immeuble,1928,65.3,543.0,2023-01-02,11,simule_distributions_ademe_2023
78016,E,F,appartement,1978,145.6,647.0,2023-01-02,11,simule_distributions_ademe_2023
95083,D,G,maison,1992,129.2,248.0,2023-01-02,11,simule_distributions_ademe_2023
94071,E,D,appartement,1985,119.5,653.0,2023-01-02,11,simule_distributions_ademe_2023
92272,C,G,maison,2005,95.8,197.0,2023-01-03,11,simule_distributions_ademe_2023
93045,D,E,maison,1990,33.5,327.0,2023-01-03,11,simule_distributions_ademe_2023
94329,F,C,appartement,1946,60.9,669.0,2023-01-03,11,simule_distributions_ademe_2023
92054,D,D,appartement,1982,148.4,276.0,2023-01-03,11,simule_distributions_ademe_2023
92360,D,E,maison,1985,21.7,266.0,2023-01-04,11,simule_distributions_ademe_2023
93068,D,C,maison,1973,36.1,291.0,2023-01-04,11,simule_distributions_ademe_2023
95048,G,E,appartement,1937,32.1,591.0,2023-01-04,11,simule_distributions_ademe_2023
92347,E,E,maison,1990,69.8,541.0,2023-01-04,11,simule_distributions_ademe_2023
91108,E,D,maison,1969,86.8,515.0,2023-01-05,11,simule_distributions_ademe_2023
78014,G,C,maison,1964,49.4,509.0,2023-01-05,11,simule_distributions_ademe_2023
95361,C,F,appartement,1994,112.5,278.0,2023-01-05,11,simule_distributions_ademe_2023
95170,D,E,maison,1975,84.4,317.0,2023-01-05,11,simule_distributions_ademe_2023
95077,B,C,appartement,2010,88.8,91.0,2023-01-06,11,simule_distributions_ademe_2023
78164,E,C,appartement,1992,75.0,669.0,2023-01-06,11,simule_distributions_ademe_2023
78084,E,A,appartement,1981,66.1,446.0,2023-01-06,11,simule_distributions_ademe_2023
75136,E,D,appartement,1968,88.7,428.0,2023-01-06,11,simule_distributions_ademe_2023
77197,A,G,appartement,2013,56.7,54.0,2023-01-07,11,simule_distributions_ademe_2023
92025,D,E,maison,1965,74.4,198.0,2023-01-07,11,simule_distributions_ademe_2023
91109,C,E,maison,2012,71.4,300.0,2023-01-07,11,simule_distributions_ademe_2023
92242,D,B,maison,1970,70.3,224.0,2023-01-07,11,simule_distributions_ademe_2023
94350,G,F,maison,1920,73.2,339.0,2023-01-08,11,simule_distributions_ademe_2023
95067,B,C,appartement,2002,34.4,65.0,2023-01-08,11,simule_distributions_ademe_2023
78104,E,D,maison,1994,81.0,371.0,2023-01-08,11,simule_distributions_ademe_2023
95271,D,F,maison,1971,63.6,280.0,2023-01-08,11,simule_distributions_ademe_2023
77128,E,E,appartement,1967,93.3,367.0,2023-01-09,11,simule_distributions_ademe_2023
78169,F,C,appartement,1965,88.4,448.0,2023-01-09,11,simule_distributions_ademe_2023
77139,E,C,appartement,1990,53.3,345.0,2023-01-09,11,simule_distributions_ademe_2023
94317,F,E,maison,1941,61.9,415.0,2023-01-10,11,simule_distributions_ademe_2023
94044,E,F,appartement,1972,130.8,425.0,2023-01-10,11,simule_distributions_ademe_2023
94211,D,C,maison,1988,37.7,230.0,2023-01-10,11,simule_distributions_ademe_2023
93168,D,E,appartement,1992,67.1,158.0,2023-01-10,11,simule_distributions_ademe_2023
91359,D,F,maison,1966,65.1,253.0,2023-01-11,11,simule_distributions_ademe_2023
95199,G,B,maison,1924,74.1,605.0,2023-01-11,11,simule_distributions_ademe_2023
95012,A,F,appartement,1991,88.5,134.0,2023-01-11,11,simule_distributions_ademe_2023
75008,D,E,maison,1994,63.8,316.0,2023-01-11,11,simule_distributions_ademe_2023
78034,E,B,appartement,1965,90.1,392.0,2023-01-12,11,simule_distributions_ademe_2023
95234,C,D,maison,1994,79.2,230.0,2023-01-12,11,simule_distributions_ademe_2023
78156,F,F,maison,1942,133.6,331.0,2023-01-12,11,simule_distributions_ademe_2023
91374,B,A,maison,1990,135.2,90.0,2023-01-12,11,simule_distributions_ademe_2023
92321,G,C,appartement,1924,135.4,491.0,2023-01-13,11,simule_distributions_ademe_2023
92151,C,B,maison,2019,106.3,154.0,2023-01-13,11,simule_distributions_ademe_2023
94250,B,D,appartement,2008,69.9,76.0,2023-01-13,11,simule_distributions_ademe_2023
94276,C,C,maison,1985,75.7,276.0,2023-01-13,11,simule_distributions_ademe_2023
92137,C,D,maison,2008,55.7,245.0,2023-01-14,11,simule_distributions_ademe_2023
78073,D,E,maison,1977,77.2,163.0,2023-01-14,11,simule_distributions_ademe_2023
77294,D,C,appartement,1993,38.4,253.0,2023-01-14,11,simule_distributions_ademe_2023
78286,D,E,maison,1978,116.3,328.0,2023-01-14,11,simule_distributions_ademe_2023
92103,E,G,maison,1977,35.4,379.0,2023-01-15,11,simule_distributions_ademe_2023
78335,G,D,maison,1935,64.7,349.0,2023-01-15,11,simule_distributions_ademe_2023
95333,E,B,immeuble,1993,86.0,416.0,2023-01-15,11,simule_distributions_ademe_2023
95116,G,G,maison,1925,35.8,694.0,2023-01-15,11,simule_distributions_ademe_2023
75099,D,E,appartement,1968,39.8,247.0,2023-01-16,11,simule_distributions_ademe_2023
91250,F,E,appartement,1974,55.4,349.0,2023-01-16,11,simule_distributions_ademe_2023
78265,E,D,appartement,1971,70.1,434.0,2023-01-16,11,simule_distributions_ademe_2023
93148,F,E,maison,1938,93.6,571.0,2023-01-16,11,simule_distributions_ademe_2023
78275,E,F,appartement,1967,57.4,669.0,2023-01-17,11,simule_distributions_ademe_2023
77247,D,C,maison,1978,108.7,307.0,2023-01-17,11,simule_distributions_ademe_2023
94192,F,C,appartement,1960,210.2,644.0,2023-01-17,11,simule_distributions_ademe_2023
91253,E,C,maison,1982,51.0,502.0,2023-01-17,11,simule_distributions_ademe_2023
94250,D,G,maison,1986,57.4,161.0,2023-01-18,11,simule_distributions_ademe_2023
95363,E,G,maison,1990,42.8,450.0,2023-01-18,11,simule_distributions_ademe_2023
91067,B,E,appartement,1993,42.1,120.0,2023-01-18,11,simule_distributions_ademe_2023
93058,F,D,appartement,1962,122.5,503.0,2023-01-18,11,simule_distributions_ademe_2023
91058,D,E,appartement,1968,105.4,193.0,2023-01-19,11,simule_distributions_ademe_2023
91267,E,E,appartement,1971,87.5,427.0,2023-01-19,11,simule_distributions_ademe_2023
78108,C,E,maison,1990,60.2,263.0,2023-01-19,11,simule_distributions_ademe_2023
92392,E,D,maison,1986,66.1,335.0,2023-01-19,11,simule_distributions_ademe_2023
93196,F,E,maison,1926,53.9,662.0,2023-01-20,11,simule_distributions_ademe_2023
93069,E,E,maison,1978,48.8,686.0,2023-01-20,11,simule_distributions_ademe_2023
92286,G,A,appartement,1922,99.7,693.0,2023-01-20,11,simule_distributions_ademe_2023
91322,B,D,maison,1998,206.1,81.0,2023-01-21,11,simule_distributions_ademe_2023
77194,E,E,appartement,1967,59.4,405.0,2023-01-21,11,simule_distributions_ademe_2023
78129,F,D,maison,1973,313.0,429.0,2023-01-21,11,simule_distributions_ademe_2023
95315,D,F,maison,1972,72.2,232.0,2023-01-21,11,simule_distributions_ademe_2023
94050,C,D,maison,1985,64.0,285.0,2023-01-22,11,simule_distributions_ademe_2023
77142,B,E,appartement,2019,40.9,144.0,2023-01-22,11,simule_distributions_ademe_2023
93249,E,F,immeuble,1966,87.6,584.0,2023-01-22,11,simule_distributions_ademe_2023
77228,B,D,appartement,1999,257.8,51.0,2023-01-22,11,simule_distributions_ademe_2023
91220,E,D,maison,1979,102.7,505.0,2023-01-23,11,simule_distributions_ademe_2023
78054,G,G,appartement,1940,70.2,361.0,2023-01-23,11,simule_distributions_ademe_2023
93379,E,B,appartement,1977,46.5,537.0,2023-01-23,11,simule_distributions_ademe_2023
94071,A,D,maison,1986,93.7,66.0,2023-01-23,11,simule_distributions_ademe_2023
95227,C,F,appartement,2011,54.1,243.0,2023-01-24,11,simule_distributions_ademe_2023
94296,C,E,appartement,1995,84.1,312.0,2023-01-24,11,simule_distributions_ademe_2023
93225,E,D,maison,1993,55.6,480.0,2023-01-24,11,simule_distributions_ademe_2023
94311,G,C,maison,1966,44.9,554.0,2023-01-24,11,simule_distributions_ademe_2023
75099,C,D,appartement,2003,42.9,323.0,2023-01-25,11,simule_distributions_ademe_2023
78110,F,D,appartement,1944,49.8,633.0,2023-01-25,11,simule_distributions_ademe_2023
78384,B,B,maison,1990,89.0,88.0,2023-01-25,11,simule_distributions_ademe_2023
78292,D,F,appartement,1987,62.3,263.0,2023-01-25,11,simule_distributions_ademe_2023
91241,F,C,appartement,1921,89.1,690.0,2023-01-26,11,simule_distributions_ademe_2023
94047,C,E,appartement,2018,66.8,259.0,2023-01-26,11,simule_distributions_ademe_2023
94001,C,D,appartement,2006,45.5,234.0,2023-01-26,11,simule_distributions_ademe_2023
91251,E,F,maison,1965,46.4,525.0,2023-01-26,11,simule_distributions_ademe_2023
91199,A,G,appartement,2012,68.1,71.0,2023-01-27,11,simule_distributions_ademe_2023
78204,D,E,appartement,1971,40.9,304.0,2023-01-27,11,simule_distributions_ademe_2023
93172,E,D,appartement,1993,50.9,570.0,2023-01-27,11,simule_distributions_ademe_2023
75031,F,G,appartement,1953,59.6,504.0,2023-01-27,11,simule_distributions_ademe_2023
77164,F,E,maison,1967,78.2,581.0,2023-01-28,11,simule_distributions_ademe_2023
75099,F,E,appartement,1944,21.3,359.0,2023-01-28,11,simule_distributions_ademe_2023
95087,G,E,appartement,1951,89.5,696.0,2023-01-28,11,simule_distributions_ademe_2023
91096,D,D,appartement,1978,30.9,222.0,2023-01-28,11,simule_distributions_ademe_2023
95075,D,E,appartement,1986,54.0,199.0,2023-01-29,11,simule_distributions_ademe_2023
95230,B,D,immeuble,2008,68.2,132.0,2023-01-29,11,simule_distributions_ademe_2023
95062,A,D,appartement,1988,90.4,135.0,2023-01-29,11,simule_distributions_ademe_2023
77130,C,E,appartement,2002,88.6,262.0,2023-01-29,11,simule_distributions_ademe_2023
78090,C,F,maison,2002,34.3,323.0,2023-01-30,11,simule_distributions_ademe_2023
78275,F,B,appartement,1935,133.4,659.0,2023-01-30,11,simule_distributions_ademe_2023
93003,E,D,maison,1979,49.3,550.0,2023-01-30,11,simule_distributions_ademe_2023
92144,E,F,appartement,1992,72.9,335.0,2023-01-30,11,simule_distributions_ademe_2023
93151,F,E,appartement,1952,82.8,331.0,2023-01-31,11,simule_distributions_ademe_2023
91210,F,E,maison,1921,194.8,480.0,2023-01-31,11,simule_distributions_ademe_2023
93365,C,D,appartement,2010,55.5,264.0,2023-01-31,11,simule_distributions_ademe_2023
77073,E,D,maison,1982,131.1,525.0,2023-02-01,11,simule_distributions_ademe_2023
91036,E,F,appartement,1973,61.3,664.0,2023-02-01,11,simule_distributions_ademe_2023
95181,C,E,appartement,2013,193.5,262.0,2023-02-01,11,simule_distributions_ademe_2023
92238,F,F,maison,1967,120.1,505.0,2023-02-01,11,simule_distributions_ademe_2023
93163,D,F,appartement,1983,62.1,262.0,2023-02-02,11,simule_distributions_ademe_2023
91221,F,D,immeuble,1967,52.1,537.0,2023-02-02,11,simule_distributions_ademe_2023
92321,F,D,appartement,1943,39.0,667.0,2023-02-02,11,simule_distributions_ademe_2023
77357,D,D,maison,1984,130.5,317.0,2023-02-02,11,simule_distributions_ademe_2023
92091,D,F,maison,1965,49.3,212.0,2023-02-03,11,simule_distributions_ademe_2023
91160,C,C,appartement,1987,162.9,278.0,2023-02-03,11,simule_distributions_ademe_2023
75036,D,D,maison,1969,78.3,241.0,2023-02-03,11,simule_distributions_ademe_2023
92170,G,E,appartement,1954,39.8,552.0,2023-02-03,11,simule_distributions_ademe_2023
94255,D,B,appartement,1992,67.3,327.0,2023-02-04,11,simule_distributions_ademe_2023
93205,E,D,maison,1994,85.3,590.0,2023-02-04,11,simule_distributions_ademe_2023
92331,F,D,maison,1940,42.4,438.0,2023-02-04,11,simule_distributions_ademe_2023
93181,E,C,immeuble,1973,61.4,409.0,2023-02-04,11,simule_distributions_ademe_2023
91378,C,C,maison,2009,49.1,221.0,2023-02-05,11,simule_distributions_ademe_2023
95379,A,F,maison,2010,92.6,140.0,2023-02-05,11,simule_distributions_ademe_2023
91122,F,F,appartement,1954,85.1,473.0,2023-02-05,11,simule_distributions_ademe_2023
93050,C,D,maison,2003,70.8,273.0,2023-02-05,11,simule_distributions_ademe_2023
78086,B,F,appartement,1992,47.1,140.0,2023-02-06,11,simule_distributions_ademe_2023
77131,D,E,appartement,1988,70.8,264.0,2023-02-06,11,simule_distributions_ademe_2023
95354,C,C,appartement,2012,178.4,319.0,2023-02-06,11,simule_distributions_ademe_2023
91041,F,C,appartement,1932,136.0,505.0,2023-02-06,11,simule_distributions_ademe_2023
92166,D,F,maison,1987,53.4,185.0,2023-02-07,11,simule_distributions_ademe_2023
93164,E,E,appartement,1990,70.1,650.0,2023-02-07,11,simule_distributions_ademe_2023
92281,G,F,maison,1945,114.3,429.0,2023-02-07,11,simule_distributions_ademe_2023
91340,E,F,maison,1980,40.1,617.0,2023-02-07,11,simule_distributions_ademe_2023
77086,G,C,maison,1924,88.2,611.0,2023-02-08,11,simule_distributions_ademe_2023
92265,D,B,appartement,1994,50.8,277.0,2023-02-08,11,simule_distributions_ademe_2023
95221,A,F,appartement,1985,132.3,122.0,2023-02-08,11,simule_distributions_ademe_2023
91369,C,F,appartement,2019,76.5,234.0,2023-02-08,11,simule_distributions_ademe_2023
78368,G,D,appartement,1952,59.8,574.0,2023-02-09,11,simule_distributions_ademe_2023
92072,B,F,maison,2005,102.6,148.0,2023-02-09,11,simule_distributions_ademe_2023
92205,C,D,maison,1997,70.1,198.0,2023-02-09,11,simule_distributions_ademe_2023
77083,G,D,appartement,1973,56.0,439.0,2023-02-09,11,simule_distributions_ademe_2023
75044,C,E,appartement,2009,98.3,203.0,2023-02-10,11,simule_distributions_ademe_2023
93306,C,C,immeuble,2005,112.0,305.0,2023-02-10,11,simule_distributions_ademe_2023
95014,A,D,appartement,2013,63.2,87.0,2023-02-10,11,simule_distributions_ademe_2023
92296,E,G,immeuble,1978,34.3,339.0,2023-02-10,11,simule_distributions_ademe_2023
94286,A,D,maison,2010,51.6,125.0,2023-02-11,11,simule_distributions_ademe_2023
93077,C,E,appartement,2006,70.2,163.0,2023-02-11,11,simule_distributions_ademe_2023
91305,A,C,maison,2001,63.6,83.0,2023-02-11,11,simule_distributions_ademe_2023
78195,D,C,appartement,1975,52.4,252.0,2023-02-12,11,simule_distributions_ademe_2023
78109,B,C,maison,1993,92.7,117.0,2023-02-12,11,simule_distributions_ademe_2023
92189,E,F,maison,1987,91.9,521.0,2023-02-12,11,simule_distributions_ademe_2023
92014,G,F,maison,1941,99.0,645.0,2023-02-12,11,simule_distributions_ademe_2023
92312,E,F,appartement,1993,46.1,525.0,2023-02-13,11,simule_distributions_ademe_2023
95145,B,E,appartement,1987,59.4,123.0,2023-02-13,11,simule_distributions_ademe_2023
95093,F,E,maison,1962,69.8,558.0,2023-02-13,11,simule_distributions_ademe_2023
91125,E,C,maison,1983,49.4,574.0,2023-02-13,11,simule_distributions_ademe_2023
78294,E,D,appartement,1994,57.8,558.0,2023-02-14,11,simule_distributions_ademe_2023
75067,G,F,maison,1957,36.0,629.0,2023-02-14,11,simule_distributions_ademe_2023
91033,D,F,appartement,1985,59.6,186.0,2023-02-14,11,simule_distributions_ademe_2023
92091,D,E,maison,1971,115.8,193.0,2023-02-14,11,simule_distributions_ademe_2023
95279,F,F,appartement,1936,77.9,448.0,2023-02-15,11,simule_distributions_ademe_2023
95114,C,D,appartement,1986,48.6,152.0,2023-02-15,11,simule_distributions_ademe_2023
77123,D,C,appartement,1982,77.5,257.0,2023-02-15,11,simule_distributions_ademe_2023
91347,C,G,immeuble,2002,29.1,231.0,2023-02-15,11,simule_distributions_ademe_2023
94377,D,E,appartement,1967,39.3,246.0,2023-02-16,11,simule_distributions_ademe_2023
78244,D,C,immeuble,1967,82.0,189.0,2023-02-16,11,simule_distributions_ademe_2023
94229,C,E,maison,2005,69.1,183.0,2023-02-16,11,simule_distributions_ademe_2023
75129,G,D,appartement,1937,78.7,526.0,2023-02-16,11,simule_distributions_ademe_2023
95115,G,E,maison,1949,124.5,689.0,2023-02-17,11,simule_distributions_ademe_2023
91227,C,F,appartement,2018,43.6,177.0,2023-02-17,11,simule_distributions_ademe_2023
93062,E,G,maison,1989,102.6,614.0,2023-02-17,11,simule_distributions_ademe_2023
93076,E,D,maison,1980,90.4,462.0,2023-02-17,11,simule_distributions_ademe_2023
94221,E,D,appartement,1971,76.0,594.0,2023-02-18,11,simule_distributions_ademe_2023
95304,C,E,appartement,2011,49.6,308.0,2023-02-18,11,simule_distributions_ademe_2023
91071,D,A,maison,1991,91.9,268.0,2023-02-18,11,simule_distributions_ademe_2023
95387,C,G,maison,1997,142.3,213.0,2023-02-18,11,simule_distributions_ademe_2023
77106,D,E,maison,1987,43.2,191.0,2023-02-19,11,simule_distributions_ademe_2023
77253,F,D,maison,1920,79.1,352.0,2023-02-19,11,simule_distributions_ademe_2023
92088,D,C,maison,1983,106.7,222.0,2023-02-19,11,simule_distributions_ademe_2023
94257,F,E,maison,1969,203.4,562.0,2023-02-19,11,simule_distributions_ademe_2023
92366,C,E,maison,2013,35.9,288.0,2023-02-20,11,simule_distributions_ademe_2023
93194,C,G,maison,1995,18.0,182.0,2023-02-20,11,simule_distributions_ademe_2023
78391,E,D,maison,1994,76.2,398.0,2023-02-20,11,simule_distributions_ademe_2023
95193,B,D,maison,2007,53.6,64.0,2023-02-20,11,simule_distributions_ademe_2023
91334,D,F,maison,1969,63.2,256.0,2023-02-21,11,simule_distributions_ademe_2023
95367,C,C,appartement,1990,145.3,316.0,2023-02-21,11,simule_distributions_ademe_2023
77276,E,F,maison,1965,63.9,396.0,2023-02-21,11,simule_distributions_ademe_2023
94267,E,C,appartement,1980,42.7,345.0,2023-02-21,11,simule_distributions_ademe_2023
77123,F,F,maison,1967,44.8,496.0,2023-02-22,11,simule_distributions_ademe_2023
93197,D,C,appartement,1991,51.4,284.0,2023-02-22,11,simule_distributions_ademe_2023
93333,E,F,maison,1991,97.0,698.0,2023-02-22,11,simule_distributions_ademe_2023
91182,E,E,maison,1988,78.5,459.0,2023-02-23,11,simule_distributions_ademe_2023
93068,D,D,appartement,1983,71.1,212.0,2023-02-23,11,simule_distributions_ademe_2023
77276,E,C,maison,1965,35.7,586.0,2023-02-23,11,simule_distributions_ademe_2023
78383,G,E,maison,1933,101.3,497.0,2023-02-23,11,simule_distributions_ademe_2023
94310,E,E,appartement,1967,52.9,684.0,2023-02-24,11,simule_distributions_ademe_2023
75099,D,D,appartement,1986,48.4,252.0,2023-02-24,11,simule_distributions_ademe_2023
92150,E,E,appartement,1983,74.8,400.0,2023-02-24,11,simule_distributions_ademe_2023
77182,G,D,appartement,1964,19.2,470.0,2023-02-24,11,simule_distributions_ademe_2023
95108,C,G,appartement,1992,25.7,306.0,2023-02-25,11,simule_distributions_ademe_2023
92378,E,E,maison,1974,64.0,566.0,2023-02-25,11,simule_distributions_ademe_2023
93177,E,B,maison,1975,46.5,612.0,2023-02-25,11,simule_distributions_ademe_2023
75018,E,F,maison,1976,390.3,460.0,2023-02-25,11,simule_distributions_ademe_2023
95028,E,C,maison,1970,58.6,406.0,2023-02-26,11,simule_distributions_ademe_2023
95301,C,E,maison,1995,52.4,203.0,2023-02-26,11,simule_distributions_ademe_2023
78159,E,D,appartement,1974,123.8,531.0,2023-02-26,11,simule_distributions_ademe_2023
75067,D,D,maison,1993,56.4,221.0,2023-02-26,11,simule_distributions_ademe_2023
78067,C,E,maison,1985,59.6,235.0,2023-02-27,11,simule_distributions_ademe_2023
91360,E,A,appartement,1991,32.3,545.0,2023-02-27,11,simule_distributions_ademe_2023
78145,C,D,appartement,1986,59.3,273.0,2023-02-27,11,simule_distributions_ademe_2023
75116,F,E,appartement,1927,46.4,411.0,2023-02-27,11,simule_distributions_ademe_2023
93250,C,F,appartement,1985,41.6,183.0,2023-02-28,11,simule_distributions_ademe_2023
95382,D,D,immeuble,1978,142.1,233.0,2023-02-28,11,simule_distributions_ademe_2023
78107,D,E,appartement,1976,43.3,281.0,2023-02-28,11,simule_distributions_ademe_2023
95064,F,E,maison,1927,53.7,359.0,2023-02-28,11,simule_distributions_ademe_2023
95290,E,G,appartement,1990,35.5,341.0,2023-03-01,11,simule_distributions_ademe_2023
78366,G,G,maison,1933,107.5,449.0,2023-03-01,11,simule_distributions_ademe_2023
92022,C,E,maison,1995,79.6,272.0,2023-03-01,11,simule_distributions_ademe_2023
95128,B,B,appartement,1988,154.3,76.0,2023-03-01,11,simule_distributions_ademe_2023
92397,F,D,maison,1934,102.3,609.0,2023-03-02,11,simule_distributions_ademe_2023
94304,C,E,maison,1990,35.5,301.0,2023-03-02,11,simule_distributions_ademe_2023
77375,C,E,maison,2008,59.0,195.0,2023-03-02,11,simule_distributions_ademe_2023
93157,F,E,immeuble,1922,54.9,530.0,2023-03-02,11,simule_distributions_ademe_2023
77241,D,G,maison,1973,108.0,263.0,2023-03-03,11,simule_distributions_ademe_2023
95024,C,E,appartement,1988,69.6,221.0,2023-03-03,11,simule_distributions_ademe_2023
92132,C,E,maison,2019,41.6,201.0,2023-03-03,11,simule_distributions_ademe_2023
93166,E,E,maison,1988,46.8,338.0,2023-03-03,11,simule_distributions_ademe_2023
78288,F,G,appartement,1954,120.5,485.0,2023-03-04,11,simule_distributions_ademe_2023
91171,E,D,maison,1965,127.1,485.0,2023-03-04,11,simule_distributions_ademe_2023
91040,D,E,maison,1993,106.1,193.0,2023-03-04,11,simule_distributions_ademe_2023
92272,E,G,immeuble,1994,61.3,341.0,2023-03-04,11,simule_distributions_ademe_2023
95077,E,D,maison,1981,67.7,420.0,2023-03-05,11,simule_distributions_ademe_2023
77239,D,A,maison,1973,26.1,243.0,2023-03-05,11,simule_distributions_ademe_2023
95333,B,E,immeuble,1996,35.8,122.0,2023-03-05,11,simule_distributions_ademe_2023
77033,E,F,appartement,1984,112.5,474.0,2023-03-06,11,simule_distributions_ademe_2023
75125,C,F,maison,2018,93.1,166.0,2023-03-06,11,simule_distributions_ademe_2023
77171,D,F,immeuble,1983,30.4,170.0,2023-03-06,11,simule_distributions_ademe_2023
78123,C,E,maison,2005,90.2,228.0,2023-03-06,11,simule_distributions_ademe_2023
91136,D,D,appartement,1994,86.8,238.0,2023-03-07,11,simule_distributions_ademe_2023
91198,B,D,immeuble,2001,39.1,78.0,2023-03-07,11,simule_distributions_ademe_2023
93200,D,D,appartement,1985,76.2,154.0,2023-03-07,11,simule_distributions_ademe_2023
94251,D,A,maison,1986,207.9,295.0,2023-03-07,11,simule_distributions_ademe_2023
77318,D,D,maison,1972,146.2,305.0,2023-03-08,11,simule_distributions_ademe_2023
92024,D,E,appartement,1990,56.0,236.0,2023-03-08,11,simule_distributions_ademe_2023
95346,C,B,appartement,1999,97.8,153.0,2023-03-08,11,simule_distributions_ademe_2023
95253,D,G,appartement,1971,46.0,294.0,2023-03-08,11,simule_distributions_ademe_2023
94205,D,E,maison,1986,78.9,265.0,2023-03-09,11,simule_distributions_ademe_2023
78011,C,E,maison,1986,60.4,169.0,2023-03-09,11,simule_distributions_ademe_2023
95156,C,B,maison,2000,113.6,264.0,2023-03-09,11,simule_distributions_ademe_2023
94397,G,E,appartement,1937,179.3,658.0,2023-03-09,11,simule_distributions_ademe_2023
77105,D,D,appartement,1987,63.9,267.0,2023-03-10,11,simule_distributions_ademe_2023
95299,D,F,maison,1979,71.1,235.0,2023-03-10,11,simule_distributions_ademe_2023
93388,E,D,maison,1978,62.7,354.0,2023-03-10,11,simule_distributions_ademe_2023
92270,E,G,maison,1976,27.1,555.0,2023-03-10,11,simule_distributions_ademe_2023
94074,F,F,maison,1943,40.2,680.0,2023-03-11,11,simule_distributions_ademe_2023
78276,F,D,maison,1956,161.7,606.0,2023-03-11,11,simule_distributions_ademe_2023
91116,C,B,appartement,1999,53.5,317.0,2023-03-11,11,simule_distributions_ademe_2023
77274,E,E,appartement,1994,64.2,468.0,2023-03-11,11,simule_distributions_ademe_2023
95127,D,E,appartement,1985,76.7,274.0,2023-03-12,11,simule_distributions_ademe_2023
75061,F,D,appartement,1934,79.5,445.0,2023-03-12,11,simule_distributions_ademe_2023
94116,D,D,appartement,1978,43.0,244.0,2023-03-12,11,simule_distributions_ademe_2023
95209,D,D,immeuble,1971,97.6,235.0,2023-03-12,11,simule_distributions_ademe_2023
78056,E,E,appartement,1983,101.1,560.0,2023-03-13,11,simule_distributions_ademe_2023
94101,D,F,appartement,1981,35.7,299.0,2023-03-13,11,simule_distributions_ademe_2023
94011,E,C,appartement,1968,50.7,411.0,2023-03-13,11,simule_distributions_ademe_2023
92108,D,G,appartement,1983,40.6,238.0,2023-03-13,11,simule_distributions_ademe_2023
95107,G,E,appartement,1943,96.8,488.0,2023-03-14,11,simule_distributions_ademe_2023
78110,C,D,maison,2014,74.4,297.0,2023-03-14,11,simule_distributions_ademe_2023
78016,G,G,maison,1974,29.3,695.0,2023-03-14,11,simule_distributions_ademe_2023
93205,G,F,appartement,1943,134.0,416.0,2023-03-14,11,simule_distributions_ademe_2023
95111,C,F,appartement,2006,87.9,319.0,2023-03-15,11,simule_distributions_ademe_2023
77352,E,E,maison,1994,103.7,370.0,2023-03-15,11,simule_distributions_ademe_2023
95318,C,B,maison,2005,18.0,242.0,2023-03-15,11,simule_distributions_ademe_2023
95361,D,F,appartement,1972,104.0,300.0,2023-03-15,11,simule_distributions_ademe_2023
78268,C,F,maison,2015,52.7,195.0,2023-03-16,11,simule_distributions_ademe_2023
77014,B,E,maison,1989,224.9,80.0,2023-03-16,11,simule_distributions_ademe_2023
92052,E,G,maison,1967,51.5,470.0,2023-03-16,11,simule_distributions_ademe_2023
77291,D,D,maison,1982,93.3,153.0,2023-03-17,11,simule_distributions_ademe_2023
91379,D,D,maison,1985,30.7,308.0,2023-03-17,11,simule_distributions_ademe_2023
93051,G,E,appartement,1929,159.5,450.0,2023-03-17,11,simule_distributions_ademe_2023
77010,E,E,appartement,1977,79.5,359.0,2023-03-17,11,simule_distributions_ademe_2023
77064,D,B,maison,1982,96.0,202.0,2023-03-18,11,simule_distributions_ademe_2023
95131,G,B,maison,1972,250.9,438.0,2023-03-18,11,simule_distributions_ademe_2023
91313,E,C,appartement,1968,31.5,637.0,2023-03-18,11,simule_distributions_ademe_2023
94063,C,D,appartement,1985,59.0,246.0,2023-03-18,11,simule_distributions_ademe_2023
95347,G,E,appartement,1960,189.1,433.0,2023-03-19,11,simule_distributions_ademe_2023
78232,C,E,maison,1985,54.3,151.0,2023-03-19,11,simule_distributions_ademe_2023
93115,E,F,maison,1975,50.4,616.0,2023-03-19,11,simule_distributions_ademe_2023
92301,C,G,appartement,1996,59.0,315.0,2023-03-19,11,simule_distributions_ademe_2023
91106,F,F,maison,1920,72.9,491.0,2023-03-20,11,simule_distributions_ademe_2023
91220,A,E,appartement,2001,164.1,135.0,2023-03-20,11,simule_distributions_ademe_2023
77145,E,E,appartement,1966,47.4,397.0,2023-03-20,11,simule_distributions_ademe_2023
92319,D,D,maison,1965,50.2,235.0,2023-03-20,11,simule_distributions_ademe_2023
93093,D,F,appartement,1971,98.3,278.0,2023-03-21,11,simule_distributions_ademe_2023
78249,C,E,immeuble,2005,105.8,323.0,2023-03-21,11,simule_distributions_ademe_2023
95158,F,E,appartement,1962,166.5,402.0,2023-03-21,11,simule_distributions_ademe_2023
94109,F,C,maison,1953,58.2,654.0,2023-03-21,11,simule_distributions_ademe_2023
94340,E,D,maison,1994,77.8,432.0,2023-03-22,11,simule_distributions_ademe_2023
95022,D,F,appartement,1984,99.8,162.0,2023-03-22,11,simule_distributions_ademe_2023
92297,C,G,maison,1996,48.6,258.0,2023-03-22,11,simule_distributions_ademe_2023
93232,C,D,maison,2005,105.1,253.0,2023-03-22,11,simule_distributions_ademe_2023
92313,F,G,appartement,1926,68.3,364.0,2023-03-23,11,simule_distributions_ademe_2023
78305,G,E,maison,1930,33.6,538.0,2023-03-23,11,simule_distributions_ademe_2023
94223,E,G,maison,1994,87.3,618.0,2023-03-23,11,simule_distributions_ademe_2023
95090,C,F,appartement,2014,24.8,209.0,2023-03-23,11,simule_distributions_ademe_2023
93237,G,D,appartement,1952,84.1,463.0,2023-03-24,11,simule_distributions_ademe_2023
94326,G,B,maison,1968,38.5,451.0,2023-03-24,11,simule_distributions_ademe_2023
77127,D,E,appartement,1965,84.6,225.0,2023-03-24,11,simule_distributions_ademe_2023
77314,E,E,appartement,1990,138.1,665.0,2023-03-24,11,simule_distributions_ademe_2023
77148,D,F,maison,1969,114.7,329.0,2023-03-25,11,simule_distributions_ademe_2023
77213,F,D,appartement,1942,171.6,677.0,2023-03-25,11,simule_distributions_ademe_2023
94386,E,F,appartement,1973,93.6,645.0,2023-03-25,11,simule_distributions_ademe_2023
78019,G,B,maison,1973,70.9,529.0,2023-03-25,11,simule_distributions_ademe_2023
77116,E,D,maison,1976,87.1,543.0,2023-03-26,11,simule_distributions_ademe_2023
75145,E,D,maison,1965,35.1,437.0,2023-03-26,11,simule_distributions_ademe_2023
93278,F,F,immeuble,1929,70.3,444.0,2023-03-26,11,simule_distributions_ademe_2023
91315,C,E,appartement,2004,23.5,183.0,2023-03-26,11,simule_distributions_ademe_2023
92355,D,D,maison,1985,80.8,327.0,2023-03-27,11,simule_distributions_ademe_2023
92059,D,E,appartement,1985,84.1,196.0,2023-03-27,11,simule_distributions_ademe_2023
92210,E,B,appartement,1985,138.1,616.0,2023-03-27,11,simule_distributions_ademe_2023
92205,E,F,maison,1973,74.2,581.0,2023-03-28,11,simule_distributions_ademe_2023
92147,C,E,appartement,2009,33.5,286.0,2023-03-28,11,simule_distributions_ademe_2023
91178,F,B,appartement,1951,119.5,579.0,2023-03-28,11,simule_distributions_ademe_2023
77359,C,F,immeuble,2006,78.9,233.0,2023-03-28,11,simule_distributions_ademe_2023
77222,D,E,appartement,1980,54.1,275.0,2023-03-29,11,simule_distributions_ademe_2023
95127,F,D,maison,1950,92.5,521.0,2023-03-29,11,simule_distributions_ademe_2023
93387,D,E,maison,1978,126.2,204.0,2023-03-29,11,simule_distributions_ademe_2023
77014,D,G,maison,1978,44.3,273.0,2023-03-29,11,simule_distributions_ademe_2023
92330,C,D,appartement,1987,76.1,202.0,2023-03-30,11,simule_distributions_ademe_2023
95181,E,D,appartement,1986,47.9,430.0,2023-03-30,11,simule_distributions_ademe_2023
95321,A,E,maison,2010,24.7,54.0,2023-03-30,11,simule_distributions_ademe_2023
78201,G,A,appartement,1946,43.2,662.0,2023-03-30,11,simule_distributions_ademe_2023
91259,D,D,appartement,1987,37.9,314.0,2023-03-31,11,simule_distributions_ademe_2023
93094,E,F,maison,1986,161.6,631.0,2023-03-31,11,simule_distributions_ademe_2023
91115,E,F,appartement,1988,85.9,406.0,2023-03-31,11,simule_distributions_ademe_2023
75146,E,B,maison,1968,80.4,387.0,2023-03-31,11,simule_distributions_ademe_2023
78305,C,B,maison,1996,112.6,204.0,2023-04-01,11,simule_distributions_ademe_2023
94294,C,D,maison,2018,81.3,239.0,2023-04-01,11,simule_distributions_ademe_2023
77147,C,E,appartement,1994,32.0,191.0,2023-04-01,11,simule_distributions_ademe_2023
93230,C,C,maison,1996,56.0,289.0,2023-04-01,11,simule_distributions_ademe_2023
75118,D,B,appartement,1985,114.1,278.0,2023-04-02,11,simule_distributions_ademe_2023
77085,C,E,appartement,2010,108.3,282.0,2023-04-02,11,simule_distributions_ademe_2023
78196,C,F,maison,2019,34.2,258.0,2023-04-02,11,simule_distributions_ademe_2023
95030,E,C,appartement,1978,30.7,681.0,2023-04-02,11,simule_distributions_ademe_2023
94268,G,G,appartement,1973,74.2,385.0,2023-04-03,11,simule_distributions_ademe_2023
95186,A,E,maison,1986,59.9,53.0,2023-04-03,11,simule_distributions_ademe_2023
75003,E,F,immeuble,1977,78.4,371.0,2023-04-03,11,simule_distributions_ademe_2023
91058,D,F,appartement,1976,108.3,182.0,2023-04-03,11,simule_distributions_ademe_2023
78094,E,E,maison,1987,29.5,381.0,2023-04-04,11,simule_distributions_ademe_2023
78264,E,D,appartement,1966,186.7,559.0,2023-04-04,11,simule_distributions_ademe_2023
91127,D,B,maison,1994,53.5,299.0,2023-04-04,11,simule_distributions_ademe_2023
94318,G,E,maison,1943,53.4,597.0,2023-04-04,11,simule_distributions_ademe_2023
77205,D,G,maison,1972,74.7,248.0,2023-04-05,11,simule_distributions_ademe_2023
78308,C,E,appartement,2018,56.4,258.0,2023-04-05,11,simule_distributions_ademe_2023
93336,F,E,appartement,1967,61.3,579.0,2023-04-05,11,simule_distributions_ademe_2023
91108,F,C,appartement,1968,67.1,479.0,2023-04-05,11,simule_distributions_ademe_2023
91383,B,D,appartement,1988,28.5,79.0,2023-04-06,11,simule_distributions_ademe_2023
78211,E,E,appartement,1967,78.6,600.0,2023-04-06,11,simule_distributions_ademe_2023
77221,F,D,maison,1965,61.2,378.0,2023-04-06,11,simule_distributions_ademe_2023
78128,D,D,maison,1982,52.2,308.0,2023-04-07,11,simule_distributions_ademe_2023
78118,B,E,appartement,1999,115.6,58.0,2023-04-07,11,simule_distributions_ademe_2023
77267,E,F,appartement,1986,101.1,467.0,2023-04-07,11,simule_distributions_ademe_2023
94233,F,G,maison,1940,104.4,515.0,2023-04-07,11,simule_distributions_ademe_2023
93068,C,D,maison,2008,39.6,228.0,2023-04-08,11,simule_distributions_ademe_2023
92057,E,F,appartement,1990,72.9,393.0,2023-04-08,11,simule_distributions_ademe_2023
77307,E,B,maison,1965,32.2,336.0,2023-04-08,11,simule_distributions_ademe_2023
78255,B,E,appartement,1999,48.8,130.0,2023-04-08,11,simule_distributions_ademe_2023
93235,C,E,appartement,2012,44.2,323.0,2023-04-09,11,simule_distributions_ademe_2023
78077,E,E,appartement,1990,145.0,432.0,2023-04-09,11,simule_distributions_ademe_2023
92006,G,F,maison,1962,78.5,571.0,2023-04-09,11,simule_distributions_ademe_2023
95075,E,G,appartement,1985,68.4,423.0,2023-04-09,11,simule_distributions_ademe_2023
94342,D,G,appartement,1971,100.1,228.0,2023-04-10,11,simule_distributions_ademe_2023
77176,C,D,maison,1995,109.2,305.0,2023-04-10,11,simule_distributions_ademe_2023
95344,A,B,appartement,2018,40.4,120.0,2023-04-10,11,simule_distributions_ademe_2023
92122,C,G,maison,1996,56.2,253.0,2023-04-10,11,simule_distributions_ademe_2023
93379,C,E,appartement,2013,52.0,289.0,2023-04-11,11,simule_distributions_ademe_2023
95264,D,D,maison,1977,38.0,247.0,2023-04-11,11,simule_distributions_ademe_2023
92327,D,E,appartement,1993,76.6,310.0,2023-04-11,11,simule_distributions_ademe_2023
78078,D,D,appartement,1989,43.5,247.0,2023-04-11,11,simule_distributions_ademe_2023
91279,C,D,appartement,1994,62.6,189.0,2023-04-12,11,simule_distributions_ademe_2023
91352,B,D,appartement,1991,82.5,119.0,2023-04-12,11,simule_distributions_ademe_2023
91108,E,C,maison,1982,32.8,654.0,2023-04-12,11,simule_distributions_ademe_2023
78186,D,D,appartement,1974,30.9,329.0,2023-04-12,11,simule_distributions_ademe_2023
93398,D,G,maison,1975,35.0,323.0,2023-04-13,11,simule_distributions_ademe_2023
78066,F,D,maison,1958,53.1,645.0,2023-04-13,11,simule_distributions_ademe_2023
95369,D,E,appartement,1978,43.4,251.0,2023-04-13,11,simule_distributions_ademe_2023
93083,F,G,appartement,1920,51.7,533.0,2023-04-13,11,simule_distributions_ademe_2023
93167,E,G,maison,1984,55.5,433.0,2023-04-14,11,simule_distributions_ademe_2023
78224,E,F,maison,1972,66.9,517.0,2023-04-14,11,simule_distributions_ademe_2023
91195,C,F,appartement,2016,39.4,183.0,2023-04-14,11,simule_distributions_ademe_2023
93068,E,F,maison,1985,29.4,641.0,2023-04-14,11,simule_distributions_ademe_2023
78371,F,G,maison,1930,101.3,493.0,2023-04-15,11,simule_distributions_ademe_2023
92299,E,F,maison,1971,34.2,519.0,2023-04-15,11,simule_distributions_ademe_2023
95057,F,G,appartement,1924,103.7,562.0,2023-04-15,11,simule_distributions_ademe_2023
93022,A,G,maison,1992,122.4,97.0,2023-04-15,11,simule_distributions_ademe_2023
77373,D,E,appartement,1990,29.5,245.0,2023-04-16,11,simule_distributions_ademe_2023
93347,E,E,maison,1987,69.6,439.0,2023-04-16,11,simule_distributions_ademe_2023
91116,E,G,maison,1988,188.6,455.0,2023-04-16,11,simule_distributions_ademe_2023
91286,F,E,appartement,1924,55.5,633.0,2023-04-16,11,simule_distributions_ademe_2023
92168,F,C,appartement,1924,64.3,684.0,2023-04-17,11,simule_distributions_ademe_2023
91377,E,G,appartement,1986,65.3,549.0,2023-04-17,11,simule_distributions_ademe_2023
77249,E,G,appartement,1972,71.4,365.0,2023-04-17,11,simule_distributions_ademe_2023
78265,C,D,maison,1987,66.2,223.0,2023-04-18,11,simule_distributions_ademe_2023
92130,E,B,maison,1992,78.9,509.0,2023-04-18,11,simule_distributions_ademe_2023
95217,G,D,appartement,1969,65.9,533.0,2023-04-18,11,simule_distributions_ademe_2023
77221,E,D,maison,1975,33.6,624.0,2023-04-18,11,simule_distributions_ademe_2023
94032,D,E,appartement,1980,267.3,288.0,2023-04-19,11,simule_distributions_ademe_2023
78165,G,D,maison,1960,29.6,394.0,2023-04-19,11,simule_distributions_ademe_2023
78341,E,A,appartement,1992,45.6,539.0,2023-04-19,11,simule_distributions_ademe_2023
93298,A,C,maison,2017,62.7,146.0,2023-04-19,11,simule_distributions_ademe_2023
95213,F,A,maison,1921,59.6,490.0,2023-04-20,11,simule_distributions_ademe_2023
95098,D,B,maison,1986,67.9,162.0,2023-04-20,11,simule_distributions_ademe_2023
91349,E,F,maison,1969,63.8,428.0,2023-04-20,11,simule_distributions_ademe_2023
92274,D,D,maison,1993,41.4,312.0,2023-04-20,11,simule_distributions_ademe_2023
78088,C,F,maison,2002,59.3,190.0,2023-04-21,11,simule_distributions_ademe_2023
77303,A,C,appartement,2014,80.3,133.0,2023-04-21,11,simule_distributions_ademe_2023
91185,E,G,maison,1991,86.8,400.0,2023-04-21,11,simule_distributions_ademe_2023
78055,C,C,maison,2001,99.7,283.0,2023-04-21,11,simule_distributions_ademe_2023
78068,C,G,appartement,1991,64.1,167.0,2023-04-22,11,simule_distributions_ademe_2023
95326,D,D,maison,1967,18.0,187.0,2023-04-22,11,simule_distributions_ademe_2023
75089,C,D,appartement,2001,101.7,325.0,2023-04-22,11,simule_distributions_ademe_2023
92122,D,D,maison,1990,81.8,305.0,2023-04-22,11,simule_distributions_ademe_2023
93330,D,C,maison,1994,70.0,228.0,2023-04-23,11,simule_distributions_ademe_2023
93377,F,G,maison,1924,41.0,350.0,2023-04-23,11,simule_distributions_ademe_2023
75078,E,E,appartement,1972,55.4,647.0,2023-04-23,11,simule_distributions_ademe_2023
78009,D,F,appartement,1990,67.4,223.0,2023-04-23,11,simule_distributions_ademe_2023
93020,E,F,appartement,1980,74.4,461.0,2023-04-24,11,simule_distributions_ademe_2023
91050,C,C,maison,1989,56.8,275.0,2023-04-24,11,simule_distributions_ademe_2023
77250,D,E,appartement,1978,66.7,329.0,2023-04-24,11,simule_distributions_ademe_2023
94306,C,C,maison,1999,106.5,162.0,2023-04-24,11,simule_distributions_ademe_2023
91028,E,F,appartement,1993,84.7,534.0,2023-04-25,11,simule_distributions_ademe_2023
95098,D,C,maison,1983,211.0,162.0,2023-04-25,11,simule_distributions_ademe_2023
91286,D,E,appartement,1987,162.1,204.0,2023-04-25,11,simule_distributions_ademe_2023
93323,F,C,maison,1967,101.3,595.0,2023-04-25,11,simule_distributions_ademe_2023
94011,C,G,immeuble,2016,58.1,318.0,2023-04-26,11,simule_distributions_ademe_2023
92259,D,F,maison,1990,74.2,239.0,2023-04-26,11,simule_distributions_ademe_2023
94226,C,F,maison,1992,44.9,238.0,2023-04-26,11,simule_distributions_ademe_2023
92300,B,E,maison,1993,73.2,91.0,2023-04-26,11,simule_distributions_ademe_2023
92246,E,C,appartement,1973,55.7,681.0,2023-04-27,11,simule_distributions_ademe_2023
93271,G,C,appartement,1937,104.2,447.0,2023-04-27,11,simule_distributions_ademe_2023
94326,B,G,appartement,2008,86.8,119.0,2023-04-27,11,simule_distributions_ademe_2023
91016,D,F,immeuble,1968,30.3,221.0,2023-04-27,11,simule_distributions_ademe_2023
94208,D,E,maison,1988,79.4,212.0,2023-04-28,11,simule_distributions_ademe_2023
95117,C,D,maison,2005,78.1,293.0,2023-04-28,11,simule_distributions_ademe_2023
91394,F,F,appartement,1932,41.0,692.0,2023-04-28,11,simule_distributions_ademe_2023
94174,E,G,appartement,1980,122.7,442.0,2023-04-29,11,simule_distributions_ademe_2023
94317,D,C,maison,1981,104.1,214.0,2023-04-29,11,simule_distributions_ademe_2023
78108,E,F,appartement,1989,130.2,663.0,2023-04-29,11,simule_distributions_ademe_2023
95053,F,E,immeuble,1957,203.6,382.0,2023-04-29,11,simule_distributions_ademe_2023
93121,B,C,maison,2005,82.4,78.0,2023-04-30,11,simule_distributions_ademe_2023
94243,D,E,maison,1975,31.9,220.0,2023-04-30,11,simule_distributions_ademe_2023
91298,C,C,maison,2014,79.7,233.0,2023-04-30,11,simule_distributions_ademe_2023
77375,F,B,maison,1943,179.9,504.0,2023-04-30,11,simule_distributions_ademe_2023
91185,D,A,maison,1981,47.5,249.0,2023-05-01,11,simule_distributions_ademe_2023
91017,D,F,appartement,1987,78.0,169.0,2023-05-01,11,simule_distributions_ademe_2023
91279,C,D,maison,2011,75.7,316.0,2023-05-01,11,simule_distributions_ademe_2023
75099,E,D,maison,1982,54.8,602.0,2023-05-01,11,simule_distributions_ademe_2023
94360,E,G,maison,1989,142.7,700.0,2023-05-02,11,simule_distributions_ademe_2023
93142,C,C,maison,2001,108.8,329.0,2023-05-02,11,simule_distributions_ademe_2023
94070,F,F,maison,1938,55.7,536.0,2023-05-02,11,simule_distributions_ademe_2023
77142,G,G,maison,1922,63.7,648.0,2023-05-02,11,simule_distributions_ademe_2023
94222,B,A,maison,1993,48.0,122.0,2023-05-03,11,simule_distributions_ademe_2023
94156,E,F,maison,1992,72.4,388.0,2023-05-03,11,simule_distributions_ademe_2023
95036,D,G,maison,1973,29.1,232.0,2023-05-03,11,simule_distributions_ademe_2023
93141,E,D,maison,1985,52.8,429.0,2023-05-03,11,simule_distributions_ademe_2023
92243,B,C,maison,1991,87.0,61.0,2023-05-04,11,simule_distributions_ademe_2023
77048,E,E,maison,1994,54.7,368.0,2023-05-04,11,simule_distributions_ademe_2023
91381,F,E,immeuble,1920,71.1,437.0,2023-05-04,11,simule_distributions_ademe_2023
93388,A,E,appartement,2008,85.5,106.0,2023-05-04,11,simule_distributions_ademe_2023
92303,D,C,maison,1976,48.6,253.0,2023-05-05,11,simule_distributions_ademe_2023
95323,E,F,appartement,1970,55.9,581.0,2023-05-05,11,simule_distributions_ademe_2023
94184,D,F,maison,1994,38.8,246.0,2023-05-05,11,simule_distributions_ademe_2023
93322,D,F,appartement,1980,47.7,203.0,2023-05-05,11,simule_distributions_ademe_2023
78108,D,D,appartement,1983,45.8,323.0,2023-05-06,11,simule_distributions_ademe_2023
93231,C,F,maison,2011,77.2,291.0,2023-05-06,11,simule_distributions_ademe_2023
93162,D,F,maison,1971,77.4,306.0,2023-05-06,11,simule_distributions_ademe_2023
95064,D,F,appartement,1976,77.5,163.0,2023-05-06,11,simule_distributions_ademe_2023
93326,D,E,maison,1980,64.4,227.0,2023-05-07,11,simule_distributions_ademe_2023
77229,B,F,appartement,2019,78.9,105.0,2023-05-07,11,simule_distributions_ademe_2023
92011,C,F,maison,2019,98.4,309.0,2023-05-07,11,simule_distributions_ademe_2023
93226,C,E,maison,1998,39.2,159.0,2023-05-07,11,simule_distributions_ademe_2023
95122,D,D,appartement,1976,73.3,221.0,2023-05-08,11,simule_distributions_ademe_2023
91085,E,F,appartement,1985,99.1,518.0,2023-05-08,11,simule_distributions_ademe_2023
91284,F,F,immeuble,1961,115.7,335.0,2023-05-08,11,simule_distributions_ademe_2023
94276,C,E,appartement,2005,86.4,260.0,2023-05-08,11,simule_distributions_ademe_2023
95067,E,G,maison,1992,44.3,550.0,2023-05-09,11,simule_distributions_ademe_2023
95160,C,C,maison,2011,72.6,183.0,2023-05-09,11,simule_distributions_ademe_2023
77263,B,F,maison,2011,120.7,55.0,2023-05-09,11,simule_distributions_ademe_2023
78261,C,F,maison,2005,90.6,167.0,2023-05-10,11,simule_distributions_ademe_2023
93351,D,D,maison,1982,69.8,303.0,2023-05-10,11,simule_distributions_ademe_2023
78101,E,F,appartement,1968,29.5,367.0,2023-05-10,11,simule_distributions_ademe_2023
94347,D,E,maison,1986,54.2,244.0,2023-05-10,11,simule_distributions_ademe_2023
78166,E,B,appartement,1975,51.6,366.0,2023-05-11,11,simule_distributions_ademe_2023
92201,C,F,maison,2016,41.8,152.0,2023-05-11,11,simule_distributions_ademe_2023
91235,F,F,maison,1973,114.5,444.0,2023-05-11,11,simule_distributions_ademe_2023
95135,A,D,appartement,2008,160.1,117.0,2023-05-11,11,simule_distributions_ademe_2023
78391,C,G,maison,2009,66.2,280.0,2023-05-12,11,simule_distributions_ademe_2023
92382,E,E,immeuble,1968,53.3,553.0,2023-05-12,11,simule_distributions_ademe_2023
91015,E,D,appartement,1975,52.5,540.0,2023-05-12,11,simule_distributions_ademe_2023
77216,F,E,maison,1923,39.6,681.0,2023-05-12,11,simule_distributions_ademe_2023
91282,G,F,appartement,1936,56.2,442.0,2023-05-13,11,simule_distributions_ademe_2023
77276,A,G,maison,2009,47.4,110.0,2023-05-13,11,simule_distributions_ademe_2023
92140,D,G,maison,1972,55.0,188.0,2023-05-13,11,simule_distributions_ademe_2023
75081,E,D,appartement,1984,56.2,348.0,2023-05-13,11,simule_distributions_ademe_2023
92325,F,C,maison,1944,97.2,414.0,2023-05-14,11,simule_distributions_ademe_2023
94344,B,G,appartement,1997,60.1,128.0,2023-05-14,11,simule_distributions_ademe_2023
77017,D,F,appartement,1989,132.5,216.0,2023-05-14,11,simule_distributions_ademe_2023
91167,E,F,maison,1972,74.1,577.0,2023-05-14,11,simule_distributions_ademe_2023
94256,D,D,immeuble,1985,36.6,329.0,2023-05-15,11,simule_distributions_ademe_2023
94046,E,C,appartement,1972,25.1,558.0,2023-05-15,11,simule_distributions_ademe_2023
95123,D,D,maison,1976,40.8,278.0,2023-05-15,11,simule_distributions_ademe_2023
92176,A,D,maison,2018,48.5,140.0,2023-05-15,11,simule_distributions_ademe_2023
92394,F,E,maison,1950,40.0,495.0,2023-05-16,11,simule_distributions_ademe_2023
94343,F,F,maison,1924,97.4,490.0,2023-05-16,11,simule_distributions_ademe_2023
75127,E,D,immeuble,1967,175.4,610.0,2023-05-16,11,simule_distributions_ademe_2023
92025,E,C,immeuble,1981,85.7,510.0,2023-05-16,11,simule_distributions_ademe_2023
94323,D,B,maison,1991,78.7,183.0,2023-05-17,11,simule_distributions_ademe_2023
78256,C,C,maison,2012,95.9,272.0,2023-05-17,11,simule_distributions_ademe_2023
92029,E,D,appartement,1968,59.4,462.0,2023-05-17,11,simule_distributions_ademe_2023
91272,F,E,maison,1941,171.8,439.0,2023-05-17,11,simule_distributions_ademe_2023
77381,G,G,maison,1946,36.5,635.0,2023-05-18,11,simule_distributions_ademe_2023
93238,E,E,maison,1991,56.1,459.0,2023-05-18,11,simule_distributions_ademe_2023
93330,C,C,maison,1990,68.5,272.0,2023-05-18,11,simule_distributions_ademe_2023
92147,G,E,immeuble,1964,48.4,391.0,2023-05-18,11,simule_distributions_ademe_2023
95239,D,E,appartement,1990,63.3,235.0,2023-05-19,11,simule_distributions_ademe_2023
92036,F,E,appartement,1946,71.0,674.0,2023-05-19,11,simule_distributions_ademe_2023
91038,A,F,maison,2012,49.8,93.0,2023-05-19,11,simule_distributions_ademe_2023
78319,B,G,appartement,1987,115.0,78.0,2023-05-19,11,simule_distributions_ademe_2023
92275,D,D,maison,1977,54.3,260.0,2023-05-20,11,simule_distributions_ademe_2023
91217,D,F,appartement,1976,57.0,204.0,2023-05-20,11,simule_distributions_ademe_2023
92124,D,E,appartement,1970,60.3,249.0,2023-05-20,11,simule_distributions_ademe_2023
78384,E,F,appartement,1972,49.0,685.0,2023-05-21,11,simule_distributions_ademe_2023
93392,D,E,appartement,1980,34.7,187.0,2023-05-21,11,simule_distributions_ademe_2023
93315,E,E,maison,1967,21.4,669.0,2023-05-21,11,simule_distributions_ademe_2023
78095,E,E,appartement,1976,65.2,643.0,2023-05-21,11,simule_distributions_ademe_2023
95167,E,D,appartement,1987,44.8,526.0,2023-05-22,11,simule_distributions_ademe_2023
91364,G,E,appartement,1924,135.9,377.0,2023-05-22,11,simule_distributions_ademe_2023
91312,C,D,appartement,2007,52.0,240.0,2023-05-22,11,simule_distributions_ademe_2023
78181,D,F,maison,1989,144.3,224.0,2023-05-22,11,simule_distributions_ademe_2023
94102,G,E,maison,1953,77.7,388.0,2023-05-23,11,simule_distributions_ademe_2023
95011,C,E,maison,2008,86.4,235.0,2023-05-23,11,simule_distributions_ademe_2023
93308,C,D,appartement,2002,47.4,312.0,2023-05-23,11,simule_distributions_ademe_2023
95295,D,A,appartement,1988,139.3,263.0,2023-05-23,11,simule_distributions_ademe_2023
93392,C,D,maison,2014,103.8,301.0,2023-05-24,11,simule_distributions_ademe_2023
95116,F,B,appartement,1921,27.1,438.0,2023-05-24,11,simule_distributions_ademe_2023
93335,E,E,maison,1988,28.2,525.0,2023-05-24,11,simule_distributions_ademe_2023
94266,D,E,maison,1984,159.4,324.0,2023-05-24,11,simule_distributions_ademe_2023
78256,C,F,appartement,1995,52.4,300.0,2023-05-25,11,simule_distributions_ademe_2023
93027,D,G,maison,1991,35.5,324.0,2023-05-25,11,simule_distributions_ademe_2023
77336,B,E,appartement,2017,56.0,143.0,2023-05-25,11,simule_distributions_ademe_2023
93012,E,G,appartement,1965,85.6,408.0,2023-05-25,11,simule_distributions_ademe_2023
77031,E,D,appartement,1991,28.8,537.0,2023-05-26,11,simule_distributions_ademe_2023
92319,D,F,maison,1994,89.2,325.0,2023-05-26,11,simule_distributions_ademe_2023
75096,E,F,maison,1984,68.1,691.0,2023-05-26,11,simule_distributions_ademe_2023
75146,F,E,maison,1930,205.4,690.0,2023-05-26,11,simule_distributions_ademe_2023
93154,F,F,maison,1929,32.2,595.0,2023-05-27,11,simule_distributions_ademe_2023
77308,E,D,appartement,1990,214.4,465.0,2023-05-27,11,simule_distributions_ademe_2023
92026,G,D,appartement,1946,57.9,441.0,2023-05-27,11,simule_distributions_ademe_2023
92295,E,F,maison,1990,68.9,691.0,2023-05-27,11,simule_distributions_ademe_2023
93308,G,E,appartement,1948,49.4,372.0,2023-05-28,11,simule_distributions_ademe_2023
92162,G,E,maison,1929,38.6,500.0,2023-05-28,11,simule_distributions_ademe_2023
95096,B,E,maison,1997,66.4,134.0,2023-05-28,11,simule_distributions_ademe_2023
77145,E,D,maison,1975,104.0,647.0,2023-05-28,11,simule_distributions_ademe_2023
95134,E,C,maison,1975,125.8,537.0,2023-05-29,11,simule_distributions_ademe_2023
95154,E,D,appartement,1978,61.5,675.0,2023-05-29,11,simule_distributions_ademe_2023
94111,E,D,maison,1973,92.3,355.0,2023-05-29,11,simule_distributions_ademe_2023
91265,C,F,maison,1995,60.5,250.0,2023-05-29,11,simule_distributions_ademe_2023
78159,F,E,appartement,1923,97.6,624.0,2023-05-30,11,simule_distributions_ademe_2023
91083,F,E,appartement,1955,205.3,332.0,2023-05-30,11,simule_distributions_ademe_2023
77384,D,F,maison,1976,85.6,211.0,2023-05-30,11,simule_distributions_ademe_2023
78224,D,C,appartement,1994,78.2,321.0,2023-05-30,11,simule_distributions_ademe_2023
78131,F,E,maison,1959,18.0,351.0,2023-05-31,11,simule_distributions_ademe_2023
75143,D,E,appartement,1990,35.3,293.0,2023-05-31,11,simule_distributions_ademe_2023
78194,F,G,maison,1921,69.1,525.0,2023-05-31,11,simule_distributions_ademe_2023
78069,F,E,maison,1942,26.9,509.0,2023-06-01,11,simule_distributions_ademe_2023
92284,E,G,appartement,1984,85.8,356.0,2023-06-01,11,simule_distributions_ademe_2023
94343,E,E,immeuble,1970,40.1,572.0,2023-06-01,11,simule_distributions_ademe_2023
75130,F,E,appartement,1959,284.8,438.0,2023-06-01,11,simule_distributions_ademe_2023
92056,D,F,appartement,1976,77.4,239.0,2023-06-02,11,simule_distributions_ademe_2023
93036,F,G,maison,1958,34.6,666.0,2023-06-02,11,simule_distributions_ademe_2023
78141,E,E,maison,1978,58.2,425.0,2023-06-02,11,simule_distributions_ademe_2023
78333,D,F,appartement,1965,40.2,264.0,2023-06-02,11,simule_distributions_ademe_2023
94366,A,G,appartement,1986,71.0,58.0,2023-06-03,11,simule_distributions_ademe_2023
75014,E,D,appartement,1974,154.6,605.0,2023-06-03,11,simule_distributions_ademe_2023
95196,E,C,appartement,1985,53.9,567.0,2023-06-03,11,simule_distributions_ademe_2023
93016,F,F,maison,1946,83.3,379.0,2023-06-03,11,simule_distributions_ademe_2023
94360,C,D,maison,2014,79.7,277.0,2023-06-04,11,simule_distributions_ademe_2023
92013,D,D,maison,1984,69.9,227.0,2023-06-04,11,simule_distributions_ademe_2023
93035,C,G,maison,1985,75.7,252.0,2023-06-04,11,simule_distributions_ademe_2023
92094,E,E,maison,1989,45.1,448.0,2023-06-04,11,simule_distributions_ademe_2023
77243,F,A,maison,1967,48.2,562.0,2023-06-05,11,simule_distributions_ademe_2023
92059,C,A,appartement,1993,57.6,271.0,2023-06-05,11,simule_distributions_ademe_2023
94095,F,E,appartement,1954,108.8,700.0,2023-06-05,11,simule_distributions_ademe_2023
92106,G,F,maison,1974,49.8,575.0,2023-06-05,11,simule_distributions_ademe_2023
92354,C,E,maison,2009,36.1,168.0,2023-06-06,11,simule_distributions_ademe_2023
75071,C,D,appartement,2010,127.1,215.0,2023-06-06,11,simule_distributions_ademe_2023
75044,C,D,immeuble,1996,58.3,205.0,2023-06-06,11,simule_distributions_ademe_2023
75079,C,D,maison,2019,52.0,259.0,2023-06-06,11,simule_distributions_ademe_2023
78020,C,F,appartement,1998,44.8,286.0,2023-06-07,11,simule_distributions_ademe_2023
95386,C,C,appartement,1994,47.3,313.0,2023-06-07,11,simule_distributions_ademe_2023
78028,D,C,maison,1993,81.4,273.0,2023-06-07,11,simule_distributions_ademe_2023
92299,C,F,appartement,2005,64.4,228.0,2023-06-07,11,simule_distributions_ademe_2023
92099,F,F,maison,1965,20.0,684.0,2023-06-08,11,simule_distributions_ademe_2023
94118,E,C,appartement,1985,49.0,397.0,2023-06-08,11,simule_distributions_ademe_2023
91372,B,B,maison,2015,105.4,55.0,2023-06-08,11,simule_distributions_ademe_2023
78369,G,E,appartement,1944,73.1,437.0,2023-06-08,11,simule_distributions_ademe_2023
91297,C,F,maison,1989,141.9,329.0,2023-06-09,11,simule_distributions_ademe_2023
95191,B,F,maison,2002,115.3,88.0,2023-06-09,11,simule_distributions_ademe_2023
93200,D,F,appartement,1981,180.1,195.0,2023-06-09,11,simule_distributions_ademe_2023
93363,B,E,appartement,2019,78.5,103.0,2023-06-09,11,simule_distributions_ademe_2023
92055,C,D,appartement,2015,87.9,276.0,2023-06-10,11,simule_distributions_ademe_2023
93366,G,E,maison,1972,57.9,636.0,2023-06-10,11,simule_distributions_ademe_2023
93093,G,A,maison,1921,67.8,668.0,2023-06-10,11,simule_distributions_ademe_2023
95162,D,C,immeuble,1994,68.9,175.0,2023-06-10,11,simule_distributions_ademe_2023
93260,B,E,maison,2012,39.6,62.0,2023-06-11,11,simule_distributions_ademe_2023
91181,C,D,maison,1991,51.0,177.0,2023-06-11,11,simule_distributions_ademe_2023
78241,D,G,maison,1966,134.4,166.0,2023-06-11,11,simule_distributions_ademe_2023
78233,F,D,maison,1948,71.8,664.0,2023-06-12,11,simule_distributions_ademe_2023
93176,D,F,maison,1990,100.0,183.0,2023-06-12,11,simule_distributions_ademe_2023
91294,D,D,appartement,1967,68.5,195.0,2023-06-12,11,simule_distributions_ademe_2023
93323,E,F,appartement,1989,42.5,661.0,2023-06-12,11,simule_distributions_ademe_2023
93058,E,D,maison,1991,101.8,514.0,2023-06-13,11,simule_distributions_ademe_2023
77341,C,D,maison,1997,59.8,294.0,2023-06-13,11,simule_distributions_ademe_2023
92031,C,D,appartement,2012,82.7,274.0,2023-06-13,11,simule_distributions_ademe_2023
95027,D,E,maison,1975,117.4,189.0,2023-06-13,11,simule_distributions_ademe_2023
94231,D,A,appartement,1989,131.9,208.0,2023-06-14,11,simule_distributions_ademe_2023
94324,E,E,maison,1966,40.9,420.0,2023-06-14,11,simule_distributions_ademe_2023
78384,D,G,maison,1971,126.1,281.0,2023-06-14,11,simule_distributions_ademe_2023
91147,F,F,appartement,1962,98.0,616.0,2023-06-14,11,simule_distributions_ademe_2023
77243,D,E,appartement,1979,90.0,258.0,2023-06-15,11,simule_distributions_ademe_2023
93190,F,D,appartement,1929,80.2,633.0,2023-06-15,11,simule_distributions_ademe_2023
91260,G,C,maison,1952,97.6,627.0,2023-06-15,11,simule_distributions_ademe_2023
77037,E,G,maison,1965,73.7,660.0,2023-06-15,11,simule_distributions_ademe_2023
77061,E,F,maison,1982,81.0,674.0,2023-06-16,11,simule_distributions_ademe_2023
95121,F,E,appartement,1920,157.8,476.0,2023-06-16,11,simule_distributions_ademe_2023
93132,B,E,appartement,1994,43.6,71.0,2023-06-16,11,simule_distributions_ademe_2023
77343,C,E,maison,2008,211.6,325.0,2023-06-16,11,simule_distributions_ademe_2023
92019,D,C,immeuble,1977,28.7,319.0,2023-06-17,11,simule_distributions_ademe_2023
92275,C,E,maison,2003,112.8,295.0,2023-06-17,11,simule_distributions_ademe_2023
91122,A,C,maison,1985,92.3,94.0,2023-06-17,11,simule_distributions_ademe_2023
78048,E,E,maison,1992,97.1,388.0,2023-06-17,11,simule_distributions_ademe_2023
78152,C,F,maison,2018,132.2,309.0,2023-06-18,11,simule_distributions_ademe_2023
78229,D,B,appartement,1994,42.7,305.0,2023-06-18,11,simule_distributions_ademe_2023
92343,C,B,maison,1992,25.6,167.0,2023-06-18,11,simule_distributions_ademe_2023
94222,A,E,appartement,2009,23.7,53.0,2023-06-18,11,simule_distributions_ademe_2023
78107,B,F,appartement,2002,42.2,71.0,2023-06-19,11,simule_distributions_ademe_2023
92273,F,B,appartement,1927,82.2,648.0,2023-06-19,11,simule_distributions_ademe_2023
93139,D,B,appartement,1994,101.7,239.0,2023-06-19,11,simule_distributions_ademe_2023
94149,F,C,maison,1958,53.3,559.0,2023-06-19,11,simule_distributions_ademe_2023
91087,G,C,maison,1971,81.5,664.0,2023-06-20,11,simule_distributions_ademe_2023
95112,D,C,maison,1965,65.7,329.0,2023-06-20,11,simule_distributions_ademe_2023
95120,E,D,appartement,1981,162.6,366.0,2023-06-20,11,simule_distributions_ademe_2023
78178,D,G,appartement,1971,39.6,248.0,2023-06-20,11,simule_distributions_ademe_2023
91374,G,D,appartement,1924,42.9,558.0,2023-06-21,11,simule_distributions_ademe_2023
93105,F,C,appartement,1947,58.5,609.0,2023-06-21,11,simule_distributions_ademe_2023
77260,E,E,appartement,1977,58.4,590.0,2023-06-21,11,simule_distributions_ademe_2023
94268,G,G,appartement,1946,69.9,507.0,2023-06-21,11,simule_distributions_ademe_2023
91149,E,D,immeuble,1967,44.8,395.0,2023-06-22,11,simule_distributions_ademe_2023
95031,F,G,appartement,1954,30.8,605.0,2023-06-22,11,simule_distributions_ademe_2023
91034,B,C,appartement,1998,60.0,149.0,2023-06-22,11,simule_distributions_ademe_2023
91049,D,A,maison,1967,63.9,279.0,2023-06-23,11,simule_distributions_ademe_2023
91274,D,F,appartement,1967,52.8,166.0,2023-06-23,11,simule_distributions_ademe_2023
93325,F,E,appartement,1955,30.3,675.0,2023-06-23,11,simule_distributions_ademe_2023
92215,E,D,maison,1994,110.9,346.0,2023-06-23,11,simule_distributions_ademe_2023
78190,D,E,maison,1994,30.6,255.0,2023-06-24,11,simule_distributions_ademe_2023
95082,C,E,appartement,1996,20.8,179.0,2023-06-24,11,simule_distributions_ademe_2023
77279,G,G,maison,1969,153.9,661.0,2023-06-24,11,simule_distributions_ademe_2023
91211,D,C,maison,1989,74.5,191.0,2023-06-24,11,simule_distributions_ademe_2023
78195,A,D,maison,2005,58.0,71.0,2023-06-25,11,simule_distributions_ademe_2023
94172,C,D,appartement,2001,32.7,200.0,2023-06-25,11,simule_distributions_ademe_2023
91387,D,G,appartement,1972,43.3,216.0,2023-06-25,11,simule_distributions_ademe_2023
92369,C,C,appartement,1990,52.2,193.0,2023-06-25,11,simule_distributions_ademe_2023
75147,B,C,appartement,2011,30.7,90.0,2023-06-26,11,simule_distributions_ademe_2023
92253,C,F,immeuble,1991,48.4,191.0,2023-06-26,11,simule_distributions_ademe_2023
91300,D,F,appartement,1984,52.4,263.0,2023-06-26,11,simule_distributions_ademe_2023
91080,E,E,immeuble,1984,72.7,624.0,2023-06-26,11,simule_distributions_ademe_2023
94345,E,F,maison,1993,104.5,440.0,2023-06-27,11,simule_distributions_ademe_2023
78333,E,D,maison,1969,84.9,359.0,2023-06-27,11,simule_distributions_ademe_2023
75100,E,F,maison,1969,58.4,552.0,2023-06-27,11,simule_distributions_ademe_2023
78347,D,D,appartement,1985,70.2,181.0,2023-06-27,11,simule_distributions_ademe_2023
77274,E,G,maison,1984,90.7,466.0,2023-06-28,11,simule_distributions_ademe_2023
75117,F,D,maison,1923,37.9,661.0,2023-06-28,11,simule_distributions_ademe_2023
93265,E,G,appartement,1991,139.8,674.0,2023-06-28,11,simule_distributions_ademe_2023
92222,C,B,appartement,2006,102.2,305.0,2023-06-28,11,simule_distributions_ademe_2023
95260,C,A,appartement,2014,90.2,253.0,2023-06-29,11,simule_distributions_ademe_2023
95343,E,D,maison,1984,49.8,550.0,2023-06-29,11,simule_distributions_ademe_2023
94205,D,G,appartement,1974,74.2,185.0,2023-06-29,11,simule_distributions_ademe_2023
77332,F,C,appartement,1933,76.4,599.0,2023-06-29,11,simule_distributions_ademe_2023
95135,C,F,maison,1986,101.6,204.0,2023-06-30,11,simule_distributions_ademe_2023
94282,A,F,maison,2007,55.2,88.0,2023-06-30,11,simule_distributions_ademe_2023
78393,E,F,maison,1981,122.0,626.0,2023-06-30,11,simule_distributions_ademe_2023
78278,D,E,appartement,1965,58.7,282.0,2023-06-30,11,simule_distributions_ademe_2023
75113,G,F,maison,1953,40.8,364.0,2023-07-01,11,simule_distributions_ademe_2023
77119,G,D,maison,1972,63.2,619.0,2023-07-01,11,simule_distributions_ademe_2023
92093,A,G,immeuble,2010,138.5,76.0,2023-07-01,11,simule_distributions_ademe_2023
78039,C,F,maison,2001,39.1,157.0,2023-07-01,11,simule_distributions_ademe_2023
94041,F,C,maison,1959,63.7,595.0,2023-07-02,11,simule_distributions_ademe_2023
95288,D,D,immeuble,1980,45.0,224.0,2023-07-02,11,simule_distributions_ademe_2023
78369,D,G,maison,1994,66.5,276.0,2023-07-02,11,simule_distributions_ademe_2023
91019,G,C,maison,1969,59.9,370.0,2023-07-02,11,simule_distributions_ademe_2023
78145,D,C,appartement,1990,102.1,200.0,2023-07-03,11,simule_distributions_ademe_2023
93200,C,B,appartement,2006,42.6,223.0,2023-07-03,11,simule_distributions_ademe_2023
92248,D,G,appartement,1985,74.3,157.0,2023-07-03,11,simule_distributions_ademe_2023
91234,F,C,maison,1929,55.4,614.0,2023-07-04,11,simule_distributions_ademe_2023
94215,E,D,maison,1990,40.0,495.0,2023-07-04,11,simule_distributions_ademe_2023
94026,C,G,maison,1986,110.3,220.0,2023-07-04,11,simule_distributions_ademe_2023
75030,C,D,appartement,2011,88.0,161.0,2023-07-04,11,simule_distributions_ademe_2023
77303,E,E,maison,1965,76.1,560.0,2023-07-05,11,simule_distributions_ademe_2023
78305,D,G,maison,1967,56.4,155.0,2023-07-05,11,simule_distributions_ademe_2023
95099,B,D,maison,2017,88.5,110.0,2023-07-05,11,simule_distributions_ademe_2023
77076,B,D,maison,1997,62.1,71.0,2023-07-05,11,simule_distributions_ademe_2023
95070,D,B,appartement,1984,170.6,255.0,2023-07-06,11,simule_distributions_ademe_2023
94111,D,G,appartement,1986,160.9,203.0,2023-07-06,11,simule_distributions_ademe_2023
78152,G,D,appartement,1941,66.0,652.0,2023-07-06,11,simule_distributions_ademe_2023
78385,B,E,maison,1996,153.4,54.0,2023-07-06,11,simule_distributions_ademe_2023
78232,D,E,maison,1972,30.6,330.0,2023-07-07,11,simule_distributions_ademe_2023
91294,D,E,maison,1973,56.9,256.0,2023-07-07,11,simule_distributions_ademe_2023
93073,E,F,appartement,1988,156.8,449.0,2023-07-07,11,simule_distributions_ademe_2023
91139,D,E,maison,1968,57.5,287.0,2023-07-07,11,simule_distributions_ademe_2023
75137,D,D,appartement,1986,43.4,176.0,2023-07-08,11,simule_distributions_ademe_2023
92054,F,D,immeuble,1924,127.7,332.0,2023-07-08,11,simule_distributions_ademe_2023
77060,E,E,maison,1972,72.7,346.0,2023-07-08,11,simule_distributions_ademe_2023
94276,E,E,appartement,1974,42.0,460.0,2023-07-08,11,simule_distributions_ademe_2023
77150,A,E,maison,2013,35.4,142.0,2023-07-09,11,simule_distributions_ademe_2023
91297,C,F,appartement,2017,122.1,223.0,2023-07-09,11,simule_distributions_ademe_2023
92304,E,C,appartement,1993,69.2,676.0,2023-07-09,11,simule_distributions_ademe_2023
93253,B,E,appartement,2009,83.0,128.0,2023-07-09,11,simule_distributions_ademe_2023
92253,C,D,maison,2001,45.2,285.0,2023-07-10,11,simule_distributions_ademe_2023
78238,B,E,maison,2000,97.1,104.0,2023-07-10,11,simule_distributions_ademe_2023
95239,G,A,appartement,1958,49.8,684.0,2023-07-10,11,simule_distributions_ademe_2023
92250,E,E,maison,1992,92.9,452.0,2023-07-10,11,simule_distributions_ademe_2023
94187,D,E,appartement,1977,61.8,209.0,2023-07-11,11,simule_distributions_ademe_2023
78075,D,G,maison,1974,95.6,310.0,2023-07-11,11,simule_distributions_ademe_2023
77035,C,E,maison,2015,95.3,241.0,2023-07-11,11,simule_distributions_ademe_2023
93237,D,D,immeuble,1973,45.6,164.0,2023-07-11,11,simule_distributions_ademe_2023
78088,E,F,appartement,1974,102.8,499.0,2023-07-12,11,simule_distributions_ademe_2023
93335,G,E,appartement,1942,160.9,466.0,2023-07-12,11,simule_distributions_ademe_2023
93166,C,C,appartement,2007,63.9,323.0,2023-07-12,11,simule_distributions_ademe_2023
93244,C,F,appartement,1991,44.0,314.0,2023-07-12,11,simule_distributions_ademe_2023
93153,F,D,maison,1970,49.2,488.0,2023-07-13,11,simule_distributions_ademe_2023
77200,F,G,appartement,1968,125.1,365.0,2023-07-13,11,simule_distributions_ademe_2023
78208,D,E,appartement,1979,44.3,242.0,2023-07-13,11,simule_distributions_ademe_2023
91239,E,D,maison,1981,106.1,578.0,2023-07-13,11,simule_distributions_ademe_2023
95064,D,D,appartement,1994,118.8,308.0,2023-07-14,11,simule_distributions_ademe_2023
95079,E,F,appartement,1982,35.7,576.0,2023-07-14,11,simule_distributions_ademe_2023
94045,F,F,maison,1947,34.6,429.0,2023-07-14,11,simule_distributions_ademe_2023
75010,E,E,maison,1980,95.5,607.0,2023-07-15,11,simule_distributions_ademe_2023
78086,B,D,appartement,2018,125.5,101.0,2023-07-15,11,simule_distributions_ademe_2023
91204,E,F,appartement,1992,35.1,439.0,2023-07-15,11,simule_distributions_ademe_2023
77163,C,F,maison,1995,44.1,237.0,2023-07-15,11,simule_distributions_ademe_2023
93305,D,F,maison,1985,108.1,244.0,2023-07-16,11,simule_distributions_ademe_2023
94161,D,F,appartement,1988,93.4,167.0,2023-07-16,11,simule_distributions_ademe_2023
95046,C,B,appartement,2011,60.2,153.0,2023-07-16,11,simule_distributions_ademe_2023
95134,E,C,appartement,1994,122.4,483.0,2023-07-16,11,simule_distributions_ademe_2023
78280,D,C,appartement,1975,44.5,263.0,2023-07-17,11,simule_distributions_ademe_2023
92276,F,D,appartement,1971,67.6,333.0,2023-07-17,11,simule_distributions_ademe_2023
78280,D,G,maison,1968,106.3,161.0,2023-07-17,11,simule_distributions_ademe_2023
93296,F,B,appartement,1928,78.6,400.0,2023-07-17,11,simule_distributions_ademe_2023
78125,E,E,appartement,1988,92.5,658.0,2023-07-18,11,simule_distributions_ademe_2023
95027,F,C,appartement,1961,39.8,467.0,2023-07-18,11,simule_distributions_ademe_2023
94114,F,C,maison,1946,127.7,515.0,2023-07-18,11,simule_distributions_ademe_2023
91299,C,C,appartement,2010,56.7,252.0,2023-07-18,11,simule_distributions_ademe_2023
78148,D,D,maison,1980,69.2,237.0,2023-07-19,11,simule_distributions_ademe_2023
91210,D,F,maison,1974,39.0,224.0,2023-07-19,11,simule_distributions_ademe_2023
91318,F,G,appartement,1928,99.2,430.0,2023-07-19,11,simule_distributions_ademe_2023
95103,D,E,appartement,1978,49.8,225.0,2023-07-19,11,simule_distributions_ademe_2023
94343,E,E,appartement,1973,49.9,404.0,2023-07-20,11,simule_distributions_ademe_2023
77352,C,F,appartement,1996,67.0,163.0,2023-07-20,11,simule_distributions_ademe_2023
77371,E,D,appartement,1976,98.8,641.0,2023-07-20,11,simule_distributions_ademe_2023
77167,E,D,maison,1990,86.0,527.0,2023-07-20,11,simule_distributions_ademe_2023
95294,C,C,appartement,2007,80.1,309.0,2023-07-21,11,simule_distributions_ademe_2023
93149,E,F,appartement,1980,142.7,586.0,2023-07-21,11,simule_distributions_ademe_2023
78127,D,G,maison,1991,65.5,306.0,2023-07-21,11,simule_distributions_ademe_2023
92203,C,A,maison,2015,48.5,251.0,2023-07-21,11,simule_distributions_ademe_2023
77301,D,F,appartement,1990,78.9,172.0,2023-07-22,11,simule_distributions_ademe_2023
95009,C,F,maison,1995,59.7,156.0,2023-07-22,11,simule_distributions_ademe_2023
94349,A,F,appartement,2010,109.7,89.0,2023-07-22,11,simule_distributions_ademe_2023
95103,F,A,maison,1943,49.3,358.0,2023-07-22,11,simule_distributions_ademe_2023
78281,D,D,maison,1978,157.3,218.0,2023-07-23,11,simule_distributions_ademe_2023
93068,D,B,maison,1986,114.8,300.0,2023-07-23,11,simule_distributions_ademe_2023
95020,F,D,maison,1961,47.0,538.0,2023-07-23,11,simule_distributions_ademe_2023
94174,F,G,maison,1968,91.3,468.0,2023-07-23,11,simule_distributions_ademe_2023
78112,B,F,appartement,2011,57.2,107.0,2023-07-24,11,simule_distributions_ademe_2023
92060,F,D,maison,1961,56.0,395.0,2023-07-24,11,simule_distributions_ademe_2023
95357,E,C,appartement,1971,51.5,394.0,2023-07-24,11,simule_distributions_ademe_2023
95174,E,B,appartement,1976,80.3,527.0,2023-07-24,11,simule_distributions_ademe_2023
78296,C,C,appartement,1991,76.2,194.0,2023-07-25,11,simule_distributions_ademe_2023
92373,D,G,appartement,1987,130.2,163.0,2023-07-25,11,simule_distributions_ademe_2023
78126,A,E,maison,2009,79.3,63.0,2023-07-25,11,simule_distributions_ademe_2023
77085,B,E,maison,1988,94.4,65.0,2023-07-26,11,simule_distributions_ademe_2023
78355,D,E,appartement,1977,68.2,210.0,2023-07-26,11,simule_distributions_ademe_2023
92185,D,D,maison,1978,49.0,308.0,2023-07-26,11,simule_distributions_ademe_2023
92216,F,D,appartement,1946,29.3,487.0,2023-07-26,11,simule_distributions_ademe_2023
92321,D,C,appartement,1991,80.1,268.0,2023-07-27,11,simule_distributions_ademe_2023
77291,D,F,appartement,1975,57.8,174.0,2023-07-27,11,simule_distributions_ademe_2023
91076,E,F,maison,1966,46.0,600.0,2023-07-27,11,simule_distributions_ademe_2023
91345,E,F,maison,1987,133.1,421.0,2023-07-27,11,simule_distributions_ademe_2023
93013,E,F,appartement,1984,51.2,663.0,2023-07-28,11,simule_distributions_ademe_2023
92304,F,E,maison,1921,74.3,536.0,2023-07-28,11,simule_distributions_ademe_2023
92153,F,D,appartement,1974,82.8,405.0,2023-07-28,11,simule_distributions_ademe_2023
92235,D,E,maison,1989,134.9,189.0,2023-07-28,11,simule_distributions_ademe_2023
91019,E,C,maison,1989,31.6,629.0,2023-07-29,11,simule_distributions_ademe_2023
93125,E,F,appartement,1970,101.8,389.0,2023-07-29,11,simule_distributions_ademe_2023
92067,D,C,maison,1985,56.5,169.0,2023-07-29,11,simule_distributions_ademe_2023
93330,E,G,maison,1985,143.1,601.0,2023-07-29,11,simule_distributions_ademe_2023
91206,E,E,appartement,1990,50.6,523.0,2023-07-30,11,simule_distributions_ademe_2023
78027,E,C,appartement,1980,43.4,570.0,2023-07-30,11,simule_distributions_ademe_2023
91266,C,E,appartement,2012,91.2,222.0,2023-07-30,11,simule_distributions_ademe_2023
95049,F,F,maison,1945,81.1,544.0,2023-07-30,11,simule_distributions_ademe_2023
75136,E,E,maison,1994,103.8,364.0,2023-07-31,11,simule_distributions_ademe_2023
95062,E,F,appartement,1994,125.2,403.0,2023-07-31,11,simule_distributions_ademe_2023
92257,D,D,appartement,1979,62.9,287.0,2023-07-31,11,simule_distributions_ademe_2023
93126,D,D,appartement,1977,64.8,166.0,2023-07-31,11,simule_distributions_ademe_2023
91029,D,F,appartement,1976,23.4,228.0,2023-08-01,11,simule_distributions_ademe_2023
94201,F,F,maison,1922,108.2,603.0,2023-08-01,11,simule_distributions_ademe_2023
77365,E,G,appartement,1987,53.5,528.0,2023-08-01,11,simule_distributions_ademe_2023
92393,D,F,appartement,1988,92.7,308.0,2023-08-01,11,simule_distributions_ademe_2023
93187,C,D,appartement,2018,59.0,165.0,2023-08-02,11,simule_distributions_ademe_2023
94319,E,E,maison,1967,38.2,611.0,2023-08-02,11,simule_distributions_ademe_2023
93237,G,F,appartement,1922,46.8,606.0,2023-08-02,11,simule_distributions_ademe_2023
78328,D,A,immeuble,1965,112.1,222.0,2023-08-02,11,simule_distributions_ademe_2023
91184,C,G,maison,2005,129.5,218.0,2023-08-03,11,simule_distributions_ademe_2023
77232,D,E,appartement,1992,93.1,231.0,2023-08-03,11,simule_distributions_ademe_2023
77172,E,F,appartement,1967,66.9,565.0,2023-08-03,11,simule_distributions_ademe_2023
92045,G,C,maison,1935,32.2,380.0,2023-08-03,11,simule_distributions_ademe_2023
78285,C,E,appartement,1996,89.3,161.0,2023-08-04,11,simule_distributions_ademe_2023
91083,F,E,maison,1966,45.6,652.0,2023-08-04,11,simule_distributions_ademe_2023
95085,B,F,maison,2010,32.6,118.0,2023-08-04,11,simule_distributions_ademe_2023
93121,D,E,maison,1967,73.4,165.0,2023-08-04,11,simule_distributions_ademe_2023
94108,G,C,maison,1936,41.5,510.0,2023-08-05,11,simule_distributions_ademe_2023
94263,C,G,maison,1987,65.8,234.0,2023-08-05,11,simule_distributions_ademe_2023
77261,D,G,appartement,1985,43.4,206.0,2023-08-05,11,simule_distributions_ademe_2023
92363,B,G,maison,2014,36.2,79.0,2023-08-06,11,simule_distributions_ademe_2023
94099,D,G,maison,1976,59.6,207.0,2023-08-06,11,simule_distributions_ademe_2023
78203,A,C,appartement,2017,127.5,148.0,2023-08-06,11,simule_distributions_ademe_2023
77086,D,D,appartement,1992,41.0,286.0,2023-08-06,11,simule_distributions_ademe_2023
94352,D,D,appartement,1992,55.2,207.0,2023-08-07,11,simule_distributions_ademe_2023
94005,F,C,maison,1926,40.1,557.0,2023-08-07,11,simule_distributions_ademe_2023
95203,F,D,appartement,1947,51.8,341.0,2023-08-07,11,simule_distributions_ademe_2023
92154,F,D,appartement,1921,31.7,518.0,2023-08-07,11,simule_distributions_ademe_2023
91100,E,E,maison,1994,59.9,399.0,2023-08-08,11,simule_distributions_ademe_2023
92354,D,E,maison,1977,125.0,168.0,2023-08-08,11,simule_distributions_ademe_2023
93051,E,E,appartement,1974,97.1,522.0,2023-08-08,11,simule_distributions_ademe_2023
77168,E,D,maison,1972,55.5,674.0,2023-08-08,11,simule_distributions_ademe_2023
77128,C,C,maison,2007,48.2,241.0,2023-08-09,11,simule_distributions_ademe_2023
77198,C,F,appartement,1987,110.9,320.0,2023-08-09,11,simule_distributions_ademe_2023
95014,D,F,maison,1970,75.7,212.0,2023-08-09,11,simule_distributions_ademe_2023
95112,A,D,appartement,1993,67.4,98.0,2023-08-09,11,simule_distributions_ademe_2023
77358,A,C,appartement,1988,32.8,100.0,2023-08-10,11,simule_distributions_ademe_2023
92378,C,E,appartement,1986,53.5,180.0,2023-08-10,11,simule_distributions_ademe_2023
94096,D,F,maison,1982,131.6,326.0,2023-08-10,11,simule_distributions_ademe_2023
78321,C,B,immeuble,2013,80.6,247.0,2023-08-10,11,simule_distributions_ademe_2023
94036,D,G,maison,1980,136.4,308.0,2023-08-11,11,simule_distributions_ademe_2023
91013,D,C,appartement,1973,57.4,242.0,2023-08-11,11,simule_distributions_ademe_2023
94232,G,E,maison,1967,54.6,462.0,2023-08-11,11,simule_distributions_ademe_2023
91244,D,G,appartement,1974,65.2,208.0,2023-08-11,11,simule_distributions_ademe_2023
77287,E,D,maison,1990,77.3,574.0,2023-08-12,11,simule_distributions_ademe_2023
77154,B,C,appartement,2006,68.1,143.0,2023-08-12,11,simule_distributions_ademe_2023
91033,F,F,appartement,1948,24.1,623.0,2023-08-12,11,simule_distributions_ademe_2023
78321,E,E,appartement,1983,49.8,596.0,2023-08-12,11,simule_distributions_ademe_2023
94246,F,F,maison,1940,60.9,605.0,2023-08-13,11,simule_distributions_ademe_2023
91341,E,D,maison,1970,77.5,600.0,2023-08-13,11,simule_distributions_ademe_2023
95034,E,G,appartement,1971,184.8,373.0,2023-08-13,11,simule_distributions_ademe_2023
93395,D,C,maison,1970,65.9,256.0,2023-08-13,11,simule_distributions_ademe_2023
92286,D,G,appartement,1971,43.4,327.0,2023-08-14,11,simule_distributions_ademe_2023
93194,C,F,appartement,2003,58.8,155.0,2023-08-14,11,simule_distributions_ademe_2023
77169,C,C,appartement,1996,93.4,231.0,2023-08-14,11,simule_distributions_ademe_2023
94331,C,D,maison,2009,42.7,306.0,2023-08-14,11,simule_distributions_ademe_2023
95373,C,F,appartement,2000,64.4,293.0,2023-08-15,11,simule_distributions_ademe_2023
93153,B,E,appartement,2012,37.7,140.0,2023-08-15,11,simule_distributions_ademe_2023
77180,D,D,maison,1972,166.0,275.0,2023-08-15,11,simule_distributions_ademe_2023
78372,D,B,appartement,1967,95.7,307.0,2023-08-15,11,simule_distributions_ademe_2023
77080,D,D,maison,1972,46.0,290.0,2023-08-16,11,simule_distributions_ademe_2023
95017,E,D,appartement,1968,50.8,569.0,2023-08-16,11,simule_distributions_ademe_2023
78367,D,E,appartement,1986,155.4,296.0,2023-08-16,11,simule_distributions_ademe_2023
78123,C,G,appartement,2010,55.2,213.0,2023-08-17,11,simule_distributions_ademe_2023
77297,D,C,appartement,1993,85.5,193.0,2023-08-17,11,simule_distributions_ademe_2023
78049,A,E,maison,2015,43.5,107.0,2023-08-17,11,simule_distributions_ademe_2023
78113,D,D,appartement,1965,54.6,193.0,2023-08-17,11,simule_distributions_ademe_2023
77377,F,E,appartement,1923,40.6,592.0,2023-08-18,11,simule_distributions_ademe_2023
94092,E,E,maison,1981,41.8,388.0,2023-08-18,11,simule_distributions_ademe_2023
95081,D,C,maison,1975,78.2,251.0,2023-08-18,11,simule_distributions_ademe_2023
92348,D,F,maison,1992,276.8,167.0,2023-08-18,11,simule_distributions_ademe_2023
95123,F,E,maison,1927,61.8,570.0,2023-08-19,11,simule_distributions_ademe_2023
95276,G,F,appartement,1943,63.9,351.0,2023-08-19,11,simule_distributions_ademe_2023
78194,C,E,appartement,2019,71.3,329.0,2023-08-19,11,simule_distributions_ademe_2023
91043,D,B,maison,1993,58.8,324.0,2023-08-19,11,simule_distributions_ademe_2023
95100,F,A,maison,1953,206.7,515.0,2023-08-20,11,simule_distributions_ademe_2023
95092,F,E,appartement,1971,118.4,429.0,2023-08-20,11,simule_distributions_ademe_2023
93065,B,F,maison,1995,78.8,92.0,2023-08-20,11,simule_distributions_ademe_2023
92116,D,G,appartement,1986,64.0,254.0,2023-08-20,11,simule_distributions_ademe_2023
95001,D,E,appartement,1977,140.3,316.0,2023-08-21,11,simule_distributions_ademe_2023
78036,C,E,immeuble,2001,76.2,321.0,2023-08-21,11,simule_distributions_ademe_2023
77046,C,D,appartement,2016,41.7,228.0,2023-08-21,11,simule_distributions_ademe_2023
93218,D,E,maison,1974,44.7,176.0,2023-08-21,11,simule_distributions_ademe_2023
91117,E,C,maison,1985,40.9,600.0,2023-08-22,11,simule_distributions_ademe_2023
93393,C,D,maison,2016,67.0,195.0,2023-08-22,11,simule_distributions_ademe_2023
93193,D,G,appartement,1981,97.6,228.0,2023-08-22,11,simule_distributions_ademe_2023
78231,D,F,appartement,1979,32.4,286.0,2023-08-22,11,simule_distributions_ademe_2023
91120,B,F,appartement,2005,106.5,127.0,2023-08-23,11,simule_distributions_ademe_2023
91016,E,D,appartement,1991,70.2,407.0,2023-08-23,11,simule_distributions_ademe_2023
95019,C,F,appartement,2010,42.3,257.0,2023-08-23,11,simule_distributions_ademe_2023
92257,F,E,maison,1935,59.3,530.0,2023-08-23,11,simule_distributions_ademe_2023
93307,D,F,maison,1965,69.2,271.0,2023-08-24,11,simule_distributions_ademe_2023
94185,A,B,maison,1992,71.5,94.0,2023-08-24,11,simule_distributions_ademe_2023
91192,E,F,appartement,1969,68.7,588.0,2023-08-24,11,simule_distributions_ademe_2023
91188,G,B,appartement,1940,46.9,596.0,2023-08-24,11,simule_distributions_ademe_2023
94147,E,D,maison,1975,24.2,681.0,2023-08-25,11,simule_distributions_ademe_2023
75124,C,A,maison,2014,166.8,303.0,2023-08-25,11,simule_distributions_ademe_2023
77002,D,D,appartement,1967,55.0,218.0,2023-08-25,11,simule_distributions_ademe_2023
94015,E,F,maison,1987,78.4,406.0,2023-08-25,11,simule_distributions_ademe_2023
93221,D,E,maison,1982,254.7,271.0,2023-08-26,11,simule_distributions_ademe_2023
77272,G,C,appartement,1934,147.9,660.0,2023-08-26,11,simule_distributions_ademe_2023
93174,F,C,maison,1957,173.5,524.0,2023-08-26,11,simule_distributions_ademe_2023
91133,E,D,maison,1975,59.0,557.0,2023-08-26,11,simule_distributions_ademe_2023
77127,D,E,maison,1979,171.7,316.0,2023-08-27,11,simule_distributions_ademe_2023
93254,G,G,appartement,1932,18.0,364.0,2023-08-27,11,simule_distributions_ademe_2023
77269,F,C,appartement,1935,60.2,338.0,2023-08-27,11,simule_distributions_ademe_2023
77235,G,E,maison,1940,108.4,690.0,2023-08-28,11,simule_distributions_ademe_2023
92103,D,E,maison,1990,50.3,318.0,2023-08-28,11,simule_distributions_ademe_2023
95123,E,E,maison,1978,53.9,452.0,2023-08-28,11,simule_distributions_ademe_2023
92327,G,E,appartement,1950,69.0,393.0,2023-08-28,11,simule_distributions_ademe_2023
78077,D,D,appartement,1972,240.1,176.0,2023-08-29,11,simule_distributions_ademe_2023
93188,C,B,maison,1994,197.6,235.0,2023-08-29,11,simule_distributions_ademe_2023
92334,F,E,appartement,1924,55.8,594.0,2023-08-29,11,simule_distributions_ademe_2023
93174,C,C,appartement,1992,35.5,291.0,2023-08-29,11,simule_distributions_ademe_2023
77159,E,G,maison,1976,95.8,642.0,2023-08-30,11,simule_distributions_ademe_2023
77260,C,G,maison,2009,48.2,245.0,2023-08-30,11,simule_distributions_ademe_2023
75049,C,D,appartement,1998,114.2,262.0,2023-08-30,11,simule_distributions_ademe_2023
93144,E,D,appartement,1992,82.9,509.0,2023-08-30,11,simule_distributions_ademe_2023
93052,D,G,immeuble,1970,87.3,164.0,2023-08-31,11,simule_distributions_ademe_2023
94109,D,F,maison,1970,57.0,179.0,2023-08-31,11,simule_distributions_ademe_2023
95079,B,E,appartement,1989,24.4,58.0,2023-08-31,11,simule_distributions_ademe_2023
91110,E,E,appartement,1981,74.0,691.0,2023-08-31,11,simule_distributions_ademe_2023
77140,C,E,maison,1990,26.9,297.0,2023-09-01,11,simule_distributions_ademe_2023
95145,C,A,maison,2009,81.1,159.0,2023-09-01,11,simule_distributions_ademe_2023
91117,E,B,appartement,1991,205.8,645.0,2023-09-01,11,simule_distributions_ademe_2023
91068,G,D,maison,1931,71.1,425.0,2023-09-01,11,simule_distributions_ademe_2023
93290,E,E,maison,1968,89.8,360.0,2023-09-02,11,simule_distributions_ademe_2023
95339,C,D,immeuble,2006,49.3,201.0,2023-09-02,11,simule_distributions_ademe_2023
78037,C,D,appartement,1987,37.9,157.0,2023-09-02,11,simule_distributions_ademe_2023
93078,F,D,maison,1941,57.4,411.0,2023-09-02,11,simule_distributions_ademe_2023
93194,D,A,appartement,1977,121.2,245.0,2023-09-03,11,simule_distributions_ademe_2023
95353,A,B,maison,2010,51.3,88.0,2023-09-03,11,simule_distributions_ademe_2023
95364,D,F,appartement,1993,113.1,261.0,2023-09-03,11,simule_distributions_ademe_2023
93218,D,C,maison,1991,49.0,216.0,2023-09-03,11,simule_distributions_ademe_2023
95355,D,E,appartement,1969,55.1,320.0,2023-09-04,11,simule_distributions_ademe_2023
94135,C,E,immeuble,1998,157.2,308.0,2023-09-04,11,simule_distributions_ademe_2023
91308,C,E,maison,1992,46.9,261.0,2023-09-04,11,simule_distributions_ademe_2023
95133,F,E,appartement,1940,86.6,513.0,2023-09-04,11,simule_distributions_ademe_2023
93080,F,E,maison,1923,134.6,517.0,2023-09-05,11,simule_distributions_ademe_2023
92216,E,G,immeuble,1977,37.9,628.0,2023-09-05,11,simule_distributions_ademe_2023
93346,E,D,appartement,1985,45.8,349.0,2023-09-05,11,simule_distributions_ademe_2023
91267,D,E,maison,1987,83.9,204.0,2023-09-05,11,simule_distributions_ademe_2023
94393,D,C,maison,1991,105.9,306.0,2023-09-06,11,simule_distributions_ademe_2023
93077,G,F,appartement,1938,53.2,463.0,2023-09-06,11,simule_distributions_ademe_2023
94030,C,C,maison,2015,42.7,200.0,2023-09-06,11,simule_distributions_ademe_2023
94120,C,G,maison,2001,34.7,180.0,2023-09-06,11,simule_distributions_ademe_2023
77279,G,E,maison,1920,61.3,618.0,2023-09-07,11,simule_distributions_ademe_2023
77302,C,F,appartement,2004,197.5,305.0,2023-09-07,11,simule_distributions_ademe_2023
92019,D,D,maison,1984,44.1,202.0,2023-09-07,11,simule_distributions_ademe_2023
77107,E,C,appartement,1971,86.1,656.0,2023-09-08,11,simule_distributions_ademe_2023
94140,D,G,maison,1973,52.6,273.0,2023-09-08,11,simule_distributions_ademe_2023
94320,E,D,appartement,1980,20.3,570.0,2023-09-08,11,simule_distributions_ademe_2023
91147,C,C,appartement,2004,93.2,251.0,2023-09-08,11,simule_distributions_ademe_2023
91370,C,E,maison,2016,76.8,265.0,2023-09-09,11,simule_distributions_ademe_2023
75009,E,G,maison,1994,98.0,682.0,2023-09-09,11,simule_distributions_ademe_2023
91223,G,C,appartement,1922,109.2,560.0,2023-09-09,11,simule_distributions_ademe_2023
78118,C,D,maison,1996,114.4,210.0,2023-09-09,11,simule_distributions_ademe_2023
91367,C,F,maison,2003,118.4,154.0,2023-09-10,11,simule_distributions_ademe_2023
92331,E,E,appartement,1975,29.8,452.0,2023-09-10,11,simule_distributions_ademe_2023
95005,F,C,appartement,1953,37.2,543.0,2023-09-10,11,simule_distributions_ademe_2023
93383,E,C,maison,1978,66.1,655.0,2023-09-10,11,simule_distributions_ademe_2023
93011,B,C,maison,1993,54.2,54.0,2023-09-11,11,simule_distributions_ademe_2023
92073,D,E,maison,1989,50.5,218.0,2023-09-11,11,simule_distributions_ademe_2023
91352,G,C,maison,1933,78.8,473.0,2023-09-11,11,simule_distributions_ademe_2023
75092,D,C,maison,1989,107.4,277.0,2023-09-11,11,simule_distributions_ademe_2023
92136,C,E,maison,2012,92.3,180.0,2023-09-12,11,simule_distributions_ademe_2023
78154,C,D,appartement,2016,36.1,213.0,2023-09-12,11,simule_distributions_ademe_2023
91239,F,E,appartement,1950,220.8,388.0,2023-09-12,11,simule_distributions_ademe_2023
75004,E,D,immeuble,1982,90.3,419.0,2023-09-12,11,simule_distributions_ademe_2023
91304,F,E,maison,1945,51.1,543.0,2023-09-13,11,simule_distributions_ademe_2023
93346,G,D,maison,1947,111.2,404.0,2023-09-13,11,simule_distributions_ademe_2023
93177,D,G,maison,1968,38.1,271.0,2023-09-13,11,simule_distributions_ademe_2023
95223,G,E,maison,1930,34.9,394.0,2023-09-13,11,simule_distributions_ademe_2023
77001,G,D,appartement,1949,72.3,564.0,2023-09-14,11,simule_distributions_ademe_2023
78247,C,F,maison,2010,80.4,306.0,2023-09-14,11,simule_distributions_ademe_2023
91311,C,F,maison,2010,53.2,247.0,2023-09-14,11,simule_distributions_ademe_2023
95374,D,D,maison,1982,91.1,224.0,2023-09-14,11,simule_distributions_ademe_2023
78287,E,C,appartement,1981,67.4,568.0,2023-09-15,11,simule_distributions_ademe_2023
78365,C,C,appartement,1992,78.1,192.0,2023-09-15,11,simule_distributions_ademe_2023
93047,C,F,maison,1999,82.2,278.0,2023-09-15,11,simule_distributions_ademe_2023
94114,E,F,maison,1982,53.2,478.0,2023-09-15,11,simule_distributions_ademe_2023
78370,F,E,maison,1969,115.8,460.0,2023-09-16,11,simule_distributions_ademe_2023
91249,E,F,maison,1982,62.4,649.0,2023-09-16,11,simule_distributions_ademe_2023
78065,A,D,appartement,1993,19.8,65.0,2023-09-16,11,simule_distributions_ademe_2023
77161,D,D,maison,1986,49.9,156.0,2023-09-16,11,simule_distributions_ademe_2023
77218,F,C,maison,1969,183.9,425.0,2023-09-17,11,simule_distributions_ademe_2023
94373,E,A,appartement,1983,44.2,510.0,2023-09-17,11,simule_distributions_ademe_2023
91310,D,D,maison,1990,78.6,187.0,2023-09-17,11,simule_distributions_ademe_2023
91213,D,E,maison,1987,114.2,248.0,2023-09-18,11,simule_distributions_ademe_2023
75089,E,D,appartement,1990,44.4,436.0,2023-09-18,11,simule_distributions_ademe_2023
78191,C,F,appartement,1990,45.7,174.0,2023-09-18,11,simule_distributions_ademe_2023
91259,E,E,appartement,1984,72.3,697.0,2023-09-18,11,simule_distributions_ademe_2023
75122,D,G,maison,1985,49.6,326.0,2023-09-19,11,simule_distributions_ademe_2023
78272,D,E,maison,1973,50.4,298.0,2023-09-19,11,simule_distributions_ademe_2023
91041,D,E,maison,1985,37.8,307.0,2023-09-19,11,simule_distributions_ademe_2023
77092,C,A,appartement,1987,32.4,157.0,2023-09-19,11,simule_distributions_ademe_2023
92151,G,C,appartement,1927,139.7,439.0,2023-09-20,11,simule_distributions_ademe_2023
92285,B,E,immeuble,1990,77.9,135.0,2023-09-20,11,simule_distributions_ademe_2023
95046,C,E,appartement,2004,45.0,279.0,2023-09-20,11,simule_distributions_ademe_2023
95172,G,D,maison,1929,133.0,354.0,2023-09-20,11,simule_distributions_ademe_2023
92301,D,G,appartement,1970,121.2,309.0,2023-09-21,11,simule_distributions_ademe_2023
94085,C,B,maison,2014,38.1,261.0,2023-09-21,11,simule_distributions_ademe_2023
94366,D,E,maison,1989,56.8,281.0,2023-09-21,11,simule_distributions_ademe_2023
91252,C,F,maison,2006,44.7,232.0,2023-09-21,11,simule_distributions_ademe_2023
92341,E,A,appartement,1990,111.2,478.0,2023-09-22,11,simule_distributions_ademe_2023
93289,E,D,maison,1968,24.3,565.0,2023-09-22,11,simule_distributions_ademe_2023
95346,A,F,maison,2005,46.6,144.0,2023-09-22,11,simule_distributions_ademe_2023
93012,D,E,appartement,1993,40.8,235.0,2023-09-22,11,simule_distributions_ademe_2023
78203,D,G,maison,1969,70.2,286.0,2023-09-23,11,simule_distributions_ademe_2023
78181,D,D,immeuble,1985,101.1,217.0,2023-09-23,11,simule_distributions_ademe_2023
92152,C,E,maison,1993,59.6,216.0,2023-09-23,11,simule_distributions_ademe_2023
77032,E,F,maison,1986,166.0,658.0,2023-09-23,11,simule_distributions_ademe_2023
92089,G,B,appartement,1923,32.7,599.0,2023-09-24,11,simule_distributions_ademe_2023
77302,E,G,maison,1994,24.1,645.0,2023-09-24,11,simule_distributions_ademe_2023
91242,E,A,appartement,1987,40.0,606.0,2023-09-24,11,simule_distributions_ademe_2023
78179,C,C,appartement,2019,70.8,177.0,2023-09-24,11,simule_distributions_ademe_2023
91175,C,C,maison,1990,143.7,232.0,2023-09-25,11,simule_distributions_ademe_2023
94295,C,F,maison,1993,85.1,216.0,2023-09-25,11,simule_distributions_ademe_2023
92265,F,C,appartement,1930,30.5,588.0,2023-09-25,11,simule_distributions_ademe_2023
93047,E,D,appartement,1973,34.9,476.0,2023-09-25,11,simule_distributions_ademe_2023
91155,G,F,maison,1927,35.5,542.0,2023-09-26,11,simule_distributions_ademe_2023
77076,E,C,appartement,1978,44.2,666.0,2023-09-26,11,simule_distributions_ademe_2023
77323,G,G,maison,1960,96.0,520.0,2023-09-26,11,simule_distributions_ademe_2023
92045,D,D,maison,1965,49.6,300.0,2023-09-26,11,simule_distributions_ademe_2023
77323,E,G,appartement,1987,41.0,361.0,2023-09-27,11,simule_distributions_ademe_2023
75085,F,D,appartement,1951,24.4,443.0,2023-09-27,11,simule_distributions_ademe_2023
91148,G,B,appartement,1973,65.4,477.0,2023-09-27,11,simule_distributions_ademe_2023
95197,F,E,appartement,1926,95.5,675.0,2023-09-27,11,simule_distributions_ademe_2023
92233,D,B,appartement,1966,18.0,235.0,2023-09-28,11,simule_distributions_ademe_2023
92037,D,E,maison,1992,62.3,219.0,2023-09-28,11,simule_distributions_ademe_2023
92061,E,F,appartement,1984,107.9,448.0,2023-09-28,11,simule_distributions_ademe_2023
92286,F,E,maison,1959,68.8,336.0,2023-09-29,11,simule_distributions_ademe_2023
75010,D,A,appartement,1981,107.8,310.0,2023-09-29,11,simule_distributions_ademe_2023
91120,C,C,appartement,2005,86.7,186.0,2023-09-29,11,simule_distributions_ademe_2023
95117,G,E,maison,1945,53.3,568.0,2023-09-29,11,simule_distributions_ademe_2023
92113,E,C,maison,1970,186.7,652.0,2023-09-30,11,simule_distributions_ademe_2023
95196,E,E,appartement,1975,47.8,486.0,2023-09-30,11,simule_distributions_ademe_2023
93170,F,F,appartement,1955,65.3,447.0,2023-09-30,11,simule_distributions_ademe_2023
92106,E,E,appartement,1977,23.3,582.0,2023-09-30,11,simule_distributions_ademe_2023
75049,D,C,maison,1992,103.5,181.0,2023-10-01,11,simule_distributions_ademe_2023
92224,D,F,appartement,1976,39.6,220.0,2023-10-01,11,simule_distributions_ademe_2023
94228,C,E,appartement,2008,63.2,230.0,2023-10-01,11,simule_distributions_ademe_2023
75134,E,D,appartement,1990,71.0,643.0,2023-10-01,11,simule_distributions_ademe_2023
75121,D,F,maison,1966,38.2,221.0,2023-10-02,11,simule_distributions_ademe_2023
95364,D,E,appartement,1974,68.1,292.0,2023-10-02,11,simule_distributions_ademe_2023
91204,A,E,maison,2005,50.2,56.0,2023-10-02,11,simule_distributions_ademe_2023
77396,C,F,maison,2019,117.1,253.0,2023-10-02,11,simule_distributions_ademe_2023
94234,F,C,immeuble,1950,38.8,349.0,2023-10-03,11,simule_distributions_ademe_2023
75017,D,G,appartement,1976,45.0,290.0,2023-10-03,11,simule_distributions_ademe_2023
93361,D,B,appartement,1984,102.3,278.0,2023-10-03,11,simule_distributions_ademe_2023
78096,C,C,maison,1993,98.1,253.0,2023-10-03,11,simule_distributions_ademe_2023
94078,E,E,maison,1989,35.9,565.0,2023-10-04,11,simule_distributions_ademe_2023
95197,C,B,appartement,2004,63.9,206.0,2023-10-04,11,simule_distributions_ademe_2023
92254,D,D,maison,1966,71.6,255.0,2023-10-04,11,simule_distributions_ademe_2023
91033,G,C,maison,1936,51.2,688.0,2023-10-04,11,simule_distributions_ademe_2023
95087,A,A,maison,2001,95.5,72.0,2023-10-05,11,simule_distributions_ademe_2023
78352,B,E,appartement,2016,55.6,69.0,2023-10-05,11,simule_distributions_ademe_2023
91256,F,D,maison,1923,38.4,460.0,2023-10-05,11,simule_distributions_ademe_2023
92107,D,D,maison,1969,112.6,154.0,2023-10-05,11,simule_distributions_ademe_2023
77381,E,C,appartement,1980,49.0,533.0,2023-10-06,11,simule_distributions_ademe_2023
78310,D,G,maison,1986,128.6,214.0,2023-10-06,11,simule_distributions_ademe_2023
93122,E,C,appartement,1972,83.1,573.0,2023-10-06,11,simule_distributions_ademe_2023
92127,D,D,appartement,1988,33.0,230.0,2023-10-06,11,simule_distributions_ademe_2023
78211,G,F,appartement,1946,109.1,515.0,2023-10-07,11,simule_distributions_ademe_2023
92077,E,F,maison,1983,60.3,690.0,2023-10-07,11,simule_distributions_ademe_2023
91216,D,F,appartement,1969,40.4,249.0,2023-10-07,11,simule_distributions_ademe_2023
78267,C,G,appartement,2003,190.8,273.0,2023-10-07,11,simule_distributions_ademe_2023
77314,F,C,immeuble,1927,39.0,360.0,2023-10-08,11,simule_distributions_ademe_2023
92257,F,A,maison,1925,98.7,609.0,2023-10-08,11,simule_distributions_ademe_2023
93091,D,F,appartement,1979,38.9,321.0,2023-10-08,11,simule_distributions_ademe_2023
75053,G,D,immeuble,1951,107.2,449.0,2023-10-08,11,simule_distributions_ademe_2023
91333,B,D,appartement,2018,138.0,131.0,2023-10-09,11,simule_distributions_ademe_2023
94297,G,C,maison,1945,166.4,446.0,2023-10-09,11,simule_distributions_ademe_2023
91115,D,G,appartement,1991,92.9,234.0,2023-10-09,11,simule_distributions_ademe_2023
75109,D,C,maison,1987,48.1,236.0,2023-10-10,11,simule_distributions_ademe_2023
93329,A,F,appartement,2001,26.0,101.0,2023-10-10,11,simule_distributions_ademe_2023
78270,F,C,maison,1969,42.6,475.0,2023-10-10,11,simule_distributions_ademe_2023
75136,F,G,immeuble,1933,89.8,632.0,2023-10-10,11,simule_distributions_ademe_2023
95045,D,E,appartement,1972,121.1,210.0,2023-10-11,11,simule_distributions_ademe_2023
78390,A,B,maison,2000,93.4,100.0,2023-10-11,11,simule_distributions_ademe_2023
78325,B,D,appartement,2003,37.1,73.0,2023-10-11,11,simule_distributions_ademe_2023
92052,D,E,maison,1979,63.3,203.0,2023-10-11,11,simule_distributions_ademe_2023
78032,C,C,immeuble,2007,310.2,156.0,2023-10-12,11,simule_distributions_ademe_2023
92348,F,C,appartement,1956,43.3,360.0,2023-10-12,11,simule_distributions_ademe_2023
92203,D,D,maison,1978,80.3,259.0,2023-10-12,11,simule_distributions_ademe_2023
95298,B,F,appartement,2018,65.5,120.0,2023-10-12,11,simule_distributions_ademe_2023
95345,A,E,maison,1999,141.6,118.0,2023-10-13,11,simule_distributions_ademe_2023
93353,E,E,maison,1980,76.9,564.0,2023-10-13,11,simule_distributions_ademe_2023
77086,D,F,maison,1980,71.0,327.0,2023-10-13,11,simule_distributions_ademe_2023
93076,D,F,appartement,1981,117.9,224.0,2023-10-13,11,simule_distributions_ademe_2023
78395,G,F,appartement,1957,28.5,519.0,2023-10-14,11,simule_distributions_ademe_2023
95080,C,D,maison,2012,59.9,286.0,2023-10-14,11,simule_distributions_ademe_2023
92130,D,D,appartement,1979,74.2,305.0,2023-10-14,11,simule_distributions_ademe_2023
77392,F,C,maison,1965,40.1,624.0,2023-10-14,11,simule_distributions_ademe_2023
94324,G,E,maison,1945,85.5,684.0,2023-10-15,11,simule_distributions_ademe_2023
93352,D,G,appartement,1980,132.7,295.0,2023-10-15,11,simule_distributions_ademe_2023
78270,F,G,maison,1971,115.1,594.0,2023-10-15,11,simule_distributions_ademe_2023
91115,D,C,appartement,1983,83.7,317.0,2023-10-15,11,simule_distributions_ademe_2023
91236,D,D,maison,1994,101.3,293.0,2023-10-16,11,simule_distributions_ademe_2023
78194,E,C,appartement,1979,30.5,508.0,2023-10-16,11,simule_distributions_ademe_2023
94024,F,D,maison,1951,122.8,609.0,2023-10-16,11,simule_distributions_ademe_2023
93071,B,F,maison,1986,50.4,81.0,2023-10-16,11,simule_distributions_ademe_2023
94314,C,D,appartement,1987,111.2,270.0,2023-10-17,11,simule_distributions_ademe_2023
93359,D,E,appartement,1980,91.7,280.0,2023-10-17,11,simule_distributions_ademe_2023
92013,F,D,appartement,1972,65.0,621.0,2023-10-17,11,simule_distributions_ademe_2023
94397,E,B,appartement,1978,34.6,692.0,2023-10-17,11,simule_distributions_ademe_2023
92020,D,D,appartement,1971,95.2,320.0,2023-10-18,11,simule_distributions_ademe_2023
92288,D,B,maison,1986,47.6,250.0,2023-10-18,11,simule_distributions_ademe_2023
95340,D,D,maison,1971,79.6,257.0,2023-10-18,11,simule_distributions_ademe_2023
92270,F,A,maison,1954,199.5,513.0,2023-10-18,11,simule_distributions_ademe_2023
91394,E,E,maison,1985,85.3,366.0,2023-10-19,11,simule_distributions_ademe_2023
91291,B,E,maison,1985,74.7,65.0,2023-10-19,11,simule_distributions_ademe_2023
95357,G,F,maison,1941,39.5,459.0,2023-10-19,11,simule_distributions_ademe_2023
91062,F,D,maison,1971,85.4,378.0,2023-10-19,11,simule_distributions_ademe_2023
95382,E,D,appartement,1989,93.5,396.0,2023-10-20,11,simule_distributions_ademe_2023
78193,E,F,immeuble,1967,36.8,620.0,2023-10-20,11,simule_distributions_ademe_2023
77276,C,G,appartement,1989,56.0,239.0,2023-10-20,11,simule_distributions_ademe_2023
77288,D,E,maison,1971,24.7,221.0,2023-10-21,11,simule_distributions_ademe_2023
78149,F,E,maison,1922,54.6,495.0,2023-10-21,11,simule_distributions_ademe_2023
78143,C,B,appartement,2004,43.2,189.0,2023-10-21,11,simule_distributions_ademe_2023
95180,D,F,appartement,1983,100.7,328.0,2023-10-21,11,simule_distributions_ademe_2023
91191,E,E,maison,1988,64.8,577.0,2023-10-22,11,simule_distributions_ademe_2023
77042,C,C,maison,2009,56.5,175.0,2023-10-22,11,simule_distributions_ademe_2023
78170,E,E,maison,1987,112.6,394.0,2023-10-22,11,simule_distributions_ademe_2023
93384,G,F,appartement,1959,58.7,611.0,2023-10-22,11,simule_distributions_ademe_2023
94398,D,C,appartement,1972,60.9,310.0,2023-10-23,11,simule_distributions_ademe_2023
92203,D,E,maison,1979,90.7,211.0,2023-10-23,11,simule_distributions_ademe_2023
78274,F,E,maison,1959,91.2,438.0,2023-10-23,11,simule_distributions_ademe_2023
93121,A,E,maison,2001,112.4,63.0,2023-10-23,11,simule_distributions_ademe_2023
95194,D,F,appartement,1973,20.7,262.0,2023-10-24,11,simule_distributions_ademe_2023
93252,E,G,maison,1983,52.3,378.0,2023-10-24,11,simule_distributions_ademe_2023
95039,C,F,appartement,2010,73.9,297.0,2023-10-24,11,simule_distributions_ademe_2023
95242,B,B,maison,1988,26.6,109.0,2023-10-24,11,simule_distributions_ademe_2023
92276,C,G,maison,2019,33.0,167.0,2023-10-25,11,simule_distributions_ademe_2023
95092,C,F,maison,2012,54.0,175.0,2023-10-25,11,simule_distributions_ademe_2023
92349,D,A,appartement,1965,34.4,170.0,2023-10-25,11,simule_distributions_ademe_2023
77247,D,E,maison,1966,91.5,234.0,2023-10-25,11,simule_distributions_ademe_2023
77003,F,D,maison,1942,94.7,548.0,2023-10-26,11,simule_distributions_ademe_2023
78276,C,F,maison,2002,87.5,271.0,2023-10-26,11,simule_distributions_ademe_2023
92012,G,G,maison,1962,105.2,478.0,2023-10-26,11,simule_distributions_ademe_2023
75114,D,D,appartement,1966,67.9,301.0,2023-10-26,11,simule_distributions_ademe_2023
93117,D,E,appartement,1978,127.5,299.0,2023-10-27,11,simule_distributions_ademe_2023
92251,D,C,maison,1987,74.0,314.0,2023-10-27,11,simule_distributions_ademe_2023
77183,D,F,appartement,1982,39.4,185.0,2023-10-27,11,simule_distributions_ademe_2023
91152,E,D,appartement,1986,54.0,474.0,2023-10-27,11,simule_distributions_ademe_2023
95256,E,E,maison,1975,87.9,589.0,2023-10-28,11,simule_distributions_ademe_2023
91258,F,B,appartement,1948,136.6,691.0,2023-10-28,11,simule_distributions_ademe_2023
75114,E,F,maison,1990,34.8,432.0,2023-10-28,11,simule_distributions_ademe_2023
95176,F,E,maison,1949,99.4,515.0,2023-10-28,11,simule_distributions_ademe_2023
93320,D,C,immeuble,1971,70.0,185.0,2023-10-29,11,simule_distributions_ademe_2023
94126,F,F,maison,1949,29.5,501.0,2023-10-29,11,simule_distributions_ademe_2023
77154,E,E,appartement,1966,114.2,383.0,2023-10-29,11,simule_distributions_ademe_2023
92085,D,G,appartement,1976,33.0,202.0,2023-10-29,11,simule_distributions_ademe_2023
92309,C,F,immeuble,1986,50.0,198.0,2023-10-30,11,simule_distributions_ademe_2023
77271,C,A,maison,1985,45.9,328.0,2023-10-30,11,simule_distributions_ademe_2023
92228,F,D,maison,1940,122.4,562.0,2023-10-30,11,simule_distributions_ademe_2023
78188,E,E,appartement,1986,69.3,627.0,2023-10-30,11,simule_distributions_ademe_2023
77252,C,B,maison,1987,54.0,197.0,2023-10-31,11,simule_distributions_ademe_2023
94009,B,E,maison,1997,53.1,54.0,2023-10-31,11,simule_distributions_ademe_2023
78208,D,F,appartement,1971,74.8,306.0,2023-10-31,11,simule_distributions_ademe_2023
95207,E,E,appartement,1967,83.4,592.0,2023-11-01,11,simule_distributions_ademe_2023
77092,B,F,appartement,1986,37.9,136.0,2023-11-01,11,simule_distributions_ademe_2023
77320,E,B,maison,1978,86.6,684.0,2023-11-01,11,simule_distributions_ademe_2023
94015,D,G,immeuble,1970,73.9,289.0,2023-11-01,11,simule_distributions_ademe_2023
77242,B,G,maison,2013,66.1,68.0,2023-11-02,11,simule_distributions_ademe_2023
78252,E,D,immeuble,1967,81.8,520.0,2023-11-02,11,simule_distributions_ademe_2023
94182,E,C,appartement,1974,50.7,493.0,2023-11-02,11,simule_distributions_ademe_2023
92106,G,F,appartement,1950,106.7,511.0,2023-11-02,11,simule_distributions_ademe_2023
77045,D,G,appartement,1980,65.8,169.0,2023-11-03,11,simule_distributions_ademe_2023
91230,C,E,maison,1991,33.5,180.0,2023-11-03,11,simule_distributions_ademe_2023
94097,C,F,appartement,2005,98.9,289.0,2023-11-03,11,simule_distributions_ademe_2023
94115,D,F,appartement,1994,108.9,244.0,2023-11-03,11,simule_distributions_ademe_2023
91137,D,E,maison,1974,58.7,248.0,2023-11-04,11,simule_distributions_ademe_2023
93240,D,D,appartement,1982,123.8,306.0,2023-11-04,11,simule_distributions_ademe_2023
94360,E,G,appartement,1980,77.2,472.0,2023-11-04,11,simule_distributions_ademe_2023
78145,G,E,appartement,1929,27.7,509.0,2023-11-04,11,simule_distributions_ademe_2023
93230,C,G,appartement,2017,124.7,208.0,2023-11-05,11,simule_distributions_ademe_2023
94100,D,E,immeuble,1981,37.8,293.0,2023-11-05,11,simule_distributions_ademe_2023
94064,E,G,maison,1970,58.0,659.0,2023-11-05,11,simule_distributions_ademe_2023
77360,C,G,maison,2014,92.5,204.0,2023-11-05,11,simule_distributions_ademe_2023
94358,F,E,maison,1951,168.3,424.0,2023-11-06,11,simule_distributions_ademe_2023
75048,B,E,maison,2012,110.4,133.0,2023-11-06,11,simule_distributions_ademe_2023
92182,C,D,appartement,2007,52.7,325.0,2023-11-06,11,simule_distributions_ademe_2023
77237,E,F,appartement,1992,171.5,434.0,2023-11-06,11,simule_distributions_ademe_2023
95059,B,F,immeuble,1999,54.4,134.0,2023-11-07,11,simule_distributions_ademe_2023
77374,F,C,appartement,1965,40.0,690.0,2023-11-07,11,simule_distributions_ademe_2023
93083,F,E,maison,1970,30.7,594.0,2023-11-07,11,simule_distributions_ademe_2023
77006,E,C,maison,1984,181.1,534.0,2023-11-07,11,simule_distributions_ademe_2023
93110,D,G,appartement,1978,112.1,283.0,2023-11-08,11,simule_distributions_ademe_2023
78394,D,B,appartement,1972,54.1,237.0,2023-11-08,11,simule_distributions_ademe_2023
78077,C,F,maison,2016,60.0,257.0,2023-11-08,11,simule_distributions_ademe_2023
93063,B,F,maison,1993,39.9,144.0,2023-11-08,11,simule_distributions_ademe_2023
94245,C,F,maison,2007,54.0,303.0,2023-11-09,11,simule_distributions_ademe_2023
93234,E,A,maison,1967,55.2,357.0,2023-11-09,11,simule_distributions_ademe_2023
92040,E,E,maison,1984,95.5,400.0,2023-11-09,11,simule_distributions_ademe_2023
93353,C,E,maison,2010,66.3,292.0,2023-11-09,11,simule_distributions_ademe_2023
91394,D,D,appartement,1993,29.7,293.0,2023-11-10,11,simule_distributions_ademe_2023
77152,C,C,appartement,1993,92.0,177.0,2023-11-10,11,simule_distributions_ademe_2023
95151,D,E,maison,1975,49.3,159.0,2023-11-10,11,simule_distributions_ademe_2023
94089,E,D,appartement,1992,127.2,331.0,2023-11-10,11,simule_distributions_ademe_2023
78210,E,F,maison,1994,76.7,477.0,2023-11-11,11,simule_distributions_ademe_2023
93192,C,F,appartement,1985,80.6,263.0,2023-11-11,11,simule_distributions_ademe_2023
75086,G,F,maison,1967,41.6,510.0,2023-11-11,11,simule_distributions_ademe_2023
92288,E,G,appartement,1971,87.1,349.0,2023-11-12,11,simule_distributions_ademe_2023
94193,E,D,appartement,1986,132.0,622.0,2023-11-12,11,simule_distributions_ademe_2023
78170,F,F,maison,1934,78.7,655.0,2023-11-12,11,simule_distributions_ademe_2023
78234,E,E,appartement,1990,59.5,572.0,2023-11-12,11,simule_distributions_ademe_2023
78039,D,F,maison,1989,101.7,224.0,2023-11-13,11,simule_distributions_ademe_2023
75143,E,F,maison,1980,142.8,427.0,2023-11-13,11,simule_distributions_ademe_2023
75125,F,F,maison,1924,69.2,524.0,2023-11-13,11,simule_distributions_ademe_2023
95347,D,E,maison,1980,64.4,206.0,2023-11-13,11,simule_distributions_ademe_2023
78083,E,E,appartement,1980,39.0,340.0,2023-11-14,11,simule_distributions_ademe_2023
92274,C,F,appartement,2000,52.7,192.0,2023-11-14,11,simule_distributions_ademe_2023
91004,C,G,appartement,2005,72.7,209.0,2023-11-14,11,simule_distributions_ademe_2023
77062,C,G,appartement,1990,78.4,313.0,2023-11-14,11,simule_distributions_ademe_2023
78146,D,A,appartement,1972,48.2,327.0,2023-11-15,11,simule_distributions_ademe_2023
95327,F,G,immeuble,1945,52.6,436.0,2023-11-15,11,simule_distributions_ademe_2023
77391,E,A,appartement,1967,65.9,511.0,2023-11-15,11,simule_distributions_ademe_2023
93111,D,F,maison,1980,73.7,164.0,2023-11-15,11,simule_distributions_ademe_2023
91020,D,E,appartement,1965,100.3,181.0,2023-11-16,11,simule_distributions_ademe_2023
93319,C,D,appartement,2007,57.2,203.0,2023-11-16,11,simule_distributions_ademe_2023
77012,C,C,maison,1992,25.6,292.0,2023-11-16,11,simule_distributions_ademe_2023
94105,D,E,appartement,1993,84.6,293.0,2023-11-16,11,simule_distributions_ademe_2023
93399,D,F,appartement,1990,92.5,290.0,2023-11-17,11,simule_distributions_ademe_2023
77340,D,D,appartement,1971,137.8,228.0,2023-11-17,11,simule_distributions_ademe_2023
94032,D,B,appartement,1969,78.1,263.0,2023-11-17,11,simule_distributions_ademe_2023
93324,B,E,maison,1996,66.5,72.0,2023-11-17,11,simule_distributions_ademe_2023
78247,C,B,appartement,1988,42.0,315.0,2023-11-18,11,simule_distributions_ademe_2023
77259,C,F,appartement,1998,140.4,233.0,2023-11-18,11,simule_distributions_ademe_2023
94128,D,F,maison,1969,119.0,269.0,2023-11-18,11,simule_distributions_ademe_2023
93075,C,G,maison,1985,34.3,181.0,2023-11-18,11,simule_distributions_ademe_2023
92307,C,C,immeuble,2015,74.1,215.0,2023-11-19,11,simule_distributions_ademe_2023
93106,A,A,appartement,2001,76.2,77.0,2023-11-19,11,simule_distributions_ademe_2023
91074,F,E,maison,1922,36.3,659.0,2023-11-19,11,simule_distributions_ademe_2023
95269,G,E,maison,1964,41.6,589.0,2023-11-19,11,simule_distributions_ademe_2023
93176,E,B,maison,1971,97.2,630.0,2023-11-20,11,simule_distributions_ademe_2023
77226,C,D,appartement,2000,41.3,198.0,2023-11-20,11,simule_distributions_ademe_2023
75119,C,C,immeuble,2011,142.4,183.0,2023-11-20,11,simule_distributions_ademe_2023
78018,E,E,maison,1979,43.5,665.0,2023-11-20,11,simule_distributions_ademe_2023
78027,D,D,maison,1969,112.6,173.0,2023-11-21,11,simule_distributions_ademe_2023
95171,E,F,maison,1988,176.6,433.0,2023-11-21,11,simule_distributions_ademe_2023
77025,E,E,maison,1977,113.1,583.0,2023-11-21,11,simule_distributions_ademe_2023
75003,G,F,maison,1930,95.7,538.0,2023-11-21,11,simule_distributions_ademe_2023
77088,D,E,appartement,1989,60.5,152.0,2023-11-22,11,simule_distributions_ademe_2023
75055,D,E,maison,1976,78.5,281.0,2023-11-22,11,simule_distributions_ademe_2023
91020,G,C,appartement,1963,50.5,357.0,2023-11-22,11,simule_distributions_ademe_2023
93012,E,B,maison,1972,126.4,520.0,2023-11-23,11,simule_distributions_ademe_2023
93109,G,D,appartement,1921,54.4,344.0,2023-11-23,11,simule_distributions_ademe_2023
92197,D,D,appartement,1980,88.9,260.0,2023-11-23,11,simule_distributions_ademe_2023
77240,C,E,maison,2004,90.2,198.0,2023-11-23,11,simule_distributions_ademe_2023
93295,D,E,appartement,1973,33.5,170.0,2023-11-24,11,simule_distributions_ademe_2023
94021,D,E,appartement,1987,46.0,329.0,2023-11-24,11,simule_distributions_ademe_2023
94277,D,D,maison,1988,103.8,166.0,2023-11-24,11,simule_distributions_ademe_2023
94368,D,B,appartement,1993,63.0,159.0,2023-11-24,11,simule_distributions_ademe_2023
94373,E,D,maison,1989,90.5,526.0,2023-11-25,11,simule_distributions_ademe_2023
91104,D,F,appartement,1982,81.6,273.0,2023-11-25,11,simule_distributions_ademe_2023
91080,D,F,maison,1965,165.7,311.0,2023-11-25,11,simule_distributions_ademe_2023
77346,E,D,maison,1969,109.5,428.0,2023-11-25,11,simule_distributions_ademe_2023
77340,A,E,appartement,2013,51.9,81.0,2023-11-26,11,simule_distributions_ademe_2023
78224,C,F,appartement,1992,42.5,286.0,2023-11-26,11,simule_distributions_ademe_2023
93019,C,D,maison,2016,30.5,154.0,2023-11-26,11,simule_distributions_ademe_2023
75017,E,C,appartement,1983,72.7,687.0,2023-11-26,11,simule_distributions_ademe_2023
93059,C,G,maison,1990,49.4,276.0,2023-11-27,11,simule_distributions_ademe_2023
77112,F,F,appartement,1920,64.0,532.0,2023-11-27,11,simule_distributions_ademe_2023
92262,C,C,immeuble,1993,64.7,255.0,2023-11-27,11,simule_distributions_ademe_2023
75075,D,C,maison,1972,74.7,320.0,2023-11-27,11,simule_distributions_ademe_2023
75015,B,G,appartement,2008,43.5,90.0,2023-11-28,11,simule_distributions_ademe_2023
92289,G,G,appartement,1948,85.4,377.0,2023-11-28,11,simule_distributions_ademe_2023
92382,A,A,appartement,1999,37.0,69.0,2023-11-28,11,simule_distributions_ademe_2023
93005,E,G,maison,1993,146.7,663.0,2023-11-28,11,simule_distributions_ademe_2023
77324,F,E,appartement,1938,56.8,526.0,2023-11-29,11,simule_distributions_ademe_2023
91280,D,D,appartement,1978,86.3,285.0,2023-11-29,11,simule_distributions_ademe_2023
78321,E,E,maison,1965,114.6,501.0,2023-11-29,11,simule_distributions_ademe_2023
93116,D,F,maison,1993,71.2,157.0,2023-11-29,11,simule_distributions_ademe_2023
92260,D,D,appartement,1978,51.8,255.0,2023-11-30,11,simule_distributions_ademe_2023
75050,C,E,maison,1995,51.9,247.0,2023-11-30,11,simule_distributions_ademe_2023
95055,F,G,maison,1939,40.5,333.0,2023-11-30,11,simule_distributions_ademe_2023
77242,G,G,appartement,1963,110.0,638.0,2023-11-30,11,simule_distributions_ademe_2023
78234,C,F,appartement,2008,119.0,324.0,2023-12-01,11,simule_distributions_ademe_2023
92347,G,D,appartement,1923,27.8,507.0,2023-12-01,11,simule_distributions_ademe_2023
92297,E,C,immeuble,1978,85.5,644.0,2023-12-01,11,simule_distributions_ademe_2023
77263,F,E,appartement,1943,269.7,451.0,2023-12-01,11,simule_distributions_ademe_2023
77169,D,C,appartement,1994,101.2,328.0,2023-12-02,11,simule_distributions_ademe_2023
91026,C,D,immeuble,1990,117.0,247.0,2023-12-02,11,simule_distributions_ademe_2023
91370,D,E,maison,1984,80.9,196.0,2023-12-02,11,simule_distributions_ademe_2023
78220,E,F,appartement,1985,72.2,473.0,2023-12-02,11,simule_distributions_ademe_2023
94121,D,B,appartement,1994,30.7,323.0,2023-12-03,11,simule_distributions_ademe_2023
93158,E,D,maison,1981,68.1,460.0,2023-12-03,11,simule_distributions_ademe_2023
75019,E,A,appartement,1967,49.0,434.0,2023-12-03,11,simule_distributions_ademe_2023
95247,D,C,maison,1988,79.7,288.0,2023-12-04,11,simule_distributions_ademe_2023
91321,D,D,maison,1972,80.4,203.0,2023-12-04,11,simule_distributions_ademe_2023
91240,G,E,appartement,1949,38.5,490.0,2023-12-04,11,simule_distributions_ademe_2023
92035,F,E,maison,1969,54.5,420.0,2023-12-04,11,simule_distributions_ademe_2023
78130,A,F,appartement,2009,49.1,69.0,2023-12-05,11,simule_distributions_ademe_2023
93100,F,E,appartement,1938,55.0,418.0,2023-12-05,11,simule_distributions_ademe_2023
92123,A,D,maison,1993,161.2,97.0,2023-12-05,11,simule_distributions_ademe_2023
94026,C,D,appartement,2004,53.4,281.0,2023-12-05,11,simule_distributions_ademe_2023
75076,C,E,appartement,1988,89.2,231.0,2023-12-06,11,simule_distributions_ademe_2023
78152,F,G,maison,1965,120.2,349.0,2023-12-06,11,simule_distributions_ademe_2023
94260,E,F,maison,1967,50.3,512.0,2023-12-06,11,simule_distributions_ademe_2023
94013,F,E,maison,1958,102.2,607.0,2023-12-06,11,simule_distributions_ademe_2023
77207,G,F,appartement,1967,171.6,474.0,2023-12-07,11,simule_distributions_ademe_2023
91394,D,C,appartement,1971,51.4,212.0,2023-12-07,11,simule_distributions_ademe_2023
78323,D,D,maison,1966,33.5,277.0,2023-12-07,11,simule_distributions_ademe_2023
95098,D,E,maison,1988,83.4,212.0,2023-12-07,11,simule_distributions_ademe_2023
92275,D,D,appartement,1985,43.6,290.0,2023-12-08,11,simule_distributions_ademe_2023
77284,B,D,appartement,2006,147.1,135.0,2023-12-08,11,simule_distributions_ademe_2023
78062,E,F,maison,1976,97.8,482.0,2023-12-08,11,simule_distributions_ademe_2023
93140,C,D,appartement,1998,36.3,242.0,2023-12-08,11,simule_distributions_ademe_2023
92233,D,F,maison,1977,164.6,238.0,2023-12-09,11,simule_distributions_ademe_2023
93382,F,E,maison,1953,45.9,364.0,2023-12-09,11,simule_distributions_ademe_2023
92377,D,E,appartement,1969,66.9,164.0,2023-12-09,11,simule_distributions_ademe_2023
93040,G,C,appartement,1940,89.7,690.0,2023-12-09,11,simule_distributions_ademe_2023
94060,D,F,maison,1970,155.7,269.0,2023-12-10,11,simule_distributions_ademe_2023
93297,E,E,appartement,1988,169.9,482.0,2023-12-10,11,simule_distributions_ademe_2023
91111,D,E,appartement,1981,44.0,206.0,2023-12-10,11,simule_distributions_ademe_2023
91137,B,D,appartement,2000,55.4,100.0,2023-12-10,11,simule_distributions_ademe_2023
91376,E,F,appartement,1992,90.7,363.0,2023-12-11,11,simule_distributions_ademe_2023
93322,D,D,appartement,1992,23.5,195.0,2023-12-11,11,simule_distributions_ademe_2023
94154,E,G,maison,1986,102.7,464.0,2023-12-11,11,simule_distributions_ademe_2023
92171,F,C,maison,1972,75.6,367.0,2023-12-11,11,simule_distributions_ademe_2023
92169,C,B,maison,2014,37.4,223.0,2023-12-12,11,simule_distributions_ademe_2023
77165,C,F,maison,2002,62.2,322.0,2023-12-12,11,simule_distributions_ademe_2023
75115,F,G,maison,1928,92.4,508.0,2023-12-12,11,simule_distributions_ademe_2023
92239,D,G,maison,1980,42.3,208.0,2023-12-12,11,simule_distributions_ademe_2023
92218,E,D,maison,1983,75.3,392.0,2023-12-13,11,simule_distributions_ademe_2023
91124,C,E,maison,2008,79.6,244.0,2023-12-13,11,simule_distributions_ademe_2023
94059,D,D,maison,1983,55.5,180.0,2023-12-13,11,simule_distributions_ademe_2023
91342,E,D,maison,1972,62.2,413.0,2023-12-13,11,simule_distributions_ademe_2023
92172,D,E,maison,1966,64.7,303.0,2023-12-14,11,simule_distributions_ademe_2023
78047,E,F,appartement,1993,60.0,392.0,2023-12-14,11,simule_distributions_ademe_2023
92213,E,D,appartement,1982,22.7,621.0,2023-12-14,11,simule_distributions_ademe_2023
75083,E,G,appartement,1972,73.4,415.0,2023-12-15,11,simule_distributions_ademe_2023
94146,C,E,maison,2011,130.4,283.0,2023-12-15,11,simule_distributions_ademe_2023
78252,C,D,appartement,1995,45.2,268.0,2023-12-15,11,simule_distributions_ademe_2023
95025,B,C,appartement,1995,61.1,137.0,2023-12-15,11,simule_distributions_ademe_2023
78261,D,F,maison,1986,43.2,202.0,2023-12-16,11,simule_distributions_ademe_2023
77353,F,E,maison,1962,110.4,471.0,2023-12-16,11,simule_distributions_ademe_2023
78320,D,D,maison,1966,76.3,159.0,2023-12-16,11,simule_distributions_ademe_2023
93345,D,G,appartement,1984,131.7,317.0,2023-12-16,11,simule_distributions_ademe_2023
94301,A,A,appartement,1986,95.1,75.0,2023-12-17,11,simule_distributions_ademe_2023
91297,B,G,appartement,2008,146.8,125.0,2023-12-17,11,simule_distributions_ademe_2023
93166,E,F,maison,1974,43.9,460.0,2023-12-17,11,simule_distributions_ademe_2023
94233,C,E,maison,2016,23.7,316.0,2023-12-17,11,simule_distributions_ademe_2023
77249,G,D,appartement,1962,65.1,436.0,2023-12-18,11,simule_distributions_ademe_2023
91185,A,G,appartement,2016,68.4,116.0,2023-12-18,11,simule_distributions_ademe_2023
91238,G,D,appartement,1942,53.9,347.0,2023-12-18,11,simule_distributions_ademe_2023
95368,F,D,maison,1971,103.3,633.0,2023-12-18,11,simule_distributions_ademe_2023
93122,D,C,maison,1990,54.2,170.0,2023-12-19,11,simule_distributions_ademe_2023
78202,F,D,maison,1959,67.1,497.0,2023-12-19,11,simule_distributions_ademe_2023
91017,C,F,appartement,2016,56.7,280.0,2023-12-19,11,simule_distributions_ademe_2023
91208,C,G,maison,1989,44.2,180.0,2023-12-19,11,simule_distributions_ademe_2023
93370,E,B,maison,1971,20.2,674.0,2023-12-20,11,simule_distributions_ademe_2023
91076,E,F,maison,1982,84.1,519.0,2023-12-20,11,simule_distributions_ademe_2023
78075,D,F,appartement,1981,33.6,298.0,2023-12-20,11,simule_distributions_ademe_2023
94171,F,C,maison,1940,38.6,410.0,2023-12-20,11,simule_distributions_ademe_2023
93003,E,E,appartement,1976,43.3,534.0,2023-12-21,11,simule_distributions_ademe_2023
75122,E,G,appartement,1987,32.3,566.0,2023-12-21,11,simule_distributions_ademe_2023
94325,D,E,maison,1966,80.9,195.0,2023-12-21,11,simule_distributions_ademe_2023
95281,C,C,maison,2016,89.6,228.0,2023-12-21,11,simule_distributions_ademe_2023
93037,G,D,appartement,1920,118.9,379.0,2023-12-22,11,simule_distributions_ademe_2023
91298,D,E,maison,1992,93.2,317.0,2023-12-22,11,simule_distributions_ademe_2023
91248,E,E,maison,1990,37.0,429.0,2023-12-22,11,simule_distributions_ademe_2023
93378,E,D,appartement,1970,85.4,373.0,2023-12-22,11,simule_distributions_ademe_2023
77103,D,D,maison,1985,74.1,211.0,2023-12-23,11,simule_distributions_ademe_2023
77389,E,A,appartement,1989,41.0,427.0,2023-12-23,11,simule_distributions_ademe_2023
78052,D,E,appartement,1985,113.8,258.0,2023-12-23,11,simule_distributions_ademe_2023
95310,D,E,appartement,1984,76.1,215.0,2023-12-23,11,simule_distributions_ademe_2023
93011,E,F,maison,1991,68.3,336.0,2023-12-24,11,simule_distributions_ademe_2023
91209,D,E,appartement,1974,66.3,251.0,2023-12-24,11,simule_distributions_ademe_2023
78250,E,C,maison,1970,52.2,406.0,2023-12-24,11,simule_distributions_ademe_2023
95398,D,F,maison,1965,69.8,292.0,2023-12-24,11,simule_distributions_ademe_2023
92348,G,F,maison,1935,78.0,605.0,2023-12-25,11,simule_distributions_ademe_2023
77201,C,D,maison,1988,63.2,259.0,2023-12-25,11,simule_distributions_ademe_2023
77106,E,D,appartement,1994,24.9,430.0,2023-12-25,11,simule_distributions_ademe_2023
95044,G,F,maison,1972,57.7,689.0,2023-12-26,11,simule_distributions_ademe_2023
78333,C,F,maison,2015,52.0,156.0,2023-12-26,11,simule_distributions_ademe_2023
95337,D,B,appartement,1979,104.5,221.0,2023-12-26,11,simule_distributions_ademe_2023
92227,E,F,maison,1983,29.5,539.0,2023-12-26,11,simule_distributions_ademe_2023
94119,F,D,appartement,1950,82.9,562.0,2023-12-27,11,simule_distributions_ademe_2023
95103,C,F,maison,1988,186.7,239.0,2023-12-27,11,simule_distributions_ademe_2023
92068,E,C,appartement,1967,39.8,682.0,2023-12-27,11,simule_distributions_ademe_2023
91322,B,D,appartement,2006,134.7,61.0,2023-12-27,11,simule_distributions_ademe_2023
95003,B,A,immeuble,1993,109.4,140.0,2023-12-28,11,simule_distributions_ademe_2023
78178,E,F,appartement,1971,122.2,634.0,2023-12-28,11,simule_distributions_ademe_2023
78280,D,D,appartement,1985,101.5,280.0,2023-12-28,11,simule_distributions_ademe_2023
92312,C,E,appartement,2019,66.4,322.0,2023-12-28,11,simule_distributions_ademe_2023
95046,D,E,maison,1967,92.3,260.0,2023-12-29,11,simule_distributions_ademe_2023
93369,B,C,appartement,2004,48.0,69.0,2023-12-29,11,simule_distributions_ademe_2023
95243,A,D,appartement,2013,94.7,134.0,2023-12-29,11,simule_distributions_ademe_2023
78070,E,G,maison,1994,99.3,457.0,2023-12-29,11,simule_distributions_ademe_2023
91035,D,E,appartement,1989,75.2,313.0,2023-12-30,11,simule_distributions_ademe_2023
92233,F,F,maison,1973,61.6,483.0,2023-12-30,11,simule_distributions_ademe_2023
95037,C,B,appartement,2017,94.1,300.0,2023-12-30,11,simule_distributions_ademe_2023
94204,C,E,immeuble,1997,41.9,207.0,2023-12-30,11,simule_distributions_ademe_2023
91198,E,E,appartement,1967,63.4,641.0,2023-12-31,11,simule_distributions_ademe_2023
95245,C,E,appartement,2017,60.2,276.0,2023-12-31,11,simule_distributions_ademe_2023
93087,A,F,maison,1997,34.2,102.0,2023-12-31,11,simule_distributions_ademe_2023
93037,E,C,appartement,1966,27.1,565.0,2023-12-31,11,simule_distributions_ademe_2023
92156,C,F,immeuble,1997,72.0,221.0,2024-01-01,11,simule_distributions_ademe_2023
77044,D,F,appartement,1973,41.9,181.0,2024-01-01,11,simule_distributions_ademe_2023
78258,D,F,appartement,1965,148.8,266.0,2024-01-01,11,simule_distributions_ademe_2023
92133,D,F,maison,1993,66.9,254.0,2024-01-01,11,simule_distributions_ademe_2023
92002,C,E,maison,1988,74.4,248.0,2024-01-02,11,simule_distributions_ademe_2023
78110,E,D,maison,1966,34.6,451.0,2024-01-02,11,simule_distributions_ademe_2023
77280,E,F,appartement,1975,50.3,412.0,2024-01-02,11,simule_distributions_ademe_2023
91106,D,F,maison,1991,54.8,216.0,2024-01-02,11,simule_distributions_ademe_2023
91378,C,E,appartement,1989,58.8,320.0,2024-01-03,11,simule_distributions_ademe_2023
78331,B,F,maison,1999,80.2,100.0,2024-01-03,11,simule_distributions_ademe_2023
94352,E,F,maison,1985,44.9,555.0,2024-01-03,11,simule_distributions_ademe_2023
94364,D,F,maison,1970,72.7,225.0,2024-01-03,11,simule_distributions_ademe_2023
91156,F,G,maison,1953,67.4,456.0,2024-01-04,11,simule_distributions_ademe_2023
78241,C,F,maison,2019,57.0,289.0,2024-01-04,11,simule_distributions_ademe_2023
95038,F,D,maison,1972,41.5,475.0,2024-01-04,11,simule_distributions_ademe_2023
78394,F,F,appartement,1937,107.4,567.0,2024-01-04,11,simule_distributions_ademe_2023
92330,C,E,appartement,2012,52.6,201.0,2024-01-05,11,simule_distributions_ademe_2023
78302,D,G,maison,1984,23.2,189.0,2024-01-05,11,simule_distributions_ademe_2023
92053,A,C,maison,1986,30.2,101.0,2024-01-05,11,simule_distributions_ademe_2023
95024,B,E,appartement,2016,47.2,99.0,2024-01-06,11,simule_distributions_ademe_2023
91370,D,E,maison,1971,69.2,314.0,2024-01-06,11,simule_distributions_ademe_2023
93369,G,E,maison,1927,110.6,674.0,2024-01-06,11,simule_distributions_ademe_2023
78206,E,F,maison,1974,27.0,529.0,2024-01-06,11,simule_distributions_ademe_2023
93216,D,G,appartement,1975,87.6,281.0,2024-01-07,11,simule_distributions_ademe_2023
95221,D,D,appartement,1986,72.1,262.0,2024-01-07,11,simule_distributions_ademe_2023
77271,C,E,appartement,2010,73.9,201.0,2024-01-07,11,simule_distributions_ademe_2023
91143,F,E,maison,1973,104.1,644.0,2024-01-07,11,simule_distributions_ademe_2023
77032,D,F,appartement,1983,58.7,264.0,2024-01-08,11,simule_distributions_ademe_2023
78396,C,E,maison,2007,53.4,182.0,2024-01-08,11,simule_distributions_ademe_2023
95244,D,E,maison,1973,72.0,158.0,2024-01-08,11,simule_distributions_ademe_2023
91144,B,G,maison,1986,51.6,125.0,2024-01-08,11,simule_distributions_ademe_2023
77108,E,G,appartement,1976,40.1,471.0,2024-01-09,11,simule_distributions_ademe_2023
94346,C,E,maison,1987,34.6,222.0,2024-01-09,11,simule_distributions_ademe_2023
95212,C,E,maison,1989,102.6,310.0,2024-01-09,11,simule_distributions_ademe_2023
78117,G,C,appartement,1937,48.8,685.0,2024-01-09,11,simule_distributions_ademe_2023
94159,B,E,maison,1992,68.3,111.0,2024-01-10,11,simule_distributions_ademe_2023
77006,D,E,maison,1973,112.9,231.0,2024-01-10,11,simule_distributions_ademe_2023
91132,E,E,maison,1978,132.0,455.0,2024-01-10,11,simule_distributions_ademe_2023
92172,E,B,appartement,1973,66.0,616.0,2024-01-10,11,simule_distributions_ademe_2023
91042,D,F,appartement,1989,159.2,167.0,2024-01-11,11,simule_distributions_ademe_2023
93271,E,G,appartement,1992,70.7,592.0,2024-01-11,11,simule_distributions_ademe_2023
95049,G,E,appartement,1937,74.1,417.0,2024-01-11,11,simule_distributions_ademe_2023
92022,E,E,maison,1966,80.0,503.0,2024-01-11,11,simule_distributions_ademe_2023
91181,F,D,maison,1965,55.4,402.0,2024-01-12,11,simule_distributions_ademe_2023
95137,F,C,maison,1958,23.0,498.0,2024-01-12,11,simule_distributions_ademe_2023
78359,F,F,appartement,1944,36.0,440.0,2024-01-12,11,simule_distributions_ademe_2023
92173,C,E,appartement,1993,64.1,308.0,2024-01-12,11,simule_distributions_ademe_2023
93183,C,A,appartement,1987,47.2,181.0,2024-01-13,11,simule_distributions_ademe_2023
78063,C,D,maison,2017,51.8,213.0,2024-01-13,11,simule_distributions_ademe_2023
92172,D,C,maison,1984,63.9,195.0,2024-01-13,11,simule_distributions_ademe_2023
78116,F,D,maison,1948,76.6,506.0,2024-01-13,11,simule_distributions_ademe_2023
91296,E,F,maison,1987,66.0,478.0,2024-01-14,11,simule_distributions_ademe_2023
91199,D,F,maison,1969,60.2,180.0,2024-01-14,11,simule_distributions_ademe_2023
95262,D,G,maison,1984,75.3,194.0,2024-01-14,11,simule_distributions_ademe_2023
78374,D,E,maison,1965,62.0,175.0,2024-01-14,11,simule_distributions_ademe_2023
75059,F,C,maison,1944,64.3,401.0,2024-01-15,11,simule_distributions_ademe_2023
93297,C,D,appartement,2001,98.9,284.0,2024-01-15,11,simule_distributions_ademe_2023
75131,F,G,maison,1948,68.1,452.0,2024-01-15,11,simule_distributions_ademe_2023
94213,D,E,maison,1989,63.4,266.0,2024-01-15,11,simule_distributions_ademe_2023
92212,E,E,maison,1983,69.2,622.0,2024-01-16,11,simule_distributions_ademe_2023
77237,E,C,maison,1965,35.9,446.0,2024-01-16,11,simule_distributions_ademe_2023
95345,D,F,maison,1978,29.0,308.0,2024-01-16,11,simule_distributions_ademe_2023
94224,D,F,immeuble,1969,81.8,218.0,2024-01-17,11,simule_distributions_ademe_2023
95209,D,D,immeuble,1977,49.9,231.0,2024-01-17,11,simule_distributions_ademe_2023
94342,D,D,maison,1994,31.6,289.0,2024-01-17,11,simule_distributions_ademe_2023
95210,C,F,appartement,2010,75.6,178.0,2024-01-17,11,simule_distributions_ademe_2023
92074,E,G,appartement,1971,35.0,522.0,2024-01-18,11,simule_distributions_ademe_2023
78076,E,D,appartement,1989,47.9,692.0,2024-01-18,11,simule_distributions_ademe_2023
92064,D,D,appartement,1975,97.2,252.0,2024-01-18,11,simule_distributions_ademe_2023
92186,G,G,appartement,1943,130.3,614.0,2024-01-18,11,simule_distributions_ademe_2023
93208,F,G,maison,1948,79.5,556.0,2024-01-19,11,simule_distributions_ademe_2023
94009,B,F,appartement,1991,58.3,68.0,2024-01-19,11,simule_distributions_ademe_2023
92073,D,F,maison,1975,152.2,176.0,2024-01-19,11,simule_distributions_ademe_2023
93339,B,E,appartement,1989,58.5,70.0,2024-01-19,11,simule_distributions_ademe_2023
92276,E,D,appartement,1972,161.7,390.0,2024-01-20,11,simule_distributions_ademe_2023
94258,A,E,immeuble,1997,108.6,102.0,2024-01-20,11,simule_distributions_ademe_2023
91021,F,E,maison,1962,67.9,485.0,2024-01-20,11,simule_distributions_ademe_2023
93121,D,G,appartement,1986,119.3,247.0,2024-01-20,11,simule_distributions_ademe_2023
75113,D,D,maison,1974,80.9,266.0,2024-01-21,11,simule_distributions_ademe_2023
91276,D,E,maison,1965,188.2,241.0,2024-01-21,11,simule_distributions_ademe_2023
78191,D,C,appartement,1982,82.5,227.0,2024-01-21,11,simule_distributions_ademe_2023
77349,D,D,appartement,1982,80.2,325.0,2024-01-21,11,simule_distributions_ademe_2023
77089,B,E,appartement,1987,69.9,81.0,2024-01-22,11,simule_distributions_ademe_2023
78169,D,D,maison,1993,33.0,203.0,2024-01-22,11,simule_distributions_ademe_2023
93019,F,E,maison,1965,99.7,698.0,2024-01-22,11,simule_distributions_ademe_2023
94086,E,D,appartement,1987,99.1,413.0,2024-01-22,11,simule_distributions_ademe_2023
94331,D,D,maison,1969,97.9,312.0,2024-01-23,11,simule_distributions_ademe_2023
93122,F,D,maison,1960,77.4,653.0,2024-01-23,11,simule_distributions_ademe_2023
77140,B,B,appartement,2019,78.5,67.0,2024-01-23,11,simule_distributions_ademe_2023
92097,C,F,maison,2016,71.2,241.0,2024-01-23,11,simule_distributions_ademe_2023
78314,B,E,maison,2001,80.9,104.0,2024-01-24,11,simule_distributions_ademe_2023
92323,C,C,maison,2006,68.8,328.0,2024-01-24,11,simule_distributions_ademe_2023
93077,E,B,maison,1983,82.1,427.0,2024-01-24,11,simule_distributions_ademe_2023
78218,E,E,maison,1980,66.7,519.0,2024-01-24,11,simule_distributions_ademe_2023
91152,B,B,appartement,2006,53.9,58.0,2024-01-25,11,simule_distributions_ademe_2023
92338,D,D,appartement,1979,72.7,171.0,2024-01-25,11,simule_distributions_ademe_2023
95398,D,B,appartement,1973,64.3,296.0,2024-01-25,11,simule_distributions_ademe_2023
92043,E,E,appartement,1969,94.8,610.0,2024-01-25,11,simule_distributions_ademe_2023
92254,D,E,maison,1991,76.2,237.0,2024-01-26,11,simule_distributions_ademe_2023
77356,C,G,maison,2018,73.8,312.0,2024-01-26,11,simule_distributions_ademe_2023
95065,B,E,appartement,1987,108.9,81.0,2024-01-26,11,simule_distributions_ademe_2023
92270,F,F,appartement,1960,155.4,443.0,2024-01-26,11,simule_distributions_ademe_2023
78140,G,E,maison,1972,102.7,459.0,2024-01-27,11,simule_distributions_ademe_2023
93294,D,F,maison,1978,25.3,298.0,2024-01-27,11,simule_distributions_ademe_2023
92050,D,F,maison,1982,52.9,190.0,2024-01-27,11,simule_distributions_ademe_2023
95182,E,E,appartement,1989,76.6,333.0,2024-01-28,11,simule_distributions_ademe_2023
95228,E,D,appartement,1993,75.5,555.0,2024-01-28,11,simule_distributions_ademe_2023
94234,D,E,maison,1984,58.7,252.0,2024-01-28,11,simule_distributions_ademe_2023
92090,E,F,maison,1984,93.2,450.0,2024-01-28,11,simule_distributions_ademe_2023
95327,E,G,maison,1990,112.8,417.0,2024-01-29,11,simule_distributions_ademe_2023
77137,A,E,maison,1991,193.6,63.0,2024-01-29,11,simule_distributions_ademe_2023
93287,C,F,maison,1989,92.1,218.0,2024-01-29,11,simule_distributions_ademe_2023
78232,C,C,appartement,1990,32.3,208.0,2024-01-29,11,simule_distributions_ademe_2023
94236,C,F,immeuble,1990,48.3,182.0,2024-01-30,11,simule_distributions_ademe_2023
92206,C,E,appartement,2012,71.2,156.0,2024-01-30,11,simule_distributions_ademe_2023
92041,D,F,appartement,1993,78.6,254.0,2024-01-30,11,simule_distributions_ademe_2023
91395,C,E,appartement,2002,126.8,239.0,2024-01-30,11,simule_distributions_ademe_2023
93091,E,E,maison,1992,59.4,396.0,2024-01-31,11,simule_distributions_ademe_2023
95005,F,C,appartement,1964,90.6,567.0,2024-01-31,11,simule_distributions_ademe_2023
93344,B,C,maison,2013,72.1,122.0,2024-01-31,11,simule_distributions_ademe_2023
93236,G,B,maison,1948,44.0,620.0,2024-01-31,11,simule_distributions_ademe_2023
78300,C,C,appartement,2008,73.9,158.0,2024-02-01,11,simule_distributions_ademe_2023
78127,B,F,immeuble,2015,166.7,53.0,2024-02-01,11,simule_distributions_ademe_2023
78053,G,B,maison,1965,85.2,623.0,2024-02-01,11,simule_distributions_ademe_2023
91097,D,C,appartement,1977,58.6,288.0,2024-02-01,11,simule_distributions_ademe_2023
94188,F,E,appartement,1942,95.5,348.0,2024-02-02,11,simule_distributions_ademe_2023
95350,F,E,maison,1974,51.3,403.0,2024-02-02,11,simule_distributions_ademe_2023
92109,G,C,maison,1961,69.9,428.0,2024-02-02,11,simule_distributions_ademe_2023
94227,D,F,maison,1976,62.5,225.0,2024-02-02,11,simule_distributions_ademe_2023
95080,D,C,maison,1972,57.5,268.0,2024-02-03,11,simule_distributions_ademe_2023
77084,C,B,maison,1994,68.5,299.0,2024-02-03,11,simule_distributions_ademe_2023
93203,C,D,appartement,2012,62.4,246.0,2024-02-03,11,simule_distributions_ademe_2023
93302,G,D,maison,1974,96.9,444.0,2024-02-03,11,simule_distributions_ademe_2023
93036,E,F,maison,1973,101.7,643.0,2024-02-04,11,simule_distributions_ademe_2023
92238,D,G,appartement,1983,115.9,296.0,2024-02-04,11,simule_distributions_ademe_2023
93399,C,F,appartement,2005,77.0,308.0,2024-02-04,11,simule_distributions_ademe_2023
94078,B,G,maison,2012,75.0,53.0,2024-02-04,11,simule_distributions_ademe_2023
95120,F,B,appartement,1934,46.7,673.0,2024-02-05,11,simule_distributions_ademe_2023
95373,D,B,appartement,1986,21.4,327.0,2024-02-05,11,simule_distributions_ademe_2023
75116,D,E,appartement,1973,27.0,314.0,2024-02-05,11,simule_distributions_ademe_2023
78330,F,C,maison,1959,52.7,418.0,2024-02-05,11,simule_distributions_ademe_2023
95128,D,D,maison,1976,39.6,287.0,2024-02-06,11,simule_distributions_ademe_2023
78125,E,F,maison,1988,57.8,343.0,2024-02-06,11,simule_distributions_ademe_2023
94170,C,E,appartement,2019,73.7,195.0,2024-02-06,11,simule_distributions_ademe_2023
77124,C,D,maison,2003,84.8,327.0,2024-02-06,11,simule_distributions_ademe_2023
92232,E,F,appartement,1985,21.8,560.0,2024-02-07,11,simule_distributions_ademe_2023
91198,E,B,appartement,1974,75.4,629.0,2024-02-07,11,simule_distributions_ademe_2023
94306,F,G,maison,1920,53.3,449.0,2024-02-07,11,simule_distributions_ademe_2023
92245,D,B,maison,1974,101.0,230.0,2024-02-08,11,simule_distributions_ademe_2023
91270,B,F,maison,1999,108.6,105.0,2024-02-08,11,simule_distributions_ademe_2023
94035,C,D,appartement,2001,68.9,319.0,2024-02-08,11,simule_distributions_ademe_2023
78374,C,C,appartement,1994,60.4,167.0,2024-02-08,11,simule_distributions_ademe_2023
93052,B,E,appartement,1986,113.3,118.0,2024-02-09,11,simule_distributions_ademe_2023
93041,E,F,maison,1977,36.1,646.0,2024-02-09,11,simule_distributions_ademe_2023
94170,E,G,appartement,1973,79.2,672.0,2024-02-09,11,simule_distributions_ademe_2023
93087,G,D,appartement,1922,44.7,494.0,2024-02-09,11,simule_distributions_ademe_2023
78136,C,B,appartement,1990,66.5,172.0,2024-02-10,11,simule_distributions_ademe_2023
77189,B,F,appartement,2008,63.3,55.0,2024-02-10,11,simule_distributions_ademe_2023
92213,C,D,appartement,2013,254.9,229.0,2024-02-10,11,simule_distributions_ademe_2023
91225,C,F,maison,2000,82.5,276.0,2024-02-10,11,simule_distributions_ademe_2023
77226,E,C,maison,1983,71.4,627.0,2024-02-11,11,simule_distributions_ademe_2023
93159,E,D,appartement,1979,18.0,450.0,2024-02-11,11,simule_distributions_ademe_2023
91273,F,F,maison,1962,48.1,432.0,2024-02-11,11,simule_distributions_ademe_2023
91173,D,D,immeuble,1969,27.8,207.0,2024-02-11,11,simule_distributions_ademe_2023
78202,D,F,maison,1986,68.1,212.0,2024-02-12,11,simule_distributions_ademe_2023
91123,D,F,appartement,1989,53.5,199.0,2024-02-12,11,simule_distributions_ademe_2023
95277,F,E,appartement,1937,80.0,360.0,2024-02-12,11,simule_distributions_ademe_2023
75010,A,E,maison,1997,46.0,130.0,2024-02-12,11,simule_distributions_ademe_2023
95061,E,E,immeuble,1981,42.8,528.0,2024-02-13,11,simule_distributions_ademe_2023
93068,D,G,maison,1990,64.6,205.0,2024-02-13,11,simule_distributions_ademe_2023
94217,F,D,maison,1945,51.8,483.0,2024-02-13,11,simule_distributions_ademe_2023
77018,D,D,maison,1973,60.3,262.0,2024-02-13,11,simule_distributions_ademe_2023
91104,A,A,appartement,2013,175.7,96.0,2024-02-14,11,simule_distributions_ademe_2023
75124,G,E,maison,1935,54.4,623.0,2024-02-14,11,simule_distributions_ademe_2023
93131,G,D,maison,1951,60.6,438.0,2024-02-14,11,simule_distributions_ademe_2023
77313,C,E,appartement,2019,87.6,283.0,2024-02-14,11,simule_distributions_ademe_2023
94063,E,C,maison,1993,111.3,566.0,2024-02-15,11,simule_distributions_ademe_2023
95131,F,C,maison,1962,50.6,515.0,2024-02-15,11,simule_distributions_ademe_2023
77229,E,E,maison,1992,40.0,558.0,2024-02-15,11,simule_distributions_ademe_2023
94147,B,F,maison,2008,39.8,120.0,2024-02-15,11,simule_distributions_ademe_2023
93073,D,D,maison,1972,61.3,177.0,2024-02-16,11,simule_distributions_ademe_2023
95052,E,D,appartement,1982,49.6,515.0,2024-02-16,11,simule_distributions_ademe_2023
78249,B,D,appartement,1996,63.2,150.0,2024-02-16,11,simule_distributions_ademe_2023
92304,C,F,maison,1993,24.3,260.0,2024-02-16,11,simule_distributions_ademe_2023
75085,E,C,appartement,1992,77.7,466.0,2024-02-17,11,simule_distributions_ademe_2023
75005,D,E,appartement,1986,88.3,282.0,2024-02-17,11,simule_distributions_ademe_2023
93397,E,B,maison,1994,90.4,375.0,2024-02-17,11,simule_distributions_ademe_2023
95048,G,D,appartement,1944,91.6,501.0,2024-02-18,11,simule_distributions_ademe_2023
91387,G,F,maison,1940,42.6,354.0,2024-02-18,11,simule_distributions_ademe_2023
95309,E,F,maison,1972,80.5,559.0,2024-02-18,11,simule_distributions_ademe_2023
92227,D,E,appartement,1984,82.4,257.0,2024-02-18,11,simule_distributions_ademe_2023
91160,A,E,maison,1988,58.0,101.0,2024-02-19,11,simule_distributions_ademe_2023
95086,B,E,maison,2019,19.9,117.0,2024-02-19,11,simule_distributions_ademe_2023
91111,D,C,appartement,1966,71.4,304.0,2024-02-19,11,simule_distributions_ademe_2023
91259,E,E,maison,1981,91.5,535.0,2024-02-19,11,simule_distributions_ademe_2023
75058,D,E,maison,1967,54.1,167.0,2024-02-20,11,simule_distributions_ademe_2023
92396,F,B,appartement,1924,33.8,489.0,2024-02-20,11,simule_distributions_ademe_2023
93279,F,E,immeuble,1936,49.4,586.0,2024-02-20,11,simule_distributions_ademe_2023
95010,A,D,appartement,1998,127.4,53.0,2024-02-20,11,simule_distributions_ademe_2023
77363,D,F,maison,1965,76.2,280.0,2024-02-21,11,simule_distributions_ademe_2023
91285,D,D,appartement,1988,53.3,255.0,2024-02-21,11,simule_distributions_ademe_2023
92273,D,F,maison,1985,74.1,205.0,2024-02-21,11,simule_distributions_ademe_2023
91092,B,D,appartement,2001,152.2,114.0,2024-02-21,11,simule_distributions_ademe_2023
93226,C,E,maison,2015,57.3,204.0,2024-02-22,11,simule_distributions_ademe_2023
93174,B,G,immeuble,2006,58.7,121.0,2024-02-22,11,simule_distributions_ademe_2023
91319,D,D,maison,1981,33.0,286.0,2024-02-22,11,simule_distributions_ademe_2023
78349,C,G,maison,2009,40.6,265.0,2024-02-22,11,simule_distributions_ademe_2023
94078,D,C,appartement,1986,45.5,204.0,2024-02-23,11,simule_distributions_ademe_2023
91262,C,F,maison,2014,56.3,276.0,2024-02-23,11,simule_distributions_ademe_2023
91365,D,B,appartement,1978,70.7,222.0,2024-02-23,11,simule_distributions_ademe_2023
94188,C,D,appartement,1992,70.1,258.0,2024-02-23,11,simule_distributions_ademe_2023
95247,E,D,maison,1975,44.4,454.0,2024-02-24,11,simule_distributions_ademe_2023
94298,F,E,maison,1922,74.8,505.0,2024-02-24,11,simule_distributions_ademe_2023
93083,F,D,maison,1956,204.3,572.0,2024-02-24,11,simule_distributions_ademe_2023
92123,D,F,maison,1975,35.1,210.0,2024-02-24,11,simule_distributions_ademe_2023
92004,C,E,maison,2018,75.2,241.0,2024-02-25,11,simule_distributions_ademe_2023
91120,F,E,maison,1953,53.7,618.0,2024-02-25,11,simule_distributions_ademe_2023
93247,A,G,maison,2001,109.5,133.0,2024-02-25,11,simule_distributions_ademe_2023
78131,E,E,appartement,1971,34.9,525.0,2024-02-25,11,simule_distributions_ademe_2023
78009,D,B,maison,1980,173.6,197.0,2024-02-26,11,simule_distributions_ademe_2023
77071,A,D,appartement,2015,64.8,145.0,2024-02-26,11,simule_distributions_ademe_2023
93222,C,E,appartement,2003,89.6,320.0,2024-02-26,11,simule_distributions_ademe_2023
78370,D,A,maison,1986,71.5,177.0,2024-02-26,11,simule_distributions_ademe_2023
94165,A,F,maison,1985,83.5,55.0,2024-02-27,11,simule_distributions_ademe_2023
77096,F,F,maison,1927,55.5,557.0,2024-02-27,11,simule_distributions_ademe_2023
77239,E,D,appartement,1986,39.2,653.0,2024-02-27,11,simule_distributions_ademe_2023
93233,D,E,maison,1983,64.4,264.0,2024-02-27,11,simule_distributions_ademe_2023
95147,C,E,maison,1986,49.8,223.0,2024-02-28,11,simule_distributions_ademe_2023
78384,C,E,appartement,2005,55.8,319.0,2024-02-28,11,simule_distributions_ademe_2023
77393,G,G,maison,1959,59.8,700.0,2024-02-28,11,simule_distributions_ademe_2023
75125,B,F,appartement,2003,70.9,112.0,2024-02-29,11,simule_distributions_ademe_2023
77019,E,B,maison,1971,61.2,564.0,2024-02-29,11,simule_distributions_ademe_2023
93029,F,C,appartement,1942,45.2,462.0,2024-02-29,11,simule_distributions_ademe_2023
95146,C,A,maison,1995,121.9,272.0,2024-02-29,11,simule_distributions_ademe_2023
94120,E,B,appartement,1994,134.0,606.0,2024-03-01,11,simule_distributions_ademe_2023
91290,D,D,appartement,1967,132.6,222.0,2024-03-01,11,simule_distributions_ademe_2023
95303,C,E,maison,1988,86.2,251.0,2024-03-01,11,simule_distributions_ademe_2023
94119,C,D,appartement,1986,70.3,316.0,2024-03-01,11,simule_distributions_ademe_2023
93299,B,E,maison,1989,73.7,98.0,2024-03-02,11,simule_distributions_ademe_2023
91350,E,D,immeuble,1970,62.4,419.0,2024-03-02,11,simule_distributions_ademe_2023
78071,D,E,appartement,1986,54.2,327.0,2024-03-02,11,simule_distributions_ademe_2023
78195,F,E,appartement,1935,20.5,413.0,2024-03-02,11,simule_distributions_ademe_2023
78083,C,C,appartement,1994,275.2,181.0,2024-03-03,11,simule_distributions_ademe_2023
93253,D,C,appartement,1977,70.6,251.0,2024-03-03,11,simule_distributions_ademe_2023
78281,B,C,appartement,2015,113.7,61.0,2024-03-03,11,simule_distributions_ademe_2023
77104,E,E,maison,1976,44.4,416.0,2024-03-03,11,simule_distributions_ademe_2023
75025,F,E,appartement,1958,135.6,647.0,2024-03-04,11,simule_distributions_ademe_2023
91363,F,D,maison,1931,116.4,540.0,2024-03-04,11,simule_distributions_ademe_2023
77015,E,D,maison,1974,144.8,529.0,2024-03-04,11,simule_distributions_ademe_2023
92142,E,F,appartement,1981,75.9,476.0,2024-03-04,11,simule_distributions_ademe_2023
94098,C,G,maison,2009,53.6,276.0,2024-03-05,11,simule_distributions_ademe_2023
95192,D,F,appartement,1985,98.2,300.0,2024-03-05,11,simule_distributions_ademe_2023
78134,D,F,maison,1979,117.0,191.0,2024-03-05,11,simule_distributions_ademe_2023
93340,G,B,maison,1960,66.4,589.0,2024-03-05,11,simule_distributions_ademe_2023
78315,D,E,appartement,1976,85.1,292.0,2024-03-06,11,simule_distributions_ademe_2023
77319,D,D,maison,1986,92.5,258.0,2024-03-06,11,simule_distributions_ademe_2023
95293,D,D,maison,1990,91.7,158.0,2024-03-06,11,simule_distributions_ademe_2023
92052,D,E,appartement,1981,26.6,209.0,2024-03-06,11,simule_distributions_ademe_2023
93045,D,D,maison,1993,66.6,189.0,2024-03-07,11,simule_distributions_ademe_2023
94080,F,D,appartement,1948,21.0,417.0,2024-03-07,11,simule_distributions_ademe_2023
92144,C,E,maison,2010,75.9,187.0,2024-03-07,11,simule_distributions_ademe_2023
95279,B,D,maison,2002,42.8,66.0,2024-03-07,11,simule_distributions_ademe_2023
94301,E,G,maison,1993,22.5,694.0,2024-03-08,11,simule_distributions_ademe_2023
77267,E,G,maison,1965,69.8,669.0,2024-03-08,11,simule_distributions_ademe_2023
91246,G,B,immeuble,1933,97.2,630.0,2024-03-08,11,simule_distributions_ademe_2023
94379,D,C,maison,1982,74.7,170.0,2024-03-08,11,simule_distributions_ademe_2023
75094,E,F,maison,1976,76.7,561.0,2024-03-09,11,simule_distributions_ademe_2023
94231,F,F,maison,1954,89.4,398.0,2024-03-09,11,simule_distributions_ademe_2023
95235,F,E,appartement,1944,84.5,560.0,2024-03-09,11,simule_distributions_ademe_2023
93308,F,D,maison,1950,57.4,493.0,2024-03-09,11,simule_distributions_ademe_2023
93039,D,F,maison,1981,73.9,321.0,2024-03-10,11,simule_distributions_ademe_2023
94062,F,E,maison,1926,64.6,549.0,2024-03-10,11,simule_distributions_ademe_2023
93126,C,E,appartement,2017,99.1,244.0,2024-03-10,11,simule_distributions_ademe_2023
78193,G,B,maison,1949,47.6,442.0,2024-03-11,11,simule_distributions_ademe_2023
92070,F,F,appartement,1970,43.2,518.0,2024-03-11,11,simule_distributions_ademe_2023
93084,C,E,maison,1993,32.3,168.0,2024-03-11,11,simule_distributions_ademe_2023
93075,E,E,appartement,1980,31.6,334.0,2024-03-11,11,simule_distributions_ademe_2023
91322,C,B,appartement,1993,126.6,330.0,2024-03-12,11,simule_distributions_ademe_2023
77197,E,E,appartement,1966,54.1,578.0,2024-03-12,11,simule_distributions_ademe_2023
77176,E,C,maison,1987,98.7,630.0,2024-03-12,11,simule_distributions_ademe_2023
95057,E,C,appartement,1988,108.3,437.0,2024-03-12,11,simule_distributions_ademe_2023
94239,E,E,maison,1982,91.5,361.0,2024-03-13,11,simule_distributions_ademe_2023
77217,E,G,maison,1991,44.1,518.0,2024-03-13,11,simule_distributions_ademe_2023
91032,C,F,appartement,1989,56.8,287.0,2024-03-13,11,simule_distributions_ademe_2023
92162,A,D,appartement,1992,63.4,54.0,2024-03-13,11,simule_distributions_ademe_2023
92053,F,E,appartement,1928,41.7,698.0,2024-03-14,11,simule_distributions_ademe_2023
93333,D,D,appartement,1967,64.4,167.0,2024-03-14,11,simule_distributions_ademe_2023
95140,E,G,maison,1992,192.3,344.0,2024-03-14,11,simule_distributions_ademe_2023
78164,D,F,maison,1990,99.1,195.0,2024-03-14,11,simule_distributions_ademe_2023
93306,F,B,appartement,1959,42.7,551.0,2024-03-15,11,simule_distributions_ademe_2023
78163,E,B,appartement,1993,54.4,601.0,2024-03-15,11,simule_distributions_ademe_2023
77179,C,E,appartement,2007,75.3,307.0,2024-03-15,11,simule_distributions_ademe_2023
93298,E,D,appartement,1974,104.1,592.0,2024-03-15,11,simule_distributions_ademe_2023
93324,D,B,appartement,1971,125.9,193.0,2024-03-16,11,simule_distributions_ademe_2023
94320,F,G,appartement,1923,154.1,471.0,2024-03-16,11,simule_distributions_ademe_2023
77248,D,C,maison,1988,22.1,271.0,2024-03-16,11,simule_distributions_ademe_2023
91242,B,F,maison,2007,70.2,75.0,2024-03-16,11,simule_distributions_ademe_2023
95019,E,C,maison,1973,91.8,594.0,2024-03-17,11,simule_distributions_ademe_2023
91243,D,D,maison,1974,90.1,305.0,2024-03-17,11,simule_distributions_ademe_2023
78386,B,D,maison,2004,52.4,138.0,2024-03-17,11,simule_distributions_ademe_2023
95150,F,G,maison,1924,49.7,454.0,2024-03-17,11,simule_distributions_ademe_2023
94076,D,D,appartement,1966,117.2,314.0,2024-03-18,11,simule_distributions_ademe_2023
92054,E,E,appartement,1973,166.8,398.0,2024-03-18,11,simule_distributions_ademe_2023
78085,G,E,appartement,1958,100.3,361.0,2024-03-18,11,simule_distributions_ademe_2023
94389,E,E,maison,1982,68.3,436.0,2024-03-18,11,simule_distributions_ademe_2023
91114,E,F,maison,1968,132.9,652.0,2024-03-19,11,simule_distributions_ademe_2023
78114,D,D,maison,1979,47.7,178.0,2024-03-19,11,simule_distributions_ademe_2023
77015,E,D,maison,1968,106.3,605.0,2024-03-19,11,simule_distributions_ademe_2023
93156,D,E,maison,1984,31.1,256.0,2024-03-19,11,simule_distributions_ademe_2023
93324,D,E,appartement,1989,50.1,233.0,2024-03-20,11,simule_distributions_ademe_2023
95143,C,F,maison,2001,53.2,178.0,2024-03-20,11,simule_distributions_ademe_2023
95102,B,E,maison,2017,222.8,113.0,2024-03-20,11,simule_distributions_ademe_2023
77097,D,B,maison,1983,35.6,189.0,2024-03-20,11,simule_distributions_ademe_2023
95035,D,F,appartement,1980,54.4,171.0,2024-03-21,11,simule_distributions_ademe_2023
94151,C,G,appartement,2011,81.6,208.0,2024-03-21,11,simule_distributions_ademe_2023
95362,F,F,appartement,1951,66.0,573.0,2024-03-21,11,simule_distributions_ademe_2023
91088,A,G,maison,2005,111.7,133.0,2024-03-22,11,simule_distributions_ademe_2023
95207,E,F,maison,1982,193.0,546.0,2024-03-22,11,simule_distributions_ademe_2023
75091,D,F,appartement,1975,50.5,264.0,2024-03-22,11,simule_distributions_ademe_2023
94079,C,G,appartement,2000,85.8,287.0,2024-03-22,11,simule_distributions_ademe_2023
94205,C,G,maison,1991,32.9,262.0,2024-03-23,11,simule_distributions_ademe_2023
78335,E,A,appartement,1977,84.4,374.0,2024-03-23,11,simule_distributions_ademe_2023
93335,D,E,appartement,1972,64.3,277.0,2024-03-23,11,simule_distributions_ademe_2023
75005,C,E,maison,2016,100.6,302.0,2024-03-23,11,simule_distributions_ademe_2023
77260,E,D,maison,1980,52.8,653.0,2024-03-24,11,simule_distributions_ademe_2023
92011,A,F,maison,2011,78.0,99.0,2024-03-24,11,simule_distributions_ademe_2023
95161,F,C,appartement,1971,79.9,423.0,2024-03-24,11,simule_distributions_ademe_2023
95119,D,F,appartement,1966,43.7,161.0,2024-03-24,11,simule_distributions_ademe_2023
91309,F,D,appartement,1935,72.2,586.0,2024-03-25,11,simule_distributions_ademe_2023
78181,E,E,appartement,1984,57.8,554.0,2024-03-25,11,simule_distributions_ademe_2023
91176,E,C,maison,1977,139.5,432.0,2024-03-25,11,simule_distributions_ademe_2023
93064,D,G,appartement,1986,92.3,201.0,2024-03-25,11,simule_distributions_ademe_2023
95303,G,D,maison,1932,37.3,566.0,2024-03-26,11,simule_distributions_ademe_2023
92008,C,G,appartement,1988,21.2,271.0,2024-03-26,11,simule_distributions_ademe_2023
78217,D,F,appartement,1977,148.6,247.0,2024-03-26,11,simule_distributions_ademe_2023
95100,E,F,maison,1987,45.5,579.0,2024-03-26,11,simule_distributions_ademe_2023
77265,C,C,appartement,2018,93.2,271.0,2024-03-27,11,simule_distributions_ademe_2023
95155,E,D,maison,1993,91.1,437.0,2024-03-27,11,simule_distributions_ademe_2023
77291,A,D,appartement,2014,65.5,102.0,2024-03-27,11,simule_distributions_ademe_2023
78337,F,F,maison,1955,73.0,455.0,2024-03-27,11,simule_distributions_ademe_2023
92239,C,B,appartement,2003,136.4,215.0,2024-03-28,11,simule_distributions_ademe_2023
91165,C,D,appartement,1985,45.0,323.0,2024-03-28,11,simule_distributions_ademe_2023
94145,G,B,appartement,1920,78.9,441.0,2024-03-28,11,simule_distributions_ademe_2023
91339,G,D,maison,1937,56.5,652.0,2024-03-28,11,simule_distributions_ademe_2023
78032,B,F,appartement,2014,81.2,133.0,2024-03-29,11,simule_distributions_ademe_2023
78229,D,D,immeuble,1976,71.6,198.0,2024-03-29,11,simule_distributions_ademe_2023
92339,C,E,appartement,2008,57.8,220.0,2024-03-29,11,simule_distributions_ademe_2023
91311,G,F,maison,1944,28.8,485.0,2024-03-29,11,simule_distributions_ademe_2023
93337,A,F,appartement,2019,63.0,64.0,2024-03-30,11,simule_distributions_ademe_2023
95315,C,D,appartement,1988,42.8,166.0,2024-03-30,11,simule_distributions_ademe_2023
91388,C,E,appartement,2016,49.2,316.0,2024-03-30,11,simule_distributions_ademe_2023
94269,D,F,maison,1992,40.1,159.0,2024-03-30,11,simule_distributions_ademe_2023
93101,F,F,maison,1955,103.5,420.0,2024-03-31,11,simule_distributions_ademe_2023
95296,B,D,maison,1997,56.4,78.0,2024-03-31,11,simule_distributions_ademe_2023
93002,F,E,appartement,1954,68.8,383.0,2024-03-31,11,simule_distributions_ademe_2023
93209,E,F,appartement,1974,52.2,594.0,2024-03-31,11,simule_distributions_ademe_2023
91330,F,D,maison,1953,41.0,697.0,2024-04-01,11,simule_distributions_ademe_2023
77163,F,G,appartement,1939,97.8,510.0,2024-04-01,11,simule_distributions_ademe_2023
95033,D,F,maison,1986,45.7,174.0,2024-04-01,11,simule_distributions_ademe_2023
95224,F,C,appartement,1951,53.6,520.0,2024-04-02,11,simule_distributions_ademe_2023
93308,E,F,appartement,1989,42.3,542.0,2024-04-02,11,simule_distributions_ademe_2023
94018,G,E,maison,1974,123.9,410.0,2024-04-02,11,simule_distributions_ademe_2023
94239,C,E,appartement,1991,94.7,246.0,2024-04-02,11,simule_distributions_ademe_2023
78378,B,C,appartement,1998,19.8,82.0,2024-04-03,11,simule_distributions_ademe_2023
95261,F,D,maison,1952,107.2,403.0,2024-04-03,11,simule_distributions_ademe_2023
77366,E,G,appartement,1975,60.9,648.0,2024-04-03,11,simule_distributions_ademe_2023
93051,E,G,appartement,1991,26.7,629.0,2024-04-03,11,simule_distributions_ademe_2023
94202,F,B,appartement,1949,121.0,644.0,2024-04-04,11,simule_distributions_ademe_2023
77058,E,E,appartement,1979,54.5,362.0,2024-04-04,11,simule_distributions_ademe_2023
92088,F,F,appartement,1957,101.3,483.0,2024-04-04,11,simule_distributions_ademe_2023
93223,D,A,maison,1986,174.1,234.0,2024-04-04,11,simule_distributions_ademe_2023
91221,D,E,appartement,1967,53.4,165.0,2024-04-05,11,simule_distributions_ademe_2023
94165,B,F,maison,2015,99.4,131.0,2024-04-05,11,simule_distributions_ademe_2023
94204,C,G,maison,1989,63.2,223.0,2024-04-05,11,simule_distributions_ademe_2023
91064,A,D,appartement,2012,168.2,137.0,2024-04-05,11,simule_distributions_ademe_2023
77105,G,E,maison,1945,55.7,656.0,2024-04-06,11,simule_distributions_ademe_2023
91377,E,B,appartement,1989,98.4,502.0,2024-04-06,11,simule_distributions_ademe_2023
95073,D,G,appartement,1965,93.3,191.0,2024-04-06,11,simule_distributions_ademe_2023
77345,A,C,appartement,1986,60.6,114.0,2024-04-06,11,simule_distributions_ademe_2023
93396,D,F,maison,1971,46.5,267.0,2024-04-07,11,simule_distributions_ademe_2023
75104,C,F,maison,2004,38.3,204.0,2024-04-07,11,simule_distributions_ademe_2023
78104,E,D,maison,1983,50.9,652.0,2024-04-07,11,simule_distributions_ademe_2023
91108,D,C,appartement,1983,55.9,237.0,2024-04-07,11,simule_distributions_ademe_2023
95366,D,F,appartement,1976,57.1,257.0,2024-04-08,11,simule_distributions_ademe_2023
95391,D,F,appartement,1989,45.4,170.0,2024-04-08,11,simule_distributions_ademe_2023
92077,A,D,appartement,2017,33.2,145.0,2024-04-08,11,simule_distributions_ademe_2023
77025,C,B,appartement,2019,88.1,321.0,2024-04-08,11,simule_distributions_ademe_2023
94045,F,C,maison,1945,63.3,670.0,2024-04-09,11,simule_distributions_ademe_2023
92094,G,D,maison,1940,100.1,405.0,2024-04-09,11,simule_distributions_ademe_2023
78162,E,C,maison,1988,36.6,586.0,2024-04-09,11,simule_distributions_ademe_2023
91060,E,A,maison,1981,67.7,426.0,2024-04-09,11,simule_distributions_ademe_2023
92188,A,E,maison,1996,40.9,150.0,2024-04-10,11,simule_distributions_ademe_2023
92331,F,E,maison,1922,27.0,485.0,2024-04-10,11,simule_distributions_ademe_2023
91361,C,E,maison,2019,62.5,311.0,2024-04-10,11,simule_distributions_ademe_2023
92178,E,D,appartement,1973,48.8,586.0,2024-04-10,11,simule_distributions_ademe_2023
91048,E,E,appartement,1979,53.2,626.0,2024-04-11,11,simule_distributions_ademe_2023
95058,E,D,maison,1967,38.1,430.0,2024-04-11,11,simule_distributions_ademe_2023
92045,D,F,maison,1990,193.5,291.0,2024-04-11,11,simule_distributions_ademe_2023
92246,F,G,appartement,1955,66.0,594.0,2024-04-11,11,simule_distributions_ademe_2023
92209,D,D,maison,1969,26.0,216.0,2024-04-12,11,simule_distributions_ademe_2023
91289,F,F,maison,1920,18.0,483.0,2024-04-12,11,simule_distributions_ademe_2023
95343,D,C,maison,1983,122.1,317.0,2024-04-12,11,simule_distributions_ademe_2023
78296,D,C,maison,1968,76.9,276.0,2024-04-13,11,simule_distributions_ademe_2023
92269,C,G,maison,1998,73.2,232.0,2024-04-13,11,simule_distributions_ademe_2023
94392,D,E,maison,1972,34.7,255.0,2024-04-13,11,simule_distributions_ademe_2023
93145,A,E,appartement,2005,110.0,136.0,2024-04-13,11,simule_distributions_ademe_2023
95173,E,C,appartement,1985,75.1,650.0,2024-04-14,11,simule_distributions_ademe_2023
93231,E,E,appartement,1967,23.8,688.0,2024-04-14,11,simule_distributions_ademe_2023
91202,E,E,immeuble,1983,50.9,516.0,2024-04-14,11,simule_distributions_ademe_2023
78341,D,G,immeuble,1987,26.7,170.0,2024-04-14,11,simule_distributions_ademe_2023
77138,F,D,maison,1944,75.5,506.0,2024-04-15,11,simule_distributions_ademe_2023
77261,D,C,appartement,1980,61.6,250.0,2024-04-15,11,simule_distributions_ademe_2023
77027,C,G,appartement,2001,71.4,327.0,2024-04-15,11,simule_distributions_ademe_2023
91318,D,F,maison,1975,103.0,221.0,2024-04-15,11,simule_distributions_ademe_2023
93150,D,E,maison,1975,95.0,257.0,2024-04-16,11,simule_distributions_ademe_2023
78309,D,G,maison,1967,72.3,213.0,2024-04-16,11,simule_distributions_ademe_2023
93319,E,D,maison,1986,46.5,432.0,2024-04-16,11,simule_distributions_ademe_2023
93287,C,E,appartement,2016,179.8,169.0,2024-04-16,11,simule_distributions_ademe_2023
93073,F,E,maison,1972,115.4,542.0,2024-04-17,11,simule_distributions_ademe_2023
95055,E,D,appartement,1971,168.3,508.0,2024-04-17,11,simule_distributions_ademe_2023
93173,D,F,appartement,1993,74.8,310.0,2024-04-17,11,simule_distributions_ademe_2023
93068,D,D,appartement,1993,156.8,245.0,2024-04-17,11,simule_distributions_ademe_2023
92054,D,C,appartement,1971,118.1,184.0,2024-04-18,11,simule_distributions_ademe_2023
91023,C,D,maison,1995,138.4,181.0,2024-04-18,11,simule_distributions_ademe_2023
95099,B,E,maison,2005,99.7,100.0,2024-04-18,11,simule_distributions_ademe_2023
92236,D,D,maison,1968,57.5,229.0,2024-04-18,11,simule_distributions_ademe_2023
93138,F,F,maison,1928,237.9,441.0,2024-04-19,11,simule_distributions_ademe_2023
78208,C,G,maison,1996,57.8,297.0,2024-04-19,11,simule_distributions_ademe_2023
94292,E,E,appartement,1985,31.4,632.0,2024-04-19,11,simule_distributions_ademe_2023
75063,C,F,appartement,2006,127.9,312.0,2024-04-19,11,simule_distributions_ademe_2023
78348,C,C,maison,1990,111.9,190.0,2024-04-20,11,simule_distributions_ademe_2023
94081,E,D,maison,1974,65.1,488.0,2024-04-20,11,simule_distributions_ademe_2023
95318,C,C,maison,1994,59.0,189.0,2024-04-20,11,simule_distributions_ademe_2023
92189,G,G,appartement,1973,81.2,559.0,2024-04-20,11,simule_distributions_ademe_2023
93033,D,F,maison,1971,32.3,158.0,2024-04-21,11,simule_distributions_ademe_2023
93191,D,D,appartement,1989,126.7,325.0,2024-04-21,11,simule_distributions_ademe_2023
75085,D,F,appartement,1986,98.1,234.0,2024-04-21,11,simule_distributions_ademe_2023
77159,C,D,maison,2019,194.8,261.0,2024-04-21,11,simule_distributions_ademe_2023
91211,G,F,maison,1962,67.3,554.0,2024-04-22,11,simule_distributions_ademe_2023
78216,D,F,immeuble,1988,150.1,253.0,2024-04-22,11,simule_distributions_ademe_2023
94297,F,D,maison,1968,25.8,424.0,2024-04-22,11,simule_distributions_ademe_2023
91294,D,D,appartement,1986,90.1,235.0,2024-04-22,11,simule_distributions_ademe_2023
92187,D,B,appartement,1983,37.8,288.0,2024-04-23,11,simule_distributions_ademe_2023
92291,C,G,maison,2009,94.4,284.0,2024-04-23,11,simule_distributions_ademe_2023
95131,F,F,maison,1947,66.2,584.0,2024-04-23,11,simule_distributions_ademe_2023
92379,D,E,appartement,1969,56.9,165.0,2024-04-24,11,simule_distributions_ademe_2023
77229,D,E,maison,1982,132.4,273.0,2024-04-24,11,simule_distributions_ademe_2023
95342,C,D,immeuble,2001,46.6,300.0,2024-04-24,11,simule_distributions_ademe_2023
91316,D,D,appartement,1987,60.6,236.0,2024-04-24,11,simule_distributions_ademe_2023
91198,B,F,maison,1993,116.2,53.0,2024-04-25,11,simule_distributions_ademe_2023
75039,G,C,appartement,1954,85.4,363.0,2024-04-25,11,simule_distributions_ademe_2023
95269,D,A,maison,1989,185.7,330.0,2024-04-25,11,simule_distributions_ademe_2023
77046,E,D,maison,1974,35.3,528.0,2024-04-25,11,simule_distributions_ademe_2023
91332,D,E,maison,1978,71.4,254.0,2024-04-26,11,simule_distributions_ademe_2023
77350,F,E,appartement,1966,41.2,391.0,2024-04-26,11,simule_distributions_ademe_2023
78296,E,G,appartement,1994,120.8,657.0,2024-04-26,11,simule_distributions_ademe_2023
93268,D,D,maison,1984,66.4,225.0,2024-04-26,11,simule_distributions_ademe_2023
78024,D,G,maison,1993,94.7,311.0,2024-04-27,11,simule_distributions_ademe_2023
77222,C,G,maison,1996,43.8,218.0,2024-04-27,11,simule_distributions_ademe_2023
78382,D,F,appartement,1985,107.3,330.0,2024-04-27,11,simule_distributions_ademe_2023
91390,E,G,appartement,1968,74.5,606.0,2024-04-27,11,simule_distributions_ademe_2023
92247,F,F,maison,1974,40.9,383.0,2024-04-28,11,simule_distributions_ademe_2023
75093,D,C,maison,1967,33.8,227.0,2024-04-28,11,simule_distributions_ademe_2023
95052,D,C,maison,1969,68.8,209.0,2024-04-28,11,simule_distributions_ademe_2023
94228,D,D,immeuble,1994,125.9,195.0,2024-04-28,11,simule_distributions_ademe_2023
92088,D,C,maison,1991,93.0,209.0,2024-04-29,11,simule_distributions_ademe_2023
92158,A,D,maison,1993,69.6,139.0,2024-04-29,11,simule_distributions_ademe_2023
93146,B,G,maison,2001,33.1,106.0,2024-04-29,11,simule_distributions_ademe_2023
95112,C,D,appartement,1990,106.5,160.0,2024-04-29,11,simule_distributions_ademe_2023
95238,D,E,maison,1983,58.9,173.0,2024-04-30,11,simule_distributions_ademe_2023
95302,G,D,maison,1939,109.9,492.0,2024-04-30,11,simule_distributions_ademe_2023
94294,C,C,maison,2013,36.8,316.0,2024-04-30,11,simule_distributions_ademe_2023
78154,C,D,maison,2019,65.1,194.0,2024-04-30,11,simule_distributions_ademe_2023
93326,C,D,maison,1993,101.2,168.0,2024-05-01,11,simule_distributions_ademe_2023
91367,C,D,maison,2016,183.2,258.0,2024-05-01,11,simule_distributions_ademe_2023
95251,C,B,appartement,1987,31.1,300.0,2024-05-01,11,simule_distributions_ademe_2023
93123,C,E,maison,2018,95.8,252.0,2024-05-01,11,simule_distributions_ademe_2023
94368,D,F,maison,1982,63.6,241.0,2024-05-02,11,simule_distributions_ademe_2023
95340,G,D,maison,1956,66.8,613.0,2024-05-02,11,simule_distributions_ademe_2023
94335,D,E,appartement,1973,93.8,203.0,2024-05-02,11,simule_distributions_ademe_2023
95013,E,D,maison,1975,18.0,541.0,2024-05-02,11,simule_distributions_ademe_2023
77076,C,B,appartement,1992,70.2,207.0,2024-05-03,11,simule_distributions_ademe_2023
92250,D,E,maison,1994,44.5,205.0,2024-05-03,11,simule_distributions_ademe_2023
94364,B,C,appartement,1995,80.1,133.0,2024-05-03,11,simule_distributions_ademe_2023
78106,G,E,maison,1929,58.4,622.0,2024-05-03,11,simule_distributions_ademe_2023
95213,F,G,appartement,1933,108.3,517.0,2024-05-04,11,simule_distributions_ademe_2023
94366,A,A,maison,2003,87.4,139.0,2024-05-04,11,simule_distributions_ademe_2023
92306,D,E,appartement,1976,74.1,269.0,2024-05-04,11,simule_distributions_ademe_2023
77227,E,E,appartement,1976,145.3,689.0,2024-05-05,11,simule_distributions_ademe_2023
95369,C,D,appartement,2004,88.1,190.0,2024-05-05,11,simule_distributions_ademe_2023
91242,D,D,immeuble,1967,141.2,192.0,2024-05-05,11,simule_distributions_ademe_2023
95189,B,D,maison,1989,51.3,52.0,2024-05-05,11,simule_distributions_ademe_2023
92071,D,F,appartement,1982,37.1,179.0,2024-05-06,11,simule_distributions_ademe_2023
77136,F,F,appartement,1931,142.6,576.0,2024-05-06,11,simule_distributions_ademe_2023
78399,C,B,appartement,1996,49.2,247.0,2024-05-06,11,simule_distributions_ademe_2023
95364,E,D,maison,1978,37.6,513.0,2024-05-06,11,simule_distributions_ademe_2023
92202,C,B,appartement,2001,133.1,288.0,2024-05-07,11,simule_distributions_ademe_2023
78267,F,E,appartement,1946,37.9,518.0,2024-05-07,11,simule_distributions_ademe_2023
94032,E,D,maison,1966,64.8,570.0,2024-05-07,11,simule_distributions_ademe_2023
91329,B,E,appartement,2013,60.9,96.0,2024-05-07,11,simule_distributions_ademe_2023
75092,F,E,appartement,1973,67.8,531.0,2024-05-08,11,simule_distributions_ademe_2023
94282,D,G,maison,1977,83.5,222.0,2024-05-08,11,simule_distributions_ademe_2023
95221,E,C,maison,1967,47.0,362.0,2024-05-08,11,simule_distributions_ademe_2023
91201,F,E,maison,1966,42.2,372.0,2024-05-08,11,simule_distributions_ademe_2023
95288,E,G,maison,1991,78.4,604.0,2024-05-09,11,simule_distributions_ademe_2023
75130,F,E,appartement,1951,25.6,349.0,2024-05-09,11,simule_distributions_ademe_2023
95057,E,F,maison,1986,100.1,421.0,2024-05-09,11,simule_distributions_ademe_2023
95217,E,E,appartement,1985,81.2,377.0,2024-05-09,11,simule_distributions_ademe_2023
93160,E,F,immeuble,1974,151.6,565.0,2024-05-10,11,simule_distributions_ademe_2023
91028,G,B,maison,1973,89.6,618.0,2024-05-10,11,simule_distributions_ademe_2023
91164,F,F,appartement,1960,56.1,605.0,2024-05-10,11,simule_distributions_ademe_2023
78217,E,D,appartement,1980,45.0,554.0,2024-05-10,11,simule_distributions_ademe_2023
94203,D,D,appartement,1983,48.5,267.0,2024-05-11,11,simule_distributions_ademe_2023
93233,E,C,appartement,1967,77.3,501.0,2024-05-11,11,simule_distributions_ademe_2023
77356,F,A,appartement,1971,73.1,678.0,2024-05-11,11,simule_distributions_ademe_2023
91238,E,E,maison,1990,55.4,647.0,2024-05-11,11,simule_distributions_ademe_2023
94180,D,E,maison,1976,51.8,286.0,2024-05-12,11,simule_distributions_ademe_2023
93361,D,D,immeuble,1985,87.6,289.0,2024-05-12,11,simule_distributions_ademe_2023
78067,F,E,appartement,1972,59.7,542.0,2024-05-12,11,simule_distributions_ademe_2023
94117,C,G,appartement,1985,56.7,243.0,2024-05-12,11,simule_distributions_ademe_2023
95215,E,E,appartement,1980,41.3,452.0,2024-05-13,11,simule_distributions_ademe_2023
92155,D,D,appartement,1994,146.4,209.0,2024-05-13,11,simule_distributions_ademe_2023
94308,E,D,maison,1987,72.9,677.0,2024-05-13,11,simule_distributions_ademe_2023
95299,A,G,appartement,2014,78.4,50.0,2024-05-13,11,simule_distributions_ademe_2023
94049,D,F,appartement,1982,101.9,294.0,2024-05-14,11,simule_distributions_ademe_2023
94357,D,B,appartement,1990,93.0,191.0,2024-05-14,11,simule_distributions_ademe_2023
94350,E,E,appartement,1988,67.8,424.0,2024-05-14,11,simule_distributions_ademe_2023
77018,E,D,maison,1984,51.0,584.0,2024-05-14,11,simule_distributions_ademe_2023
91347,E,D,maison,1988,109.9,485.0,2024-05-15,11,simule_distributions_ademe_2023
91266,F,B,maison,1937,92.7,617.0,2024-05-15,11,simule_distributions_ademe_2023
93155,D,B,maison,1969,115.8,165.0,2024-05-15,11,simule_distributions_ademe_2023
95388,C,B,maison,2008,47.1,188.0,2024-05-16,11,simule_distributions_ademe_2023
91234,E,G,appartement,1973,83.0,613.0,2024-05-16,11,simule_distributions_ademe_2023
78196,C,E,appartement,2012,71.5,243.0,2024-05-16,11,simule_distributions_ademe_2023
94351,B,E,maison,2006,54.5,58.0,2024-05-16,11,simule_distributions_ademe_2023
94086,G,A,appartement,1965,89.6,606.0,2024-05-17,11,simule_distributions_ademe_2023
91011,B,D,maison,2011,38.8,130.0,2024-05-17,11,simule_distributions_ademe_2023
91237,D,F,maison,1970,135.0,172.0,2024-05-17,11,simule_distributions_ademe_2023
91136,F,G,appartement,1958,92.2,518.0,2024-05-17,11,simule_distributions_ademe_2023
78216,B,E,maison,1986,30.0,75.0,2024-05-18,11,simule_distributions_ademe_2023
78243,A,G,appartement,2017,73.8,104.0,2024-05-18,11,simule_distributions_ademe_2023
91353,C,B,appartement,1987,124.7,283.0,2024-05-18,11,simule_distributions_ademe_2023
95270,E,F,maison,1992,99.2,479.0,2024-05-18,11,simule_distributions_ademe_2023
95217,G,E,maison,1969,51.6,632.0,2024-05-19,11,simule_distributions_ademe_2023
77108,E,E,maison,1965,85.3,689.0,2024-05-19,11,simule_distributions_ademe_2023
94027,D,F,maison,1968,72.3,264.0,2024-05-19,11,simule_distributions_ademe_2023
78199,F,E,appartement,1924,42.3,656.0,2024-05-19,11,simule_distributions_ademe_2023
77076,F,A,appartement,1947,97.1,509.0,2024-05-20,11,simule_distributions_ademe_2023
78037,D,A,maison,1969,75.1,152.0,2024-05-20,11,simule_distributions_ademe_2023
93387,F,E,maison,1964,56.3,481.0,2024-05-20,11,simule_distributions_ademe_2023
93093,D,F,maison,1985,78.9,203.0,2024-05-20,11,simule_distributions_ademe_2023
93202,D,D,appartement,1983,102.8,169.0,2024-05-21,11,simule_distributions_ademe_2023
92129,D,A,appartement,1983,22.6,190.0,2024-05-21,11,simule_distributions_ademe_2023
94359,D,G,maison,1992,116.4,195.0,2024-05-21,11,simule_distributions_ademe_2023
78198,C,C,appartement,2015,93.7,281.0,2024-05-21,11,simule_distributions_ademe_2023
93180,C,G,maison,2005,31.3,187.0,2024-05-22,11,simule_distributions_ademe_2023
94354,B,F,immeuble,2013,124.8,74.0,2024-05-22,11,simule_distributions_ademe_2023
92259,B,G,maison,2004,39.1,117.0,2024-05-22,11,simule_distributions_ademe_2023
91122,G,C,appartement,1964,165.0,692.0,2024-05-22,11,simule_distributions_ademe_2023
77237,F,G,appartement,1948,71.7,388.0,2024-05-23,11,simule_distributions_ademe_2023
93257,D,G,maison,1993,96.8,327.0,2024-05-23,11,simule_distributions_ademe_2023
94125,C,D,appartement,2002,38.5,202.0,2024-05-23,11,simule_distributions_ademe_2023
78200,B,B,maison,2001,58.7,81.0,2024-05-23,11,simule_distributions_ademe_2023
92133,D,G,appartement,1993,73.2,296.0,2024-05-24,11,simule_distributions_ademe_2023
92270,C,D,appartement,1987,46.0,310.0,2024-05-24,11,simule_distributions_ademe_2023
93213,D,F,appartement,1977,27.6,221.0,2024-05-24,11,simule_distributions_ademe_2023
78322,C,D,maison,2016,62.4,224.0,2024-05-24,11,simule_distributions_ademe_2023
95079,D,F,appartement,1977,57.1,184.0,2024-05-25,11,simule_distributions_ademe_2023
93380,C,C,maison,1987,83.4,193.0,2024-05-25,11,simule_distributions_ademe_2023
78156,D,F,appartement,1981,40.1,295.0,2024-05-25,11,simule_distributions_ademe_2023
77394,F,C,appartement,1944,77.4,679.0,2024-05-25,11,simule_distributions_ademe_2023
92379,E,G,maison,1983,57.2,507.0,2024-05-26,11,simule_distributions_ademe_2023
95036,E,G,appartement,1976,65.0,655.0,2024-05-26,11,simule_distributions_ademe_2023
78191,B,E,maison,2001,61.4,132.0,2024-05-26,11,simule_distributions_ademe_2023
75083,G,D,appartement,1947,43.0,492.0,2024-05-27,11,simule_distributions_ademe_2023
93254,G,C,immeuble,1935,49.8,442.0,2024-05-27,11,simule_distributions_ademe_2023
78337,G,D,maison,1931,40.8,480.0,2024-05-27,11,simule_distributions_ademe_2023
77130,B,E,appartement,1998,43.3,77.0,2024-05-27,11,simule_distributions_ademe_2023
95299,D,E,appartement,1991,124.2,190.0,2024-05-28,11,simule_distributions_ademe_2023
91089,C,D,maison,1992,113.8,321.0,2024-05-28,11,simule_distributions_ademe_2023
93319,C,C,maison,1986,60.7,314.0,2024-05-28,11,simule_distributions_ademe_2023
94296,E,F,maison,1979,42.8,496.0,2024-05-28,11,simule_distributions_ademe_2023
91145,E,F,appartement,1973,134.0,432.0,2024-05-29,11,simule_distributions_ademe_2023
95149,E,F,maison,1993,43.0,401.0,2024-05-29,11,simule_distributions_ademe_2023
78224,A,C,maison,2010,80.1,78.0,2024-05-29,11,simule_distributions_ademe_2023
94123,E,D,maison,1994,73.1,600.0,2024-05-29,11,simule_distributions_ademe_2023
93133,C,F,appartement,2003,66.8,245.0,2024-05-30,11,simule_distributions_ademe_2023
77248,F,G,appartement,1954,328.0,579.0,2024-05-30,11,simule_distributions_ademe_2023
93248,D,E,maison,1968,18.0,194.0,2024-05-30,11,simule_distributions_ademe_2023
91096,F,F,maison,1936,60.1,396.0,2024-05-30,11,simule_distributions_ademe_2023
95256,F,E,maison,1936,96.7,442.0,2024-05-31,11,simule_distributions_ademe_2023
93189,D,D,maison,1973,39.6,266.0,2024-05-31,11,simule_distributions_ademe_2023
75038,E,A,appartement,1971,79.9,370.0,2024-05-31,11,simule_distributions_ademe_2023
78036,D,G,maison,1975,53.5,198.0,2024-05-31,11,simule_distributions_ademe_2023
75119,G,F,maison,1973,104.1,364.0,2024-06-01,11,simule_distributions_ademe_2023
95113,C,D,appartement,2016,56.6,237.0,2024-06-01,11,simule_distributions_ademe_2023
93237,E,E,maison,1985,68.6,600.0,2024-06-01,11,simule_distributions_ademe_2023
91108,E,F,appartement,1977,41.0,634.0,2024-06-01,11,simule_distributions_ademe_2023
93041,D,E,appartement,1989,79.3,263.0,2024-06-02,11,simule_distributions_ademe_2023
92192,G,C,maison,1925,55.1,333.0,2024-06-02,11,simule_distributions_ademe_2023
93302,B,B,maison,2015,111.6,90.0,2024-06-02,11,simule_distributions_ademe_2023
78059,E,F,appartement,1985,24.0,673.0,2024-06-02,11,simule_distributions_ademe_2023
78222,C,D,maison,1992,108.3,294.0,2024-06-03,11,simule_distributions_ademe_2023
92028,G,F,appartement,1970,57.6,585.0,2024-06-03,11,simule_distributions_ademe_2023
77027,D,C,appartement,1975,65.5,228.0,2024-06-03,11,simule_distributions_ademe_2023
91289,E,C,maison,1971,75.1,550.0,2024-06-03,11,simule_distributions_ademe_2023
95045,E,D,maison,1982,60.9,645.0,2024-06-04,11,simule_distributions_ademe_2023
77173,F,C,appartement,1932,42.6,663.0,2024-06-04,11,simule_distributions_ademe_2023
91179,E,F,immeuble,1988,43.5,633.0,2024-06-04,11,simule_distributions_ademe_2023
77068,C,D,appartement,2009,27.2,217.0,2024-06-04,11,simule_distributions_ademe_2023
92374,B,E,appartement,2007,67.3,109.0,2024-06-05,11,simule_distributions_ademe_2023
95106,F,A,maison,1939,102.1,630.0,2024-06-05,11,simule_distributions_ademe_2023
92382,D,C,appartement,1990,97.7,273.0,2024-06-05,11,simule_distributions_ademe_2023
92084,E,E,immeuble,1991,128.0,535.0,2024-06-05,11,simule_distributions_ademe_2023
77242,C,E,maison,2015,38.3,171.0,2024-06-06,11,simule_distributions_ademe_2023
93002,D,F,appartement,1978,29.4,202.0,2024-06-06,11,simule_distributions_ademe_2023
93256,D,G,maison,1988,117.6,179.0,2024-06-06,11,simule_distributions_ademe_2023
92252,G,E,appartement,1953,126.2,683.0,2024-06-07,11,simule_distributions_ademe_2023
92306,D,D,appartement,1967,90.7,286.0,2024-06-07,11,simule_distributions_ademe_2023
78292,B,E,maison,1995,32.0,89.0,2024-06-07,11,simule_distributions_ademe_2023
94294,C,C,maison,2019,160.7,300.0,2024-06-07,11,simule_distributions_ademe_2023
95062,G,G,maison,1974,87.9,435.0,2024-06-08,11,simule_distributions_ademe_2023
77023,E,D,maison,1967,67.6,627.0,2024-06-08,11,simule_distributions_ademe_2023
77202,C,E,appartement,2017,103.5,201.0,2024-06-08,11,simule_distributions_ademe_2023
94100,D,D,appartement,1979,66.5,232.0,2024-06-08,11,simule_distributions_ademe_2023
92137,E,D,maison,1971,66.5,546.0,2024-06-09,11,simule_distributions_ademe_2023
78307,D,B,maison,1978,73.1,259.0,2024-06-09,11,simule_distributions_ademe_2023
77050,D,E,appartement,1994,85.2,303.0,2024-06-09,11,simule_distributions_ademe_2023
91127,F,E,maison,1974,90.3,538.0,2024-06-09,11,simule_distributions_ademe_2023
78131,E,D,appartement,1987,52.6,474.0,2024-06-10,11,simule_distributions_ademe_2023
92232,B,G,maison,2009,78.9,142.0,2024-06-10,11,simule_distributions_ademe_2023
93102,G,B,maison,1940,58.9,680.0,2024-06-10,11,simule_distributions_ademe_2023
91089,C,B,maison,1996,158.2,314.0,2024-06-10,11,simule_distributions_ademe_2023
78098,F,D,immeuble,1934,98.8,666.0,2024-06-11,11,simule_distributions_ademe_2023
95178,E,F,appartement,1973,57.0,406.0,2024-06-11,11,simule_distributions_ademe_2023
78035,E,E,appartement,1980,42.8,368.0,2024-06-11,11,simule_distributions_ademe_2023
92194,D,D,maison,1968,63.0,299.0,2024-06-11,11,simule_distributions_ademe_2023
77392,E,D,appartement,1985,52.9,675.0,2024-06-12,11,simule_distributions_ademe_2023
95127,E,E,appartement,1977,32.6,614.0,2024-06-12,11,simule_distributions_ademe_2023
77192,A,D,maison,1989,50.0,107.0,2024-06-12,11,simule_distributions_ademe_2023
78117,E,C,appartement,1983,28.2,403.0,2024-06-12,11,simule_distributions_ademe_2023
91272,E,B,appartement,1970,33.6,496.0,2024-06-13,11,simule_distributions_ademe_2023
92256,C,E,maison,1989,30.2,317.0,2024-06-13,11,simule_distributions_ademe_2023
75096,C,F,appartement,2010,41.3,190.0,2024-06-13,11,simule_distributions_ademe_2023
78083,E,C,maison,1976,127.9,436.0,2024-06-13,11,simule_distributions_ademe_2023
92172,B,F,maison,2017,78.0,82.0,2024-06-14,11,simule_distributions_ademe_2023
91210,D,F,maison,1988,120.8,199.0,2024-06-14,11,simule_distributions_ademe_2023
78207,D,G,appartement,1991,130.2,209.0,2024-06-14,11,simule_distributions_ademe_2023
94299,D,G,maison,1990,69.3,324.0,2024-06-14,11,simule_distributions_ademe_2023
91005,D,E,appartement,1978,61.1,169.0,2024-06-15,11,simule_distributions_ademe_2023
92185,E,C,appartement,1986,29.2,665.0,2024-06-15,11,simule_distributions_ademe_2023
77035,E,G,appartement,1988,58.4,438.0,2024-06-15,11,simule_distributions_ademe_2023
94282,F,G,appartement,1949,68.7,605.0,2024-06-15,11,simule_distributions_ademe_2023
94252,D,E,appartement,1984,49.9,178.0,2024-06-16,11,simule_distributions_ademe_2023
94113,D,E,maison,1987,87.9,201.0,2024-06-16,11,simule_distributions_ademe_2023
95366,E,E,appartement,1977,40.5,462.0,2024-06-16,11,simule_distributions_ademe_2023
92310,C,E,appartement,2016,35.3,242.0,2024-06-16,11,simule_distributions_ademe_2023
95011,B,D,maison,2008,35.1,64.0,2024-06-17,11,simule_distributions_ademe_2023
77378,F,E,maison,1938,64.8,493.0,2024-06-17,11,simule_distributions_ademe_2023
77355,E,D,appartement,1977,66.8,590.0,2024-06-17,11,simule_distributions_ademe_2023
75045,D,C,appartement,1971,58.3,202.0,2024-06-18,11,simule_distributions_ademe_2023
77361,D,E,appartement,1994,131.2,245.0,2024-06-18,11,simule_distributions_ademe_2023
77300,B,F,immeuble,2016,58.1,138.0,2024-06-18,11,simule_distributions_ademe_2023
78131,C,G,maison,1998,29.8,274.0,2024-06-18,11,simule_distributions_ademe_2023
77259,C,D,maison,2010,65.3,166.0,2024-06-19,11,simule_distributions_ademe_2023
92216,C,F,appartement,1996,44.0,309.0,2024-06-19,11,simule_distributions_ademe_2023
91011,G,D,appartement,1973,127.7,601.0,2024-06-19,11,simule_distributions_ademe_2023
94201,C,E,maison,2007,80.5,223.0,2024-06-19,11,simule_distributions_ademe_2023
95049,F,D,maison,1963,43.6,449.0,2024-06-20,11,simule_distributions_ademe_2023
77055,E,A,appartement,1982,161.7,497.0,2024-06-20,11,simule_distributions_ademe_2023
91389,B,E,maison,2001,102.0,104.0,2024-06-20,11,simule_distributions_ademe_2023
77144,E,G,appartement,1988,46.7,671.0,2024-06-20,11,simule_distributions_ademe_2023
95283,C,F,maison,1987,155.9,199.0,2024-06-21,11,simule_distributions_ademe_2023
95143,G,G,appartement,1935,49.5,558.0,2024-06-21,11,simule_distributions_ademe_2023
92364,D,E,appartement,1984,22.1,273.0,2024-06-21,11,simule_distributions_ademe_2023
95095,E,E,appartement,1988,21.3,541.0,2024-06-21,11,simule_distributions_ademe_2023
77373,D,C,maison,1982,48.5,157.0,2024-06-22,11,simule_distributions_ademe_2023
77273,D,D,maison,1992,148.9,183.0,2024-06-22,11,simule_distributions_ademe_2023
93085,A,E,maison,1987,65.5,86.0,2024-06-22,11,simule_distributions_ademe_2023
93237,E,B,maison,1966,84.2,521.0,2024-06-22,11,simule_distributions_ademe_2023
75076,D,D,appartement,1985,42.0,204.0,2024-06-23,11,simule_distributions_ademe_2023
94330,E,C,appartement,1975,100.0,570.0,2024-06-23,11,simule_distributions_ademe_2023
77248,D,D,maison,1971,94.6,260.0,2024-06-23,11,simule_distributions_ademe_2023
93394,D,A,maison,1982,62.2,266.0,2024-06-23,11,simule_distributions_ademe_2023
94129,D,F,maison,1986,37.0,287.0,2024-06-24,11,simule_distributions_ademe_2023
93154,D,D,appartement,1976,49.2,221.0,2024-06-24,11,simule_distributions_ademe_2023
92312,G,C,appartement,1942,103.5,652.0,2024-06-24,11,simule_distributions_ademe_2023
91276,G,D,maison,1928,68.4,403.0,2024-06-24,11,simule_distributions_ademe_2023
95303,B,E,maison,1994,104.5,87.0,2024-06-25,11,simule_distributions_ademe_2023
77365,G,D,appartement,1936,81.3,542.0,2024-06-25,11,simule_distributions_ademe_2023
92015,D,F,maison,1982,76.7,206.0,2024-06-25,11,simule_distributions_ademe_2023
93231,D,E,appartement,1965,130.3,171.0,2024-06-25,11,simule_distributions_ademe_2023
93110,G,A,immeuble,1927,32.4,453.0,2024-06-26,11,simule_distributions_ademe_2023
95336,D,E,appartement,1984,183.2,167.0,2024-06-26,11,simule_distributions_ademe_2023
77095,C,E,immeuble,2013,57.1,164.0,2024-06-26,11,simule_distributions_ademe_2023
92239,E,F,appartement,1980,86.7,401.0,2024-06-26,11,simule_distributions_ademe_2023
93209,G,E,appartement,1921,129.1,490.0,2024-06-27,11,simule_distributions_ademe_2023
95350,E,E,maison,1981,304.8,612.0,2024-06-27,11,simule_distributions_ademe_2023
77350,E,F,appartement,1968,25.0,695.0,2024-06-27,11,simule_distributions_ademe_2023
93362,D,E,appartement,1966,43.0,156.0,2024-06-27,11,simule_distributions_ademe_2023
91354,C,B,appartement,1986,49.4,190.0,2024-06-28,11,simule_distributions_ademe_2023
77051,C,D,maison,1995,59.8,178.0,2024-06-28,11,simule_distributions_ademe_2023
78313,D,E,appartement,1991,176.4,270.0,2024-06-28,11,simule_distributions_ademe_2023
91348,E,C,maison,1971,59.4,480.0,2024-06-29,11,simule_distributions_ademe_2023
91327,E,F,maison,1969,157.3,565.0,2024-06-29,11,simule_distributions_ademe_2023
77328,F,D,appartement,1958,64.4,512.0,2024-06-29,11,simule_distributions_ademe_2023
93116,D,D,maison,1970,62.8,171.0,2024-06-29,11,simule_distributions_ademe_2023
92111,E,E,maison,1979,38.6,683.0,2024-06-30,11,simule_distributions_ademe_2023
92044,G,F,appartement,1954,36.0,429.0,2024-06-30,11,simule_distributions_ademe_2023
77092,D,D,appartement,1970,117.5,188.0,2024-06-30,11,simule_distributions_ademe_2023
77144,B,D,immeuble,1997,75.6,106.0,2024-06-30,11,simule_distributions_ademe_2023
94374,E,E,immeuble,1967,33.0,642.0,2024-07-01,11,simule_distributions_ademe_2023
92005,E,D,appartement,1993,86.5,525.0,2024-07-01,11,simule_distributions_ademe_2023
93168,E,E,appartement,1972,207.3,556.0,2024-07-01,11,simule_distributions_ademe_2023
77313,E,G,maison,1976,73.9,620.0,2024-07-01,11,simule_distributions_ademe_2023
92155,C,E,appartement,1997,24.6,312.0,2024-07-02,11,simule_distributions_ademe_2023
78373,C,D,appartement,2002,49.0,236.0,2024-07-02,11,simule_distributions_ademe_2023
91156,C,E,appartement,2000,38.1,302.0,2024-07-02,11,simule_distributions_ademe_2023
78151,E,B,immeuble,1973,91.2,693.0,2024-07-02,11,simule_distributions_ademe_2023
91137,D,G,maison,1976,73.5,155.0,2024-07-03,11,simule_distributions_ademe_2023
78256,C,G,maison,2016,88.8,249.0,2024-07-03,11,simule_distributions_ademe_2023
91201,D,D,appartement,1992,41.9,169.0,2024-07-03,11,simule_distributions_ademe_2023
77192,D,F,maison,1983,110.0,222.0,2024-07-03,11,simule_distributions_ademe_2023
93330,E,F,appartement,1979,41.9,585.0,2024-07-04,11,simule_distributions_ademe_2023
78220,C,E,immeuble,1990,98.1,205.0,2024-07-04,11,simule_distributions_ademe_2023
95172,C,C,maison,1992,134.9,200.0,2024-07-04,11,simule_distributions_ademe_2023
92340,F,D,appartement,1938,45.1,453.0,2024-07-04,11,simule_distributions_ademe_2023
93161,F,A,appartement,1942,86.2,360.0,2024-07-05,11,simule_distributions_ademe_2023
95181,C,F,appartement,2005,82.2,203.0,2024-07-05,11,simule_distributions_ademe_2023
77023,C,C,maison,2017,134.2,236.0,2024-07-05,11,simule_distributions_ademe_2023
78200,F,B,appartement,1941,32.2,643.0,2024-07-05,11,simule_distributions_ademe_2023
94261,C,G,appartement,2007,18.0,230.0,2024-07-06,11,simule_distributions_ademe_2023
92367,F,D,appartement,1958,81.0,665.0,2024-07-06,11,simule_distributions_ademe_2023
77182,F,D,maison,1967,90.1,548.0,2024-07-06,11,simule_distributions_ademe_2023
78078,G,E,appartement,1939,46.1,569.0,2024-07-06,11,simule_distributions_ademe_2023
78308,D,A,maison,1972,65.6,318.0,2024-07-07,11,simule_distributions_ademe_2023
94273,C,C,immeuble,2004,37.6,212.0,2024-07-07,11,simule_distributions_ademe_2023
93379,C,G,appartement,2019,84.9,249.0,2024-07-07,11,simule_distributions_ademe_2023
93125,G,E,appartement,1953,52.2,332.0,2024-07-07,11,simule_distributions_ademe_2023
77375,F,G,maison,1938,29.5,405.0,2024-07-08,11,simule_distributions_ademe_2023
93228,C,D,maison,2007,24.8,293.0,2024-07-08,11,simule_distributions_ademe_2023
93302,E,E,maison,1973,125.1,646.0,2024-07-08,11,simule_distributions_ademe_2023
95145,D,D,immeuble,1992,31.0,205.0,2024-07-08,11,simule_distributions_ademe_2023
94202,C,G,maison,1991,69.1,182.0,2024-07-09,11,simule_distributions_ademe_2023
77311,D,A,maison,1978,42.0,188.0,2024-07-09,11,simule_distributions_ademe_2023
92271,D,C,appartement,1967,43.9,177.0,2024-07-09,11,simule_distributions_ademe_2023
75053,C,F,appartement,1993,60.5,239.0,2024-07-10,11,simule_distributions_ademe_2023
92022,C,F,maison,2010,133.2,198.0,2024-07-10,11,simule_distributions_ademe_2023
78203,D,E,immeuble,1985,65.5,237.0,2024-07-10,11,simule_distributions_ademe_2023
95209,E,E,maison,1971,60.8,532.0,2024-07-10,11,simule_distributions_ademe_2023
93182,E,D,maison,1969,91.2,621.0,2024-07-11,11,simule_distributions_ademe_2023
95277,D,F,immeuble,1981,86.1,313.0,2024-07-11,11,simule_distributions_ademe_2023
92032,E,E,appartement,1975,82.3,444.0,2024-07-11,11,simule_distributions_ademe_2023
94134,C,E,maison,1997,71.4,268.0,2024-07-11,11,simule_distributions_ademe_2023
75044,E,C,maison,1975,46.8,638.0,2024-07-12,11,simule_distributions_ademe_2023
93060,B,D,immeuble,1996,66.6,137.0,2024-07-12,11,simule_distributions_ademe_2023
95180,F,C,maison,1944,108.6,417.0,2024-07-12,11,simule_distributions_ademe_2023
95217,C,E,appartement,1992,48.1,252.0,2024-07-12,11,simule_distributions_ademe_2023
95347,F,F,maison,1965,104.6,539.0,2024-07-13,11,simule_distributions_ademe_2023
92071,B,D,maison,2006,44.2,60.0,2024-07-13,11,simule_distributions_ademe_2023
95041,D,C,appartement,1981,202.4,318.0,2024-07-13,11,simule_distributions_ademe_2023
78196,C,F,appartement,1989,97.9,195.0,2024-07-13,11,simule_distributions_ademe_2023
94096,D,C,maison,1978,31.1,261.0,2024-07-14,11,simule_distributions_ademe_2023
93169,E,D,appartement,1986,81.1,610.0,2024-07-14,11,simule_distributions_ademe_2023
94341,C,E,maison,1991,94.2,256.0,2024-07-14,11,simule_distributions_ademe_2023
78093,D,D,appartement,1967,46.8,241.0,2024-07-14,11,simule_distributions_ademe_2023
91364,G,F,maison,1925,58.1,657.0,2024-07-15,11,simule_distributions_ademe_2023
94121,C,C,maison,2018,46.9,231.0,2024-07-15,11,simule_distributions_ademe_2023
91041,D,F,maison,1968,45.9,182.0,2024-07-15,11,simule_distributions_ademe_2023
91139,F,C,appartement,1949,48.3,610.0,2024-07-15,11,simule_distributions_ademe_2023
77031,D,D,appartement,1980,129.0,318.0,2024-07-16,11,simule_distributions_ademe_2023
78112,C,B,appartement,2016,48.8,194.0,2024-07-16,11,simule_distributions_ademe_2023
95301,C,C,maison,1995,37.9,167.0,2024-07-16,11,simule_distributions_ademe_2023
77319,G,E,appartement,1935,105.7,331.0,2024-07-16,11,simule_distributions_ademe_2023
75046,D,G,appartement,1977,99.0,161.0,2024-07-17,11,simule_distributions_ademe_2023
95228,D,F,maison,1974,81.0,305.0,2024-07-17,11,simule_distributions_ademe_2023
77374,D,A,maison,1975,73.8,212.0,2024-07-17,11,simule_distributions_ademe_2023
91014,B,G,appartement,2015,74.1,110.0,2024-07-17,11,simule_distributions_ademe_2023
95119,E,E,maison,1994,80.3,529.0,2024-07-18,11,simule_distributions_ademe_2023
94172,D,F,appartement,1991,42.3,246.0,2024-07-18,11,simule_distributions_ademe_2023
95084,C,E,maison,2006,100.5,181.0,2024-07-18,11,simule_distributions_ademe_2023
95027,D,G,immeuble,1976,62.6,224.0,2024-07-18,11,simule_distributions_ademe_2023
78005,G,F,maison,1950,33.5,368.0,2024-07-19,11,simule_distributions_ademe_2023
94386,A,C,immeuble,2018,96.4,123.0,2024-07-19,11,simule_distributions_ademe_2023
94041,G,F,appartement,1928,49.8,333.0,2024-07-19,11,simule_distributions_ademe_2023
95166,C,E,appartement,2015,37.8,285.0,2024-07-19,11,simule_distributions_ademe_2023
91324,C,E,appartement,2019,51.4,203.0,2024-07-20,11,simule_distributions_ademe_2023
77369,D,F,maison,1970,183.0,233.0,2024-07-20,11,simule_distributions_ademe_2023
75002,D,G,maison,1978,35.7,186.0,2024-07-20,11,simule_distributions_ademe_2023
95019,C,E,maison,1994,97.4,257.0,2024-07-21,11,simule_distributions_ademe_2023
77175,C,G,maison,1988,62.5,310.0,2024-07-21,11,simule_distributions_ademe_2023
91204,A,G,appartement,2015,104.3,144.0,2024-07-21,11,simule_distributions_ademe_2023
91044,D,F,appartement,1993,58.6,213.0,2024-07-21,11,simule_distributions_ademe_2023
94089,C,D,maison,1991,87.9,283.0,2024-07-22,11,simule_distributions_ademe_2023
93366,D,E,appartement,1980,37.3,306.0,2024-07-22,11,simule_distributions_ademe_2023
91092,D,E,maison,1969,82.8,189.0,2024-07-22,11,simule_distributions_ademe_2023
92369,B,A,maison,1988,109.3,88.0,2024-07-22,11,simule_distributions_ademe_2023
94239,C,F,maison,2012,27.1,199.0,2024-07-23,11,simule_distributions_ademe_2023
92082,C,F,immeuble,2018,101.8,298.0,2024-07-23,11,simule_distributions_ademe_2023
93240,D,G,maison,1970,191.1,252.0,2024-07-23,11,simule_distributions_ademe_2023
94270,B,E,maison,2016,26.4,60.0,2024-07-23,11,simule_distributions_ademe_2023
93232,B,E,appartement,2017,68.6,76.0,2024-07-24,11,simule_distributions_ademe_2023
91387,C,E,maison,1994,68.3,324.0,2024-07-24,11,simule_distributions_ademe_2023
95094,C,C,maison,2012,36.0,209.0,2024-07-24,11,simule_distributions_ademe_2023
78151,C,D,maison,2018,92.9,218.0,2024-07-24,11,simule_distributions_ademe_2023
93337,B,D,maison,1992,42.9,137.0,2024-07-25,11,simule_distributions_ademe_2023
92354,D,F,immeuble,1987,91.2,317.0,2024-07-25,11,simule_distributions_ademe_2023
93007,B,E,maison,1990,100.6,117.0,2024-07-25,11,simule_distributions_ademe_2023
75041,E,B,appartement,1986,62.5,692.0,2024-07-25,11,simule_distributions_ademe_2023
78214,E,C,appartement,1980,76.5,632.0,2024-07-26,11,simule_distributions_ademe_2023
78227,D,E,immeuble,1978,135.5,177.0,2024-07-26,11,simule_distributions_ademe_2023
93329,B,E,appartement,1992,46.2,108.0,2024-07-26,11,simule_distributions_ademe_2023
94257,E,D,maison,1972,57.7,485.0,2024-07-26,11,simule_distributions_ademe_2023
91258,C,G,appartement,2015,32.7,271.0,2024-07-27,11,simule_distributions_ademe_2023
78104,D,D,maison,1990,26.1,321.0,2024-07-27,11,simule_distributions_ademe_2023
78081,F,E,appartement,1936,108.9,468.0,2024-07-27,11,simule_distributions_ademe_2023
93259,D,D,maison,1982,85.3,270.0,2024-07-27,11,simule_distributions_ademe_2023
93375,D,D,maison,1974,88.5,287.0,2024-07-28,11,simule_distributions_ademe_2023
91355,E,F,appartement,1973,35.1,579.0,2024-07-28,11,simule_distributions_ademe_2023
94135,D,D,maison,1970,93.9,167.0,2024-07-28,11,simule_distributions_ademe_2023
95353,G,G,maison,1941,123.4,425.0,2024-07-28,11,simule_distributions_ademe_2023
95197,G,D,maison,1941,59.4,613.0,2024-07-29,11,simule_distributions_ademe_2023
78341,C,C,appartement,2006,39.8,285.0,2024-07-29,11,simule_distributions_ademe_2023
77346,F,F,appartement,1942,34.5,446.0,2024-07-29,11,simule_distributions_ademe_2023
95246,D,G,maison,1977,66.4,154.0,2024-07-29,11,simule_distributions_ademe_2023
77161,A,D,maison,2015,63.5,79.0,2024-07-30,11,simule_distributions_ademe_2023
94059,C,C,maison,2003,107.4,159.0,2024-07-30,11,simule_distributions_ademe_2023
92372,E,C,maison,1976,26.9,529.0,2024-07-30,11,simule_distributions_ademe_2023
95388,D,E,maison,1986,97.7,219.0,2024-07-31,11,simule_distributions_ademe_2023
94338,G,E,maison,1944,100.8,401.0,2024-07-31,11,simule_distributions_ademe_2023
91391,C,D,maison,2016,146.9,176.0,2024-07-31,11,simule_distributions_ademe_2023
91163,F,C,maison,1969,75.7,572.0,2024-07-31,11,simule_distributions_ademe_2023
94316,E,D,maison,1970,173.9,422.0,2024-08-01,11,simule_distributions_ademe_2023
95391,G,C,appartement,1942,60.0,344.0,2024-08-01,11,simule_distributions_ademe_2023
94047,C,E,maison,1998,51.5,275.0,2024-08-01,11,simule_distributions_ademe_2023
95249,E,C,maison,1990,58.4,370.0,2024-08-01,11,simule_distributions_ademe_2023
92248,E,G,maison,1973,21.9,690.0,2024-08-02,11,simule_distributions_ademe_2023
92025,B,E,appartement,2003,91.7,54.0,2024-08-02,11,simule_distributions_ademe_2023
93083,F,A,maison,1934,59.8,607.0,2024-08-02,11,simule_distributions_ademe_2023
94170,C,E,maison,1997,40.3,288.0,2024-08-02,11,simule_distributions_ademe_2023
77065,E,D,maison,1994,63.9,337.0,2024-08-03,11,simule_distributions_ademe_2023
77270,E,E,appartement,1973,45.1,462.0,2024-08-03,11,simule_distributions_ademe_2023
93148,F,E,maison,1972,55.1,523.0,2024-08-03,11,simule_distributions_ademe_2023
75002,C,C,maison,1992,242.6,166.0,2024-08-03,11,simule_distributions_ademe_2023
95185,F,F,maison,1974,68.2,564.0,2024-08-04,11,simule_distributions_ademe_2023
91068,C,B,immeuble,2012,241.6,217.0,2024-08-04,11,simule_distributions_ademe_2023
92223,C,E,maison,1995,53.9,170.0,2024-08-04,11,simule_distributions_ademe_2023
95205,C,F,maison,1986,112.7,238.0,2024-08-04,11,simule_distributions_ademe_2023
92376,B,F,appartement,2011,47.9,119.0,2024-08-05,11,simule_distributions_ademe_2023
92216,E,E,appartement,1966,84.8,382.0,2024-08-05,11,simule_distributions_ademe_2023
78003,C,G,maison,2001,60.6,248.0,2024-08-05,11,simule_distributions_ademe_2023
94076,G,C,maison,1937,143.5,385.0,2024-08-05,11,simule_distributions_ademe_2023
78249,C,D,appartement,2011,79.7,300.0,2024-08-06,11,simule_distributions_ademe_2023
91204,F,A,maison,1948,90.6,369.0,2024-08-06,11,simule_distributions_ademe_2023
94041,B,E,maison,1990,50.2,114.0,2024-08-06,11,simule_distributions_ademe_2023
77022,D,E,maison,1976,97.0,293.0,2024-08-06,11,simule_distributions_ademe_2023
91115,G,D,appartement,1958,52.2,509.0,2024-08-07,11,simule_distributions_ademe_2023
95142,B,D,appartement,2015,62.4,60.0,2024-08-07,11,simule_distributions_ademe_2023
93281,C,D,appartement,1993,136.5,159.0,2024-08-07,11,simule_distributions_ademe_2023
78073,D,G,maison,1985,154.7,167.0,2024-08-07,11,simule_distributions_ademe_2023
92254,E,G,maison,1975,41.4,696.0,2024-08-08,11,simule_distributions_ademe_2023
91183,D,E,appartement,1980,40.1,162.0,2024-08-08,11,simule_distributions_ademe_2023
94191,F,G,appartement,1962,53.9,408.0,2024-08-08,11,simule_distributions_ademe_2023
75001,C,E,maison,1993,44.8,277.0,2024-08-08,11,simule_distributions_ademe_2023
92165,D,C,appartement,1990,51.2,214.0,2024-08-09,11,simule_distributions_ademe_2023
95328,C,F,maison,2014,137.5,276.0,2024-08-09,11,simule_distributions_ademe_2023
92164,D,G,maison,1979,62.6,319.0,2024-08-09,11,simule_distributions_ademe_2023
91357,E,E,maison,1973,71.5,453.0,2024-08-09,11,simule_distributions_ademe_2023
78318,E,G,maison,1993,84.5,422.0,2024-08-10,11,simule_distributions_ademe_2023
93299,G,C,appartement,1940,144.4,632.0,2024-08-10,11,simule_distributions_ademe_2023
77211,G,E,maison,1943,51.3,587.0,2024-08-10,11,simule_distributions_ademe_2023
75019,D,D,maison,1975,121.2,319.0,2024-08-11,11,simule_distributions_ademe_2023
77012,C,F,maison,2000,80.6,257.0,2024-08-11,11,simule_distributions_ademe_2023
92394,C,E,maison,2007,154.6,230.0,2024-08-11,11,simule_distributions_ademe_2023
94382,D,G,maison,1992,89.0,164.0,2024-08-11,11,simule_distributions_ademe_2023
92316,E,D,appartement,1967,59.2,334.0,2024-08-12,11,simule_distributions_ademe_2023
95233,E,D,maison,1966,188.5,572.0,2024-08-12,11,simule_distributions_ademe_2023
95186,D,E,appartement,1979,70.8,200.0,2024-08-12,11,simule_distributions_ademe_2023
94158,E,F,maison,1972,83.0,427.0,2024-08-12,11,simule_distributions_ademe_2023
77259,D,E,maison,1974,113.6,199.0,2024-08-13,11,simule_distributions_ademe_2023
95090,D,C,maison,1970,54.8,223.0,2024-08-13,11,simule_distributions_ademe_2023
92008,D,E,appartement,1982,51.0,325.0,2024-08-13,11,simule_distributions_ademe_2023
94074,C,E,appartement,2011,158.9,278.0,2024-08-13,11,simule_distributions_ademe_2023
94395,E,F,appartement,1987,166.6,431.0,2024-08-14,11,simule_distributions_ademe_2023
92152,F,D,appartement,1950,67.5,453.0,2024-08-14,11,simule_distributions_ademe_2023
95123,D,F,appartement,1965,32.3,213.0,2024-08-14,11,simule_distributions_ademe_2023
95237,D,A,appartement,1967,47.2,253.0,2024-08-14,11,simule_distributions_ademe_2023
75147,D,E,appartement,1985,77.8,197.0,2024-08-15,11,simule_distributions_ademe_2023
91310,C,D,maison,1990,69.7,224.0,2024-08-15,11,simule_distributions_ademe_2023
94180,D,D,immeuble,1970,67.7,215.0,2024-08-15,11,simule_distributions_ademe_2023
92328,F,B,appartement,1920,50.4,379.0,2024-08-15,11,simule_distributions_ademe_2023
78062,E,D,appartement,1988,66.3,637.0,2024-08-16,11,simule_distributions_ademe_2023
91262,C,F,appartement,2012,39.0,220.0,2024-08-16,11,simule_distributions_ademe_2023
94388,F,C,maison,1945,55.2,476.0,2024-08-16,11,simule_distributions_ademe_2023
95312,E,C,appartement,1989,35.1,491.0,2024-08-16,11,simule_distributions_ademe_2023
94395,D,C,appartement,1990,57.9,279.0,2024-08-17,11,simule_distributions_ademe_2023
93363,C,E,maison,2015,102.1,159.0,2024-08-17,11,simule_distributions_ademe_2023
95054,F,D,maison,1963,57.1,335.0,2024-08-17,11,simule_distributions_ademe_2023
77394,F,F,maison,1943,48.1,633.0,2024-08-17,11,simule_distributions_ademe_2023
91147,E,G,maison,1978,93.8,579.0,2024-08-18,11,simule_distributions_ademe_2023
91025,B,D,maison,2019,77.5,66.0,2024-08-18,11,simule_distributions_ademe_2023
78216,D,F,maison,1970,113.1,227.0,2024-08-18,11,simule_distributions_ademe_2023
94088,F,D,maison,1970,76.1,544.0,2024-08-18,11,simule_distributions_ademe_2023
91148,D,G,appartement,1981,99.0,188.0,2024-08-19,11,simule_distributions_ademe_2023
94369,D,A,appartement,1967,64.8,210.0,2024-08-19,11,simule_distributions_ademe_2023
94024,E,F,maison,1975,72.9,408.0,2024-08-19,11,simule_distributions_ademe_2023
91178,D,E,maison,1978,76.7,236.0,2024-08-19,11,simule_distributions_ademe_2023
93228,C,G,maison,1986,79.1,275.0,2024-08-20,11,simule_distributions_ademe_2023
93099,D,G,appartement,1982,67.9,227.0,2024-08-20,11,simule_distributions_ademe_2023
95142,D,D,maison,1981,77.1,187.0,2024-08-20,11,simule_distributions_ademe_2023
77306,C,D,appartement,1986,62.4,192.0,2024-08-20,11,simule_distributions_ademe_2023
92355,C,D,maison,1996,60.6,266.0,2024-08-21,11,simule_distributions_ademe_2023
95008,C,F,appartement,1986,36.9,158.0,2024-08-21,11,simule_distributions_ademe_2023
95393,D,F,maison,1976,94.3,215.0,2024-08-21,11,simule_distributions_ademe_2023
91327,F,B,maison,1945,86.3,421.0,2024-08-22,11,simule_distributions_ademe_2023
93052,C,D,appartement,1998,232.5,263.0,2024-08-22,11,simule_distributions_ademe_2023
93184,E,G,appartement,1969,56.5,436.0,2024-08-22,11,simule_distributions_ademe_2023
77293,B,F,maison,2017,61.5,87.0,2024-08-22,11,simule_distributions_ademe_2023
92207,E,F,appartement,1967,21.0,464.0,2024-08-23,11,simule_distributions_ademe_2023
93316,E,D,maison,1984,41.2,573.0,2024-08-23,11,simule_distributions_ademe_2023
92010,D,B,maison,1991,78.5,216.0,2024-08-23,11,simule_distributions_ademe_2023
93095,E,B,maison,1966,44.9,334.0,2024-08-23,11,simule_distributions_ademe_2023
95311,C,E,immeuble,1995,52.6,234.0,2024-08-24,11,simule_distributions_ademe_2023
94133,A,E,maison,2015,71.3,73.0,2024-08-24,11,simule_distributions_ademe_2023
91047,F,B,maison,1922,41.8,486.0,2024-08-24,11,simule_distributions_ademe_2023
95178,E,A,appartement,1966,45.2,493.0,2024-08-24,11,simule_distributions_ademe_2023
93154,D,C,maison,1974,56.7,227.0,2024-08-25,11,simule_distributions_ademe_2023
95309,A,D,maison,2008,27.9,60.0,2024-08-25,11,simule_distributions_ademe_2023
78389,F,E,maison,1967,53.7,687.0,2024-08-25,11,simule_distributions_ademe_2023
95231,G,E,maison,1938,116.5,436.0,2024-08-25,11,simule_distributions_ademe_2023
95035,D,C,appartement,1980,36.6,202.0,2024-08-26,11,simule_distributions_ademe_2023
95201,F,E,maison,1950,84.1,607.0,2024-08-26,11,simule_distributions_ademe_2023
92220,C,B,immeuble,1997,112.2,176.0,2024-08-26,11,simule_distributions_ademe_2023
94043,D,G,maison,1982,30.2,244.0,2024-08-26,11,simule_distributions_ademe_2023
91112,C,D,maison,2013,87.8,166.0,2024-08-27,11,simule_distributions_ademe_2023
92173,D,F,maison,1986,79.4,281.0,2024-08-27,11,simule_distributions_ademe_2023
95211,E,D,maison,1989,185.2,476.0,2024-08-27,11,simule_distributions_ademe_2023
91342,C,D,maison,2005,164.0,316.0,2024-08-27,11,simule_distributions_ademe_2023
95263,C,C,appartement,1987,69.5,211.0,2024-08-28,11,simule_distributions_ademe_2023
94012,C,G,maison,1999,49.7,197.0,2024-08-28,11,simule_distributions_ademe_2023
93254,B,F,maison,2009,59.0,131.0,2024-08-28,11,simule_distributions_ademe_2023
77300,B,E,appartement,2012,136.4,90.0,2024-08-28,11,simule_distributions_ademe_2023
78335,A,B,maison,2013,73.4,126.0,2024-08-29,11,simule_distributions_ademe_2023
95139,C,F,appartement,1987,57.4,245.0,2024-08-29,11,simule_distributions_ademe_2023
93392,D,B,maison,1969,47.3,189.0,2024-08-29,11,simule_distributions_ademe_2023
95174,B,C,appartement,1999,72.7,147.0,2024-08-29,11,simule_distributions_ademe_2023
77248,F,E,maison,1931,39.4,638.0,2024-08-30,11,simule_distributions_ademe_2023
77097,F,F,maison,1950,129.8,495.0,2024-08-30,11,simule_distributions_ademe_2023
91144,G,E,appartement,1944,55.5,686.0,2024-08-30,11,simule_distributions_ademe_2023
91012,D,D,maison,1974,65.9,182.0,2024-08-30,11,simule_distributions_ademe_2023
77265,G,D,maison,1932,65.7,398.0,2024-08-31,11,simule_distributions_ademe_2023
92174,D,E,appartement,1990,100.2,240.0,2024-08-31,11,simule_distributions_ademe_2023
94190,C,G,maison,1989,69.5,217.0,2024-08-31,11,simule_distributions_ademe_2023
91330,E,D,appartement,1969,75.6,520.0,2024-08-31,11,simule_distributions_ademe_2023
93374,D,A,maison,1979,35.5,251.0,2024-09-01,11,simule_distributions_ademe_2023
75135,G,C,maison,1956,59.4,467.0,2024-09-01,11,simule_distributions_ademe_2023
94102,E,G,appartement,1977,157.2,380.0,2024-09-01,11,simule_distributions_ademe_2023
92180,D,B,appartement,1974,51.7,175.0,2024-09-02,11,simule_distributions_ademe_2023
91287,B,B,maison,2000,111.1,66.0,2024-09-02,11,simule_distributions_ademe_2023
77157,D,F,maison,1977,295.4,171.0,2024-09-02,11,simule_distributions_ademe_2023
95010,D,F,appartement,1965,62.9,262.0,2024-09-02,11,simule_distributions_ademe_2023
91245,D,C,appartement,1982,86.7,233.0,2024-09-03,11,simule_distributions_ademe_2023
92121,C,D,maison,2015,100.1,259.0,2024-09-03,11,simule_distributions_ademe_2023
94154,D,F,appartement,1990,42.3,201.0,2024-09-03,11,simule_distributions_ademe_2023
92022,A,E,appartement,2019,101.4,147.0,2024-09-03,11,simule_distributions_ademe_2023
91393,C,E,immeuble,2015,52.8,225.0,2024-09-04,11,simule_distributions_ademe_2023
78118,C,F,maison,2016,74.2,183.0,2024-09-04,11,simule_distributions_ademe_2023
92300,C,G,appartement,1985,25.5,202.0,2024-09-04,11,simule_distributions_ademe_2023
78263,E,C,appartement,1967,53.0,632.0,2024-09-04,11,simule_distributions_ademe_2023
94341,G,C,appartement,1929,48.1,529.0,2024-09-05,11,simule_distributions_ademe_2023
91029,D,A,maison,1965,63.2,209.0,2024-09-05,11,simule_distributions_ademe_2023
78095,B,F,maison,2002,32.7,111.0,2024-09-05,11,simule_distributions_ademe_2023
94372,F,F,maison,1938,96.5,675.0,2024-09-05,11,simule_distributions_ademe_2023
91246,G,G,appartement,1956,90.8,480.0,2024-09-06,11,simule_distributions_ademe_2023
93235,D,G,maison,1970,66.4,161.0,2024-09-06,11,simule_distributions_ademe_2023
91238,E,D,appartement,1969,87.6,377.0,2024-09-06,11,simule_distributions_ademe_2023
94088,E,E,appartement,1966,18.0,497.0,2024-09-06,11,simule_distributions_ademe_2023
77127,G,E,appartement,1954,51.8,598.0,2024-09-07,11,simule_distributions_ademe_2023
78069,D,F,appartement,1968,101.6,239.0,2024-09-07,11,simule_distributions_ademe_2023
93271,C,F,appartement,2010,41.8,209.0,2024-09-07,11,simule_distributions_ademe_2023
92073,C,D,maison,1999,64.3,160.0,2024-09-07,11,simule_distributions_ademe_2023
94399,D,G,maison,1985,64.7,223.0,2024-09-08,11,simule_distributions_ademe_2023
92097,B,C,maison,2014,71.0,63.0,2024-09-08,11,simule_distributions_ademe_2023
93119,G,B,appartement,1962,39.3,611.0,2024-09-08,11,simule_distributions_ademe_2023
93143,D,E,immeuble,1980,106.1,292.0,2024-09-08,11,simule_distributions_ademe_2023
94176,A,E,appartement,2013,62.0,120.0,2024-09-09,11,simule_distributions_ademe_2023
92282,C,E,appartement,1986,57.0,289.0,2024-09-09,11,simule_distributions_ademe_2023
75112,F,D,maison,1949,145.7,370.0,2024-09-09,11,simule_distributions_ademe_2023
77256,C,D,maison,1990,60.8,223.0,2024-09-09,11,simule_distributions_ademe_2023
77162,E,E,appartement,1993,92.7,491.0,2024-09-10,11,simule_distributions_ademe_2023
77167,G,E,maison,1954,105.7,426.0,2024-09-10,11,simule_distributions_ademe_2023
94124,E,E,maison,1987,96.0,416.0,2024-09-10,11,simule_distributions_ademe_2023
92348,F,E,appartement,1920,69.7,430.0,2024-09-10,11,simule_distributions_ademe_2023
91114,A,F,appartement,1987,74.8,98.0,2024-09-11,11,simule_distributions_ademe_2023
91167,C,D,appartement,1994,53.2,309.0,2024-09-11,11,simule_distributions_ademe_2023
78073,C,C,maison,2010,93.9,307.0,2024-09-11,11,simule_distributions_ademe_2023
92026,B,B,maison,1995,64.1,125.0,2024-09-11,11,simule_distributions_ademe_2023
92228,F,F,appartement,1967,60.0,481.0,2024-09-12,11,simule_distributions_ademe_2023
75028,E,C,appartement,1989,110.3,558.0,2024-09-12,11,simule_distributions_ademe_2023
78019,D,D,appartement,1994,64.5,195.0,2024-09-12,11,simule_distributions_ademe_2023
92109,E,D,maison,1983,45.4,527.0,2024-09-13,11,simule_distributions_ademe_2023
77054,D,E,maison,1989,88.5,200.0,2024-09-13,11,simule_distributions_ademe_2023
78373,E,E,maison,1986,50.3,382.0,2024-09-13,11,simule_distributions_ademe_2023
93194,G,F,appartement,1923,79.1,432.0,2024-09-13,11,simule_distributions_ademe_2023
94155,D,D,immeuble,1994,32.8,214.0,2024-09-14,11,simule_distributions_ademe_2023
92198,D,D,appartement,1988,22.6,166.0,2024-09-14,11,simule_distributions_ademe_2023
91261,D,B,appartement,1970,62.2,309.0,2024-09-14,11,simule_distributions_ademe_2023
95014,B,D,immeuble,2011,59.7,136.0,2024-09-14,11,simule_distributions_ademe_2023
95377,E,E,appartement,1965,87.6,378.0,2024-09-15,11,simule_distributions_ademe_2023
95260,D,D,appartement,1979,39.0,316.0,2024-09-15,11,simule_distributions_ademe_2023
78018,D,D,immeuble,1969,69.5,258.0,2024-09-15,11,simule_distributions_ademe_2023
78337,D,D,appartement,1987,46.2,205.0,2024-09-15,11,simule_distributions_ademe_2023
93012,F,F,maison,1928,107.8,563.0,2024-09-16,11,simule_distributions_ademe_2023
78083,E,E,appartement,1987,40.7,535.0,2024-09-16,11,simule_distributions_ademe_2023
91221,D,E,immeuble,1984,51.0,239.0,2024-09-16,11,simule_distributions_ademe_2023
78104,E,C,appartement,1977,41.0,536.0,2024-09-16,11,simule_distributions_ademe_2023
77262,E,F,maison,1986,53.5,475.0,2024-09-17,11,simule_distributions_ademe_2023
95094,E,E,maison,1974,78.2,380.0,2024-09-17,11,simule_distributions_ademe_2023
94348,G,G,appartement,1973,100.3,653.0,2024-09-17,11,simule_distributions_ademe_2023
95381,F,C,maison,1956,176.4,588.0,2024-09-17,11,simule_distributions_ademe_2023
77010,C,G,immeuble,2014,85.5,264.0,2024-09-18,11,simule_distributions_ademe_2023
95273,C,E,maison,2019,72.6,248.0,2024-09-18,11,simule_distributions_ademe_2023
92069,C,C,maison,2017,122.8,276.0,2024-09-18,11,simule_distributions_ademe_2023
75081,F,D,maison,1960,84.6,435.0,2024-09-18,11,simule_distributions_ademe_2023
91227,E,G,immeuble,1980,59.5,668.0,2024-09-19,11,simule_distributions_ademe_2023
78097,E,A,appartement,1992,40.7,523.0,2024-09-19,11,simule_distributions_ademe_2023
78278,A,C,maison,1987,96.1,51.0,2024-09-19,11,simule_distributions_ademe_2023
77363,B,D,appartement,2000,149.0,51.0,2024-09-19,11,simule_distributions_ademe_2023
94389,D,E,appartement,1990,48.2,207.0,2024-09-20,11,simule_distributions_ademe_2023
91217,D,D,immeuble,1989,122.5,237.0,2024-09-20,11,simule_distributions_ademe_2023
94023,E,G,maison,1979,28.5,658.0,2024-09-20,11,simule_distributions_ademe_2023
93310,C,G,appartement,1990,139.2,226.0,2024-09-20,11,simule_distributions_ademe_2023
91265,E,F,appartement,1978,86.3,447.0,2024-09-21,11,simule_distributions_ademe_2023
91385,E,E,appartement,1970,37.3,479.0,2024-09-21,11,simule_distributions_ademe_2023
92108,F,A,maison,1961,80.7,691.0,2024-09-21,11,simule_distributions_ademe_2023
91375,D,E,appartement,1984,19.1,210.0,2024-09-21,11,simule_distributions_ademe_2023
92234,E,F,appartement,1971,57.2,665.0,2024-09-22,11,simule_distributions_ademe_2023
94116,D,E,maison,1979,76.1,227.0,2024-09-22,11,simule_distributions_ademe_2023
94300,C,C,maison,2007,55.7,265.0,2024-09-22,11,simule_distributions_ademe_2023
77113,F,G,maison,1954,34.5,406.0,2024-09-22,11,simule_distributions_ademe_2023
78309,D,F,maison,1978,57.5,275.0,2024-09-23,11,simule_distributions_ademe_2023
91011,D,G,maison,1991,155.2,244.0,2024-09-23,11,simule_distributions_ademe_2023
77279,D,G,maison,1984,48.6,280.0,2024-09-23,11,simule_distributions_ademe_2023
95103,E,F,appartement,1985,48.4,371.0,2024-09-24,11,simule_distributions_ademe_2023
95393,D,G,appartement,1968,85.8,257.0,2024-09-24,11,simule_distributions_ademe_2023
91024,D,G,immeuble,1983,66.9,169.0,2024-09-24,11,simule_distributions_ademe_2023
94381,F,F,appartement,1926,67.0,683.0,2024-09-24,11,simule_distributions_ademe_2023
95194,D,D,immeuble,1968,82.7,235.0,2024-09-25,11,simule_distributions_ademe_2023
92257,C,D,appartement,2006,90.9,267.0,2024-09-25,11,simule_distributions_ademe_2023
77099,F,D,appartement,1968,109.7,418.0,2024-09-25,11,simule_distributions_ademe_2023
78367,E,D,appartement,1978,51.9,574.0,2024-09-25,11,simule_distributions_ademe_2023
95125,D,A,maison,1983,28.1,188.0,2024-09-26,11,simule_distributions_ademe_2023
91190,A,D,appartement,2005,82.5,136.0,2024-09-26,11,simule_distributions_ademe_2023
77106,G,F,appartement,1921,97.7,343.0,2024-09-26,11,simule_distributions_ademe_2023
77313,D,E,appartement,1967,41.8,267.0,2024-09-26,11,simule_distributions_ademe_2023
93112,G,A,maison,1942,39.4,385.0,2024-09-27,11,simule_distributions_ademe_2023
78037,D,F,appartement,1985,82.5,203.0,2024-09-27,11,simule_distributions_ademe_2023
78360,E,E,maison,1973,86.3,338.0,2024-09-27,11,simule_distributions_ademe_2023
95217,D,F,appartement,1970,71.5,191.0,2024-09-27,11,simule_distributions_ademe_2023
77189,D,F,appartement,1976,148.3,197.0,2024-09-28,11,simule_distributions_ademe_2023
95360,E,E,appartement,1993,45.8,570.0,2024-09-28,11,simule_distributions_ademe_2023
94198,D,D,maison,1982,59.1,316.0,2024-09-28,11,simule_distributions_ademe_2023
91300,A,F,appartement,1986,63.7,130.0,2024-09-28,11,simule_distributions_ademe_2023
91097,D,C,maison,1975,23.4,177.0,2024-09-29,11,simule_distributions_ademe_2023
91089,F,F,maison,1952,44.1,552.0,2024-09-29,11,simule_distributions_ademe_2023
93198,A,D,appartement,1991,32.3,95.0,2024-09-29,11,simule_distributions_ademe_2023
91046,C,E,maison,2014,202.3,166.0,2024-09-29,11,simule_distributions_ademe_2023
94086,C,C,immeuble,1989,160.4,236.0,2024-09-30,11,simule_distributions_ademe_2023
77196,E,E,maison,1990,163.5,578.0,2024-09-30,11,simule_distributions_ademe_2023
95275,F,F,maison,1953,41.9,480.0,2024-09-30,11,simule_distributions_ademe_2023
91120,E,B,maison,1992,29.6,580.0,2024-09-30,11,simule_distributions_ademe_2023
92053,C,E,maison,2011,96.7,216.0,2024-10-01,11,simule_distributions_ademe_2023
95018,C,E,appartement,1998,43.6,197.0,2024-10-01,11,simule_distributions_ademe_2023
92358,B,E,appartement,1999,136.4,90.0,2024-10-01,11,simule_distributions_ademe_2023
95288,C,G,appartement,1999,57.1,323.0,2024-10-01,11,simule_distributions_ademe_2023
91244,C,D,appartement,2010,45.6,212.0,2024-10-02,11,simule_distributions_ademe_2023
94350,E,G,appartement,1992,47.6,333.0,2024-10-02,11,simule_distributions_ademe_2023
78153,G,F,appartement,1972,52.0,374.0,2024-10-02,11,simule_distributions_ademe_2023
92300,C,D,maison,2000,79.0,190.0,2024-10-02,11,simule_distributions_ademe_2023
75029,E,F,maison,1988,131.2,468.0,2024-10-03,11,simule_distributions_ademe_2023
91360,C,D,maison,2014,104.1,308.0,2024-10-03,11,simule_distributions_ademe_2023
75125,E,C,appartement,1984,50.4,696.0,2024-10-03,11,simule_distributions_ademe_2023
91234,F,F,maison,1931,78.2,401.0,2024-10-03,11,simule_distributions_ademe_2023
77183,C,B,appartement,2000,101.6,179.0,2024-10-04,11,simule_distributions_ademe_2023
94364,E,D,maison,1994,164.4,391.0,2024-10-04,11,simule_distributions_ademe_2023
93211,D,E,maison,1990,64.9,289.0,2024-10-04,11,simule_distributions_ademe_2023
94377,C,G,maison,1992,73.2,232.0,2024-10-05,11,simule_distributions_ademe_2023
77154,E,D,maison,1990,84.3,533.0,2024-10-05,11,simule_distributions_ademe_2023
92117,E,D,maison,1976,43.6,614.0,2024-10-05,11,simule_distributions_ademe_2023
94017,E,A,appartement,1975,146.8,680.0,2024-10-05,11,simule_distributions_ademe_2023
93051,B,D,appartement,2001,99.3,128.0,2024-10-06,11,simule_distributions_ademe_2023
91030,E,F,maison,1988,150.7,501.0,2024-10-06,11,simule_distributions_ademe_2023
78328,G,G,maison,1929,132.1,341.0,2024-10-06,11,simule_distributions_ademe_2023
75149,D,G,appartement,1991,28.6,231.0,2024-10-06,11,simule_distributions_ademe_2023
95017,E,D,appartement,1989,62.5,666.0,2024-10-07,11,simule_distributions_ademe_2023
92057,D,F,appartement,1965,55.2,168.0,2024-10-07,11,simule_distributions_ademe_2023
95150,B,C,appartement,2004,56.0,89.0,2024-10-07,11,simule_distributions_ademe_2023
75088,C,E,appartement,1994,65.3,281.0,2024-10-07,11,simule_distributions_ademe_2023
91350,D,E,appartement,1994,164.7,245.0,2024-10-08,11,simule_distributions_ademe_2023
94051,D,G,appartement,1981,141.1,249.0,2024-10-08,11,simule_distributions_ademe_2023
91123,D,D,appartement,1990,48.2,223.0,2024-10-08,11,simule_distributions_ademe_2023
93226,C,F,appartement,2017,333.8,283.0,2024-10-08,11,simule_distributions_ademe_2023
92375,C,C,appartement,1988,74.7,230.0,2024-10-09,11,simule_distributions_ademe_2023
94271,B,F,appartement,2010,76.0,72.0,2024-10-09,11,simule_distributions_ademe_2023
91172,E,D,maison,1967,77.3,571.0,2024-10-09,11,simule_distributions_ademe_2023
93326,G,E,appartement,1937,133.2,524.0,2024-10-09,11,simule_distributions_ademe_2023
93171,E,C,maison,1992,115.5,675.0,2024-10-10,11,simule_distributions_ademe_2023
78209,D,F,appartement,1987,210.0,312.0,2024-10-10,11,simule_distributions_ademe_2023
91134,D,D,appartement,1989,79.6,160.0,2024-10-10,11,simule_distributions_ademe_2023
91283,E,G,maison,1975,69.4,636.0,2024-10-10,11,simule_distributions_ademe_2023
91143,D,E,appartement,1991,50.9,269.0,2024-10-11,11,simule_distributions_ademe_2023
77189,D,D,maison,1972,77.7,156.0,2024-10-11,11,simule_distributions_ademe_2023
77046,D,F,immeuble,1987,28.3,171.0,2024-10-11,11,simule_distributions_ademe_2023
94352,A,F,maison,2014,43.0,82.0,2024-10-11,11,simule_distributions_ademe_2023
91307,G,F,appartement,1957,219.9,351.0,2024-10-12,11,simule_distributions_ademe_2023
91228,F,E,maison,1949,33.2,465.0,2024-10-12,11,simule_distributions_ademe_2023
78160,E,B,maison,1976,167.5,558.0,2024-10-12,11,simule_distributions_ademe_2023
77001,C,D,appartement,1985,127.2,223.0,2024-10-12,11,simule_distributions_ademe_2023
94320,F,D,appartement,1962,118.6,698.0,2024-10-13,11,simule_distributions_ademe_2023
95255,D,E,appartement,1967,84.8,160.0,2024-10-13,11,simule_distributions_ademe_2023
77047,D,E,appartement,1966,90.7,172.0,2024-10-13,11,simule_distributions_ademe_2023
77135,C,G,appartement,2016,93.0,161.0,2024-10-13,11,simule_distributions_ademe_2023
95010,G,D,maison,1957,93.6,429.0,2024-10-14,11,simule_distributions_ademe_2023
78232,E,E,appartement,1973,70.8,649.0,2024-10-14,11,simule_distributions_ademe_2023
77099,D,F,maison,1977,92.6,157.0,2024-10-14,11,simule_distributions_ademe_2023
75142,G,D,appartement,1949,129.8,656.0,2024-10-14,11,simule_distributions_ademe_2023
77342,G,C,appartement,1958,50.2,375.0,2024-10-15,11,simule_distributions_ademe_2023
77297,D,C,maison,1986,43.4,226.0,2024-10-15,11,simule_distributions_ademe_2023
95208,C,G,appartement,2001,100.9,187.0,2024-10-15,11,simule_distributions_ademe_2023
95253,A,B,appartement,1989,35.2,81.0,2024-10-16,11,simule_distributions_ademe_2023
75108,D,E,maison,1967,86.3,205.0,2024-10-16,11,simule_distributions_ademe_2023
77114,D,E,appartement,1986,107.3,179.0,2024-10-16,11,simule_distributions_ademe_2023
92344,C,E,appartement,2006,114.8,165.0,2024-10-16,11,simule_distributions_ademe_2023
92069,B,F,appartement,2014,94.5,86.0,2024-10-17,11,simule_distributions_ademe_2023
93095,C,E,maison,2001,36.2,196.0,2024-10-17,11,simule_distributions_ademe_2023
91172,C,D,appartement,1998,39.0,270.0,2024-10-17,11,simule_distributions_ademe_2023
92383,E,F,maison,1970,44.1,453.0,2024-10-17,11,simule_distributions_ademe_2023
93318,E,E,maison,1987,56.7,397.0,2024-10-18,11,simule_distributions_ademe_2023
92115,B,B,maison,2016,32.8,134.0,2024-10-18,11,simule_distributions_ademe_2023
95195,G,C,appartement,1932,81.3,433.0,2024-10-18,11,simule_distributions_ademe_2023
92125,A,D,maison,2015,95.1,54.0,2024-10-18,11,simule_distributions_ademe_2023
92267,A,E,maison,2003,62.2,105.0,2024-10-19,11,simule_distributions_ademe_2023
93063,B,E,maison,2013,22.3,121.0,2024-10-19,11,simule_distributions_ademe_2023
94192,D,F,maison,1979,79.6,270.0,2024-10-19,11,simule_distributions_ademe_2023
78014,D,E,maison,1978,57.1,232.0,2024-10-19,11,simule_distributions_ademe_2023
92229,C,D,appartement,1993,105.0,258.0,2024-10-20,11,simule_distributions_ademe_2023
78238,E,E,appartement,1966,90.1,473.0,2024-10-20,11,simule_distributions_ademe_2023
91280,F,E,immeuble,1973,82.4,668.0,2024-10-20,11,simule_distributions_ademe_2023
94249,D,F,appartement,1990,109.5,293.0,2024-10-20,11,simule_distributions_ademe_2023
91266,G,E,maison,1923,201.4,613.0,2024-10-21,11,simule_distributions_ademe_2023
92055,C,E,maison,1995,58.7,249.0,2024-10-21,11,simule_distributions_ademe_2023
94164,D,G,maison,1992,84.4,241.0,2024-10-21,11,simule_distributions_ademe_2023
92109,D,C,maison,1966,102.3,204.0,2024-10-21,11,simule_distributions_ademe_2023
94076,E,E,appartement,1994,111.3,539.0,2024-10-22,11,simule_distributions_ademe_2023
93329,A,E,appartement,1992,138.9,71.0,2024-10-22,11,simule_distributions_ademe_2023
93151,E,A,appartement,1968,60.2,408.0,2024-10-22,11,simule_distributions_ademe_2023
92351,D,F,appartement,1970,100.3,169.0,2024-10-22,11,simule_distributions_ademe_2023
91058,F,C,maison,1962,134.2,488.0,2024-10-23,11,simule_distributions_ademe_2023
77134,F,E,maison,1971,116.0,672.0,2024-10-23,11,simule_distributions_ademe_2023
93380,C,E,maison,2016,161.1,317.0,2024-10-23,11,simule_distributions_ademe_2023
94354,C,C,maison,1998,53.8,170.0,2024-10-23,11,simule_distributions_ademe_2023
93088,D,E,appartement,1986,59.0,247.0,2024-10-24,11,simule_distributions_ademe_2023
94121,D,A,maison,1966,78.0,183.0,2024-10-24,11,simule_distributions_ademe_2023
78213,G,G,appartement,1929,109.5,458.0,2024-10-24,11,simule_distributions_ademe_2023
93240,D,C,maison,1980,105.5,255.0,2024-10-24,11,simule_distributions_ademe_2023
92312,D,G,appartement,1993,88.5,181.0,2024-10-25,11,simule_distributions_ademe_2023
93319,E,G,maison,1965,42.0,458.0,2024-10-25,11,simule_distributions_ademe_2023
77384,C,C,appartement,1999,74.4,251.0,2024-10-25,11,simule_distributions_ademe_2023
94067,F,D,maison,1967,50.8,352.0,2024-10-25,11,simule_distributions_ademe_2023
77021,D,G,maison,1989,80.9,206.0,2024-10-26,11,simule_distributions_ademe_2023
91125,F,F,maison,1948,92.4,546.0,2024-10-26,11,simule_distributions_ademe_2023
94269,B,D,maison,1993,61.8,67.0,2024-10-26,11,simule_distributions_ademe_2023
94006,G,D,immeuble,1944,104.1,362.0,2024-10-27,11,simule_distributions_ademe_2023
91090,C,E,appartement,2013,60.9,310.0,2024-10-27,11,simule_distributions_ademe_2023
91260,B,D,maison,1990,47.5,107.0,2024-10-27,11,simule_distributions_ademe_2023
94271,D,D,appartement,1983,45.4,274.0,2024-10-27,11,simule_distributions_ademe_2023
93227,E,G,appartement,1994,112.4,537.0,2024-10-28,11,simule_distributions_ademe_2023
93286,D,C,appartement,1984,98.1,302.0,2024-10-28,11,simule_distributions_ademe_2023
95180,D,E,appartement,1981,67.7,286.0,2024-10-28,11,simule_distributions_ademe_2023
95260,F,E,appartement,1969,43.0,491.0,2024-10-28,11,simule_distributions_ademe_2023
93357,D,E,maison,1992,70.2,192.0,2024-10-29,11,simule_distributions_ademe_2023
92065,F,G,maison,1933,63.2,670.0,2024-10-29,11,simule_distributions_ademe_2023
92269,D,F,maison,1982,83.9,178.0,2024-10-29,11,simule_distributions_ademe_2023
94396,D,F,maison,1983,55.2,275.0,2024-10-29,11,simule_distributions_ademe_2023
94032,C,F,appartement,1995,76.1,260.0,2024-10-30,11,simule_distributions_ademe_2023
91275,F,E,maison,1941,114.1,479.0,2024-10-30,11,simule_distributions_ademe_2023
92188,D,F,appartement,1982,96.9,207.0,2024-10-30,11,simule_distributions_ademe_2023
93041,D,G,maison,1991,92.0,230.0,2024-10-30,11,simule_distributions_ademe_2023
94195,C,D,appartement,2009,190.0,278.0,2024-10-31,11,simule_distributions_ademe_2023
91045,C,D,appartement,1992,91.9,328.0,2024-10-31,11,simule_distributions_ademe_2023
78397,F,C,maison,1947,69.4,377.0,2024-10-31,11,simule_distributions_ademe_2023
91203,G,E,maison,1945,21.4,583.0,2024-10-31,11,simule_distributions_ademe_2023
95150,C,E,appartement,1987,58.1,157.0,2024-11-01,11,simule_distributions_ademe_2023
93167,E,C,maison,1982,48.8,661.0,2024-11-01,11,simule_distributions_ademe_2023
94212,E,F,maison,1974,51.9,553.0,2024-11-01,11,simule_distributions_ademe_2023
91044,C,C,maison,2014,46.2,194.0,2024-11-01,11,simule_distributions_ademe_2023
77377,D,C,appartement,1985,126.8,178.0,2024-11-02,11,simule_distributions_ademe_2023
95294,F,E,maison,1927,91.9,618.0,2024-11-02,11,simule_distributions_ademe_2023
93053,G,G,maison,1970,91.1,511.0,2024-11-02,11,simule_distributions_ademe_2023
95171,D,C,appartement,1977,45.5,170.0,2024-11-02,11,simule_distributions_ademe_2023
78126,F,E,appartement,1923,109.8,641.0,2024-11-03,11,simule_distributions_ademe_2023
95126,C,F,maison,1999,70.4,306.0,2024-11-03,11,simule_distributions_ademe_2023
77241,C,E,maison,1988,41.7,299.0,2024-11-03,11,simule_distributions_ademe_2023
77002,D,D,appartement,1987,123.3,276.0,2024-11-03,11,simule_distributions_ademe_2023
77266,E,C,maison,1965,98.7,486.0,2024-11-04,11,simule_distributions_ademe_2023
78280,D,D,appartement,1987,52.6,163.0,2024-11-04,11,simule_distributions_ademe_2023
92150,B,E,maison,2002,106.6,138.0,2024-11-04,11,simule_distributions_ademe_2023
93240,F,F,maison,1922,23.9,380.0,2024-11-04,11,simule_distributions_ademe_2023
91302,C,D,appartement,2014,27.6,259.0,2024-11-05,11,simule_distributions_ademe_2023
94283,C,B,maison,1985,65.3,161.0,2024-11-05,11,simule_distributions_ademe_2023
94223,D,D,appartement,1993,193.3,198.0,2024-11-05,11,simule_distributions_ademe_2023
91342,B,A,immeuble,2002,39.0,145.0,2024-11-05,11,simule_distributions_ademe_2023
91209,G,D,maison,1936,114.7,565.0,2024-11-06,11,simule_distributions_ademe_2023
78367,A,C,appartement,2000,34.8,63.0,2024-11-06,11,simule_distributions_ademe_2023
77225,D,E,immeuble,1969,135.2,307.0,2024-11-06,11,simule_distributions_ademe_2023
77075,E,E,appartement,1979,52.1,402.0,2024-11-07,11,simule_distributions_ademe_2023
93142,A,D,appartement,2019,30.4,64.0,2024-11-07,11,simule_distributions_ademe_2023
93274,C,C,appartement,2016,98.3,251.0,2024-11-07,11,simule_distributions_ademe_2023
92344,A,C,appartement,1995,91.3,79.0,2024-11-07,11,simule_distributions_ademe_2023
77089,D,G,appartement,1972,75.8,232.0,2024-11-08,11,simule_distributions_ademe_2023
78004,E,G,maison,1965,55.3,410.0,2024-11-08,11,simule_distributions_ademe_2023
92247,F,E,appartement,1969,96.5,608.0,2024-11-08,11,simule_distributions_ademe_2023
78040,E,G,appartement,1976,46.4,564.0,2024-11-08,11,simule_distributions_ademe_2023
92204,F,F,maison,1968,24.8,602.0,2024-11-09,11,simule_distributions_ademe_2023
78124,D,A,maison,1988,74.0,324.0,2024-11-09,11,simule_distributions_ademe_2023
77264,E,E,appartement,1978,69.2,369.0,2024-11-09,11,simule_distributions_ademe_2023
75030,G,B,immeuble,1958,39.6,486.0,2024-11-09,11,simule_distributions_ademe_2023
94322,C,E,appartement,2016,165.0,195.0,2024-11-10,11,simule_distributions_ademe_2023
78212,C,E,appartement,2011,62.4,200.0,2024-11-10,11,simule_distributions_ademe_2023
91015,B,F,appartement,1998,54.0,58.0,2024-11-10,11,simule_distributions_ademe_2023
78308,E,D,appartement,1966,52.7,379.0,2024-11-10,11,simule_distributions_ademe_2023
95243,D,B,immeuble,1988,22.0,238.0,2024-11-11,11,simule_distributions_ademe_2023
94143,F,C,appartement,1958,36.0,597.0,2024-11-11,11,simule_distributions_ademe_2023
91335,D,D,maison,1971,62.0,210.0,2024-11-11,11,simule_distributions_ademe_2023
78171,F,B,maison,1962,42.3,359.0,2024-11-11,11,simule_distributions_ademe_2023
93031,D,G,maison,1969,52.6,203.0,2024-11-12,11,simule_distributions_ademe_2023
78377,E,D,maison,1966,72.2,524.0,2024-11-12,11,simule_distributions_ademe_2023
77095,A,G,appartement,2006,37.8,120.0,2024-11-12,11,simule_distributions_ademe_2023
95284,B,E,appartement,1995,52.5,148.0,2024-11-12,11,simule_distributions_ademe_2023
93311,B,G,maison,1992,45.0,65.0,2024-11-13,11,simule_distributions_ademe_2023
94162,C,F,maison,2017,82.5,325.0,2024-11-13,11,simule_distributions_ademe_2023
78395,D,D,maison,1994,137.1,193.0,2024-11-13,11,simule_distributions_ademe_2023
94192,D,E,maison,1967,46.0,309.0,2024-11-13,11,simule_distributions_ademe_2023
92222,G,D,immeuble,1943,230.4,494.0,2024-11-14,11,simule_distributions_ademe_2023
95236,D,B,appartement,1983,165.0,246.0,2024-11-14,11,simule_distributions_ademe_2023
93379,A,D,appartement,1999,55.2,51.0,2024-11-14,11,simule_distributions_ademe_2023
93075,D,F,maison,1979,140.9,278.0,2024-11-14,11,simule_distributions_ademe_2023
92090,C,F,maison,2000,63.3,242.0,2024-11-15,11,simule_distributions_ademe_2023
95361,C,G,maison,1996,110.6,157.0,2024-11-15,11,simule_distributions_ademe_2023
91361,E,E,maison,1977,54.8,468.0,2024-11-15,11,simule_distributions_ademe_2023
93104,B,E,maison,1997,91.9,141.0,2024-11-15,11,simule_distributions_ademe_2023
75004,D,A,appartement,1976,94.7,286.0,2024-11-16,11,simule_distributions_ademe_2023
92025,D,D,appartement,1987,49.5,173.0,2024-11-16,11,simule_distributions_ademe_2023
94337,F,D,appartement,1936,111.4,437.0,2024-11-16,11,simule_distributions_ademe_2023
91392,F,E,maison,1962,31.2,421.0,2024-11-16,11,simule_distributions_ademe_2023
94146,E,D,appartement,1970,57.3,414.0,2024-11-17,11,simule_distributions_ademe_2023
78232,F,F,maison,1965,164.4,340.0,2024-11-17,11,simule_distributions_ademe_2023
93357,E,F,appartement,1970,41.5,684.0,2024-11-17,11,simule_distributions_ademe_2023
92373,E,G,appartement,1965,112.2,376.0,2024-11-18,11,simule_distributions_ademe_2023
77359,E,F,appartement,1987,52.6,390.0,2024-11-18,11,simule_distributions_ademe_2023
95239,D,E,appartement,1988,84.2,183.0,2024-11-18,11,simule_distributions_ademe_2023
93274,D,A,maison,1969,80.9,278.0,2024-11-18,11,simule_distributions_ademe_2023
94008,G,E,maison,1931,58.7,663.0,2024-11-19,11,simule_distributions_ademe_2023
94316,F,E,appartement,1932,177.9,498.0,2024-11-19,11,simule_distributions_ademe_2023
77310,D,F,maison,1976,112.1,294.0,2024-11-19,11,simule_distributions_ademe_2023
95120,D,F,appartement,1977,116.3,194.0,2024-11-19,11,simule_distributions_ademe_2023
92060,C,E,immeuble,2017,107.0,230.0,2024-11-20,11,simule_distributions_ademe_2023
95035,F,B,appartement,1933,63.0,432.0,2024-11-20,11,simule_distributions_ademe_2023
78063,E,C,maison,1970,112.2,350.0,2024-11-20,11,simule_distributions_ademe_2023
77155,D,C,appartement,1979,66.5,284.0,2024-11-20,11,simule_distributions_ademe_2023
92230,G,F,maison,1970,62.1,639.0,2024-11-21,11,simule_distributions_ademe_2023
91106,E,E,appartement,1988,92.3,392.0,2024-11-21,11,simule_distributions_ademe_2023
94248,E,F,maison,1973,43.1,375.0,2024-11-21,11,simule_distributions_ademe_2023
94398,D,E,maison,1982,45.4,281.0,2024-11-21,11,simule_distributions_ademe_2023
93274,C,E,maison,2006,97.6,185.0,2024-11-22,11,simule_distributions_ademe_2023
93112,G,F,maison,1946,121.2,624.0,2024-11-22,11,simule_distributions_ademe_2023
91035,D,E,immeuble,1983,117.4,188.0,2024-11-22,11,simule_distributions_ademe_2023
92225,F,B,maison,1950,52.6,511.0,2024-11-22,11,simule_distributions_ademe_2023
92025,E,F,maison,1990,108.3,397.0,2024-11-23,11,simule_distributions_ademe_2023
94017,D,B,maison,1966,80.3,235.0,2024-11-23,11,simule_distributions_ademe_2023
78015,D,D,appartement,1968,105.2,303.0,2024-11-23,11,simule_distributions_ademe_2023
78105,B,D,immeuble,1991,69.7,84.0,2024-11-23,11,simule_distributions_ademe_2023
91352,D,B,appartement,1994,51.0,219.0,2024-11-24,11,simule_distributions_ademe_2023
75145,G,F,maison,1972,127.3,468.0,2024-11-24,11,simule_distributions_ademe_2023
91386,D,C,immeuble,1991,73.0,265.0,2024-11-24,11,simule_distributions_ademe_2023
77183,E,F,maison,1986,76.0,644.0,2024-11-24,11,simule_distributions_ademe_2023
93282,D,C,appartement,1974,86.6,293.0,2024-11-25,11,simule_distributions_ademe_2023
95105,A,G,maison,1994,32.0,89.0,2024-11-25,11,simule_distributions_ademe_2023
94096,E,G,appartement,1983,101.5,501.0,2024-11-25,11,simule_distributions_ademe_2023
92055,E,D,immeuble,1975,99.9,534.0,2024-11-25,11,simule_distributions_ademe_2023
93324,D,F,maison,1971,32.9,304.0,2024-11-26,11,simule_distributions_ademe_2023
77259,D,E,appartement,1976,33.7,260.0,2024-11-26,11,simule_distributions_ademe_2023
92128,D,D,maison,1974,74.7,227.0,2024-11-26,11,simule_distributions_ademe_2023
92365,D,D,maison,1979,33.0,218.0,2024-11-26,11,simule_distributions_ademe_2023
93250,C,E,appartement,2019,84.7,196.0,2024-11-27,11,simule_distributions_ademe_2023
77122,G,E,appartement,1943,44.0,492.0,2024-11-27,11,simule_distributions_ademe_2023
95149,A,F,appartement,2007,47.1,71.0,2024-11-27,11,simule_distributions_ademe_2023
78308,G,A,maison,1945,58.3,507.0,2024-11-27,11,simule_distributions_ademe_2023
91102,B,D,maison,1992,90.1,124.0,2024-11-28,11,simule_distributions_ademe_2023
77210,D,F,appartement,1988,68.1,298.0,2024-11-28,11,simule_distributions_ademe_2023
78061,C,F,maison,2016,119.7,285.0,2024-11-28,11,simule_distributions_ademe_2023
78362,D,D,appartement,1986,144.2,175.0,2024-11-29,11,simule_distributions_ademe_2023
95269,D,F,appartement,1985,38.8,330.0,2024-11-29,11,simule_distributions_ademe_2023
95130,F,B,appartement,1954,56.8,473.0,2024-11-29,11,simule_distributions_ademe_2023
95343,E,F,immeuble,1991,74.3,491.0,2024-11-29,11,simule_distributions_ademe_2023
91368,D,C,maison,1994,116.3,226.0,2024-11-30,11,simule_distributions_ademe_2023
77176,B,D,appartement,2014,31.6,125.0,2024-11-30,11,simule_distributions_ademe_2023
95061,A,D,maison,2016,56.5,52.0,2024-11-30,11,simule_distributions_ademe_2023
93208,E,G,maison,1979,63.9,361.0,2024-11-30,11,simule_distributions_ademe_2023
94103,G,D,immeuble,1973,89.7,396.0,2024-12-01,11,simule_distributions_ademe_2023
78069,E,F,appartement,1973,127.6,508.0,2024-12-01,11,simule_distributions_ademe_2023
91057,B,D,appartement,2005,30.1,79.0,2024-12-01,11,simule_distributions_ademe_2023
95230,G,D,maison,1932,59.4,501.0,2024-12-01,11,simule_distributions_ademe_2023
95374,D,F,maison,1969,131.9,242.0,2024-12-02,11,simule_distributions_ademe_2023
95270,D,B,maison,1980,96.2,260.0,2024-12-02,11,simule_distributions_ademe_2023
92015,D,F,appartement,1972,43.5,187.0,2024-12-02,11,simule_distributions_ademe_2023
95300,D,C,maison,1980,60.3,177.0,2024-12-02,11,simule_distributions_ademe_2023
92378,C,G,appartement,2019,102.6,226.0,2024-12-03,11,simule_distributions_ademe_2023
77314,F,D,maison,1933,134.7,371.0,2024-12-03,11,simule_distributions_ademe_2023
92242,D,G,appartement,1977,27.9,161.0,2024-12-03,11,simule_distributions_ademe_2023
78093,C,B,maison,2004,82.1,255.0,2024-12-03,11,simule_distributions_ademe_2023
77253,D,F,appartement,1968,129.3,283.0,2024-12-04,11,simule_distributions_ademe_2023
92118,D,D,maison,1978,84.8,310.0,2024-12-04,11,simule_distributions_ademe_2023
93019,C,G,maison,1985,31.3,320.0,2024-12-04,11,simule_distributions_ademe_2023
78053,E,B,appartement,1968,57.0,541.0,2024-12-04,11,simule_distributions_ademe_2023
94134,E,F,maison,1985,117.4,512.0,2024-12-05,11,simule_distributions_ademe_2023
77053,D,D,maison,1980,91.2,306.0,2024-12-05,11,simule_distributions_ademe_2023
78332,D,D,appartement,1994,114.1,172.0,2024-12-05,11,simule_distributions_ademe_2023
93232,D,D,appartement,1992,57.9,299.0,2024-12-05,11,simule_distributions_ademe_2023
92192,F,A,appartement,1965,114.1,642.0,2024-12-06,11,simule_distributions_ademe_2023
92092,F,E,maison,1935,111.1,566.0,2024-12-06,11,simule_distributions_ademe_2023
78188,E,G,appartement,1978,54.2,342.0,2024-12-06,11,simule_distributions_ademe_2023
94220,E,E,maison,1988,131.6,550.0,2024-12-06,11,simule_distributions_ademe_2023
91291,C,F,maison,1992,79.4,261.0,2024-12-07,11,simule_distributions_ademe_2023
95372,E,E,maison,1972,101.7,537.0,2024-12-07,11,simule_distributions_ademe_2023
92059,F,E,maison,1964,36.2,416.0,2024-12-07,11,simule_distributions_ademe_2023
92309,C,C,appartement,1992,88.6,156.0,2024-12-07,11,simule_distributions_ademe_2023
78362,F,B,maison,1926,40.2,405.0,2024-12-08,11,simule_distributions_ademe_2023
78254,E,D,maison,1976,30.2,529.0,2024-12-08,11,simule_distributions_ademe_2023
94394,D,E,maison,1987,112.2,169.0,2024-12-08,11,simule_distributions_ademe_2023
95095,E,F,maison,1983,72.7,394.0,2024-12-08,11,simule_distributions_ademe_2023
78042,D,G,maison,1970,39.2,298.0,2024-12-09,11,simule_distributions_ademe_2023
93273,F,E,appartement,1931,83.2,493.0,2024-12-09,11,simule_distributions_ademe_2023
95139,B,G,maison,2003,47.8,105.0,2024-12-09,11,simule_distributions_ademe_2023
75012,G,D,maison,1942,145.4,474.0,2024-12-10,11,simule_distributions_ademe_2023
91283,E,F,appartement,1979,73.2,532.0,2024-12-10,11,simule_distributions_ademe_2023
93374,G,B,maison,1962,73.5,450.0,2024-12-10,11,simule_distributions_ademe_2023
94382,E,D,appartement,1972,132.2,593.0,2024-12-10,11,simule_distributions_ademe_2023
93127,E,E,maison,1977,27.2,484.0,2024-12-11,11,simule_distributions_ademe_2023
94254,E,E,appartement,1973,41.3,445.0,2024-12-11,11,simule_distributions_ademe_2023
75116,C,D,appartement,1991,99.0,189.0,2024-12-11,11,simule_distributions_ademe_2023
91290,D,E,appartement,1988,57.4,269.0,2024-12-11,11,simule_distributions_ademe_2023
91369,D,D,appartement,1967,61.7,186.0,2024-12-12,11,simule_distributions_ademe_2023
92384,D,D,maison,1986,49.8,173.0,2024-12-12,11,simule_distributions_ademe_2023
78224,D,F,appartement,1993,75.3,160.0,2024-12-12,11,simule_distributions_ademe_2023
91273,C,E,appartement,1994,56.5,204.0,2024-12-12,11,simule_distributions_ademe_2023
94296,F,F,appartement,1970,100.0,426.0,2024-12-13,11,simule_distributions_ademe_2023
77161,E,D,appartement,1972,28.4,537.0,2024-12-13,11,simule_distributions_ademe_2023
77274,E,C,maison,1977,72.4,558.0,2024-12-13,11,simule_distributions_ademe_2023
91383,D,C,appartement,1966,65.1,195.0,2024-12-13,11,simule_distributions_ademe_2023
78394,C,G,appartement,2009,46.9,194.0,2024-12-14,11,simule_distributions_ademe_2023
91125,F,F,appartement,1945,99.7,588.0,2024-12-14,11,simule_distributions_ademe_2023
95271,D,D,maison,1969,43.9,286.0,2024-12-14,11,simule_distributions_ademe_2023
91168,G,F,maison,1922,46.0,378.0,2024-12-14,11,simule_distributions_ademe_2023
78012,F,A,immeuble,1951,142.0,498.0,2024-12-15,11,simule_distributions_ademe_2023
91210,E,D,maison,1983,51.2,465.0,2024-12-15,11,simule_distributions_ademe_2023
91259,B,B,appartement,2006,71.0,93.0,2024-12-15,11,simule_distributions_ademe_2023
95261,F,E,maison,1958,42.3,358.0,2024-12-15,11,simule_distributions_ademe_2023
93102,D,F,maison,1978,71.6,224.0,2024-12-16,11,simule_distributions_ademe_2023
91354,D,C,appartement,1981,18.0,273.0,2024-12-16,11,simule_distributions_ademe_2023
93228,D,D,appartement,1986,50.2,221.0,2024-12-16,11,simule_distributions_ademe_2023
91149,D,E,appartement,1981,93.9,163.0,2024-12-16,11,simule_distributions_ademe_2023
91064,E,F,appartement,1965,85.6,669.0,2024-12-17,11,simule_distributions_ademe_2023
77261,G,D,maison,1926,66.2,393.0,2024-12-17,11,simule_distributions_ademe_2023
92139,D,D,appartement,1982,60.7,157.0,2024-12-17,11,simule_distributions_ademe_2023
95287,E,G,maison,1965,125.7,530.0,2024-12-17,11,simule_distributions_ademe_2023
78123,F,E,maison,1923,66.3,619.0,2024-12-18,11,simule_distributions_ademe_2023
91332,E,F,appartement,1973,66.7,476.0,2024-12-18,11,simule_distributions_ademe_2023
93321,G,E,appartement,1932,46.0,402.0,2024-12-18,11,simule_distributions_ademe_2023
95222,C,E,maison,1985,39.9,178.0,2024-12-18,11,simule_distributions_ademe_2023
95086,A,E,appartement,1998,54.2,117.0,2024-12-19,11,simule_distributions_ademe_2023
94258,C,D,maison,2002,187.9,235.0,2024-12-19,11,simule_distributions_ademe_2023
92216,D,D,maison,1991,70.2,219.0,2024-12-19,11,simule_distributions_ademe_2023
94393,D,E,maison,1992,44.8,312.0,2024-12-19,11,simule_distributions_ademe_2023
91040,C,D,appartement,2010,72.0,161.0,2024-12-20,11,simule_distributions_ademe_2023
77145,D,D,immeuble,1991,164.6,165.0,2024-12-20,11,simule_distributions_ademe_2023
93235,E,G,maison,1989,110.4,343.0,2024-12-20,11,simule_distributions_ademe_2023
77265,A,A,maison,1985,59.6,73.0,2024-12-21,11,simule_distributions_ademe_2023
92002,F,D,maison,1958,50.4,464.0,2024-12-21,11,simule_distributions_ademe_2023
91220,E,F,maison,1975,68.9,501.0,2024-12-21,11,simule_distributions_ademe_2023
92027,B,B,appartement,1991,77.5,97.0,2024-12-21,11,simule_distributions_ademe_2023
93122,D,E,appartement,1977,23.4,282.0,2024-12-22,11,simule_distributions_ademe_2023
95205,E,E,maison,1989,61.5,521.0,2024-12-22,11,simule_distributions_ademe_2023
95175,D,G,maison,1987,47.1,321.0,2024-12-22,11,simule_distributions_ademe_2023
93251,F,A,appartement,1932,73.9,451.0,2024-12-22,11,simule_distributions_ademe_2023
94258,C,C,appartement,2000,42.2,161.0,2024-12-23,11,simule_distributions_ademe_2023
78259,E,D,appartement,1967,64.4,547.0,2024-12-23,11,simule_distributions_ademe_2023
77059,C,F,maison,2000,86.3,225.0,2024-12-23,11,simule_distributions_ademe_2023
94223,D,G,maison,1972,46.1,185.0,2024-12-23,11,simule_distributions_ademe_2023
92331,C,G,appartement,1999,72.7,181.0,2024-12-24,11,simule_distributions_ademe_2023
92056,A,E,appartement,1987,57.2,150.0,2024-12-24,11,simule_distributions_ademe_2023
77309,D,B,appartement,1992,60.1,244.0,2024-12-24,11,simule_distributions_ademe_2023
78371,E,D,maison,1971,74.6,542.0,2024-12-24,11,simule_distributions_ademe_2023
95265,D,E,maison,1967,32.8,279.0,2024-12-25,11,simule_distributions_ademe_2023
94107,F,D,maison,1961,112.1,501.0,2024-12-25,11,simule_distributions_ademe_2023
95094,D,F,maison,1975,53.4,283.0,2024-12-25,11,simule_distributions_ademe_2023
92310,D,D,maison,1986,57.0,259.0,2024-12-25,11,simule_distributions_ademe_2023
78210,D,E,maison,1985,62.2,276.0,2024-12-26,11,simule_distributions_ademe_2023
94241,E,A,maison,1970,83.0,650.0,2024-12-26,11,simule_distributions_ademe_2023
95354,D,D,appartement,1967,54.9,192.0,2024-12-26,11,simule_distributions_ademe_2023
75121,C,F,appartement,2016,33.5,293.0,2024-12-26,11,simule_distributions_ademe_2023
92049,F,G,maison,1968,47.7,386.0,2024-12-27,11,simule_distributions_ademe_2023
94158,F,E,maison,1950,97.2,619.0,2024-12-27,11,simule_distributions_ademe_2023
92123,D,F,appartement,1982,40.2,299.0,2024-12-27,11,simule_distributions_ademe_2023
94042,C,F,appartement,2009,139.5,326.0,2024-12-27,11,simule_distributions_ademe_2023
95139,D,B,appartement,1984,99.7,295.0,2024-12-28,11,simule_distributions_ademe_2023
94102,F,E,maison,1948,39.3,670.0,2024-12-28,11,simule_distributions_ademe_2023
95215,B,E,appartement,1996,112.4,111.0,2024-12-28,11,simule_distributions_ademe_2023
78049,F,F,appartement,1967,169.3,390.0,2024-12-28,11,simule_distributions_ademe_2023
77124,C,G,maison,1992,132.1,198.0,2024-12-29,11,simule_distributions_ademe_2023
95276,E,B,maison,1993,61.6,469.0,2024-12-29,11,simule_distributions_ademe_2023
94218,C,G,appartement,2012,100.8,313.0,2024-12-29,11,simule_distributions_ademe_2023
93231,G,E,appartement,1941,43.2,614.0,2024-12-29,11,simule_distributions_ademe_2023
92289,D,E,maison,1965,137.8,251.0,2024-12-30,11,simule_distributions_ademe_2023
77303,C,E,maison,2013,45.1,250.0,2024-12-30,11,simule_distributions_ademe_2023
92007,C,F,maison,2009,171.8,288.0,2024-12-30,11,simule_distributions_ademe_2023
75131,E,F,appartement,1975,72.2,498.0,2024-12-31,11,simule_distributions_ademe_2023
