code_insee_commune_actualise,etiquette_dpe,etiquette_ges,type_batiment,annee_construction,surface_habitable_logement,consommation_energie_primaire,date_reception_dpe,region_code,source
62276,E,D,maison,1985,71.6,644.0,2021-07-01,32,simule_distributions_ademe_2023
02199,E,D,maison,1990,68.9,335.0,2021-07-01,32,simule_distributions_ademe_2023
80156,B,E,appartement,1994,89.0,115.0,2021-07-01,32,simule_distributions_ademe_2023
80022,D,B,immeuble,1975,40.6,222.0,2021-07-01,32,simule_distributions_ademe_2023
80053,F,E,maison,1930,46.9,546.0,2021-07-02,32,simule_distributions_ademe_2023
02079,D,F,appartement,1981,34.2,214.0,2021-07-02,32,simule_distributions_ademe_2023
60021,F,C,maison,1923,34.3,682.0,2021-07-02,32,simule_distributions_ademe_2023
62226,D,D,maison,1967,166.2,303.0,2021-07-02,32,simule_distributions_ademe_2023
80346,E,G,maison,1974,39.5,491.0,2021-07-03,32,simule_distributions_ademe_2023
60275,D,F,appartement,1968,93.0,221.0,2021-07-03,32,simule_distributions_ademe_2023
59329,C,E,maison,1999,18.0,298.0,2021-07-03,32,simule_distributions_ademe_2023
80083,C,B,maison,1999,63.3,211.0,2021-07-03,32,simule_distributions_ademe_2023
62204,D,C,maison,1992,61.2,219.0,2021-07-04,32,simule_distributions_ademe_2023
59053,D,E,maison,1968,36.8,301.0,2021-07-04,32,simule_distributions_ademe_2023
02278,G,E,maison,1929,80.9,497.0,2021-07-04,32,simule_distributions_ademe_2023
02263,D,E,maison,1994,57.1,156.0,2021-07-04,32,simule_distributions_ademe_2023
59037,G,G,appartement,1953,120.1,587.0,2021-07-05,32,simule_distributions_ademe_2023
62080,E,F,appartement,1982,74.4,404.0,2021-07-05,32,simule_distributions_ademe_2023
62374,F,G,maison,1945,118.5,409.0,2021-07-05,32,simule_distributions_ademe_2023
59212,D,E,maison,1975,113.7,274.0,2021-07-05,32,simule_distributions_ademe_2023
60222,C,E,appartement,1997,63.3,220.0,2021-07-06,32,simule_distributions_ademe_2023
80018,F,E,maison,1942,41.1,676.0,2021-07-06,32,simule_distributions_ademe_2023
02246,G,G,appartement,1929,47.4,563.0,2021-07-06,32,simule_distributions_ademe_2023
62293,D,C,appartement,1982,74.8,215.0,2021-07-06,32,simule_distributions_ademe_2023
62214,D,C,immeuble,1967,66.8,154.0,2021-07-07,32,simule_distributions_ademe_2023
60365,F,G,appartement,1970,55.5,339.0,2021-07-07,32,simule_distributions_ademe_2023
60164,D,D,maison,1984,86.8,254.0,2021-07-07,32,simule_distributions_ademe_2023
02056,C,D,appartement,2015,54.7,267.0,2021-07-07,32,simule_distributions_ademe_2023
59317,D,G,maison,1986,114.9,186.0,2021-07-08,32,simule_distributions_ademe_2023
80077,F,E,appartement,1923,23.6,481.0,2021-07-08,32,simule_distributions_ademe_2023
80240,E,G,maison,1975,50.5,479.0,2021-07-08,32,simule_distributions_ademe_2023
62107,D,C,maison,1970,54.1,295.0,2021-07-08,32,simule_distributions_ademe_2023
62256,F,E,maison,1960,137.4,655.0,2021-07-09,32,simule_distributions_ademe_2023
62098,F,A,appartement,1931,61.8,361.0,2021-07-09,32,simule_distributions_ademe_2023
60128,D,E,maison,1982,125.8,297.0,2021-07-09,32,simule_distributions_ademe_2023
80040,G,E,maison,1944,95.3,558.0,2021-07-09,32,simule_distributions_ademe_2023
59162,E,D,appartement,1992,100.6,464.0,2021-07-10,32,simule_distributions_ademe_2023
60381,B,E,appartement,1989,30.3,73.0,2021-07-10,32,simule_distributions_ademe_2023
59131,C,F,maison,2014,33.5,168.0,2021-07-10,32,simule_distributions_ademe_2023
02188,F,D,maison,1973,59.3,574.0,2021-07-10,32,simule_distributions_ademe_2023
59309,E,E,maison,1967,117.8,348.0,2021-07-11,32,simule_distributions_ademe_2023
60134,D,A,maison,1983,80.5,178.0,2021-07-11,32,simule_distributions_ademe_2023
80006,E,D,maison,1975,50.8,387.0,2021-07-11,32,simule_distributions_ademe_2023
02067,F,E,appartement,1947,83.3,453.0,2021-07-12,32,simule_distributions_ademe_2023
59386,F,C,appartement,1971,63.3,370.0,2021-07-12,32,simule_distributions_ademe_2023
80004,D,E,appartement,1966,38.6,202.0,2021-07-12,32,simule_distributions_ademe_2023
60177,E,B,maison,1972,85.0,509.0,2021-07-12,32,simule_distributions_ademe_2023
60005,G,F,maison,1941,47.3,597.0,2021-07-13,32,simule_distributions_ademe_2023
62307,C,G,maison,2001,22.6,255.0,2021-07-13,32,simule_distributions_ademe_2023
02019,G,C,immeuble,1949,100.3,389.0,2021-07-13,32,simule_distributions_ademe_2023
60175,B,F,maison,1993,43.2,118.0,2021-07-13,32,simule_distributions_ademe_2023
59397,F,F,appartement,1954,39.3,416.0,2021-07-14,32,simule_distributions_ademe_2023
60049,G,C,appartement,1934,64.5,475.0,2021-07-14,32,simule_distributions_ademe_2023
02071,D,D,maison,1980,113.2,255.0,2021-07-14,32,simule_distributions_ademe_2023
80146,E,C,immeuble,1982,56.0,416.0,2021-07-14,32,simule_distributions_ademe_2023
62262,G,B,appartement,1931,74.8,672.0,2021-07-15,32,simule_distributions_ademe_2023
60138,D,G,maison,1970,56.7,237.0,2021-07-15,32,simule_distributions_ademe_2023
80276,E,C,appartement,1992,122.5,545.0,2021-07-15,32,simule_distributions_ademe_2023
80315,F,G,appartement,1927,41.0,357.0,2021-07-15,32,simule_distributions_ademe_2023
59036,D,D,maison,1989,55.0,328.0,2021-07-16,32,simule_distributions_ademe_2023
02204,D,F,appartement,1969,128.8,250.0,2021-07-16,32,simule_distributions_ademe_2023
60100,F,E,maison,1955,209.0,691.0,2021-07-16,32,simule_distributions_ademe_2023
62366,F,E,appartement,1967,36.0,482.0,2021-07-16,32,simule_distributions_ademe_2023
80231,B,E,appartement,2019,74.3,73.0,2021-07-17,32,simule_distributions_ademe_2023
02357,D,G,maison,1986,44.2,206.0,2021-07-17,32,simule_distributions_ademe_2023
60270,E,B,appartement,1969,65.6,449.0,2021-07-17,32,simule_distributions_ademe_2023
60330,C,F,appartement,2008,33.7,317.0,2021-07-17,32,simule_distributions_ademe_2023
59209,E,C,appartement,1971,75.6,548.0,2021-07-18,32,simule_distributions_ademe_2023
59215,B,D,maison,2011,61.5,84.0,2021-07-18,32,simule_distributions_ademe_2023
59093,F,C,appartement,1960,31.6,415.0,2021-07-18,32,simule_distributions_ademe_2023
80299,C,F,maison,2002,54.2,242.0,2021-07-18,32,simule_distributions_ademe_2023
62097,G,B,maison,1964,39.7,421.0,2021-07-19,32,simule_distributions_ademe_2023
60074,D,D,maison,1967,47.7,267.0,2021-07-19,32,simule_distributions_ademe_2023
62338,E,E,maison,1973,105.3,431.0,2021-07-19,32,simule_distributions_ademe_2023
62023,F,C,appartement,1925,58.6,508.0,2021-07-19,32,simule_distributions_ademe_2023
02079,E,E,maison,1993,37.1,582.0,2021-07-20,32,simule_distributions_ademe_2023
02283,B,E,appartement,1998,38.6,145.0,2021-07-20,32,simule_distributions_ademe_2023
60143,C,F,appartement,1993,55.6,198.0,2021-07-20,32,simule_distributions_ademe_2023
59127,D,B,appartement,1970,72.9,165.0,2021-07-20,32,simule_distributions_ademe_2023
02317,G,C,maison,1948,42.6,558.0,2021-07-21,32,simule_distributions_ademe_2023
60080,F,B,appartement,1941,44.1,423.0,2021-07-21,32,simule_distributions_ademe_2023
80216,E,D,appartement,1969,97.8,548.0,2021-07-21,32,simule_distributions_ademe_2023
59241,E,C,maison,1989,79.7,612.0,2021-07-21,32,simule_distributions_ademe_2023
62014,F,E,maison,1926,89.5,403.0,2021-07-22,32,simule_distributions_ademe_2023
02289,F,B,maison,1944,99.8,601.0,2021-07-22,32,simule_distributions_ademe_2023
80123,F,C,maison,1936,101.3,552.0,2021-07-22,32,simule_distributions_ademe_2023
62064,C,D,maison,2004,82.8,291.0,2021-07-23,32,simule_distributions_ademe_2023
62080,G,D,maison,1939,66.3,617.0,2021-07-23,32,simule_distributions_ademe_2023
59089,E,F,appartement,1972,128.8,511.0,2021-07-23,32,simule_distributions_ademe_2023
59095,D,F,appartement,1984,63.2,251.0,2021-07-23,32,simule_distributions_ademe_2023
60105,C,D,maison,1998,106.5,291.0,2021-07-24,32,simule_distributions_ademe_2023
02318,G,F,maison,1966,35.5,687.0,2021-07-24,32,simule_distributions_ademe_2023
80347,B,F,appartement,1993,46.1,72.0,2021-07-24,32,simule_distributions_ademe_2023
62021,A,E,appartement,1993,73.5,60.0,2021-07-24,32,simule_distributions_ademe_2023
62094,B,D,maison,1991,45.8,131.0,2021-07-25,32,simule_distributions_ademe_2023
60224,F,E,appartement,1920,76.1,672.0,2021-07-25,32,simule_distributions_ademe_2023
62311,G,C,maison,1956,45.9,658.0,2021-07-25,32,simule_distributions_ademe_2023
60169,F,G,appartement,1936,72.3,494.0,2021-07-25,32,simule_distributions_ademe_2023
60048,F,F,maison,1956,74.6,681.0,2021-07-26,32,simule_distributions_ademe_2023
60210,D,E,appartement,1982,52.3,224.0,2021-07-26,32,simule_distributions_ademe_2023
80258,G,G,appartement,1945,53.8,583.0,2021-07-26,32,simule_distributions_ademe_2023
62340,E,G,immeuble,1990,63.3,424.0,2021-07-26,32,simule_distributions_ademe_2023
80390,F,D,maison,1963,51.1,535.0,2021-07-27,32,simule_distributions_ademe_2023
59044,B,F,appartement,1997,105.1,147.0,2021-07-27,32,simule_distributions_ademe_2023
60346,E,F,appartement,1987,129.7,552.0,2021-07-27,32,simule_distributions_ademe_2023
62376,A,E,immeuble,1998,108.7,54.0,2021-07-27,32,simule_distributions_ademe_2023
59177,E,D,maison,1978,89.2,663.0,2021-07-28,32,simule_distributions_ademe_2023
80133,D,F,appartement,1982,71.2,310.0,2021-07-28,32,simule_distributions_ademe_2023
62338,F,E,appartement,1920,18.0,620.0,2021-07-28,32,simule_distributions_ademe_2023
60058,E,G,maison,1971,60.4,480.0,2021-07-28,32,simule_distributions_ademe_2023
80357,C,F,appartement,1998,23.2,314.0,2021-07-29,32,simule_distributions_ademe_2023
62202,E,C,appartement,1980,124.3,418.0,2021-07-29,32,simule_distributions_ademe_2023
59178,D,D,appartement,1985,54.5,230.0,2021-07-29,32,simule_distributions_ademe_2023
60312,B,B,immeuble,2008,109.4,93.0,2021-07-29,32,simule_distributions_ademe_2023
59375,F,B,maison,1964,62.1,622.0,2021-07-30,32,simule_distributions_ademe_2023
62122,E,F,appartement,1966,56.3,475.0,2021-07-30,32,simule_distributions_ademe_2023
02042,D,D,maison,1981,119.4,152.0,2021-07-30,32,simule_distributions_ademe_2023
02105,E,E,appartement,1992,74.9,529.0,2021-07-30,32,simule_distributions_ademe_2023
60092,D,F,maison,1969,183.6,292.0,2021-07-31,32,simule_distributions_ademe_2023
59018,C,E,appartement,1994,44.8,213.0,2021-07-31,32,simule_distributions_ademe_2023
62070,G,E,immeuble,1961,37.3,538.0,2021-07-31,32,simule_distributions_ademe_2023
62205,F,F,maison,1964,105.5,459.0,2021-07-31,32,simule_distributions_ademe_2023
02311,F,F,maison,1923,82.6,685.0,2021-08-01,32,simule_distributions_ademe_2023
62272,F,D,immeuble,1959,94.8,571.0,2021-08-01,32,simule_distributions_ademe_2023
60043,C,C,appartement,1994,55.4,210.0,2021-08-01,32,simule_distributions_ademe_2023
02119,B,C,maison,1987,39.3,108.0,2021-08-01,32,simule_distributions_ademe_2023
60314,E,C,maison,1974,27.2,363.0,2021-08-02,32,simule_distributions_ademe_2023
60011,E,G,immeuble,1980,51.8,354.0,2021-08-02,32,simule_distributions_ademe_2023
80266,D,D,maison,1993,125.5,244.0,2021-08-02,32,simule_distributions_ademe_2023
59190,E,C,appartement,1981,113.3,644.0,2021-08-03,32,simule_distributions_ademe_2023
60394,D,D,maison,1980,47.6,239.0,2021-08-03,32,simule_distributions_ademe_2023
62306,E,F,appartement,1979,173.3,535.0,2021-08-03,32,simule_distributions_ademe_2023
60170,G,C,maison,1938,56.5,505.0,2021-08-03,32,simule_distributions_ademe_2023
62042,G,D,appartement,1935,83.8,593.0,2021-08-04,32,simule_distributions_ademe_2023
60264,F,B,appartement,1971,77.8,590.0,2021-08-04,32,simule_distributions_ademe_2023
60002,D,D,maison,1970,88.5,289.0,2021-08-04,32,simule_distributions_ademe_2023
80259,E,D,immeuble,1970,167.7,387.0,2021-08-04,32,simule_distributions_ademe_2023
02095,D,C,maison,1987,63.5,225.0,2021-08-05,32,simule_distributions_ademe_2023
59184,E,E,appartement,1981,105.8,530.0,2021-08-05,32,simule_distributions_ademe_2023
60111,E,C,immeuble,1981,115.1,402.0,2021-08-05,32,simule_distributions_ademe_2023
02307,E,C,maison,1986,43.2,539.0,2021-08-05,32,simule_distributions_ademe_2023
60346,E,G,maison,1970,49.5,552.0,2021-08-06,32,simule_distributions_ademe_2023
80340,D,G,maison,1977,25.5,154.0,2021-08-06,32,simule_distributions_ademe_2023
62016,E,D,appartement,1988,79.1,683.0,2021-08-06,32,simule_distributions_ademe_2023
62183,F,G,appartement,1944,203.8,646.0,2021-08-06,32,simule_distributions_ademe_2023
60056,G,A,appartement,1957,126.1,629.0,2021-08-07,32,simule_distributions_ademe_2023
02332,D,B,appartement,1992,50.8,267.0,2021-08-07,32,simule_distributions_ademe_2023
62330,D,F,appartement,1984,22.0,303.0,2021-08-07,32,simule_distributions_ademe_2023
60150,C,F,maison,1990,48.9,177.0,2021-08-07,32,simule_distributions_ademe_2023
60062,C,G,appartement,1990,29.8,218.0,2021-08-08,32,simule_distributions_ademe_2023
62049,F,D,appartement,1933,71.6,571.0,2021-08-08,32,simule_distributions_ademe_2023
80083,B,E,appartement,2008,63.8,143.0,2021-08-08,32,simule_distributions_ademe_2023
62116,F,B,appartement,1969,65.0,406.0,2021-08-08,32,simule_distributions_ademe_2023
62355,A,F,maison,2007,28.0,104.0,2021-08-09,32,simule_distributions_ademe_2023
59029,C,D,appartement,2014,51.3,265.0,2021-08-09,32,simule_distributions_ademe_2023
62169,C,F,maison,2002,78.5,326.0,2021-08-09,32,simule_distributions_ademe_2023
02343,F,F,maison,1957,54.8,678.0,2021-08-09,32,simule_distributions_ademe_2023
59196,E,D,appartement,1983,57.6,516.0,2021-08-10,32,simule_distributions_ademe_2023
02353,B,A,appartement,2001,48.8,99.0,2021-08-10,32,simule_distributions_ademe_2023
59142,F,E,maison,1966,87.1,659.0,2021-08-10,32,simule_distributions_ademe_2023
59241,E,D,immeuble,1970,68.8,429.0,2021-08-10,32,simule_distributions_ademe_2023
60218,G,G,appartement,1931,37.3,465.0,2021-08-11,32,simule_distributions_ademe_2023
02097,E,D,maison,1990,38.7,688.0,2021-08-11,32,simule_distributions_ademe_2023
60163,F,E,maison,1954,55.7,535.0,2021-08-11,32,simule_distributions_ademe_2023
60241,D,E,maison,1988,60.4,323.0,2021-08-11,32,simule_distributions_ademe_2023
80026,C,E,maison,2014,64.2,236.0,2021-08-12,32,simule_distributions_ademe_2023
59255,E,B,appartement,1989,77.7,529.0,2021-08-12,32,simule_distributions_ademe_2023
62256,G,G,appartement,1935,21.9,474.0,2021-08-12,32,simule_distributions_ademe_2023
80346,D,E,appartement,1972,40.1,175.0,2021-08-12,32,simule_distributions_ademe_2023
59260,E,G,appartement,1992,38.8,391.0,2021-08-13,32,simule_distributions_ademe_2023
60116,D,E,appartement,1985,105.0,277.0,2021-08-13,32,simule_distributions_ademe_2023
62084,F,C,immeuble,1946,107.6,370.0,2021-08-13,32,simule_distributions_ademe_2023
02305,F,G,appartement,1950,71.1,643.0,2021-08-14,32,simule_distributions_ademe_2023
60311,D,F,appartement,1973,94.5,237.0,2021-08-14,32,simule_distributions_ademe_2023
80329,A,D,maison,2010,87.2,117.0,2021-08-14,32,simule_distributions_ademe_2023
02164,F,G,maison,1959,40.6,590.0,2021-08-14,32,simule_distributions_ademe_2023
80082,D,D,appartement,1977,46.9,328.0,2021-08-15,32,simule_distributions_ademe_2023
80285,G,B,maison,1969,61.6,464.0,2021-08-15,32,simule_distributions_ademe_2023
80146,A,D,maison,1999,54.0,148.0,2021-08-15,32,simule_distributions_ademe_2023
60181,D,E,immeuble,1970,130.7,297.0,2021-08-15,32,simule_distributions_ademe_2023
80210,G,D,appartement,1922,90.1,438.0,2021-08-16,32,simule_distributions_ademe_2023
59355,G,E,appartement,1930,100.4,370.0,2021-08-16,32,simule_distributions_ademe_2023
62217,C,E,maison,1986,36.9,306.0,2021-08-16,32,simule_distributions_ademe_2023
62075,C,C,appartement,1999,67.8,184.0,2021-08-16,32,simule_distributions_ademe_2023
59076,F,D,maison,1960,82.5,517.0,2021-08-17,32,simule_distributions_ademe_2023
62025,D,E,maison,1981,82.5,314.0,2021-08-17,32,simule_distributions_ademe_2023
59330,F,E,appartement,1965,31.4,671.0,2021-08-17,32,simule_distributions_ademe_2023
02099,C,F,appartement,2015,60.0,156.0,2021-08-17,32,simule_distributions_ademe_2023
80309,F,G,maison,1921,18.0,486.0,2021-08-18,32,simule_distributions_ademe_2023
80273,E,G,maison,1985,62.1,390.0,2021-08-18,32,simule_distributions_ademe_2023
62396,B,C,maison,2012,98.7,110.0,2021-08-18,32,simule_distributions_ademe_2023
80150,F,E,maison,1947,72.8,555.0,2021-08-18,32,simule_distributions_ademe_2023
62052,B,D,maison,2000,70.7,64.0,2021-08-19,32,simule_distributions_ademe_2023
02348,G,C,appartement,1953,56.4,440.0,2021-08-19,32,simule_distributions_ademe_2023
02269,F,F,appartement,1945,78.7,585.0,2021-08-19,32,simule_distributions_ademe_2023
80087,G,G,appartement,1966,43.2,385.0,2021-08-19,32,simule_distributions_ademe_2023
59270,E,F,immeuble,1982,79.7,632.0,2021-08-20,32,simule_distributions_ademe_2023
80170,G,F,maison,1944,80.7,612.0,2021-08-20,32,simule_distributions_ademe_2023
62060,E,A,appartement,1977,43.1,335.0,2021-08-20,32,simule_distributions_ademe_2023
62169,D,F,appartement,1970,111.7,239.0,2021-08-20,32,simule_distributions_ademe_2023
80103,C,C,appartement,1986,133.0,327.0,2021-08-21,32,simule_distributions_ademe_2023
60051,E,A,maison,1983,53.6,396.0,2021-08-21,32,simule_distributions_ademe_2023
02036,E,E,appartement,1971,131.7,393.0,2021-08-21,32,simule_distributions_ademe_2023
62291,C,F,maison,1995,90.5,197.0,2021-08-21,32,simule_distributions_ademe_2023
80319,G,E,maison,1922,23.6,527.0,2021-08-22,32,simule_distributions_ademe_2023
02350,G,G,maison,1936,62.3,589.0,2021-08-22,32,simule_distributions_ademe_2023
59133,E,D,appartement,1976,104.0,576.0,2021-08-22,32,simule_distributions_ademe_2023
59187,D,G,appartement,1976,125.7,158.0,2021-08-22,32,simule_distributions_ademe_2023
02394,F,E,maison,1942,33.4,592.0,2021-08-23,32,simule_distributions_ademe_2023
62081,D,E,appartement,1972,31.4,325.0,2021-08-23,32,simule_distributions_ademe_2023
80325,F,D,appartement,1928,81.2,336.0,2021-08-23,32,simule_distributions_ademe_2023
62017,G,F,appartement,1922,35.2,606.0,2021-08-23,32,simule_distributions_ademe_2023
62386,D,E,maison,1984,105.4,308.0,2021-08-24,32,simule_distributions_ademe_2023
02305,D,G,appartement,1965,54.0,169.0,2021-08-24,32,simule_distributions_ademe_2023
62153,D,D,appartement,1979,80.9,235.0,2021-08-24,32,simule_distributions_ademe_2023
80071,E,F,appartement,1976,106.4,393.0,2021-08-25,32,simule_distributions_ademe_2023
60395,D,G,maison,1965,34.5,313.0,2021-08-25,32,simule_distributions_ademe_2023
60262,F,G,appartement,1939,77.0,499.0,2021-08-25,32,simule_distributions_ademe_2023
60223,F,F,maison,1936,107.4,495.0,2021-08-25,32,simule_distributions_ademe_2023
59327,E,E,maison,1983,59.1,426.0,2021-08-26,32,simule_distributions_ademe_2023
02352,D,C,maison,1975,70.7,306.0,2021-08-26,32,simule_distributions_ademe_2023
60223,E,B,immeuble,1981,87.1,408.0,2021-08-26,32,simule_distributions_ademe_2023
80183,E,E,appartement,1967,53.1,632.0,2021-08-26,32,simule_distributions_ademe_2023
60151,F,A,maison,1955,60.0,590.0,2021-08-27,32,simule_distributions_ademe_2023
60081,A,C,appartement,2012,63.1,55.0,2021-08-27,32,simule_distributions_ademe_2023
02181,E,D,immeuble,1965,36.8,473.0,2021-08-27,32,simule_distributions_ademe_2023
62070,E,D,appartement,1965,59.2,398.0,2021-08-27,32,simule_distributions_ademe_2023
02259,C,G,appartement,2007,38.5,328.0,2021-08-28,32,simule_distributions_ademe_2023
62342,E,G,appartement,1981,64.8,496.0,2021-08-28,32,simule_distributions_ademe_2023
60330,G,E,appartement,1952,111.8,343.0,2021-08-28,32,simule_distributions_ademe_2023
80228,F,C,maison,1951,31.2,385.0,2021-08-28,32,simule_distributions_ademe_2023
02064,E,D,maison,1965,48.3,516.0,2021-08-29,32,simule_distributions_ademe_2023
80349,E,D,maison,1983,105.7,635.0,2021-08-29,32,simule_distributions_ademe_2023
80089,F,A,maison,1936,50.5,668.0,2021-08-29,32,simule_distributions_ademe_2023
59221,G,B,maison,1934,82.1,423.0,2021-08-29,32,simule_distributions_ademe_2023
62363,G,D,maison,1933,54.2,334.0,2021-08-30,32,simule_distributions_ademe_2023
60261,G,F,maison,1963,73.7,625.0,2021-08-30,32,simule_distributions_ademe_2023
62012,E,E,appartement,1982,143.5,595.0,2021-08-30,32,simule_distributions_ademe_2023
62291,E,E,maison,1984,98.3,391.0,2021-08-30,32,simule_distributions_ademe_2023
80205,G,D,maison,1935,51.1,501.0,2021-08-31,32,simule_distributions_ademe_2023
60292,E,C,maison,1992,83.1,463.0,2021-08-31,32,simule_distributions_ademe_2023
02221,C,D,maison,1991,146.1,242.0,2021-08-31,32,simule_distributions_ademe_2023
59161,G,D,maison,1952,114.1,375.0,2021-08-31,32,simule_distributions_ademe_2023
02194,F,B,maison,1955,22.4,370.0,2021-09-01,32,simule_distributions_ademe_2023
60239,E,G,maison,1979,66.3,455.0,2021-09-01,32,simule_distributions_ademe_2023
62092,F,B,maison,1974,83.1,688.0,2021-09-01,32,simule_distributions_ademe_2023
59164,C,C,appartement,2002,82.6,254.0,2021-09-01,32,simule_distributions_ademe_2023
59282,B,D,appartement,2016,70.1,62.0,2021-09-02,32,simule_distributions_ademe_2023
02115,F,G,appartement,1937,66.1,441.0,2021-09-02,32,simule_distributions_ademe_2023
59181,E,E,appartement,1971,108.8,411.0,2021-09-02,32,simule_distributions_ademe_2023
62276,E,D,immeuble,1968,73.8,617.0,2021-09-02,32,simule_distributions_ademe_2023
62037,G,F,maison,1941,61.3,398.0,2021-09-03,32,simule_distributions_ademe_2023
80201,F,G,appartement,1969,51.4,659.0,2021-09-03,32,simule_distributions_ademe_2023
59271,C,D,appartement,1999,30.3,184.0,2021-09-03,32,simule_distributions_ademe_2023
80012,E,D,appartement,1966,49.3,573.0,2021-09-03,32,simule_distributions_ademe_2023
02041,E,G,maison,1987,35.7,689.0,2021-09-04,32,simule_distributions_ademe_2023
80005,F,F,maison,1934,42.2,343.0,2021-09-04,32,simule_distributions_ademe_2023
60290,E,E,maison,1968,55.2,366.0,2021-09-04,32,simule_distributions_ademe_2023
59399,C,E,appartement,2001,33.7,167.0,2021-09-05,32,simule_distributions_ademe_2023
02249,G,F,maison,1937,81.7,435.0,2021-09-05,32,simule_distributions_ademe_2023
02042,G,E,appartement,1943,48.5,389.0,2021-09-05,32,simule_distributions_ademe_2023
80114,E,F,maison,1986,92.6,364.0,2021-09-05,32,simule_distributions_ademe_2023
59384,F,D,maison,1943,43.4,659.0,2021-09-06,32,simule_distributions_ademe_2023
60237,D,E,maison,1976,48.9,232.0,2021-09-06,32,simule_distributions_ademe_2023
59075,C,B,maison,2014,54.3,266.0,2021-09-06,32,simule_distributions_ademe_2023
02085,E,B,maison,1983,81.4,513.0,2021-09-06,32,simule_distributions_ademe_2023
02114,F,E,appartement,1958,46.8,545.0,2021-09-07,32,simule_distributions_ademe_2023
60064,C,D,appartement,2007,54.7,296.0,2021-09-07,32,simule_distributions_ademe_2023
60364,G,E,appartement,1932,56.7,672.0,2021-09-07,32,simule_distributions_ademe_2023
02129,D,F,immeuble,1989,80.8,184.0,2021-09-07,32,simule_distributions_ademe_2023
80201,C,D,maison,1994,92.2,260.0,2021-09-08,32,simule_distributions_ademe_2023
59199,G,E,appartement,1970,122.9,387.0,2021-09-08,32,simule_distributions_ademe_2023
80326,F,F,maison,1950,79.7,473.0,2021-09-08,32,simule_distributions_ademe_2023
80342,D,F,appartement,1977,77.7,157.0,2021-09-08,32,simule_distributions_ademe_2023
59398,D,G,maison,1990,108.8,326.0,2021-09-09,32,simule_distributions_ademe_2023
62119,G,F,appartement,1926,120.5,510.0,2021-09-09,32,simule_distributions_ademe_2023
60180,B,G,appartement,1985,81.9,58.0,2021-09-09,32,simule_distributions_ademe_2023
62078,E,D,appartement,1994,82.3,531.0,2021-09-09,32,simule_distributions_ademe_2023
80154,F,E,immeuble,1966,57.9,473.0,2021-09-10,32,simule_distributions_ademe_2023
02173,A,G,maison,2015,102.2,95.0,2021-09-10,32,simule_distributions_ademe_2023
80200,E,C,appartement,1980,73.5,560.0,2021-09-10,32,simule_distributions_ademe_2023
80117,C,C,maison,2001,177.5,157.0,2021-09-10,32,simule_distributions_ademe_2023
02140,G,B,maison,1974,41.2,498.0,2021-09-11,32,simule_distributions_ademe_2023
59053,E,F,appartement,1989,123.1,594.0,2021-09-11,32,simule_distributions_ademe_2023
02075,G,F,immeuble,1939,66.6,614.0,2021-09-11,32,simule_distributions_ademe_2023
80262,D,C,appartement,1992,86.6,159.0,2021-09-11,32,simule_distributions_ademe_2023
62185,B,D,maison,1991,76.3,140.0,2021-09-12,32,simule_distributions_ademe_2023
80293,D,D,appartement,1973,105.4,328.0,2021-09-12,32,simule_distributions_ademe_2023
02123,E,F,maison,1992,77.6,407.0,2021-09-12,32,simule_distributions_ademe_2023
60316,D,E,appartement,1967,57.8,242.0,2021-09-12,32,simule_distributions_ademe_2023
02358,G,C,appartement,1946,44.7,490.0,2021-09-13,32,simule_distributions_ademe_2023
62342,E,D,immeuble,1973,74.0,658.0,2021-09-13,32,simule_distributions_ademe_2023
80233,E,E,maison,1978,218.2,467.0,2021-09-13,32,simule_distributions_ademe_2023
59046,E,G,appartement,1974,118.4,508.0,2021-09-13,32,simule_distributions_ademe_2023
80264,D,F,maison,1965,187.0,222.0,2021-09-14,32,simule_distributions_ademe_2023
80121,E,G,maison,1986,77.0,413.0,2021-09-14,32,simule_distributions_ademe_2023
60091,D,D,maison,1981,117.0,325.0,2021-09-14,32,simule_distributions_ademe_2023
80140,G,E,appartement,1947,27.4,486.0,2021-09-14,32,simule_distributions_ademe_2023
62215,E,D,appartement,1994,42.8,557.0,2021-09-15,32,simule_distributions_ademe_2023
62254,E,E,maison,1979,69.8,644.0,2021-09-15,32,simule_distributions_ademe_2023
62236,E,C,maison,1975,118.8,350.0,2021-09-15,32,simule_distributions_ademe_2023
59307,G,E,appartement,1940,110.7,638.0,2021-09-16,32,simule_distributions_ademe_2023
02078,E,F,appartement,1969,45.5,363.0,2021-09-16,32,simule_distributions_ademe_2023
60018,E,F,maison,1990,101.9,396.0,2021-09-16,32,simule_distributions_ademe_2023
60107,E,E,appartement,1984,33.4,528.0,2021-09-16,32,simule_distributions_ademe_2023
60351,D,E,appartement,1985,89.9,227.0,2021-09-17,32,simule_distributions_ademe_2023
62183,B,E,appartement,2014,25.3,133.0,2021-09-17,32,simule_distributions_ademe_2023
02386,E,D,appartement,1985,27.4,378.0,2021-09-17,32,simule_distributions_ademe_2023
62122,F,D,appartement,1963,135.4,648.0,2021-09-17,32,simule_distributions_ademe_2023
59069,E,E,immeuble,1980,54.8,698.0,2021-09-18,32,simule_distributions_ademe_2023
80289,F,F,appartement,1948,116.8,595.0,2021-09-18,32,simule_distributions_ademe_2023
80099,E,C,appartement,1972,43.6,648.0,2021-09-18,32,simule_distributions_ademe_2023
60037,E,D,appartement,1972,38.1,662.0,2021-09-18,32,simule_distributions_ademe_2023
02339,D,D,appartement,1974,47.7,312.0,2021-09-19,32,simule_distributions_ademe_2023
60099,G,E,appartement,1942,68.6,438.0,2021-09-19,32,simule_distributions_ademe_2023
62365,E,F,maison,1985,58.5,429.0,2021-09-19,32,simule_distributions_ademe_2023
62173,C,G,maison,2017,55.7,244.0,2021-09-19,32,simule_distributions_ademe_2023
80334,E,E,maison,1991,119.7,356.0,2021-09-20,32,simule_distributions_ademe_2023
02218,F,G,maison,1950,64.3,631.0,2021-09-20,32,simule_distributions_ademe_2023
02212,E,E,appartement,1972,91.0,428.0,2021-09-20,32,simule_distributions_ademe_2023
02062,F,C,immeuble,1943,137.6,669.0,2021-09-20,32,simule_distributions_ademe_2023
80137,F,E,appartement,1931,173.9,494.0,2021-09-21,32,simule_distributions_ademe_2023
62322,D,G,maison,1974,97.1,171.0,2021-09-21,32,simule_distributions_ademe_2023
60313,D,G,maison,1978,51.3,327.0,2021-09-21,32,simule_distributions_ademe_2023
80296,D,E,appartement,1981,40.8,276.0,2021-09-21,32,simule_distributions_ademe_2023
02011,E,D,appartement,1980,108.8,542.0,2021-09-22,32,simule_distributions_ademe_2023
80238,E,B,maison,1984,110.7,594.0,2021-09-22,32,simule_distributions_ademe_2023
60046,F,C,maison,1939,51.9,544.0,2021-09-22,32,simule_distributions_ademe_2023
60172,D,F,maison,1978,34.3,172.0,2021-09-22,32,simule_distributions_ademe_2023
62109,E,C,maison,1977,22.0,405.0,2021-09-23,32,simule_distributions_ademe_2023
60163,D,F,maison,1986,61.5,234.0,2021-09-23,32,simule_distributions_ademe_2023
02209,E,G,maison,1969,81.7,516.0,2021-09-23,32,simule_distributions_ademe_2023
59343,D,G,maison,1972,62.4,285.0,2021-09-23,32,simule_distributions_ademe_2023
80047,D,C,maison,1994,43.9,232.0,2021-09-24,32,simule_distributions_ademe_2023
60324,E,E,appartement,1984,58.7,552.0,2021-09-24,32,simule_distributions_ademe_2023
60054,F,G,maison,1970,64.4,414.0,2021-09-24,32,simule_distributions_ademe_2023
62043,G,D,appartement,1923,74.7,482.0,2021-09-24,32,simule_distributions_ademe_2023
80263,D,B,maison,1988,68.1,192.0,2021-09-25,32,simule_distributions_ademe_2023
80123,G,F,maison,1938,92.5,403.0,2021-09-25,32,simule_distributions_ademe_2023
60278,G,E,maison,1970,77.8,622.0,2021-09-25,32,simule_distributions_ademe_2023
62164,E,D,appartement,1970,45.6,488.0,2021-09-25,32,simule_distributions_ademe_2023
02281,F,F,appartement,1966,73.4,393.0,2021-09-26,32,simule_distributions_ademe_2023
80086,G,F,maison,1970,74.8,598.0,2021-09-26,32,simule_distributions_ademe_2023
62376,D,F,appartement,1970,96.2,298.0,2021-09-26,32,simule_distributions_ademe_2023
02137,F,G,appartement,1956,70.3,391.0,2021-09-27,32,simule_distributions_ademe_2023
80034,C,C,appartement,2000,108.9,251.0,2021-09-27,32,simule_distributions_ademe_2023
59347,C,F,appartement,1998,159.6,323.0,2021-09-27,32,simule_distributions_ademe_2023
60232,D,G,maison,1994,54.3,243.0,2021-09-27,32,simule_distributions_ademe_2023
02170,D,C,maison,1965,218.1,202.0,2021-09-28,32,simule_distributions_ademe_2023
62283,B,F,appartement,2013,98.9,108.0,2021-09-28,32,simule_distributions_ademe_2023
60157,E,E,immeuble,1974,22.6,360.0,2021-09-28,32,simule_distributions_ademe_2023
80308,D,G,maison,1966,83.7,263.0,2021-09-28,32,simule_distributions_ademe_2023
02151,C,D,maison,1988,71.5,265.0,2021-09-29,32,simule_distributions_ademe_2023
80390,D,G,maison,1976,117.7,298.0,2021-09-29,32,simule_distributions_ademe_2023
62153,E,G,appartement,1980,47.3,544.0,2021-09-29,32,simule_distributions_ademe_2023
59353,D,G,maison,1971,48.6,164.0,2021-09-29,32,simule_distributions_ademe_2023
02160,E,D,maison,1981,66.4,410.0,2021-09-30,32,simule_distributions_ademe_2023
62089,D,E,maison,1990,56.9,318.0,2021-09-30,32,simule_distributions_ademe_2023
02120,D,C,maison,1993,75.6,181.0,2021-09-30,32,simule_distributions_ademe_2023
02227,C,E,immeuble,1995,27.4,319.0,2021-09-30,32,simule_distributions_ademe_2023
59336,E,F,appartement,1984,31.2,414.0,2021-10-01,32,simule_distributions_ademe_2023
60123,F,F,maison,1963,45.8,590.0,2021-10-01,32,simule_distributions_ademe_2023
59287,A,D,maison,2007,18.0,141.0,2021-10-01,32,simule_distributions_ademe_2023
59260,E,B,appartement,1973,64.0,685.0,2021-10-01,32,simule_distributions_ademe_2023
62146,E,B,appartement,1992,54.7,620.0,2021-10-02,32,simule_distributions_ademe_2023
60286,D,D,appartement,1965,81.5,224.0,2021-10-02,32,simule_distributions_ademe_2023
59380,D,D,maison,1988,91.8,207.0,2021-10-02,32,simule_distributions_ademe_2023
80239,D,D,immeuble,1971,51.6,159.0,2021-10-02,32,simule_distributions_ademe_2023
80185,C,F,maison,2002,45.0,192.0,2021-10-03,32,simule_distributions_ademe_2023
62209,E,F,maison,1982,116.6,427.0,2021-10-03,32,simule_distributions_ademe_2023
60184,E,F,appartement,1982,37.3,452.0,2021-10-03,32,simule_distributions_ademe_2023
02301,F,E,maison,1969,77.2,668.0,2021-10-03,32,simule_distributions_ademe_2023
02327,B,C,appartement,2009,54.8,98.0,2021-10-04,32,simule_distributions_ademe_2023
80256,E,C,appartement,1981,76.3,393.0,2021-10-04,32,simule_distributions_ademe_2023
02385,G,G,maison,1969,93.2,386.0,2021-10-04,32,simule_distributions_ademe_2023
59046,G,D,appartement,1926,75.3,459.0,2021-10-04,32,simule_distributions_ademe_2023
02349,C,E,appartement,2004,140.5,272.0,2021-10-05,32,simule_distributions_ademe_2023
80090,F,D,appartement,1955,80.9,466.0,2021-10-05,32,simule_distributions_ademe_2023
62156,D,E,maison,1977,73.7,166.0,2021-10-05,32,simule_distributions_ademe_2023
80189,C,B,maison,1986,30.1,175.0,2021-10-05,32,simule_distributions_ademe_2023
80117,D,D,maison,1986,81.4,298.0,2021-10-06,32,simule_distributions_ademe_2023
80232,G,E,appartement,1965,129.1,679.0,2021-10-06,32,simule_distributions_ademe_2023
80176,F,F,maison,1921,46.4,505.0,2021-10-06,32,simule_distributions_ademe_2023
60033,C,F,maison,2019,75.7,165.0,2021-10-06,32,simule_distributions_ademe_2023
02396,E,E,maison,1979,62.8,427.0,2021-10-07,32,simule_distributions_ademe_2023
80130,C,A,maison,2018,86.5,305.0,2021-10-07,32,simule_distributions_ademe_2023
59374,F,B,immeuble,1965,29.8,506.0,2021-10-07,32,simule_distributions_ademe_2023
80133,F,A,appartement,1946,99.3,519.0,2021-10-08,32,simule_distributions_ademe_2023
02057,G,E,appartement,1964,104.6,599.0,2021-10-08,32,simule_distributions_ademe_2023
80166,E,E,maison,1984,118.6,567.0,2021-10-08,32,simule_distributions_ademe_2023
80319,C,E,maison,1988,54.6,179.0,2021-10-08,32,simule_distributions_ademe_2023
60215,C,C,appartement,2012,62.8,251.0,2021-10-09,32,simule_distributions_ademe_2023
60229,C,E,maison,1999,25.2,163.0,2021-10-09,32,simule_distributions_ademe_2023
62293,C,F,appartement,2013,68.8,192.0,2021-10-09,32,simule_distributions_ademe_2023
59086,G,E,maison,1971,49.7,677.0,2021-10-09,32,simule_distributions_ademe_2023
59137,E,F,maison,1988,230.3,693.0,2021-10-10,32,simule_distributions_ademe_2023
02318,C,D,maison,1992,171.2,274.0,2021-10-10,32,simule_distributions_ademe_2023
02053,G,F,maison,1942,23.3,666.0,2021-10-10,32,simule_distributions_ademe_2023
62021,G,D,maison,1949,93.1,647.0,2021-10-10,32,simule_distributions_ademe_2023
62286,A,D,maison,2019,47.7,69.0,2021-10-11,32,simule_distributions_ademe_2023
02307,G,E,maison,1956,38.2,502.0,2021-10-11,32,simule_distributions_ademe_2023
60193,D,C,maison,1969,65.0,188.0,2021-10-11,32,simule_distributions_ademe_2023
62037,F,D,appartement,1965,66.0,649.0,2021-10-11,32,simule_distributions_ademe_2023
02304,B,E,maison,2012,39.9,140.0,2021-10-12,32,simule_distributions_ademe_2023
62235,G,E,maison,1970,38.7,440.0,2021-10-12,32,simule_distributions_ademe_2023
62307,F,B,appartement,1931,114.2,370.0,2021-10-12,32,simule_distributions_ademe_2023
80093,F,D,maison,1929,114.0,506.0,2021-10-12,32,simule_distributions_ademe_2023
80292,C,E,appartement,2002,129.2,231.0,2021-10-13,32,simule_distributions_ademe_2023
62154,E,E,appartement,1988,74.0,693.0,2021-10-13,32,simule_distributions_ademe_2023
59115,B,E,appartement,1987,60.8,95.0,2021-10-13,32,simule_distributions_ademe_2023
02287,D,E,maison,1974,25.7,324.0,2021-10-13,32,simule_distributions_ademe_2023
60063,D,D,maison,1982,77.8,289.0,2021-10-14,32,simule_distributions_ademe_2023
02259,E,E,maison,1976,66.3,440.0,2021-10-14,32,simule_distributions_ademe_2023
59002,C,D,maison,1986,119.9,309.0,2021-10-14,32,simule_distributions_ademe_2023
59393,F,F,maison,1954,159.3,402.0,2021-10-14,32,simule_distributions_ademe_2023
02359,C,G,appartement,2013,38.9,279.0,2021-10-15,32,simule_distributions_ademe_2023
60321,D,B,immeuble,1971,96.4,250.0,2021-10-15,32,simule_distributions_ademe_2023
59020,F,C,maison,1928,65.6,591.0,2021-10-15,32,simule_distributions_ademe_2023
62377,F,E,maison,1949,77.0,521.0,2021-10-15,32,simule_distributions_ademe_2023
59092,F,E,maison,1943,182.0,551.0,2021-10-16,32,simule_distributions_ademe_2023
02264,D,D,appartement,1982,53.5,285.0,2021-10-16,32,simule_distributions_ademe_2023
80055,E,C,appartement,1986,85.5,627.0,2021-10-16,32,simule_distributions_ademe_2023
02140,D,D,maison,1966,83.6,316.0,2021-10-16,32,simule_distributions_ademe_2023
02213,E,E,appartement,1982,40.9,601.0,2021-10-17,32,simule_distributions_ademe_2023
02107,G,C,appartement,1956,89.3,541.0,2021-10-17,32,simule_distributions_ademe_2023
60075,F,C,appartement,1947,44.7,612.0,2021-10-17,32,simule_distributions_ademe_2023
80225,D,E,appartement,1975,57.5,166.0,2021-10-17,32,simule_distributions_ademe_2023
80080,D,D,maison,1974,41.9,185.0,2021-10-18,32,simule_distributions_ademe_2023
02310,C,F,appartement,1990,41.7,175.0,2021-10-18,32,simule_distributions_ademe_2023
02255,E,G,maison,1976,56.0,410.0,2021-10-18,32,simule_distributions_ademe_2023
80291,G,D,maison,1936,88.3,401.0,2021-10-19,32,simule_distributions_ademe_2023
02184,E,F,maison,1967,111.6,361.0,2021-10-19,32,simule_distributions_ademe_2023
02040,E,D,appartement,1966,58.8,393.0,2021-10-19,32,simule_distributions_ademe_2023
60147,F,E,maison,1973,93.0,456.0,2021-10-19,32,simule_distributions_ademe_2023
60032,E,C,appartement,1975,72.9,490.0,2021-10-20,32,simule_distributions_ademe_2023
80032,B,G,appartement,1993,73.0,90.0,2021-10-20,32,simule_distributions_ademe_2023
80333,E,F,appartement,1978,44.4,694.0,2021-10-20,32,simule_distributions_ademe_2023
02232,B,E,maison,2003,79.9,126.0,2021-10-20,32,simule_distributions_ademe_2023
02355,D,F,maison,1978,86.1,251.0,2021-10-21,32,simule_distributions_ademe_2023
02330,D,C,appartement,1983,54.8,250.0,2021-10-21,32,simule_distributions_ademe_2023
62327,G,D,maison,1924,149.2,344.0,2021-10-21,32,simule_distributions_ademe_2023
59012,D,F,maison,1973,77.7,248.0,2021-10-21,32,simule_distributions_ademe_2023
59199,C,G,appartement,2013,76.4,156.0,2021-10-22,32,simule_distributions_ademe_2023
60081,E,D,maison,1970,157.6,497.0,2021-10-22,32,simule_distributions_ademe_2023
62111,G,B,immeuble,1968,38.5,667.0,2021-10-22,32,simule_distributions_ademe_2023
62148,D,E,appartement,1977,38.0,173.0,2021-10-22,32,simule_distributions_ademe_2023
02315,F,D,maison,1936,51.3,505.0,2021-10-23,32,simule_distributions_ademe_2023
62288,C,F,maison,2000,54.9,196.0,2021-10-23,32,simule_distributions_ademe_2023
62285,E,E,maison,1965,80.7,336.0,2021-10-23,32,simule_distributions_ademe_2023
60124,F,E,appartement,1936,64.3,572.0,2021-10-23,32,simule_distributions_ademe_2023
60193,B,F,appartement,1995,22.3,61.0,2021-10-24,32,simule_distributions_ademe_2023
59064,G,A,appartement,1955,49.8,473.0,2021-10-24,32,simule_distributions_ademe_2023
60233,C,G,immeuble,2003,65.9,190.0,2021-10-24,32,simule_distributions_ademe_2023
60315,D,D,maison,1986,177.0,177.0,2021-10-24,32,simule_distributions_ademe_2023
02133,C,D,immeuble,1987,119.5,322.0,2021-10-25,32,simule_distributions_ademe_2023
60018,F,E,maison,1938,27.3,408.0,2021-10-25,32,simule_distributions_ademe_2023
60093,A,E,maison,2019,87.8,144.0,2021-10-25,32,simule_distributions_ademe_2023
59103,E,D,maison,1978,53.9,660.0,2021-10-25,32,simule_distributions_ademe_2023
62172,D,B,maison,1993,68.1,175.0,2021-10-26,32,simule_distributions_ademe_2023
02092,D,C,maison,1991,39.3,211.0,2021-10-26,32,simule_distributions_ademe_2023
60135,D,E,appartement,1966,67.5,286.0,2021-10-26,32,simule_distributions_ademe_2023
80213,D,C,maison,1976,30.7,178.0,2021-10-26,32,simule_distributions_ademe_2023
62383,B,E,maison,1997,96.2,123.0,2021-10-27,32,simule_distributions_ademe_2023
60113,E,E,maison,1979,120.0,692.0,2021-10-27,32,simule_distributions_ademe_2023
80398,C,C,appartement,2016,88.6,296.0,2021-10-27,32,simule_distributions_ademe_2023
62023,G,G,appartement,1961,41.1,546.0,2021-10-27,32,simule_distributions_ademe_2023
59324,E,F,maison,1986,54.7,637.0,2021-10-28,32,simule_distributions_ademe_2023
62203,D,F,appartement,1970,61.1,173.0,2021-10-28,32,simule_distributions_ademe_2023
59111,F,G,appartement,1955,97.0,463.0,2021-10-28,32,simule_distributions_ademe_2023
02352,F,F,appartement,1957,35.7,511.0,2021-10-28,32,simule_distributions_ademe_2023
80297,F,D,maison,1931,134.8,641.0,2021-10-29,32,simule_distributions_ademe_2023
02143,B,F,maison,2013,106.3,83.0,2021-10-29,32,simule_distributions_ademe_2023
62139,F,D,maison,1946,49.9,340.0,2021-10-29,32,simule_distributions_ademe_2023
60324,E,E,appartement,1992,33.3,552.0,2021-10-30,32,simule_distributions_ademe_2023
62059,C,D,maison,1991,103.8,303.0,2021-10-30,32,simule_distributions_ademe_2023
59390,B,C,appartement,2008,81.0,131.0,2021-10-30,32,simule_distributions_ademe_2023
80143,D,E,appartement,1971,49.7,198.0,2021-10-30,32,simule_distributions_ademe_2023
60394,D,F,maison,1966,48.6,184.0,2021-10-31,32,simule_distributions_ademe_2023
62352,D,G,maison,1980,78.9,282.0,2021-10-31,32,simule_distributions_ademe_2023
80373,F,E,maison,1926,69.4,520.0,2021-10-31,32,simule_distributions_ademe_2023
62367,G,E,maison,1965,104.1,452.0,2021-10-31,32,simule_distributions_ademe_2023
80305,C,C,appartement,2010,51.3,199.0,2021-11-01,32,simule_distributions_ademe_2023
02250,E,D,maison,1978,46.4,437.0,2021-11-01,32,simule_distributions_ademe_2023
60377,D,D,appartement,1990,26.6,299.0,2021-11-01,32,simule_distributions_ademe_2023
62145,D,B,maison,1973,51.0,157.0,2021-11-01,32,simule_distributions_ademe_2023
80245,E,F,appartement,1983,46.6,598.0,2021-11-02,32,simule_distributions_ademe_2023
80111,F,G,maison,1974,33.9,527.0,2021-11-02,32,simule_distributions_ademe_2023
60389,E,E,appartement,1979,98.6,441.0,2021-11-02,32,simule_distributions_ademe_2023
60238,E,G,maison,1969,90.7,351.0,2021-11-02,32,simule_distributions_ademe_2023
80349,D,F,maison,1975,23.9,212.0,2021-11-03,32,simule_distributions_ademe_2023
62269,F,E,maison,1939,147.6,650.0,2021-11-03,32,simule_distributions_ademe_2023
62105,E,F,maison,1977,37.6,414.0,2021-11-03,32,simule_distributions_ademe_2023
80176,F,D,maison,1946,84.2,531.0,2021-11-03,32,simule_distributions_ademe_2023
80394,D,F,maison,1965,150.8,252.0,2021-11-04,32,simule_distributions_ademe_2023
60227,D,E,maison,1978,46.1,248.0,2021-11-04,32,simule_distributions_ademe_2023
80294,C,D,maison,2011,69.9,153.0,2021-11-04,32,simule_distributions_ademe_2023
02238,G,D,appartement,1947,70.0,352.0,2021-11-04,32,simule_distributions_ademe_2023
59108,F,E,appartement,1974,95.4,624.0,2021-11-05,32,simule_distributions_ademe_2023
60376,D,D,maison,1989,64.5,156.0,2021-11-05,32,simule_distributions_ademe_2023
60133,D,G,appartement,1980,112.4,234.0,2021-11-05,32,simule_distributions_ademe_2023
80372,D,E,appartement,1969,35.7,154.0,2021-11-05,32,simule_distributions_ademe_2023
59161,F,F,appartement,1938,61.4,591.0,2021-11-06,32,simule_distributions_ademe_2023
62229,C,F,appartement,2006,74.6,285.0,2021-11-06,32,simule_distributions_ademe_2023
62225,E,D,maison,1979,95.4,693.0,2021-11-06,32,simule_distributions_ademe_2023
02113,G,G,maison,1948,53.6,331.0,2021-11-06,32,simule_distributions_ademe_2023
59219,G,D,appartement,1923,48.2,633.0,2021-11-07,32,simule_distributions_ademe_2023
80027,C,G,appartement,1988,140.5,196.0,2021-11-07,32,simule_distributions_ademe_2023
02210,G,E,appartement,1958,68.4,647.0,2021-11-07,32,simule_distributions_ademe_2023
02036,F,C,appartement,1967,54.9,365.0,2021-11-07,32,simule_distributions_ademe_2023
62006,C,F,appartement,1994,91.4,274.0,2021-11-08,32,simule_distributions_ademe_2023
59119,E,F,maison,1985,50.5,405.0,2021-11-08,32,simule_distributions_ademe_2023
59118,E,C,maison,1983,81.3,596.0,2021-11-08,32,simule_distributions_ademe_2023
02024,B,D,appartement,2010,78.0,142.0,2021-11-08,32,simule_distributions_ademe_2023
60356,E,F,appartement,1972,51.7,696.0,2021-11-09,32,simule_distributions_ademe_2023
62058,F,B,maison,1940,64.8,641.0,2021-11-09,32,simule_distributions_ademe_2023
59382,D,G,appartement,1972,47.4,287.0,2021-11-09,32,simule_distributions_ademe_2023
60398,F,F,maison,1971,53.5,632.0,2021-11-10,32,simule_distributions_ademe_2023
59069,F,C,maison,1938,66.4,681.0,2021-11-10,32,simule_distributions_ademe_2023
62151,E,E,maison,1965,73.5,616.0,2021-11-10,32,simule_distributions_ademe_2023
62387,D,F,appartement,1983,73.9,205.0,2021-11-10,32,simule_distributions_ademe_2023
60021,D,F,immeuble,1990,48.2,295.0,2021-11-11,32,simule_distributions_ademe_2023
62095,E,E,appartement,1991,58.0,518.0,2021-11-11,32,simule_distributions_ademe_2023
02093,F,E,appartement,1963,240.8,541.0,2021-11-11,32,simule_distributions_ademe_2023
60042,E,G,appartement,1994,18.0,555.0,2021-11-11,32,simule_distributions_ademe_2023
80157,C,C,maison,2002,163.3,160.0,2021-11-12,32,simule_distributions_ademe_2023
02328,F,D,maison,1949,118.3,639.0,2021-11-12,32,simule_distributions_ademe_2023
02010,F,D,appartement,1945,51.0,414.0,2021-11-12,32,simule_distributions_ademe_2023
80319,E,D,maison,1989,71.5,549.0,2021-11-12,32,simule_distributions_ademe_2023
59390,F,E,appartement,1946,45.5,458.0,2021-11-13,32,simule_distributions_ademe_2023
59076,E,F,appartement,1982,45.4,476.0,2021-11-13,32,simule_distributions_ademe_2023
62265,F,G,maison,1971,82.4,615.0,2021-11-13,32,simule_distributions_ademe_2023
80160,F,E,maison,1933,65.8,641.0,2021-11-13,32,simule_distributions_ademe_2023
80076,D,D,maison,1984,37.7,176.0,2021-11-14,32,simule_distributions_ademe_2023
59031,D,D,maison,1971,169.0,271.0,2021-11-14,32,simule_distributions_ademe_2023
59018,E,D,maison,1971,33.0,666.0,2021-11-14,32,simule_distributions_ademe_2023
02077,D,F,maison,1978,110.4,163.0,2021-11-14,32,simule_distributions_ademe_2023
62269,G,G,maison,1945,189.3,389.0,2021-11-15,32,simule_distributions_ademe_2023
02399,D,D,appartement,1978,73.5,300.0,2021-11-15,32,simule_distributions_ademe_2023
59026,B,E,appartement,2001,28.9,70.0,2021-11-15,32,simule_distributions_ademe_2023
60182,D,F,appartement,1987,126.1,152.0,2021-11-15,32,simule_distributions_ademe_2023
59091,D,F,appartement,1987,25.3,328.0,2021-11-16,32,simule_distributions_ademe_2023
80012,G,F,maison,1941,41.7,516.0,2021-11-16,32,simule_distributions_ademe_2023
60265,E,F,maison,1973,36.3,543.0,2021-11-16,32,simule_distributions_ademe_2023
59177,E,F,maison,1986,45.8,588.0,2021-11-16,32,simule_distributions_ademe_2023
60195,E,F,maison,1976,52.5,588.0,2021-11-17,32,simule_distributions_ademe_2023
80184,F,C,appartement,1933,38.2,401.0,2021-11-17,32,simule_distributions_ademe_2023
59387,E,E,maison,1967,97.9,380.0,2021-11-17,32,simule_distributions_ademe_2023
59356,D,F,maison,1993,70.2,231.0,2021-11-17,32,simule_distributions_ademe_2023
59048,D,E,appartement,1982,88.9,280.0,2021-11-18,32,simule_distributions_ademe_2023
62378,D,C,appartement,1971,71.1,214.0,2021-11-18,32,simule_distributions_ademe_2023
60363,G,C,maison,1954,138.4,392.0,2021-11-18,32,simule_distributions_ademe_2023
62222,E,E,maison,1973,51.7,678.0,2021-11-18,32,simule_distributions_ademe_2023
02360,G,D,appartement,1925,38.8,417.0,2021-11-19,32,simule_distributions_ademe_2023
80180,F,E,maison,1956,56.6,416.0,2021-11-19,32,simule_distributions_ademe_2023
62130,D,G,appartement,1977,43.6,182.0,2021-11-19,32,simule_distributions_ademe_2023
60166,F,F,appartement,1969,61.3,360.0,2021-11-19,32,simule_distributions_ademe_2023
62062,D,E,maison,1989,70.5,296.0,2021-11-20,32,simule_distributions_ademe_2023
62286,B,A,maison,2003,71.3,110.0,2021-11-20,32,simule_distributions_ademe_2023
80075,E,E,immeuble,1968,67.9,644.0,2021-11-20,32,simule_distributions_ademe_2023
80132,F,G,maison,1920,58.0,618.0,2021-11-21,32,simule_distributions_ademe_2023
02032,G,E,maison,1924,43.4,662.0,2021-11-21,32,simule_distributions_ademe_2023
62081,D,G,appartement,1989,67.8,158.0,2021-11-21,32,simule_distributions_ademe_2023
60192,G,F,maison,1935,32.0,501.0,2021-11-21,32,simule_distributions_ademe_2023
60228,E,G,maison,1991,108.5,608.0,2021-11-22,32,simule_distributions_ademe_2023
02064,E,F,immeuble,1993,42.7,544.0,2021-11-22,32,simule_distributions_ademe_2023
02373,E,E,appartement,1978,165.7,528.0,2021-11-22,32,simule_distributions_ademe_2023
60125,E,F,appartement,1988,37.8,496.0,2021-11-22,32,simule_distributions_ademe_2023
02066,E,D,appartement,1992,86.9,666.0,2021-11-23,32,simule_distributions_ademe_2023
80147,D,F,maison,1976,78.5,273.0,2021-11-23,32,simule_distributions_ademe_2023
02235,G,C,maison,1962,65.0,599.0,2021-11-23,32,simule_distributions_ademe_2023
80210,D,C,maison,1979,52.3,244.0,2021-11-23,32,simule_distributions_ademe_2023
02220,D,F,maison,1990,121.9,209.0,2021-11-24,32,simule_distributions_ademe_2023
62193,D,F,maison,1973,59.8,235.0,2021-11-24,32,simule_distributions_ademe_2023
60398,G,A,appartement,1954,46.4,421.0,2021-11-24,32,simule_distributions_ademe_2023
80365,G,E,maison,1925,90.6,398.0,2021-11-24,32,simule_distributions_ademe_2023
60269,D,G,maison,1981,43.1,198.0,2021-11-25,32,simule_distributions_ademe_2023
80051,B,E,maison,1989,108.8,100.0,2021-11-25,32,simule_distributions_ademe_2023
80238,E,E,maison,1979,66.0,370.0,2021-11-25,32,simule_distributions_ademe_2023
59168,C,E,appartement,1986,66.3,253.0,2021-11-25,32,simule_distributions_ademe_2023
62156,C,E,appartement,2013,46.0,188.0,2021-11-26,32,simule_distributions_ademe_2023
80201,D,E,maison,1967,34.0,172.0,2021-11-26,32,simule_distributions_ademe_2023
62206,E,D,maison,1991,126.9,394.0,2021-11-26,32,simule_distributions_ademe_2023
62218,F,F,maison,1937,24.4,642.0,2021-11-26,32,simule_distributions_ademe_2023
62287,G,D,maison,1948,45.1,334.0,2021-11-27,32,simule_distributions_ademe_2023
60093,F,E,appartement,1955,34.2,691.0,2021-11-27,32,simule_distributions_ademe_2023
59292,D,D,maison,1985,97.4,213.0,2021-11-27,32,simule_distributions_ademe_2023
59058,D,F,maison,1986,34.6,199.0,2021-11-27,32,simule_distributions_ademe_2023
80139,D,B,maison,1976,46.8,283.0,2021-11-28,32,simule_distributions_ademe_2023
80050,F,E,maison,1958,212.1,537.0,2021-11-28,32,simule_distributions_ademe_2023
60239,E,E,immeuble,1988,58.6,391.0,2021-11-28,32,simule_distributions_ademe_2023
80127,F,E,appartement,1965,25.7,639.0,2021-11-28,32,simule_distributions_ademe_2023
80152,F,E,maison,1928,198.4,378.0,2021-11-29,32,simule_distributions_ademe_2023
60214,D,A,appartement,1983,29.2,210.0,2021-11-29,32,simule_distributions_ademe_2023
60222,G,E,appartement,1962,41.1,654.0,2021-11-29,32,simule_distributions_ademe_2023
02253,A,G,appartement,2008,76.0,124.0,2021-11-29,32,simule_distributions_ademe_2023
60093,F,C,maison,1933,95.4,428.0,2021-11-30,32,simule_distributions_ademe_2023
02248,E,E,immeuble,1986,103.0,612.0,2021-11-30,32,simule_distributions_ademe_2023
59311,G,E,appartement,1954,96.0,600.0,2021-11-30,32,simule_distributions_ademe_2023
02165,E,F,appartement,1991,90.4,649.0,2021-11-30,32,simule_distributions_ademe_2023
60158,F,D,maison,1962,66.4,680.0,2021-12-01,32,simule_distributions_ademe_2023
59166,D,E,maison,1972,35.3,156.0,2021-12-01,32,simule_distributions_ademe_2023
62155,D,E,appartement,1973,35.6,188.0,2021-12-01,32,simule_distributions_ademe_2023
80204,E,C,maison,1989,82.5,488.0,2021-12-02,32,simule_distributions_ademe_2023
62133,F,D,maison,1966,47.2,578.0,2021-12-02,32,simule_distributions_ademe_2023
80359,E,E,appartement,1991,116.2,422.0,2021-12-02,32,simule_distributions_ademe_2023
59331,G,E,immeuble,1945,106.5,650.0,2021-12-02,32,simule_distributions_ademe_2023
62010,G,E,appartement,1959,28.9,600.0,2021-12-03,32,simule_distributions_ademe_2023
60394,F,E,maison,1936,44.3,358.0,2021-12-03,32,simule_distributions_ademe_2023
02001,C,C,immeuble,2001,153.6,198.0,2021-12-03,32,simule_distributions_ademe_2023
80070,C,G,immeuble,1992,40.2,164.0,2021-12-03,32,simule_distributions_ademe_2023
60357,G,F,maison,1961,62.8,621.0,2021-12-04,32,simule_distributions_ademe_2023
02132,G,E,maison,1951,40.1,644.0,2021-12-04,32,simule_distributions_ademe_2023
02033,F,D,maison,1968,71.7,679.0,2021-12-04,32,simule_distributions_ademe_2023
59008,E,F,maison,1986,209.9,573.0,2021-12-04,32,simule_distributions_ademe_2023
80067,F,D,maison,1952,63.3,613.0,2021-12-05,32,simule_distributions_ademe_2023
62330,D,D,maison,1992,40.3,224.0,2021-12-05,32,simule_distributions_ademe_2023
59186,F,B,immeuble,1930,103.5,374.0,2021-12-05,32,simule_distributions_ademe_2023
02073,E,D,maison,1966,63.0,550.0,2021-12-05,32,simule_distributions_ademe_2023
80187,E,E,appartement,1979,93.6,386.0,2021-12-06,32,simule_distributions_ademe_2023
59056,F,F,maison,1940,78.5,409.0,2021-12-06,32,simule_distributions_ademe_2023
60100,C,F,maison,2011,73.7,276.0,2021-12-06,32,simule_distributions_ademe_2023
60327,C,G,appartement,1988,97.4,209.0,2021-12-06,32,simule_distributions_ademe_2023
59340,E,E,appartement,1988,162.3,429.0,2021-12-07,32,simule_distributions_ademe_2023
02067,D,E,maison,1967,66.1,317.0,2021-12-07,32,simule_distributions_ademe_2023
60113,F,D,maison,1967,23.4,430.0,2021-12-07,32,simule_distributions_ademe_2023
80353,G,G,appartement,1962,102.6,525.0,2021-12-07,32,simule_distributions_ademe_2023
02042,E,A,maison,1967,41.0,652.0,2021-12-08,32,simule_distributions_ademe_2023
59006,E,F,maison,1970,37.3,362.0,2021-12-08,32,simule_distributions_ademe_2023
02186,C,F,appartement,2004,42.7,187.0,2021-12-08,32,simule_distributions_ademe_2023
02147,C,E,maison,1986,60.1,300.0,2021-12-08,32,simule_distributions_ademe_2023
02185,D,F,maison,1988,205.0,208.0,2021-12-09,32,simule_distributions_ademe_2023
62150,E,E,maison,1983,36.9,605.0,2021-12-09,32,simule_distributions_ademe_2023
59029,F,E,maison,1953,82.2,539.0,2021-12-09,32,simule_distributions_ademe_2023
02325,F,E,appartement,1964,78.3,465.0,2021-12-09,32,simule_distributions_ademe_2023
80203,E,F,appartement,1981,112.9,552.0,2021-12-10,32,simule_distributions_ademe_2023
02277,D,F,maison,1986,48.0,298.0,2021-12-10,32,simule_distributions_ademe_2023
80087,C,D,appartement,2010,156.4,237.0,2021-12-10,32,simule_distributions_ademe_2023
62363,E,B,maison,1990,94.9,637.0,2021-12-10,32,simule_distributions_ademe_2023
80261,C,F,maison,2015,72.8,267.0,2021-12-11,32,simule_distributions_ademe_2023
02019,F,E,appartement,1956,97.6,554.0,2021-12-11,32,simule_distributions_ademe_2023
60207,B,E,appartement,2016,214.6,66.0,2021-12-11,32,simule_distributions_ademe_2023
02343,E,D,appartement,1982,105.7,529.0,2021-12-12,32,simule_distributions_ademe_2023
62093,D,E,maison,1988,87.9,212.0,2021-12-12,32,simule_distributions_ademe_2023
62103,F,E,maison,1951,85.0,435.0,2021-12-12,32,simule_distributions_ademe_2023
62255,B,B,maison,1992,41.4,103.0,2021-12-12,32,simule_distributions_ademe_2023
02364,G,C,maison,1955,161.1,685.0,2021-12-13,32,simule_distributions_ademe_2023
02219,F,E,maison,1947,98.5,379.0,2021-12-13,32,simule_distributions_ademe_2023
59036,D,B,appartement,1969,100.0,217.0,2021-12-13,32,simule_distributions_ademe_2023
02206,F,D,maison,1955,151.8,573.0,2021-12-13,32,simule_distributions_ademe_2023
62088,F,F,maison,1946,106.9,456.0,2021-12-14,32,simule_distributions_ademe_2023
02131,G,D,maison,1935,79.3,434.0,2021-12-14,32,simule_distributions_ademe_2023
60219,C,G,maison,1990,77.8,319.0,2021-12-14,32,simule_distributions_ademe_2023
62241,D,E,maison,1977,40.8,306.0,2021-12-14,32,simule_distributions_ademe_2023
80375,F,D,maison,1947,43.6,454.0,2021-12-15,32,simule_distributions_ademe_2023
02293,C,D,maison,2002,28.6,271.0,2021-12-15,32,simule_distributions_ademe_2023
02273,E,F,maison,1988,82.6,427.0,2021-12-15,32,simule_distributions_ademe_2023
62243,B,D,maison,2014,44.2,106.0,2021-12-15,32,simule_distributions_ademe_2023
59287,F,C,appartement,1949,96.7,611.0,2021-12-16,32,simule_distributions_ademe_2023
62159,E,C,maison,1985,54.3,446.0,2021-12-16,32,simule_distributions_ademe_2023
62091,G,E,maison,1927,70.0,446.0,2021-12-16,32,simule_distributions_ademe_2023
62348,C,E,maison,1997,67.5,226.0,2021-12-16,32,simule_distributions_ademe_2023
80011,G,E,appartement,1959,115.9,611.0,2021-12-17,32,simule_distributions_ademe_2023
02347,D,F,appartement,1972,60.3,283.0,2021-12-17,32,simule_distributions_ademe_2023
59253,B,B,maison,1993,158.4,137.0,2021-12-17,32,simule_distributions_ademe_2023
60092,F,E,maison,1934,155.3,683.0,2021-12-17,32,simule_distributions_ademe_2023
62024,E,E,appartement,1982,124.5,565.0,2021-12-18,32,simule_distributions_ademe_2023
02315,C,F,maison,1985,68.7,283.0,2021-12-18,32,simule_distributions_ademe_2023
59153,D,G,maison,1970,88.8,205.0,2021-12-18,32,simule_distributions_ademe_2023
59148,D,E,maison,1980,60.3,172.0,2021-12-18,32,simule_distributions_ademe_2023
59321,C,F,maison,2011,36.7,282.0,2021-12-19,32,simule_distributions_ademe_2023
60008,G,D,appartement,1965,66.7,511.0,2021-12-19,32,simule_distributions_ademe_2023
62050,F,D,appartement,1928,147.9,377.0,2021-12-19,32,simule_distributions_ademe_2023
02317,F,D,immeuble,1923,251.3,567.0,2021-12-19,32,simule_distributions_ademe_2023
62020,F,D,maison,1959,74.7,545.0,2021-12-20,32,simule_distributions_ademe_2023
62332,D,E,maison,1969,29.6,260.0,2021-12-20,32,simule_distributions_ademe_2023
02210,G,E,maison,1973,103.4,529.0,2021-12-20,32,simule_distributions_ademe_2023
02039,D,E,appartement,1994,164.2,212.0,2021-12-20,32,simule_distributions_ademe_2023
60221,D,F,appartement,1981,132.0,248.0,2021-12-21,32,simule_distributions_ademe_2023
62246,D,E,appartement,1976,112.6,182.0,2021-12-21,32,simule_distributions_ademe_2023
02086,E,F,appartement,1977,24.3,532.0,2021-12-21,32,simule_distributions_ademe_2023
60028,F,D,maison,1943,133.5,553.0,2021-12-21,32,simule_distributions_ademe_2023
02151,C,F,maison,2017,64.5,302.0,2021-12-22,32,simule_distributions_ademe_2023
59344,F,F,appartement,1946,110.5,342.0,2021-12-22,32,simule_distributions_ademe_2023
02076,D,E,maison,1974,49.7,162.0,2021-12-22,32,simule_distributions_ademe_2023
02367,D,E,appartement,1973,45.2,282.0,2021-12-23,32,simule_distributions_ademe_2023
60261,B,F,appartement,2000,32.7,130.0,2021-12-23,32,simule_distributions_ademe_2023
60263,D,D,appartement,1974,61.6,175.0,2021-12-23,32,simule_distributions_ademe_2023
62239,F,D,maison,1972,80.3,586.0,2021-12-23,32,simule_distributions_ademe_2023
59149,G,A,appartement,1936,46.4,650.0,2021-12-24,32,simule_distributions_ademe_2023
80323,A,G,appartement,2007,40.8,136.0,2021-12-24,32,simule_distributions_ademe_2023
59050,E,F,maison,1989,89.8,488.0,2021-12-24,32,simule_distributions_ademe_2023
62385,E,D,maison,1983,47.9,487.0,2021-12-24,32,simule_distributions_ademe_2023
59292,B,E,appartement,1989,130.4,77.0,2021-12-25,32,simule_distributions_ademe_2023
80339,G,D,appartement,1942,66.0,683.0,2021-12-25,32,simule_distributions_ademe_2023
02293,F,E,maison,1952,34.3,353.0,2021-12-25,32,simule_distributions_ademe_2023
80255,G,D,appartement,1969,60.8,601.0,2021-12-25,32,simule_distributions_ademe_2023
62308,B,B,maison,1999,52.0,129.0,2021-12-26,32,simule_distributions_ademe_2023
80169,E,F,maison,1981,26.5,420.0,2021-12-26,32,simule_distributions_ademe_2023
80117,F,F,maison,1922,93.5,676.0,2021-12-26,32,simule_distributions_ademe_2023
59022,C,F,immeuble,1990,126.6,256.0,2021-12-26,32,simule_distributions_ademe_2023
62323,D,E,maison,1970,42.0,245.0,2021-12-27,32,simule_distributions_ademe_2023
60296,C,G,maison,2010,52.7,176.0,2021-12-27,32,simule_distributions_ademe_2023
80247,F,D,maison,1969,65.8,365.0,2021-12-27,32,simule_distributions_ademe_2023
80275,G,A,maison,1960,33.6,532.0,2021-12-27,32,simule_distributions_ademe_2023
59072,D,D,maison,1973,37.4,273.0,2021-12-28,32,simule_distributions_ademe_2023
59271,G,D,maison,1930,144.6,363.0,2021-12-28,32,simule_distributions_ademe_2023
02086,E,F,maison,1974,135.3,421.0,2021-12-28,32,simule_distributions_ademe_2023
80150,D,D,appartement,1994,81.4,282.0,2021-12-28,32,simule_distributions_ademe_2023
59083,A,G,maison,2014,51.9,122.0,2021-12-29,32,simule_distributions_ademe_2023
59366,E,D,appartement,1981,45.3,362.0,2021-12-29,32,simule_distributions_ademe_2023
80320,F,D,maison,1943,82.0,491.0,2021-12-29,32,simule_distributions_ademe_2023
60001,G,E,maison,1961,143.6,597.0,2021-12-29,32,simule_distributions_ademe_2023
80061,E,C,maison,1978,44.2,645.0,2021-12-30,32,simule_distributions_ademe_2023
62207,D,E,appartement,1975,40.8,218.0,2021-12-30,32,simule_distributions_ademe_2023
80186,F,C,maison,1955,22.6,360.0,2021-12-30,32,simule_distributions_ademe_2023
62116,F,D,appartement,1971,39.9,678.0,2021-12-30,32,simule_distributions_ademe_2023
59171,E,C,maison,1965,94.6,480.0,2021-12-31,32,simule_distributions_ademe_2023
02113,F,D,maison,1944,54.4,508.0,2021-12-31,32,simule_distributions_ademe_2023
60108,E,D,appartement,1991,52.7,510.0,2021-12-31,32,simule_distributions_ademe_2023
80039,F,E,maison,1955,92.1,665.0,2021-12-31,32,simule_distributions_ademe_2023
62141,F,B,appartement,1951,64.2,636.0,2022-01-01,32,simule_distributions_ademe_2023
60272,D,E,maison,1976,143.2,293.0,2022-01-01,32,simule_distributions_ademe_2023
02203,D,F,appartement,1993,59.1,265.0,2022-01-01,32,simule_distributions_ademe_2023
60054,G,F,appartement,1922,51.8,597.0,2022-01-01,32,simule_distributions_ademe_2023
02229,C,D,appartement,2002,66.6,268.0,2022-01-02,32,simule_distributions_ademe_2023
02225,B,E,maison,2008,74.2,75.0,2022-01-02,32,simule_distributions_ademe_2023
59190,D,F,appartement,1972,38.9,312.0,2022-01-02,32,simule_distributions_ademe_2023
60189,E,F,appartement,1968,138.6,612.0,2022-01-03,32,simule_distributions_ademe_2023
59317,E,G,maison,1969,51.6,663.0,2022-01-03,32,simule_distributions_ademe_2023
59228,D,E,maison,1991,34.3,279.0,2022-01-03,32,simule_distributions_ademe_2023
59083,B,E,appartement,2011,42.1,63.0,2022-01-03,32,simule_distributions_ademe_2023
59032,G,F,appartement,1974,81.1,662.0,2022-01-04,32,simule_distributions_ademe_2023
59298,F,E,appartement,1961,18.0,600.0,2022-01-04,32,simule_distributions_ademe_2023
02374,C,D,maison,2011,62.2,216.0,2022-01-04,32,simule_distributions_ademe_2023
02230,F,G,appartement,1925,48.5,497.0,2022-01-04,32,simule_distributions_ademe_2023
62234,G,A,appartement,1971,42.4,389.0,2022-01-05,32,simule_distributions_ademe_2023
02076,D,D,maison,1974,49.4,326.0,2022-01-05,32,simule_distributions_ademe_2023
59284,D,E,appartement,1991,77.4,191.0,2022-01-05,32,simule_distributions_ademe_2023
80245,G,D,appartement,1952,60.3,516.0,2022-01-05,32,simule_distributions_ademe_2023
59213,F,E,appartement,1939,66.4,373.0,2022-01-06,32,simule_distributions_ademe_2023
02021,C,F,appartement,2011,73.2,166.0,2022-01-06,32,simule_distributions_ademe_2023
62249,E,G,appartement,1966,51.7,433.0,2022-01-06,32,simule_distributions_ademe_2023
62363,E,D,maison,1972,44.3,603.0,2022-01-06,32,simule_distributions_ademe_2023
80320,C,E,maison,2019,80.2,210.0,2022-01-07,32,simule_distributions_ademe_2023
60220,G,F,maison,1925,101.9,586.0,2022-01-07,32,simule_distributions_ademe_2023
60056,C,F,appartement,2002,134.8,220.0,2022-01-07,32,simule_distributions_ademe_2023
80242,B,E,maison,1996,51.4,116.0,2022-01-07,32,simule_distributions_ademe_2023
80159,D,F,appartement,1977,45.5,326.0,2022-01-08,32,simule_distributions_ademe_2023
59191,C,C,appartement,2007,97.6,230.0,2022-01-08,32,simule_distributions_ademe_2023
80201,E,E,maison,1985,78.1,351.0,2022-01-08,32,simule_distributions_ademe_2023
02027,G,E,appartement,1962,198.9,594.0,2022-01-08,32,simule_distributions_ademe_2023
60260,G,D,appartement,1920,65.9,455.0,2022-01-09,32,simule_distributions_ademe_2023
02201,G,D,appartement,1952,111.3,407.0,2022-01-09,32,simule_distributions_ademe_2023
80374,C,A,maison,2000,69.8,255.0,2022-01-09,32,simule_distributions_ademe_2023
60289,D,G,maison,1968,56.1,160.0,2022-01-09,32,simule_distributions_ademe_2023
02272,G,D,appartement,1927,101.1,631.0,2022-01-10,32,simule_distributions_ademe_2023
60013,D,D,maison,1993,52.4,308.0,2022-01-10,32,simule_distributions_ademe_2023
80057,D,G,maison,1986,65.7,319.0,2022-01-10,32,simule_distributions_ademe_2023
60391,D,D,maison,1979,55.6,294.0,2022-01-10,32,simule_distributions_ademe_2023
60180,G,D,maison,1953,52.0,454.0,2022-01-11,32,simule_distributions_ademe_2023
80045,F,D,appartement,1927,87.1,546.0,2022-01-11,32,simule_distributions_ademe_2023
59193,D,E,maison,1981,54.1,224.0,2022-01-11,32,simule_distributions_ademe_2023
62399,C,E,immeuble,2007,90.2,283.0,2022-01-11,32,simule_distributions_ademe_2023
80035,D,G,appartement,1971,56.5,189.0,2022-01-12,32,simule_distributions_ademe_2023
80290,G,D,appartement,1932,80.9,662.0,2022-01-12,32,simule_distributions_ademe_2023
80207,F,D,appartement,1960,65.5,588.0,2022-01-12,32,simule_distributions_ademe_2023
62362,E,G,maison,1980,116.8,637.0,2022-01-12,32,simule_distributions_ademe_2023
80238,F,G,appartement,1932,137.0,624.0,2022-01-13,32,simule_distributions_ademe_2023
62058,G,G,maison,1941,35.9,510.0,2022-01-13,32,simule_distributions_ademe_2023
02077,C,D,appartement,2005,96.5,167.0,2022-01-13,32,simule_distributions_ademe_2023
60391,D,G,maison,1986,46.1,182.0,2022-01-14,32,simule_distributions_ademe_2023
80176,D,B,maison,1981,29.4,190.0,2022-01-14,32,simule_distributions_ademe_2023
59167,B,G,immeuble,2000,54.5,81.0,2022-01-14,32,simule_distributions_ademe_2023
02154,D,C,appartement,1992,119.9,164.0,2022-01-14,32,simule_distributions_ademe_2023
02010,E,E,maison,1990,78.1,503.0,2022-01-15,32,simule_distributions_ademe_2023
80317,E,F,appartement,1971,51.1,590.0,2022-01-15,32,simule_distributions_ademe_2023
60075,G,G,appartement,1947,178.9,447.0,2022-01-15,32,simule_distributions_ademe_2023
80363,B,D,maison,2003,31.1,87.0,2022-01-15,32,simule_distributions_ademe_2023
59083,E,D,maison,1981,88.0,590.0,2022-01-16,32,simule_distributions_ademe_2023
60392,B,E,maison,1986,19.4,97.0,2022-01-16,32,simule_distributions_ademe_2023
80312,F,G,appartement,1974,49.8,399.0,2022-01-16,32,simule_distributions_ademe_2023
60327,C,D,appartement,2012,35.4,193.0,2022-01-16,32,simule_distributions_ademe_2023
60143,E,F,appartement,1988,44.5,700.0,2022-01-17,32,simule_distributions_ademe_2023
60099,E,C,appartement,1986,48.0,589.0,2022-01-17,32,simule_distributions_ademe_2023
02297,G,D,maison,1920,145.7,440.0,2022-01-17,32,simule_distributions_ademe_2023
62032,D,D,appartement,1976,48.9,225.0,2022-01-17,32,simule_distributions_ademe_2023
59091,E,D,appartement,1975,184.5,596.0,2022-01-18,32,simule_distributions_ademe_2023
59109,C,G,maison,2009,57.1,251.0,2022-01-18,32,simule_distributions_ademe_2023
02075,A,E,appartement,2011,53.8,103.0,2022-01-18,32,simule_distributions_ademe_2023
59052,F,F,maison,1932,29.8,525.0,2022-01-18,32,simule_distributions_ademe_2023
80259,F,F,maison,1953,100.8,420.0,2022-01-19,32,simule_distributions_ademe_2023
60058,D,E,maison,1977,68.6,201.0,2022-01-19,32,simule_distributions_ademe_2023
80243,G,D,maison,1922,92.6,599.0,2022-01-19,32,simule_distributions_ademe_2023
60204,F,D,maison,1921,30.5,545.0,2022-01-19,32,simule_distributions_ademe_2023
62333,E,F,maison,1987,86.6,565.0,2022-01-20,32,simule_distributions_ademe_2023
80216,F,F,maison,1938,187.5,540.0,2022-01-20,32,simule_distributions_ademe_2023
60096,E,E,maison,1966,94.7,553.0,2022-01-20,32,simule_distributions_ademe_2023
02384,F,G,maison,1963,40.1,520.0,2022-01-20,32,simule_distributions_ademe_2023
80282,A,F,maison,1993,18.5,116.0,2022-01-21,32,simule_distributions_ademe_2023
62339,G,F,appartement,1927,74.5,338.0,2022-01-21,32,simule_distributions_ademe_2023
59059,C,E,maison,1989,117.9,296.0,2022-01-21,32,simule_distributions_ademe_2023
59144,G,F,appartement,1962,34.5,424.0,2022-01-21,32,simule_distributions_ademe_2023
80186,C,D,appartement,2007,68.3,230.0,2022-01-22,32,simule_distributions_ademe_2023
62388,E,E,maison,1993,81.5,539.0,2022-01-22,32,simule_distributions_ademe_2023
80132,F,D,maison,1967,56.5,634.0,2022-01-22,32,simule_distributions_ademe_2023
02198,F,A,maison,1937,52.3,425.0,2022-01-22,32,simule_distributions_ademe_2023
60310,E,B,appartement,1979,33.6,493.0,2022-01-23,32,simule_distributions_ademe_2023
80367,G,D,maison,1969,50.7,640.0,2022-01-23,32,simule_distributions_ademe_2023
60313,E,G,appartement,1977,92.3,609.0,2022-01-23,32,simule_distributions_ademe_2023
80136,D,D,appartement,1986,41.7,306.0,2022-01-23,32,simule_distributions_ademe_2023
80065,F,F,maison,1928,45.5,400.0,2022-01-24,32,simule_distributions_ademe_2023
80308,G,E,maison,1937,59.6,660.0,2022-01-24,32,simule_distributions_ademe_2023
02062,G,F,appartement,1926,28.0,460.0,2022-01-24,32,simule_distributions_ademe_2023
60189,D,E,maison,1973,51.0,235.0,2022-01-25,32,simule_distributions_ademe_2023
62217,D,G,appartement,1976,86.6,324.0,2022-01-25,32,simule_distributions_ademe_2023
62176,E,B,immeuble,1993,48.9,588.0,2022-01-25,32,simule_distributions_ademe_2023
59242,D,F,appartement,1968,52.7,176.0,2022-01-25,32,simule_distributions_ademe_2023
62069,G,E,maison,1969,70.6,425.0,2022-01-26,32,simule_distributions_ademe_2023
62227,F,F,appartement,1942,114.5,698.0,2022-01-26,32,simule_distributions_ademe_2023
02208,E,E,maison,1980,36.5,653.0,2022-01-26,32,simule_distributions_ademe_2023
80358,E,E,maison,1992,26.1,654.0,2022-01-26,32,simule_distributions_ademe_2023
59266,E,E,appartement,1983,77.1,512.0,2022-01-27,32,simule_distributions_ademe_2023
62189,E,F,maison,1987,73.9,650.0,2022-01-27,32,simule_distributions_ademe_2023
80284,D,C,maison,1967,48.1,231.0,2022-01-27,32,simule_distributions_ademe_2023
02236,F,D,appartement,1966,24.9,366.0,2022-01-27,32,simule_distributions_ademe_2023
80083,E,E,maison,1986,68.4,403.0,2022-01-28,32,simule_distributions_ademe_2023
80216,F,D,appartement,1968,114.2,483.0,2022-01-28,32,simule_distributions_ademe_2023
80276,D,D,maison,1989,36.7,321.0,2022-01-28,32,simule_distributions_ademe_2023
80247,E,G,maison,1986,51.4,446.0,2022-01-28,32,simule_distributions_ademe_2023
02227,D,F,appartement,1977,63.4,326.0,2022-01-29,32,simule_distributions_ademe_2023
60278,B,G,maison,1990,120.8,65.0,2022-01-29,32,simule_distributions_ademe_2023
02304,F,A,maison,1924,71.6,385.0,2022-01-29,32,simule_distributions_ademe_2023
02322,E,F,maison,1970,81.2,575.0,2022-01-29,32,simule_distributions_ademe_2023
02395,C,G,immeuble,1996,61.5,171.0,2022-01-30,32,simule_distributions_ademe_2023
59374,G,A,immeuble,1970,66.5,642.0,2022-01-30,32,simule_distributions_ademe_2023
02229,B,D,appartement,1998,41.3,101.0,2022-01-30,32,simule_distributions_ademe_2023
62388,C,D,maison,1996,124.8,191.0,2022-01-30,32,simule_distributions_ademe_2023
62147,F,C,appartement,1967,124.2,559.0,2022-01-31,32,simule_distributions_ademe_2023
60202,B,E,appartement,2004,97.6,96.0,2022-01-31,32,simule_distributions_ademe_2023
60205,D,G,maison,1969,43.4,322.0,2022-01-31,32,simule_distributions_ademe_2023
62021,G,B,appartement,1957,64.7,356.0,2022-01-31,32,simule_distributions_ademe_2023
60087,C,F,maison,2017,43.1,152.0,2022-02-01,32,simule_distributions_ademe_2023
62395,F,C,appartement,1970,47.7,512.0,2022-02-01,32,simule_distributions_ademe_2023
80141,C,D,maison,2012,81.9,280.0,2022-02-01,32,simule_distributions_ademe_2023
62274,E,G,maison,1982,116.2,357.0,2022-02-01,32,simule_distributions_ademe_2023
59057,E,E,maison,1991,59.5,332.0,2022-02-02,32,simule_distributions_ademe_2023
59398,G,D,appartement,1925,56.1,457.0,2022-02-02,32,simule_distributions_ademe_2023
60275,G,D,maison,1963,32.9,427.0,2022-02-02,32,simule_distributions_ademe_2023
59266,E,D,appartement,1976,41.7,548.0,2022-02-02,32,simule_distributions_ademe_2023
62222,G,C,appartement,1932,21.4,564.0,2022-02-03,32,simule_distributions_ademe_2023
60382,D,D,appartement,1984,99.5,312.0,2022-02-03,32,simule_distributions_ademe_2023
80241,F,D,appartement,1963,46.8,342.0,2022-02-03,32,simule_distributions_ademe_2023
59142,G,E,appartement,1972,70.8,352.0,2022-02-03,32,simule_distributions_ademe_2023
02393,F,E,maison,1938,58.1,381.0,2022-02-04,32,simule_distributions_ademe_2023
59316,C,D,maison,1996,50.9,151.0,2022-02-04,32,simule_distributions_ademe_2023
59298,C,D,maison,1999,57.9,186.0,2022-02-04,32,simule_distributions_ademe_2023
62135,E,E,appartement,1969,66.6,640.0,2022-02-05,32,simule_distributions_ademe_2023
59156,D,F,appartement,1969,76.9,286.0,2022-02-05,32,simule_distributions_ademe_2023
59018,D,E,appartement,1986,132.6,282.0,2022-02-05,32,simule_distributions_ademe_2023
80126,G,E,appartement,1932,52.8,587.0,2022-02-05,32,simule_distributions_ademe_2023
60316,E,F,maison,1981,34.8,530.0,2022-02-06,32,simule_distributions_ademe_2023
02234,C,F,maison,2011,139.3,206.0,2022-02-06,32,simule_distributions_ademe_2023
02241,D,B,maison,1975,112.9,268.0,2022-02-06,32,simule_distributions_ademe_2023
80127,F,B,maison,1936,35.4,426.0,2022-02-06,32,simule_distributions_ademe_2023
59159,D,E,appartement,1987,114.4,167.0,2022-02-07,32,simule_distributions_ademe_2023
02069,E,F,appartement,1986,80.0,360.0,2022-02-07,32,simule_distributions_ademe_2023
59164,C,E,appartement,2006,60.6,175.0,2022-02-07,32,simule_distributions_ademe_2023
02083,C,E,maison,2005,95.3,161.0,2022-02-07,32,simule_distributions_ademe_2023
60243,D,A,maison,1991,62.2,203.0,2022-02-08,32,simule_distributions_ademe_2023
62076,C,C,appartement,2011,72.5,231.0,2022-02-08,32,simule_distributions_ademe_2023
59053,G,F,maison,1963,128.3,378.0,2022-02-08,32,simule_distributions_ademe_2023
59313,F,E,appartement,1932,134.3,552.0,2022-02-08,32,simule_distributions_ademe_2023
59046,G,B,maison,1925,34.8,518.0,2022-02-09,32,simule_distributions_ademe_2023
02228,E,E,appartement,1967,85.2,669.0,2022-02-09,32,simule_distributions_ademe_2023
59368,E,G,immeuble,1973,273.2,491.0,2022-02-09,32,simule_distributions_ademe_2023
59104,E,G,immeuble,1982,151.4,662.0,2022-02-09,32,simule_distributions_ademe_2023
60194,B,G,maison,2019,75.3,132.0,2022-02-10,32,simule_distributions_ademe_2023
80125,G,F,appartement,1930,130.7,341.0,2022-02-10,32,simule_distributions_ademe_2023
80045,F,G,appartement,1925,46.3,560.0,2022-02-10,32,simule_distributions_ademe_2023
02087,G,F,maison,1962,63.7,334.0,2022-02-10,32,simule_distributions_ademe_2023
80237,G,D,maison,1973,89.6,448.0,2022-02-11,32,simule_distributions_ademe_2023
59381,D,G,appartement,1982,82.8,273.0,2022-02-11,32,simule_distributions_ademe_2023
62365,D,F,appartement,1992,64.3,289.0,2022-02-11,32,simule_distributions_ademe_2023
02373,E,C,appartement,1970,50.0,698.0,2022-02-11,32,simule_distributions_ademe_2023
60319,F,E,maison,1939,51.4,410.0,2022-02-12,32,simule_distributions_ademe_2023
59060,E,E,maison,1976,51.5,488.0,2022-02-12,32,simule_distributions_ademe_2023
62140,D,E,maison,1985,60.6,248.0,2022-02-12,32,simule_distributions_ademe_2023
02293,F,C,appartement,1961,56.7,528.0,2022-02-12,32,simule_distributions_ademe_2023
02090,E,D,appartement,1989,242.5,441.0,2022-02-13,32,simule_distributions_ademe_2023
60286,D,D,appartement,1981,82.2,292.0,2022-02-13,32,simule_distributions_ademe_2023
62277,C,G,maison,2002,95.8,185.0,2022-02-13,32,simule_distributions_ademe_2023
59264,E,F,maison,1976,74.9,348.0,2022-02-13,32,simule_distributions_ademe_2023
60382,C,G,appartement,1991,82.0,201.0,2022-02-14,32,simule_distributions_ademe_2023
59181,D,C,appartement,1987,59.1,213.0,2022-02-14,32,simule_distributions_ademe_2023
62325,F,G,appartement,1969,71.7,459.0,2022-02-14,32,simule_distributions_ademe_2023
59364,F,D,immeuble,1949,92.7,392.0,2022-02-14,32,simule_distributions_ademe_2023
62095,F,F,immeuble,1940,74.6,678.0,2022-02-15,32,simule_distributions_ademe_2023
60274,E,E,appartement,1984,103.9,680.0,2022-02-15,32,simule_distributions_ademe_2023
80183,D,D,appartement,1986,88.0,206.0,2022-02-15,32,simule_distributions_ademe_2023
59181,C,D,maison,1992,177.8,199.0,2022-02-16,32,simule_distributions_ademe_2023
80294,E,G,maison,1973,132.1,471.0,2022-02-16,32,simule_distributions_ademe_2023
60287,C,B,maison,2014,137.1,232.0,2022-02-16,32,simule_distributions_ademe_2023
59111,A,F,appartement,2015,84.0,137.0,2022-02-16,32,simule_distributions_ademe_2023
02295,E,E,appartement,1971,104.9,417.0,2022-02-17,32,simule_distributions_ademe_2023
60124,F,B,appartement,1967,137.4,413.0,2022-02-17,32,simule_distributions_ademe_2023
02246,G,E,maison,1964,113.0,403.0,2022-02-17,32,simule_distributions_ademe_2023
80329,D,F,appartement,1987,30.1,231.0,2022-02-17,32,simule_distributions_ademe_2023
59389,D,D,maison,1974,45.5,319.0,2022-02-18,32,simule_distributions_ademe_2023
59126,D,D,maison,1972,66.5,242.0,2022-02-18,32,simule_distributions_ademe_2023
60386,G,F,maison,1969,27.3,558.0,2022-02-18,32,simule_distributions_ademe_2023
62277,C,D,appartement,2002,75.9,249.0,2022-02-18,32,simule_distributions_ademe_2023
02120,D,B,appartement,1970,174.4,324.0,2022-02-19,32,simule_distributions_ademe_2023
60351,D,A,maison,1966,66.7,241.0,2022-02-19,32,simule_distributions_ademe_2023
59259,G,D,maison,1932,145.6,465.0,2022-02-19,32,simule_distributions_ademe_2023
02174,F,A,appartement,1946,35.0,627.0,2022-02-19,32,simule_distributions_ademe_2023
62040,G,E,appartement,1930,39.1,518.0,2022-02-20,32,simule_distributions_ademe_2023
59374,F,E,immeuble,1946,140.0,493.0,2022-02-20,32,simule_distributions_ademe_2023
02389,F,D,appartement,1949,34.8,411.0,2022-02-20,32,simule_distributions_ademe_2023
80295,F,G,appartement,1948,44.8,611.0,2022-02-20,32,simule_distributions_ademe_2023
62074,F,F,maison,1942,49.2,551.0,2022-02-21,32,simule_distributions_ademe_2023
62222,G,D,appartement,1953,107.9,415.0,2022-02-21,32,simule_distributions_ademe_2023
59360,A,D,appartement,2012,57.7,121.0,2022-02-21,32,simule_distributions_ademe_2023
02059,F,F,appartement,1969,62.2,460.0,2022-02-21,32,simule_distributions_ademe_2023
02092,E,D,maison,1988,74.7,545.0,2022-02-22,32,simule_distributions_ademe_2023
80114,C,F,maison,1987,70.6,289.0,2022-02-22,32,simule_distributions_ademe_2023
59155,G,C,maison,1970,92.7,531.0,2022-02-22,32,simule_distributions_ademe_2023
59165,C,C,maison,2005,82.3,181.0,2022-02-22,32,simule_distributions_ademe_2023
02044,F,C,appartement,1950,88.6,635.0,2022-02-23,32,simule_distributions_ademe_2023
02242,E,E,maison,1970,79.2,375.0,2022-02-23,32,simule_distributions_ademe_2023
62213,G,F,appartement,1926,71.7,346.0,2022-02-23,32,simule_distributions_ademe_2023
60157,G,D,appartement,1934,52.4,645.0,2022-02-23,32,simule_distributions_ademe_2023
62042,B,C,maison,2000,170.8,70.0,2022-02-24,32,simule_distributions_ademe_2023
59273,D,D,appartement,1977,39.9,214.0,2022-02-24,32,simule_distributions_ademe_2023
60007,D,D,appartement,1978,36.9,297.0,2022-02-24,32,simule_distributions_ademe_2023
02229,D,D,appartement,1971,33.3,190.0,2022-02-24,32,simule_distributions_ademe_2023
60263,E,D,appartement,1991,35.4,545.0,2022-02-25,32,simule_distributions_ademe_2023
80331,E,D,maison,1974,130.5,609.0,2022-02-25,32,simule_distributions_ademe_2023
59024,E,D,maison,1978,46.2,588.0,2022-02-25,32,simule_distributions_ademe_2023
02380,E,D,maison,1967,82.7,523.0,2022-02-25,32,simule_distributions_ademe_2023
59370,D,G,maison,1969,117.8,300.0,2022-02-26,32,simule_distributions_ademe_2023
80111,C,G,maison,1998,48.3,299.0,2022-02-26,32,simule_distributions_ademe_2023
60012,A,G,appartement,2009,45.4,121.0,2022-02-26,32,simule_distributions_ademe_2023
02313,B,D,appartement,1991,33.6,71.0,2022-02-27,32,simule_distributions_ademe_2023
62205,D,G,appartement,1979,84.1,160.0,2022-02-27,32,simule_distributions_ademe_2023
60079,F,E,maison,1959,42.2,446.0,2022-02-27,32,simule_distributions_ademe_2023
59318,C,D,appartement,2014,61.9,204.0,2022-02-27,32,simule_distributions_ademe_2023
02065,D,E,appartement,1978,78.4,311.0,2022-02-28,32,simule_distributions_ademe_2023
60275,C,G,appartement,1998,58.4,299.0,2022-02-28,32,simule_distributions_ademe_2023
62193,F,E,maison,1955,54.2,675.0,2022-02-28,32,simule_distributions_ademe_2023
60179,E,E,maison,1989,34.8,367.0,2022-02-28,32,simule_distributions_ademe_2023
62298,E,B,maison,1984,36.0,408.0,2022-03-01,32,simule_distributions_ademe_2023
59180,F,B,appartement,1924,43.0,600.0,2022-03-01,32,simule_distributions_ademe_2023
60030,F,C,appartement,1947,133.6,397.0,2022-03-01,32,simule_distributions_ademe_2023
60253,G,F,appartement,1951,61.2,394.0,2022-03-01,32,simule_distributions_ademe_2023
02305,E,G,appartement,1965,24.3,412.0,2022-03-02,32,simule_distributions_ademe_2023
80155,D,D,maison,1983,85.0,302.0,2022-03-02,32,simule_distributions_ademe_2023
60113,D,A,appartement,1988,102.2,176.0,2022-03-02,32,simule_distributions_ademe_2023
59010,F,G,appartement,1934,81.2,478.0,2022-03-02,32,simule_distributions_ademe_2023
59373,F,F,maison,1943,89.4,634.0,2022-03-03,32,simule_distributions_ademe_2023
62308,G,E,appartement,1942,49.7,374.0,2022-03-03,32,simule_distributions_ademe_2023
80282,C,F,appartement,1996,111.6,186.0,2022-03-03,32,simule_distributions_ademe_2023
80378,D,C,maison,1974,79.9,190.0,2022-03-03,32,simule_distributions_ademe_2023
62326,C,D,maison,1996,45.2,327.0,2022-03-04,32,simule_distributions_ademe_2023
80080,F,F,maison,1966,46.3,524.0,2022-03-04,32,simule_distributions_ademe_2023
59115,C,D,maison,1988,84.1,260.0,2022-03-04,32,simule_distributions_ademe_2023
59255,G,F,appartement,1968,27.5,660.0,2022-03-04,32,simule_distributions_ademe_2023
80316,E,D,maison,1985,75.2,456.0,2022-03-05,32,simule_distributions_ademe_2023
60112,G,F,maison,1941,49.7,489.0,2022-03-05,32,simule_distributions_ademe_2023
02398,C,B,maison,1995,28.3,317.0,2022-03-05,32,simule_distributions_ademe_2023
62145,C,D,appartement,2015,45.1,298.0,2022-03-05,32,simule_distributions_ademe_2023
02213,G,C,appartement,1950,88.2,617.0,2022-03-06,32,simule_distributions_ademe_2023
62330,B,E,maison,1996,39.1,113.0,2022-03-06,32,simule_distributions_ademe_2023
02334,C,D,appartement,2018,63.8,181.0,2022-03-06,32,simule_distributions_ademe_2023
62134,G,F,appartement,1924,137.0,467.0,2022-03-06,32,simule_distributions_ademe_2023
60210,F,D,appartement,1951,62.6,679.0,2022-03-07,32,simule_distributions_ademe_2023
60278,G,F,appartement,1963,25.8,400.0,2022-03-07,32,simule_distributions_ademe_2023
62031,D,F,appartement,1971,68.4,208.0,2022-03-07,32,simule_distributions_ademe_2023
60050,E,C,appartement,1989,26.4,588.0,2022-03-07,32,simule_distributions_ademe_2023
59034,C,D,appartement,1993,111.7,325.0,2022-03-08,32,simule_distributions_ademe_2023
62174,F,B,appartement,1954,54.4,569.0,2022-03-08,32,simule_distributions_ademe_2023
59322,C,C,maison,2016,87.3,305.0,2022-03-08,32,simule_distributions_ademe_2023
80302,G,F,maison,1933,39.7,393.0,2022-03-08,32,simule_distributions_ademe_2023
60111,D,E,appartement,1990,35.0,269.0,2022-03-09,32,simule_distributions_ademe_2023
62053,E,C,appartement,1969,70.0,366.0,2022-03-09,32,simule_distributions_ademe_2023
59033,D,F,appartement,1968,174.5,191.0,2022-03-09,32,simule_distributions_ademe_2023
59030,D,E,maison,1993,58.5,263.0,2022-03-10,32,simule_distributions_ademe_2023
59015,F,D,maison,1936,73.2,635.0,2022-03-10,32,simule_distributions_ademe_2023
59266,A,D,appartement,1994,36.4,99.0,2022-03-10,32,simule_distributions_ademe_2023
60315,E,F,appartement,1977,138.0,482.0,2022-03-10,32,simule_distributions_ademe_2023
62382,E,E,appartement,1966,118.6,641.0,2022-03-11,32,simule_distributions_ademe_2023
80009,D,F,maison,1992,115.0,319.0,2022-03-11,32,simule_distributions_ademe_2023
59139,E,F,maison,1987,76.9,484.0,2022-03-11,32,simule_distributions_ademe_2023
59172,C,D,maison,1996,61.6,289.0,2022-03-11,32,simule_distributions_ademe_2023
60249,F,F,maison,1950,53.4,603.0,2022-03-12,32,simule_distributions_ademe_2023
62058,F,D,maison,1955,41.0,426.0,2022-03-12,32,simule_distributions_ademe_2023
80101,E,F,maison,1973,18.5,652.0,2022-03-12,32,simule_distributions_ademe_2023
60389,E,D,appartement,1992,120.4,452.0,2022-03-12,32,simule_distributions_ademe_2023
80323,E,E,appartement,1976,29.8,680.0,2022-03-13,32,simule_distributions_ademe_2023
60321,F,G,appartement,1941,45.2,619.0,2022-03-13,32,simule_distributions_ademe_2023
59328,D,C,appartement,1974,65.3,249.0,2022-03-13,32,simule_distributions_ademe_2023
59094,C,D,maison,1988,43.3,232.0,2022-03-13,32,simule_distributions_ademe_2023
02073,G,C,appartement,1941,46.0,404.0,2022-03-14,32,simule_distributions_ademe_2023
59258,F,C,maison,1925,51.4,660.0,2022-03-14,32,simule_distributions_ademe_2023
62124,E,D,appartement,1985,47.8,626.0,2022-03-14,32,simule_distributions_ademe_2023
80189,G,D,maison,1948,59.1,503.0,2022-03-14,32,simule_distributions_ademe_2023
59028,D,E,maison,1972,23.8,188.0,2022-03-15,32,simule_distributions_ademe_2023
80122,D,C,appartement,1967,18.0,169.0,2022-03-15,32,simule_distributions_ademe_2023
60186,G,G,maison,1940,76.7,541.0,2022-03-15,32,simule_distributions_ademe_2023
60265,D,D,maison,1983,43.9,166.0,2022-03-15,32,simule_distributions_ademe_2023
62372,E,F,appartement,1972,49.5,654.0,2022-03-16,32,simule_distributions_ademe_2023
60306,E,F,maison,1991,172.1,404.0,2022-03-16,32,simule_distributions_ademe_2023
02046,E,C,maison,1981,73.1,340.0,2022-03-16,32,simule_distributions_ademe_2023
02377,D,E,appartement,1973,49.1,268.0,2022-03-16,32,simule_distributions_ademe_2023
59270,D,E,appartement,1975,43.4,265.0,2022-03-17,32,simule_distributions_ademe_2023
60286,G,C,maison,1942,83.4,672.0,2022-03-17,32,simule_distributions_ademe_2023
59269,C,D,appartement,2008,49.1,243.0,2022-03-17,32,simule_distributions_ademe_2023
60324,E,B,appartement,1994,54.6,341.0,2022-03-17,32,simule_distributions_ademe_2023
59164,E,F,maison,1974,24.3,621.0,2022-03-18,32,simule_distributions_ademe_2023
02282,G,C,maison,1955,43.5,666.0,2022-03-18,32,simule_distributions_ademe_2023
02183,D,E,maison,1992,61.4,169.0,2022-03-18,32,simule_distributions_ademe_2023
59133,G,E,appartement,1952,121.7,343.0,2022-03-18,32,simule_distributions_ademe_2023
59059,F,F,maison,1929,33.8,473.0,2022-03-19,32,simule_distributions_ademe_2023
02071,F,C,maison,1945,61.0,546.0,2022-03-19,32,simule_distributions_ademe_2023
02029,E,G,appartement,1985,30.8,404.0,2022-03-19,32,simule_distributions_ademe_2023
80236,D,D,appartement,1985,90.5,266.0,2022-03-19,32,simule_distributions_ademe_2023
59190,G,G,maison,1930,77.8,498.0,2022-03-20,32,simule_distributions_ademe_2023
59075,D,E,appartement,1968,100.0,311.0,2022-03-20,32,simule_distributions_ademe_2023
02241,E,D,maison,1992,106.3,469.0,2022-03-20,32,simule_distributions_ademe_2023
02310,D,E,appartement,1989,88.8,259.0,2022-03-21,32,simule_distributions_ademe_2023
59057,F,D,appartement,1960,43.4,496.0,2022-03-21,32,simule_distributions_ademe_2023
80013,C,B,maison,2006,101.1,154.0,2022-03-21,32,simule_distributions_ademe_2023
60088,F,C,maison,1939,37.5,570.0,2022-03-21,32,simule_distributions_ademe_2023
02189,D,F,appartement,1994,54.9,171.0,2022-03-22,32,simule_distributions_ademe_2023
60140,C,F,maison,2016,160.2,152.0,2022-03-22,32,simule_distributions_ademe_2023
02208,F,D,maison,1931,65.7,648.0,2022-03-22,32,simule_distributions_ademe_2023
80192,F,G,maison,1960,89.9,582.0,2022-03-22,32,simule_distributions_ademe_2023
60075,D,C,maison,1979,64.0,240.0,2022-03-23,32,simule_distributions_ademe_2023
62133,G,C,maison,1947,59.0,449.0,2022-03-23,32,simule_distributions_ademe_2023
62396,G,F,maison,1960,45.0,697.0,2022-03-23,32,simule_distributions_ademe_2023
62379,F,F,appartement,1959,45.0,628.0,2022-03-23,32,simule_distributions_ademe_2023
60290,E,E,maison,1979,32.9,658.0,2022-03-24,32,simule_distributions_ademe_2023
02345,E,E,maison,1974,66.1,485.0,2022-03-24,32,simule_distributions_ademe_2023
62095,E,A,maison,1990,106.8,621.0,2022-03-24,32,simule_distributions_ademe_2023
80260,E,F,maison,1980,95.6,649.0,2022-03-24,32,simule_distributions_ademe_2023
80205,F,E,appartement,1936,85.0,552.0,2022-03-25,32,simule_distributions_ademe_2023
60163,G,E,maison,1934,61.5,485.0,2022-03-25,32,simule_distributions_ademe_2023
80219,F,D,immeuble,1960,39.3,493.0,2022-03-25,32,simule_distributions_ademe_2023
60188,C,D,appartement,1993,18.0,221.0,2022-03-25,32,simule_distributions_ademe_2023
60326,E,E,maison,1967,23.3,504.0,2022-03-26,32,simule_distributions_ademe_2023
02325,C,G,appartement,2015,69.2,196.0,2022-03-26,32,simule_distributions_ademe_2023
62233,A,F,maison,1991,38.9,143.0,2022-03-26,32,simule_distributions_ademe_2023
59253,E,E,maison,1980,93.0,515.0,2022-03-26,32,simule_distributions_ademe_2023
59001,B,F,maison,2014,54.5,71.0,2022-03-27,32,simule_distributions_ademe_2023
02380,E,F,maison,1968,89.8,686.0,2022-03-27,32,simule_distributions_ademe_2023
80155,F,F,maison,1968,57.1,522.0,2022-03-27,32,simule_distributions_ademe_2023
02041,D,G,appartement,1991,66.0,290.0,2022-03-27,32,simule_distributions_ademe_2023
59227,G,E,appartement,1967,156.7,594.0,2022-03-28,32,simule_distributions_ademe_2023
59026,E,E,appartement,1972,107.1,374.0,2022-03-28,32,simule_distributions_ademe_2023
59030,C,A,immeuble,2015,111.2,288.0,2022-03-28,32,simule_distributions_ademe_2023
02086,F,A,appartement,1928,19.7,605.0,2022-03-28,32,simule_distributions_ademe_2023
60053,G,A,maison,1936,80.3,536.0,2022-03-29,32,simule_distributions_ademe_2023
80024,B,G,maison,1992,100.5,70.0,2022-03-29,32,simule_distributions_ademe_2023
02373,E,B,maison,1982,88.4,552.0,2022-03-29,32,simule_distributions_ademe_2023
62264,E,G,appartement,1982,93.8,500.0,2022-03-29,32,simule_distributions_ademe_2023
59101,D,E,maison,1968,59.0,207.0,2022-03-30,32,simule_distributions_ademe_2023
62043,D,D,appartement,1980,92.7,296.0,2022-03-30,32,simule_distributions_ademe_2023
60307,F,F,maison,1959,85.6,567.0,2022-03-30,32,simule_distributions_ademe_2023
60173,C,F,appartement,2016,62.0,205.0,2022-03-30,32,simule_distributions_ademe_2023
59055,F,C,appartement,1949,23.8,412.0,2022-03-31,32,simule_distributions_ademe_2023
02093,E,D,maison,1965,56.9,457.0,2022-03-31,32,simule_distributions_ademe_2023
59371,E,E,appartement,1993,66.9,491.0,2022-03-31,32,simule_distributions_ademe_2023
60382,C,G,maison,2018,55.1,179.0,2022-04-01,32,simule_distributions_ademe_2023
80313,G,F,appartement,1969,46.5,512.0,2022-04-01,32,simule_distributions_ademe_2023
02125,D,D,appartement,1970,32.2,226.0,2022-04-01,32,simule_distributions_ademe_2023
62063,D,F,maison,1969,142.3,321.0,2022-04-01,32,simule_distributions_ademe_2023
02108,B,E,maison,2000,64.9,62.0,2022-04-02,32,simule_distributions_ademe_2023
60029,C,G,appartement,1997,56.6,159.0,2022-04-02,32,simule_distributions_ademe_2023
59379,G,D,appartement,1942,92.9,609.0,2022-04-02,32,simule_distributions_ademe_2023
02077,F,F,maison,1932,112.1,655.0,2022-04-02,32,simule_distributions_ademe_2023
60286,D,C,appartement,1978,127.1,262.0,2022-04-03,32,simule_distributions_ademe_2023
02182,E,F,maison,1988,129.6,618.0,2022-04-03,32,simule_distributions_ademe_2023
02103,D,E,maison,1965,45.8,184.0,2022-04-03,32,simule_distributions_ademe_2023
62071,F,F,maison,1958,143.1,667.0,2022-04-03,32,simule_distributions_ademe_2023
80367,D,E,maison,1968,63.1,209.0,2022-04-04,32,simule_distributions_ademe_2023
80319,C,D,appartement,2012,47.8,293.0,2022-04-04,32,simule_distributions_ademe_2023
02234,F,E,maison,1941,37.9,621.0,2022-04-04,32,simule_distributions_ademe_2023
62037,D,E,maison,1981,101.4,158.0,2022-04-04,32,simule_distributions_ademe_2023
02190,D,D,appartement,1990,21.4,265.0,2022-04-05,32,simule_distributions_ademe_2023
02238,D,D,immeuble,1969,62.3,164.0,2022-04-05,32,simule_distributions_ademe_2023
60224,F,F,maison,1973,50.2,516.0,2022-04-05,32,simule_distributions_ademe_2023
60322,F,D,appartement,1974,228.6,575.0,2022-04-05,32,simule_distributions_ademe_2023
60345,F,B,maison,1943,50.6,414.0,2022-04-06,32,simule_distributions_ademe_2023
80039,E,G,maison,1975,46.9,380.0,2022-04-06,32,simule_distributions_ademe_2023
62233,D,F,maison,1980,49.4,195.0,2022-04-06,32,simule_distributions_ademe_2023
60134,D,G,appartement,1983,46.5,152.0,2022-04-06,32,simule_distributions_ademe_2023
60148,E,E,immeuble,1984,33.5,664.0,2022-04-07,32,simule_distributions_ademe_2023
59271,B,E,maison,1986,62.9,148.0,2022-04-07,32,simule_distributions_ademe_2023
59031,F,D,appartement,1945,45.5,534.0,2022-04-07,32,simule_distributions_ademe_2023
02141,E,A,maison,1977,106.2,362.0,2022-04-07,32,simule_distributions_ademe_2023
59032,C,D,maison,2004,61.1,244.0,2022-04-08,32,simule_distributions_ademe_2023
02058,A,B,maison,2003,56.2,101.0,2022-04-08,32,simule_distributions_ademe_2023
80254,E,D,maison,1978,93.1,373.0,2022-04-08,32,simule_distributions_ademe_2023
62132,D,F,maison,1968,45.4,321.0,2022-04-08,32,simule_distributions_ademe_2023
62326,E,G,maison,1991,40.7,350.0,2022-04-09,32,simule_distributions_ademe_2023
02118,G,C,appartement,1921,40.3,356.0,2022-04-09,32,simule_distributions_ademe_2023
59251,E,F,maison,1969,80.1,520.0,2022-04-09,32,simule_distributions_ademe_2023
60260,D,C,appartement,1987,180.7,261.0,2022-04-09,32,simule_distributions_ademe_2023
60399,E,A,maison,1991,97.6,439.0,2022-04-10,32,simule_distributions_ademe_2023
59038,E,C,maison,1980,69.2,459.0,2022-04-10,32,simule_distributions_ademe_2023
60115,F,F,maison,1958,108.9,498.0,2022-04-10,32,simule_distributions_ademe_2023
02011,D,A,maison,1981,77.1,223.0,2022-04-10,32,simule_distributions_ademe_2023
60096,E,F,maison,1990,76.1,353.0,2022-04-11,32,simule_distributions_ademe_2023
59059,G,D,appartement,1924,37.2,683.0,2022-04-11,32,simule_distributions_ademe_2023
62073,C,G,immeuble,1985,79.6,179.0,2022-04-11,32,simule_distributions_ademe_2023
59181,G,E,immeuble,1948,70.9,441.0,2022-04-12,32,simule_distributions_ademe_2023
59213,C,E,maison,1992,120.5,324.0,2022-04-12,32,simule_distributions_ademe_2023
59373,F,D,maison,1928,172.9,337.0,2022-04-12,32,simule_distributions_ademe_2023
80254,F,E,appartement,1946,80.7,372.0,2022-04-12,32,simule_distributions_ademe_2023
62122,D,E,maison,1992,46.7,318.0,2022-04-13,32,simule_distributions_ademe_2023
80012,F,E,maison,1931,75.4,472.0,2022-04-13,32,simule_distributions_ademe_2023
60195,G,A,appartement,1960,48.2,482.0,2022-04-13,32,simule_distributions_ademe_2023
59375,E,C,maison,1985,38.4,624.0,2022-04-13,32,simule_distributions_ademe_2023
62291,E,D,immeuble,1979,81.3,578.0,2022-04-14,32,simule_distributions_ademe_2023
02398,F,G,appartement,1929,29.6,392.0,2022-04-14,32,simule_distributions_ademe_2023
60305,F,C,appartement,1959,49.0,466.0,2022-04-14,32,simule_distributions_ademe_2023
62102,G,F,maison,1929,18.0,663.0,2022-04-14,32,simule_distributions_ademe_2023
02017,E,E,immeuble,1978,42.2,350.0,2022-04-15,32,simule_distributions_ademe_2023
80254,E,E,appartement,1968,82.1,419.0,2022-04-15,32,simule_distributions_ademe_2023
80330,E,F,maison,1981,78.9,565.0,2022-04-15,32,simule_distributions_ademe_2023
59348,D,D,appartement,1988,25.8,265.0,2022-04-15,32,simule_distributions_ademe_2023
80338,D,F,appartement,1985,290.9,225.0,2022-04-16,32,simule_distributions_ademe_2023
62263,E,D,maison,1994,21.5,601.0,2022-04-16,32,simule_distributions_ademe_2023
02174,B,D,immeuble,2000,128.7,99.0,2022-04-16,32,simule_distributions_ademe_2023
80399,F,D,maison,1945,70.1,465.0,2022-04-16,32,simule_distributions_ademe_2023
62211,D,C,immeuble,1967,30.6,169.0,2022-04-17,32,simule_distributions_ademe_2023
02128,C,C,maison,2009,36.4,162.0,2022-04-17,32,simule_distributions_ademe_2023
80153,E,B,maison,1976,73.0,469.0,2022-04-17,32,simule_distributions_ademe_2023
62147,D,E,maison,1986,61.3,297.0,2022-04-17,32,simule_distributions_ademe_2023
60349,E,D,maison,1991,119.6,611.0,2022-04-18,32,simule_distributions_ademe_2023
02331,C,E,immeuble,1989,39.5,286.0,2022-04-18,32,simule_distributions_ademe_2023
80041,C,E,maison,2011,68.6,238.0,2022-04-18,32,simule_distributions_ademe_2023
80293,F,G,maison,1966,32.6,685.0,2022-04-18,32,simule_distributions_ademe_2023
59212,B,D,maison,1990,37.3,125.0,2022-04-19,32,simule_distributions_ademe_2023
59361,F,F,maison,1936,80.5,550.0,2022-04-19,32,simule_distributions_ademe_2023
62132,A,F,maison,2009,18.0,149.0,2022-04-19,32,simule_distributions_ademe_2023
60051,D,C,maison,1975,51.8,275.0,2022-04-19,32,simule_distributions_ademe_2023
80273,G,E,appartement,1965,65.4,502.0,2022-04-20,32,simule_distributions_ademe_2023
62070,E,E,maison,1991,84.4,520.0,2022-04-20,32,simule_distributions_ademe_2023
60290,E,E,appartement,1969,47.5,685.0,2022-04-20,32,simule_distributions_ademe_2023
02013,G,G,maison,1968,35.2,610.0,2022-04-20,32,simule_distributions_ademe_2023
02223,F,D,appartement,1972,82.1,405.0,2022-04-21,32,simule_distributions_ademe_2023
02376,F,G,appartement,1945,158.2,557.0,2022-04-21,32,simule_distributions_ademe_2023
80190,D,D,appartement,1973,39.5,215.0,2022-04-21,32,simule_distributions_ademe_2023
59252,C,D,appartement,2001,257.4,262.0,2022-04-21,32,simule_distributions_ademe_2023
60137,A,G,appartement,2011,110.7,129.0,2022-04-22,32,simule_distributions_ademe_2023
80230,G,F,maison,1962,47.9,361.0,2022-04-22,32,simule_distributions_ademe_2023
80012,E,E,maison,1971,68.0,525.0,2022-04-22,32,simule_distributions_ademe_2023
59169,G,D,maison,1959,168.8,699.0,2022-04-23,32,simule_distributions_ademe_2023
80079,G,D,maison,1955,95.5,563.0,2022-04-23,32,simule_distributions_ademe_2023
62169,C,D,appartement,1992,49.7,158.0,2022-04-23,32,simule_distributions_ademe_2023
60084,C,F,appartement,1986,72.3,206.0,2022-04-23,32,simule_distributions_ademe_2023
02142,E,D,maison,1976,36.5,678.0,2022-04-24,32,simule_distributions_ademe_2023
62395,E,G,maison,1979,149.7,668.0,2022-04-24,32,simule_distributions_ademe_2023
59284,E,F,maison,1972,87.3,566.0,2022-04-24,32,simule_distributions_ademe_2023
59395,G,D,appartement,1933,175.4,570.0,2022-04-24,32,simule_distributions_ademe_2023
62265,B,E,appartement,1985,71.2,98.0,2022-04-25,32,simule_distributions_ademe_2023
02127,E,F,maison,1972,42.5,334.0,2022-04-25,32,simule_distributions_ademe_2023
60236,E,A,maison,1981,71.8,478.0,2022-04-25,32,simule_distributions_ademe_2023
80092,G,G,maison,1948,162.9,626.0,2022-04-25,32,simule_distributions_ademe_2023
80139,C,G,appartement,1985,147.1,303.0,2022-04-26,32,simule_distributions_ademe_2023
80037,G,E,appartement,1940,106.2,612.0,2022-04-26,32,simule_distributions_ademe_2023
59092,G,D,maison,1970,34.1,554.0,2022-04-26,32,simule_distributions_ademe_2023
62265,F,B,appartement,1939,127.9,604.0,2022-04-26,32,simule_distributions_ademe_2023
60186,E,G,appartement,1974,118.5,510.0,2022-04-27,32,simule_distributions_ademe_2023
62178,C,E,appartement,1990,76.4,184.0,2022-04-27,32,simule_distributions_ademe_2023
60350,E,E,maison,1974,81.3,649.0,2022-04-27,32,simule_distributions_ademe_2023
80177,D,E,maison,1971,105.0,177.0,2022-04-27,32,simule_distributions_ademe_2023
60074,F,D,appartement,1969,76.5,689.0,2022-04-28,32,simule_distributions_ademe_2023
80198,G,D,immeuble,1963,34.7,430.0,2022-04-28,32,simule_distributions_ademe_2023
62087,C,D,maison,1990,53.1,293.0,2022-04-28,32,simule_distributions_ademe_2023
80246,G,G,maison,1933,99.2,520.0,2022-04-28,32,simule_distributions_ademe_2023
62224,E,D,maison,1975,94.4,564.0,2022-04-29,32,simule_distributions_ademe_2023
80041,E,C,maison,1993,70.1,588.0,2022-04-29,32,simule_distributions_ademe_2023
59255,E,C,maison,1985,88.5,699.0,2022-04-29,32,simule_distributions_ademe_2023
60179,D,D,appartement,1991,65.6,160.0,2022-04-29,32,simule_distributions_ademe_2023
59191,F,C,maison,1965,111.3,655.0,2022-04-30,32,simule_distributions_ademe_2023
80021,C,G,appartement,2003,48.7,173.0,2022-04-30,32,simule_distributions_ademe_2023
80278,G,B,appartement,1968,108.2,349.0,2022-04-30,32,simule_distributions_ademe_2023
02031,D,C,maison,1990,73.3,287.0,2022-04-30,32,simule_distributions_ademe_2023
80394,F,F,appartement,1951,43.5,421.0,2022-05-01,32,simule_distributions_ademe_2023
62160,C,F,appartement,2010,80.7,243.0,2022-05-01,32,simule_distributions_ademe_2023
59056,B,G,appartement,2003,85.8,56.0,2022-05-01,32,simule_distributions_ademe_2023
62359,D,E,maison,1992,34.8,211.0,2022-05-01,32,simule_distributions_ademe_2023
59226,G,D,appartement,1952,105.8,554.0,2022-05-02,32,simule_distributions_ademe_2023
59044,E,F,maison,1982,196.8,587.0,2022-05-02,32,simule_distributions_ademe_2023
80376,G,B,maison,1936,69.5,596.0,2022-05-02,32,simule_distributions_ademe_2023
02070,D,D,appartement,1973,84.2,326.0,2022-05-02,32,simule_distributions_ademe_2023
02025,F,E,maison,1949,112.2,599.0,2022-05-03,32,simule_distributions_ademe_2023
02202,D,D,maison,1994,74.6,197.0,2022-05-03,32,simule_distributions_ademe_2023
02043,F,C,maison,1922,42.8,447.0,2022-05-03,32,simule_distributions_ademe_2023
80202,C,G,appartement,2002,145.4,297.0,2022-05-04,32,simule_distributions_ademe_2023
62036,F,G,maison,1920,93.6,617.0,2022-05-04,32,simule_distributions_ademe_2023
59272,F,A,appartement,1943,61.9,649.0,2022-05-04,32,simule_distributions_ademe_2023
80287,F,A,appartement,1963,108.3,529.0,2022-05-04,32,simule_distributions_ademe_2023
80087,D,E,immeuble,1988,88.0,258.0,2022-05-05,32,simule_distributions_ademe_2023
80192,F,D,maison,1926,145.6,438.0,2022-05-05,32,simule_distributions_ademe_2023
62046,E,G,maison,1968,48.1,334.0,2022-05-05,32,simule_distributions_ademe_2023
02200,C,E,immeuble,1991,96.4,288.0,2022-05-05,32,simule_distributions_ademe_2023
60276,F,E,immeuble,1968,106.3,418.0,2022-05-06,32,simule_distributions_ademe_2023
80379,G,D,maison,1921,83.2,350.0,2022-05-06,32,simule_distributions_ademe_2023
62321,F,D,immeuble,1923,45.3,596.0,2022-05-06,32,simule_distributions_ademe_2023
60349,G,E,appartement,1963,83.2,587.0,2022-05-06,32,simule_distributions_ademe_2023
02278,F,D,maison,1926,145.8,376.0,2022-05-07,32,simule_distributions_ademe_2023
59155,D,C,immeuble,1983,48.2,176.0,2022-05-07,32,simule_distributions_ademe_2023
62233,E,A,appartement,1988,65.7,602.0,2022-05-07,32,simule_distributions_ademe_2023
59078,E,F,appartement,1980,107.9,700.0,2022-05-07,32,simule_distributions_ademe_2023
59110,B,C,appartement,1985,142.4,53.0,2022-05-08,32,simule_distributions_ademe_2023
59316,B,E,appartement,2012,72.5,126.0,2022-05-08,32,simule_distributions_ademe_2023
02031,E,B,appartement,1967,195.9,694.0,2022-05-08,32,simule_distributions_ademe_2023
80014,G,C,appartement,1943,47.5,467.0,2022-05-08,32,simule_distributions_ademe_2023
60363,F,A,appartement,1940,94.7,365.0,2022-05-09,32,simule_distributions_ademe_2023
60026,G,E,maison,1970,37.8,609.0,2022-05-09,32,simule_distributions_ademe_2023
60193,E,C,maison,1984,96.4,627.0,2022-05-09,32,simule_distributions_ademe_2023
80326,E,B,appartement,1993,46.7,413.0,2022-05-09,32,simule_distributions_ademe_2023
62342,G,E,maison,1960,42.9,356.0,2022-05-10,32,simule_distributions_ademe_2023
60208,G,D,maison,1966,30.9,672.0,2022-05-10,32,simule_distributions_ademe_2023
59337,E,G,maison,1992,44.7,694.0,2022-05-10,32,simule_distributions_ademe_2023
59015,E,E,appartement,1994,33.5,413.0,2022-05-10,32,simule_distributions_ademe_2023
80187,D,F,appartement,1989,114.8,250.0,2022-05-11,32,simule_distributions_ademe_2023
59357,G,D,maison,1970,148.4,451.0,2022-05-11,32,simule_distributions_ademe_2023
02277,B,G,appartement,1988,56.9,75.0,2022-05-11,32,simule_distributions_ademe_2023
59238,E,E,appartement,1974,66.1,351.0,2022-05-11,32,simule_distributions_ademe_2023
60138,E,G,maison,1981,108.0,664.0,2022-05-12,32,simule_distributions_ademe_2023
62325,D,F,maison,1992,119.0,157.0,2022-05-12,32,simule_distributions_ademe_2023
02345,F,E,appartement,1973,61.7,680.0,2022-05-12,32,simule_distributions_ademe_2023
02312,D,D,appartement,1973,95.2,321.0,2022-05-12,32,simule_distributions_ademe_2023
60228,B,D,appartement,2014,98.5,64.0,2022-05-13,32,simule_distributions_ademe_2023
59382,G,E,appartement,1948,86.2,511.0,2022-05-13,32,simule_distributions_ademe_2023
60002,D,G,appartement,1993,75.2,278.0,2022-05-13,32,simule_distributions_ademe_2023
80286,C,E,maison,2012,32.1,293.0,2022-05-13,32,simule_distributions_ademe_2023
02174,B,E,maison,1990,25.1,68.0,2022-05-14,32,simule_distributions_ademe_2023
60394,D,G,appartement,1982,55.7,152.0,2022-05-14,32,simule_distributions_ademe_2023
60190,E,F,maison,1974,94.0,447.0,2022-05-14,32,simule_distributions_ademe_2023
80276,F,G,maison,1926,129.9,428.0,2022-05-15,32,simule_distributions_ademe_2023
02374,B,D,appartement,2006,138.6,70.0,2022-05-15,32,simule_distributions_ademe_2023
59339,C,E,maison,2019,49.8,233.0,2022-05-15,32,simule_distributions_ademe_2023
62242,F,C,appartement,1966,42.3,394.0,2022-05-15,32,simule_distributions_ademe_2023
02108,E,D,appartement,1967,107.7,375.0,2022-05-16,32,simule_distributions_ademe_2023
62117,E,F,maison,1993,77.2,597.0,2022-05-16,32,simule_distributions_ademe_2023
62102,E,B,appartement,1983,148.6,577.0,2022-05-16,32,simule_distributions_ademe_2023
60247,G,B,maison,1922,105.8,497.0,2022-05-16,32,simule_distributions_ademe_2023
60220,D,E,appartement,1993,113.6,221.0,2022-05-17,32,simule_distributions_ademe_2023
60205,D,F,appartement,1978,39.2,235.0,2022-05-17,32,simule_distributions_ademe_2023
02156,D,F,maison,1979,54.2,277.0,2022-05-17,32,simule_distributions_ademe_2023
59297,F,G,appartement,1934,48.4,499.0,2022-05-17,32,simule_distributions_ademe_2023
60127,A,E,appartement,2019,28.9,145.0,2022-05-18,32,simule_distributions_ademe_2023
80284,G,A,appartement,1927,129.2,653.0,2022-05-18,32,simule_distributions_ademe_2023
59156,F,E,appartement,1964,45.8,502.0,2022-05-18,32,simule_distributions_ademe_2023
59227,B,E,maison,2006,71.1,103.0,2022-05-18,32,simule_distributions_ademe_2023
60058,F,E,appartement,1927,44.6,471.0,2022-05-19,32,simule_distributions_ademe_2023
62287,E,D,appartement,1989,35.6,418.0,2022-05-19,32,simule_distributions_ademe_2023
62074,D,C,maison,1992,70.4,246.0,2022-05-19,32,simule_distributions_ademe_2023
62329,G,B,appartement,1971,36.6,496.0,2022-05-19,32,simule_distributions_ademe_2023
59153,F,F,immeuble,1924,74.5,461.0,2022-05-20,32,simule_distributions_ademe_2023
59116,E,E,appartement,1988,35.9,520.0,2022-05-20,32,simule_distributions_ademe_2023
80057,G,D,appartement,1952,82.1,443.0,2022-05-20,32,simule_distributions_ademe_2023
59070,G,G,maison,1969,115.0,344.0,2022-05-20,32,simule_distributions_ademe_2023
62230,G,D,maison,1921,158.7,615.0,2022-05-21,32,simule_distributions_ademe_2023
62210,E,D,appartement,1970,90.9,448.0,2022-05-21,32,simule_distributions_ademe_2023
02016,B,D,maison,1990,71.3,137.0,2022-05-21,32,simule_distributions_ademe_2023
60143,D,E,appartement,1967,171.8,285.0,2022-05-21,32,simule_distributions_ademe_2023
80049,G,F,maison,1970,54.3,439.0,2022-05-22,32,simule_distributions_ademe_2023
60344,E,D,maison,1974,55.4,453.0,2022-05-22,32,simule_distributions_ademe_2023
59126,E,F,appartement,1977,34.0,601.0,2022-05-22,32,simule_distributions_ademe_2023
60057,E,F,appartement,1966,127.3,338.0,2022-05-22,32,simule_distributions_ademe_2023
80311,D,F,appartement,1991,146.8,168.0,2022-05-23,32,simule_distributions_ademe_2023
59191,E,E,maison,1982,39.6,492.0,2022-05-23,32,simule_distributions_ademe_2023
80258,G,D,maison,1941,101.3,605.0,2022-05-23,32,simule_distributions_ademe_2023
02017,B,C,appartement,1987,57.1,84.0,2022-05-23,32,simule_distributions_ademe_2023
02014,E,G,maison,1973,24.3,489.0,2022-05-24,32,simule_distributions_ademe_2023
80373,E,D,appartement,1992,97.3,469.0,2022-05-24,32,simule_distributions_ademe_2023
60238,E,C,maison,1989,21.0,495.0,2022-05-24,32,simule_distributions_ademe_2023
59231,E,E,maison,1992,116.1,412.0,2022-05-25,32,simule_distributions_ademe_2023
62271,E,D,maison,1991,39.8,534.0,2022-05-25,32,simule_distributions_ademe_2023
80114,D,E,appartement,1975,21.8,242.0,2022-05-25,32,simule_distributions_ademe_2023
59005,B,C,maison,1998,99.0,149.0,2022-05-25,32,simule_distributions_ademe_2023
62276,G,B,maison,1963,37.7,563.0,2022-05-26,32,simule_distributions_ademe_2023
80032,E,B,maison,1985,50.5,588.0,2022-05-26,32,simule_distributions_ademe_2023
02051,E,F,maison,1968,79.5,586.0,2022-05-26,32,simule_distributions_ademe_2023
59365,G,C,appartement,1933,80.4,511.0,2022-05-26,32,simule_distributions_ademe_2023
02319,E,D,maison,1984,28.9,399.0,2022-05-27,32,simule_distributions_ademe_2023
02131,D,G,maison,1990,39.8,205.0,2022-05-27,32,simule_distributions_ademe_2023
02351,E,D,maison,1992,43.0,498.0,2022-05-27,32,simule_distributions_ademe_2023
62173,D,G,appartement,1988,86.8,216.0,2022-05-27,32,simule_distributions_ademe_2023
60385,G,G,maison,1934,62.3,398.0,2022-05-28,32,simule_distributions_ademe_2023
62025,F,F,maison,1951,65.1,662.0,2022-05-28,32,simule_distributions_ademe_2023
62196,D,F,appartement,1984,61.8,232.0,2022-05-28,32,simule_distributions_ademe_2023
80038,D,D,maison,1971,24.8,285.0,2022-05-28,32,simule_distributions_ademe_2023
62361,F,D,maison,1930,28.3,534.0,2022-05-29,32,simule_distributions_ademe_2023
59071,C,F,maison,2002,47.2,268.0,2022-05-29,32,simule_distributions_ademe_2023
80351,D,F,maison,1988,100.9,264.0,2022-05-29,32,simule_distributions_ademe_2023
80291,D,B,maison,1975,141.0,249.0,2022-05-29,32,simule_distributions_ademe_2023
62288,D,G,maison,1981,105.9,268.0,2022-05-30,32,simule_distributions_ademe_2023
02349,G,E,appartement,1940,90.2,404.0,2022-05-30,32,simule_distributions_ademe_2023
80289,E,D,appartement,1976,21.7,447.0,2022-05-30,32,simule_distributions_ademe_2023
02003,B,E,appartement,2010,51.8,57.0,2022-05-30,32,simule_distributions_ademe_2023
59133,E,F,maison,1984,60.9,553.0,2022-05-31,32,simule_distributions_ademe_2023
80091,G,F,maison,1974,58.1,668.0,2022-05-31,32,simule_distributions_ademe_2023
62347,D,F,appartement,1985,61.2,183.0,2022-05-31,32,simule_distributions_ademe_2023
59373,G,C,maison,1941,38.2,460.0,2022-05-31,32,simule_distributions_ademe_2023
60214,G,D,maison,1922,106.4,696.0,2022-06-01,32,simule_distributions_ademe_2023
62042,E,D,maison,1974,130.1,353.0,2022-06-01,32,simule_distributions_ademe_2023
02353,C,E,immeuble,2016,19.8,201.0,2022-06-01,32,simule_distributions_ademe_2023
59165,E,E,appartement,1986,47.5,533.0,2022-06-01,32,simule_distributions_ademe_2023
80123,D,E,maison,1988,117.4,161.0,2022-06-02,32,simule_distributions_ademe_2023
02354,E,E,maison,1982,18.0,684.0,2022-06-02,32,simule_distributions_ademe_2023
60297,E,F,appartement,1979,189.2,686.0,2022-06-02,32,simule_distributions_ademe_2023
62393,C,D,appartement,2003,41.7,257.0,2022-06-02,32,simule_distributions_ademe_2023
60168,G,D,appartement,1962,73.6,436.0,2022-06-03,32,simule_distributions_ademe_2023
80335,G,F,appartement,1932,72.4,355.0,2022-06-03,32,simule_distributions_ademe_2023
62200,D,B,maison,1968,101.5,239.0,2022-06-03,32,simule_distributions_ademe_2023
60148,F,A,appartement,1959,124.2,630.0,2022-06-03,32,simule_distributions_ademe_2023
80189,A,E,appartement,1990,21.8,122.0,2022-06-04,32,simule_distributions_ademe_2023
62049,G,C,maison,1932,168.7,349.0,2022-06-04,32,simule_distributions_ademe_2023
60047,F,C,maison,1953,60.9,610.0,2022-06-04,32,simule_distributions_ademe_2023
59294,A,D,maison,2012,37.2,137.0,2022-06-05,32,simule_distributions_ademe_2023
02229,G,F,maison,1955,87.9,615.0,2022-06-05,32,simule_distributions_ademe_2023
02135,D,E,appartement,1972,112.8,244.0,2022-06-05,32,simule_distributions_ademe_2023
80164,A,C,maison,1990,83.1,57.0,2022-06-05,32,simule_distributions_ademe_2023
62049,E,G,immeuble,1966,62.7,642.0,2022-06-06,32,simule_distributions_ademe_2023
02322,G,F,appartement,1955,50.0,375.0,2022-06-06,32,simule_distributions_ademe_2023
62296,A,D,appartement,2017,66.3,84.0,2022-06-06,32,simule_distributions_ademe_2023
62024,F,G,appartement,1921,36.6,501.0,2022-06-06,32,simule_distributions_ademe_2023
02077,F,F,appartement,1935,20.0,611.0,2022-06-07,32,simule_distributions_ademe_2023
59127,G,E,maison,1949,38.6,501.0,2022-06-07,32,simule_distributions_ademe_2023
02336,D,G,maison,1974,70.7,267.0,2022-06-07,32,simule_distributions_ademe_2023
60094,B,E,maison,1990,29.5,60.0,2022-06-07,32,simule_distributions_ademe_2023
02382,G,B,maison,1956,40.3,532.0,2022-06-08,32,simule_distributions_ademe_2023
80322,D,C,appartement,1973,111.0,242.0,2022-06-08,32,simule_distributions_ademe_2023
60218,F,D,maison,1965,87.8,416.0,2022-06-08,32,simule_distributions_ademe_2023
62344,F,C,maison,1955,59.1,590.0,2022-06-08,32,simule_distributions_ademe_2023
62251,E,E,maison,1993,102.1,452.0,2022-06-09,32,simule_distributions_ademe_2023
60239,G,F,immeuble,1932,133.4,339.0,2022-06-09,32,simule_distributions_ademe_2023
60225,E,F,maison,1988,104.1,474.0,2022-06-09,32,simule_distributions_ademe_2023
80225,E,E,maison,1985,187.7,417.0,2022-06-09,32,simule_distributions_ademe_2023
59277,E,E,appartement,1984,22.0,438.0,2022-06-10,32,simule_distributions_ademe_2023
62361,D,F,maison,1990,50.7,275.0,2022-06-10,32,simule_distributions_ademe_2023
59176,B,F,maison,2017,80.4,96.0,2022-06-10,32,simule_distributions_ademe_2023
59222,F,E,maison,1925,50.0,663.0,2022-06-10,32,simule_distributions_ademe_2023
80192,D,F,appartement,1974,51.9,165.0,2022-06-11,32,simule_distributions_ademe_2023
60156,E,F,maison,1969,98.8,593.0,2022-06-11,32,simule_distributions_ademe_2023
80137,F,E,maison,1960,33.6,500.0,2022-06-11,32,simule_distributions_ademe_2023
62035,F,C,maison,1937,68.8,368.0,2022-06-11,32,simule_distributions_ademe_2023
60305,F,F,maison,1957,34.9,367.0,2022-06-12,32,simule_distributions_ademe_2023
60073,E,D,maison,1979,29.2,385.0,2022-06-12,32,simule_distributions_ademe_2023
02113,D,B,appartement,1965,35.5,261.0,2022-06-12,32,simule_distributions_ademe_2023
62339,D,C,maison,1983,92.7,294.0,2022-06-12,32,simule_distributions_ademe_2023
59103,E,D,appartement,1969,118.9,683.0,2022-06-13,32,simule_distributions_ademe_2023
60351,D,E,appartement,1994,36.0,283.0,2022-06-13,32,simule_distributions_ademe_2023
02093,F,G,maison,1963,96.2,644.0,2022-06-13,32,simule_distributions_ademe_2023
62355,D,C,appartement,1992,31.4,306.0,2022-06-13,32,simule_distributions_ademe_2023
60137,E,C,maison,1972,57.9,686.0,2022-06-14,32,simule_distributions_ademe_2023
60093,B,F,maison,1985,107.3,114.0,2022-06-14,32,simule_distributions_ademe_2023
02156,D,B,maison,1989,65.5,255.0,2022-06-14,32,simule_distributions_ademe_2023
60162,D,E,maison,1969,39.1,268.0,2022-06-14,32,simule_distributions_ademe_2023
59106,D,C,maison,1985,52.0,201.0,2022-06-15,32,simule_distributions_ademe_2023
80386,D,C,appartement,1979,151.2,207.0,2022-06-15,32,simule_distributions_ademe_2023
80231,E,C,maison,1980,39.0,513.0,2022-06-15,32,simule_distributions_ademe_2023
80001,F,F,maison,1963,92.5,656.0,2022-06-16,32,simule_distributions_ademe_2023
62243,E,F,maison,1981,91.2,531.0,2022-06-16,32,simule_distributions_ademe_2023
80211,C,C,maison,2001,82.6,301.0,2022-06-16,32,simule_distributions_ademe_2023
02253,F,E,appartement,1928,90.5,374.0,2022-06-16,32,simule_distributions_ademe_2023
62108,E,B,maison,1991,88.6,538.0,2022-06-17,32,simule_distributions_ademe_2023
02359,E,E,maison,1983,207.2,607.0,2022-06-17,32,simule_distributions_ademe_2023
02219,G,F,appartement,1940,108.0,451.0,2022-06-17,32,simule_distributions_ademe_2023
62197,F,D,appartement,1966,33.8,450.0,2022-06-17,32,simule_distributions_ademe_2023
62020,G,D,appartement,1930,109.5,673.0,2022-06-18,32,simule_distributions_ademe_2023
62114,E,D,appartement,1970,36.9,506.0,2022-06-18,32,simule_distributions_ademe_2023
60290,E,E,appartement,1967,76.2,554.0,2022-06-18,32,simule_distributions_ademe_2023
02358,C,F,appartement,2006,71.6,304.0,2022-06-18,32,simule_distributions_ademe_2023
02350,D,C,maison,1971,81.1,301.0,2022-06-19,32,simule_distributions_ademe_2023
59090,A,G,maison,2013,89.5,131.0,2022-06-19,32,simule_distributions_ademe_2023
60120,G,C,immeuble,1937,97.8,436.0,2022-06-19,32,simule_distributions_ademe_2023
62054,G,E,appartement,1974,43.2,498.0,2022-06-19,32,simule_distributions_ademe_2023
60081,E,D,maison,1968,140.4,582.0,2022-06-20,32,simule_distributions_ademe_2023
60147,D,D,maison,1988,85.6,155.0,2022-06-20,32,simule_distributions_ademe_2023
59360,G,E,maison,1941,111.4,501.0,2022-06-20,32,simule_distributions_ademe_2023
02067,D,G,immeuble,1991,74.6,300.0,2022-06-20,32,simule_distributions_ademe_2023
62226,C,E,appartement,1986,53.0,258.0,2022-06-21,32,simule_distributions_ademe_2023
60021,E,F,immeuble,1981,60.2,606.0,2022-06-21,32,simule_distributions_ademe_2023
02198,G,C,appartement,1947,116.4,690.0,2022-06-21,32,simule_distributions_ademe_2023
80111,D,D,maison,1985,49.7,320.0,2022-06-21,32,simule_distributions_ademe_2023
59340,F,G,appartement,1956,27.7,687.0,2022-06-22,32,simule_distributions_ademe_2023
59374,F,G,maison,1943,174.9,433.0,2022-06-22,32,simule_distributions_ademe_2023
80378,D,D,appartement,1993,76.8,205.0,2022-06-22,32,simule_distributions_ademe_2023
80183,C,E,appartement,2000,129.2,196.0,2022-06-22,32,simule_distributions_ademe_2023
60257,F,C,maison,1922,112.7,674.0,2022-06-23,32,simule_distributions_ademe_2023
62248,E,C,maison,1977,77.4,487.0,2022-06-23,32,simule_distributions_ademe_2023
02219,D,E,maison,1965,125.2,277.0,2022-06-23,32,simule_distributions_ademe_2023
80397,F,D,immeuble,1935,78.3,557.0,2022-06-23,32,simule_distributions_ademe_2023
60214,F,E,maison,1931,155.1,649.0,2022-06-24,32,simule_distributions_ademe_2023
60372,E,E,appartement,1979,25.9,598.0,2022-06-24,32,simule_distributions_ademe_2023
02285,A,E,maison,2004,42.2,73.0,2022-06-24,32,simule_distributions_ademe_2023
02338,G,B,maison,1969,51.7,367.0,2022-06-24,32,simule_distributions_ademe_2023
62233,G,C,maison,1974,53.1,563.0,2022-06-25,32,simule_distributions_ademe_2023
80150,G,A,maison,1951,47.8,423.0,2022-06-25,32,simule_distributions_ademe_2023
60150,D,A,appartement,1982,45.0,211.0,2022-06-25,32,simule_distributions_ademe_2023
62218,C,D,maison,1988,84.5,266.0,2022-06-25,32,simule_distributions_ademe_2023
62112,E,F,immeuble,1989,35.5,506.0,2022-06-26,32,simule_distributions_ademe_2023
60058,D,F,appartement,1987,38.0,184.0,2022-06-26,32,simule_distributions_ademe_2023
80222,F,C,appartement,1937,35.6,589.0,2022-06-26,32,simule_distributions_ademe_2023
80043,D,B,maison,1994,67.8,242.0,2022-06-27,32,simule_distributions_ademe_2023
60108,F,E,maison,1965,85.7,530.0,2022-06-27,32,simule_distributions_ademe_2023
59278,F,E,appartement,1922,72.6,546.0,2022-06-27,32,simule_distributions_ademe_2023
59244,D,D,appartement,1976,94.8,216.0,2022-06-27,32,simule_distributions_ademe_2023
02142,F,G,maison,1974,29.4,533.0,2022-06-28,32,simule_distributions_ademe_2023
80384,E,F,appartement,1975,47.6,694.0,2022-06-28,32,simule_distributions_ademe_2023
02014,G,E,appartement,1949,80.3,535.0,2022-06-28,32,simule_distributions_ademe_2023
59332,F,E,appartement,1972,202.1,381.0,2022-06-28,32,simule_distributions_ademe_2023
59301,D,E,maison,1986,59.7,228.0,2022-06-29,32,simule_distributions_ademe_2023
02059,D,G,appartement,1994,57.5,170.0,2022-06-29,32,simule_distributions_ademe_2023
60214,C,F,maison,1998,224.6,267.0,2022-06-29,32,simule_distributions_ademe_2023
02321,E,E,maison,1972,51.1,574.0,2022-06-29,32,simule_distributions_ademe_2023
02356,E,E,maison,1981,31.3,476.0,2022-06-30,32,simule_distributions_ademe_2023
02093,D,E,appartement,1974,70.2,292.0,2022-06-30,32,simule_distributions_ademe_2023
80329,D,E,maison,1965,35.8,195.0,2022-06-30,32,simule_distributions_ademe_2023
80347,D,E,maison,1991,33.4,268.0,2022-06-30,32,simule_distributions_ademe_2023
62353,D,B,maison,1993,75.7,212.0,2022-07-01,32,simule_distributions_ademe_2023
62181,E,E,maison,1982,73.9,612.0,2022-07-01,32,simule_distributions_ademe_2023
59305,E,D,maison,1987,78.5,627.0,2022-07-01,32,simule_distributions_ademe_2023
59220,D,E,appartement,1988,107.1,244.0,2022-07-01,32,simule_distributions_ademe_2023
59271,F,D,appartement,1967,86.5,397.0,2022-07-02,32,simule_distributions_ademe_2023
59352,D,C,appartement,1967,27.2,277.0,2022-07-02,32,simule_distributions_ademe_2023
80338,F,D,appartement,1922,83.9,627.0,2022-07-02,32,simule_distributions_ademe_2023
62273,F,F,maison,1949,35.8,369.0,2022-07-02,32,simule_distributions_ademe_2023
60282,G,F,appartement,1974,35.4,394.0,2022-07-03,32,simule_distributions_ademe_2023
60246,D,A,appartement,1983,89.8,169.0,2022-07-03,32,simule_distributions_ademe_2023
80026,G,B,maison,1957,90.0,437.0,2022-07-03,32,simule_distributions_ademe_2023
02168,C,C,maison,2010,64.5,215.0,2022-07-03,32,simule_distributions_ademe_2023
02305,E,F,maison,1988,130.4,642.0,2022-07-04,32,simule_distributions_ademe_2023
62073,A,B,maison,1994,105.1,93.0,2022-07-04,32,simule_distributions_ademe_2023
59146,F,C,maison,1936,88.3,493.0,2022-07-04,32,simule_distributions_ademe_2023
60320,B,D,appartement,2019,100.3,119.0,2022-07-04,32,simule_distributions_ademe_2023
02243,G,B,maison,1955,26.9,530.0,2022-07-05,32,simule_distributions_ademe_2023
80283,E,G,appartement,1988,110.9,509.0,2022-07-05,32,simule_distributions_ademe_2023
62080,E,G,appartement,1972,31.5,589.0,2022-07-05,32,simule_distributions_ademe_2023
02112,D,E,maison,1977,113.2,238.0,2022-07-05,32,simule_distributions_ademe_2023
62052,F,F,appartement,1924,150.8,586.0,2022-07-06,32,simule_distributions_ademe_2023
60082,G,D,appartement,1969,74.2,421.0,2022-07-06,32,simule_distributions_ademe_2023
60380,D,F,maison,1979,78.5,230.0,2022-07-06,32,simule_distributions_ademe_2023
60314,D,E,appartement,1969,81.3,242.0,2022-07-06,32,simule_distributions_ademe_2023
80382,F,B,maison,1921,19.8,482.0,2022-07-07,32,simule_distributions_ademe_2023
60144,C,D,maison,2008,75.5,303.0,2022-07-07,32,simule_distributions_ademe_2023
62114,E,E,appartement,1975,97.8,676.0,2022-07-07,32,simule_distributions_ademe_2023
62216,D,D,maison,1966,108.3,324.0,2022-07-08,32,simule_distributions_ademe_2023
60031,E,C,appartement,1994,63.7,598.0,2022-07-08,32,simule_distributions_ademe_2023
62172,C,E,maison,2004,91.2,252.0,2022-07-08,32,simule_distributions_ademe_2023
80382,D,F,maison,1984,51.0,151.0,2022-07-08,32,simule_distributions_ademe_2023
02262,F,D,immeuble,1951,91.8,401.0,2022-07-09,32,simule_distributions_ademe_2023
60134,D,E,appartement,1991,222.7,152.0,2022-07-09,32,simule_distributions_ademe_2023
62016,G,D,appartement,1946,114.9,626.0,2022-07-09,32,simule_distributions_ademe_2023
02154,C,E,maison,2016,82.3,294.0,2022-07-09,32,simule_distributions_ademe_2023
62047,F,F,appartement,1942,73.7,664.0,2022-07-10,32,simule_distributions_ademe_2023
59280,D,D,maison,1991,107.6,195.0,2022-07-10,32,simule_distributions_ademe_2023
59119,G,B,maison,1952,54.9,678.0,2022-07-10,32,simule_distributions_ademe_2023
62007,G,C,appartement,1965,55.8,696.0,2022-07-10,32,simule_distributions_ademe_2023
59061,G,F,appartement,1921,79.7,640.0,2022-07-11,32,simule_distributions_ademe_2023
62154,G,E,appartement,1936,65.9,593.0,2022-07-11,32,simule_distributions_ademe_2023
80212,D,B,appartement,1982,152.3,195.0,2022-07-11,32,simule_distributions_ademe_2023
80090,E,B,maison,1989,107.3,556.0,2022-07-11,32,simule_distributions_ademe_2023
60145,D,F,appartement,1983,110.3,225.0,2022-07-12,32,simule_distributions_ademe_2023
80366,E,G,maison,1982,70.8,602.0,2022-07-12,32,simule_distributions_ademe_2023
02061,E,E,maison,1988,74.0,604.0,2022-07-12,32,simule_distributions_ademe_2023
59360,E,F,appartement,1988,78.2,435.0,2022-07-12,32,simule_distributions_ademe_2023
59248,D,E,appartement,1967,64.2,288.0,2022-07-13,32,simule_distributions_ademe_2023
62207,F,G,maison,1973,81.5,498.0,2022-07-13,32,simule_distributions_ademe_2023
62337,D,C,maison,1971,51.9,310.0,2022-07-13,32,simule_distributions_ademe_2023
80329,B,D,appartement,2000,81.0,57.0,2022-07-13,32,simule_distributions_ademe_2023
80124,E,C,appartement,1974,38.6,685.0,2022-07-14,32,simule_distributions_ademe_2023
62231,E,E,maison,1981,129.5,637.0,2022-07-14,32,simule_distributions_ademe_2023
59372,F,F,appartement,1951,40.0,349.0,2022-07-14,32,simule_distributions_ademe_2023
80118,F,E,maison,1957,60.5,344.0,2022-07-14,32,simule_distributions_ademe_2023
59069,F,F,maison,1961,58.4,664.0,2022-07-15,32,simule_distributions_ademe_2023
59264,G,E,maison,1945,52.8,570.0,2022-07-15,32,simule_distributions_ademe_2023
62346,C,F,maison,2018,19.3,286.0,2022-07-15,32,simule_distributions_ademe_2023
60348,E,E,appartement,1989,163.3,361.0,2022-07-15,32,simule_distributions_ademe_2023
59378,D,E,maison,1965,49.4,258.0,2022-07-16,32,simule_distributions_ademe_2023
02308,B,C,appartement,2012,141.0,97.0,2022-07-16,32,simule_distributions_ademe_2023
62302,F,G,appartement,1938,95.6,379.0,2022-07-16,32,simule_distributions_ademe_2023
02366,F,E,appartement,1953,50.4,649.0,2022-07-16,32,simule_distributions_ademe_2023
59003,F,E,maison,1925,70.4,690.0,2022-07-17,32,simule_distributions_ademe_2023
60238,G,D,appartement,1971,92.4,361.0,2022-07-17,32,simule_distributions_ademe_2023
02059,D,F,maison,1983,83.9,223.0,2022-07-17,32,simule_distributions_ademe_2023
62231,D,E,appartement,1987,71.4,268.0,2022-07-17,32,simule_distributions_ademe_2023
60042,G,G,appartement,1947,47.4,371.0,2022-07-18,32,simule_distributions_ademe_2023
02104,G,C,maison,1953,62.7,625.0,2022-07-18,32,simule_distributions_ademe_2023
02147,C,F,maison,2018,55.9,324.0,2022-07-18,32,simule_distributions_ademe_2023
62350,C,E,appartement,2009,51.1,212.0,2022-07-19,32,simule_distributions_ademe_2023
80249,E,C,maison,1987,39.9,441.0,2022-07-19,32,simule_distributions_ademe_2023
80257,G,E,maison,1952,137.6,379.0,2022-07-19,32,simule_distributions_ademe_2023
02103,C,G,appartement,2016,153.7,189.0,2022-07-19,32,simule_distributions_ademe_2023
02276,E,E,appartement,1976,36.1,453.0,2022-07-20,32,simule_distributions_ademe_2023
62289,E,F,appartement,1976,141.8,490.0,2022-07-20,32,simule_distributions_ademe_2023
62269,F,D,appartement,1971,40.3,332.0,2022-07-20,32,simule_distributions_ademe_2023
80320,F,F,appartement,1924,37.3,427.0,2022-07-20,32,simule_distributions_ademe_2023
02261,E,B,maison,1968,102.1,545.0,2022-07-21,32,simule_distributions_ademe_2023
80117,B,D,appartement,1990,87.0,131.0,2022-07-21,32,simule_distributions_ademe_2023
02053,D,A,appartement,1979,140.5,247.0,2022-07-21,32,simule_distributions_ademe_2023
80180,F,G,appartement,1928,80.0,590.0,2022-07-21,32,simule_distributions_ademe_2023
60096,F,F,maison,1950,103.0,624.0,2022-07-22,32,simule_distributions_ademe_2023
60363,F,C,appartement,1942,58.2,593.0,2022-07-22,32,simule_distributions_ademe_2023
59120,C,E,maison,2000,49.9,323.0,2022-07-22,32,simule_distributions_ademe_2023
80139,E,D,appartement,1992,107.6,487.0,2022-07-22,32,simule_distributions_ademe_2023
62211,E,G,maison,1968,67.6,410.0,2022-07-23,32,simule_distributions_ademe_2023
59316,E,C,appartement,1982,75.3,408.0,2022-07-23,32,simule_distributions_ademe_2023
80230,G,F,maison,1930,70.3,580.0,2022-07-23,32,simule_distributions_ademe_2023
80295,B,F,immeuble,2009,74.4,111.0,2022-07-23,32,simule_distributions_ademe_2023
80260,E,D,appartement,1985,57.6,516.0,2022-07-24,32,simule_distributions_ademe_2023
59375,D,E,appartement,1991,56.1,163.0,2022-07-24,32,simule_distributions_ademe_2023
02366,C,E,maison,2002,87.9,211.0,2022-07-24,32,simule_distributions_ademe_2023
59211,E,B,appartement,1993,68.7,594.0,2022-07-24,32,simule_distributions_ademe_2023
60173,C,G,maison,2004,49.5,158.0,2022-07-25,32,simule_distributions_ademe_2023
80282,E,E,appartement,1976,40.0,471.0,2022-07-25,32,simule_distributions_ademe_2023
80028,D,G,maison,1976,182.1,284.0,2022-07-25,32,simule_distributions_ademe_2023
02093,E,G,maison,1981,160.4,433.0,2022-07-25,32,simule_distributions_ademe_2023
80193,G,E,maison,1954,47.1,334.0,2022-07-26,32,simule_distributions_ademe_2023
62225,C,C,maison,1997,43.4,296.0,2022-07-26,32,simule_distributions_ademe_2023
59037,D,F,appartement,1989,68.2,318.0,2022-07-26,32,simule_distributions_ademe_2023
60209,E,B,maison,1968,94.8,387.0,2022-07-26,32,simule_distributions_ademe_2023
62296,C,C,appartement,1991,90.3,235.0,2022-07-27,32,simule_distributions_ademe_2023
59369,F,E,maison,1942,147.0,391.0,2022-07-27,32,simule_distributions_ademe_2023
60339,G,B,maison,1951,35.9,544.0,2022-07-27,32,simule_distributions_ademe_2023
02216,D,F,appartement,1979,69.3,207.0,2022-07-27,32,simule_distributions_ademe_2023
62336,D,C,immeuble,1978,80.4,207.0,2022-07-28,32,simule_distributions_ademe_2023
02284,F,E,maison,1933,69.5,484.0,2022-07-28,32,simule_distributions_ademe_2023
80393,G,C,appartement,1958,115.9,550.0,2022-07-28,32,simule_distributions_ademe_2023
60239,C,E,appartement,1998,41.8,264.0,2022-07-28,32,simule_distributions_ademe_2023
02074,D,E,maison,1987,80.0,261.0,2022-07-29,32,simule_distributions_ademe_2023
80260,E,F,immeuble,1983,53.7,433.0,2022-07-29,32,simule_distributions_ademe_2023
59330,E,A,appartement,1965,107.3,422.0,2022-07-29,32,simule_distributions_ademe_2023
60094,E,D,appartement,1970,53.3,621.0,2022-07-30,32,simule_distributions_ademe_2023
60272,G,E,maison,1957,56.2,560.0,2022-07-30,32,simule_distributions_ademe_2023
59348,D,E,maison,1976,149.4,304.0,2022-07-30,32,simule_distributions_ademe_2023
62009,D,F,immeuble,1970,60.4,161.0,2022-07-30,32,simule_distributions_ademe_2023
62181,C,F,appartement,1988,73.7,199.0,2022-07-31,32,simule_distributions_ademe_2023
02295,D,E,appartement,1989,103.7,281.0,2022-07-31,32,simule_distributions_ademe_2023
62329,F,C,maison,1970,82.4,664.0,2022-07-31,32,simule_distributions_ademe_2023
59374,D,E,maison,1968,51.7,252.0,2022-07-31,32,simule_distributions_ademe_2023
60120,F,C,immeuble,1939,53.8,450.0,2022-08-01,32,simule_distributions_ademe_2023
62176,F,F,immeuble,1949,57.7,564.0,2022-08-01,32,simule_distributions_ademe_2023
62364,D,G,maison,1976,101.2,253.0,2022-08-01,32,simule_distributions_ademe_2023
62375,C,C,maison,2018,34.8,168.0,2022-08-01,32,simule_distributions_ademe_2023
80201,E,C,maison,1994,114.5,494.0,2022-08-02,32,simule_distributions_ademe_2023
62257,G,E,maison,1949,150.3,462.0,2022-08-02,32,simule_distributions_ademe_2023
02067,D,C,appartement,1968,80.8,240.0,2022-08-02,32,simule_distributions_ademe_2023
60031,D,E,appartement,1966,41.4,183.0,2022-08-02,32,simule_distributions_ademe_2023
59095,E,E,appartement,1975,56.0,604.0,2022-08-03,32,simule_distributions_ademe_2023
02331,D,B,appartement,1990,28.7,182.0,2022-08-03,32,simule_distributions_ademe_2023
60322,D,D,maison,1970,45.8,272.0,2022-08-03,32,simule_distributions_ademe_2023
59369,B,F,appartement,2012,38.7,103.0,2022-08-03,32,simule_distributions_ademe_2023
02173,B,G,appartement,1986,69.5,111.0,2022-08-04,32,simule_distributions_ademe_2023
60169,E,E,maison,1977,151.8,686.0,2022-08-04,32,simule_distributions_ademe_2023
59346,F,B,appartement,1969,106.2,642.0,2022-08-04,32,simule_distributions_ademe_2023
60051,B,E,immeuble,1993,104.0,98.0,2022-08-04,32,simule_distributions_ademe_2023
60270,F,D,appartement,1949,47.0,545.0,2022-08-05,32,simule_distributions_ademe_2023
80169,B,C,appartement,2011,90.3,120.0,2022-08-05,32,simule_distributions_ademe_2023
62316,D,D,appartement,1994,88.0,316.0,2022-08-05,32,simule_distributions_ademe_2023
59212,C,D,appartement,1996,59.8,269.0,2022-08-05,32,simule_distributions_ademe_2023
02290,F,B,maison,1923,36.7,641.0,2022-08-06,32,simule_distributions_ademe_2023
80222,D,C,appartement,1974,91.3,152.0,2022-08-06,32,simule_distributions_ademe_2023
60312,G,E,maison,1935,46.6,350.0,2022-08-06,32,simule_distributions_ademe_2023
62389,C,G,maison,2012,55.4,191.0,2022-08-06,32,simule_distributions_ademe_2023
80002,G,E,maison,1938,74.6,417.0,2022-08-07,32,simule_distributions_ademe_2023
80173,D,E,maison,1976,38.7,227.0,2022-08-07,32,simule_distributions_ademe_2023
60186,G,D,maison,1973,149.4,495.0,2022-08-07,32,simule_distributions_ademe_2023
59003,D,E,appartement,1975,109.5,289.0,2022-08-07,32,simule_distributions_ademe_2023
60083,F,D,appartement,1926,58.9,536.0,2022-08-08,32,simule_distributions_ademe_2023
59316,E,E,appartement,1976,51.7,347.0,2022-08-08,32,simule_distributions_ademe_2023
59075,E,A,maison,1975,24.3,444.0,2022-08-08,32,simule_distributions_ademe_2023
60351,C,E,appartement,1990,49.1,207.0,2022-08-08,32,simule_distributions_ademe_2023
80318,D,E,appartement,1994,39.5,252.0,2022-08-09,32,simule_distributions_ademe_2023
59322,E,F,maison,1984,70.6,662.0,2022-08-09,32,simule_distributions_ademe_2023
60249,G,E,maison,1929,67.9,348.0,2022-08-09,32,simule_distributions_ademe_2023
02059,E,E,maison,1991,93.1,696.0,2022-08-10,32,simule_distributions_ademe_2023
62372,E,E,maison,1972,107.1,504.0,2022-08-10,32,simule_distributions_ademe_2023
59077,G,D,appartement,1937,73.8,372.0,2022-08-10,32,simule_distributions_ademe_2023
60351,G,F,appartement,1926,248.9,548.0,2022-08-10,32,simule_distributions_ademe_2023
62098,E,E,maison,1969,76.9,608.0,2022-08-11,32,simule_distributions_ademe_2023
60325,C,G,appartement,2017,54.9,244.0,2022-08-11,32,simule_distributions_ademe_2023
60284,D,G,maison,1976,126.5,283.0,2022-08-11,32,simule_distributions_ademe_2023
59023,F,A,appartement,1935,62.3,635.0,2022-08-11,32,simule_distributions_ademe_2023
59114,F,E,maison,1920,65.0,504.0,2022-08-12,32,simule_distributions_ademe_2023
62002,G,D,immeuble,1966,69.3,590.0,2022-08-12,32,simule_distributions_ademe_2023
62342,D,D,appartement,1992,152.8,261.0,2022-08-12,32,simule_distributions_ademe_2023
80389,B,C,maison,2013,38.5,107.0,2022-08-12,32,simule_distributions_ademe_2023
02120,F,E,appartement,1945,21.7,571.0,2022-08-13,32,simule_distributions_ademe_2023
80397,E,G,maison,1983,170.3,515.0,2022-08-13,32,simule_distributions_ademe_2023
80218,F,F,maison,1926,63.5,689.0,2022-08-13,32,simule_distributions_ademe_2023
59166,E,F,appartement,1986,41.1,576.0,2022-08-13,32,simule_distributions_ademe_2023
02121,E,G,maison,1969,303.8,667.0,2022-08-14,32,simule_distributions_ademe_2023
62396,C,F,maison,1990,72.7,306.0,2022-08-14,32,simule_distributions_ademe_2023
59396,D,F,maison,1975,79.3,298.0,2022-08-14,32,simule_distributions_ademe_2023
02009,C,D,maison,2000,22.7,253.0,2022-08-14,32,simule_distributions_ademe_2023
02289,G,D,appartement,1964,76.6,598.0,2022-08-15,32,simule_distributions_ademe_2023
60268,D,G,maison,1986,189.8,296.0,2022-08-15,32,simule_distributions_ademe_2023
62024,G,E,appartement,1923,85.1,364.0,2022-08-15,32,simule_distributions_ademe_2023
02302,E,E,appartement,1987,148.5,628.0,2022-08-15,32,simule_distributions_ademe_2023
59352,E,D,maison,1986,172.4,607.0,2022-08-16,32,simule_distributions_ademe_2023
62381,F,C,maison,1964,50.1,334.0,2022-08-16,32,simule_distributions_ademe_2023
02149,D,C,maison,1991,53.9,244.0,2022-08-16,32,simule_distributions_ademe_2023
60060,E,F,maison,1983,91.8,587.0,2022-08-16,32,simule_distributions_ademe_2023
59084,G,F,maison,1951,58.2,460.0,2022-08-17,32,simule_distributions_ademe_2023
60163,D,C,maison,1985,32.5,271.0,2022-08-17,32,simule_distributions_ademe_2023
02278,G,F,maison,1973,30.6,542.0,2022-08-17,32,simule_distributions_ademe_2023
59187,C,C,appartement,1995,95.1,271.0,2022-08-17,32,simule_distributions_ademe_2023
80339,E,F,appartement,1992,64.3,556.0,2022-08-18,32,simule_distributions_ademe_2023
62140,F,E,appartement,1964,39.9,460.0,2022-08-18,32,simule_distributions_ademe_2023
02160,F,E,appartement,1940,151.5,531.0,2022-08-18,32,simule_distributions_ademe_2023
02381,F,F,appartement,1925,161.1,586.0,2022-08-18,32,simule_distributions_ademe_2023
02030,F,F,appartement,1952,86.9,543.0,2022-08-19,32,simule_distributions_ademe_2023
02113,B,D,appartement,1993,81.8,121.0,2022-08-19,32,simule_distributions_ademe_2023
59149,E,A,appartement,1978,51.0,553.0,2022-08-19,32,simule_distributions_ademe_2023
59366,D,C,appartement,1977,53.8,157.0,2022-08-19,32,simule_distributions_ademe_2023
02094,F,C,maison,1935,64.6,667.0,2022-08-20,32,simule_distributions_ademe_2023
80094,A,D,appartement,1991,57.4,131.0,2022-08-20,32,simule_distributions_ademe_2023
59293,E,E,maison,1969,53.5,655.0,2022-08-20,32,simule_distributions_ademe_2023
60065,C,D,appartement,1993,88.5,218.0,2022-08-21,32,simule_distributions_ademe_2023
60270,E,B,maison,1967,63.8,339.0,2022-08-21,32,simule_distributions_ademe_2023
59167,E,D,maison,1981,79.8,428.0,2022-08-21,32,simule_distributions_ademe_2023
02274,B,E,maison,2011,107.3,110.0,2022-08-21,32,simule_distributions_ademe_2023
02368,E,C,appartement,1992,117.9,594.0,2022-08-22,32,simule_distributions_ademe_2023
80247,E,D,maison,1979,129.3,516.0,2022-08-22,32,simule_distributions_ademe_2023
62079,F,C,maison,1936,58.4,505.0,2022-08-22,32,simule_distributions_ademe_2023
02071,C,F,maison,1986,84.5,182.0,2022-08-22,32,simule_distributions_ademe_2023
80391,D,F,appartement,1993,69.0,173.0,2022-08-23,32,simule_distributions_ademe_2023
80394,D,F,appartement,1972,38.0,304.0,2022-08-23,32,simule_distributions_ademe_2023
62244,C,B,appartement,2011,78.5,274.0,2022-08-23,32,simule_distributions_ademe_2023
62378,D,F,immeuble,1976,85.3,218.0,2022-08-23,32,simule_distributions_ademe_2023
62197,F,F,maison,1967,71.6,375.0,2022-08-24,32,simule_distributions_ademe_2023
59362,D,C,maison,1991,55.5,194.0,2022-08-24,32,simule_distributions_ademe_2023
62309,G,E,maison,1959,77.1,645.0,2022-08-24,32,simule_distributions_ademe_2023
59124,F,F,appartement,1959,122.7,402.0,2022-08-24,32,simule_distributions_ademe_2023
59259,E,F,maison,1991,65.3,340.0,2022-08-25,32,simule_distributions_ademe_2023
02063,C,D,maison,2014,70.8,328.0,2022-08-25,32,simule_distributions_ademe_2023
80282,C,F,appartement,2019,46.9,329.0,2022-08-25,32,simule_distributions_ademe_2023
02339,E,E,maison,1980,20.4,602.0,2022-08-25,32,simule_distributions_ademe_2023
60073,D,E,immeuble,1976,40.3,198.0,2022-08-26,32,simule_distributions_ademe_2023
02272,B,F,maison,2005,61.6,84.0,2022-08-26,32,simule_distributions_ademe_2023
02182,B,D,appartement,2004,45.1,92.0,2022-08-26,32,simule_distributions_ademe_2023
02102,E,F,maison,1976,32.2,402.0,2022-08-26,32,simule_distributions_ademe_2023
62116,C,A,appartement,1986,56.2,166.0,2022-08-27,32,simule_distributions_ademe_2023
02323,G,D,appartement,1929,75.6,535.0,2022-08-27,32,simule_distributions_ademe_2023
60094,B,F,maison,1992,52.0,123.0,2022-08-27,32,simule_distributions_ademe_2023
59323,E,A,maison,1973,78.7,632.0,2022-08-27,32,simule_distributions_ademe_2023
62075,E,C,appartement,1992,80.1,456.0,2022-08-28,32,simule_distributions_ademe_2023
59087,B,G,maison,1992,72.7,92.0,2022-08-28,32,simule_distributions_ademe_2023
60102,F,F,maison,1924,74.4,536.0,2022-08-28,32,simule_distributions_ademe_2023
59394,B,E,maison,1995,33.9,72.0,2022-08-28,32,simule_distributions_ademe_2023
59152,G,A,appartement,1937,54.3,538.0,2022-08-29,32,simule_distributions_ademe_2023
02029,C,F,appartement,2009,93.4,216.0,2022-08-29,32,simule_distributions_ademe_2023
60398,G,D,maison,1935,27.6,447.0,2022-08-29,32,simule_distributions_ademe_2023
02342,F,C,maison,1956,66.9,576.0,2022-08-29,32,simule_distributions_ademe_2023
62205,D,D,appartement,1980,73.5,264.0,2022-08-30,32,simule_distributions_ademe_2023
62171,F,E,maison,1949,98.9,696.0,2022-08-30,32,simule_distributions_ademe_2023
80320,F,C,maison,1960,78.9,586.0,2022-08-30,32,simule_distributions_ademe_2023
02362,C,D,appartement,1999,77.1,301.0,2022-08-30,32,simule_distributions_ademe_2023
59202,D,G,immeuble,1984,79.8,222.0,2022-08-31,32,simule_distributions_ademe_2023
02038,G,D,appartement,1950,40.7,585.0,2022-08-31,32,simule_distributions_ademe_2023
60393,D,G,maison,1982,30.0,173.0,2022-08-31,32,simule_distributions_ademe_2023
02076,G,D,appartement,1952,103.4,461.0,2022-09-01,32,simule_distributions_ademe_2023
02145,E,B,appartement,1972,29.7,384.0,2022-09-01,32,simule_distributions_ademe_2023
80016,G,E,maison,1944,63.9,484.0,2022-09-01,32,simule_distributions_ademe_2023
80106,E,G,appartement,1982,31.1,389.0,2022-09-01,32,simule_distributions_ademe_2023
59264,G,E,appartement,1934,232.9,628.0,2022-09-02,32,simule_distributions_ademe_2023
80376,C,D,maison,2004,24.7,201.0,2022-09-02,32,simule_distributions_ademe_2023
02334,F,E,maison,1926,129.6,429.0,2022-09-02,32,simule_distributions_ademe_2023
02111,G,F,appartement,1934,70.4,592.0,2022-09-02,32,simule_distributions_ademe_2023
62135,C,E,immeuble,1988,92.7,301.0,2022-09-03,32,simule_distributions_ademe_2023
02367,G,D,appartement,1923,81.7,378.0,2022-09-03,32,simule_distributions_ademe_2023
60186,D,F,maison,1974,109.3,249.0,2022-09-03,32,simule_distributions_ademe_2023
62111,E,G,maison,1981,50.5,667.0,2022-09-03,32,simule_distributions_ademe_2023
60124,G,F,appartement,1963,88.7,473.0,2022-09-04,32,simule_distributions_ademe_2023
62015,F,C,maison,1974,63.8,470.0,2022-09-04,32,simule_distributions_ademe_2023
62268,E,E,maison,1994,50.0,636.0,2022-09-04,32,simule_distributions_ademe_2023
60349,D,G,appartement,1992,26.8,205.0,2022-09-04,32,simule_distributions_ademe_2023
59165,A,E,appartement,2003,55.8,129.0,2022-09-05,32,simule_distributions_ademe_2023
80293,C,G,appartement,1996,19.5,180.0,2022-09-05,32,simule_distributions_ademe_2023
80155,F,D,appartement,1921,112.5,544.0,2022-09-05,32,simule_distributions_ademe_2023
02374,E,E,maison,1969,81.4,515.0,2022-09-05,32,simule_distributions_ademe_2023
80071,F,D,appartement,1928,64.6,365.0,2022-09-06,32,simule_distributions_ademe_2023
59229,C,D,appartement,2013,44.9,224.0,2022-09-06,32,simule_distributions_ademe_2023
02305,E,D,appartement,1970,124.5,404.0,2022-09-06,32,simule_distributions_ademe_2023
80085,D,B,immeuble,1981,59.7,296.0,2022-09-06,32,simule_distributions_ademe_2023
60291,G,D,appartement,1959,80.6,340.0,2022-09-07,32,simule_distributions_ademe_2023
80106,D,C,maison,1966,272.5,259.0,2022-09-07,32,simule_distributions_ademe_2023
62092,F,D,maison,1959,60.4,593.0,2022-09-07,32,simule_distributions_ademe_2023
62217,E,B,maison,1981,35.8,685.0,2022-09-07,32,simule_distributions_ademe_2023
60296,D,E,maison,1994,263.0,165.0,2022-09-08,32,simule_distributions_ademe_2023
60056,G,C,appartement,1954,51.4,504.0,2022-09-08,32,simule_distributions_ademe_2023
80189,F,C,maison,1968,56.2,650.0,2022-09-08,32,simule_distributions_ademe_2023
02165,D,E,maison,1969,43.4,208.0,2022-09-08,32,simule_distributions_ademe_2023
60383,G,D,appartement,1973,36.2,549.0,2022-09-09,32,simule_distributions_ademe_2023
80036,D,F,maison,1979,87.4,216.0,2022-09-09,32,simule_distributions_ademe_2023
59001,G,C,appartement,1967,157.6,413.0,2022-09-09,32,simule_distributions_ademe_2023
60022,E,E,maison,1988,79.9,379.0,2022-09-09,32,simule_distributions_ademe_2023
02061,D,C,maison,1986,161.1,298.0,2022-09-10,32,simule_distributions_ademe_2023
60393,C,G,maison,1988,63.2,307.0,2022-09-10,32,simule_distributions_ademe_2023
80135,D,E,maison,1994,54.8,196.0,2022-09-10,32,simule_distributions_ademe_2023
60166,G,C,appartement,1933,143.2,589.0,2022-09-10,32,simule_distributions_ademe_2023
59139,D,E,appartement,1985,87.1,323.0,2022-09-11,32,simule_distributions_ademe_2023
60321,E,D,appartement,1981,79.0,583.0,2022-09-11,32,simule_distributions_ademe_2023
80379,F,E,appartement,1958,39.4,590.0,2022-09-11,32,simule_distributions_ademe_2023
02350,D,D,maison,1968,60.6,299.0,2022-09-12,32,simule_distributions_ademe_2023
02264,F,F,appartement,1931,133.1,639.0,2022-09-12,32,simule_distributions_ademe_2023
60241,C,F,maison,2003,59.6,200.0,2022-09-12,32,simule_distributions_ademe_2023
02185,C,A,maison,2013,88.2,216.0,2022-09-12,32,simule_distributions_ademe_2023
62273,D,B,maison,1985,122.6,228.0,2022-09-13,32,simule_distributions_ademe_2023
62089,E,A,maison,1984,30.5,397.0,2022-09-13,32,simule_distributions_ademe_2023
80357,F,F,appartement,1935,83.6,659.0,2022-09-13,32,simule_distributions_ademe_2023
59131,C,D,maison,2003,126.8,206.0,2022-09-13,32,simule_distributions_ademe_2023
62125,E,F,maison,1992,27.5,694.0,2022-09-14,32,simule_distributions_ademe_2023
62127,D,D,maison,1973,58.4,209.0,2022-09-14,32,simule_distributions_ademe_2023
02058,D,F,maison,1974,73.1,187.0,2022-09-14,32,simule_distributions_ademe_2023
62234,C,D,appartement,1987,99.4,314.0,2022-09-14,32,simule_distributions_ademe_2023
60237,E,E,maison,1975,101.9,425.0,2022-09-15,32,simule_distributions_ademe_2023
60240,E,C,maison,1978,103.7,489.0,2022-09-15,32,simule_distributions_ademe_2023
62039,C,E,maison,2000,83.6,248.0,2022-09-15,32,simule_distributions_ademe_2023
62159,D,G,appartement,1982,93.3,239.0,2022-09-15,32,simule_distributions_ademe_2023
62347,E,C,appartement,1983,151.1,416.0,2022-09-16,32,simule_distributions_ademe_2023
62099,E,D,maison,1969,45.9,647.0,2022-09-16,32,simule_distributions_ademe_2023
02306,G,C,appartement,1955,212.6,676.0,2022-09-16,32,simule_distributions_ademe_2023
60011,D,E,appartement,1986,58.2,197.0,2022-09-16,32,simule_distributions_ademe_2023
62068,F,G,maison,1950,53.7,424.0,2022-09-17,32,simule_distributions_ademe_2023
80010,C,D,immeuble,1985,33.2,266.0,2022-09-17,32,simule_distributions_ademe_2023
62133,D,D,maison,1992,52.4,272.0,2022-09-17,32,simule_distributions_ademe_2023
62216,C,G,appartement,1991,91.6,284.0,2022-09-17,32,simule_distributions_ademe_2023
62155,D,F,maison,1974,108.2,262.0,2022-09-18,32,simule_distributions_ademe_2023
62349,E,E,appartement,1967,31.4,387.0,2022-09-18,32,simule_distributions_ademe_2023
80004,D,D,appartement,1982,109.8,190.0,2022-09-18,32,simule_distributions_ademe_2023
59033,E,B,appartement,1965,62.8,622.0,2022-09-18,32,simule_distributions_ademe_2023
80215,B,D,appartement,2001,145.4,58.0,2022-09-19,32,simule_distributions_ademe_2023
59137,E,E,maison,1973,73.8,529.0,2022-09-19,32,simule_distributions_ademe_2023
80350,F,F,appartement,1929,52.0,597.0,2022-09-19,32,simule_distributions_ademe_2023
02008,D,C,maison,1977,65.1,274.0,2022-09-19,32,simule_distributions_ademe_2023
60260,D,F,maison,1973,93.7,160.0,2022-09-20,32,simule_distributions_ademe_2023
02312,D,E,appartement,1969,31.4,272.0,2022-09-20,32,simule_distributions_ademe_2023
59311,E,F,appartement,1972,113.8,511.0,2022-09-20,32,simule_distributions_ademe_2023
60082,E,G,maison,1986,23.8,566.0,2022-09-20,32,simule_distributions_ademe_2023
59114,C,E,maison,2010,83.9,196.0,2022-09-21,32,simule_distributions_ademe_2023
80040,F,D,maison,1928,111.1,439.0,2022-09-21,32,simule_distributions_ademe_2023
60129,E,F,appartement,1985,117.7,377.0,2022-09-21,32,simule_distributions_ademe_2023
62284,F,A,maison,1971,129.6,654.0,2022-09-21,32,simule_distributions_ademe_2023
62129,C,D,appartement,2010,81.8,232.0,2022-09-22,32,simule_distributions_ademe_2023
59186,G,D,appartement,1962,40.9,543.0,2022-09-22,32,simule_distributions_ademe_2023
02296,F,G,maison,1959,36.0,510.0,2022-09-22,32,simule_distributions_ademe_2023
59093,D,B,appartement,1992,45.2,211.0,2022-09-23,32,simule_distributions_ademe_2023
59353,D,C,maison,1977,35.9,249.0,2022-09-23,32,simule_distributions_ademe_2023
59238,E,C,appartement,1984,67.8,528.0,2022-09-23,32,simule_distributions_ademe_2023
60005,F,D,maison,1971,41.8,602.0,2022-09-23,32,simule_distributions_ademe_2023
02279,E,C,maison,1984,65.6,548.0,2022-09-24,32,simule_distributions_ademe_2023
62124,G,F,appartement,1968,42.6,381.0,2022-09-24,32,simule_distributions_ademe_2023
62265,G,E,maison,1951,18.0,512.0,2022-09-24,32,simule_distributions_ademe_2023
60366,G,G,maison,1941,124.0,604.0,2022-09-24,32,simule_distributions_ademe_2023
60284,D,E,appartement,1974,58.9,259.0,2022-09-25,32,simule_distributions_ademe_2023
60019,G,D,appartement,1936,92.4,561.0,2022-09-25,32,simule_distributions_ademe_2023
62291,D,B,appartement,1974,39.9,289.0,2022-09-25,32,simule_distributions_ademe_2023
02163,C,E,maison,2006,94.2,317.0,2022-09-25,32,simule_distributions_ademe_2023
80314,D,G,maison,1976,118.9,321.0,2022-09-26,32,simule_distributions_ademe_2023
59319,F,D,maison,1943,125.5,661.0,2022-09-26,32,simule_distributions_ademe_2023
80122,G,D,appartement,1959,53.6,357.0,2022-09-26,32,simule_distributions_ademe_2023
59045,G,G,maison,1935,59.2,660.0,2022-09-26,32,simule_distributions_ademe_2023
02306,D,D,appartement,1982,156.4,297.0,2022-09-27,32,simule_distributions_ademe_2023
60159,C,E,maison,1993,124.1,306.0,2022-09-27,32,simule_distributions_ademe_2023
02277,D,D,appartement,1972,77.2,276.0,2022-09-27,32,simule_distributions_ademe_2023
80387,G,E,maison,1921,126.5,640.0,2022-09-27,32,simule_distributions_ademe_2023
02134,E,C,appartement,1991,73.9,394.0,2022-09-28,32,simule_distributions_ademe_2023
02137,E,G,appartement,1991,52.8,584.0,2022-09-28,32,simule_distributions_ademe_2023
60347,F,A,maison,1959,43.2,436.0,2022-09-28,32,simule_distributions_ademe_2023
59109,G,D,appartement,1927,60.0,364.0,2022-09-28,32,simule_distributions_ademe_2023
02087,E,E,maison,1970,125.2,427.0,2022-09-29,32,simule_distributions_ademe_2023
60096,F,F,maison,1948,18.0,691.0,2022-09-29,32,simule_distributions_ademe_2023
59003,C,D,maison,1985,46.9,320.0,2022-09-29,32,simule_distributions_ademe_2023
59105,D,C,maison,1977,57.4,219.0,2022-09-29,32,simule_distributions_ademe_2023
80273,G,F,appartement,1955,132.3,633.0,2022-09-30,32,simule_distributions_ademe_2023
59340,E,C,maison,1990,34.5,633.0,2022-09-30,32,simule_distributions_ademe_2023
02145,B,D,maison,2011,88.7,83.0,2022-09-30,32,simule_distributions_ademe_2023
80312,F,F,maison,1926,94.9,642.0,2022-09-30,32,simule_distributions_ademe_2023
62016,D,F,appartement,1994,32.1,163.0,2022-10-01,32,simule_distributions_ademe_2023
62217,E,D,maison,1987,70.8,374.0,2022-10-01,32,simule_distributions_ademe_2023
59334,F,F,appartement,1964,45.0,396.0,2022-10-01,32,simule_distributions_ademe_2023
62362,G,C,maison,1961,187.7,481.0,2022-10-01,32,simule_distributions_ademe_2023
02080,E,D,maison,1990,109.5,510.0,2022-10-02,32,simule_distributions_ademe_2023
02313,G,D,appartement,1952,121.6,690.0,2022-10-02,32,simule_distributions_ademe_2023
02152,F,E,maison,1932,83.4,382.0,2022-10-02,32,simule_distributions_ademe_2023
59150,F,C,appartement,1953,35.8,631.0,2022-10-02,32,simule_distributions_ademe_2023
60226,E,D,maison,1972,30.7,571.0,2022-10-03,32,simule_distributions_ademe_2023
59386,E,D,appartement,1969,51.3,699.0,2022-10-03,32,simule_distributions_ademe_2023
02176,D,D,maison,1984,165.0,244.0,2022-10-03,32,simule_distributions_ademe_2023
80086,F,G,maison,1950,32.7,700.0,2022-10-04,32,simule_distributions_ademe_2023
60285,E,C,appartement,1975,128.0,595.0,2022-10-04,32,simule_distributions_ademe_2023
80294,C,C,maison,2014,39.2,270.0,2022-10-04,32,simule_distributions_ademe_2023
80012,G,E,appartement,1939,62.8,457.0,2022-10-04,32,simule_distributions_ademe_2023
62222,A,C,appartement,1991,69.1,88.0,2022-10-05,32,simule_distributions_ademe_2023
80003,F,D,maison,1932,72.7,632.0,2022-10-05,32,simule_distributions_ademe_2023
59387,G,E,maison,1930,80.5,525.0,2022-10-05,32,simule_distributions_ademe_2023
80374,D,E,appartement,1988,91.5,240.0,2022-10-05,32,simule_distributions_ademe_2023
59078,G,E,appartement,1967,50.1,359.0,2022-10-06,32,simule_distributions_ademe_2023
59179,D,C,maison,1966,34.2,191.0,2022-10-06,32,simule_distributions_ademe_2023
60378,G,E,appartement,1938,58.7,633.0,2022-10-06,32,simule_distributions_ademe_2023
62190,D,F,immeuble,1975,69.9,315.0,2022-10-06,32,simule_distributions_ademe_2023
80003,D,E,maison,1987,57.1,190.0,2022-10-07,32,simule_distributions_ademe_2023
80149,E,E,maison,1993,60.9,562.0,2022-10-07,32,simule_distributions_ademe_2023
59079,F,F,maison,1957,146.8,696.0,2022-10-07,32,simule_distributions_ademe_2023
62256,E,G,appartement,1971,111.4,476.0,2022-10-07,32,simule_distributions_ademe_2023
59046,D,E,appartement,1992,83.2,235.0,2022-10-08,32,simule_distributions_ademe_2023
60272,G,F,maison,1946,52.0,380.0,2022-10-08,32,simule_distributions_ademe_2023
02378,C,C,appartement,2013,72.4,263.0,2022-10-08,32,simule_distributions_ademe_2023
80395,B,E,maison,2004,53.2,64.0,2022-10-08,32,simule_distributions_ademe_2023
59368,E,C,maison,1977,55.3,482.0,2022-10-09,32,simule_distributions_ademe_2023
59155,D,E,appartement,1977,80.9,319.0,2022-10-09,32,simule_distributions_ademe_2023
02032,D,E,appartement,1992,64.4,273.0,2022-10-09,32,simule_distributions_ademe_2023
62190,C,F,appartement,1997,85.6,290.0,2022-10-09,32,simule_distributions_ademe_2023
62215,E,A,appartement,1993,26.0,493.0,2022-10-10,32,simule_distributions_ademe_2023
02231,D,F,maison,1969,131.1,213.0,2022-10-10,32,simule_distributions_ademe_2023
62133,F,G,maison,1967,63.8,480.0,2022-10-10,32,simule_distributions_ademe_2023
59043,D,F,maison,1994,75.3,228.0,2022-10-10,32,simule_distributions_ademe_2023
59340,F,F,appartement,1973,71.2,525.0,2022-10-11,32,simule_distributions_ademe_2023
62336,E,F,maison,1977,88.7,477.0,2022-10-11,32,simule_distributions_ademe_2023
02252,F,E,appartement,1936,97.5,596.0,2022-10-11,32,simule_distributions_ademe_2023
62065,E,C,maison,1983,256.1,402.0,2022-10-11,32,simule_distributions_ademe_2023
60376,B,E,appartement,1985,36.2,108.0,2022-10-12,32,simule_distributions_ademe_2023
60205,D,B,maison,1976,108.0,224.0,2022-10-12,32,simule_distributions_ademe_2023
62272,C,G,maison,1992,83.7,196.0,2022-10-12,32,simule_distributions_ademe_2023
60104,F,E,appartement,1947,68.9,531.0,2022-10-12,32,simule_distributions_ademe_2023
80254,F,C,maison,1973,182.5,624.0,2022-10-13,32,simule_distributions_ademe_2023
59266,B,F,maison,1997,52.6,58.0,2022-10-13,32,simule_distributions_ademe_2023
62069,F,E,maison,1964,65.9,557.0,2022-10-13,32,simule_distributions_ademe_2023
59209,G,D,appartement,1971,59.4,480.0,2022-10-13,32,simule_distributions_ademe_2023
02086,F,D,maison,1931,63.3,350.0,2022-10-14,32,simule_distributions_ademe_2023
02293,F,F,maison,1930,27.2,504.0,2022-10-14,32,simule_distributions_ademe_2023
59077,C,E,appartement,2012,53.0,267.0,2022-10-14,32,simule_distributions_ademe_2023
60242,G,B,appartement,1957,98.4,480.0,2022-10-15,32,simule_distributions_ademe_2023
60176,G,D,appartement,1921,42.3,357.0,2022-10-15,32,simule_distributions_ademe_2023
60060,F,G,appartement,1952,47.0,352.0,2022-10-15,32,simule_distributions_ademe_2023
80192,E,E,appartement,1973,137.5,349.0,2022-10-15,32,simule_distributions_ademe_2023
60229,F,F,appartement,1920,45.8,536.0,2022-10-16,32,simule_distributions_ademe_2023
62299,C,F,appartement,1998,36.3,239.0,2022-10-16,32,simule_distributions_ademe_2023
60102,B,E,appartement,1996,55.3,75.0,2022-10-16,32,simule_distributions_ademe_2023
80075,D,G,maison,1982,140.5,315.0,2022-10-16,32,simule_distributions_ademe_2023
02221,D,G,appartement,1994,37.0,171.0,2022-10-17,32,simule_distributions_ademe_2023
62355,C,E,appartement,2006,36.4,329.0,2022-10-17,32,simule_distributions_ademe_2023
02125,D,G,maison,1991,39.3,253.0,2022-10-17,32,simule_distributions_ademe_2023
59192,G,B,maison,1925,58.1,637.0,2022-10-17,32,simule_distributions_ademe_2023
02334,D,G,appartement,1966,89.9,242.0,2022-10-18,32,simule_distributions_ademe_2023
60330,E,D,appartement,1973,54.3,360.0,2022-10-18,32,simule_distributions_ademe_2023
59261,E,B,maison,1985,72.3,637.0,2022-10-18,32,simule_distributions_ademe_2023
62305,F,C,appartement,1971,83.8,351.0,2022-10-18,32,simule_distributions_ademe_2023
59364,E,C,maison,1982,48.7,644.0,2022-10-19,32,simule_distributions_ademe_2023
80266,E,D,appartement,1979,114.8,487.0,2022-10-19,32,simule_distributions_ademe_2023
59147,D,D,maison,1986,27.5,320.0,2022-10-19,32,simule_distributions_ademe_2023
80364,F,F,maison,1973,189.9,596.0,2022-10-19,32,simule_distributions_ademe_2023
60027,G,F,maison,1940,215.8,525.0,2022-10-20,32,simule_distributions_ademe_2023
02172,D,D,maison,1985,121.7,189.0,2022-10-20,32,simule_distributions_ademe_2023
62039,E,D,maison,1967,52.2,514.0,2022-10-20,32,simule_distributions_ademe_2023
02255,G,F,appartement,1971,72.3,565.0,2022-10-20,32,simule_distributions_ademe_2023
02299,C,G,maison,2004,43.4,251.0,2022-10-21,32,simule_distributions_ademe_2023
80355,E,B,appartement,1986,44.4,388.0,2022-10-21,32,simule_distributions_ademe_2023
59122,E,C,appartement,1973,32.5,335.0,2022-10-21,32,simule_distributions_ademe_2023
60117,F,G,maison,1920,46.1,572.0,2022-10-21,32,simule_distributions_ademe_2023
62284,D,D,appartement,1966,47.3,261.0,2022-10-22,32,simule_distributions_ademe_2023
59092,E,E,maison,1994,71.9,345.0,2022-10-22,32,simule_distributions_ademe_2023
60373,C,C,appartement,1990,93.8,240.0,2022-10-22,32,simule_distributions_ademe_2023
59046,E,D,immeuble,1993,62.0,377.0,2022-10-22,32,simule_distributions_ademe_2023
60087,E,B,maison,1980,53.0,353.0,2022-10-23,32,simule_distributions_ademe_2023
59347,D,F,appartement,1994,64.2,282.0,2022-10-23,32,simule_distributions_ademe_2023
02396,G,D,appartement,1922,113.7,446.0,2022-10-23,32,simule_distributions_ademe_2023
60285,E,F,appartement,1973,59.0,349.0,2022-10-23,32,simule_distributions_ademe_2023
62085,F,D,appartement,1936,178.9,647.0,2022-10-24,32,simule_distributions_ademe_2023
62225,C,E,maison,1987,115.1,234.0,2022-10-24,32,simule_distributions_ademe_2023
59060,D,E,maison,1981,36.4,328.0,2022-10-24,32,simule_distributions_ademe_2023
59016,F,F,appartement,1974,45.5,378.0,2022-10-25,32,simule_distributions_ademe_2023
59202,E,G,appartement,1983,50.6,491.0,2022-10-25,32,simule_distributions_ademe_2023
62029,G,E,appartement,1942,93.7,417.0,2022-10-25,32,simule_distributions_ademe_2023
80052,D,F,maison,1980,37.3,326.0,2022-10-25,32,simule_distributions_ademe_2023
02030,D,A,appartement,1970,33.4,215.0,2022-10-26,32,simule_distributions_ademe_2023
80130,B,D,maison,2011,177.4,100.0,2022-10-26,32,simule_distributions_ademe_2023
80141,G,E,maison,1935,141.6,699.0,2022-10-26,32,simule_distributions_ademe_2023
59256,F,D,appartement,1970,53.3,406.0,2022-10-26,32,simule_distributions_ademe_2023
80032,B,D,maison,2009,32.4,106.0,2022-10-27,32,simule_distributions_ademe_2023
02198,F,E,maison,1943,156.3,489.0,2022-10-27,32,simule_distributions_ademe_2023
62328,E,G,appartement,1979,54.0,621.0,2022-10-27,32,simule_distributions_ademe_2023
62250,E,D,maison,1993,97.0,608.0,2022-10-27,32,simule_distributions_ademe_2023
02085,D,C,appartement,1983,58.3,237.0,2022-10-28,32,simule_distributions_ademe_2023
80273,E,F,appartement,1987,52.0,696.0,2022-10-28,32,simule_distributions_ademe_2023
59358,F,E,appartement,1944,34.8,691.0,2022-10-28,32,simule_distributions_ademe_2023
02232,F,F,maison,1925,57.8,408.0,2022-10-28,32,simule_distributions_ademe_2023
59035,E,F,maison,1984,135.5,476.0,2022-10-29,32,simule_distributions_ademe_2023
59399,G,D,appartement,1925,45.7,568.0,2022-10-29,32,simule_distributions_ademe_2023
80209,D,D,appartement,1991,21.7,262.0,2022-10-29,32,simule_distributions_ademe_2023
59305,E,E,appartement,1976,132.9,444.0,2022-10-29,32,simule_distributions_ademe_2023
62131,E,D,appartement,1974,57.8,561.0,2022-10-30,32,simule_distributions_ademe_2023
80329,E,F,appartement,1978,119.5,596.0,2022-10-30,32,simule_distributions_ademe_2023
59204,F,D,maison,1933,40.4,526.0,2022-10-30,32,simule_distributions_ademe_2023
59135,F,G,maison,1943,58.4,639.0,2022-10-30,32,simule_distributions_ademe_2023
60024,B,B,appartement,2017,31.0,112.0,2022-10-31,32,simule_distributions_ademe_2023
80369,G,E,appartement,1923,61.4,552.0,2022-10-31,32,simule_distributions_ademe_2023
62172,D,G,appartement,1966,52.9,190.0,2022-10-31,32,simule_distributions_ademe_2023
62118,F,F,appartement,1967,121.1,625.0,2022-10-31,32,simule_distributions_ademe_2023
62165,B,D,maison,1988,28.2,114.0,2022-11-01,32,simule_distributions_ademe_2023
60327,F,G,appartement,1962,67.9,434.0,2022-11-01,32,simule_distributions_ademe_2023
62119,E,D,appartement,1992,85.5,501.0,2022-11-01,32,simule_distributions_ademe_2023
80212,A,F,maison,2005,85.5,58.0,2022-11-01,32,simule_distributions_ademe_2023
59388,F,C,appartement,1965,35.2,342.0,2022-11-02,32,simule_distributions_ademe_2023
62347,B,G,maison,2016,24.6,143.0,2022-11-02,32,simule_distributions_ademe_2023
02340,E,E,appartement,1985,179.3,600.0,2022-11-02,32,simule_distributions_ademe_2023
80002,D,E,appartement,1983,66.1,167.0,2022-11-02,32,simule_distributions_ademe_2023
80299,G,G,appartement,1963,68.4,573.0,2022-11-03,32,simule_distributions_ademe_2023
60256,F,G,maison,1971,119.1,516.0,2022-11-03,32,simule_distributions_ademe_2023
59323,B,E,appartement,2016,52.8,71.0,2022-11-03,32,simule_distributions_ademe_2023
59397,G,E,maison,1957,90.3,569.0,2022-11-03,32,simule_distributions_ademe_2023
60146,D,G,appartement,1979,67.4,261.0,2022-11-04,32,simule_distributions_ademe_2023
02025,G,D,maison,1930,59.7,625.0,2022-11-04,32,simule_distributions_ademe_2023
80007,D,E,maison,1983,54.4,256.0,2022-11-04,32,simule_distributions_ademe_2023
60135,E,D,immeuble,1991,45.5,501.0,2022-11-05,32,simule_distributions_ademe_2023
02378,D,E,maison,1970,97.4,256.0,2022-11-05,32,simule_distributions_ademe_2023
59366,E,C,appartement,1970,41.9,423.0,2022-11-05,32,simule_distributions_ademe_2023
59276,C,G,appartement,2017,27.5,169.0,2022-11-05,32,simule_distributions_ademe_2023
62193,B,D,maison,2004,34.4,60.0,2022-11-06,32,simule_distributions_ademe_2023
59214,G,D,maison,1959,47.5,627.0,2022-11-06,32,simule_distributions_ademe_2023
60014,E,F,maison,1992,183.7,354.0,2022-11-06,32,simule_distributions_ademe_2023
80123,G,C,maison,1948,18.0,480.0,2022-11-06,32,simule_distributions_ademe_2023
59089,C,D,appartement,2001,47.4,266.0,2022-11-07,32,simule_distributions_ademe_2023
02023,G,F,maison,1949,127.9,588.0,2022-11-07,32,simule_distributions_ademe_2023
62377,D,D,appartement,1971,61.0,222.0,2022-11-07,32,simule_distributions_ademe_2023
60245,E,C,maison,1987,116.8,660.0,2022-11-07,32,simule_distributions_ademe_2023
62219,C,B,maison,2013,68.4,249.0,2022-11-08,32,simule_distributions_ademe_2023
02089,F,D,maison,1926,58.8,398.0,2022-11-08,32,simule_distributions_ademe_2023
60059,F,D,appartement,1961,56.5,456.0,2022-11-08,32,simule_distributions_ademe_2023
62381,B,E,maison,2011,59.3,55.0,2022-11-08,32,simule_distributions_ademe_2023
02016,D,E,appartement,1980,33.9,174.0,2022-11-09,32,simule_distributions_ademe_2023
02113,G,F,maison,1930,181.0,433.0,2022-11-09,32,simule_distributions_ademe_2023
80086,E,F,maison,1982,33.9,514.0,2022-11-09,32,simule_distributions_ademe_2023
62003,G,G,maison,1934,30.1,473.0,2022-11-09,32,simule_distributions_ademe_2023
02139,G,D,maison,1946,91.9,434.0,2022-11-10,32,simule_distributions_ademe_2023
60169,E,C,maison,1987,49.9,446.0,2022-11-10,32,simule_distributions_ademe_2023
59135,F,E,appartement,1968,69.6,505.0,2022-11-10,32,simule_distributions_ademe_2023
62263,G,E,maison,1926,74.0,496.0,2022-11-10,32,simule_distributions_ademe_2023
80080,E,B,appartement,1991,120.9,585.0,2022-11-11,32,simule_distributions_ademe_2023
02348,G,D,maison,1967,50.7,570.0,2022-11-11,32,simule_distributions_ademe_2023
59050,B,F,maison,2005,110.9,126.0,2022-11-11,32,simule_distributions_ademe_2023
62358,E,G,maison,1979,45.6,406.0,2022-11-11,32,simule_distributions_ademe_2023
80147,D,C,appartement,1978,156.5,223.0,2022-11-12,32,simule_distributions_ademe_2023
62196,E,B,appartement,1977,116.6,686.0,2022-11-12,32,simule_distributions_ademe_2023
02338,A,F,maison,1993,51.9,66.0,2022-11-12,32,simule_distributions_ademe_2023
62063,A,D,appartement,2006,145.5,65.0,2022-11-12,32,simule_distributions_ademe_2023
02362,F,F,maison,1962,67.5,606.0,2022-11-13,32,simule_distributions_ademe_2023
80346,D,G,appartement,1987,26.8,223.0,2022-11-13,32,simule_distributions_ademe_2023
02071,D,C,maison,1971,164.0,238.0,2022-11-13,32,simule_distributions_ademe_2023
62029,G,E,appartement,1948,59.1,688.0,2022-11-13,32,simule_distributions_ademe_2023
62243,C,B,appartement,1995,76.9,161.0,2022-11-14,32,simule_distributions_ademe_2023
60193,D,C,maison,1989,154.8,303.0,2022-11-14,32,simule_distributions_ademe_2023
02053,E,B,appartement,1965,44.0,557.0,2022-11-14,32,simule_distributions_ademe_2023
59115,E,F,appartement,1981,36.3,381.0,2022-11-14,32,simule_distributions_ademe_2023
80053,D,G,maison,1987,88.8,314.0,2022-11-15,32,simule_distributions_ademe_2023
02358,C,E,maison,2013,82.4,159.0,2022-11-15,32,simule_distributions_ademe_2023
02249,G,E,maison,1936,147.0,500.0,2022-11-15,32,simule_distributions_ademe_2023
62119,D,G,immeuble,1975,37.2,222.0,2022-11-16,32,simule_distributions_ademe_2023
62057,B,E,appartement,2007,123.7,124.0,2022-11-16,32,simule_distributions_ademe_2023
02126,E,C,immeuble,1968,43.0,371.0,2022-11-16,32,simule_distributions_ademe_2023
02283,C,B,maison,1995,71.0,193.0,2022-11-16,32,simule_distributions_ademe_2023
59053,D,D,appartement,1986,21.1,249.0,2022-11-17,32,simule_distributions_ademe_2023
02174,A,G,immeuble,2006,59.0,120.0,2022-11-17,32,simule_distributions_ademe_2023
60229,E,G,appartement,1980,80.0,638.0,2022-11-17,32,simule_distributions_ademe_2023
80077,E,C,maison,1973,100.2,683.0,2022-11-17,32,simule_distributions_ademe_2023
62102,E,E,maison,1976,36.3,337.0,2022-11-18,32,simule_distributions_ademe_2023
80229,G,C,appartement,1925,73.9,438.0,2022-11-18,32,simule_distributions_ademe_2023
80331,G,D,maison,1961,53.4,399.0,2022-11-18,32,simule_distributions_ademe_2023
60023,F,D,maison,1950,49.0,352.0,2022-11-18,32,simule_distributions_ademe_2023
02377,D,D,maison,1976,56.2,301.0,2022-11-19,32,simule_distributions_ademe_2023
62162,G,B,maison,1968,36.2,614.0,2022-11-19,32,simule_distributions_ademe_2023
60018,F,F,appartement,1967,113.0,653.0,2022-11-19,32,simule_distributions_ademe_2023
60037,C,B,appartement,2015,88.9,297.0,2022-11-19,32,simule_distributions_ademe_2023
02233,F,F,appartement,1930,79.5,406.0,2022-11-20,32,simule_distributions_ademe_2023
60044,G,D,maison,1951,66.0,563.0,2022-11-20,32,simule_distributions_ademe_2023
59019,G,E,appartement,1953,62.4,642.0,2022-11-20,32,simule_distributions_ademe_2023
62088,E,E,maison,1988,70.7,488.0,2022-11-20,32,simule_distributions_ademe_2023
02121,C,D,maison,1988,108.1,266.0,2022-11-21,32,simule_distributions_ademe_2023
02090,C,F,maison,2000,51.7,227.0,2022-11-21,32,simule_distributions_ademe_2023
62235,F,F,appartement,1950,77.1,679.0,2022-11-21,32,simule_distributions_ademe_2023
80036,C,E,appartement,2000,80.4,161.0,2022-11-21,32,simule_distributions_ademe_2023
59378,E,E,maison,1987,102.6,684.0,2022-11-22,32,simule_distributions_ademe_2023
60238,F,F,appartement,1928,36.2,374.0,2022-11-22,32,simule_distributions_ademe_2023
59276,D,E,maison,1994,80.8,267.0,2022-11-22,32,simule_distributions_ademe_2023
02311,B,F,appartement,2005,25.2,84.0,2022-11-22,32,simule_distributions_ademe_2023
80305,E,D,maison,1990,25.0,579.0,2022-11-23,32,simule_distributions_ademe_2023
60013,D,C,maison,1980,61.3,288.0,2022-11-23,32,simule_distributions_ademe_2023
60317,F,G,maison,1965,35.4,491.0,2022-11-23,32,simule_distributions_ademe_2023
80202,F,E,maison,1951,36.5,370.0,2022-11-23,32,simule_distributions_ademe_2023
80022,E,D,maison,1978,30.7,373.0,2022-11-24,32,simule_distributions_ademe_2023
59347,C,E,maison,1988,169.3,228.0,2022-11-24,32,simule_distributions_ademe_2023
02294,C,D,maison,2014,31.0,215.0,2022-11-24,32,simule_distributions_ademe_2023
62133,D,G,appartement,1971,63.2,241.0,2022-11-24,32,simule_distributions_ademe_2023
80189,E,D,appartement,1967,65.8,530.0,2022-11-25,32,simule_distributions_ademe_2023
02197,G,A,appartement,1923,158.8,551.0,2022-11-25,32,simule_distributions_ademe_2023
60367,G,D,maison,1935,65.7,400.0,2022-11-25,32,simule_distributions_ademe_2023
60162,F,C,appartement,1966,76.1,582.0,2022-11-25,32,simule_distributions_ademe_2023
59376,D,C,maison,1967,57.0,213.0,2022-11-26,32,simule_distributions_ademe_2023
02069,E,D,maison,1968,58.3,536.0,2022-11-26,32,simule_distributions_ademe_2023
02295,F,D,appartement,1956,20.8,445.0,2022-11-26,32,simule_distributions_ademe_2023
02171,D,E,immeuble,1979,95.3,272.0,2022-11-27,32,simule_distributions_ademe_2023
80341,C,D,maison,2006,80.4,328.0,2022-11-27,32,simule_distributions_ademe_2023
80182,D,A,maison,1986,67.9,299.0,2022-11-27,32,simule_distributions_ademe_2023
60184,D,C,maison,1980,54.3,185.0,2022-11-27,32,simule_distributions_ademe_2023
60294,F,D,appartement,1946,78.9,396.0,2022-11-28,32,simule_distributions_ademe_2023
02020,D,E,maison,1976,47.3,299.0,2022-11-28,32,simule_distributions_ademe_2023
60119,D,B,maison,1975,88.3,209.0,2022-11-28,32,simule_distributions_ademe_2023
02353,E,G,maison,1965,40.9,584.0,2022-11-28,32,simule_distributions_ademe_2023
62374,F,G,maison,1953,84.1,479.0,2022-11-29,32,simule_distributions_ademe_2023
59076,D,E,appartement,1987,27.9,327.0,2022-11-29,32,simule_distributions_ademe_2023
02376,D,F,maison,1991,44.6,158.0,2022-11-29,32,simule_distributions_ademe_2023
80052,D,F,appartement,1968,67.8,170.0,2022-11-29,32,simule_distributions_ademe_2023
80188,C,D,appartement,2008,36.0,250.0,2022-11-30,32,simule_distributions_ademe_2023
60253,G,D,appartement,1927,119.1,418.0,2022-11-30,32,simule_distributions_ademe_2023
02111,C,E,maison,2010,100.5,205.0,2022-11-30,32,simule_distributions_ademe_2023
59308,G,G,maison,1952,152.9,339.0,2022-11-30,32,simule_distributions_ademe_2023
60326,C,D,appartement,1990,164.0,204.0,2022-12-01,32,simule_distributions_ademe_2023
62319,F,D,maison,1969,144.8,369.0,2022-12-01,32,simule_distributions_ademe_2023
02087,D,C,maison,1986,45.7,282.0,2022-12-01,32,simule_distributions_ademe_2023
60362,F,B,maison,1927,69.8,486.0,2022-12-01,32,simule_distributions_ademe_2023
80341,B,E,appartement,2005,38.5,62.0,2022-12-02,32,simule_distributions_ademe_2023
02298,F,F,maison,1948,259.9,543.0,2022-12-02,32,simule_distributions_ademe_2023
80258,G,E,maison,1942,62.1,480.0,2022-12-02,32,simule_distributions_ademe_2023
60250,D,E,appartement,1972,110.4,194.0,2022-12-02,32,simule_distributions_ademe_2023
02017,E,G,appartement,1969,70.4,670.0,2022-12-03,32,simule_distributions_ademe_2023
02154,E,C,maison,1991,44.0,650.0,2022-12-03,32,simule_distributions_ademe_2023
02041,F,E,maison,1962,91.4,518.0,2022-12-03,32,simule_distributions_ademe_2023
80176,F,C,appartement,1958,52.6,669.0,2022-12-03,32,simule_distributions_ademe_2023
02311,E,D,immeuble,1981,76.6,599.0,2022-12-04,32,simule_distributions_ademe_2023
02375,A,F,maison,1995,49.1,69.0,2022-12-04,32,simule_distributions_ademe_2023
62102,F,G,appartement,1946,31.9,691.0,2022-12-04,32,simule_distributions_ademe_2023
80020,E,B,appartement,1988,93.7,376.0,2022-12-04,32,simule_distributions_ademe_2023
02305,F,D,appartement,1951,103.4,581.0,2022-12-05,32,simule_distributions_ademe_2023
62253,D,B,maison,1967,93.0,167.0,2022-12-05,32,simule_distributions_ademe_2023
02228,C,D,appartement,2012,63.3,314.0,2022-12-05,32,simule_distributions_ademe_2023
62142,F,F,maison,1958,79.1,582.0,2022-12-05,32,simule_distributions_ademe_2023
80254,F,D,appartement,1928,74.2,591.0,2022-12-06,32,simule_distributions_ademe_2023
60061,G,D,maison,1949,46.2,574.0,2022-12-06,32,simule_distributions_ademe_2023
80396,D,F,maison,1987,120.1,180.0,2022-12-06,32,simule_distributions_ademe_2023
80285,C,C,maison,1990,96.0,168.0,2022-12-06,32,simule_distributions_ademe_2023
62072,F,A,maison,1955,72.8,410.0,2022-12-07,32,simule_distributions_ademe_2023
60050,E,E,appartement,1982,55.1,415.0,2022-12-07,32,simule_distributions_ademe_2023
02152,E,A,immeuble,1987,113.2,483.0,2022-12-07,32,simule_distributions_ademe_2023
60014,E,E,appartement,1986,59.0,353.0,2022-12-08,32,simule_distributions_ademe_2023
02031,F,E,maison,1969,86.9,629.0,2022-12-08,32,simule_distributions_ademe_2023
59187,E,F,maison,1986,54.8,484.0,2022-12-08,32,simule_distributions_ademe_2023
62362,G,E,maison,1924,66.2,526.0,2022-12-08,32,simule_distributions_ademe_2023
02315,F,E,maison,1947,40.6,523.0,2022-12-09,32,simule_distributions_ademe_2023
60368,G,C,maison,1922,69.7,346.0,2022-12-09,32,simule_distributions_ademe_2023
80136,F,E,appartement,1931,75.5,453.0,2022-12-09,32,simule_distributions_ademe_2023
02015,D,C,maison,1974,98.6,267.0,2022-12-09,32,simule_distributions_ademe_2023
59314,D,C,maison,1992,52.4,305.0,2022-12-10,32,simule_distributions_ademe_2023
59146,E,D,appartement,1991,80.5,467.0,2022-12-10,32,simule_distributions_ademe_2023
80231,B,E,maison,1998,64.6,94.0,2022-12-10,32,simule_distributions_ademe_2023
80235,E,E,immeuble,1993,134.0,671.0,2022-12-10,32,simule_distributions_ademe_2023
62303,E,F,maison,1976,103.0,559.0,2022-12-11,32,simule_distributions_ademe_2023
80328,E,G,maison,1974,81.1,602.0,2022-12-11,32,simule_distributions_ademe_2023
80130,G,C,appartement,1922,109.6,361.0,2022-12-11,32,simule_distributions_ademe_2023
02174,D,E,maison,1981,41.9,161.0,2022-12-11,32,simule_distributions_ademe_2023
60324,G,G,appartement,1921,68.3,567.0,2022-12-12,32,simule_distributions_ademe_2023
02116,F,G,appartement,1971,54.1,560.0,2022-12-12,32,simule_distributions_ademe_2023
02276,D,E,maison,1985,106.7,275.0,2022-12-12,32,simule_distributions_ademe_2023
62130,F,F,immeuble,1968,90.6,418.0,2022-12-12,32,simule_distributions_ademe_2023
80095,F,F,appartement,1921,83.5,488.0,2022-12-13,32,simule_distributions_ademe_2023
60090,D,F,maison,1990,52.1,250.0,2022-12-13,32,simule_distributions_ademe_2023
80102,F,E,maison,1967,57.7,341.0,2022-12-13,32,simule_distributions_ademe_2023
62139,E,F,appartement,1985,47.6,693.0,2022-12-13,32,simule_distributions_ademe_2023
59032,D,D,appartement,1985,37.1,249.0,2022-12-14,32,simule_distributions_ademe_2023
02387,E,E,appartement,1987,56.2,515.0,2022-12-14,32,simule_distributions_ademe_2023
62245,E,D,appartement,1974,70.8,386.0,2022-12-14,32,simule_distributions_ademe_2023
62164,E,E,maison,1979,27.8,661.0,2022-12-14,32,simule_distributions_ademe_2023
80078,D,E,appartement,1966,68.1,159.0,2022-12-15,32,simule_distributions_ademe_2023
80369,G,E,appartement,1936,91.7,524.0,2022-12-15,32,simule_distributions_ademe_2023
60358,D,E,maison,1988,54.6,303.0,2022-12-15,32,simule_distributions_ademe_2023
62288,F,E,appartement,1927,104.5,583.0,2022-12-15,32,simule_distributions_ademe_2023
59352,E,E,appartement,1976,52.7,567.0,2022-12-16,32,simule_distributions_ademe_2023
02029,E,E,maison,1993,59.3,694.0,2022-12-16,32,simule_distributions_ademe_2023
62080,E,G,appartement,1991,44.2,651.0,2022-12-16,32,simule_distributions_ademe_2023
59290,B,C,maison,2010,72.2,85.0,2022-12-16,32,simule_distributions_ademe_2023
02092,D,B,appartement,1973,146.6,183.0,2022-12-17,32,simule_distributions_ademe_2023
62323,F,C,appartement,1928,175.5,453.0,2022-12-17,32,simule_distributions_ademe_2023
60132,E,G,maison,1992,98.8,368.0,2022-12-17,32,simule_distributions_ademe_2023
02012,G,D,maison,1955,83.5,559.0,2022-12-17,32,simule_distributions_ademe_2023
02277,G,G,appartement,1961,39.4,435.0,2022-12-18,32,simule_distributions_ademe_2023
59356,F,F,maison,1974,94.3,516.0,2022-12-18,32,simule_distributions_ademe_2023
62169,D,E,appartement,1982,41.3,273.0,2022-12-18,32,simule_distributions_ademe_2023
02182,G,D,maison,1930,52.6,452.0,2022-12-19,32,simule_distributions_ademe_2023
80145,C,C,maison,2018,56.9,249.0,2022-12-19,32,simule_distributions_ademe_2023
59322,B,E,appartement,2011,32.4,115.0,2022-12-19,32,simule_distributions_ademe_2023
02033,B,B,maison,1985,69.4,66.0,2022-12-19,32,simule_distributions_ademe_2023
60204,D,E,immeuble,1979,114.3,166.0,2022-12-20,32,simule_distributions_ademe_2023
60146,E,F,maison,1993,92.0,594.0,2022-12-20,32,simule_distributions_ademe_2023
80336,D,G,maison,1979,68.3,312.0,2022-12-20,32,simule_distributions_ademe_2023
02152,F,D,maison,1929,106.0,522.0,2022-12-20,32,simule_distributions_ademe_2023
62381,F,E,maison,1923,24.9,378.0,2022-12-21,32,simule_distributions_ademe_2023
60118,E,E,appartement,1989,103.2,578.0,2022-12-21,32,simule_distributions_ademe_2023
60319,E,D,maison,1965,136.4,634.0,2022-12-21,32,simule_distributions_ademe_2023
02391,B,C,maison,2012,68.6,126.0,2022-12-21,32,simule_distributions_ademe_2023
60039,E,D,maison,1990,50.6,523.0,2022-12-22,32,simule_distributions_ademe_2023
80015,G,C,appartement,1946,28.3,583.0,2022-12-22,32,simule_distributions_ademe_2023
02144,F,D,maison,1951,74.1,348.0,2022-12-22,32,simule_distributions_ademe_2023
80194,E,D,maison,1991,35.0,359.0,2022-12-22,32,simule_distributions_ademe_2023
60006,D,D,maison,1971,134.1,217.0,2022-12-23,32,simule_distributions_ademe_2023
60128,F,G,appartement,1961,53.9,545.0,2022-12-23,32,simule_distributions_ademe_2023
62019,F,E,appartement,1943,27.7,371.0,2022-12-23,32,simule_distributions_ademe_2023
80336,D,C,immeuble,1988,36.2,284.0,2022-12-23,32,simule_distributions_ademe_2023
59366,F,D,maison,1943,53.4,654.0,2022-12-24,32,simule_distributions_ademe_2023
60156,D,F,appartement,1975,44.5,242.0,2022-12-24,32,simule_distributions_ademe_2023
62135,B,D,appartement,2011,71.9,145.0,2022-12-24,32,simule_distributions_ademe_2023
80273,E,E,maison,1979,51.2,419.0,2022-12-24,32,simule_distributions_ademe_2023
02089,G,A,appartement,1955,193.5,346.0,2022-12-25,32,simule_distributions_ademe_2023
80267,D,D,maison,1991,22.7,177.0,2022-12-25,32,simule_distributions_ademe_2023
59315,D,C,appartement,1990,105.3,161.0,2022-12-25,32,simule_distributions_ademe_2023
80055,D,F,appartement,1993,64.6,174.0,2022-12-25,32,simule_distributions_ademe_2023
80106,E,D,maison,1972,95.2,358.0,2022-12-26,32,simule_distributions_ademe_2023
02356,E,D,appartement,1990,46.7,581.0,2022-12-26,32,simule_distributions_ademe_2023
62252,F,F,appartement,1932,41.3,634.0,2022-12-26,32,simule_distributions_ademe_2023
80307,G,G,maison,1960,106.1,502.0,2022-12-26,32,simule_distributions_ademe_2023
60146,G,D,maison,1957,63.9,602.0,2022-12-27,32,simule_distributions_ademe_2023
59177,F,F,appartement,1920,172.2,665.0,2022-12-27,32,simule_distributions_ademe_2023
80192,E,A,maison,1971,50.7,666.0,2022-12-27,32,simule_distributions_ademe_2023
59125,D,C,appartement,1994,28.1,180.0,2022-12-27,32,simule_distributions_ademe_2023
62236,D,D,maison,1976,67.7,243.0,2022-12-28,32,simule_distributions_ademe_2023
59202,F,E,appartement,1956,74.0,664.0,2022-12-28,32,simule_distributions_ademe_2023
62053,G,D,maison,1940,51.1,392.0,2022-12-28,32,simule_distributions_ademe_2023
80143,E,F,maison,1991,113.9,698.0,2022-12-28,32,simule_distributions_ademe_2023
02173,A,E,maison,2011,35.1,89.0,2022-12-29,32,simule_distributions_ademe_2023
60009,B,F,maison,2018,43.4,148.0,2022-12-29,32,simule_distributions_ademe_2023
80113,F,F,maison,1974,32.4,672.0,2022-12-29,32,simule_distributions_ademe_2023
62291,F,B,maison,1920,62.9,546.0,2022-12-30,32,simule_distributions_ademe_2023
02069,D,D,maison,1970,89.3,244.0,2022-12-30,32,simule_distributions_ademe_2023
60080,E,B,maison,1988,43.2,542.0,2022-12-30,32,simule_distributions_ademe_2023
60110,E,C,appartement,1974,66.8,357.0,2022-12-30,32,simule_distributions_ademe_2023
62332,D,G,appartement,1965,107.7,181.0,2022-12-31,32,simule_distributions_ademe_2023
02387,G,D,appartement,1931,47.1,461.0,2022-12-31,32,simule_distributions_ademe_2023
62122,C,C,appartement,2011,66.2,280.0,2022-12-31,32,simule_distributions_ademe_2023
59079,C,G,appartement,2006,39.5,317.0,2022-12-31,32,simule_distributions_ademe_2023
62016,D,F,appartement,1970,76.3,300.0,2023-01-01,32,simule_distributions_ademe_2023
60045,D,D,maison,1969,99.9,186.0,2023-01-01,32,simule_distributions_ademe_2023
02321,F,C,maison,1920,50.9,663.0,2023-01-01,32,simule_distributions_ademe_2023
60338,D,G,maison,1980,83.5,197.0,2023-01-01,32,simule_distributions_ademe_2023
02050,C,E,maison,1994,39.7,234.0,2023-01-02,32,simule_distributions_ademe_2023
59005,F,F,appartement,1949,47.1,689.0,2023-01-02,32,simule_distributions_ademe_2023
62340,E,E,maison,1991,56.8,424.0,2023-01-02,32,simule_distributions_ademe_2023
02195,F,F,maison,1944,80.0,560.0,2023-01-02,32,simule_distributions_ademe_2023
62341,D,A,maison,1972,82.5,237.0,2023-01-03,32,simule_distributions_ademe_2023
80006,E,F,appartement,1990,39.3,372.0,2023-01-03,32,simule_distributions_ademe_2023
62004,D,F,immeuble,1968,170.1,183.0,2023-01-03,32,simule_distributions_ademe_2023
59147,F,F,appartement,1974,28.7,411.0,2023-01-03,32,simule_distributions_ademe_2023
62229,E,D,maison,1970,79.7,631.0,2023-01-04,32,simule_distributions_ademe_2023
59383,F,F,maison,1932,105.4,396.0,2023-01-04,32,simule_distributions_ademe_2023
02118,G,F,appartement,1968,102.3,489.0,2023-01-04,32,simule_distributions_ademe_2023
02004,F,F,maison,1968,64.6,589.0,2023-01-04,32,simule_distributions_ademe_2023
60093,C,E,maison,1986,76.8,213.0,2023-01-05,32,simule_distributions_ademe_2023
60352,E,C,appartement,1989,49.2,666.0,2023-01-05,32,simule_distributions_ademe_2023
62259,A,E,appartement,1996,95.0,96.0,2023-01-05,32,simule_distributions_ademe_2023
60303,D,G,appartement,1979,49.0,298.0,2023-01-05,32,simule_distributions_ademe_2023
60288,D,D,maison,1968,55.4,229.0,2023-01-06,32,simule_distributions_ademe_2023
80263,B,D,maison,2015,64.8,126.0,2023-01-06,32,simule_distributions_ademe_2023
80290,G,D,appartement,1964,180.9,346.0,2023-01-06,32,simule_distributions_ademe_2023
02087,D,E,appartement,1994,68.3,292.0,2023-01-06,32,simule_distributions_ademe_2023
59029,D,E,maison,1973,50.4,329.0,2023-01-07,32,simule_distributions_ademe_2023
80382,D,E,appartement,1988,28.1,207.0,2023-01-07,32,simule_distributions_ademe_2023
62250,E,G,maison,1988,54.1,430.0,2023-01-07,32,simule_distributions_ademe_2023
62022,E,E,appartement,1989,49.4,351.0,2023-01-07,32,simule_distributions_ademe_2023
60056,F,F,appartement,1961,23.5,460.0,2023-01-08,32,simule_distributions_ademe_2023
62116,G,E,maison,1926,72.4,602.0,2023-01-08,32,simule_distributions_ademe_2023
02233,E,D,maison,1993,37.2,436.0,2023-01-08,32,simule_distributions_ademe_2023
02263,C,E,maison,1993,71.0,228.0,2023-01-08,32,simule_distributions_ademe_2023
62271,E,A,appartement,1987,34.4,626.0,2023-01-09,32,simule_distributions_ademe_2023
60386,F,F,maison,1951,48.9,371.0,2023-01-09,32,simule_distributions_ademe_2023
80336,D,E,immeuble,1974,77.1,302.0,2023-01-09,32,simule_distributions_ademe_2023
02140,E,E,appartement,1991,45.6,553.0,2023-01-10,32,simule_distributions_ademe_2023
59151,E,F,maison,1993,51.6,466.0,2023-01-10,32,simule_distributions_ademe_2023
80327,G,G,appartement,1926,67.1,402.0,2023-01-10,32,simule_distributions_ademe_2023
59355,D,G,appartement,1969,155.3,246.0,2023-01-10,32,simule_distributions_ademe_2023
80302,D,C,maison,1968,88.1,158.0,2023-01-11,32,simule_distributions_ademe_2023
59141,D,E,maison,1970,51.9,207.0,2023-01-11,32,simule_distributions_ademe_2023
59384,D,D,maison,1988,43.9,189.0,2023-01-11,32,simule_distributions_ademe_2023
62290,D,F,maison,1975,77.9,231.0,2023-01-11,32,simule_distributions_ademe_2023
02282,E,F,maison,1966,60.7,582.0,2023-01-12,32,simule_distributions_ademe_2023
60159,B,E,maison,2014,80.9,94.0,2023-01-12,32,simule_distributions_ademe_2023
60051,E,D,maison,1978,86.9,533.0,2023-01-12,32,simule_distributions_ademe_2023
59195,D,F,appartement,1974,50.1,197.0,2023-01-12,32,simule_distributions_ademe_2023
80001,E,F,maison,1967,117.6,405.0,2023-01-13,32,simule_distributions_ademe_2023
59363,D,G,maison,1988,65.1,191.0,2023-01-13,32,simule_distributions_ademe_2023
80395,F,E,maison,1943,49.7,338.0,2023-01-13,32,simule_distributions_ademe_2023
80217,C,F,maison,1988,48.8,328.0,2023-01-13,32,simule_distributions_ademe_2023
80174,F,C,appartement,1966,54.1,404.0,2023-01-14,32,simule_distributions_ademe_2023
62241,E,D,maison,1973,69.6,684.0,2023-01-14,32,simule_distributions_ademe_2023
02260,E,G,appartement,1969,23.1,589.0,2023-01-14,32,simule_distributions_ademe_2023
60185,B,F,maison,1988,112.2,54.0,2023-01-14,32,simule_distributions_ademe_2023
02291,E,D,maison,1983,115.1,396.0,2023-01-15,32,simule_distributions_ademe_2023
02261,E,F,maison,1991,72.3,619.0,2023-01-15,32,simule_distributions_ademe_2023
62077,E,G,maison,1986,84.2,516.0,2023-01-15,32,simule_distributions_ademe_2023
80245,G,D,appartement,1957,42.1,691.0,2023-01-15,32,simule_distributions_ademe_2023
60184,C,C,appartement,1985,59.2,259.0,2023-01-16,32,simule_distributions_ademe_2023
80367,E,C,maison,1966,47.2,498.0,2023-01-16,32,simule_distributions_ademe_2023
02290,E,B,maison,1971,57.1,648.0,2023-01-16,32,simule_distributions_ademe_2023
02092,D,E,maison,1982,154.7,178.0,2023-01-16,32,simule_distributions_ademe_2023
60104,E,C,maison,1987,70.0,538.0,2023-01-17,32,simule_distributions_ademe_2023
62091,D,G,maison,1971,53.4,286.0,2023-01-17,32,simule_distributions_ademe_2023
59151,C,B,appartement,2003,50.2,221.0,2023-01-17,32,simule_distributions_ademe_2023
62360,G,F,appartement,1931,35.9,420.0,2023-01-17,32,simule_distributions_ademe_2023
59105,A,B,maison,2018,30.3,72.0,2023-01-18,32,simule_distributions_ademe_2023
02080,C,E,maison,1997,76.6,267.0,2023-01-18,32,simule_distributions_ademe_2023
80270,G,C,appartement,1920,40.0,681.0,2023-01-18,32,simule_distributions_ademe_2023
59352,D,G,maison,1983,108.0,164.0,2023-01-18,32,simule_distributions_ademe_2023
59032,E,B,appartement,1966,90.6,349.0,2023-01-19,32,simule_distributions_ademe_2023
80075,B,C,maison,1999,88.4,120.0,2023-01-19,32,simule_distributions_ademe_2023
80384,E,E,appartement,1986,57.7,468.0,2023-01-19,32,simule_distributions_ademe_2023
62082,G,D,appartement,1930,48.4,595.0,2023-01-19,32,simule_distributions_ademe_2023
80059,E,C,appartement,1989,53.2,514.0,2023-01-20,32,simule_distributions_ademe_2023
80312,E,G,appartement,1979,81.8,388.0,2023-01-20,32,simule_distributions_ademe_2023
59395,F,F,appartement,1969,50.8,656.0,2023-01-20,32,simule_distributions_ademe_2023
59374,C,B,appartement,1991,47.2,294.0,2023-01-21,32,simule_distributions_ademe_2023
60109,F,D,appartement,1954,114.6,602.0,2023-01-21,32,simule_distributions_ademe_2023
59245,E,B,maison,1970,74.2,401.0,2023-01-21,32,simule_distributions_ademe_2023
60141,D,E,appartement,1991,28.2,248.0,2023-01-21,32,simule_distributions_ademe_2023
60074,F,E,appartement,1973,145.1,684.0,2023-01-22,32,simule_distributions_ademe_2023
80203,G,F,maison,1960,78.1,625.0,2023-01-22,32,simule_distributions_ademe_2023
62052,F,B,appartement,1952,50.1,677.0,2023-01-22,32,simule_distributions_ademe_2023
62144,F,E,maison,1933,61.7,631.0,2023-01-22,32,simule_distributions_ademe_2023
60010,E,E,maison,1965,55.8,477.0,2023-01-23,32,simule_distributions_ademe_2023
80351,G,D,maison,1945,67.5,441.0,2023-01-23,32,simule_distributions_ademe_2023
60050,G,D,maison,1963,95.9,694.0,2023-01-23,32,simule_distributions_ademe_2023
59166,C,F,maison,1988,114.8,212.0,2023-01-23,32,simule_distributions_ademe_2023
62103,B,A,appartement,2018,24.3,108.0,2023-01-24,32,simule_distributions_ademe_2023
60116,D,F,appartement,1994,91.4,310.0,2023-01-24,32,simule_distributions_ademe_2023
59095,E,E,appartement,1994,47.2,368.0,2023-01-24,32,simule_distributions_ademe_2023
02221,D,D,maison,1987,37.6,323.0,2023-01-24,32,simule_distributions_ademe_2023
80302,B,G,maison,1994,60.4,97.0,2023-01-25,32,simule_distributions_ademe_2023
60328,G,D,appartement,1931,41.4,343.0,2023-01-25,32,simule_distributions_ademe_2023
62206,F,F,maison,1948,66.9,475.0,2023-01-25,32,simule_distributions_ademe_2023
60373,D,D,maison,1994,60.9,159.0,2023-01-25,32,simule_distributions_ademe_2023
59090,F,E,maison,1954,90.9,473.0,2023-01-26,32,simule_distributions_ademe_2023
02164,F,F,maison,1946,89.7,663.0,2023-01-26,32,simule_distributions_ademe_2023
62323,E,G,maison,1976,68.7,478.0,2023-01-26,32,simule_distributions_ademe_2023
59377,D,F,appartement,1988,70.0,319.0,2023-01-26,32,simule_distributions_ademe_2023
02022,G,G,maison,1951,80.7,402.0,2023-01-27,32,simule_distributions_ademe_2023
62129,C,E,maison,2015,55.3,238.0,2023-01-27,32,simule_distributions_ademe_2023
80101,D,C,appartement,1972,36.2,223.0,2023-01-27,32,simule_distributions_ademe_2023
62331,F,E,appartement,1972,151.0,626.0,2023-01-27,32,simule_distributions_ademe_2023
60242,G,B,appartement,1937,18.0,407.0,2023-01-28,32,simule_distributions_ademe_2023
60006,E,D,maison,1971,44.0,514.0,2023-01-28,32,simule_distributions_ademe_2023
59184,F,E,immeuble,1927,53.8,358.0,2023-01-28,32,simule_distributions_ademe_2023
62211,E,E,maison,1988,47.3,581.0,2023-01-28,32,simule_distributions_ademe_2023
62111,C,D,appartement,2003,77.6,194.0,2023-01-29,32,simule_distributions_ademe_2023
60228,D,E,appartement,1978,78.2,238.0,2023-01-29,32,simule_distributions_ademe_2023
60031,E,B,maison,1973,83.8,389.0,2023-01-29,32,simule_distributions_ademe_2023
59359,E,F,maison,1988,67.8,668.0,2023-01-29,32,simule_distributions_ademe_2023
62112,D,E,maison,1986,58.9,253.0,2023-01-30,32,simule_distributions_ademe_2023
80003,F,D,appartement,1945,38.0,592.0,2023-01-30,32,simule_distributions_ademe_2023
80191,G,E,maison,1931,130.7,579.0,2023-01-30,32,simule_distributions_ademe_2023
02046,E,E,maison,1988,104.5,444.0,2023-01-30,32,simule_distributions_ademe_2023
59199,E,E,maison,1975,105.2,495.0,2023-01-31,32,simule_distributions_ademe_2023
80178,B,B,appartement,1994,146.2,86.0,2023-01-31,32,simule_distributions_ademe_2023
60316,D,F,appartement,1970,56.4,255.0,2023-01-31,32,simule_distributions_ademe_2023
62135,C,D,appartement,2007,67.7,322.0,2023-02-01,32,simule_distributions_ademe_2023
02224,G,D,maison,1920,60.8,622.0,2023-02-01,32,simule_distributions_ademe_2023
60279,F,E,maison,1969,46.0,477.0,2023-02-01,32,simule_distributions_ademe_2023
59287,E,F,appartement,1990,132.4,517.0,2023-02-01,32,simule_distributions_ademe_2023
62279,C,D,appartement,1998,119.8,243.0,2023-02-02,32,simule_distributions_ademe_2023
62305,E,D,maison,1967,64.3,470.0,2023-02-02,32,simule_distributions_ademe_2023
80212,D,C,appartement,1967,120.3,312.0,2023-02-02,32,simule_distributions_ademe_2023
02019,G,D,maison,1951,55.8,424.0,2023-02-02,32,simule_distributions_ademe_2023
62336,F,D,maison,1958,18.0,359.0,2023-02-03,32,simule_distributions_ademe_2023
62289,D,D,maison,1979,63.8,278.0,2023-02-03,32,simule_distributions_ademe_2023
59077,D,G,maison,1966,23.9,246.0,2023-02-03,32,simule_distributions_ademe_2023
59224,G,F,maison,1965,88.2,382.0,2023-02-03,32,simule_distributions_ademe_2023
80195,E,A,maison,1976,64.2,400.0,2023-02-04,32,simule_distributions_ademe_2023
60077,G,E,appartement,1959,37.7,380.0,2023-02-04,32,simule_distributions_ademe_2023
62005,D,G,appartement,1986,55.6,195.0,2023-02-04,32,simule_distributions_ademe_2023
59167,D,C,appartement,1983,28.4,187.0,2023-02-04,32,simule_distributions_ademe_2023
62108,A,E,appartement,2014,71.2,136.0,2023-02-05,32,simule_distributions_ademe_2023
02072,G,E,appartement,1921,30.6,562.0,2023-02-05,32,simule_distributions_ademe_2023
60239,B,F,appartement,2015,70.2,134.0,2023-02-05,32,simule_distributions_ademe_2023
60243,D,C,immeuble,1968,62.6,192.0,2023-02-05,32,simule_distributions_ademe_2023
62388,E,C,appartement,1970,41.5,465.0,2023-02-06,32,simule_distributions_ademe_2023
59250,A,F,maison,2019,37.3,70.0,2023-02-06,32,simule_distributions_ademe_2023
59072,F,D,appartement,1922,103.7,574.0,2023-02-06,32,simule_distributions_ademe_2023
60310,D,F,maison,1981,150.2,171.0,2023-02-06,32,simule_distributions_ademe_2023
02186,F,B,immeuble,1936,75.5,332.0,2023-02-07,32,simule_distributions_ademe_2023
62004,F,B,appartement,1943,146.1,385.0,2023-02-07,32,simule_distributions_ademe_2023
59239,F,E,maison,1932,91.5,635.0,2023-02-07,32,simule_distributions_ademe_2023
80005,D,D,maison,1978,49.7,165.0,2023-02-07,32,simule_distributions_ademe_2023
60091,E,D,appartement,1977,66.9,361.0,2023-02-08,32,simule_distributions_ademe_2023
60295,D,F,maison,1977,71.3,197.0,2023-02-08,32,simule_distributions_ademe_2023
59174,C,E,maison,2002,70.1,258.0,2023-02-08,32,simule_distributions_ademe_2023
80358,F,E,maison,1937,18.0,610.0,2023-02-08,32,simule_distributions_ademe_2023
59031,D,D,maison,1979,44.1,312.0,2023-02-09,32,simule_distributions_ademe_2023
62332,F,F,maison,1973,83.7,453.0,2023-02-09,32,simule_distributions_ademe_2023
02116,C,E,appartement,2009,116.7,166.0,2023-02-09,32,simule_distributions_ademe_2023
62355,D,C,appartement,1983,40.5,159.0,2023-02-09,32,simule_distributions_ademe_2023
59118,D,D,maison,1990,69.3,285.0,2023-02-10,32,simule_distributions_ademe_2023
60334,F,E,appartement,1944,87.0,645.0,2023-02-10,32,simule_distributions_ademe_2023
80056,E,F,appartement,1971,37.6,677.0,2023-02-10,32,simule_distributions_ademe_2023
59026,C,E,appartement,1998,87.9,233.0,2023-02-10,32,simule_distributions_ademe_2023
62372,E,F,maison,1990,54.4,478.0,2023-02-11,32,simule_distributions_ademe_2023
59232,D,E,appartement,1978,138.3,324.0,2023-02-11,32,simule_distributions_ademe_2023
80132,F,E,immeuble,1931,60.4,490.0,2023-02-11,32,simule_distributions_ademe_2023
62247,F,E,maison,1936,53.7,549.0,2023-02-12,32,simule_distributions_ademe_2023
02273,D,C,appartement,1982,75.4,300.0,2023-02-12,32,simule_distributions_ademe_2023
59009,D,D,appartement,1983,44.6,273.0,2023-02-12,32,simule_distributions_ademe_2023
59127,E,G,appartement,1981,46.6,430.0,2023-02-12,32,simule_distributions_ademe_2023
62363,E,F,maison,1974,49.0,634.0,2023-02-13,32,simule_distributions_ademe_2023
62154,A,F,appartement,2001,70.3,138.0,2023-02-13,32,simule_distributions_ademe_2023
80201,F,G,appartement,1943,90.4,462.0,2023-02-13,32,simule_distributions_ademe_2023
60289,G,C,maison,1932,36.4,607.0,2023-02-13,32,simule_distributions_ademe_2023
80157,C,B,maison,2001,86.7,237.0,2023-02-14,32,simule_distributions_ademe_2023
80144,B,E,maison,2000,19.7,76.0,2023-02-14,32,simule_distributions_ademe_2023
60217,E,B,appartement,1971,75.3,390.0,2023-02-14,32,simule_distributions_ademe_2023
60079,E,D,immeuble,1970,44.0,650.0,2023-02-14,32,simule_distributions_ademe_2023
02226,F,E,maison,1961,54.4,589.0,2023-02-15,32,simule_distributions_ademe_2023
80240,E,E,maison,1969,45.8,425.0,2023-02-15,32,simule_distributions_ademe_2023
60312,D,A,maison,1968,34.0,157.0,2023-02-15,32,simule_distributions_ademe_2023
02227,D,E,maison,1972,33.2,223.0,2023-02-15,32,simule_distributions_ademe_2023
59141,E,G,maison,1982,70.4,538.0,2023-02-16,32,simule_distributions_ademe_2023
59325,G,C,maison,1963,38.1,513.0,2023-02-16,32,simule_distributions_ademe_2023
60011,F,F,maison,1963,109.8,342.0,2023-02-16,32,simule_distributions_ademe_2023
02115,D,F,appartement,1982,52.3,201.0,2023-02-16,32,simule_distributions_ademe_2023
62375,E,A,appartement,1968,71.3,656.0,2023-02-17,32,simule_distributions_ademe_2023
80260,F,C,maison,1960,25.9,508.0,2023-02-17,32,simule_distributions_ademe_2023
60061,D,E,maison,1983,83.6,223.0,2023-02-17,32,simule_distributions_ademe_2023
02226,C,E,maison,1997,52.0,247.0,2023-02-17,32,simule_distributions_ademe_2023
60221,D,D,maison,1981,84.1,221.0,2023-02-18,32,simule_distributions_ademe_2023
02002,E,E,appartement,1968,64.7,465.0,2023-02-18,32,simule_distributions_ademe_2023
62354,D,C,maison,1989,48.6,247.0,2023-02-18,32,simule_distributions_ademe_2023
59168,G,D,maison,1941,66.0,562.0,2023-02-18,32,simule_distributions_ademe_2023
62359,E,E,maison,1980,96.8,542.0,2023-02-19,32,simule_distributions_ademe_2023
59115,F,B,maison,1932,208.2,680.0,2023-02-19,32,simule_distributions_ademe_2023
59024,D,D,maison,1979,88.4,303.0,2023-02-19,32,simule_distributions_ademe_2023
80202,G,A,maison,1942,97.8,503.0,2023-02-19,32,simule_distributions_ademe_2023
59332,G,D,maison,1956,37.2,601.0,2023-02-20,32,simule_distributions_ademe_2023
60106,D,D,appartement,1967,38.9,307.0,2023-02-20,32,simule_distributions_ademe_2023
62329,F,E,immeuble,1961,124.4,332.0,2023-02-20,32,simule_distributions_ademe_2023
02259,D,E,maison,1992,85.4,213.0,2023-02-20,32,simule_distributions_ademe_2023
02141,D,G,appartement,1986,50.6,298.0,2023-02-21,32,simule_distributions_ademe_2023
59091,E,E,appartement,1967,33.3,580.0,2023-02-21,32,simule_distributions_ademe_2023
02327,F,E,maison,1951,65.5,517.0,2023-02-21,32,simule_distributions_ademe_2023
80326,C,E,appartement,1985,18.0,301.0,2023-02-21,32,simule_distributions_ademe_2023
02177,E,G,immeuble,1985,42.0,525.0,2023-02-22,32,simule_distributions_ademe_2023
59297,C,C,appartement,1995,63.9,155.0,2023-02-22,32,simule_distributions_ademe_2023
59373,C,E,appartement,2016,96.4,161.0,2023-02-22,32,simule_distributions_ademe_2023
60231,E,C,maison,1979,82.3,602.0,2023-02-23,32,simule_distributions_ademe_2023
62365,F,C,appartement,1944,55.4,671.0,2023-02-23,32,simule_distributions_ademe_2023
62259,C,F,immeuble,2011,87.2,273.0,2023-02-23,32,simule_distributions_ademe_2023
60239,F,G,appartement,1936,58.4,530.0,2023-02-23,32,simule_distributions_ademe_2023
80215,E,E,maison,1981,44.5,541.0,2023-02-24,32,simule_distributions_ademe_2023
80286,A,E,appartement,1993,235.2,98.0,2023-02-24,32,simule_distributions_ademe_2023
62301,D,F,maison,1976,23.2,155.0,2023-02-24,32,simule_distributions_ademe_2023
02171,E,F,appartement,1988,65.8,369.0,2023-02-24,32,simule_distributions_ademe_2023
80270,G,F,appartement,1955,61.1,453.0,2023-02-25,32,simule_distributions_ademe_2023
59010,G,C,maison,1934,103.8,500.0,2023-02-25,32,simule_distributions_ademe_2023
02184,D,E,appartement,1973,52.2,225.0,2023-02-25,32,simule_distributions_ademe_2023
60340,D,E,maison,1989,85.8,164.0,2023-02-25,32,simule_distributions_ademe_2023
62310,F,C,maison,1944,120.1,453.0,2023-02-26,32,simule_distributions_ademe_2023
80221,E,F,maison,1993,53.3,500.0,2023-02-26,32,simule_distributions_ademe_2023
59008,F,F,maison,1946,42.5,592.0,2023-02-26,32,simule_distributions_ademe_2023
80015,F,G,maison,1945,49.1,530.0,2023-02-26,32,simule_distributions_ademe_2023
62285,F,D,immeuble,1928,155.4,668.0,2023-02-27,32,simule_distributions_ademe_2023
59215,C,B,immeuble,2006,47.0,276.0,2023-02-27,32,simule_distributions_ademe_2023
80175,G,D,maison,1922,21.2,662.0,2023-02-27,32,simule_distributions_ademe_2023
60373,F,C,maison,1949,39.7,608.0,2023-02-27,32,simule_distributions_ademe_2023
80020,G,F,maison,1939,98.5,352.0,2023-02-28,32,simule_distributions_ademe_2023
62362,E,E,appartement,1985,22.0,373.0,2023-02-28,32,simule_distributions_ademe_2023
02278,F,C,appartement,1964,50.8,625.0,2023-02-28,32,simule_distributions_ademe_2023
60028,G,G,maison,1921,44.9,435.0,2023-02-28,32,simule_distributions_ademe_2023
60347,E,G,appartement,1987,72.6,598.0,2023-03-01,32,simule_distributions_ademe_2023
59124,C,E,maison,1987,63.9,237.0,2023-03-01,32,simule_distributions_ademe_2023
62329,C,F,maison,2015,49.6,242.0,2023-03-01,32,simule_distributions_ademe_2023
02326,D,F,maison,1988,102.3,297.0,2023-03-01,32,simule_distributions_ademe_2023
62174,F,E,maison,1950,81.0,571.0,2023-03-02,32,simule_distributions_ademe_2023
60381,E,F,maison,1994,77.7,664.0,2023-03-02,32,simule_distributions_ademe_2023
80112,F,F,maison,1945,66.2,342.0,2023-03-02,32,simule_distributions_ademe_2023
62025,D,D,maison,1993,84.6,283.0,2023-03-02,32,simule_distributions_ademe_2023
02177,E,E,appartement,1981,131.8,354.0,2023-03-03,32,simule_distributions_ademe_2023
59294,E,E,appartement,1994,90.2,508.0,2023-03-03,32,simule_distributions_ademe_2023
62025,E,F,maison,1986,55.1,669.0,2023-03-03,32,simule_distributions_ademe_2023
59152,E,E,appartement,1979,58.1,682.0,2023-03-03,32,simule_distributions_ademe_2023
02366,D,G,appartement,1971,25.3,198.0,2023-03-04,32,simule_distributions_ademe_2023
02313,E,F,maison,1979,47.3,681.0,2023-03-04,32,simule_distributions_ademe_2023
62094,D,D,maison,1988,113.1,293.0,2023-03-04,32,simule_distributions_ademe_2023
62346,G,E,maison,1952,72.9,363.0,2023-03-04,32,simule_distributions_ademe_2023
80399,D,B,appartement,1965,97.8,321.0,2023-03-05,32,simule_distributions_ademe_2023
02030,F,F,maison,1962,69.5,444.0,2023-03-05,32,simule_distributions_ademe_2023
60085,F,F,appartement,1971,87.0,339.0,2023-03-05,32,simule_distributions_ademe_2023
60085,F,F,appartement,1966,68.2,491.0,2023-03-06,32,simule_distributions_ademe_2023
59043,D,F,maison,1975,37.8,326.0,2023-03-06,32,simule_distributions_ademe_2023
59068,E,E,maison,1966,96.5,471.0,2023-03-06,32,simule_distributions_ademe_2023
02216,D,F,maison,1989,94.9,232.0,2023-03-06,32,simule_distributions_ademe_2023
02326,F,F,appartement,1969,38.0,430.0,2023-03-07,32,simule_distributions_ademe_2023
60049,C,C,appartement,1991,64.6,279.0,2023-03-07,32,simule_distributions_ademe_2023
59124,F,C,appartement,1957,53.5,380.0,2023-03-07,32,simule_distributions_ademe_2023
02137,E,D,appartement,1975,49.1,558.0,2023-03-07,32,simule_distributions_ademe_2023
80398,D,F,appartement,1974,43.6,177.0,2023-03-08,32,simule_distributions_ademe_2023
80101,G,C,maison,1963,149.8,681.0,2023-03-08,32,simule_distributions_ademe_2023
80012,E,C,immeuble,1980,108.9,600.0,2023-03-08,32,simule_distributions_ademe_2023
60282,E,D,maison,1994,106.3,393.0,2023-03-08,32,simule_distributions_ademe_2023
62322,G,D,appartement,1944,78.8,344.0,2023-03-09,32,simule_distributions_ademe_2023
59359,F,F,appartement,1969,100.2,653.0,2023-03-09,32,simule_distributions_ademe_2023
60180,E,D,maison,1987,34.2,608.0,2023-03-09,32,simule_distributions_ademe_2023
80280,C,F,immeuble,1988,53.0,317.0,2023-03-09,32,simule_distributions_ademe_2023
60392,D,E,appartement,1978,45.6,326.0,2023-03-10,32,simule_distributions_ademe_2023
62340,E,A,immeuble,1975,72.4,587.0,2023-03-10,32,simule_distributions_ademe_2023
62373,E,F,maison,1965,107.4,374.0,2023-03-10,32,simule_distributions_ademe_2023
62096,E,F,appartement,1976,88.3,548.0,2023-03-10,32,simule_distributions_ademe_2023
02122,E,F,appartement,1994,71.4,343.0,2023-03-11,32,simule_distributions_ademe_2023
59038,B,C,appartement,2002,82.0,79.0,2023-03-11,32,simule_distributions_ademe_2023
80163,G,D,maison,1951,57.7,665.0,2023-03-11,32,simule_distributions_ademe_2023
60390,G,F,appartement,1945,34.7,638.0,2023-03-11,32,simule_distributions_ademe_2023
60316,G,F,appartement,1923,83.8,520.0,2023-03-12,32,simule_distributions_ademe_2023
60118,F,C,appartement,1969,165.3,428.0,2023-03-12,32,simule_distributions_ademe_2023
02029,G,D,maison,1930,87.3,654.0,2023-03-12,32,simule_distributions_ademe_2023
02188,D,D,appartement,1965,125.8,284.0,2023-03-12,32,simule_distributions_ademe_2023
59099,C,D,maison,1987,35.0,154.0,2023-03-13,32,simule_distributions_ademe_2023
02145,E,A,maison,1990,47.9,468.0,2023-03-13,32,simule_distributions_ademe_2023
60108,G,G,immeuble,1941,29.3,530.0,2023-03-13,32,simule_distributions_ademe_2023
59143,B,E,appartement,2009,91.7,84.0,2023-03-13,32,simule_distributions_ademe_2023
02250,G,F,immeuble,1922,68.1,663.0,2023-03-14,32,simule_distributions_ademe_2023
62081,E,D,maison,1976,119.5,548.0,2023-03-14,32,simule_distributions_ademe_2023
59060,E,D,maison,1991,63.4,349.0,2023-03-14,32,simule_distributions_ademe_2023
59118,F,E,appartement,1973,32.9,364.0,2023-03-14,32,simule_distributions_ademe_2023
60024,C,C,maison,2000,57.0,323.0,2023-03-15,32,simule_distributions_ademe_2023
80044,D,E,maison,1974,96.0,283.0,2023-03-15,32,simule_distributions_ademe_2023
80134,C,D,appartement,1990,43.0,245.0,2023-03-15,32,simule_distributions_ademe_2023
02234,F,E,immeuble,1943,76.1,447.0,2023-03-15,32,simule_distributions_ademe_2023
60374,C,F,appartement,1985,74.4,261.0,2023-03-16,32,simule_distributions_ademe_2023
80163,A,F,appartement,2007,57.3,125.0,2023-03-16,32,simule_distributions_ademe_2023
59249,C,C,appartement,1999,95.2,197.0,2023-03-16,32,simule_distributions_ademe_2023
80160,D,E,appartement,1982,213.6,293.0,2023-03-17,32,simule_distributions_ademe_2023
59314,F,D,maison,1959,82.0,508.0,2023-03-17,32,simule_distributions_ademe_2023
59228,D,F,maison,1965,30.8,321.0,2023-03-17,32,simule_distributions_ademe_2023
62382,G,G,maison,1928,40.5,695.0,2023-03-17,32,simule_distributions_ademe_2023
59312,C,C,maison,2017,49.9,176.0,2023-03-18,32,simule_distributions_ademe_2023
62352,D,G,appartement,1969,29.6,289.0,2023-03-18,32,simule_distributions_ademe_2023
02034,C,F,maison,2014,40.6,271.0,2023-03-18,32,simule_distributions_ademe_2023
59039,D,E,appartement,1966,105.4,202.0,2023-03-18,32,simule_distributions_ademe_2023
60103,F,F,appartement,1955,80.8,401.0,2023-03-19,32,simule_distributions_ademe_2023
62144,G,C,appartement,1954,118.9,593.0,2023-03-19,32,simule_distributions_ademe_2023
59281,C,E,maison,1993,76.3,273.0,2023-03-19,32,simule_distributions_ademe_2023
80116,D,A,appartement,1976,185.2,205.0,2023-03-19,32,simule_distributions_ademe_2023
60053,B,G,maison,2013,66.5,124.0,2023-03-20,32,simule_distributions_ademe_2023
60264,G,G,appartement,1927,78.9,590.0,2023-03-20,32,simule_distributions_ademe_2023
62375,E,C,appartement,1976,32.7,495.0,2023-03-20,32,simule_distributions_ademe_2023
60185,G,G,appartement,1922,49.7,544.0,2023-03-20,32,simule_distributions_ademe_2023
62164,F,E,maison,1960,60.2,391.0,2023-03-21,32,simule_distributions_ademe_2023
02393,G,C,maison,1953,65.2,449.0,2023-03-21,32,simule_distributions_ademe_2023
60337,C,F,maison,2011,72.1,295.0,2023-03-21,32,simule_distributions_ademe_2023
59334,F,E,appartement,1953,128.3,560.0,2023-03-21,32,simule_distributions_ademe_2023
59110,F,D,maison,1931,35.2,516.0,2023-03-22,32,simule_distributions_ademe_2023
60273,C,E,maison,1986,222.5,272.0,2023-03-22,32,simule_distributions_ademe_2023
02096,E,D,maison,1987,49.3,358.0,2023-03-22,32,simule_distributions_ademe_2023
59222,E,A,appartement,1993,80.7,668.0,2023-03-22,32,simule_distributions_ademe_2023
60194,F,B,appartement,1956,64.8,594.0,2023-03-23,32,simule_distributions_ademe_2023
59002,D,D,maison,1992,70.6,249.0,2023-03-23,32,simule_distributions_ademe_2023
60380,D,E,appartement,1987,46.0,235.0,2023-03-23,32,simule_distributions_ademe_2023
59012,D,B,maison,1970,90.4,314.0,2023-03-23,32,simule_distributions_ademe_2023
02380,D,D,appartement,1983,126.5,202.0,2023-03-24,32,simule_distributions_ademe_2023
80086,E,E,maison,1969,62.8,580.0,2023-03-24,32,simule_distributions_ademe_2023
60194,G,E,maison,1925,47.3,370.0,2023-03-24,32,simule_distributions_ademe_2023
60390,E,B,appartement,1968,27.8,557.0,2023-03-24,32,simule_distributions_ademe_2023
80281,G,B,maison,1923,63.4,568.0,2023-03-25,32,simule_distributions_ademe_2023
80240,A,B,appartement,2015,128.7,136.0,2023-03-25,32,simule_distributions_ademe_2023
59354,G,A,appartement,1923,67.1,423.0,2023-03-25,32,simule_distributions_ademe_2023
59381,F,C,appartement,1923,172.0,613.0,2023-03-25,32,simule_distributions_ademe_2023
59397,F,E,appartement,1921,21.1,427.0,2023-03-26,32,simule_distributions_ademe_2023
60152,F,E,maison,1968,65.0,518.0,2023-03-26,32,simule_distributions_ademe_2023
59272,G,C,appartement,1965,76.9,563.0,2023-03-26,32,simule_distributions_ademe_2023
59198,E,E,appartement,1982,28.6,365.0,2023-03-26,32,simule_distributions_ademe_2023
59299,E,A,appartement,1968,90.5,424.0,2023-03-27,32,simule_distributions_ademe_2023
59300,F,G,maison,1956,51.9,457.0,2023-03-27,32,simule_distributions_ademe_2023
02173,D,D,maison,1970,62.4,305.0,2023-03-27,32,simule_distributions_ademe_2023
80242,F,E,maison,1964,89.5,625.0,2023-03-28,32,simule_distributions_ademe_2023
62081,G,F,maison,1941,57.4,384.0,2023-03-28,32,simule_distributions_ademe_2023
59397,G,F,maison,1949,83.6,406.0,2023-03-28,32,simule_distributions_ademe_2023
62157,C,G,appartement,2001,47.6,165.0,2023-03-28,32,simule_distributions_ademe_2023
02172,E,D,appartement,1974,107.3,574.0,2023-03-29,32,simule_distributions_ademe_2023
62146,C,E,maison,2006,90.3,265.0,2023-03-29,32,simule_distributions_ademe_2023
62375,G,F,appartement,1963,64.5,439.0,2023-03-29,32,simule_distributions_ademe_2023
80277,E,F,appartement,1972,31.9,597.0,2023-03-29,32,simule_distributions_ademe_2023
59143,C,D,maison,2017,149.9,155.0,2023-03-30,32,simule_distributions_ademe_2023
59333,E,G,maison,1975,69.3,499.0,2023-03-30,32,simule_distributions_ademe_2023
59086,G,E,appartement,1943,47.5,686.0,2023-03-30,32,simule_distributions_ademe_2023
59195,B,C,maison,2018,109.8,136.0,2023-03-30,32,simule_distributions_ademe_2023
59298,F,D,appartement,1954,151.0,492.0,2023-03-31,32,simule_distributions_ademe_2023
62214,E,D,immeuble,1979,42.0,436.0,2023-03-31,32,simule_distributions_ademe_2023
80396,B,D,maison,1987,52.0,91.0,2023-03-31,32,simule_distributions_ademe_2023
60237,D,C,appartement,1987,27.0,282.0,2023-03-31,32,simule_distributions_ademe_2023
02296,E,C,appartement,1979,65.4,610.0,2023-04-01,32,simule_distributions_ademe_2023
60147,E,E,appartement,1986,67.2,685.0,2023-04-01,32,simule_distributions_ademe_2023
62085,F,B,maison,1973,82.5,656.0,2023-04-01,32,simule_distributions_ademe_2023
62001,F,F,maison,1940,44.0,362.0,2023-04-01,32,simule_distributions_ademe_2023
02301,C,E,appartement,1988,61.5,303.0,2023-04-02,32,simule_distributions_ademe_2023
62217,E,F,maison,1986,19.0,469.0,2023-04-02,32,simule_distributions_ademe_2023
62139,G,F,appartement,1957,51.8,501.0,2023-04-02,32,simule_distributions_ademe_2023
62250,C,D,maison,2019,48.5,210.0,2023-04-02,32,simule_distributions_ademe_2023
60122,F,F,maison,1962,133.1,502.0,2023-04-03,32,simule_distributions_ademe_2023
80163,D,C,maison,1966,51.0,268.0,2023-04-03,32,simule_distributions_ademe_2023
60078,F,D,appartement,1952,100.9,660.0,2023-04-03,32,simule_distributions_ademe_2023
02134,E,B,maison,1969,43.6,621.0,2023-04-03,32,simule_distributions_ademe_2023
60112,F,F,appartement,1948,60.0,447.0,2023-04-04,32,simule_distributions_ademe_2023
80075,D,E,appartement,1992,59.4,291.0,2023-04-04,32,simule_distributions_ademe_2023
62310,D,E,appartement,1994,104.8,158.0,2023-04-04,32,simule_distributions_ademe_2023
59364,E,F,maison,1993,39.0,498.0,2023-04-04,32,simule_distributions_ademe_2023
62093,E,D,maison,1981,69.1,571.0,2023-04-05,32,simule_distributions_ademe_2023
60088,F,F,immeuble,1941,88.6,445.0,2023-04-05,32,simule_distributions_ademe_2023
59019,F,B,maison,1964,39.2,340.0,2023-04-05,32,simule_distributions_ademe_2023
02356,D,E,maison,1981,88.6,197.0,2023-04-05,32,simule_distributions_ademe_2023
62236,C,D,maison,2008,111.2,209.0,2023-04-06,32,simule_distributions_ademe_2023
59194,C,D,maison,1997,103.3,156.0,2023-04-06,32,simule_distributions_ademe_2023
80051,B,D,appartement,1993,43.2,109.0,2023-04-06,32,simule_distributions_ademe_2023
62331,D,D,maison,1973,139.5,225.0,2023-04-07,32,simule_distributions_ademe_2023
62321,G,D,appartement,1970,75.3,614.0,2023-04-07,32,simule_distributions_ademe_2023
60117,B,D,appartement,2015,167.0,101.0,2023-04-07,32,simule_distributions_ademe_2023
60217,D,F,maison,1987,97.7,157.0,2023-04-07,32,simule_distributions_ademe_2023
60022,C,E,immeuble,2017,98.6,242.0,2023-04-08,32,simule_distributions_ademe_2023
62381,C,E,maison,2014,61.0,163.0,2023-04-08,32,simule_distributions_ademe_2023
60123,D,D,maison,1985,74.2,169.0,2023-04-08,32,simule_distributions_ademe_2023
80079,F,E,maison,1936,34.5,620.0,2023-04-08,32,simule_distributions_ademe_2023
02341,F,D,maison,1942,47.6,604.0,2023-04-09,32,simule_distributions_ademe_2023
02345,D,C,appartement,1989,53.5,329.0,2023-04-09,32,simule_distributions_ademe_2023
62034,G,G,maison,1950,110.9,638.0,2023-04-09,32,simule_distributions_ademe_2023
80145,D,E,maison,1984,60.1,300.0,2023-04-09,32,simule_distributions_ademe_2023
62104,E,C,appartement,1982,54.0,601.0,2023-04-10,32,simule_distributions_ademe_2023
80099,G,F,appartement,1964,58.3,450.0,2023-04-10,32,simule_distributions_ademe_2023
59296,F,F,immeuble,1930,69.4,636.0,2023-04-10,32,simule_distributions_ademe_2023
80203,E,C,appartement,1980,40.6,696.0,2023-04-10,32,simule_distributions_ademe_2023
60169,F,C,maison,1964,92.7,419.0,2023-04-11,32,simule_distributions_ademe_2023
80238,G,G,appartement,1971,142.7,378.0,2023-04-11,32,simule_distributions_ademe_2023
02042,G,B,maison,1943,72.3,424.0,2023-04-11,32,simule_distributions_ademe_2023
62258,D,E,appartement,1986,121.0,193.0,2023-04-11,32,simule_distributions_ademe_2023
60001,D,F,appartement,1993,113.6,279.0,2023-04-12,32,simule_distributions_ademe_2023
62283,G,D,appartement,1936,60.4,522.0,2023-04-12,32,simule_distributions_ademe_2023
59097,D,C,appartement,1967,62.5,173.0,2023-04-12,32,simule_distributions_ademe_2023
02164,E,G,appartement,1986,56.2,488.0,2023-04-12,32,simule_distributions_ademe_2023
80366,E,G,appartement,1979,56.8,690.0,2023-04-13,32,simule_distributions_ademe_2023
80366,C,F,appartement,2000,101.0,278.0,2023-04-13,32,simule_distributions_ademe_2023
60142,F,A,appartement,1957,146.9,683.0,2023-04-13,32,simule_distributions_ademe_2023
80308,D,G,appartement,1986,53.1,242.0,2023-04-13,32,simule_distributions_ademe_2023
80231,G,E,maison,1950,58.9,497.0,2023-04-14,32,simule_distributions_ademe_2023
80320,E,F,appartement,1987,45.1,683.0,2023-04-14,32,simule_distributions_ademe_2023
02097,F,D,maison,1974,23.0,388.0,2023-04-14,32,simule_distributions_ademe_2023
62238,D,C,maison,1976,82.2,254.0,2023-04-14,32,simule_distributions_ademe_2023
80241,G,E,maison,1974,77.8,611.0,2023-04-15,32,simule_distributions_ademe_2023
62135,F,A,appartement,1944,48.8,464.0,2023-04-15,32,simule_distributions_ademe_2023
02040,E,G,maison,1990,66.3,553.0,2023-04-15,32,simule_distributions_ademe_2023
62307,F,C,maison,1941,43.2,512.0,2023-04-15,32,simule_distributions_ademe_2023
02063,E,G,maison,1985,46.7,486.0,2023-04-16,32,simule_distributions_ademe_2023
60197,F,F,appartement,1951,52.1,692.0,2023-04-16,32,simule_distributions_ademe_2023
80304,C,E,maison,1991,109.4,200.0,2023-04-16,32,simule_distributions_ademe_2023
62012,D,C,maison,1973,56.0,267.0,2023-04-16,32,simule_distributions_ademe_2023
60084,F,G,maison,1920,160.7,610.0,2023-04-17,32,simule_distributions_ademe_2023
02225,F,D,maison,1969,77.8,650.0,2023-04-17,32,simule_distributions_ademe_2023
80198,G,B,maison,1934,76.6,356.0,2023-04-17,32,simule_distributions_ademe_2023
02278,E,F,maison,1971,25.0,535.0,2023-04-18,32,simule_distributions_ademe_2023
62310,A,D,appartement,1997,45.7,92.0,2023-04-18,32,simule_distributions_ademe_2023
80093,F,F,maison,1924,140.0,531.0,2023-04-18,32,simule_distributions_ademe_2023
59247,D,G,appartement,1990,101.0,212.0,2023-04-18,32,simule_distributions_ademe_2023
80146,C,F,maison,1994,106.7,220.0,2023-04-19,32,simule_distributions_ademe_2023
80249,F,F,appartement,1931,58.7,666.0,2023-04-19,32,simule_distributions_ademe_2023
59234,D,D,appartement,1977,83.6,230.0,2023-04-19,32,simule_distributions_ademe_2023
62171,D,E,appartement,1977,56.6,178.0,2023-04-19,32,simule_distributions_ademe_2023
60259,C,D,maison,2011,136.7,213.0,2023-04-20,32,simule_distributions_ademe_2023
62104,D,D,appartement,1974,28.2,281.0,2023-04-20,32,simule_distributions_ademe_2023
80157,E,F,appartement,1986,48.5,536.0,2023-04-20,32,simule_distributions_ademe_2023
60320,D,G,appartement,1989,82.5,204.0,2023-04-20,32,simule_distributions_ademe_2023
59188,E,G,maison,1979,40.7,376.0,2023-04-21,32,simule_distributions_ademe_2023
59305,C,F,appartement,1989,88.7,160.0,2023-04-21,32,simule_distributions_ademe_2023
62087,D,F,appartement,1967,81.7,224.0,2023-04-21,32,simule_distributions_ademe_2023
02399,F,D,maison,1950,37.3,586.0,2023-04-21,32,simule_distributions_ademe_2023
62002,E,C,maison,1988,105.4,540.0,2023-04-22,32,simule_distributions_ademe_2023
59058,C,D,appartement,1985,29.4,157.0,2023-04-22,32,simule_distributions_ademe_2023
80097,C,G,maison,2018,37.6,219.0,2023-04-22,32,simule_distributions_ademe_2023
59201,E,F,appartement,1980,43.7,670.0,2023-04-22,32,simule_distributions_ademe_2023
80018,D,D,maison,1968,50.3,291.0,2023-04-23,32,simule_distributions_ademe_2023
62088,D,F,appartement,1988,107.0,275.0,2023-04-23,32,simule_distributions_ademe_2023
80349,D,D,maison,1977,71.9,270.0,2023-04-23,32,simule_distributions_ademe_2023
02063,G,D,maison,1942,52.9,510.0,2023-04-23,32,simule_distributions_ademe_2023
59154,G,E,appartement,1974,60.3,407.0,2023-04-24,32,simule_distributions_ademe_2023
60221,D,E,appartement,1980,39.3,292.0,2023-04-24,32,simule_distributions_ademe_2023
62076,E,D,appartement,1982,68.4,384.0,2023-04-24,32,simule_distributions_ademe_2023
59294,E,E,maison,1969,129.6,526.0,2023-04-24,32,simule_distributions_ademe_2023
62299,D,E,appartement,1987,31.3,319.0,2023-04-25,32,simule_distributions_ademe_2023
59079,D,F,maison,1985,78.1,279.0,2023-04-25,32,simule_distributions_ademe_2023
02384,E,E,immeuble,1986,81.9,420.0,2023-04-25,32,simule_distributions_ademe_2023
62396,D,D,maison,1983,100.1,325.0,2023-04-25,32,simule_distributions_ademe_2023
02216,D,F,appartement,1970,128.3,264.0,2023-04-26,32,simule_distributions_ademe_2023
62205,D,E,appartement,1980,74.5,306.0,2023-04-26,32,simule_distributions_ademe_2023
59291,C,C,appartement,2012,42.6,239.0,2023-04-26,32,simule_distributions_ademe_2023
80397,G,E,maison,1929,39.1,574.0,2023-04-26,32,simule_distributions_ademe_2023
02141,D,D,appartement,1992,80.1,328.0,2023-04-27,32,simule_distributions_ademe_2023
60175,C,E,appartement,1997,65.8,248.0,2023-04-27,32,simule_distributions_ademe_2023
60374,B,G,appartement,2002,45.9,97.0,2023-04-27,32,simule_distributions_ademe_2023
80254,D,C,appartement,1983,102.7,298.0,2023-04-27,32,simule_distributions_ademe_2023
80376,B,E,maison,2019,62.7,144.0,2023-04-28,32,simule_distributions_ademe_2023
02079,C,E,maison,1987,86.6,237.0,2023-04-28,32,simule_distributions_ademe_2023
80099,G,F,immeuble,1935,47.7,589.0,2023-04-28,32,simule_distributions_ademe_2023
59069,E,E,maison,1981,34.3,695.0,2023-04-29,32,simule_distributions_ademe_2023
62298,F,E,appartement,1921,23.2,525.0,2023-04-29,32,simule_distributions_ademe_2023
80189,G,G,maison,1926,277.5,417.0,2023-04-29,32,simule_distributions_ademe_2023
59265,C,D,appartement,1991,41.8,230.0,2023-04-29,32,simule_distributions_ademe_2023
62153,G,G,maison,1963,101.0,398.0,2023-04-30,32,simule_distributions_ademe_2023
59340,D,E,appartement,1994,38.0,264.0,2023-04-30,32,simule_distributions_ademe_2023
80202,A,G,maison,1992,69.5,143.0,2023-04-30,32,simule_distributions_ademe_2023
62216,C,E,appartement,1998,32.4,324.0,2023-04-30,32,simule_distributions_ademe_2023
62291,B,E,maison,1999,118.9,121.0,2023-05-01,32,simule_distributions_ademe_2023
80379,C,D,maison,1988,71.3,271.0,2023-05-01,32,simule_distributions_ademe_2023
62068,E,E,appartement,1985,50.0,332.0,2023-05-01,32,simule_distributions_ademe_2023
80074,D,B,appartement,1994,89.5,218.0,2023-05-01,32,simule_distributions_ademe_2023
60208,F,G,appartement,1954,68.4,524.0,2023-05-02,32,simule_distributions_ademe_2023
59371,D,E,appartement,1966,30.9,257.0,2023-05-02,32,simule_distributions_ademe_2023
62350,E,D,maison,1991,63.6,334.0,2023-05-02,32,simule_distributions_ademe_2023
80136,F,D,maison,1947,73.0,412.0,2023-05-02,32,simule_distributions_ademe_2023
80223,D,F,maison,1971,63.5,301.0,2023-05-03,32,simule_distributions_ademe_2023
80304,G,D,appartement,1941,96.7,459.0,2023-05-03,32,simule_distributions_ademe_2023
02296,D,F,appartement,1973,27.6,309.0,2023-05-03,32,simule_distributions_ademe_2023
62182,E,F,maison,1967,125.7,678.0,2023-05-03,32,simule_distributions_ademe_2023
60360,F,D,maison,1940,51.1,588.0,2023-05-04,32,simule_distributions_ademe_2023
02184,G,B,immeuble,1961,45.7,595.0,2023-05-04,32,simule_distributions_ademe_2023
60219,D,F,appartement,1975,53.6,282.0,2023-05-04,32,simule_distributions_ademe_2023
62112,D,B,appartement,1980,57.1,311.0,2023-05-04,32,simule_distributions_ademe_2023
59320,D,C,appartement,1980,54.9,184.0,2023-05-05,32,simule_distributions_ademe_2023
60318,C,G,maison,2004,114.7,298.0,2023-05-05,32,simule_distributions_ademe_2023
80321,F,E,appartement,1939,190.2,606.0,2023-05-05,32,simule_distributions_ademe_2023
59120,C,E,maison,1993,38.9,297.0,2023-05-05,32,simule_distributions_ademe_2023
60071,D,D,appartement,1969,52.6,255.0,2023-05-06,32,simule_distributions_ademe_2023
02338,G,G,appartement,1945,35.0,649.0,2023-05-06,32,simule_distributions_ademe_2023
60024,D,E,maison,1983,113.3,284.0,2023-05-06,32,simule_distributions_ademe_2023
02371,F,D,maison,1950,94.7,355.0,2023-05-06,32,simule_distributions_ademe_2023
80053,B,G,maison,1992,51.1,54.0,2023-05-07,32,simule_distributions_ademe_2023
80251,D,C,appartement,1987,54.4,241.0,2023-05-07,32,simule_distributions_ademe_2023
02324,C,E,maison,2000,38.8,151.0,2023-05-07,32,simule_distributions_ademe_2023
60297,G,D,maison,1956,59.2,632.0,2023-05-07,32,simule_distributions_ademe_2023
02131,B,C,appartement,2010,101.0,67.0,2023-05-08,32,simule_distributions_ademe_2023
02206,D,F,maison,1990,30.1,231.0,2023-05-08,32,simule_distributions_ademe_2023
02339,C,E,appartement,2019,72.2,230.0,2023-05-08,32,simule_distributions_ademe_2023
59046,D,F,appartement,1983,21.6,320.0,2023-05-08,32,simule_distributions_ademe_2023
80087,A,F,immeuble,1987,58.7,56.0,2023-05-09,32,simule_distributions_ademe_2023
62059,G,E,appartement,1959,33.4,613.0,2023-05-09,32,simule_distributions_ademe_2023
62076,C,F,appartement,2000,68.1,285.0,2023-05-09,32,simule_distributions_ademe_2023
02118,G,C,maison,1921,99.8,468.0,2023-05-10,32,simule_distributions_ademe_2023
02391,B,D,appartement,2000,160.7,110.0,2023-05-10,32,simule_distributions_ademe_2023
59062,F,E,appartement,1974,109.9,653.0,2023-05-10,32,simule_distributions_ademe_2023
60134,G,E,maison,1962,55.0,600.0,2023-05-10,32,simule_distributions_ademe_2023
60115,F,E,maison,1967,95.0,354.0,2023-05-11,32,simule_distributions_ademe_2023
02329,E,D,maison,1983,109.2,584.0,2023-05-11,32,simule_distributions_ademe_2023
62124,G,B,appartement,1952,83.4,503.0,2023-05-11,32,simule_distributions_ademe_2023
60344,G,E,maison,1941,76.8,531.0,2023-05-11,32,simule_distributions_ademe_2023
60361,F,C,appartement,1944,59.4,677.0,2023-05-12,32,simule_distributions_ademe_2023
60096,D,E,appartement,1967,37.7,297.0,2023-05-12,32,simule_distributions_ademe_2023
02305,C,A,appartement,1986,53.2,280.0,2023-05-12,32,simule_distributions_ademe_2023
02349,D,F,appartement,1980,38.9,232.0,2023-05-12,32,simule_distributions_ademe_2023
59052,D,E,maison,1984,28.8,154.0,2023-05-13,32,simule_distributions_ademe_2023
62295,C,F,maison,1987,103.2,305.0,2023-05-13,32,simule_distributions_ademe_2023
62229,F,E,appartement,1928,52.3,399.0,2023-05-13,32,simule_distributions_ademe_2023
60384,D,G,appartement,1981,130.6,169.0,2023-05-13,32,simule_distributions_ademe_2023
80272,D,E,maison,1982,69.2,301.0,2023-05-14,32,simule_distributions_ademe_2023
80300,D,C,maison,1994,128.8,172.0,2023-05-14,32,simule_distributions_ademe_2023
59018,F,E,maison,1961,24.9,480.0,2023-05-14,32,simule_distributions_ademe_2023
60050,E,F,appartement,1967,51.8,386.0,2023-05-14,32,simule_distributions_ademe_2023
59025,E,F,immeuble,1994,67.8,460.0,2023-05-15,32,simule_distributions_ademe_2023
80344,E,C,maison,1987,48.3,424.0,2023-05-15,32,simule_distributions_ademe_2023
02395,E,F,appartement,1992,70.2,572.0,2023-05-15,32,simule_distributions_ademe_2023
59297,D,B,maison,1985,63.6,180.0,2023-05-15,32,simule_distributions_ademe_2023
62340,G,F,maison,1944,34.7,659.0,2023-05-16,32,simule_distributions_ademe_2023
62246,D,D,appartement,1968,86.0,185.0,2023-05-16,32,simule_distributions_ademe_2023
62178,C,C,maison,1998,34.7,253.0,2023-05-16,32,simule_distributions_ademe_2023
02247,E,D,appartement,1972,108.6,684.0,2023-05-16,32,simule_distributions_ademe_2023
62051,D,E,maison,1979,54.7,183.0,2023-05-17,32,simule_distributions_ademe_2023
62375,G,F,appartement,1930,34.4,391.0,2023-05-17,32,simule_distributions_ademe_2023
60091,F,F,maison,1947,133.2,681.0,2023-05-17,32,simule_distributions_ademe_2023
60019,E,F,appartement,1993,38.6,454.0,2023-05-17,32,simule_distributions_ademe_2023
59212,F,D,maison,1942,55.7,693.0,2023-05-18,32,simule_distributions_ademe_2023
62097,C,C,immeuble,2006,26.8,157.0,2023-05-18,32,simule_distributions_ademe_2023
80065,C,F,maison,2009,70.3,261.0,2023-05-18,32,simule_distributions_ademe_2023
02184,D,D,appartement,1982,98.4,165.0,2023-05-18,32,simule_distributions_ademe_2023
59097,D,F,appartement,1980,115.8,224.0,2023-05-19,32,simule_distributions_ademe_2023
62176,G,D,maison,1927,224.7,439.0,2023-05-19,32,simule_distributions_ademe_2023
60064,G,B,maison,1962,67.0,347.0,2023-05-19,32,simule_distributions_ademe_2023
02235,C,C,maison,1990,91.4,308.0,2023-05-19,32,simule_distributions_ademe_2023
02025,D,F,appartement,1969,156.9,273.0,2023-05-20,32,simule_distributions_ademe_2023
80201,F,A,maison,1955,79.2,377.0,2023-05-20,32,simule_distributions_ademe_2023
60142,C,E,maison,1994,53.5,285.0,2023-05-20,32,simule_distributions_ademe_2023
62072,F,F,appartement,1926,66.1,679.0,2023-05-21,32,simule_distributions_ademe_2023
60364,C,F,appartement,2014,102.4,304.0,2023-05-21,32,simule_distributions_ademe_2023
62309,F,G,appartement,1971,55.1,385.0,2023-05-21,32,simule_distributions_ademe_2023
59233,D,F,maison,1983,109.6,302.0,2023-05-21,32,simule_distributions_ademe_2023
60065,E,A,maison,1971,37.3,340.0,2023-05-22,32,simule_distributions_ademe_2023
59071,E,E,appartement,1979,24.2,449.0,2023-05-22,32,simule_distributions_ademe_2023
62101,G,D,maison,1947,34.2,598.0,2023-05-22,32,simule_distributions_ademe_2023
60098,E,D,maison,1990,67.6,345.0,2023-05-22,32,simule_distributions_ademe_2023
59008,D,D,appartement,1970,92.9,303.0,2023-05-23,32,simule_distributions_ademe_2023
62070,E,G,maison,1974,107.7,622.0,2023-05-23,32,simule_distributions_ademe_2023
80011,C,C,appartement,1989,42.0,168.0,2023-05-23,32,simule_distributions_ademe_2023
59252,E,D,appartement,1991,45.0,470.0,2023-05-23,32,simule_distributions_ademe_2023
80292,D,E,appartement,1969,50.1,204.0,2023-05-24,32,simule_distributions_ademe_2023
80002,D,D,immeuble,1970,32.7,268.0,2023-05-24,32,simule_distributions_ademe_2023
59029,F,E,maison,1943,145.9,332.0,2023-05-24,32,simule_distributions_ademe_2023
59090,F,G,appartement,1929,53.1,680.0,2023-05-24,32,simule_distributions_ademe_2023
59085,F,D,maison,1940,153.2,446.0,2023-05-25,32,simule_distributions_ademe_2023
02035,G,E,maison,1924,83.5,615.0,2023-05-25,32,simule_distributions_ademe_2023
80252,C,E,appartement,2009,36.7,295.0,2023-05-25,32,simule_distributions_ademe_2023
60130,D,E,maison,1994,96.5,325.0,2023-05-25,32,simule_distributions_ademe_2023
60362,G,G,appartement,1947,86.0,603.0,2023-05-26,32,simule_distributions_ademe_2023
60366,D,E,maison,1970,34.4,246.0,2023-05-26,32,simule_distributions_ademe_2023
59301,C,F,maison,2018,52.3,236.0,2023-05-26,32,simule_distributions_ademe_2023
60251,F,D,maison,1937,45.2,518.0,2023-05-26,32,simule_distributions_ademe_2023
62384,D,G,appartement,1966,68.6,166.0,2023-05-27,32,simule_distributions_ademe_2023
02372,D,G,maison,1977,93.5,186.0,2023-05-27,32,simule_distributions_ademe_2023
59091,G,G,maison,1942,121.9,576.0,2023-05-27,32,simule_distributions_ademe_2023
60202,F,G,maison,1952,58.4,543.0,2023-05-27,32,simule_distributions_ademe_2023
59254,E,D,maison,1982,86.5,389.0,2023-05-28,32,simule_distributions_ademe_2023
59311,C,C,appartement,2008,125.1,184.0,2023-05-28,32,simule_distributions_ademe_2023
62169,E,E,maison,1981,53.1,534.0,2023-05-28,32,simule_distributions_ademe_2023
59394,C,G,appartement,1989,57.0,194.0,2023-05-28,32,simule_distributions_ademe_2023
60369,E,E,maison,1973,55.8,537.0,2023-05-29,32,simule_distributions_ademe_2023
62140,E,B,appartement,1983,85.4,558.0,2023-05-29,32,simule_distributions_ademe_2023
62061,F,D,appartement,1922,96.7,375.0,2023-05-29,32,simule_distributions_ademe_2023
62062,F,C,maison,1953,56.1,630.0,2023-05-29,32,simule_distributions_ademe_2023
80030,D,F,maison,1986,41.1,208.0,2023-05-30,32,simule_distributions_ademe_2023
59062,F,F,maison,1923,64.3,364.0,2023-05-30,32,simule_distributions_ademe_2023
59127,D,G,appartement,1980,47.3,260.0,2023-05-30,32,simule_distributions_ademe_2023
02088,A,D,immeuble,2019,77.0,63.0,2023-05-30,32,simule_distributions_ademe_2023
62046,B,G,maison,2016,32.9,134.0,2023-05-31,32,simule_distributions_ademe_2023
60048,E,E,appartement,1985,121.4,548.0,2023-05-31,32,simule_distributions_ademe_2023
60254,C,D,appartement,1988,94.7,267.0,2023-05-31,32,simule_distributions_ademe_2023
62009,F,D,appartement,1966,49.8,635.0,2023-06-01,32,simule_distributions_ademe_2023
62050,C,C,maison,2011,48.4,286.0,2023-06-01,32,simule_distributions_ademe_2023
62292,F,G,maison,1934,39.5,427.0,2023-06-01,32,simule_distributions_ademe_2023
02346,D,E,appartement,1985,131.3,222.0,2023-06-01,32,simule_distributions_ademe_2023
02148,D,D,appartement,1988,78.4,285.0,2023-06-02,32,simule_distributions_ademe_2023
62128,C,C,appartement,1988,36.2,289.0,2023-06-02,32,simule_distributions_ademe_2023
60222,C,E,appartement,2003,69.6,256.0,2023-06-02,32,simule_distributions_ademe_2023
60355,E,A,maison,1978,77.0,543.0,2023-06-02,32,simule_distributions_ademe_2023
80314,D,F,maison,1989,178.6,276.0,2023-06-03,32,simule_distributions_ademe_2023
62196,A,E,appartement,1994,19.6,103.0,2023-06-03,32,simule_distributions_ademe_2023
62255,F,G,appartement,1920,19.5,516.0,2023-06-03,32,simule_distributions_ademe_2023
62283,C,D,appartement,2006,33.9,249.0,2023-06-03,32,simule_distributions_ademe_2023
80268,E,E,appartement,1993,72.8,666.0,2023-06-04,32,simule_distributions_ademe_2023
60350,D,G,maison,1986,66.8,155.0,2023-06-04,32,simule_distributions_ademe_2023
60158,F,G,appartement,1968,43.8,418.0,2023-06-04,32,simule_distributions_ademe_2023
02162,F,D,maison,1953,81.6,516.0,2023-06-04,32,simule_distributions_ademe_2023
62313,G,C,maison,1965,89.9,343.0,2023-06-05,32,simule_distributions_ademe_2023
80029,G,G,appartement,1923,92.8,395.0,2023-06-05,32,simule_distributions_ademe_2023
59316,C,D,maison,1986,66.4,242.0,2023-06-05,32,simule_distributions_ademe_2023
59344,D,D,appartement,1971,33.6,155.0,2023-06-05,32,simule_distributions_ademe_2023
62033,E,C,appartement,1993,41.7,576.0,2023-06-06,32,simule_distributions_ademe_2023
02320,C,G,appartement,1996,116.1,244.0,2023-06-06,32,simule_distributions_ademe_2023
60221,B,C,immeuble,2008,92.4,137.0,2023-06-06,32,simule_distributions_ademe_2023
02235,D,E,maison,1970,47.8,312.0,2023-06-06,32,simule_distributions_ademe_2023
59163,E,F,appartement,1980,82.4,452.0,2023-06-07,32,simule_distributions_ademe_2023
62357,G,E,maison,1971,100.1,591.0,2023-06-07,32,simule_distributions_ademe_2023
59372,D,D,maison,1989,91.6,184.0,2023-06-07,32,simule_distributions_ademe_2023
60011,E,F,appartement,1980,77.9,559.0,2023-06-07,32,simule_distributions_ademe_2023
59222,F,D,maison,1962,168.1,392.0,2023-06-08,32,simule_distributions_ademe_2023
02220,F,C,maison,1944,128.3,654.0,2023-06-08,32,simule_distributions_ademe_2023
60087,E,D,appartement,1972,52.5,502.0,2023-06-08,32,simule_distributions_ademe_2023
59217,E,F,maison,1966,44.6,471.0,2023-06-08,32,simule_distributions_ademe_2023
60183,F,F,appartement,1922,45.2,545.0,2023-06-09,32,simule_distributions_ademe_2023
60101,G,C,appartement,1973,56.6,370.0,2023-06-09,32,simule_distributions_ademe_2023
62007,F,F,appartement,1951,171.9,489.0,2023-06-09,32,simule_distributions_ademe_2023
80096,F,G,maison,1925,38.9,388.0,2023-06-09,32,simule_distributions_ademe_2023
59184,B,E,appartement,1987,106.5,85.0,2023-06-10,32,simule_distributions_ademe_2023
59203,F,G,appartement,1960,96.9,565.0,2023-06-10,32,simule_distributions_ademe_2023
62074,E,G,maison,1990,51.9,505.0,2023-06-10,32,simule_distributions_ademe_2023
62232,G,D,maison,1972,61.2,648.0,2023-06-10,32,simule_distributions_ademe_2023
80288,C,B,maison,1995,89.1,297.0,2023-06-11,32,simule_distributions_ademe_2023
02231,E,E,maison,1984,99.7,334.0,2023-06-11,32,simule_distributions_ademe_2023
59352,G,D,appartement,1954,36.1,610.0,2023-06-11,32,simule_distributions_ademe_2023
02357,D,B,appartement,1971,36.2,191.0,2023-06-12,32,simule_distributions_ademe_2023
62254,D,C,appartement,1990,163.3,156.0,2023-06-12,32,simule_distributions_ademe_2023
80035,D,D,appartement,1980,142.7,304.0,2023-06-12,32,simule_distributions_ademe_2023
60198,E,E,maison,1976,70.6,379.0,2023-06-12,32,simule_distributions_ademe_2023
02088,B,E,appartement,2016,86.5,110.0,2023-06-13,32,simule_distributions_ademe_2023
60373,C,F,appartement,2003,106.0,235.0,2023-06-13,32,simule_distributions_ademe_2023
62036,D,E,appartement,1994,106.7,204.0,2023-06-13,32,simule_distributions_ademe_2023
62144,G,E,maison,1973,29.8,354.0,2023-06-13,32,simule_distributions_ademe_2023
59004,E,F,appartement,1979,87.1,384.0,2023-06-14,32,simule_distributions_ademe_2023
59202,D,F,immeuble,1990,97.2,183.0,2023-06-14,32,simule_distributions_ademe_2023
02228,E,D,appartement,1982,103.1,336.0,2023-06-14,32,simule_distributions_ademe_2023
60193,F,D,maison,1970,32.0,353.0,2023-06-14,32,simule_distributions_ademe_2023
60208,G,D,maison,1972,93.4,436.0,2023-06-15,32,simule_distributions_ademe_2023
62320,E,E,appartement,1982,90.6,656.0,2023-06-15,32,simule_distributions_ademe_2023
02221,C,E,appartement,1989,87.6,176.0,2023-06-15,32,simule_distributions_ademe_2023
02256,C,F,appartement,1991,128.4,292.0,2023-06-15,32,simule_distributions_ademe_2023
02020,E,D,maison,1985,75.8,542.0,2023-06-16,32,simule_distributions_ademe_2023
62065,E,D,maison,1985,66.8,407.0,2023-06-16,32,simule_distributions_ademe_2023
80386,D,B,maison,1988,96.3,196.0,2023-06-16,32,simule_distributions_ademe_2023
02082,D,E,maison,1969,47.0,211.0,2023-06-16,32,simule_distributions_ademe_2023
59330,F,D,maison,1973,52.2,525.0,2023-06-17,32,simule_distributions_ademe_2023
62255,G,A,maison,1938,63.3,696.0,2023-06-17,32,simule_distributions_ademe_2023
62253,F,D,appartement,1952,82.2,414.0,2023-06-17,32,simule_distributions_ademe_2023
59079,G,E,appartement,1973,67.5,363.0,2023-06-17,32,simule_distributions_ademe_2023
62038,F,C,maison,1922,139.0,409.0,2023-06-18,32,simule_distributions_ademe_2023
02112,E,C,maison,1974,85.1,511.0,2023-06-18,32,simule_distributions_ademe_2023
59152,E,C,appartement,1975,55.3,674.0,2023-06-18,32,simule_distributions_ademe_2023
59143,F,C,appartement,1964,96.1,655.0,2023-06-18,32,simule_distributions_ademe_2023
59010,E,G,maison,1978,60.3,368.0,2023-06-19,32,simule_distributions_ademe_2023
62147,G,C,appartement,1940,89.1,652.0,2023-06-19,32,simule_distributions_ademe_2023
59297,C,D,maison,2014,75.4,309.0,2023-06-19,32,simule_distributions_ademe_2023
59250,F,F,appartement,1972,48.4,380.0,2023-06-19,32,simule_distributions_ademe_2023
02369,F,C,maison,1942,58.4,494.0,2023-06-20,32,simule_distributions_ademe_2023
80385,D,A,maison,1967,172.4,159.0,2023-06-20,32,simule_distributions_ademe_2023
02399,G,E,maison,1947,75.1,598.0,2023-06-20,32,simule_distributions_ademe_2023
80150,C,E,maison,2015,84.1,162.0,2023-06-20,32,simule_distributions_ademe_2023
02378,G,F,maison,1956,135.6,544.0,2023-06-21,32,simule_distributions_ademe_2023
59325,G,D,appartement,1935,47.9,587.0,2023-06-21,32,simule_distributions_ademe_2023
80063,D,D,appartement,1977,65.0,329.0,2023-06-21,32,simule_distributions_ademe_2023
59146,F,D,maison,1920,52.6,444.0,2023-06-21,32,simule_distributions_ademe_2023
80068,E,E,appartement,1986,119.4,637.0,2023-06-22,32,simule_distributions_ademe_2023
60010,E,F,maison,1977,85.8,537.0,2023-06-22,32,simule_distributions_ademe_2023
80156,A,F,maison,1990,184.5,133.0,2023-06-22,32,simule_distributions_ademe_2023
59185,F,B,maison,1948,51.1,494.0,2023-06-23,32,simule_distributions_ademe_2023
02213,C,D,maison,2015,67.7,281.0,2023-06-23,32,simule_distributions_ademe_2023
80316,D,E,appartement,1985,90.3,197.0,2023-06-23,32,simule_distributions_ademe_2023
59126,A,D,appartement,2001,71.8,143.0,2023-06-23,32,simule_distributions_ademe_2023
62230,D,G,immeuble,1984,50.2,238.0,2023-06-24,32,simule_distributions_ademe_2023
80106,F,F,appartement,1954,102.1,572.0,2023-06-24,32,simule_distributions_ademe_2023
80110,C,F,appartement,1986,39.3,255.0,2023-06-24,32,simule_distributions_ademe_2023
80211,C,F,maison,2016,172.7,204.0,2023-06-24,32,simule_distributions_ademe_2023
62203,D,C,maison,1966,20.8,167.0,2023-06-25,32,simule_distributions_ademe_2023
02055,D,B,maison,1994,38.3,170.0,2023-06-25,32,simule_distributions_ademe_2023
80133,D,G,maison,1965,52.7,196.0,2023-06-25,32,simule_distributions_ademe_2023
62244,C,C,appartement,2014,46.5,279.0,2023-06-25,32,simule_distributions_ademe_2023
62293,C,E,appartement,2000,81.1,291.0,2023-06-26,32,simule_distributions_ademe_2023
02068,D,D,appartement,1992,71.8,245.0,2023-06-26,32,simule_distributions_ademe_2023
02115,F,B,maison,1947,69.5,518.0,2023-06-26,32,simule_distributions_ademe_2023
80123,B,B,appartement,2008,29.3,60.0,2023-06-26,32,simule_distributions_ademe_2023
60191,E,E,appartement,1978,41.3,647.0,2023-06-27,32,simule_distributions_ademe_2023
80282,E,F,maison,1992,76.0,450.0,2023-06-27,32,simule_distributions_ademe_2023
02021,G,D,appartement,1953,105.8,362.0,2023-06-27,32,simule_distributions_ademe_2023
62220,E,E,immeuble,1978,71.4,449.0,2023-06-27,32,simule_distributions_ademe_2023
59288,B,B,appartement,2015,28.2,71.0,2023-06-28,32,simule_distributions_ademe_2023
59221,D,E,maison,1990,115.3,165.0,2023-06-28,32,simule_distributions_ademe_2023
59196,A,C,appartement,2003,168.9,105.0,2023-06-28,32,simule_distributions_ademe_2023
59337,D,F,appartement,1968,113.2,181.0,2023-06-28,32,simule_distributions_ademe_2023
02326,D,E,maison,1980,55.9,276.0,2023-06-29,32,simule_distributions_ademe_2023
59186,D,F,maison,1965,83.1,298.0,2023-06-29,32,simule_distributions_ademe_2023
80292,E,E,appartement,1970,43.0,605.0,2023-06-29,32,simule_distributions_ademe_2023
62278,E,E,appartement,1966,71.0,508.0,2023-06-29,32,simule_distributions_ademe_2023
59052,F,E,maison,1956,53.5,408.0,2023-06-30,32,simule_distributions_ademe_2023
62269,G,G,maison,1956,105.5,630.0,2023-06-30,32,simule_distributions_ademe_2023
62047,E,D,appartement,1993,57.4,418.0,2023-06-30,32,simule_distributions_ademe_2023
80139,D,D,maison,1972,82.3,262.0,2023-06-30,32,simule_distributions_ademe_2023
02276,G,F,appartement,1920,68.7,690.0,2023-07-01,32,simule_distributions_ademe_2023
80242,D,D,appartement,1985,61.1,152.0,2023-07-01,32,simule_distributions_ademe_2023
59246,G,C,maison,1926,77.1,554.0,2023-07-01,32,simule_distributions_ademe_2023
59389,G,F,appartement,1950,97.2,426.0,2023-07-01,32,simule_distributions_ademe_2023
62069,C,E,maison,1997,31.5,260.0,2023-07-02,32,simule_distributions_ademe_2023
59067,D,D,maison,1967,61.7,263.0,2023-07-02,32,simule_distributions_ademe_2023
80055,D,C,maison,1978,63.1,175.0,2023-07-02,32,simule_distributions_ademe_2023
62269,G,F,appartement,1935,111.6,395.0,2023-07-02,32,simule_distributions_ademe_2023
80209,C,D,appartement,2011,78.5,254.0,2023-07-03,32,simule_distributions_ademe_2023
60204,F,A,appartement,1972,120.2,403.0,2023-07-03,32,simule_distributions_ademe_2023
59027,D,G,maison,1980,76.7,215.0,2023-07-03,32,simule_distributions_ademe_2023
62293,D,E,maison,1971,103.2,230.0,2023-07-04,32,simule_distributions_ademe_2023
80037,D,G,maison,1968,120.7,177.0,2023-07-04,32,simule_distributions_ademe_2023
62308,D,B,maison,1968,73.5,155.0,2023-07-04,32,simule_distributions_ademe_2023
59263,G,E,maison,1944,115.4,366.0,2023-07-04,32,simule_distributions_ademe_2023
80035,C,D,maison,2018,67.2,187.0,2023-07-05,32,simule_distributions_ademe_2023
62390,F,G,maison,1925,104.9,682.0,2023-07-05,32,simule_distributions_ademe_2023
59200,E,C,appartement,1989,94.4,428.0,2023-07-05,32,simule_distributions_ademe_2023
62350,E,C,immeuble,1988,203.9,521.0,2023-07-05,32,simule_distributions_ademe_2023
02138,F,E,maison,1938,63.1,442.0,2023-07-06,32,simule_distributions_ademe_2023
02085,C,B,maison,1994,87.7,162.0,2023-07-06,32,simule_distributions_ademe_2023
62047,G,D,immeuble,1940,55.1,463.0,2023-07-06,32,simule_distributions_ademe_2023
59003,C,F,maison,2017,41.4,215.0,2023-07-06,32,simule_distributions_ademe_2023
80242,D,G,maison,1985,101.1,328.0,2023-07-07,32,simule_distributions_ademe_2023
60176,E,B,maison,1968,118.8,696.0,2023-07-07,32,simule_distributions_ademe_2023
80244,E,D,appartement,1994,92.8,572.0,2023-07-07,32,simule_distributions_ademe_2023
02151,E,F,maison,1972,69.0,582.0,2023-07-07,32,simule_distributions_ademe_2023
02300,G,F,maison,1958,40.7,655.0,2023-07-08,32,simule_distributions_ademe_2023
02202,C,D,appartement,1988,31.8,254.0,2023-07-08,32,simule_distributions_ademe_2023
62352,D,A,maison,1970,26.1,215.0,2023-07-08,32,simule_distributions_ademe_2023
02078,D,C,maison,1970,111.3,208.0,2023-07-08,32,simule_distributions_ademe_2023
02114,E,F,appartement,1991,123.5,378.0,2023-07-09,32,simule_distributions_ademe_2023
60362,F,E,maison,1937,82.4,627.0,2023-07-09,32,simule_distributions_ademe_2023
59181,E,D,maison,1978,149.0,404.0,2023-07-09,32,simule_distributions_ademe_2023
60122,D,F,maison,1991,47.8,279.0,2023-07-09,32,simule_distributions_ademe_2023
80387,G,C,maison,1923,71.6,539.0,2023-07-10,32,simule_distributions_ademe_2023
60098,F,C,maison,1949,63.6,504.0,2023-07-10,32,simule_distributions_ademe_2023
59203,E,D,appartement,1979,75.9,576.0,2023-07-10,32,simule_distributions_ademe_2023
60237,G,C,maison,1950,56.7,665.0,2023-07-10,32,simule_distributions_ademe_2023
59080,E,A,maison,1975,57.6,466.0,2023-07-11,32,simule_distributions_ademe_2023
59238,F,F,maison,1921,57.7,373.0,2023-07-11,32,simule_distributions_ademe_2023
60202,G,E,appartement,1960,150.8,671.0,2023-07-11,32,simule_distributions_ademe_2023
62077,D,G,maison,1973,61.5,288.0,2023-07-11,32,simule_distributions_ademe_2023
62247,D,C,appartement,1986,37.9,250.0,2023-07-12,32,simule_distributions_ademe_2023
02225,F,F,appartement,1973,222.9,386.0,2023-07-12,32,simule_distributions_ademe_2023
80019,G,D,maison,1939,29.0,368.0,2023-07-12,32,simule_distributions_ademe_2023
80354,E,C,appartement,1981,90.0,484.0,2023-07-12,32,simule_distributions_ademe_2023
80142,E,D,appartement,1987,57.8,383.0,2023-07-13,32,simule_distributions_ademe_2023
59368,G,E,maison,1969,103.1,655.0,2023-07-13,32,simule_distributions_ademe_2023
59003,F,F,maison,1961,43.0,651.0,2023-07-13,32,simule_distributions_ademe_2023
02306,F,F,maison,1966,137.2,522.0,2023-07-13,32,simule_distributions_ademe_2023
80037,F,D,immeuble,1968,33.4,411.0,2023-07-14,32,simule_distributions_ademe_2023
59332,C,F,appartement,1995,48.0,273.0,2023-07-14,32,simule_distributions_ademe_2023
02266,F,F,appartement,1923,58.3,530.0,2023-07-14,32,simule_distributions_ademe_2023
62175,G,D,appartement,1955,102.2,470.0,2023-07-15,32,simule_distributions_ademe_2023
02017,B,C,maison,1995,57.5,88.0,2023-07-15,32,simule_distributions_ademe_2023
60170,F,E,maison,1942,51.2,530.0,2023-07-15,32,simule_distributions_ademe_2023
80376,F,G,immeuble,1946,91.2,345.0,2023-07-15,32,simule_distributions_ademe_2023
80387,D,F,maison,1974,147.1,190.0,2023-07-16,32,simule_distributions_ademe_2023
62111,C,G,maison,2002,45.6,293.0,2023-07-16,32,simule_distributions_ademe_2023
80212,C,F,maison,1996,34.1,273.0,2023-07-16,32,simule_distributions_ademe_2023
80168,E,D,maison,1976,174.9,628.0,2023-07-16,32,simule_distributions_ademe_2023
02348,F,C,maison,1954,85.1,652.0,2023-07-17,32,simule_distributions_ademe_2023
80139,D,F,maison,1967,65.2,210.0,2023-07-17,32,simule_distributions_ademe_2023
60175,E,F,maison,1985,78.4,407.0,2023-07-17,32,simule_distributions_ademe_2023
62264,E,D,maison,1982,95.2,679.0,2023-07-17,32,simule_distributions_ademe_2023
02115,D,F,maison,1983,81.1,162.0,2023-07-18,32,simule_distributions_ademe_2023
60013,A,B,immeuble,2009,33.2,91.0,2023-07-18,32,simule_distributions_ademe_2023
80170,E,D,appartement,1977,76.7,574.0,2023-07-18,32,simule_distributions_ademe_2023
02364,F,D,appartement,1966,47.5,658.0,2023-07-18,32,simule_distributions_ademe_2023
80340,F,D,maison,1924,99.4,478.0,2023-07-19,32,simule_distributions_ademe_2023
60186,F,E,immeuble,1968,41.2,505.0,2023-07-19,32,simule_distributions_ademe_2023
02037,E,C,appartement,1991,59.3,344.0,2023-07-19,32,simule_distributions_ademe_2023
02342,E,G,appartement,1967,67.2,643.0,2023-07-19,32,simule_distributions_ademe_2023
80308,D,E,maison,1989,92.4,321.0,2023-07-20,32,simule_distributions_ademe_2023
60260,A,C,appartement,2017,42.8,142.0,2023-07-20,32,simule_distributions_ademe_2023
59210,C,D,maison,2011,103.2,180.0,2023-07-20,32,simule_distributions_ademe_2023
60118,D,E,maison,1989,81.0,299.0,2023-07-20,32,simule_distributions_ademe_2023
02110,G,E,maison,1926,49.7,481.0,2023-07-21,32,simule_distributions_ademe_2023
59066,E,G,maison,1980,73.7,461.0,2023-07-21,32,simule_distributions_ademe_2023
60327,D,D,immeuble,1976,36.2,218.0,2023-07-21,32,simule_distributions_ademe_2023
02373,E,D,appartement,1992,161.6,557.0,2023-07-21,32,simule_distributions_ademe_2023
02068,G,F,appartement,1930,152.7,643.0,2023-07-22,32,simule_distributions_ademe_2023
59146,F,C,appartement,1928,61.7,668.0,2023-07-22,32,simule_distributions_ademe_2023
80005,E,C,maison,1976,68.4,437.0,2023-07-22,32,simule_distributions_ademe_2023
60267,E,B,appartement,1980,112.8,629.0,2023-07-22,32,simule_distributions_ademe_2023
02120,F,F,maison,1931,142.0,485.0,2023-07-23,32,simule_distributions_ademe_2023
59351,D,E,maison,1985,61.5,178.0,2023-07-23,32,simule_distributions_ademe_2023
02092,E,F,appartement,1992,113.9,339.0,2023-07-23,32,simule_distributions_ademe_2023
60014,A,G,maison,1995,97.7,67.0,2023-07-23,32,simule_distributions_ademe_2023
80024,C,F,immeuble,1986,64.4,214.0,2023-07-24,32,simule_distributions_ademe_2023
59201,F,C,appartement,1960,100.3,565.0,2023-07-24,32,simule_distributions_ademe_2023
80365,D,C,appartement,1973,129.5,203.0,2023-07-24,32,simule_distributions_ademe_2023
62122,E,F,appartement,1969,21.8,601.0,2023-07-24,32,simule_distributions_ademe_2023
02120,D,E,immeuble,1990,34.3,240.0,2023-07-25,32,simule_distributions_ademe_2023
62265,D,F,appartement,1985,180.5,300.0,2023-07-25,32,simule_distributions_ademe_2023
80138,E,D,appartement,1991,33.3,357.0,2023-07-25,32,simule_distributions_ademe_2023
60059,E,D,maison,1981,95.1,340.0,2023-07-26,32,simule_distributions_ademe_2023
02134,E,F,maison,1991,50.7,500.0,2023-07-26,32,simule_distributions_ademe_2023
02021,A,D,appartement,1986,64.6,67.0,2023-07-26,32,simule_distributions_ademe_2023
62031,D,D,maison,1987,96.9,173.0,2023-07-26,32,simule_distributions_ademe_2023
60115,D,D,appartement,1977,44.2,325.0,2023-07-27,32,simule_distributions_ademe_2023
80092,G,F,maison,1934,53.8,689.0,2023-07-27,32,simule_distributions_ademe_2023
60049,F,D,maison,1932,81.5,510.0,2023-07-27,32,simule_distributions_ademe_2023
60362,D,F,maison,1986,55.8,157.0,2023-07-27,32,simule_distributions_ademe_2023
59274,E,E,maison,1985,140.8,472.0,2023-07-28,32,simule_distributions_ademe_2023
60398,G,E,appartement,1922,23.8,490.0,2023-07-28,32,simule_distributions_ademe_2023
60178,E,E,maison,1992,56.7,616.0,2023-07-28,32,simule_distributions_ademe_2023
62050,D,C,maison,1968,82.8,281.0,2023-07-28,32,simule_distributions_ademe_2023
02366,D,E,appartement,1967,263.9,160.0,2023-07-29,32,simule_distributions_ademe_2023
60098,E,C,maison,1973,100.3,660.0,2023-07-29,32,simule_distributions_ademe_2023
59133,E,D,maison,1976,36.0,695.0,2023-07-29,32,simule_distributions_ademe_2023
02120,G,B,immeuble,1948,82.8,588.0,2023-07-29,32,simule_distributions_ademe_2023
02120,C,G,maison,2012,55.9,186.0,2023-07-30,32,simule_distributions_ademe_2023
80332,E,D,appartement,1975,117.6,414.0,2023-07-30,32,simule_distributions_ademe_2023
59047,D,E,maison,1993,45.3,226.0,2023-07-30,32,simule_distributions_ademe_2023
62390,E,D,appartement,1992,192.8,354.0,2023-07-30,32,simule_distributions_ademe_2023
02099,F,F,maison,1949,54.0,599.0,2023-07-31,32,simule_distributions_ademe_2023
80182,F,D,immeuble,1944,109.4,638.0,2023-07-31,32,simule_distributions_ademe_2023
80348,G,F,appartement,1952,32.2,454.0,2023-07-31,32,simule_distributions_ademe_2023
80215,B,F,maison,1993,86.0,59.0,2023-07-31,32,simule_distributions_ademe_2023
62144,F,F,appartement,1961,45.7,463.0,2023-08-01,32,simule_distributions_ademe_2023
60007,G,D,appartement,1946,182.6,562.0,2023-08-01,32,simule_distributions_ademe_2023
60172,F,E,maison,1967,31.6,465.0,2023-08-01,32,simule_distributions_ademe_2023
62212,E,F,appartement,1993,41.1,662.0,2023-08-01,32,simule_distributions_ademe_2023
60240,C,E,maison,1990,93.3,254.0,2023-08-02,32,simule_distributions_ademe_2023
62299,G,D,appartement,1968,130.9,668.0,2023-08-02,32,simule_distributions_ademe_2023
62037,E,F,appartement,1985,134.0,577.0,2023-08-02,32,simule_distributions_ademe_2023
02007,F,B,maison,1934,114.0,592.0,2023-08-02,32,simule_distributions_ademe_2023
62313,B,E,maison,1986,24.8,103.0,2023-08-03,32,simule_distributions_ademe_2023
62352,D,F,appartement,1966,83.8,153.0,2023-08-03,32,simule_distributions_ademe_2023
80182,E,G,maison,1992,122.5,544.0,2023-08-03,32,simule_distributions_ademe_2023
62219,D,F,maison,1988,163.1,271.0,2023-08-03,32,simule_distributions_ademe_2023
80131,F,E,appartement,1941,58.9,585.0,2023-08-04,32,simule_distributions_ademe_2023
59288,F,F,appartement,1938,75.8,520.0,2023-08-04,32,simule_distributions_ademe_2023
02139,D,F,maison,1976,37.5,304.0,2023-08-04,32,simule_distributions_ademe_2023
60146,F,D,maison,1971,114.6,581.0,2023-08-04,32,simule_distributions_ademe_2023
62255,F,C,appartement,1929,27.0,502.0,2023-08-05,32,simule_distributions_ademe_2023
60360,G,A,maison,1948,164.0,420.0,2023-08-05,32,simule_distributions_ademe_2023
59243,A,G,appartement,1987,57.9,72.0,2023-08-05,32,simule_distributions_ademe_2023
62337,F,F,maison,1932,97.0,683.0,2023-08-06,32,simule_distributions_ademe_2023
62011,C,E,appartement,2010,111.1,234.0,2023-08-06,32,simule_distributions_ademe_2023
62205,F,E,maison,1927,113.7,466.0,2023-08-06,32,simule_distributions_ademe_2023
60134,F,F,maison,1949,69.3,359.0,2023-08-06,32,simule_distributions_ademe_2023
59154,E,D,maison,1973,27.3,509.0,2023-08-07,32,simule_distributions_ademe_2023
02391,D,C,maison,1977,44.8,202.0,2023-08-07,32,simule_distributions_ademe_2023
59340,A,C,appartement,2009,85.8,103.0,2023-08-07,32,simule_distributions_ademe_2023
02389,D,F,appartement,1970,138.5,171.0,2023-08-07,32,simule_distributions_ademe_2023
59261,C,E,maison,2015,29.0,206.0,2023-08-08,32,simule_distributions_ademe_2023
59276,D,G,maison,1967,137.0,218.0,2023-08-08,32,simule_distributions_ademe_2023
59160,D,G,maison,1971,110.0,313.0,2023-08-08,32,simule_distributions_ademe_2023
02220,C,D,appartement,2016,92.8,188.0,2023-08-08,32,simule_distributions_ademe_2023
59337,E,E,appartement,1982,85.7,530.0,2023-08-09,32,simule_distributions_ademe_2023
62007,E,F,appartement,1985,101.9,411.0,2023-08-09,32,simule_distributions_ademe_2023
59339,D,D,appartement,1972,74.1,235.0,2023-08-09,32,simule_distributions_ademe_2023
60266,F,D,appartement,1953,67.6,574.0,2023-08-09,32,simule_distributions_ademe_2023
60223,D,C,appartement,1988,161.9,212.0,2023-08-10,32,simule_distributions_ademe_2023
62200,E,C,appartement,1971,36.8,526.0,2023-08-10,32,simule_distributions_ademe_2023
80051,F,E,maison,1923,41.8,387.0,2023-08-10,32,simule_distributions_ademe_2023
02283,E,B,maison,1976,71.1,541.0,2023-08-10,32,simule_distributions_ademe_2023
59121,E,E,maison,1988,55.0,559.0,2023-08-11,32,simule_distributions_ademe_2023
60098,F,D,immeuble,1949,49.9,392.0,2023-08-11,32,simule_distributions_ademe_2023
59303,E,E,maison,1991,64.4,678.0,2023-08-11,32,simule_distributions_ademe_2023
59329,C,D,maison,2009,33.2,187.0,2023-08-11,32,simule_distributions_ademe_2023
80235,D,G,maison,1987,94.0,266.0,2023-08-12,32,simule_distributions_ademe_2023
80126,D,G,maison,1973,84.3,248.0,2023-08-12,32,simule_distributions_ademe_2023
62139,F,E,appartement,1921,72.2,388.0,2023-08-12,32,simule_distributions_ademe_2023
60305,D,C,maison,1982,90.8,281.0,2023-08-12,32,simule_distributions_ademe_2023
62188,E,D,maison,1980,20.0,500.0,2023-08-13,32,simule_distributions_ademe_2023
62169,D,D,appartement,1973,95.5,236.0,2023-08-13,32,simule_distributions_ademe_2023
02397,F,F,appartement,1958,36.8,655.0,2023-08-13,32,simule_distributions_ademe_2023
62360,E,F,maison,1993,40.0,628.0,2023-08-13,32,simule_distributions_ademe_2023
60352,C,E,appartement,1995,66.2,325.0,2023-08-14,32,simule_distributions_ademe_2023
62341,E,C,appartement,1985,47.6,648.0,2023-08-14,32,simule_distributions_ademe_2023
02046,D,G,maison,1986,19.8,191.0,2023-08-14,32,simule_distributions_ademe_2023
60310,C,E,maison,1985,102.7,319.0,2023-08-14,32,simule_distributions_ademe_2023
59298,D,E,maison,1967,26.8,314.0,2023-08-15,32,simule_distributions_ademe_2023
60253,D,D,maison,1978,72.9,250.0,2023-08-15,32,simule_distributions_ademe_2023
60180,D,F,maison,1977,37.4,244.0,2023-08-15,32,simule_distributions_ademe_2023
80322,C,C,appartement,2001,35.4,248.0,2023-08-15,32,simule_distributions_ademe_2023
02282,D,F,appartement,1973,96.7,191.0,2023-08-16,32,simule_distributions_ademe_2023
59206,F,C,maison,1970,90.7,619.0,2023-08-16,32,simule_distributions_ademe_2023
59332,F,E,appartement,1957,48.8,691.0,2023-08-16,32,simule_distributions_ademe_2023
62182,F,D,maison,1941,183.3,531.0,2023-08-17,32,simule_distributions_ademe_2023
62333,G,B,appartement,1927,76.6,479.0,2023-08-17,32,simule_distributions_ademe_2023
59117,G,F,maison,1963,24.0,646.0,2023-08-17,32,simule_distributions_ademe_2023
80178,C,B,maison,1996,110.6,188.0,2023-08-17,32,simule_distributions_ademe_2023
02121,D,D,appartement,1966,97.9,309.0,2023-08-18,32,simule_distributions_ademe_2023
80149,D,D,immeuble,1968,115.7,273.0,2023-08-18,32,simule_distributions_ademe_2023
60365,E,E,appartement,1989,100.7,517.0,2023-08-18,32,simule_distributions_ademe_2023
80032,D,F,appartement,1965,21.2,172.0,2023-08-18,32,simule_distributions_ademe_2023
62038,G,E,appartement,1925,46.6,426.0,2023-08-19,32,simule_distributions_ademe_2023
60165,F,G,appartement,1969,51.8,412.0,2023-08-19,32,simule_distributions_ademe_2023
60142,C,E,maison,2005,95.6,194.0,2023-08-19,32,simule_distributions_ademe_2023
02226,D,F,maison,1968,71.3,293.0,2023-08-19,32,simule_distributions_ademe_2023
02286,D,A,appartement,1969,35.9,161.0,2023-08-20,32,simule_distributions_ademe_2023
59199,D,C,appartement,1969,52.0,218.0,2023-08-20,32,simule_distributions_ademe_2023
59193,E,D,maison,1972,83.0,653.0,2023-08-20,32,simule_distributions_ademe_2023
80165,F,F,maison,1970,183.8,502.0,2023-08-20,32,simule_distributions_ademe_2023
62300,E,E,maison,1975,140.2,385.0,2023-08-21,32,simule_distributions_ademe_2023
80046,E,G,appartement,1968,83.1,370.0,2023-08-21,32,simule_distributions_ademe_2023
62019,E,D,maison,1970,153.6,507.0,2023-08-21,32,simule_distributions_ademe_2023
80245,E,E,maison,1979,65.0,554.0,2023-08-21,32,simule_distributions_ademe_2023
80397,D,D,maison,1994,33.6,319.0,2023-08-22,32,simule_distributions_ademe_2023
80009,F,D,maison,1974,113.6,527.0,2023-08-22,32,simule_distributions_ademe_2023
02352,F,G,appartement,1955,69.5,338.0,2023-08-22,32,simule_distributions_ademe_2023
02317,D,G,appartement,1976,87.0,152.0,2023-08-22,32,simule_distributions_ademe_2023
02134,F,C,appartement,1956,160.5,501.0,2023-08-23,32,simule_distributions_ademe_2023
80277,C,E,maison,2007,93.1,256.0,2023-08-23,32,simule_distributions_ademe_2023
59314,D,F,appartement,1990,80.0,198.0,2023-08-23,32,simule_distributions_ademe_2023
60249,E,C,appartement,1984,50.0,542.0,2023-08-23,32,simule_distributions_ademe_2023
80234,D,F,maison,1986,197.3,172.0,2023-08-24,32,simule_distributions_ademe_2023
62138,D,C,appartement,1985,96.7,324.0,2023-08-24,32,simule_distributions_ademe_2023
02113,D,F,appartement,1973,47.2,246.0,2023-08-24,32,simule_distributions_ademe_2023
02232,D,F,maison,1970,34.0,326.0,2023-08-24,32,simule_distributions_ademe_2023
62087,E,C,maison,1986,149.4,530.0,2023-08-25,32,simule_distributions_ademe_2023
59146,G,E,appartement,1924,64.3,681.0,2023-08-25,32,simule_distributions_ademe_2023
62156,C,C,appartement,2004,137.1,286.0,2023-08-25,32,simule_distributions_ademe_2023
59055,F,F,appartement,1951,33.7,691.0,2023-08-25,32,simule_distributions_ademe_2023
02267,D,C,maison,1969,53.5,189.0,2023-08-26,32,simule_distributions_ademe_2023
59184,C,D,appartement,2018,89.9,157.0,2023-08-26,32,simule_distributions_ademe_2023
60255,C,C,appartement,1994,289.4,175.0,2023-08-26,32,simule_distributions_ademe_2023
60340,D,E,appartement,1994,167.5,328.0,2023-08-26,32,simule_distributions_ademe_2023
62081,C,F,appartement,2007,54.0,282.0,2023-08-27,32,simule_distributions_ademe_2023
60143,F,F,maison,1945,72.1,418.0,2023-08-27,32,simule_distributions_ademe_2023
02204,C,B,appartement,1997,58.5,302.0,2023-08-27,32,simule_distributions_ademe_2023
02002,D,F,maison,1991,43.0,305.0,2023-08-28,32,simule_distributions_ademe_2023
62096,E,F,appartement,1991,90.6,541.0,2023-08-28,32,simule_distributions_ademe_2023
80181,F,D,appartement,1932,68.4,459.0,2023-08-28,32,simule_distributions_ademe_2023
60041,C,G,maison,1987,68.8,259.0,2023-08-28,32,simule_distributions_ademe_2023
59134,A,C,maison,2014,160.7,105.0,2023-08-29,32,simule_distributions_ademe_2023
59156,C,E,maison,1997,55.0,277.0,2023-08-29,32,simule_distributions_ademe_2023
80083,D,G,maison,1965,51.5,206.0,2023-08-29,32,simule_distributions_ademe_2023
02233,G,C,maison,1940,41.1,375.0,2023-08-29,32,simule_distributions_ademe_2023
62166,D,F,appartement,1979,39.3,292.0,2023-08-30,32,simule_distributions_ademe_2023
02111,F,E,appartement,1939,31.3,532.0,2023-08-30,32,simule_distributions_ademe_2023
80064,E,G,appartement,1988,47.5,507.0,2023-08-30,32,simule_distributions_ademe_2023
80245,F,E,appartement,1928,86.3,561.0,2023-08-30,32,simule_distributions_ademe_2023
02067,E,C,maison,1986,102.1,630.0,2023-08-31,32,simule_distributions_ademe_2023
59213,D,F,appartement,1992,68.1,314.0,2023-08-31,32,simule_distributions_ademe_2023
59091,G,E,appartement,1925,22.8,447.0,2023-08-31,32,simule_distributions_ademe_2023
80365,C,D,appartement,1999,50.8,302.0,2023-08-31,32,simule_distributions_ademe_2023
62270,D,D,maison,1976,76.8,314.0,2023-09-01,32,simule_distributions_ademe_2023
59048,D,E,maison,1976,61.6,217.0,2023-09-01,32,simule_distributions_ademe_2023
62371,F,G,maison,1948,68.4,586.0,2023-09-01,32,simule_distributions_ademe_2023
62092,D,F,maison,1977,120.2,239.0,2023-09-01,32,simule_distributions_ademe_2023
59375,E,C,maison,1974,47.0,578.0,2023-09-02,32,simule_distributions_ademe_2023
02095,C,C,appartement,2008,66.1,219.0,2023-09-02,32,simule_distributions_ademe_2023
02088,F,E,maison,1968,107.1,399.0,2023-09-02,32,simule_distributions_ademe_2023
62307,F,E,maison,1929,48.7,341.0,2023-09-02,32,simule_distributions_ademe_2023
02250,G,F,appartement,1947,41.7,646.0,2023-09-03,32,simule_distributions_ademe_2023
59090,F,G,maison,1970,85.4,382.0,2023-09-03,32,simule_distributions_ademe_2023
59218,B,D,maison,2015,125.7,115.0,2023-09-03,32,simule_distributions_ademe_2023
80382,E,D,appartement,1986,29.2,461.0,2023-09-03,32,simule_distributions_ademe_2023
62176,D,F,maison,1986,52.2,179.0,2023-09-04,32,simule_distributions_ademe_2023
62079,E,A,appartement,1976,26.9,671.0,2023-09-04,32,simule_distributions_ademe_2023
59318,D,C,appartement,1984,95.0,157.0,2023-09-04,32,simule_distributions_ademe_2023
60279,C,D,maison,2001,57.4,318.0,2023-09-04,32,simule_distributions_ademe_2023
60350,F,G,appartement,1944,94.1,552.0,2023-09-05,32,simule_distributions_ademe_2023
02337,F,C,appartement,1944,53.5,450.0,2023-09-05,32,simule_distributions_ademe_2023
60075,E,E,appartement,1977,69.2,411.0,2023-09-05,32,simule_distributions_ademe_2023
80296,E,F,maison,1966,83.8,607.0,2023-09-05,32,simule_distributions_ademe_2023
80020,G,F,appartement,1944,38.1,341.0,2023-09-06,32,simule_distributions_ademe_2023
02284,D,D,maison,1982,66.1,199.0,2023-09-06,32,simule_distributions_ademe_2023
60239,A,E,appartement,2013,43.8,69.0,2023-09-06,32,simule_distributions_ademe_2023
62330,F,F,maison,1970,83.6,546.0,2023-09-06,32,simule_distributions_ademe_2023
59298,D,D,maison,1979,33.0,207.0,2023-09-07,32,simule_distributions_ademe_2023
60309,E,F,maison,1993,65.0,674.0,2023-09-07,32,simule_distributions_ademe_2023
02303,F,D,appartement,1933,41.3,512.0,2023-09-07,32,simule_distributions_ademe_2023
60147,G,C,appartement,1970,82.4,592.0,2023-09-08,32,simule_distributions_ademe_2023
60283,B,B,maison,1999,22.8,124.0,2023-09-08,32,simule_distributions_ademe_2023
62169,E,D,maison,1981,60.8,509.0,2023-09-08,32,simule_distributions_ademe_2023
59065,E,E,appartement,1969,52.6,545.0,2023-09-08,32,simule_distributions_ademe_2023
59392,D,G,appartement,1987,75.4,162.0,2023-09-09,32,simule_distributions_ademe_2023
02215,F,F,maison,1943,143.8,490.0,2023-09-09,32,simule_distributions_ademe_2023
02122,F,C,maison,1929,71.2,630.0,2023-09-09,32,simule_distributions_ademe_2023
59140,D,G,maison,1983,182.4,268.0,2023-09-09,32,simule_distributions_ademe_2023
02348,C,B,maison,2001,108.8,291.0,2023-09-10,32,simule_distributions_ademe_2023
02371,D,E,maison,1992,56.2,171.0,2023-09-10,32,simule_distributions_ademe_2023
60149,E,D,appartement,1982,70.4,614.0,2023-09-10,32,simule_distributions_ademe_2023
60325,G,D,maison,1971,111.5,458.0,2023-09-10,32,simule_distributions_ademe_2023
02239,B,C,appartement,2012,31.9,59.0,2023-09-11,32,simule_distributions_ademe_2023
02009,B,F,maison,2018,111.6,137.0,2023-09-11,32,simule_distributions_ademe_2023
60316,F,B,appartement,1928,40.0,566.0,2023-09-11,32,simule_distributions_ademe_2023
60298,G,B,appartement,1932,71.6,661.0,2023-09-11,32,simule_distributions_ademe_2023
59260,G,B,appartement,1943,45.9,650.0,2023-09-12,32,simule_distributions_ademe_2023
62353,G,E,appartement,1921,76.4,673.0,2023-09-12,32,simule_distributions_ademe_2023
02087,F,F,appartement,1936,31.3,480.0,2023-09-12,32,simule_distributions_ademe_2023
02172,F,D,appartement,1936,49.3,666.0,2023-09-12,32,simule_distributions_ademe_2023
62112,D,D,appartement,1980,65.6,222.0,2023-09-13,32,simule_distributions_ademe_2023
59382,E,E,appartement,1969,55.8,444.0,2023-09-13,32,simule_distributions_ademe_2023
59261,E,E,appartement,1976,98.2,516.0,2023-09-13,32,simule_distributions_ademe_2023
59021,E,F,maison,1969,58.5,447.0,2023-09-13,32,simule_distributions_ademe_2023
80262,E,E,appartement,1986,83.8,680.0,2023-09-14,32,simule_distributions_ademe_2023
02371,F,E,appartement,1955,50.4,697.0,2023-09-14,32,simule_distributions_ademe_2023
80031,F,F,appartement,1950,62.7,630.0,2023-09-14,32,simule_distributions_ademe_2023
59095,G,B,appartement,1946,75.5,353.0,2023-09-14,32,simule_distributions_ademe_2023
02034,E,F,maison,1988,203.8,570.0,2023-09-15,32,simule_distributions_ademe_2023
60380,G,D,appartement,1922,79.4,396.0,2023-09-15,32,simule_distributions_ademe_2023
80230,E,E,appartement,1965,89.9,672.0,2023-09-15,32,simule_distributions_ademe_2023
80214,E,E,maison,1988,71.0,478.0,2023-09-15,32,simule_distributions_ademe_2023
60085,G,E,maison,1930,111.0,690.0,2023-09-16,32,simule_distributions_ademe_2023
60200,E,C,maison,1984,26.9,580.0,2023-09-16,32,simule_distributions_ademe_2023
80106,E,C,maison,1985,143.3,648.0,2023-09-16,32,simule_distributions_ademe_2023
59275,B,D,maison,2003,70.6,85.0,2023-09-16,32,simule_distributions_ademe_2023
80130,E,E,appartement,1978,40.2,699.0,2023-09-17,32,simule_distributions_ademe_2023
59313,C,F,maison,2012,46.1,305.0,2023-09-17,32,simule_distributions_ademe_2023
80082,C,E,appartement,2019,123.4,294.0,2023-09-17,32,simule_distributions_ademe_2023
59060,C,D,maison,2007,50.0,324.0,2023-09-18,32,simule_distributions_ademe_2023
80180,B,F,appartement,2005,131.4,66.0,2023-09-18,32,simule_distributions_ademe_2023
02277,C,G,appartement,2009,49.6,160.0,2023-09-18,32,simule_distributions_ademe_2023
80348,D,F,maison,1993,37.1,199.0,2023-09-18,32,simule_distributions_ademe_2023
80099,D,E,immeuble,1970,106.4,281.0,2023-09-19,32,simule_distributions_ademe_2023
80073,F,E,maison,1959,34.8,698.0,2023-09-19,32,simule_distributions_ademe_2023
80256,G,B,appartement,1949,47.4,448.0,2023-09-19,32,simule_distributions_ademe_2023
60174,E,G,appartement,1991,83.8,656.0,2023-09-19,32,simule_distributions_ademe_2023
59032,C,E,maison,1992,65.7,211.0,2023-09-20,32,simule_distributions_ademe_2023
80397,F,C,appartement,1929,52.1,505.0,2023-09-20,32,simule_distributions_ademe_2023
60360,E,F,maison,1972,105.2,356.0,2023-09-20,32,simule_distributions_ademe_2023
80085,D,D,immeuble,1971,43.7,275.0,2023-09-20,32,simule_distributions_ademe_2023
80044,E,F,immeuble,1988,83.4,452.0,2023-09-21,32,simule_distributions_ademe_2023
02171,E,D,maison,1983,55.7,599.0,2023-09-21,32,simule_distributions_ademe_2023
60254,E,F,appartement,1968,64.0,661.0,2023-09-21,32,simule_distributions_ademe_2023
60349,E,F,maison,1976,50.6,356.0,2023-09-21,32,simule_distributions_ademe_2023
60291,E,D,maison,1978,124.2,503.0,2023-09-22,32,simule_distributions_ademe_2023
59253,B,B,appartement,1992,40.7,62.0,2023-09-22,32,simule_distributions_ademe_2023
62235,E,D,maison,1990,128.7,433.0,2023-09-22,32,simule_distributions_ademe_2023
59187,C,G,maison,2014,85.0,237.0,2023-09-22,32,simule_distributions_ademe_2023
80267,G,D,appartement,1940,112.5,349.0,2023-09-23,32,simule_distributions_ademe_2023
02320,F,B,appartement,1922,37.9,697.0,2023-09-23,32,simule_distributions_ademe_2023
80190,F,G,appartement,1968,63.4,605.0,2023-09-23,32,simule_distributions_ademe_2023
80033,F,B,appartement,1941,53.3,378.0,2023-09-23,32,simule_distributions_ademe_2023
80342,E,F,appartement,1989,101.7,633.0,2023-09-24,32,simule_distributions_ademe_2023
60223,F,F,maison,1952,90.9,595.0,2023-09-24,32,simule_distributions_ademe_2023
60100,G,F,maison,1951,70.7,583.0,2023-09-24,32,simule_distributions_ademe_2023
60264,E,C,maison,1970,42.3,422.0,2023-09-24,32,simule_distributions_ademe_2023
62367,C,D,maison,2017,114.5,229.0,2023-09-25,32,simule_distributions_ademe_2023
62058,E,C,appartement,1992,24.2,672.0,2023-09-25,32,simule_distributions_ademe_2023
02033,E,E,appartement,1965,94.3,476.0,2023-09-25,32,simule_distributions_ademe_2023
80347,E,C,maison,1988,41.0,344.0,2023-09-25,32,simule_distributions_ademe_2023
62302,F,D,immeuble,1967,94.4,607.0,2023-09-26,32,simule_distributions_ademe_2023
59028,C,E,maison,1992,126.1,237.0,2023-09-26,32,simule_distributions_ademe_2023
80283,F,E,appartement,1950,58.4,376.0,2023-09-26,32,simule_distributions_ademe_2023
02055,B,E,maison,1991,95.5,61.0,2023-09-26,32,simule_distributions_ademe_2023
60122,D,E,appartement,1991,48.5,268.0,2023-09-27,32,simule_distributions_ademe_2023
80358,E,F,appartement,1975,72.9,604.0,2023-09-27,32,simule_distributions_ademe_2023
02028,F,A,maison,1974,130.5,490.0,2023-09-27,32,simule_distributions_ademe_2023
80030,F,F,appartement,1928,88.3,548.0,2023-09-27,32,simule_distributions_ademe_2023
02188,G,F,maison,1955,66.4,564.0,2023-09-28,32,simule_distributions_ademe_2023
80325,E,F,maison,1988,84.2,631.0,2023-09-28,32,simule_distributions_ademe_2023
02341,E,E,appartement,1966,51.6,616.0,2023-09-28,32,simule_distributions_ademe_2023
62177,D,D,appartement,1969,51.9,270.0,2023-09-29,32,simule_distributions_ademe_2023
62314,F,G,maison,1922,117.0,338.0,2023-09-29,32,simule_distributions_ademe_2023
59031,E,F,appartement,1991,47.8,558.0,2023-09-29,32,simule_distributions_ademe_2023
80162,E,D,appartement,1980,182.8,525.0,2023-09-29,32,simule_distributions_ademe_2023
60072,G,B,appartement,1972,84.3,380.0,2023-09-30,32,simule_distributions_ademe_2023
62394,C,E,maison,1989,95.9,216.0,2023-09-30,32,simule_distributions_ademe_2023
02056,G,D,appartement,1920,97.7,595.0,2023-09-30,32,simule_distributions_ademe_2023
60099,F,G,appartement,1945,32.0,370.0,2023-09-30,32,simule_distributions_ademe_2023
62203,G,D,appartement,1972,96.6,497.0,2023-10-01,32,simule_distributions_ademe_2023
02242,B,G,maison,1997,97.6,75.0,2023-10-01,32,simule_distributions_ademe_2023
62286,D,C,maison,1991,85.3,191.0,2023-10-01,32,simule_distributions_ademe_2023
59235,D,F,appartement,1985,54.4,282.0,2023-10-01,32,simule_distributions_ademe_2023
02072,D,B,immeuble,1974,36.0,245.0,2023-10-02,32,simule_distributions_ademe_2023
02171,E,E,immeuble,1979,60.1,373.0,2023-10-02,32,simule_distributions_ademe_2023
80187,E,E,appartement,1989,67.0,469.0,2023-10-02,32,simule_distributions_ademe_2023
60133,C,D,maison,2014,47.1,274.0,2023-10-02,32,simule_distributions_ademe_2023
59374,F,F,appartement,1966,60.2,514.0,2023-10-03,32,simule_distributions_ademe_2023
02376,D,D,maison,1980,154.8,196.0,2023-10-03,32,simule_distributions_ademe_2023
02059,C,E,maison,2010,53.6,327.0,2023-10-03,32,simule_distributions_ademe_2023
62325,G,E,appartement,1941,123.1,536.0,2023-10-03,32,simule_distributions_ademe_2023
62281,F,C,appartement,1963,38.9,507.0,2023-10-04,32,simule_distributions_ademe_2023
80398,D,E,maison,1984,49.2,156.0,2023-10-04,32,simule_distributions_ademe_2023
60341,E,E,maison,1991,28.9,370.0,2023-10-04,32,simule_distributions_ademe_2023
80285,D,F,maison,1992,23.8,234.0,2023-10-04,32,simule_distributions_ademe_2023
60021,C,D,maison,2009,44.2,329.0,2023-10-05,32,simule_distributions_ademe_2023
62173,G,A,appartement,1959,90.8,636.0,2023-10-05,32,simule_distributions_ademe_2023
59212,G,C,maison,1935,71.6,496.0,2023-10-05,32,simule_distributions_ademe_2023
02075,D,E,appartement,1986,63.5,209.0,2023-10-05,32,simule_distributions_ademe_2023
02289,C,D,appartement,1992,75.8,271.0,2023-10-06,32,simule_distributions_ademe_2023
60126,E,E,appartement,1983,53.3,685.0,2023-10-06,32,simule_distributions_ademe_2023
80161,G,D,appartement,1923,68.9,584.0,2023-10-06,32,simule_distributions_ademe_2023
59025,D,E,maison,1982,65.7,268.0,2023-10-06,32,simule_distributions_ademe_2023
62306,F,D,maison,1946,62.6,607.0,2023-10-07,32,simule_distributions_ademe_2023
80046,C,C,appartement,1989,47.2,256.0,2023-10-07,32,simule_distributions_ademe_2023
80255,E,E,appartement,1983,119.2,420.0,2023-10-07,32,simule_distributions_ademe_2023
62115,C,G,maison,2008,38.5,246.0,2023-10-07,32,simule_distributions_ademe_2023
02249,D,G,appartement,1991,43.3,278.0,2023-10-08,32,simule_distributions_ademe_2023
60191,D,F,maison,1973,67.2,265.0,2023-10-08,32,simule_distributions_ademe_2023
62034,E,F,maison,1968,168.8,607.0,2023-10-08,32,simule_distributions_ademe_2023
62345,F,D,maison,1925,60.6,428.0,2023-10-08,32,simule_distributions_ademe_2023
02388,E,B,appartement,1992,65.1,511.0,2023-10-09,32,simule_distributions_ademe_2023
59263,E,F,appartement,1971,58.5,700.0,2023-10-09,32,simule_distributions_ademe_2023
59183,F,D,appartement,1928,62.1,406.0,2023-10-09,32,simule_distributions_ademe_2023
60152,F,F,maison,1936,84.1,690.0,2023-10-10,32,simule_distributions_ademe_2023
62037,E,B,maison,1984,29.7,342.0,2023-10-10,32,simule_distributions_ademe_2023
80256,F,E,maison,1961,93.7,571.0,2023-10-10,32,simule_distributions_ademe_2023
80325,C,D,appartement,1985,67.1,299.0,2023-10-10,32,simule_distributions_ademe_2023
60260,D,D,maison,1966,59.7,312.0,2023-10-11,32,simule_distributions_ademe_2023
02209,G,E,appartement,1970,92.5,493.0,2023-10-11,32,simule_distributions_ademe_2023
59118,F,D,appartement,1961,109.9,637.0,2023-10-11,32,simule_distributions_ademe_2023
80074,G,G,maison,1958,60.7,651.0,2023-10-11,32,simule_distributions_ademe_2023
62020,G,B,appartement,1941,20.4,469.0,2023-10-12,32,simule_distributions_ademe_2023
02249,E,E,maison,1969,42.8,428.0,2023-10-12,32,simule_distributions_ademe_2023
60058,F,E,appartement,1963,136.4,435.0,2023-10-12,32,simule_distributions_ademe_2023
59048,B,E,maison,2003,100.4,95.0,2023-10-12,32,simule_distributions_ademe_2023
80034,E,E,maison,1981,93.6,337.0,2023-10-13,32,simule_distributions_ademe_2023
60048,G,D,maison,1970,115.6,497.0,2023-10-13,32,simule_distributions_ademe_2023
60246,F,D,maison,1974,105.8,662.0,2023-10-13,32,simule_distributions_ademe_2023
80134,E,F,maison,1979,60.1,549.0,2023-10-13,32,simule_distributions_ademe_2023
60081,F,G,maison,1958,97.4,639.0,2023-10-14,32,simule_distributions_ademe_2023
80325,G,A,maison,1935,55.8,466.0,2023-10-14,32,simule_distributions_ademe_2023
02286,B,E,appartement,2018,32.1,77.0,2023-10-14,32,simule_distributions_ademe_2023
02141,E,F,appartement,1966,104.2,640.0,2023-10-14,32,simule_distributions_ademe_2023
80395,G,G,maison,1937,90.1,534.0,2023-10-15,32,simule_distributions_ademe_2023
60061,G,D,appartement,1943,50.7,629.0,2023-10-15,32,simule_distributions_ademe_2023
59020,F,D,maison,1966,82.2,487.0,2023-10-15,32,simule_distributions_ademe_2023
62249,E,G,maison,1978,38.4,449.0,2023-10-15,32,simule_distributions_ademe_2023
02059,F,E,maison,1944,180.3,339.0,2023-10-16,32,simule_distributions_ademe_2023
02256,F,C,appartement,1935,53.0,607.0,2023-10-16,32,simule_distributions_ademe_2023
60009,F,F,appartement,1956,170.0,425.0,2023-10-16,32,simule_distributions_ademe_2023
02209,E,F,maison,1990,47.9,346.0,2023-10-16,32,simule_distributions_ademe_2023
80295,F,G,appartement,1969,71.5,681.0,2023-10-17,32,simule_distributions_ademe_2023
62051,D,D,appartement,1985,56.7,239.0,2023-10-17,32,simule_distributions_ademe_2023
62054,E,G,maison,1972,83.5,471.0,2023-10-17,32,simule_distributions_ademe_2023
02226,C,D,appartement,2005,25.2,168.0,2023-10-17,32,simule_distributions_ademe_2023
60300,E,C,maison,1985,35.8,494.0,2023-10-18,32,simule_distributions_ademe_2023
80158,C,D,appartement,2006,70.2,185.0,2023-10-18,32,simule_distributions_ademe_2023
60002,G,E,appartement,1948,151.8,377.0,2023-10-18,32,simule_distributions_ademe_2023
59094,F,E,appartement,1948,70.7,535.0,2023-10-18,32,simule_distributions_ademe_2023
60195,F,F,appartement,1939,47.5,434.0,2023-10-19,32,simule_distributions_ademe_2023
02065,D,G,appartement,1990,41.3,322.0,2023-10-19,32,simule_distributions_ademe_2023
02128,F,G,maison,1946,22.7,405.0,2023-10-19,32,simule_distributions_ademe_2023
60185,E,G,maison,1994,128.1,341.0,2023-10-19,32,simule_distributions_ademe_2023
59084,C,C,immeuble,2014,80.6,199.0,2023-10-20,32,simule_distributions_ademe_2023
60368,D,F,maison,1979,60.7,297.0,2023-10-20,32,simule_distributions_ademe_2023
02338,F,C,maison,1927,23.9,476.0,2023-10-20,32,simule_distributions_ademe_2023
62336,C,F,maison,2007,92.2,327.0,2023-10-21,32,simule_distributions_ademe_2023
60323,F,A,appartement,1942,86.4,378.0,2023-10-21,32,simule_distributions_ademe_2023
80013,G,E,appartement,1963,94.0,522.0,2023-10-21,32,simule_distributions_ademe_2023
59072,E,F,appartement,1988,69.9,379.0,2023-10-21,32,simule_distributions_ademe_2023
80293,G,E,maison,1967,19.0,623.0,2023-10-22,32,simule_distributions_ademe_2023
59084,B,D,maison,1994,105.9,109.0,2023-10-22,32,simule_distributions_ademe_2023
62152,A,F,maison,2012,97.9,99.0,2023-10-22,32,simule_distributions_ademe_2023
80027,B,G,appartement,2017,48.1,99.0,2023-10-22,32,simule_distributions_ademe_2023
59113,F,E,appartement,1939,114.5,487.0,2023-10-23,32,simule_distributions_ademe_2023
59184,E,C,appartement,1969,56.0,617.0,2023-10-23,32,simule_distributions_ademe_2023
59066,E,E,maison,1991,43.3,603.0,2023-10-23,32,simule_distributions_ademe_2023
80142,D,G,appartement,1968,86.9,329.0,2023-10-23,32,simule_distributions_ademe_2023
62057,D,D,appartement,1966,51.7,241.0,2023-10-24,32,simule_distributions_ademe_2023
59004,F,G,maison,1954,119.8,435.0,2023-10-24,32,simule_distributions_ademe_2023
02322,F,B,appartement,1969,103.5,523.0,2023-10-24,32,simule_distributions_ademe_2023
80319,A,F,maison,1990,44.6,123.0,2023-10-24,32,simule_distributions_ademe_2023
60244,F,D,maison,1969,49.3,535.0,2023-10-25,32,simule_distributions_ademe_2023
59326,C,G,maison,2000,55.2,305.0,2023-10-25,32,simule_distributions_ademe_2023
80254,D,C,appartement,1993,92.7,309.0,2023-10-25,32,simule_distributions_ademe_2023
02019,F,G,maison,1951,93.2,540.0,2023-10-25,32,simule_distributions_ademe_2023
62211,F,C,appartement,1926,128.0,387.0,2023-10-26,32,simule_distributions_ademe_2023
60216,F,F,appartement,1943,96.9,668.0,2023-10-26,32,simule_distributions_ademe_2023
02174,C,C,appartement,2006,86.9,213.0,2023-10-26,32,simule_distributions_ademe_2023
60103,F,D,appartement,1920,94.8,531.0,2023-10-26,32,simule_distributions_ademe_2023
62014,F,E,maison,1935,34.9,698.0,2023-10-27,32,simule_distributions_ademe_2023
62162,E,D,maison,1967,71.7,603.0,2023-10-27,32,simule_distributions_ademe_2023
80224,F,C,maison,1966,87.1,343.0,2023-10-27,32,simule_distributions_ademe_2023
59376,D,E,appartement,1965,69.6,239.0,2023-10-27,32,simule_distributions_ademe_2023
02363,E,G,appartement,1977,63.8,409.0,2023-10-28,32,simule_distributions_ademe_2023
62303,E,F,maison,1967,73.5,476.0,2023-10-28,32,simule_distributions_ademe_2023
02069,G,C,maison,1922,49.5,608.0,2023-10-28,32,simule_distributions_ademe_2023
60322,G,B,appartement,1937,85.6,653.0,2023-10-28,32,simule_distributions_ademe_2023
62046,F,C,maison,1936,98.6,442.0,2023-10-29,32,simule_distributions_ademe_2023
59184,C,G,appartement,2007,31.5,264.0,2023-10-29,32,simule_distributions_ademe_2023
80345,B,F,maison,1996,83.7,82.0,2023-10-29,32,simule_distributions_ademe_2023
62104,D,D,appartement,1982,45.0,228.0,2023-10-29,32,simule_distributions_ademe_2023
80233,G,D,appartement,1936,162.9,364.0,2023-10-30,32,simule_distributions_ademe_2023
80044,G,E,immeuble,1964,63.3,471.0,2023-10-30,32,simule_distributions_ademe_2023
60254,D,G,appartement,1978,102.6,296.0,2023-10-30,32,simule_distributions_ademe_2023
02326,D,F,appartement,1988,52.8,288.0,2023-10-30,32,simule_distributions_ademe_2023
80014,F,C,maison,1945,159.1,658.0,2023-10-31,32,simule_distributions_ademe_2023
02055,E,F,appartement,1978,57.2,647.0,2023-10-31,32,simule_distributions_ademe_2023
80045,D,F,appartement,1972,76.5,277.0,2023-10-31,32,simule_distributions_ademe_2023
62339,G,F,maison,1934,117.6,671.0,2023-11-01,32,simule_distributions_ademe_2023
02339,E,G,maison,1968,85.7,399.0,2023-11-01,32,simule_distributions_ademe_2023
80391,D,A,maison,1969,92.3,173.0,2023-11-01,32,simule_distributions_ademe_2023
60044,B,D,maison,1988,49.5,136.0,2023-11-01,32,simule_distributions_ademe_2023
80155,C,D,maison,1996,48.8,245.0,2023-11-02,32,simule_distributions_ademe_2023
80081,F,E,maison,1974,25.7,626.0,2023-11-02,32,simule_distributions_ademe_2023
02355,D,E,appartement,1973,93.0,272.0,2023-11-02,32,simule_distributions_ademe_2023
59037,B,E,appartement,2019,102.1,99.0,2023-11-02,32,simule_distributions_ademe_2023
02090,D,F,appartement,1965,43.2,291.0,2023-11-03,32,simule_distributions_ademe_2023
02368,E,C,maison,1984,50.6,558.0,2023-11-03,32,simule_distributions_ademe_2023
80013,C,B,appartement,1994,78.6,259.0,2023-11-03,32,simule_distributions_ademe_2023
62376,F,D,maison,1929,54.1,344.0,2023-11-03,32,simule_distributions_ademe_2023
02351,E,D,appartement,1987,41.2,405.0,2023-11-04,32,simule_distributions_ademe_2023
02185,E,A,appartement,1970,87.1,494.0,2023-11-04,32,simule_distributions_ademe_2023
80058,B,E,maison,1994,72.9,82.0,2023-11-04,32,simule_distributions_ademe_2023
02327,B,E,maison,2006,71.8,131.0,2023-11-04,32,simule_distributions_ademe_2023
02025,G,D,maison,1943,41.7,583.0,2023-11-05,32,simule_distributions_ademe_2023
59086,F,D,appartement,1932,64.8,335.0,2023-11-05,32,simule_distributions_ademe_2023
80156,B,F,maison,2016,52.5,94.0,2023-11-05,32,simule_distributions_ademe_2023
62270,D,B,maison,1979,146.2,160.0,2023-11-05,32,simule_distributions_ademe_2023
60063,E,F,maison,1994,49.5,331.0,2023-11-06,32,simule_distributions_ademe_2023
59045,E,D,maison,1981,80.8,643.0,2023-11-06,32,simule_distributions_ademe_2023
62030,D,C,maison,1965,55.0,323.0,2023-11-06,32,simule_distributions_ademe_2023
60324,F,E,appartement,1950,37.5,588.0,2023-11-06,32,simule_distributions_ademe_2023
60351,G,E,maison,1960,34.2,604.0,2023-11-07,32,simule_distributions_ademe_2023
60393,G,F,maison,1921,55.1,552.0,2023-11-07,32,simule_distributions_ademe_2023
02002,E,G,maison,1972,81.3,397.0,2023-11-07,32,simule_distributions_ademe_2023
59236,D,E,maison,1979,109.5,253.0,2023-11-07,32,simule_distributions_ademe_2023
62280,F,D,immeuble,1933,131.1,518.0,2023-11-08,32,simule_distributions_ademe_2023
02105,F,F,appartement,1940,44.2,450.0,2023-11-08,32,simule_distributions_ademe_2023
02394,F,C,immeuble,1945,88.6,361.0,2023-11-08,32,simule_distributions_ademe_2023
62178,E,G,appartement,1973,79.0,351.0,2023-11-08,32,simule_distributions_ademe_2023
02346,G,C,maison,1952,59.4,511.0,2023-11-09,32,simule_distributions_ademe_2023
59037,F,D,maison,1949,61.8,680.0,2023-11-09,32,simule_distributions_ademe_2023
59238,F,E,appartement,1966,84.9,379.0,2023-11-09,32,simule_distributions_ademe_2023
60230,C,E,appartement,1995,141.0,164.0,2023-11-09,32,simule_distributions_ademe_2023
02100,E,F,maison,1978,25.7,631.0,2023-11-10,32,simule_distributions_ademe_2023
80157,F,F,appartement,1965,73.9,602.0,2023-11-10,32,simule_distributions_ademe_2023
62098,E,E,maison,1994,92.9,365.0,2023-11-10,32,simule_distributions_ademe_2023
80063,D,E,appartement,1977,51.3,266.0,2023-11-10,32,simule_distributions_ademe_2023
59097,E,C,maison,1984,45.6,609.0,2023-11-11,32,simule_distributions_ademe_2023
02117,E,F,appartement,1992,43.4,689.0,2023-11-11,32,simule_distributions_ademe_2023
62159,F,D,maison,1955,181.0,351.0,2023-11-11,32,simule_distributions_ademe_2023
02190,D,E,maison,1973,45.9,156.0,2023-11-12,32,simule_distributions_ademe_2023
02059,F,E,maison,1974,158.1,464.0,2023-11-12,32,simule_distributions_ademe_2023
60183,F,E,maison,1966,52.5,367.0,2023-11-12,32,simule_distributions_ademe_2023
80123,D,D,immeuble,1983,29.8,264.0,2023-11-12,32,simule_distributions_ademe_2023
80016,E,E,maison,1991,104.7,551.0,2023-11-13,32,simule_distributions_ademe_2023
62039,C,D,appartement,2001,48.9,310.0,2023-11-13,32,simule_distributions_ademe_2023
59317,C,D,appartement,2007,93.6,183.0,2023-11-13,32,simule_distributions_ademe_2023
59391,E,F,maison,1972,67.5,429.0,2023-11-13,32,simule_distributions_ademe_2023
59152,D,B,appartement,1966,74.9,230.0,2023-11-14,32,simule_distributions_ademe_2023
59362,D,E,maison,1976,61.8,156.0,2023-11-14,32,simule_distributions_ademe_2023
02088,C,D,maison,2017,38.3,230.0,2023-11-14,32,simule_distributions_ademe_2023
02252,C,D,maison,2018,42.7,198.0,2023-11-14,32,simule_distributions_ademe_2023
59110,G,B,maison,1951,21.5,404.0,2023-11-15,32,simule_distributions_ademe_2023
59001,G,E,maison,1942,159.6,450.0,2023-11-15,32,simule_distributions_ademe_2023
60003,G,E,maison,1926,47.7,473.0,2023-11-15,32,simule_distributions_ademe_2023
62067,D,F,maison,1985,56.9,158.0,2023-11-15,32,simule_distributions_ademe_2023
60273,D,E,maison,1979,78.1,318.0,2023-11-16,32,simule_distributions_ademe_2023
60266,D,C,maison,1974,77.3,175.0,2023-11-16,32,simule_distributions_ademe_2023
02121,F,C,appartement,1970,32.9,643.0,2023-11-16,32,simule_distributions_ademe_2023
02347,B,E,maison,2013,74.1,72.0,2023-11-16,32,simule_distributions_ademe_2023
59366,D,D,maison,1969,74.0,278.0,2023-11-17,32,simule_distributions_ademe_2023
80101,E,D,appartement,1969,108.1,459.0,2023-11-17,32,simule_distributions_ademe_2023
59199,D,E,appartement,1988,37.5,207.0,2023-11-17,32,simule_distributions_ademe_2023
59251,E,D,appartement,1990,108.7,519.0,2023-11-17,32,simule_distributions_ademe_2023
62326,F,F,appartement,1963,99.3,450.0,2023-11-18,32,simule_distributions_ademe_2023
60264,E,A,maison,1993,95.4,514.0,2023-11-18,32,simule_distributions_ademe_2023
80110,G,D,appartement,1929,54.9,590.0,2023-11-18,32,simule_distributions_ademe_2023
60005,F,G,appartement,1940,108.1,372.0,2023-11-18,32,simule_distributions_ademe_2023
59047,C,F,appartement,2013,95.0,253.0,2023-11-19,32,simule_distributions_ademe_2023
60327,F,D,appartement,1930,69.8,435.0,2023-11-19,32,simule_distributions_ademe_2023
80111,F,F,maison,1941,74.5,353.0,2023-11-19,32,simule_distributions_ademe_2023
62239,C,F,appartement,1995,81.7,286.0,2023-11-19,32,simule_distributions_ademe_2023
80330,F,G,maison,1927,48.6,477.0,2023-11-20,32,simule_distributions_ademe_2023
02067,E,D,appartement,1986,37.1,403.0,2023-11-20,32,simule_distributions_ademe_2023
80020,E,C,appartement,1970,223.5,568.0,2023-11-20,32,simule_distributions_ademe_2023
59289,E,E,appartement,1978,56.0,511.0,2023-11-20,32,simule_distributions_ademe_2023
59205,D,D,appartement,1992,77.7,182.0,2023-11-21,32,simule_distributions_ademe_2023
60254,C,E,immeuble,2011,60.0,252.0,2023-11-21,32,simule_distributions_ademe_2023
59164,E,G,maison,1985,92.5,527.0,2023-11-21,32,simule_distributions_ademe_2023
62194,G,E,appartement,1970,43.5,393.0,2023-11-21,32,simule_distributions_ademe_2023
62252,E,D,maison,1972,45.7,613.0,2023-11-22,32,simule_distributions_ademe_2023
02055,F,G,maison,1957,48.2,363.0,2023-11-22,32,simule_distributions_ademe_2023
62155,D,F,maison,1975,52.7,251.0,2023-11-22,32,simule_distributions_ademe_2023
60118,E,D,appartement,1979,40.0,625.0,2023-11-23,32,simule_distributions_ademe_2023
62115,D,A,maison,1969,63.6,208.0,2023-11-23,32,simule_distributions_ademe_2023
60171,C,F,appartement,2000,33.5,199.0,2023-11-23,32,simule_distributions_ademe_2023
62196,B,B,maison,2008,50.4,85.0,2023-11-23,32,simule_distributions_ademe_2023
80347,E,E,maison,1970,71.6,670.0,2023-11-24,32,simule_distributions_ademe_2023
80138,F,F,maison,1923,98.6,650.0,2023-11-24,32,simule_distributions_ademe_2023
02053,F,D,maison,1967,47.9,621.0,2023-11-24,32,simule_distributions_ademe_2023
62288,F,E,maison,1966,162.6,655.0,2023-11-24,32,simule_distributions_ademe_2023
80336,G,E,appartement,1971,79.8,516.0,2023-11-25,32,simule_distributions_ademe_2023
62339,F,G,maison,1950,47.3,370.0,2023-11-25,32,simule_distributions_ademe_2023
80234,D,B,maison,1965,71.7,161.0,2023-11-25,32,simule_distributions_ademe_2023
80224,E,F,appartement,1965,205.0,368.0,2023-11-25,32,simule_distributions_ademe_2023
59057,E,D,appartement,1965,70.9,422.0,2023-11-26,32,simule_distributions_ademe_2023
59226,G,G,appartement,1964,126.4,433.0,2023-11-26,32,simule_distributions_ademe_2023
60277,F,G,appartement,1951,61.0,525.0,2023-11-26,32,simule_distributions_ademe_2023
02111,F,E,maison,1943,66.0,355.0,2023-11-26,32,simule_distributions_ademe_2023
80241,F,D,immeuble,1936,102.7,482.0,2023-11-27,32,simule_distributions_ademe_2023
02066,A,F,appartement,1992,91.7,126.0,2023-11-27,32,simule_distributions_ademe_2023
62084,D,E,appartement,1979,33.8,291.0,2023-11-27,32,simule_distributions_ademe_2023
80080,D,B,appartement,1985,168.1,307.0,2023-11-27,32,simule_distributions_ademe_2023
60043,D,F,maison,1973,50.6,308.0,2023-11-28,32,simule_distributions_ademe_2023
59233,G,D,maison,1938,31.5,491.0,2023-11-28,32,simule_distributions_ademe_2023
80008,D,E,appartement,1986,104.1,224.0,2023-11-28,32,simule_distributions_ademe_2023
62234,A,G,maison,1998,74.5,59.0,2023-11-28,32,simule_distributions_ademe_2023
62267,D,B,appartement,1970,37.6,306.0,2023-11-29,32,simule_distributions_ademe_2023
02244,D,F,maison,1979,61.8,154.0,2023-11-29,32,simule_distributions_ademe_2023
60226,E,G,appartement,1969,154.0,693.0,2023-11-29,32,simule_distributions_ademe_2023
60083,C,F,maison,1988,70.1,240.0,2023-11-29,32,simule_distributions_ademe_2023
02188,G,F,maison,1955,92.8,362.0,2023-11-30,32,simule_distributions_ademe_2023
62295,D,B,maison,1979,43.8,291.0,2023-11-30,32,simule_distributions_ademe_2023
59387,E,D,maison,1980,59.6,398.0,2023-11-30,32,simule_distributions_ademe_2023
80092,F,E,appartement,1965,82.3,392.0,2023-11-30,32,simule_distributions_ademe_2023
59344,F,D,appartement,1943,43.0,545.0,2023-12-01,32,simule_distributions_ademe_2023
80078,D,D,appartement,1966,40.5,191.0,2023-12-01,32,simule_distributions_ademe_2023
60328,F,E,maison,1925,48.3,561.0,2023-12-01,32,simule_distributions_ademe_2023
59304,D,D,maison,1989,55.8,309.0,2023-12-01,32,simule_distributions_ademe_2023
02181,E,D,maison,1983,83.1,512.0,2023-12-02,32,simule_distributions_ademe_2023
59183,D,F,appartement,1983,36.2,269.0,2023-12-02,32,simule_distributions_ademe_2023
62274,G,E,maison,1934,54.8,352.0,2023-12-02,32,simule_distributions_ademe_2023
62253,E,E,appartement,1980,139.8,467.0,2023-12-02,32,simule_distributions_ademe_2023
59329,E,E,maison,1989,59.9,650.0,2023-12-03,32,simule_distributions_ademe_2023
02047,C,E,maison,1988,69.4,210.0,2023-12-03,32,simule_distributions_ademe_2023
80080,D,D,maison,1990,46.1,186.0,2023-12-03,32,simule_distributions_ademe_2023
80239,F,A,immeuble,1932,105.3,383.0,2023-12-04,32,simule_distributions_ademe_2023
60061,E,D,maison,1992,90.2,560.0,2023-12-04,32,simule_distributions_ademe_2023
02043,E,G,appartement,1966,33.7,384.0,2023-12-04,32,simule_distributions_ademe_2023
02330,D,F,appartement,1974,68.5,295.0,2023-12-04,32,simule_distributions_ademe_2023
60049,G,E,maison,1934,86.7,442.0,2023-12-05,32,simule_distributions_ademe_2023
62291,E,B,maison,1985,113.0,675.0,2023-12-05,32,simule_distributions_ademe_2023
02352,E,D,appartement,1988,55.6,582.0,2023-12-05,32,simule_distributions_ademe_2023
59369,G,D,maison,1957,46.8,350.0,2023-12-05,32,simule_distributions_ademe_2023
62351,D,E,appartement,1972,55.5,257.0,2023-12-06,32,simule_distributions_ademe_2023
60254,F,G,maison,1929,47.2,518.0,2023-12-06,32,simule_distributions_ademe_2023
60296,D,A,maison,1990,44.1,156.0,2023-12-06,32,simule_distributions_ademe_2023
80067,D,C,appartement,1974,92.5,329.0,2023-12-06,32,simule_distributions_ademe_2023
59392,C,F,appartement,2015,42.9,304.0,2023-12-07,32,simule_distributions_ademe_2023
60250,E,E,maison,1993,137.0,653.0,2023-12-07,32,simule_distributions_ademe_2023
59038,F,F,maison,1924,68.8,676.0,2023-12-07,32,simule_distributions_ademe_2023
62319,E,F,appartement,1977,82.4,374.0,2023-12-07,32,simule_distributions_ademe_2023
60132,C,D,maison,1992,36.0,324.0,2023-12-08,32,simule_distributions_ademe_2023
02331,D,C,immeuble,1993,35.0,309.0,2023-12-08,32,simule_distributions_ademe_2023
59269,E,D,appartement,1983,37.5,504.0,2023-12-08,32,simule_distributions_ademe_2023
02041,D,D,appartement,1978,121.7,325.0,2023-12-08,32,simule_distributions_ademe_2023
59179,F,E,appartement,1949,59.3,587.0,2023-12-09,32,simule_distributions_ademe_2023
80233,C,E,maison,2000,174.2,286.0,2023-12-09,32,simule_distributions_ademe_2023
02173,E,D,maison,1982,119.3,510.0,2023-12-09,32,simule_distributions_ademe_2023
80212,E,D,appartement,1966,92.0,619.0,2023-12-09,32,simule_distributions_ademe_2023
80062,D,D,maison,1980,102.2,265.0,2023-12-10,32,simule_distributions_ademe_2023
62200,F,E,maison,1937,70.9,642.0,2023-12-10,32,simule_distributions_ademe_2023
60287,B,F,appartement,2004,67.1,61.0,2023-12-10,32,simule_distributions_ademe_2023
02166,C,G,appartement,2002,122.8,201.0,2023-12-10,32,simule_distributions_ademe_2023
02290,F,D,appartement,1926,61.8,349.0,2023-12-11,32,simule_distributions_ademe_2023
02158,F,D,appartement,1938,41.8,671.0,2023-12-11,32,simule_distributions_ademe_2023
02029,F,F,maison,1954,77.2,526.0,2023-12-11,32,simule_distributions_ademe_2023
80357,E,E,maison,1982,149.0,699.0,2023-12-11,32,simule_distributions_ademe_2023
62233,E,C,maison,1984,47.6,676.0,2023-12-12,32,simule_distributions_ademe_2023
59094,D,E,maison,1979,33.6,220.0,2023-12-12,32,simule_distributions_ademe_2023
80160,E,F,maison,1966,53.1,472.0,2023-12-12,32,simule_distributions_ademe_2023
80163,C,F,appartement,2016,158.9,264.0,2023-12-12,32,simule_distributions_ademe_2023
80093,D,F,appartement,1986,53.5,249.0,2023-12-13,32,simule_distributions_ademe_2023
02164,D,D,appartement,1971,61.1,288.0,2023-12-13,32,simule_distributions_ademe_2023
62246,E,G,maison,1987,30.5,632.0,2023-12-13,32,simule_distributions_ademe_2023
02119,C,F,maison,2015,49.0,274.0,2023-12-13,32,simule_distributions_ademe_2023
62264,D,F,appartement,1994,79.1,231.0,2023-12-14,32,simule_distributions_ademe_2023
59182,D,C,appartement,1978,100.8,216.0,2023-12-14,32,simule_distributions_ademe_2023
62173,B,E,maison,1992,126.7,53.0,2023-12-14,32,simule_distributions_ademe_2023
60019,D,C,maison,1981,77.3,330.0,2023-12-15,32,simule_distributions_ademe_2023
59310,B,E,appartement,2017,33.9,136.0,2023-12-15,32,simule_distributions_ademe_2023
80286,D,C,maison,1990,51.3,279.0,2023-12-15,32,simule_distributions_ademe_2023
02065,D,B,maison,1974,47.0,222.0,2023-12-15,32,simule_distributions_ademe_2023
80334,F,F,maison,1961,52.1,539.0,2023-12-16,32,simule_distributions_ademe_2023
59316,G,D,maison,1968,55.3,684.0,2023-12-16,32,simule_distributions_ademe_2023
02225,G,F,appartement,1930,210.4,402.0,2023-12-16,32,simule_distributions_ademe_2023
62097,D,B,maison,1987,54.1,285.0,2023-12-16,32,simule_distributions_ademe_2023
02165,D,E,maison,1990,104.9,302.0,2023-12-17,32,simule_distributions_ademe_2023
60263,F,F,maison,1945,51.1,418.0,2023-12-17,32,simule_distributions_ademe_2023
02322,D,E,maison,1987,47.4,216.0,2023-12-17,32,simule_distributions_ademe_2023
59310,C,F,immeuble,2008,164.5,304.0,2023-12-17,32,simule_distributions_ademe_2023
59120,E,G,appartement,1975,73.4,644.0,2023-12-18,32,simule_distributions_ademe_2023
59286,F,E,maison,1958,24.7,637.0,2023-12-18,32,simule_distributions_ademe_2023
59221,E,F,appartement,1970,52.1,547.0,2023-12-18,32,simule_distributions_ademe_2023
59319,C,G,appartement,1986,28.1,245.0,2023-12-18,32,simule_distributions_ademe_2023
59141,D,E,appartement,1968,48.6,238.0,2023-12-19,32,simule_distributions_ademe_2023
60362,D,B,appartement,1977,73.8,326.0,2023-12-19,32,simule_distributions_ademe_2023
62280,C,F,appartement,2002,20.1,195.0,2023-12-19,32,simule_distributions_ademe_2023
02214,E,F,maison,1983,84.5,399.0,2023-12-19,32,simule_distributions_ademe_2023
60325,F,D,appartement,1951,119.8,687.0,2023-12-20,32,simule_distributions_ademe_2023
02306,F,E,maison,1951,87.2,557.0,2023-12-20,32,simule_distributions_ademe_2023
02024,G,F,appartement,1939,24.8,372.0,2023-12-20,32,simule_distributions_ademe_2023
02124,G,D,maison,1934,34.0,377.0,2023-12-20,32,simule_distributions_ademe_2023
59117,E,D,maison,1979,93.2,509.0,2023-12-21,32,simule_distributions_ademe_2023
80068,D,C,maison,1979,74.4,282.0,2023-12-21,32,simule_distributions_ademe_2023
60350,C,C,appartement,1988,29.0,203.0,2023-12-21,32,simule_distributions_ademe_2023
59027,G,E,appartement,1934,34.2,537.0,2023-12-21,32,simule_distributions_ademe_2023
59306,E,E,immeuble,1985,65.7,400.0,2023-12-22,32,simule_distributions_ademe_2023
60034,E,F,maison,1991,94.3,524.0,2023-12-22,32,simule_distributions_ademe_2023
60018,G,E,maison,1954,224.3,401.0,2023-12-22,32,simule_distributions_ademe_2023
59083,G,E,maison,1972,114.4,649.0,2023-12-22,32,simule_distributions_ademe_2023
02221,E,E,appartement,1982,50.6,546.0,2023-12-23,32,simule_distributions_ademe_2023
60018,G,C,maison,1943,97.5,561.0,2023-12-23,32,simule_distributions_ademe_2023
62367,G,F,appartement,1939,99.7,381.0,2023-12-23,32,simule_distributions_ademe_2023
02179,C,G,maison,2001,134.4,290.0,2023-12-23,32,simule_distributions_ademe_2023
60096,F,E,maison,1964,41.1,591.0,2023-12-24,32,simule_distributions_ademe_2023
62020,G,A,appartement,1923,43.5,470.0,2023-12-24,32,simule_distributions_ademe_2023
60094,D,C,appartement,1976,56.5,254.0,2023-12-24,32,simule_distributions_ademe_2023
62058,E,C,maison,1969,38.2,681.0,2023-12-24,32,simule_distributions_ademe_2023
59064,F,E,maison,1970,63.1,609.0,2023-12-25,32,simule_distributions_ademe_2023
60329,E,G,appartement,1989,41.5,496.0,2023-12-25,32,simule_distributions_ademe_2023
60256,E,E,maison,1974,39.1,575.0,2023-12-25,32,simule_distributions_ademe_2023
80251,G,E,appartement,1956,102.6,646.0,2023-12-26,32,simule_distributions_ademe_2023
02270,C,F,maison,2008,41.3,307.0,2023-12-26,32,simule_distributions_ademe_2023
60240,G,G,maison,1942,48.1,403.0,2023-12-26,32,simule_distributions_ademe_2023
62180,C,F,appartement,1994,106.6,310.0,2023-12-26,32,simule_distributions_ademe_2023
60038,D,G,appartement,1994,60.9,208.0,2023-12-27,32,simule_distributions_ademe_2023
02363,C,E,appartement,2003,61.7,260.0,2023-12-27,32,simule_distributions_ademe_2023
80130,D,D,appartement,1991,42.4,182.0,2023-12-27,32,simule_distributions_ademe_2023
80289,E,D,immeuble,1984,48.8,580.0,2023-12-27,32,simule_distributions_ademe_2023
59353,D,E,appartement,1977,111.5,241.0,2023-12-28,32,simule_distributions_ademe_2023
62074,C,F,appartement,1997,109.2,254.0,2023-12-28,32,simule_distributions_ademe_2023
80152,E,E,appartement,1977,34.3,605.0,2023-12-28,32,simule_distributions_ademe_2023
60204,C,F,appartement,1995,29.7,249.0,2023-12-28,32,simule_distributions_ademe_2023
60050,D,E,maison,1979,72.7,157.0,2023-12-29,32,simule_distributions_ademe_2023
59070,B,E,maison,1999,37.9,80.0,2023-12-29,32,simule_distributions_ademe_2023
02327,D,F,appartement,1965,33.3,189.0,2023-12-29,32,simule_distributions_ademe_2023
59040,F,A,appartement,1950,39.4,401.0,2023-12-29,32,simule_distributions_ademe_2023
59220,F,G,appartement,1948,34.8,484.0,2023-12-30,32,simule_distributions_ademe_2023
62176,G,D,appartement,1931,116.4,664.0,2023-12-30,32,simule_distributions_ademe_2023
59214,D,D,appartement,1969,50.0,303.0,2023-12-30,32,simule_distributions_ademe_2023
02220,E,D,appartement,1978,30.2,423.0,2023-12-30,32,simule_distributions_ademe_2023
60298,G,E,appartement,1958,108.0,510.0,2023-12-31,32,simule_distributions_ademe_2023
02069,D,D,immeuble,1981,89.5,302.0,2023-12-31,32,simule_distributions_ademe_2023
02083,D,C,appartement,1978,32.2,212.0,2023-12-31,32,simule_distributions_ademe_2023
80211,G,G,maison,1967,35.9,679.0,2023-12-31,32,simule_distributions_ademe_2023
62125,F,F,appartement,1962,46.0,572.0,2024-01-01,32,simule_distributions_ademe_2023
62046,E,D,maison,1978,94.0,394.0,2024-01-01,32,simule_distributions_ademe_2023
80108,D,D,appartement,1981,143.5,309.0,2024-01-01,32,simule_distributions_ademe_2023
59089,E,E,appartement,1976,119.6,495.0,2024-01-01,32,simule_distributions_ademe_2023
02291,G,D,appartement,1970,91.0,562.0,2024-01-02,32,simule_distributions_ademe_2023
59379,D,F,maison,1966,69.6,310.0,2024-01-02,32,simule_distributions_ademe_2023
60087,F,E,appartement,1932,85.8,358.0,2024-01-02,32,simule_distributions_ademe_2023
59209,D,F,appartement,1971,42.1,193.0,2024-01-02,32,simule_distributions_ademe_2023
02200,E,B,maison,1988,76.1,398.0,2024-01-03,32,simule_distributions_ademe_2023
62061,E,D,maison,1978,68.9,688.0,2024-01-03,32,simule_distributions_ademe_2023
80087,E,E,appartement,1972,41.1,537.0,2024-01-03,32,simule_distributions_ademe_2023
62140,D,G,maison,1991,51.9,276.0,2024-01-03,32,simule_distributions_ademe_2023
59192,D,E,maison,1970,110.8,239.0,2024-01-04,32,simule_distributions_ademe_2023
59301,A,D,appartement,2004,138.5,117.0,2024-01-04,32,simule_distributions_ademe_2023
80222,D,D,immeuble,1982,97.5,281.0,2024-01-04,32,simule_distributions_ademe_2023
59313,D,E,appartement,1967,110.3,299.0,2024-01-04,32,simule_distributions_ademe_2023
60017,F,C,immeuble,1947,86.2,567.0,2024-01-05,32,simule_distributions_ademe_2023
62240,E,B,appartement,1981,92.6,389.0,2024-01-05,32,simule_distributions_ademe_2023
80107,C,C,appartement,1995,78.0,165.0,2024-01-05,32,simule_distributions_ademe_2023
62296,G,E,maison,1929,54.5,423.0,2024-01-06,32,simule_distributions_ademe_2023
02005,A,F,appartement,1988,50.3,101.0,2024-01-06,32,simule_distributions_ademe_2023
60190,E,D,appartement,1989,28.7,614.0,2024-01-06,32,simule_distributions_ademe_2023
02088,F,D,appartement,1957,134.8,674.0,2024-01-06,32,simule_distributions_ademe_2023
02300,C,E,appartement,2002,177.0,159.0,2024-01-07,32,simule_distributions_ademe_2023
62326,G,C,maison,1943,106.4,509.0,2024-01-07,32,simule_distributions_ademe_2023
60338,F,E,maison,1963,93.1,574.0,2024-01-07,32,simule_distributions_ademe_2023
80243,C,G,appartement,2003,57.5,236.0,2024-01-07,32,simule_distributions_ademe_2023
60029,E,D,appartement,1977,63.3,508.0,2024-01-08,32,simule_distributions_ademe_2023
59062,F,G,maison,1941,35.9,413.0,2024-01-08,32,simule_distributions_ademe_2023
80132,D,B,appartement,1975,37.0,328.0,2024-01-08,32,simule_distributions_ademe_2023
80074,F,D,maison,1964,45.2,647.0,2024-01-08,32,simule_distributions_ademe_2023
60214,D,C,maison,1975,74.0,202.0,2024-01-09,32,simule_distributions_ademe_2023
62152,F,A,maison,1939,38.2,600.0,2024-01-09,32,simule_distributions_ademe_2023
62327,F,A,maison,1960,92.1,440.0,2024-01-09,32,simule_distributions_ademe_2023
62267,D,D,maison,1978,25.1,280.0,2024-01-09,32,simule_distributions_ademe_2023
62056,D,F,appartement,1988,42.4,293.0,2024-01-10,32,simule_distributions_ademe_2023
62029,E,E,appartement,1989,91.2,608.0,2024-01-10,32,simule_distributions_ademe_2023
59207,E,D,maison,1992,175.1,408.0,2024-01-10,32,simule_distributions_ademe_2023
80043,D,D,maison,1968,62.5,223.0,2024-01-10,32,simule_distributions_ademe_2023
80276,E,E,appartement,1981,169.9,471.0,2024-01-11,32,simule_distributions_ademe_2023
02015,E,D,appartement,1986,102.4,639.0,2024-01-11,32,simule_distributions_ademe_2023
80350,E,D,appartement,1970,71.3,345.0,2024-01-11,32,simule_distributions_ademe_2023
62132,F,F,maison,1944,86.0,424.0,2024-01-11,32,simule_distributions_ademe_2023
59051,F,E,maison,1960,68.5,471.0,2024-01-12,32,simule_distributions_ademe_2023
60250,E,F,maison,1974,31.9,621.0,2024-01-12,32,simule_distributions_ademe_2023
60175,C,G,appartement,2017,44.3,242.0,2024-01-12,32,simule_distributions_ademe_2023
60363,D,F,appartement,1969,39.3,277.0,2024-01-12,32,simule_distributions_ademe_2023
59364,D,F,appartement,1969,85.8,274.0,2024-01-13,32,simule_distributions_ademe_2023
80197,D,E,maison,1979,32.5,213.0,2024-01-13,32,simule_distributions_ademe_2023
62370,D,E,maison,1981,54.6,153.0,2024-01-13,32,simule_distributions_ademe_2023
60139,E,B,maison,1970,83.3,566.0,2024-01-13,32,simule_distributions_ademe_2023
60271,F,E,maison,1960,178.6,510.0,2024-01-14,32,simule_distributions_ademe_2023
60227,C,C,maison,1989,73.5,165.0,2024-01-14,32,simule_distributions_ademe_2023
02238,F,B,maison,1924,18.0,542.0,2024-01-14,32,simule_distributions_ademe_2023
59122,D,E,appartement,1976,76.7,215.0,2024-01-14,32,simule_distributions_ademe_2023
60014,G,E,immeuble,1933,38.4,342.0,2024-01-15,32,simule_distributions_ademe_2023
80019,E,F,maison,1972,201.6,503.0,2024-01-15,32,simule_distributions_ademe_2023
80336,C,D,maison,2018,73.3,202.0,2024-01-15,32,simule_distributions_ademe_2023
80075,G,G,maison,1957,37.1,391.0,2024-01-15,32,simule_distributions_ademe_2023
62300,G,C,maison,1957,126.3,398.0,2024-01-16,32,simule_distributions_ademe_2023
80018,F,D,maison,1973,31.6,676.0,2024-01-16,32,simule_distributions_ademe_2023
80054,D,D,maison,1971,39.2,196.0,2024-01-16,32,simule_distributions_ademe_2023
02171,F,C,appartement,1946,238.0,442.0,2024-01-17,32,simule_distributions_ademe_2023
02130,G,E,immeuble,1937,139.9,607.0,2024-01-17,32,simule_distributions_ademe_2023
62385,E,F,maison,1982,45.4,673.0,2024-01-17,32,simule_distributions_ademe_2023
62312,E,F,maison,1987,63.6,473.0,2024-01-17,32,simule_distributions_ademe_2023
80187,E,E,immeuble,1991,88.6,665.0,2024-01-18,32,simule_distributions_ademe_2023
59306,D,C,maison,1991,172.9,225.0,2024-01-18,32,simule_distributions_ademe_2023
60369,D,D,immeuble,1983,53.7,208.0,2024-01-18,32,simule_distributions_ademe_2023
80148,F,E,maison,1945,80.5,547.0,2024-01-18,32,simule_distributions_ademe_2023
02119,E,E,maison,1974,72.9,578.0,2024-01-19,32,simule_distributions_ademe_2023
02285,E,E,maison,1978,47.9,387.0,2024-01-19,32,simule_distributions_ademe_2023
59358,D,F,maison,1970,44.4,246.0,2024-01-19,32,simule_distributions_ademe_2023
60276,G,F,appartement,1927,18.0,446.0,2024-01-19,32,simule_distributions_ademe_2023
02320,E,E,immeuble,1986,51.2,642.0,2024-01-20,32,simule_distributions_ademe_2023
60025,D,F,immeuble,1982,68.0,257.0,2024-01-20,32,simule_distributions_ademe_2023
80099,F,G,maison,1972,110.6,689.0,2024-01-20,32,simule_distributions_ademe_2023
02206,C,F,appartement,2006,123.1,266.0,2024-01-20,32,simule_distributions_ademe_2023
59396,E,D,maison,1989,114.8,659.0,2024-01-21,32,simule_distributions_ademe_2023
02053,E,G,maison,1994,122.7,652.0,2024-01-21,32,simule_distributions_ademe_2023
59151,D,E,appartement,1983,107.0,237.0,2024-01-21,32,simule_distributions_ademe_2023
02112,E,E,maison,1971,92.0,528.0,2024-01-21,32,simule_distributions_ademe_2023
02284,E,F,appartement,1983,151.7,396.0,2024-01-22,32,simule_distributions_ademe_2023
62140,G,D,appartement,1928,64.3,389.0,2024-01-22,32,simule_distributions_ademe_2023
80312,E,F,maison,1976,70.5,464.0,2024-01-22,32,simule_distributions_ademe_2023
59044,E,D,appartement,1979,59.3,644.0,2024-01-22,32,simule_distributions_ademe_2023
62282,F,A,immeuble,1962,59.7,604.0,2024-01-23,32,simule_distributions_ademe_2023
02234,D,C,maison,1972,78.6,248.0,2024-01-23,32,simule_distributions_ademe_2023
60387,D,F,maison,1987,51.6,299.0,2024-01-23,32,simule_distributions_ademe_2023
59193,D,G,maison,1979,86.6,284.0,2024-01-23,32,simule_distributions_ademe_2023
59126,E,G,appartement,1972,88.5,575.0,2024-01-24,32,simule_distributions_ademe_2023
59211,C,C,appartement,2006,32.4,243.0,2024-01-24,32,simule_distributions_ademe_2023
62157,C,G,immeuble,1993,52.1,184.0,2024-01-24,32,simule_distributions_ademe_2023
60286,E,E,appartement,1983,55.1,523.0,2024-01-24,32,simule_distributions_ademe_2023
59053,E,C,maison,1973,61.9,629.0,2024-01-25,32,simule_distributions_ademe_2023
62280,E,G,maison,1977,69.6,516.0,2024-01-25,32,simule_distributions_ademe_2023
60165,D,E,immeuble,1976,82.1,228.0,2024-01-25,32,simule_distributions_ademe_2023
62312,B,E,maison,1997,80.4,147.0,2024-01-25,32,simule_distributions_ademe_2023
80005,D,E,maison,1988,111.0,265.0,2024-01-26,32,simule_distributions_ademe_2023
02368,D,D,maison,1982,58.0,193.0,2024-01-26,32,simule_distributions_ademe_2023
62066,D,D,appartement,1969,101.6,257.0,2024-01-26,32,simule_distributions_ademe_2023
60239,C,D,maison,2008,108.3,318.0,2024-01-26,32,simule_distributions_ademe_2023
80223,C,C,appartement,1988,116.2,309.0,2024-01-27,32,simule_distributions_ademe_2023
62142,E,F,maison,1987,37.9,656.0,2024-01-27,32,simule_distributions_ademe_2023
80091,B,B,appartement,2019,147.2,102.0,2024-01-27,32,simule_distributions_ademe_2023
80196,F,G,appartement,1924,120.3,657.0,2024-01-28,32,simule_distributions_ademe_2023
62316,A,C,appartement,2019,52.6,96.0,2024-01-28,32,simule_distributions_ademe_2023
62107,F,C,maison,1931,55.0,372.0,2024-01-28,32,simule_distributions_ademe_2023
60235,D,F,maison,1986,34.3,220.0,2024-01-28,32,simule_distributions_ademe_2023
59277,E,E,maison,1979,46.7,354.0,2024-01-29,32,simule_distributions_ademe_2023
02329,G,F,appartement,1924,107.8,670.0,2024-01-29,32,simule_distributions_ademe_2023
59388,F,E,appartement,1950,71.5,559.0,2024-01-29,32,simule_distributions_ademe_2023
62244,G,C,maison,1941,66.1,379.0,2024-01-29,32,simule_distributions_ademe_2023
60227,G,F,appartement,1972,82.3,516.0,2024-01-30,32,simule_distributions_ademe_2023
02314,C,F,maison,2008,32.4,307.0,2024-01-30,32,simule_distributions_ademe_2023
62370,F,F,appartement,1954,29.9,438.0,2024-01-30,32,simule_distributions_ademe_2023
59247,E,C,immeuble,1981,121.3,498.0,2024-01-30,32,simule_distributions_ademe_2023
60122,G,D,appartement,1936,59.9,694.0,2024-01-31,32,simule_distributions_ademe_2023
62117,D,B,immeuble,1990,141.7,208.0,2024-01-31,32,simule_distributions_ademe_2023
59163,E,D,appartement,1971,24.1,511.0,2024-01-31,32,simule_distributions_ademe_2023
59282,C,E,maison,2018,90.2,215.0,2024-01-31,32,simule_distributions_ademe_2023
60243,G,B,appartement,1948,92.2,360.0,2024-02-01,32,simule_distributions_ademe_2023
02391,E,C,maison,1972,70.2,392.0,2024-02-01,32,simule_distributions_ademe_2023
62384,G,E,maison,1956,194.7,668.0,2024-02-01,32,simule_distributions_ademe_2023
59170,D,G,maison,1967,50.9,243.0,2024-02-01,32,simule_distributions_ademe_2023
02329,G,D,maison,1921,82.0,548.0,2024-02-02,32,simule_distributions_ademe_2023
02317,C,D,maison,1986,39.8,221.0,2024-02-02,32,simule_distributions_ademe_2023
02359,D,F,appartement,1992,291.9,200.0,2024-02-02,32,simule_distributions_ademe_2023
80232,F,E,appartement,1948,99.0,370.0,2024-02-02,32,simule_distributions_ademe_2023
62286,B,G,maison,1988,97.3,64.0,2024-02-03,32,simule_distributions_ademe_2023
59031,E,G,appartement,1975,53.1,371.0,2024-02-03,32,simule_distributions_ademe_2023
80069,E,E,appartement,1971,99.1,585.0,2024-02-03,32,simule_distributions_ademe_2023
60268,F,E,appartement,1956,55.2,556.0,2024-02-03,32,simule_distributions_ademe_2023
59117,F,E,maison,1939,29.1,586.0,2024-02-04,32,simule_distributions_ademe_2023
62265,F,D,maison,1944,199.0,371.0,2024-02-04,32,simule_distributions_ademe_2023
59370,F,B,maison,1972,31.6,380.0,2024-02-04,32,simule_distributions_ademe_2023
60379,G,D,maison,1974,63.6,592.0,2024-02-04,32,simule_distributions_ademe_2023
02069,F,C,maison,1949,291.4,608.0,2024-02-05,32,simule_distributions_ademe_2023
59209,E,D,maison,1984,39.0,511.0,2024-02-05,32,simule_distributions_ademe_2023
59052,E,G,appartement,1990,97.2,658.0,2024-02-05,32,simule_distributions_ademe_2023
59296,G,G,appartement,1935,43.8,465.0,2024-02-05,32,simule_distributions_ademe_2023
59282,D,F,maison,1989,67.1,231.0,2024-02-06,32,simule_distributions_ademe_2023
60375,G,D,appartement,1949,61.7,690.0,2024-02-06,32,simule_distributions_ademe_2023
60392,B,C,appartement,1999,124.5,67.0,2024-02-06,32,simule_distributions_ademe_2023
59276,F,C,maison,1965,50.6,580.0,2024-02-06,32,simule_distributions_ademe_2023
59119,D,D,appartement,1969,68.5,285.0,2024-02-07,32,simule_distributions_ademe_2023
02077,B,B,maison,2013,68.1,146.0,2024-02-07,32,simule_distributions_ademe_2023
59065,D,E,maison,1993,46.0,258.0,2024-02-07,32,simule_distributions_ademe_2023
62128,B,C,immeuble,1986,82.4,69.0,2024-02-08,32,simule_distributions_ademe_2023
80093,C,F,appartement,1989,109.7,226.0,2024-02-08,32,simule_distributions_ademe_2023
02066,F,F,appartement,1930,115.3,580.0,2024-02-08,32,simule_distributions_ademe_2023
60330,F,D,appartement,1959,125.1,586.0,2024-02-08,32,simule_distributions_ademe_2023
60171,C,D,appartement,2017,69.0,299.0,2024-02-09,32,simule_distributions_ademe_2023
02114,C,F,maison,2012,134.1,153.0,2024-02-09,32,simule_distributions_ademe_2023
02089,F,E,appartement,1959,159.9,575.0,2024-02-09,32,simule_distributions_ademe_2023
62057,D,C,appartement,1980,61.2,318.0,2024-02-09,32,simule_distributions_ademe_2023
59315,D,F,appartement,1989,104.6,267.0,2024-02-10,32,simule_distributions_ademe_2023
60293,B,E,appartement,2004,47.3,115.0,2024-02-10,32,simule_distributions_ademe_2023
59112,D,C,appartement,1973,41.1,276.0,2024-02-10,32,simule_distributions_ademe_2023
80319,G,E,maison,1940,101.9,686.0,2024-02-10,32,simule_distributions_ademe_2023
02181,D,F,maison,1985,37.8,325.0,2024-02-11,32,simule_distributions_ademe_2023
62123,A,C,immeuble,2014,53.9,108.0,2024-02-11,32,simule_distributions_ademe_2023
62117,D,E,appartement,1970,120.8,259.0,2024-02-11,32,simule_distributions_ademe_2023
62275,E,C,appartement,1991,72.6,411.0,2024-02-11,32,simule_distributions_ademe_2023
60234,E,E,appartement,1984,37.1,483.0,2024-02-12,32,simule_distributions_ademe_2023
59358,C,F,maison,2007,42.5,325.0,2024-02-12,32,simule_distributions_ademe_2023
62316,D,B,maison,1984,55.4,263.0,2024-02-12,32,simule_distributions_ademe_2023
59290,G,E,appartement,1963,88.7,544.0,2024-02-12,32,simule_distributions_ademe_2023
62352,E,B,maison,1981,43.5,524.0,2024-02-13,32,simule_distributions_ademe_2023
60294,F,D,maison,1940,63.8,501.0,2024-02-13,32,simule_distributions_ademe_2023
62006,E,E,maison,1982,123.9,625.0,2024-02-13,32,simule_distributions_ademe_2023
60090,E,E,appartement,1993,59.8,398.0,2024-02-13,32,simule_distributions_ademe_2023
02351,C,F,appartement,2008,141.0,172.0,2024-02-14,32,simule_distributions_ademe_2023
62114,C,A,appartement,1990,78.9,192.0,2024-02-14,32,simule_distributions_ademe_2023
80268,B,A,maison,1993,110.6,139.0,2024-02-14,32,simule_distributions_ademe_2023
60122,C,D,maison,2004,60.4,316.0,2024-02-14,32,simule_distributions_ademe_2023
02283,G,C,appartement,1964,67.3,385.0,2024-02-15,32,simule_distributions_ademe_2023
59055,F,E,maison,1931,63.7,575.0,2024-02-15,32,simule_distributions_ademe_2023
80193,F,B,maison,1952,62.5,544.0,2024-02-15,32,simule_distributions_ademe_2023
62206,E,E,maison,1975,55.3,641.0,2024-02-15,32,simule_distributions_ademe_2023
60180,D,E,appartement,1971,62.3,242.0,2024-02-16,32,simule_distributions_ademe_2023
59297,B,F,maison,2005,28.3,95.0,2024-02-16,32,simule_distributions_ademe_2023
02319,G,D,maison,1950,42.0,423.0,2024-02-16,32,simule_distributions_ademe_2023
59364,D,D,maison,1979,81.5,231.0,2024-02-16,32,simule_distributions_ademe_2023
59106,F,D,appartement,1940,35.2,375.0,2024-02-17,32,simule_distributions_ademe_2023
60398,D,C,appartement,1981,157.0,240.0,2024-02-17,32,simule_distributions_ademe_2023
62206,E,E,maison,1974,128.8,680.0,2024-02-17,32,simule_distributions_ademe_2023
59069,D,G,maison,1985,44.1,321.0,2024-02-18,32,simule_distributions_ademe_2023
60137,F,F,appartement,1958,45.6,586.0,2024-02-18,32,simule_distributions_ademe_2023
80224,D,F,maison,1965,45.0,300.0,2024-02-18,32,simule_distributions_ademe_2023
59104,G,G,appartement,1955,107.8,689.0,2024-02-18,32,simule_distributions_ademe_2023
59028,D,D,appartement,1969,99.3,223.0,2024-02-19,32,simule_distributions_ademe_2023
60368,G,E,maison,1950,100.7,390.0,2024-02-19,32,simule_distributions_ademe_2023
80070,E,E,immeuble,1988,43.5,345.0,2024-02-19,32,simule_distributions_ademe_2023
59349,F,D,maison,1972,50.2,396.0,2024-02-19,32,simule_distributions_ademe_2023
59080,D,D,appartement,1966,63.7,315.0,2024-02-20,32,simule_distributions_ademe_2023
59023,D,G,appartement,1978,62.1,185.0,2024-02-20,32,simule_distributions_ademe_2023
62259,F,D,maison,1945,19.9,595.0,2024-02-20,32,simule_distributions_ademe_2023
02384,E,E,maison,1991,98.2,399.0,2024-02-20,32,simule_distributions_ademe_2023
59236,F,A,appartement,1945,70.8,545.0,2024-02-21,32,simule_distributions_ademe_2023
59004,G,E,maison,1938,45.3,551.0,2024-02-21,32,simule_distributions_ademe_2023
59300,E,F,maison,1970,59.2,488.0,2024-02-21,32,simule_distributions_ademe_2023
59150,G,B,appartement,1943,87.6,404.0,2024-02-21,32,simule_distributions_ademe_2023
62108,E,F,appartement,1988,51.4,664.0,2024-02-22,32,simule_distributions_ademe_2023
60110,D,E,maison,1968,80.1,177.0,2024-02-22,32,simule_distributions_ademe_2023
59001,D,F,maison,1971,70.5,217.0,2024-02-22,32,simule_distributions_ademe_2023
80134,D,F,maison,1994,31.3,152.0,2024-02-22,32,simule_distributions_ademe_2023
02149,C,E,appartement,2002,47.0,285.0,2024-02-23,32,simule_distributions_ademe_2023
60005,E,C,maison,1967,100.8,465.0,2024-02-23,32,simule_distributions_ademe_2023
60331,E,F,maison,1969,91.0,392.0,2024-02-23,32,simule_distributions_ademe_2023
80360,F,F,appartement,1950,34.4,581.0,2024-02-23,32,simule_distributions_ademe_2023
80099,E,B,appartement,1980,85.6,424.0,2024-02-24,32,simule_distributions_ademe_2023
60383,G,D,appartement,1964,86.7,607.0,2024-02-24,32,simule_distributions_ademe_2023
60023,D,E,maison,1990,93.7,280.0,2024-02-24,32,simule_distributions_ademe_2023
02350,F,E,appartement,1937,73.0,497.0,2024-02-24,32,simule_distributions_ademe_2023
80008,C,E,maison,2014,111.2,167.0,2024-02-25,32,simule_distributions_ademe_2023
80253,F,A,appartement,1933,49.9,337.0,2024-02-25,32,simule_distributions_ademe_2023
59266,G,E,maison,1940,57.3,459.0,2024-02-25,32,simule_distributions_ademe_2023
80193,D,D,immeuble,1974,90.5,225.0,2024-02-25,32,simule_distributions_ademe_2023
02081,G,D,maison,1946,58.9,643.0,2024-02-26,32,simule_distributions_ademe_2023
59240,E,D,appartement,1967,56.9,610.0,2024-02-26,32,simule_distributions_ademe_2023
60065,F,F,appartement,1947,49.0,541.0,2024-02-26,32,simule_distributions_ademe_2023
80235,E,E,appartement,1986,27.5,585.0,2024-02-26,32,simule_distributions_ademe_2023
59170,C,E,appartement,2017,52.9,159.0,2024-02-27,32,simule_distributions_ademe_2023
62014,G,F,maison,1972,160.1,666.0,2024-02-27,32,simule_distributions_ademe_2023
60254,D,F,appartement,1967,56.7,312.0,2024-02-27,32,simule_distributions_ademe_2023
60040,C,D,appartement,2004,46.5,155.0,2024-02-27,32,simule_distributions_ademe_2023
02071,G,G,maison,1943,140.0,674.0,2024-02-28,32,simule_distributions_ademe_2023
02174,D,D,maison,1974,66.5,308.0,2024-02-28,32,simule_distributions_ademe_2023
02311,E,G,appartement,1982,136.1,404.0,2024-02-28,32,simule_distributions_ademe_2023
02039,C,E,maison,1995,26.8,319.0,2024-02-29,32,simule_distributions_ademe_2023
60001,F,E,maison,1952,77.4,691.0,2024-02-29,32,simule_distributions_ademe_2023
59078,F,G,appartement,1945,70.1,631.0,2024-02-29,32,simule_distributions_ademe_2023
59175,F,E,appartement,1939,93.3,670.0,2024-02-29,32,simule_distributions_ademe_2023
80221,C,D,appartement,1990,49.1,292.0,2024-03-01,32,simule_distributions_ademe_2023
02228,G,F,maison,1937,64.2,690.0,2024-03-01,32,simule_distributions_ademe_2023
60272,G,F,appartement,1968,29.6,621.0,2024-03-01,32,simule_distributions_ademe_2023
62305,D,D,appartement,1965,77.4,185.0,2024-03-01,32,simule_distributions_ademe_2023
60267,E,D,maison,1978,79.0,336.0,2024-03-02,32,simule_distributions_ademe_2023
80153,B,D,appartement,1989,56.6,148.0,2024-03-02,32,simule_distributions_ademe_2023
62062,E,E,maison,1981,31.9,676.0,2024-03-02,32,simule_distributions_ademe_2023
59048,F,F,immeuble,1960,100.8,652.0,2024-03-02,32,simule_distributions_ademe_2023
62396,D,G,maison,1974,47.2,188.0,2024-03-03,32,simule_distributions_ademe_2023
80341,F,B,appartement,1969,40.3,347.0,2024-03-03,32,simule_distributions_ademe_2023
80269,G,E,maison,1928,157.2,567.0,2024-03-03,32,simule_distributions_ademe_2023
80029,C,E,maison,1995,73.0,186.0,2024-03-03,32,simule_distributions_ademe_2023
59212,G,B,maison,1949,114.0,645.0,2024-03-04,32,simule_distributions_ademe_2023
80315,E,B,maison,1994,55.8,457.0,2024-03-04,32,simule_distributions_ademe_2023
80114,D,B,maison,1982,70.1,273.0,2024-03-04,32,simule_distributions_ademe_2023
60244,D,E,appartement,1986,68.2,248.0,2024-03-04,32,simule_distributions_ademe_2023
59368,B,E,appartement,2007,52.2,123.0,2024-03-05,32,simule_distributions_ademe_2023
62188,D,A,appartement,1987,108.8,215.0,2024-03-05,32,simule_distributions_ademe_2023
59366,E,D,maison,1992,63.1,454.0,2024-03-05,32,simule_distributions_ademe_2023
80008,D,E,appartement,1987,92.8,174.0,2024-03-05,32,simule_distributions_ademe_2023
59060,E,E,maison,1992,72.9,599.0,2024-03-06,32,simule_distributions_ademe_2023
80280,B,E,immeuble,2008,52.0,132.0,2024-03-06,32,simule_distributions_ademe_2023
62091,G,D,maison,1934,102.3,607.0,2024-03-06,32,simule_distributions_ademe_2023
80059,C,F,appartement,1985,181.3,288.0,2024-03-06,32,simule_distributions_ademe_2023
59147,G,E,appartement,1940,47.5,384.0,2024-03-07,32,simule_distributions_ademe_2023
80356,G,E,appartement,1951,96.4,558.0,2024-03-07,32,simule_distributions_ademe_2023
60196,F,E,maison,1922,228.4,481.0,2024-03-07,32,simule_distributions_ademe_2023
60107,E,D,appartement,1980,34.6,577.0,2024-03-07,32,simule_distributions_ademe_2023
59197,F,B,maison,1951,53.7,392.0,2024-03-08,32,simule_distributions_ademe_2023
60218,E,E,maison,1994,96.2,516.0,2024-03-08,32,simule_distributions_ademe_2023
80038,D,G,maison,1984,27.1,173.0,2024-03-08,32,simule_distributions_ademe_2023
59137,G,E,appartement,1969,71.8,481.0,2024-03-08,32,simule_distributions_ademe_2023
80120,G,E,appartement,1953,105.3,435.0,2024-03-09,32,simule_distributions_ademe_2023
60074,D,F,maison,1988,97.0,168.0,2024-03-09,32,simule_distributions_ademe_2023
80207,C,F,appartement,1997,56.9,257.0,2024-03-09,32,simule_distributions_ademe_2023
59117,E,E,maison,1965,66.7,617.0,2024-03-09,32,simule_distributions_ademe_2023
80237,E,F,maison,1979,73.6,461.0,2024-03-10,32,simule_distributions_ademe_2023
02016,G,F,maison,1959,86.3,371.0,2024-03-10,32,simule_distributions_ademe_2023
02035,B,D,appartement,2019,34.7,112.0,2024-03-10,32,simule_distributions_ademe_2023
02320,D,D,maison,1980,36.3,280.0,2024-03-11,32,simule_distributions_ademe_2023
02135,F,D,maison,1920,137.6,633.0,2024-03-11,32,simule_distributions_ademe_2023
02398,D,F,appartement,1971,67.0,219.0,2024-03-11,32,simule_distributions_ademe_2023
60304,G,E,appartement,1958,40.7,590.0,2024-03-11,32,simule_distributions_ademe_2023
02221,D,C,appartement,1974,53.6,228.0,2024-03-12,32,simule_distributions_ademe_2023
80047,D,E,maison,1976,109.7,301.0,2024-03-12,32,simule_distributions_ademe_2023
62305,F,C,maison,1926,90.2,397.0,2024-03-12,32,simule_distributions_ademe_2023
59053,E,E,maison,1975,42.0,426.0,2024-03-12,32,simule_distributions_ademe_2023
62297,D,D,maison,1987,57.9,288.0,2024-03-13,32,simule_distributions_ademe_2023
60286,G,D,appartement,1934,58.1,435.0,2024-03-13,32,simule_distributions_ademe_2023
02192,D,E,appartement,1978,23.4,190.0,2024-03-13,32,simule_distributions_ademe_2023
60098,D,F,maison,1987,109.6,308.0,2024-03-13,32,simule_distributions_ademe_2023
59052,E,F,maison,1970,22.4,652.0,2024-03-14,32,simule_distributions_ademe_2023
60238,E,D,immeuble,1986,67.5,607.0,2024-03-14,32,simule_distributions_ademe_2023
60170,E,E,maison,1980,116.6,619.0,2024-03-14,32,simule_distributions_ademe_2023
59199,F,C,immeuble,1973,96.6,559.0,2024-03-14,32,simule_distributions_ademe_2023
80131,G,F,immeuble,1974,37.6,513.0,2024-03-15,32,simule_distributions_ademe_2023
60349,B,D,appartement,1996,170.1,57.0,2024-03-15,32,simule_distributions_ademe_2023
02084,C,D,appartement,2009,44.4,246.0,2024-03-15,32,simule_distributions_ademe_2023
60084,E,F,maison,1978,48.4,463.0,2024-03-15,32,simule_distributions_ademe_2023
62335,F,C,maison,1942,75.6,595.0,2024-03-16,32,simule_distributions_ademe_2023
59345,G,D,maison,1974,51.0,638.0,2024-03-16,32,simule_distributions_ademe_2023
80022,F,D,appartement,1968,71.1,568.0,2024-03-16,32,simule_distributions_ademe_2023
59136,F,D,maison,1951,112.0,500.0,2024-03-16,32,simule_distributions_ademe_2023
60187,E,F,maison,1983,95.6,657.0,2024-03-17,32,simule_distributions_ademe_2023
02295,E,G,appartement,1983,63.4,457.0,2024-03-17,32,simule_distributions_ademe_2023
80219,G,F,appartement,1937,90.6,530.0,2024-03-17,32,simule_distributions_ademe_2023
59390,G,D,maison,1973,111.5,694.0,2024-03-17,32,simule_distributions_ademe_2023
59313,B,F,maison,2009,148.3,88.0,2024-03-18,32,simule_distributions_ademe_2023
80277,E,E,appartement,1971,55.4,660.0,2024-03-18,32,simule_distributions_ademe_2023
59263,E,E,maison,1980,72.1,446.0,2024-03-18,32,simule_distributions_ademe_2023
62024,D,E,appartement,1971,105.9,297.0,2024-03-18,32,simule_distributions_ademe_2023
02044,E,F,maison,1986,146.7,532.0,2024-03-19,32,simule_distributions_ademe_2023
62335,E,C,appartement,1970,29.1,505.0,2024-03-19,32,simule_distributions_ademe_2023
59113,D,C,appartement,1980,74.2,290.0,2024-03-19,32,simule_distributions_ademe_2023
62259,A,E,appartement,2002,45.9,63.0,2024-03-19,32,simule_distributions_ademe_2023
02129,F,F,maison,1966,66.6,333.0,2024-03-20,32,simule_distributions_ademe_2023
02279,D,F,maison,1991,38.3,191.0,2024-03-20,32,simule_distributions_ademe_2023
59197,B,G,maison,2011,120.5,56.0,2024-03-20,32,simule_distributions_ademe_2023
62093,C,D,appartement,2001,77.8,278.0,2024-03-20,32,simule_distributions_ademe_2023
80265,A,B,maison,2017,134.7,150.0,2024-03-21,32,simule_distributions_ademe_2023
80050,D,C,appartement,1966,88.3,186.0,2024-03-21,32,simule_distributions_ademe_2023
60210,F,F,immeuble,1939,93.8,574.0,2024-03-21,32,simule_distributions_ademe_2023
59010,F,E,immeuble,1942,66.8,341.0,2024-03-22,32,simule_distributions_ademe_2023
80314,C,E,maison,1993,96.2,285.0,2024-03-22,32,simule_distributions_ademe_2023
80366,F,F,maison,1957,95.7,621.0,2024-03-22,32,simule_distributions_ademe_2023
59009,D,F,immeuble,1993,90.4,220.0,2024-03-22,32,simule_distributions_ademe_2023
02252,E,C,appartement,1983,62.2,643.0,2024-03-23,32,simule_distributions_ademe_2023
60035,D,E,maison,1981,56.5,221.0,2024-03-23,32,simule_distributions_ademe_2023
80100,B,D,maison,2003,57.1,71.0,2024-03-23,32,simule_distributions_ademe_2023
59012,E,G,maison,1970,31.6,393.0,2024-03-23,32,simule_distributions_ademe_2023
59387,D,G,maison,1994,48.7,274.0,2024-03-24,32,simule_distributions_ademe_2023
60236,E,E,maison,1979,67.2,462.0,2024-03-24,32,simule_distributions_ademe_2023
62298,B,B,maison,2012,20.8,57.0,2024-03-24,32,simule_distributions_ademe_2023
59144,F,C,appartement,1971,89.6,350.0,2024-03-24,32,simule_distributions_ademe_2023
62232,G,C,appartement,1944,99.9,333.0,2024-03-25,32,simule_distributions_ademe_2023
62041,F,D,immeuble,1971,41.6,669.0,2024-03-25,32,simule_distributions_ademe_2023
59181,C,B,appartement,2011,104.1,187.0,2024-03-25,32,simule_distributions_ademe_2023
02127,G,G,appartement,1947,71.0,685.0,2024-03-25,32,simule_distributions_ademe_2023
02137,B,G,maison,1997,92.9,139.0,2024-03-26,32,simule_distributions_ademe_2023
59126,E,D,appartement,1979,78.7,486.0,2024-03-26,32,simule_distributions_ademe_2023
60325,G,D,maison,1939,83.7,491.0,2024-03-26,32,simule_distributions_ademe_2023
59380,C,C,appartement,1985,134.3,254.0,2024-03-26,32,simule_distributions_ademe_2023
60203,F,F,appartement,1945,59.7,341.0,2024-03-27,32,simule_distributions_ademe_2023
60230,F,E,appartement,1939,102.9,627.0,2024-03-27,32,simule_distributions_ademe_2023
59389,G,E,maison,1972,51.3,612.0,2024-03-27,32,simule_distributions_ademe_2023
60093,D,D,maison,1990,59.0,304.0,2024-03-27,32,simule_distributions_ademe_2023
80089,D,G,immeuble,1988,61.8,285.0,2024-03-28,32,simule_distributions_ademe_2023
59160,B,G,maison,2010,103.5,67.0,2024-03-28,32,simule_distributions_ademe_2023
59333,A,E,maison,1999,37.2,140.0,2024-03-28,32,simule_distributions_ademe_2023
59354,C,E,appartement,2013,21.8,317.0,2024-03-28,32,simule_distributions_ademe_2023
80345,F,C,maison,1950,47.1,499.0,2024-03-29,32,simule_distributions_ademe_2023
62221,F,E,maison,1922,40.2,663.0,2024-03-29,32,simule_distributions_ademe_2023
60076,D,C,maison,1971,55.7,254.0,2024-03-29,32,simule_distributions_ademe_2023
80179,D,E,immeuble,1973,58.5,286.0,2024-03-29,32,simule_distributions_ademe_2023
80173,E,D,appartement,1987,48.9,335.0,2024-03-30,32,simule_distributions_ademe_2023
60218,F,C,maison,1945,32.5,608.0,2024-03-30,32,simule_distributions_ademe_2023
02019,E,E,appartement,1974,82.2,593.0,2024-03-30,32,simule_distributions_ademe_2023
60267,F,G,appartement,1938,149.5,663.0,2024-03-30,32,simule_distributions_ademe_2023
62083,F,G,maison,1963,77.7,632.0,2024-03-31,32,simule_distributions_ademe_2023
59142,G,G,appartement,1956,59.2,631.0,2024-03-31,32,simule_distributions_ademe_2023
80098,F,E,appartement,1970,21.5,348.0,2024-03-31,32,simule_distributions_ademe_2023
80041,D,C,maison,1992,112.4,293.0,2024-03-31,32,simule_distributions_ademe_2023
02373,G,E,appartement,1949,85.2,553.0,2024-04-01,32,simule_distributions_ademe_2023
62191,B,D,appartement,2014,60.5,145.0,2024-04-01,32,simule_distributions_ademe_2023
02202,C,E,maison,2006,27.5,159.0,2024-04-01,32,simule_distributions_ademe_2023
80359,E,F,maison,1992,75.6,588.0,2024-04-02,32,simule_distributions_ademe_2023
62304,C,C,appartement,2017,91.1,322.0,2024-04-02,32,simule_distributions_ademe_2023
59148,E,E,maison,1991,100.1,586.0,2024-04-02,32,simule_distributions_ademe_2023
80358,D,G,appartement,1994,64.5,270.0,2024-04-02,32,simule_distributions_ademe_2023
59215,C,C,immeuble,1991,124.0,324.0,2024-04-03,32,simule_distributions_ademe_2023
59335,C,D,appartement,2007,40.1,237.0,2024-04-03,32,simule_distributions_ademe_2023
02079,F,C,appartement,1952,25.8,681.0,2024-04-03,32,simule_distributions_ademe_2023
59280,G,A,maison,1972,79.4,470.0,2024-04-03,32,simule_distributions_ademe_2023
62088,E,D,maison,1969,28.6,628.0,2024-04-04,32,simule_distributions_ademe_2023
62024,C,F,appartement,1993,27.1,314.0,2024-04-04,32,simule_distributions_ademe_2023
59310,D,E,appartement,1969,23.9,221.0,2024-04-04,32,simule_distributions_ademe_2023
62131,C,C,maison,1988,121.2,237.0,2024-04-04,32,simule_distributions_ademe_2023
02359,C,C,maison,2011,153.3,159.0,2024-04-05,32,simule_distributions_ademe_2023
62037,E,G,appartement,1967,45.4,443.0,2024-04-05,32,simule_distributions_ademe_2023
02374,D,F,maison,1987,92.1,311.0,2024-04-05,32,simule_distributions_ademe_2023
80378,G,F,maison,1926,98.7,544.0,2024-04-05,32,simule_distributions_ademe_2023
62300,F,B,immeuble,1929,70.8,344.0,2024-04-06,32,simule_distributions_ademe_2023
02138,G,F,maison,1970,63.2,527.0,2024-04-06,32,simule_distributions_ademe_2023
59365,E,C,maison,1977,78.6,594.0,2024-04-06,32,simule_distributions_ademe_2023
62231,A,D,appartement,2003,51.7,60.0,2024-04-06,32,simule_distributions_ademe_2023
80013,D,C,appartement,1992,307.0,324.0,2024-04-07,32,simule_distributions_ademe_2023
59288,E,E,maison,1980,87.0,440.0,2024-04-07,32,simule_distributions_ademe_2023
62330,G,E,maison,1949,189.7,382.0,2024-04-07,32,simule_distributions_ademe_2023
80342,F,D,appartement,1945,43.4,334.0,2024-04-07,32,simule_distributions_ademe_2023
80271,E,D,maison,1968,48.0,441.0,2024-04-08,32,simule_distributions_ademe_2023
59107,D,F,maison,1993,47.4,328.0,2024-04-08,32,simule_distributions_ademe_2023
80039,F,E,maison,1948,86.9,639.0,2024-04-08,32,simule_distributions_ademe_2023
02196,D,G,maison,1990,62.0,199.0,2024-04-08,32,simule_distributions_ademe_2023
60272,C,A,maison,2011,31.1,160.0,2024-04-09,32,simule_distributions_ademe_2023
60300,C,D,maison,2013,74.6,238.0,2024-04-09,32,simule_distributions_ademe_2023
80082,D,E,maison,1974,67.9,183.0,2024-04-09,32,simule_distributions_ademe_2023
80319,E,E,maison,1989,92.5,429.0,2024-04-09,32,simule_distributions_ademe_2023
60319,F,E,appartement,1944,121.8,362.0,2024-04-10,32,simule_distributions_ademe_2023
62313,F,C,appartement,1932,85.2,632.0,2024-04-10,32,simule_distributions_ademe_2023
59392,E,A,appartement,1984,64.8,617.0,2024-04-10,32,simule_distributions_ademe_2023
02200,F,E,maison,1936,23.9,556.0,2024-04-10,32,simule_distributions_ademe_2023
60226,F,F,appartement,1961,53.9,629.0,2024-04-11,32,simule_distributions_ademe_2023
02379,F,D,appartement,1973,110.6,355.0,2024-04-11,32,simule_distributions_ademe_2023
62301,F,F,appartement,1964,71.3,659.0,2024-04-11,32,simule_distributions_ademe_2023
60230,E,C,maison,1988,77.5,492.0,2024-04-11,32,simule_distributions_ademe_2023
02379,C,E,appartement,2010,32.9,314.0,2024-04-12,32,simule_distributions_ademe_2023
60024,D,D,maison,1984,76.2,205.0,2024-04-12,32,simule_distributions_ademe_2023
59207,F,D,appartement,1921,68.0,591.0,2024-04-12,32,simule_distributions_ademe_2023
60262,C,E,maison,1990,46.5,163.0,2024-04-13,32,simule_distributions_ademe_2023
60023,D,A,appartement,1984,82.6,221.0,2024-04-13,32,simule_distributions_ademe_2023
60182,E,F,immeuble,1974,143.4,461.0,2024-04-13,32,simule_distributions_ademe_2023
80119,C,C,appartement,2015,72.3,158.0,2024-04-13,32,simule_distributions_ademe_2023
02158,E,F,appartement,1990,21.4,382.0,2024-04-14,32,simule_distributions_ademe_2023
02386,B,D,appartement,1985,107.6,91.0,2024-04-14,32,simule_distributions_ademe_2023
60129,C,G,appartement,2004,94.4,260.0,2024-04-14,32,simule_distributions_ademe_2023
02281,D,G,appartement,1975,65.3,193.0,2024-04-14,32,simule_distributions_ademe_2023
59323,G,A,appartement,1973,81.3,444.0,2024-04-15,32,simule_distributions_ademe_2023
80214,G,D,maison,1945,52.5,567.0,2024-04-15,32,simule_distributions_ademe_2023
59217,D,D,maison,1986,65.5,313.0,2024-04-15,32,simule_distributions_ademe_2023
80137,G,C,maison,1968,60.9,453.0,2024-04-15,32,simule_distributions_ademe_2023
62285,E,A,appartement,1989,85.1,433.0,2024-04-16,32,simule_distributions_ademe_2023
60349,G,D,appartement,1932,62.4,534.0,2024-04-16,32,simule_distributions_ademe_2023
02057,A,F,maison,2017,55.8,128.0,2024-04-16,32,simule_distributions_ademe_2023
02312,E,E,maison,1983,67.8,510.0,2024-04-16,32,simule_distributions_ademe_2023
62192,E,D,appartement,1994,57.6,600.0,2024-04-17,32,simule_distributions_ademe_2023
62021,F,G,maison,1934,43.6,356.0,2024-04-17,32,simule_distributions_ademe_2023
60119,G,D,maison,1940,24.9,355.0,2024-04-17,32,simule_distributions_ademe_2023
02002,C,D,maison,1998,86.0,267.0,2024-04-17,32,simule_distributions_ademe_2023
02350,C,B,maison,1996,37.8,187.0,2024-04-18,32,simule_distributions_ademe_2023
80010,E,E,maison,1990,163.0,352.0,2024-04-18,32,simule_distributions_ademe_2023
62086,D,C,maison,1967,76.9,161.0,2024-04-18,32,simule_distributions_ademe_2023
02348,G,F,appartement,1932,20.7,340.0,2024-04-18,32,simule_distributions_ademe_2023
80331,F,F,maison,1944,44.2,580.0,2024-04-19,32,simule_distributions_ademe_2023
60248,D,B,maison,1985,65.2,258.0,2024-04-19,32,simule_distributions_ademe_2023
60080,E,D,appartement,1968,81.0,576.0,2024-04-19,32,simule_distributions_ademe_2023
59071,E,B,appartement,1967,181.7,424.0,2024-04-19,32,simule_distributions_ademe_2023
60119,G,E,maison,1952,120.4,371.0,2024-04-20,32,simule_distributions_ademe_2023
80328,C,D,appartement,2019,63.1,236.0,2024-04-20,32,simule_distributions_ademe_2023
59085,E,D,maison,1977,53.0,474.0,2024-04-20,32,simule_distributions_ademe_2023
59218,E,B,maison,1970,46.1,390.0,2024-04-20,32,simule_distributions_ademe_2023
62056,D,D,appartement,1967,35.4,205.0,2024-04-21,32,simule_distributions_ademe_2023
62022,F,G,maison,1941,38.4,625.0,2024-04-21,32,simule_distributions_ademe_2023
02006,C,E,appartement,2002,67.5,165.0,2024-04-21,32,simule_distributions_ademe_2023
59202,E,C,maison,1983,41.4,536.0,2024-04-21,32,simule_distributions_ademe_2023
02320,E,C,appartement,1976,38.0,393.0,2024-04-22,32,simule_distributions_ademe_2023
59218,D,E,maison,1990,19.2,328.0,2024-04-22,32,simule_distributions_ademe_2023
02330,E,E,maison,1988,61.7,613.0,2024-04-22,32,simule_distributions_ademe_2023
02193,E,G,maison,1991,60.1,547.0,2024-04-22,32,simule_distributions_ademe_2023
80389,G,D,appartement,1930,109.8,635.0,2024-04-23,32,simule_distributions_ademe_2023
80208,E,F,maison,1992,80.1,502.0,2024-04-23,32,simule_distributions_ademe_2023
62025,F,F,immeuble,1961,88.8,642.0,2024-04-23,32,simule_distributions_ademe_2023
62263,D,D,maison,1981,54.9,173.0,2024-04-24,32,simule_distributions_ademe_2023
80131,G,F,appartement,1929,97.2,483.0,2024-04-24,32,simule_distributions_ademe_2023
60371,C,D,maison,1991,102.7,232.0,2024-04-24,32,simule_distributions_ademe_2023
59280,F,D,appartement,1967,129.5,332.0,2024-04-24,32,simule_distributions_ademe_2023
80228,E,E,maison,1972,59.4,622.0,2024-04-25,32,simule_distributions_ademe_2023
59013,E,E,maison,1981,37.3,368.0,2024-04-25,32,simule_distributions_ademe_2023
59370,D,E,maison,1982,47.9,241.0,2024-04-25,32,simule_distributions_ademe_2023
02317,G,D,appartement,1946,71.8,386.0,2024-04-25,32,simule_distributions_ademe_2023
60139,E,G,maison,1971,31.3,437.0,2024-04-26,32,simule_distributions_ademe_2023
62229,D,G,appartement,1978,86.5,322.0,2024-04-26,32,simule_distributions_ademe_2023
59196,D,E,immeuble,1978,79.9,155.0,2024-04-26,32,simule_distributions_ademe_2023
59393,D,B,appartement,1992,93.1,282.0,2024-04-26,32,simule_distributions_ademe_2023
80020,C,E,appartement,2018,67.0,170.0,2024-04-27,32,simule_distributions_ademe_2023
80103,D,G,immeuble,1988,55.2,162.0,2024-04-27,32,simule_distributions_ademe_2023
60121,F,D,appartement,1936,90.5,566.0,2024-04-27,32,simule_distributions_ademe_2023
62370,E,G,appartement,1983,131.8,357.0,2024-04-27,32,simule_distributions_ademe_2023
62259,C,F,appartement,1988,66.3,318.0,2024-04-28,32,simule_distributions_ademe_2023
59247,B,D,maison,2011,46.4,120.0,2024-04-28,32,simule_distributions_ademe_2023
59399,C,D,maison,2013,86.5,205.0,2024-04-28,32,simule_distributions_ademe_2023
60002,E,D,maison,1976,160.1,673.0,2024-04-28,32,simule_distributions_ademe_2023
02375,C,D,maison,2007,189.1,282.0,2024-04-29,32,simule_distributions_ademe_2023
02083,F,E,maison,1954,45.4,376.0,2024-04-29,32,simule_distributions_ademe_2023
80145,E,G,maison,1973,143.4,563.0,2024-04-29,32,simule_distributions_ademe_2023
02078,E,C,appartement,1990,78.9,453.0,2024-04-29,32,simule_distributions_ademe_2023
80101,F,C,appartement,1930,87.5,492.0,2024-04-30,32,simule_distributions_ademe_2023
80231,G,B,appartement,1930,54.0,335.0,2024-04-30,32,simule_distributions_ademe_2023
02216,G,E,appartement,1973,67.2,348.0,2024-04-30,32,simule_distributions_ademe_2023
60336,C,D,immeuble,1999,19.6,305.0,2024-04-30,32,simule_distributions_ademe_2023
62377,F,C,maison,1959,55.9,418.0,2024-05-01,32,simule_distributions_ademe_2023
59129,E,F,maison,1980,88.4,595.0,2024-05-01,32,simule_distributions_ademe_2023
02260,C,G,immeuble,2007,58.8,265.0,2024-05-01,32,simule_distributions_ademe_2023
80326,D,D,maison,1976,42.7,258.0,2024-05-01,32,simule_distributions_ademe_2023
60205,C,E,appartement,1988,97.7,324.0,2024-05-02,32,simule_distributions_ademe_2023
59152,D,B,appartement,1971,18.4,154.0,2024-05-02,32,simule_distributions_ademe_2023
59156,G,D,appartement,1922,103.8,668.0,2024-05-02,32,simule_distributions_ademe_2023
02120,B,D,appartement,1991,111.2,127.0,2024-05-02,32,simule_distributions_ademe_2023
59107,C,D,maison,1987,74.7,286.0,2024-05-03,32,simule_distributions_ademe_2023
62220,E,E,appartement,1970,122.9,639.0,2024-05-03,32,simule_distributions_ademe_2023
02149,F,F,appartement,1922,18.0,505.0,2024-05-03,32,simule_distributions_ademe_2023
59239,E,D,appartement,1980,59.8,365.0,2024-05-03,32,simule_distributions_ademe_2023
62254,D,G,immeuble,1987,59.5,206.0,2024-05-04,32,simule_distributions_ademe_2023
80265,C,F,appartement,2001,153.0,174.0,2024-05-04,32,simule_distributions_ademe_2023
02092,G,D,maison,1951,27.4,349.0,2024-05-04,32,simule_distributions_ademe_2023
59010,A,A,immeuble,1995,125.5,108.0,2024-05-05,32,simule_distributions_ademe_2023
80133,D,D,appartement,1970,113.1,250.0,2024-05-05,32,simule_distributions_ademe_2023
80303,F,E,maison,1933,81.9,591.0,2024-05-05,32,simule_distributions_ademe_2023
59248,D,D,appartement,1981,36.3,246.0,2024-05-05,32,simule_distributions_ademe_2023
62128,D,E,maison,1973,34.4,174.0,2024-05-06,32,simule_distributions_ademe_2023
59276,D,G,immeuble,1972,82.5,269.0,2024-05-06,32,simule_distributions_ademe_2023
59308,D,E,maison,1989,64.0,233.0,2024-05-06,32,simule_distributions_ademe_2023
80283,B,E,maison,2018,48.8,124.0,2024-05-06,32,simule_distributions_ademe_2023
80103,C,C,maison,2004,108.0,245.0,2024-05-07,32,simule_distributions_ademe_2023
62337,G,E,maison,1958,98.5,622.0,2024-05-07,32,simule_distributions_ademe_2023
59349,E,D,appartement,1993,100.6,678.0,2024-05-07,32,simule_distributions_ademe_2023
59045,G,E,appartement,1949,61.1,627.0,2024-05-07,32,simule_distributions_ademe_2023
60189,D,G,appartement,1980,93.8,226.0,2024-05-08,32,simule_distributions_ademe_2023
62193,F,E,appartement,1966,56.0,643.0,2024-05-08,32,simule_distributions_ademe_2023
59009,D,B,maison,1972,87.7,284.0,2024-05-08,32,simule_distributions_ademe_2023
02111,F,B,maison,1955,65.9,603.0,2024-05-08,32,simule_distributions_ademe_2023
02270,F,B,maison,1944,57.4,345.0,2024-05-09,32,simule_distributions_ademe_2023
60274,D,D,appartement,1983,134.9,280.0,2024-05-09,32,simule_distributions_ademe_2023
59178,E,G,maison,1993,37.3,615.0,2024-05-09,32,simule_distributions_ademe_2023
60098,D,E,maison,1978,99.1,290.0,2024-05-09,32,simule_distributions_ademe_2023
59141,F,D,appartement,1926,139.3,363.0,2024-05-10,32,simule_distributions_ademe_2023
60180,F,C,maison,1939,19.0,644.0,2024-05-10,32,simule_distributions_ademe_2023
59197,D,C,appartement,1976,67.9,172.0,2024-05-10,32,simule_distributions_ademe_2023
60316,D,E,maison,1993,49.0,220.0,2024-05-10,32,simule_distributions_ademe_2023
62309,E,F,maison,1969,18.4,527.0,2024-05-11,32,simule_distributions_ademe_2023
62119,G,E,appartement,1958,64.1,467.0,2024-05-11,32,simule_distributions_ademe_2023
59296,C,F,maison,2012,79.4,252.0,2024-05-11,32,simule_distributions_ademe_2023
62144,C,E,maison,1988,114.3,191.0,2024-05-11,32,simule_distributions_ademe_2023
02202,F,F,appartement,1956,67.0,467.0,2024-05-12,32,simule_distributions_ademe_2023
62181,G,G,appartement,1972,78.3,391.0,2024-05-12,32,simule_distributions_ademe_2023
80069,E,F,maison,1988,71.5,522.0,2024-05-12,32,simule_distributions_ademe_2023
80092,E,E,immeuble,1994,66.2,571.0,2024-05-12,32,simule_distributions_ademe_2023
59398,F,E,maison,1921,27.2,660.0,2024-05-13,32,simule_distributions_ademe_2023
02054,C,F,maison,2001,86.3,270.0,2024-05-13,32,simule_distributions_ademe_2023
80159,E,D,appartement,1982,147.3,482.0,2024-05-13,32,simule_distributions_ademe_2023
59161,F,C,maison,1951,50.8,387.0,2024-05-13,32,simule_distributions_ademe_2023
02312,D,E,maison,1986,121.8,270.0,2024-05-14,32,simule_distributions_ademe_2023
02334,B,D,maison,1997,52.8,94.0,2024-05-14,32,simule_distributions_ademe_2023
80296,F,G,appartement,1965,64.5,590.0,2024-05-14,32,simule_distributions_ademe_2023
60327,C,F,appartement,2011,62.7,156.0,2024-05-14,32,simule_distributions_ademe_2023
60358,E,G,appartement,1968,49.1,635.0,2024-05-15,32,simule_distributions_ademe_2023
60234,F,D,appartement,1930,74.7,563.0,2024-05-15,32,simule_distributions_ademe_2023
59351,F,E,maison,1920,75.6,446.0,2024-05-15,32,simule_distributions_ademe_2023
02072,F,G,appartement,1974,92.8,615.0,2024-05-16,32,simule_distributions_ademe_2023
62254,G,E,maison,1925,75.1,566.0,2024-05-16,32,simule_distributions_ademe_2023
02058,C,D,maison,2005,118.8,311.0,2024-05-16,32,simule_distributions_ademe_2023
62343,F,D,maison,1947,18.6,546.0,2024-05-16,32,simule_distributions_ademe_2023
59165,B,D,maison,1996,74.7,116.0,2024-05-17,32,simule_distributions_ademe_2023
60149,E,G,maison,1979,28.7,456.0,2024-05-17,32,simule_distributions_ademe_2023
60291,E,F,maison,1973,60.3,508.0,2024-05-17,32,simule_distributions_ademe_2023
02397,E,E,appartement,1973,42.5,386.0,2024-05-17,32,simule_distributions_ademe_2023
62325,E,D,appartement,1978,97.8,641.0,2024-05-18,32,simule_distributions_ademe_2023
60029,C,F,immeuble,1997,40.5,196.0,2024-05-18,32,simule_distributions_ademe_2023
80081,D,E,appartement,1975,63.8,221.0,2024-05-18,32,simule_distributions_ademe_2023
80148,E,D,maison,1969,72.4,534.0,2024-05-18,32,simule_distributions_ademe_2023
60230,D,C,appartement,1968,99.1,315.0,2024-05-19,32,simule_distributions_ademe_2023
02068,F,G,appartement,1924,95.6,536.0,2024-05-19,32,simule_distributions_ademe_2023
02308,E,C,maison,1965,27.3,527.0,2024-05-19,32,simule_distributions_ademe_2023
02316,F,E,maison,1941,21.0,472.0,2024-05-19,32,simule_distributions_ademe_2023
60258,D,E,appartement,1990,63.7,248.0,2024-05-20,32,simule_distributions_ademe_2023
02383,F,D,appartement,1962,50.9,640.0,2024-05-20,32,simule_distributions_ademe_2023
62039,F,C,appartement,1964,71.6,356.0,2024-05-20,32,simule_distributions_ademe_2023
02297,G,D,appartement,1966,59.8,630.0,2024-05-20,32,simule_distributions_ademe_2023
60172,D,C,appartement,1965,150.0,302.0,2024-05-21,32,simule_distributions_ademe_2023
59346,G,B,appartement,1969,68.2,356.0,2024-05-21,32,simule_distributions_ademe_2023
60161,B,F,appartement,2000,32.3,103.0,2024-05-21,32,simule_distributions_ademe_2023
59307,E,G,immeuble,1970,90.2,694.0,2024-05-21,32,simule_distributions_ademe_2023
80380,C,G,immeuble,1990,69.0,198.0,2024-05-22,32,simule_distributions_ademe_2023
60366,F,E,appartement,1972,37.5,676.0,2024-05-22,32,simule_distributions_ademe_2023
80384,F,D,appartement,1969,18.0,491.0,2024-05-22,32,simule_distributions_ademe_2023
62020,D,G,maison,1993,75.4,232.0,2024-05-22,32,simule_distributions_ademe_2023
60364,D,F,immeuble,1984,33.9,186.0,2024-05-23,32,simule_distributions_ademe_2023
60326,A,D,maison,2006,36.9,112.0,2024-05-23,32,simule_distributions_ademe_2023
60139,E,A,appartement,1972,70.3,544.0,2024-05-23,32,simule_distributions_ademe_2023
80055,C,C,maison,2008,79.0,265.0,2024-05-23,32,simule_distributions_ademe_2023
80030,F,B,appartement,1964,70.4,380.0,2024-05-24,32,simule_distributions_ademe_2023
62327,E,G,appartement,1987,41.7,456.0,2024-05-24,32,simule_distributions_ademe_2023
62110,D,C,appartement,1991,84.7,261.0,2024-05-24,32,simule_distributions_ademe_2023
60340,F,E,maison,1941,86.5,527.0,2024-05-24,32,simule_distributions_ademe_2023
62167,B,F,maison,2012,41.9,63.0,2024-05-25,32,simule_distributions_ademe_2023
62155,F,D,maison,1962,125.8,579.0,2024-05-25,32,simule_distributions_ademe_2023
02212,E,C,maison,1985,34.0,437.0,2024-05-25,32,simule_distributions_ademe_2023
60330,G,E,maison,1967,158.6,675.0,2024-05-25,32,simule_distributions_ademe_2023
80309,E,E,maison,1982,94.6,332.0,2024-05-26,32,simule_distributions_ademe_2023
60064,E,A,appartement,1967,119.9,335.0,2024-05-26,32,simule_distributions_ademe_2023
62120,F,E,maison,1950,97.5,563.0,2024-05-26,32,simule_distributions_ademe_2023
59080,F,G,appartement,1961,154.9,529.0,2024-05-27,32,simule_distributions_ademe_2023
59286,F,F,maison,1956,84.1,536.0,2024-05-27,32,simule_distributions_ademe_2023
62249,C,E,maison,2005,64.9,300.0,2024-05-27,32,simule_distributions_ademe_2023
60243,C,G,appartement,2002,44.4,309.0,2024-05-27,32,simule_distributions_ademe_2023
62071,G,D,maison,1967,32.7,422.0,2024-05-28,32,simule_distributions_ademe_2023
80219,E,D,maison,1982,54.9,594.0,2024-05-28,32,simule_distributions_ademe_2023
59287,A,D,appartement,1996,65.5,143.0,2024-05-28,32,simule_distributions_ademe_2023
62305,F,E,maison,1959,140.5,657.0,2024-05-28,32,simule_distributions_ademe_2023
59326,F,A,maison,1967,68.8,417.0,2024-05-29,32,simule_distributions_ademe_2023
02105,F,D,appartement,1937,33.7,365.0,2024-05-29,32,simule_distributions_ademe_2023
02219,B,C,maison,1994,37.3,60.0,2024-05-29,32,simule_distributions_ademe_2023
59162,E,C,appartement,1976,105.6,339.0,2024-05-29,32,simule_distributions_ademe_2023
80135,F,E,appartement,1924,62.5,652.0,2024-05-30,32,simule_distributions_ademe_2023
02225,F,E,appartement,1924,97.6,457.0,2024-05-30,32,simule_distributions_ademe_2023
59288,G,F,appartement,1958,88.2,461.0,2024-05-30,32,simule_distributions_ademe_2023
62085,F,D,appartement,1973,74.5,583.0,2024-05-30,32,simule_distributions_ademe_2023
80340,C,F,maison,2017,79.0,184.0,2024-05-31,32,simule_distributions_ademe_2023
60006,E,G,appartement,1981,57.4,446.0,2024-05-31,32,simule_distributions_ademe_2023
62197,D,D,appartement,1986,77.4,215.0,2024-05-31,32,simule_distributions_ademe_2023
62362,C,D,appartement,2009,70.5,234.0,2024-05-31,32,simule_distributions_ademe_2023
59089,F,F,maison,1949,78.7,551.0,2024-06-01,32,simule_distributions_ademe_2023
59154,B,E,appartement,1990,39.0,96.0,2024-06-01,32,simule_distributions_ademe_2023
62377,C,D,appartement,1993,100.7,266.0,2024-06-01,32,simule_distributions_ademe_2023
62306,F,F,maison,1927,68.6,653.0,2024-06-01,32,simule_distributions_ademe_2023
80148,F,F,appartement,1956,111.5,614.0,2024-06-02,32,simule_distributions_ademe_2023
59278,F,B,maison,1963,47.6,625.0,2024-06-02,32,simule_distributions_ademe_2023
60216,E,C,maison,1980,46.0,662.0,2024-06-02,32,simule_distributions_ademe_2023
60116,D,E,appartement,1986,43.2,155.0,2024-06-02,32,simule_distributions_ademe_2023
60361,G,B,appartement,1931,51.7,680.0,2024-06-03,32,simule_distributions_ademe_2023
80270,C,E,appartement,1992,170.1,289.0,2024-06-03,32,simule_distributions_ademe_2023
60306,F,F,appartement,1927,56.0,640.0,2024-06-03,32,simule_distributions_ademe_2023
02229,D,E,appartement,1982,62.1,296.0,2024-06-03,32,simule_distributions_ademe_2023
62173,B,C,maison,2015,100.3,112.0,2024-06-04,32,simule_distributions_ademe_2023
02213,F,G,maison,1937,22.0,522.0,2024-06-04,32,simule_distributions_ademe_2023
80291,D,E,appartement,1975,40.9,177.0,2024-06-04,32,simule_distributions_ademe_2023
60278,E,F,appartement,1994,78.3,398.0,2024-06-04,32,simule_distributions_ademe_2023
60195,C,E,maison,1998,50.5,228.0,2024-06-05,32,simule_distributions_ademe_2023
80269,B,C,appartement,2005,36.2,54.0,2024-06-05,32,simule_distributions_ademe_2023
59379,F,F,appartement,1964,56.6,389.0,2024-06-05,32,simule_distributions_ademe_2023
60052,D,D,appartement,1988,36.4,227.0,2024-06-05,32,simule_distributions_ademe_2023
60357,E,C,maison,1968,28.0,568.0,2024-06-06,32,simule_distributions_ademe_2023
60161,F,E,appartement,1938,151.3,534.0,2024-06-06,32,simule_distributions_ademe_2023
60208,D,D,maison,1975,74.2,318.0,2024-06-06,32,simule_distributions_ademe_2023
80125,F,D,maison,1972,114.2,671.0,2024-06-07,32,simule_distributions_ademe_2023
62069,D,E,maison,1982,54.6,189.0,2024-06-07,32,simule_distributions_ademe_2023
62056,D,D,appartement,1981,63.7,315.0,2024-06-07,32,simule_distributions_ademe_2023
62049,D,D,maison,1986,173.4,198.0,2024-06-07,32,simule_distributions_ademe_2023
62248,G,F,appartement,1967,245.6,595.0,2024-06-08,32,simule_distributions_ademe_2023
80221,G,E,maison,1956,76.7,381.0,2024-06-08,32,simule_distributions_ademe_2023
59033,E,F,appartement,1971,50.8,371.0,2024-06-08,32,simule_distributions_ademe_2023
59188,G,D,appartement,1955,109.3,580.0,2024-06-08,32,simule_distributions_ademe_2023
60219,G,F,appartement,1931,149.7,681.0,2024-06-09,32,simule_distributions_ademe_2023
02014,G,D,appartement,1929,99.1,441.0,2024-06-09,32,simule_distributions_ademe_2023
62106,F,E,appartement,1944,38.5,697.0,2024-06-09,32,simule_distributions_ademe_2023
80019,E,D,maison,1984,79.8,573.0,2024-06-09,32,simule_distributions_ademe_2023
62091,G,C,appartement,1973,77.2,629.0,2024-06-10,32,simule_distributions_ademe_2023
02281,F,D,maison,1961,65.3,381.0,2024-06-10,32,simule_distributions_ademe_2023
62299,E,B,maison,1979,133.0,592.0,2024-06-10,32,simule_distributions_ademe_2023
80379,E,E,maison,1986,142.8,543.0,2024-06-10,32,simule_distributions_ademe_2023
02054,D,C,maison,1974,60.1,265.0,2024-06-11,32,simule_distributions_ademe_2023
02122,E,D,appartement,1972,98.6,672.0,2024-06-11,32,simule_distributions_ademe_2023
80157,B,G,appartement,1995,48.6,137.0,2024-06-11,32,simule_distributions_ademe_2023
60061,G,C,maison,1940,100.7,683.0,2024-06-11,32,simule_distributions_ademe_2023
62198,E,D,maison,1983,133.2,412.0,2024-06-12,32,simule_distributions_ademe_2023
62077,E,D,appartement,1984,53.7,432.0,2024-06-12,32,simule_distributions_ademe_2023
60143,B,E,appartement,2013,76.8,65.0,2024-06-12,32,simule_distributions_ademe_2023
80018,F,D,appartement,1925,194.0,675.0,2024-06-12,32,simule_distributions_ademe_2023
60162,F,G,appartement,1929,49.9,454.0,2024-06-13,32,simule_distributions_ademe_2023
80315,G,D,appartement,1944,134.0,541.0,2024-06-13,32,simule_distributions_ademe_2023
60318,G,C,maison,1951,38.0,699.0,2024-06-13,32,simule_distributions_ademe_2023
80045,D,D,maison,1965,43.0,165.0,2024-06-13,32,simule_distributions_ademe_2023
59090,F,F,appartement,1966,34.6,371.0,2024-06-14,32,simule_distributions_ademe_2023
60056,D,G,appartement,1976,81.9,249.0,2024-06-14,32,simule_distributions_ademe_2023
62193,D,F,maison,1981,36.9,186.0,2024-06-14,32,simule_distributions_ademe_2023
80273,E,G,maison,1970,86.3,368.0,2024-06-14,32,simule_distributions_ademe_2023
62048,F,A,maison,1952,44.3,401.0,2024-06-15,32,simule_distributions_ademe_2023
60154,E,B,appartement,1975,71.4,371.0,2024-06-15,32,simule_distributions_ademe_2023
59070,G,D,maison,1939,46.4,662.0,2024-06-15,32,simule_distributions_ademe_2023
80153,B,D,appartement,2003,162.5,146.0,2024-06-15,32,simule_distributions_ademe_2023
62184,E,F,appartement,1968,119.7,353.0,2024-06-16,32,simule_distributions_ademe_2023
62284,D,E,maison,1970,112.0,279.0,2024-06-16,32,simule_distributions_ademe_2023
80008,C,F,maison,2013,45.1,244.0,2024-06-16,32,simule_distributions_ademe_2023
02208,F,D,appartement,1939,75.1,574.0,2024-06-16,32,simule_distributions_ademe_2023
62157,C,E,appartement,2011,67.2,207.0,2024-06-17,32,simule_distributions_ademe_2023
59137,D,E,appartement,1977,242.0,317.0,2024-06-17,32,simule_distributions_ademe_2023
62046,B,E,appartement,2006,187.1,133.0,2024-06-17,32,simule_distributions_ademe_2023
80222,F,G,maison,1951,76.0,504.0,2024-06-18,32,simule_distributions_ademe_2023
59255,D,F,appartement,1986,89.7,320.0,2024-06-18,32,simule_distributions_ademe_2023
60241,G,E,appartement,1937,41.6,482.0,2024-06-18,32,simule_distributions_ademe_2023
62163,F,D,maison,1953,79.9,664.0,2024-06-18,32,simule_distributions_ademe_2023
60031,D,F,immeuble,1967,80.2,298.0,2024-06-19,32,simule_distributions_ademe_2023
62238,D,E,appartement,1985,98.6,178.0,2024-06-19,32,simule_distributions_ademe_2023
60178,E,F,maison,1994,41.8,654.0,2024-06-19,32,simule_distributions_ademe_2023
02361,E,E,maison,1977,34.1,521.0,2024-06-19,32,simule_distributions_ademe_2023
02040,G,C,appartement,1972,53.3,474.0,2024-06-20,32,simule_distributions_ademe_2023
60174,D,E,immeuble,1976,104.9,245.0,2024-06-20,32,simule_distributions_ademe_2023
59310,D,D,appartement,1973,75.1,179.0,2024-06-20,32,simule_distributions_ademe_2023
80361,C,D,appartement,1994,39.9,204.0,2024-06-20,32,simule_distributions_ademe_2023
60132,F,E,appartement,1931,122.9,381.0,2024-06-21,32,simule_distributions_ademe_2023
59313,E,A,immeuble,1983,60.8,657.0,2024-06-21,32,simule_distributions_ademe_2023
62060,C,C,appartement,1992,90.7,229.0,2024-06-21,32,simule_distributions_ademe_2023
60023,D,C,appartement,1980,71.3,265.0,2024-06-21,32,simule_distributions_ademe_2023
60348,G,E,appartement,1970,50.5,388.0,2024-06-22,32,simule_distributions_ademe_2023
02252,F,C,appartement,1964,58.5,366.0,2024-06-22,32,simule_distributions_ademe_2023
62041,B,G,appartement,1985,38.6,87.0,2024-06-22,32,simule_distributions_ademe_2023
02245,G,F,maison,1926,55.9,572.0,2024-06-22,32,simule_distributions_ademe_2023
02208,D,A,maison,1979,275.8,301.0,2024-06-23,32,simule_distributions_ademe_2023
60068,G,D,appartement,1930,50.2,531.0,2024-06-23,32,simule_distributions_ademe_2023
59146,G,C,appartement,1969,60.3,435.0,2024-06-23,32,simule_distributions_ademe_2023
80082,E,E,maison,1968,54.8,577.0,2024-06-23,32,simule_distributions_ademe_2023
80186,C,E,appartement,2006,50.6,318.0,2024-06-24,32,simule_distributions_ademe_2023
59049,C,D,appartement,1993,106.7,180.0,2024-06-24,32,simule_distributions_ademe_2023
59283,C,C,appartement,2001,18.0,212.0,2024-06-24,32,simule_distributions_ademe_2023
60059,E,D,appartement,1972,92.1,559.0,2024-06-24,32,simule_distributions_ademe_2023
60321,F,E,appartement,1923,110.7,557.0,2024-06-25,32,simule_distributions_ademe_2023
62388,E,C,maison,1979,28.3,581.0,2024-06-25,32,simule_distributions_ademe_2023
80238,E,F,maison,1994,51.3,373.0,2024-06-25,32,simule_distributions_ademe_2023
60029,C,F,maison,2004,60.4,270.0,2024-06-25,32,simule_distributions_ademe_2023
80008,G,E,appartement,1921,49.7,616.0,2024-06-26,32,simule_distributions_ademe_2023
62376,D,D,maison,1967,119.2,326.0,2024-06-26,32,simule_distributions_ademe_2023
60251,G,D,maison,1945,56.3,357.0,2024-06-26,32,simule_distributions_ademe_2023
60111,G,F,maison,1946,18.0,345.0,2024-06-26,32,simule_distributions_ademe_2023
62300,G,F,maison,1935,75.8,688.0,2024-06-27,32,simule_distributions_ademe_2023
60248,E,F,maison,1966,62.8,625.0,2024-06-27,32,simule_distributions_ademe_2023
02133,G,E,appartement,1940,75.9,483.0,2024-06-27,32,simule_distributions_ademe_2023
80178,D,F,immeuble,1972,68.2,198.0,2024-06-27,32,simule_distributions_ademe_2023
59298,E,E,appartement,1973,86.0,459.0,2024-06-28,32,simule_distributions_ademe_2023
02174,G,D,appartement,1946,63.2,349.0,2024-06-28,32,simule_distributions_ademe_2023
59142,E,G,appartement,1992,80.5,668.0,2024-06-28,32,simule_distributions_ademe_2023
62089,D,E,appartement,1973,88.5,314.0,2024-06-29,32,simule_distributions_ademe_2023
80325,E,G,maison,1988,86.9,676.0,2024-06-29,32,simule_distributions_ademe_2023
59289,E,D,maison,1986,146.1,551.0,2024-06-29,32,simule_distributions_ademe_2023
02171,G,E,maison,1970,79.1,579.0,2024-06-29,32,simule_distributions_ademe_2023
60096,C,E,immeuble,2008,42.1,243.0,2024-06-30,32,simule_distributions_ademe_2023
62365,C,E,appartement,1989,43.0,223.0,2024-06-30,32,simule_distributions_ademe_2023
62359,D,D,maison,1969,29.9,185.0,2024-06-30,32,simule_distributions_ademe_2023
59365,E,F,maison,1992,56.2,683.0,2024-06-30,32,simule_distributions_ademe_2023
80047,E,D,maison,1994,115.7,493.0,2024-07-01,32,simule_distributions_ademe_2023
62267,D,F,appartement,1979,68.9,154.0,2024-07-01,32,simule_distributions_ademe_2023
62077,F,F,appartement,1966,75.3,369.0,2024-07-01,32,simule_distributions_ademe_2023
59003,C,E,appartement,2010,60.0,319.0,2024-07-01,32,simule_distributions_ademe_2023
80392,E,D,appartement,1973,65.4,682.0,2024-07-02,32,simule_distributions_ademe_2023
60282,E,D,appartement,1971,74.2,391.0,2024-07-02,32,simule_distributions_ademe_2023
59028,E,D,appartement,1970,64.3,415.0,2024-07-02,32,simule_distributions_ademe_2023
60170,D,C,appartement,1994,122.2,204.0,2024-07-02,32,simule_distributions_ademe_2023
02113,D,G,maison,1991,97.2,192.0,2024-07-03,32,simule_distributions_ademe_2023
60179,C,E,appartement,1997,87.5,327.0,2024-07-03,32,simule_distributions_ademe_2023
60010,E,B,maison,1989,18.0,642.0,2024-07-03,32,simule_distributions_ademe_2023
80060,A,F,maison,1993,72.3,83.0,2024-07-03,32,simule_distributions_ademe_2023
02103,C,E,appartement,2008,78.9,288.0,2024-07-04,32,simule_distributions_ademe_2023
62096,G,C,appartement,1932,41.3,420.0,2024-07-04,32,simule_distributions_ademe_2023
80247,D,E,maison,1989,50.4,305.0,2024-07-04,32,simule_distributions_ademe_2023
80181,G,E,maison,1935,93.1,660.0,2024-07-04,32,simule_distributions_ademe_2023
80053,D,F,maison,1989,59.3,300.0,2024-07-05,32,simule_distributions_ademe_2023
02285,E,G,maison,1981,91.1,681.0,2024-07-05,32,simule_distributions_ademe_2023
59216,E,C,maison,1990,74.2,692.0,2024-07-05,32,simule_distributions_ademe_2023
62006,G,D,maison,1932,53.3,386.0,2024-07-05,32,simule_distributions_ademe_2023
62014,D,G,appartement,1994,71.9,282.0,2024-07-06,32,simule_distributions_ademe_2023
62251,G,D,maison,1962,69.7,639.0,2024-07-06,32,simule_distributions_ademe_2023
02299,B,E,appartement,1988,36.9,105.0,2024-07-06,32,simule_distributions_ademe_2023
80362,E,F,maison,1991,70.2,469.0,2024-07-06,32,simule_distributions_ademe_2023
62054,E,F,appartement,1984,73.7,444.0,2024-07-07,32,simule_distributions_ademe_2023
59262,F,G,maison,1972,64.3,683.0,2024-07-07,32,simule_distributions_ademe_2023
02298,D,D,appartement,1966,27.9,286.0,2024-07-07,32,simule_distributions_ademe_2023
59176,F,D,appartement,1949,84.7,628.0,2024-07-07,32,simule_distributions_ademe_2023
02321,F,E,maison,1951,67.8,628.0,2024-07-08,32,simule_distributions_ademe_2023
02019,A,E,maison,2007,84.6,141.0,2024-07-08,32,simule_distributions_ademe_2023
80008,F,C,appartement,1943,117.3,621.0,2024-07-08,32,simule_distributions_ademe_2023
02303,A,F,maison,1995,60.7,104.0,2024-07-08,32,simule_distributions_ademe_2023
59330,A,D,maison,2015,46.9,60.0,2024-07-09,32,simule_distributions_ademe_2023
60396,G,G,appartement,1947,167.2,682.0,2024-07-09,32,simule_distributions_ademe_2023
02249,E,B,maison,1992,77.3,553.0,2024-07-09,32,simule_distributions_ademe_2023
62090,D,B,maison,1968,123.8,310.0,2024-07-10,32,simule_distributions_ademe_2023
80001,G,D,appartement,1926,39.6,354.0,2024-07-10,32,simule_distributions_ademe_2023
60036,C,D,maison,1993,55.9,235.0,2024-07-10,32,simule_distributions_ademe_2023
60227,G,D,immeuble,1945,115.4,374.0,2024-07-10,32,simule_distributions_ademe_2023
62084,F,G,appartement,1974,89.2,641.0,2024-07-11,32,simule_distributions_ademe_2023
80045,C,F,appartement,1999,84.8,217.0,2024-07-11,32,simule_distributions_ademe_2023
59060,G,C,appartement,1974,49.7,371.0,2024-07-11,32,simule_distributions_ademe_2023
60206,E,A,maison,1980,22.4,491.0,2024-07-11,32,simule_distributions_ademe_2023
62046,D,D,appartement,1966,69.3,328.0,2024-07-12,32,simule_distributions_ademe_2023
02183,G,F,maison,1959,47.0,359.0,2024-07-12,32,simule_distributions_ademe_2023
59394,A,F,appartement,2010,78.9,133.0,2024-07-12,32,simule_distributions_ademe_2023
60207,E,G,appartement,1978,68.6,407.0,2024-07-12,32,simule_distributions_ademe_2023
02218,E,E,appartement,1990,49.4,555.0,2024-07-13,32,simule_distributions_ademe_2023
80239,E,D,maison,1979,44.7,390.0,2024-07-13,32,simule_distributions_ademe_2023
60163,G,F,appartement,1935,67.9,467.0,2024-07-13,32,simule_distributions_ademe_2023
02351,C,E,maison,2014,137.2,266.0,2024-07-13,32,simule_distributions_ademe_2023
80323,G,F,immeuble,1948,56.8,613.0,2024-07-14,32,simule_distributions_ademe_2023
62291,C,F,maison,2014,93.3,328.0,2024-07-14,32,simule_distributions_ademe_2023
80029,G,C,maison,1945,86.2,583.0,2024-07-14,32,simule_distributions_ademe_2023
02315,C,C,appartement,1986,84.6,158.0,2024-07-14,32,simule_distributions_ademe_2023
80304,E,E,maison,1974,23.0,588.0,2024-07-15,32,simule_distributions_ademe_2023
80118,B,C,appartement,1986,32.6,115.0,2024-07-15,32,simule_distributions_ademe_2023
62263,D,C,appartement,1967,97.8,318.0,2024-07-15,32,simule_distributions_ademe_2023
02004,G,F,appartement,1947,39.0,535.0,2024-07-15,32,simule_distributions_ademe_2023
62016,E,E,appartement,1965,54.1,550.0,2024-07-16,32,simule_distributions_ademe_2023
60291,D,C,maison,1985,39.0,201.0,2024-07-16,32,simule_distributions_ademe_2023
80346,C,F,maison,1992,45.8,215.0,2024-07-16,32,simule_distributions_ademe_2023
60093,D,E,maison,1976,102.5,205.0,2024-07-16,32,simule_distributions_ademe_2023
59142,D,F,appartement,1966,84.7,266.0,2024-07-17,32,simule_distributions_ademe_2023
80037,F,D,maison,1955,91.0,351.0,2024-07-17,32,simule_distributions_ademe_2023
59286,E,D,maison,1988,41.2,639.0,2024-07-17,32,simule_distributions_ademe_2023
80335,E,G,appartement,1989,37.1,549.0,2024-07-17,32,simule_distributions_ademe_2023
80373,C,C,maison,1991,75.8,281.0,2024-07-18,32,simule_distributions_ademe_2023
02213,C,F,appartement,2019,217.7,155.0,2024-07-18,32,simule_distributions_ademe_2023
02042,G,F,appartement,1959,91.4,382.0,2024-07-18,32,simule_distributions_ademe_2023
59241,F,F,appartement,1958,116.0,595.0,2024-07-18,32,simule_distributions_ademe_2023
60013,E,C,maison,1976,41.2,688.0,2024-07-19,32,simule_distributions_ademe_2023
59037,B,E,immeuble,2006,103.6,113.0,2024-07-19,32,simule_distributions_ademe_2023
60039,E,D,appartement,1987,37.5,369.0,2024-07-19,32,simule_distributions_ademe_2023
59003,G,E,maison,1962,103.5,524.0,2024-07-19,32,simule_distributions_ademe_2023
60016,E,B,appartement,1983,30.9,426.0,2024-07-20,32,simule_distributions_ademe_2023
60079,D,E,appartement,1987,69.6,330.0,2024-07-20,32,simule_distributions_ademe_2023
59259,E,E,maison,1991,91.5,397.0,2024-07-20,32,simule_distributions_ademe_2023
62083,G,D,appartement,1948,74.1,339.0,2024-07-21,32,simule_distributions_ademe_2023
62259,D,F,maison,1988,91.4,195.0,2024-07-21,32,simule_distributions_ademe_2023
60276,F,F,appartement,1949,84.4,560.0,2024-07-21,32,simule_distributions_ademe_2023
59307,B,G,maison,2006,113.9,125.0,2024-07-21,32,simule_distributions_ademe_2023
60282,D,D,appartement,1969,43.0,266.0,2024-07-22,32,simule_distributions_ademe_2023
80312,D,F,maison,1973,40.2,201.0,2024-07-22,32,simule_distributions_ademe_2023
60292,C,F,appartement,1987,44.4,324.0,2024-07-22,32,simule_distributions_ademe_2023
02178,E,D,appartement,1973,96.3,693.0,2024-07-22,32,simule_distributions_ademe_2023
60369,C,G,maison,2014,50.6,208.0,2024-07-23,32,simule_distributions_ademe_2023
02265,F,E,maison,1947,103.1,551.0,2024-07-23,32,simule_distributions_ademe_2023
59264,F,E,maison,1950,99.0,578.0,2024-07-23,32,simule_distributions_ademe_2023
59056,G,F,appartement,1972,48.9,563.0,2024-07-23,32,simule_distributions_ademe_2023
59115,D,D,immeuble,1987,43.1,288.0,2024-07-24,32,simule_distributions_ademe_2023
02025,D,E,appartement,1979,83.2,270.0,2024-07-24,32,simule_distributions_ademe_2023
02281,C,F,maison,1986,49.0,263.0,2024-07-24,32,simule_distributions_ademe_2023
60305,D,D,maison,1976,39.5,274.0,2024-07-24,32,simule_distributions_ademe_2023
80387,E,E,maison,1982,83.5,347.0,2024-07-25,32,simule_distributions_ademe_2023
02301,D,C,maison,1985,95.3,233.0,2024-07-25,32,simule_distributions_ademe_2023
60166,G,B,appartement,1922,77.5,536.0,2024-07-25,32,simule_distributions_ademe_2023
60381,G,D,maison,1967,31.2,667.0,2024-07-25,32,simule_distributions_ademe_2023
62330,D,D,appartement,1991,80.1,238.0,2024-07-26,32,simule_distributions_ademe_2023
59089,G,G,maison,1923,120.9,373.0,2024-07-26,32,simule_distributions_ademe_2023
62378,B,B,maison,1999,47.9,147.0,2024-07-26,32,simule_distributions_ademe_2023
02269,C,B,appartement,2019,86.5,258.0,2024-07-26,32,simule_distributions_ademe_2023
02328,D,G,maison,1979,99.1,261.0,2024-07-27,32,simule_distributions_ademe_2023
59386,G,F,appartement,1920,86.0,625.0,2024-07-27,32,simule_distributions_ademe_2023
62283,E,F,maison,1982,57.6,558.0,2024-07-27,32,simule_distributions_ademe_2023
80129,F,G,appartement,1965,165.2,555.0,2024-07-27,32,simule_distributions_ademe_2023
80104,D,D,maison,1974,135.0,185.0,2024-07-28,32,simule_distributions_ademe_2023
62204,E,D,appartement,1965,132.8,533.0,2024-07-28,32,simule_distributions_ademe_2023
60352,G,E,immeuble,1944,232.8,362.0,2024-07-28,32,simule_distributions_ademe_2023
60025,E,G,appartement,1966,131.1,485.0,2024-07-28,32,simule_distributions_ademe_2023
02080,C,F,maison,1993,88.4,172.0,2024-07-29,32,simule_distributions_ademe_2023
59376,F,G,maison,1927,97.6,342.0,2024-07-29,32,simule_distributions_ademe_2023
62052,D,C,appartement,1966,40.2,322.0,2024-07-29,32,simule_distributions_ademe_2023
59072,E,C,maison,1978,136.4,581.0,2024-07-29,32,simule_distributions_ademe_2023
59249,E,E,appartement,1967,46.5,461.0,2024-07-30,32,simule_distributions_ademe_2023
59352,E,G,appartement,1966,95.3,363.0,2024-07-30,32,simule_distributions_ademe_2023
59083,C,B,appartement,2017,88.4,306.0,2024-07-30,32,simule_distributions_ademe_2023
62358,F,E,appartement,1934,102.7,682.0,2024-07-31,32,simule_distributions_ademe_2023
60053,C,D,maison,1995,179.6,309.0,2024-07-31,32,simule_distributions_ademe_2023
60090,E,E,appartement,1985,94.0,354.0,2024-07-31,32,simule_distributions_ademe_2023
59085,E,D,appartement,1967,39.7,353.0,2024-07-31,32,simule_distributions_ademe_2023
02052,E,C,maison,1971,72.4,491.0,2024-08-01,32,simule_distributions_ademe_2023
60118,D,D,appartement,1979,126.6,277.0,2024-08-01,32,simule_distributions_ademe_2023
02323,F,G,appartement,1936,32.2,539.0,2024-08-01,32,simule_distributions_ademe_2023
02253,B,E,appartement,2000,69.5,63.0,2024-08-01,32,simule_distributions_ademe_2023
60359,F,E,appartement,1952,38.3,416.0,2024-08-02,32,simule_distributions_ademe_2023
59381,E,E,appartement,1972,95.3,443.0,2024-08-02,32,simule_distributions_ademe_2023
60201,D,D,maison,1993,69.7,151.0,2024-08-02,32,simule_distributions_ademe_2023
02036,C,B,maison,1987,27.7,262.0,2024-08-02,32,simule_distributions_ademe_2023
62189,G,F,maison,1943,38.5,455.0,2024-08-03,32,simule_distributions_ademe_2023
80008,F,G,appartement,1937,62.8,476.0,2024-08-03,32,simule_distributions_ademe_2023
62177,G,E,appartement,1935,51.3,422.0,2024-08-03,32,simule_distributions_ademe_2023
60190,G,D,appartement,1967,60.5,422.0,2024-08-03,32,simule_distributions_ademe_2023
02142,D,F,maison,1987,94.2,290.0,2024-08-04,32,simule_distributions_ademe_2023
02045,D,C,maison,1970,71.8,260.0,2024-08-04,32,simule_distributions_ademe_2023
60265,G,F,maison,1953,81.4,423.0,2024-08-04,32,simule_distributions_ademe_2023
80054,C,B,maison,1993,76.3,306.0,2024-08-04,32,simule_distributions_ademe_2023
59009,E,F,appartement,1967,24.2,606.0,2024-08-05,32,simule_distributions_ademe_2023
80110,B,D,maison,2005,45.4,129.0,2024-08-05,32,simule_distributions_ademe_2023
60363,E,E,appartement,1990,46.2,600.0,2024-08-05,32,simule_distributions_ademe_2023
60193,D,A,maison,1966,76.4,209.0,2024-08-05,32,simule_distributions_ademe_2023
59013,D,D,maison,1966,118.4,198.0,2024-08-06,32,simule_distributions_ademe_2023
60126,D,D,maison,1979,47.3,154.0,2024-08-06,32,simule_distributions_ademe_2023
80220,F,D,appartement,1932,33.4,389.0,2024-08-06,32,simule_distributions_ademe_2023
62201,E,D,immeuble,1985,110.3,649.0,2024-08-06,32,simule_distributions_ademe_2023
59183,F,G,immeuble,1952,96.8,608.0,2024-08-07,32,simule_distributions_ademe_2023
02009,F,F,appartement,1961,91.6,665.0,2024-08-07,32,simule_distributions_ademe_2023
02090,G,E,maison,1956,76.5,363.0,2024-08-07,32,simule_distributions_ademe_2023
80072,D,D,maison,1966,104.7,197.0,2024-08-07,32,simule_distributions_ademe_2023
59248,C,F,appartement,2005,48.2,155.0,2024-08-08,32,simule_distributions_ademe_2023
60087,C,E,appartement,1996,34.3,323.0,2024-08-08,32,simule_distributions_ademe_2023
59376,F,F,appartement,1931,267.0,450.0,2024-08-08,32,simule_distributions_ademe_2023
60303,C,A,appartement,2007,89.6,180.0,2024-08-08,32,simule_distributions_ademe_2023
02107,D,E,immeuble,1971,162.7,249.0,2024-08-09,32,simule_distributions_ademe_2023
59224,G,F,appartement,1973,89.9,465.0,2024-08-09,32,simule_distributions_ademe_2023
59280,F,E,maison,1945,63.7,350.0,2024-08-09,32,simule_distributions_ademe_2023
80001,D,D,appartement,1969,78.5,291.0,2024-08-09,32,simule_distributions_ademe_2023
80041,E,D,appartement,1983,165.6,465.0,2024-08-10,32,simule_distributions_ademe_2023
59162,E,D,appartement,1965,61.9,578.0,2024-08-10,32,simule_distributions_ademe_2023
60087,D,E,appartement,1968,62.9,283.0,2024-08-10,32,simule_distributions_ademe_2023
59130,D,B,appartement,1972,76.3,207.0,2024-08-11,32,simule_distributions_ademe_2023
60301,D,F,immeuble,1976,97.6,190.0,2024-08-11,32,simule_distributions_ademe_2023
62171,G,E,appartement,1953,116.7,550.0,2024-08-11,32,simule_distributions_ademe_2023
80204,E,F,maison,1981,46.7,640.0,2024-08-11,32,simule_distributions_ademe_2023
60145,B,F,appartement,1998,42.3,147.0,2024-08-12,32,simule_distributions_ademe_2023
59295,A,G,appartement,2001,121.6,57.0,2024-08-12,32,simule_distributions_ademe_2023
60313,G,E,maison,1974,42.7,621.0,2024-08-12,32,simule_distributions_ademe_2023
80183,G,G,maison,1931,63.0,634.0,2024-08-12,32,simule_distributions_ademe_2023
02145,D,E,appartement,1992,48.9,244.0,2024-08-13,32,simule_distributions_ademe_2023
59329,E,F,appartement,1985,58.5,641.0,2024-08-13,32,simule_distributions_ademe_2023
62103,C,C,appartement,1996,60.4,244.0,2024-08-13,32,simule_distributions_ademe_2023
59208,F,G,appartement,1938,63.6,674.0,2024-08-13,32,simule_distributions_ademe_2023
80378,F,D,maison,1938,71.2,664.0,2024-08-14,32,simule_distributions_ademe_2023
60085,D,G,appartement,1967,53.1,217.0,2024-08-14,32,simule_distributions_ademe_2023
62099,C,D,appartement,2002,102.6,269.0,2024-08-14,32,simule_distributions_ademe_2023
02238,C,C,appartement,2001,93.1,168.0,2024-08-14,32,simule_distributions_ademe_2023
60251,G,B,maison,1970,76.6,680.0,2024-08-15,32,simule_distributions_ademe_2023
59127,G,D,immeuble,1922,64.7,503.0,2024-08-15,32,simule_distributions_ademe_2023
62258,F,D,maison,1936,62.4,589.0,2024-08-15,32,simule_distributions_ademe_2023
60351,D,B,appartement,1977,42.2,264.0,2024-08-15,32,simule_distributions_ademe_2023
62223,E,E,appartement,1965,38.4,596.0,2024-08-16,32,simule_distributions_ademe_2023
60142,D,F,maison,1993,72.3,264.0,2024-08-16,32,simule_distributions_ademe_2023
02106,E,C,maison,1979,95.9,380.0,2024-08-16,32,simule_distributions_ademe_2023
62390,E,E,appartement,1982,52.1,492.0,2024-08-16,32,simule_distributions_ademe_2023
60215,B,C,maison,1994,39.0,147.0,2024-08-17,32,simule_distributions_ademe_2023
62162,D,B,appartement,1992,123.0,263.0,2024-08-17,32,simule_distributions_ademe_2023
60283,C,F,maison,1991,137.1,228.0,2024-08-17,32,simule_distributions_ademe_2023
80295,D,G,appartement,1967,98.3,228.0,2024-08-17,32,simule_distributions_ademe_2023
62153,G,E,appartement,1961,37.4,511.0,2024-08-18,32,simule_distributions_ademe_2023
62189,C,C,appartement,2004,50.7,190.0,2024-08-18,32,simule_distributions_ademe_2023
02335,F,G,maison,1958,46.5,640.0,2024-08-18,32,simule_distributions_ademe_2023
59193,F,E,maison,1954,65.8,360.0,2024-08-18,32,simule_distributions_ademe_2023
59043,D,F,appartement,1986,99.2,254.0,2024-08-19,32,simule_distributions_ademe_2023
80123,E,D,appartement,1987,49.6,528.0,2024-08-19,32,simule_distributions_ademe_2023
59207,E,D,appartement,1994,48.5,450.0,2024-08-19,32,simule_distributions_ademe_2023
62286,E,D,appartement,1991,87.3,332.0,2024-08-19,32,simule_distributions_ademe_2023
02269,D,D,appartement,1979,89.7,233.0,2024-08-20,32,simule_distributions_ademe_2023
59181,A,G,maison,1985,72.3,56.0,2024-08-20,32,simule_distributions_ademe_2023
80323,F,E,appartement,1924,162.0,571.0,2024-08-20,32,simule_distributions_ademe_2023
62265,F,D,appartement,1968,39.7,448.0,2024-08-20,32,simule_distributions_ademe_2023
62365,C,C,appartement,2001,46.5,261.0,2024-08-21,32,simule_distributions_ademe_2023
60373,F,E,maison,1923,128.6,511.0,2024-08-21,32,simule_distributions_ademe_2023
60158,E,D,maison,1990,168.8,449.0,2024-08-21,32,simule_distributions_ademe_2023
60020,D,E,maison,1985,38.3,259.0,2024-08-22,32,simule_distributions_ademe_2023
59186,E,F,maison,1971,42.2,688.0,2024-08-22,32,simule_distributions_ademe_2023
02259,F,E,appartement,1969,121.0,489.0,2024-08-22,32,simule_distributions_ademe_2023
80304,A,D,maison,1992,69.7,52.0,2024-08-22,32,simule_distributions_ademe_2023
80366,E,C,maison,1982,78.9,352.0,2024-08-23,32,simule_distributions_ademe_2023
02371,G,G,maison,1962,50.3,662.0,2024-08-23,32,simule_distributions_ademe_2023
60246,E,F,maison,1983,63.4,693.0,2024-08-23,32,simule_distributions_ademe_2023
02285,D,D,maison,1973,75.4,296.0,2024-08-23,32,simule_distributions_ademe_2023
59037,G,G,maison,1971,29.8,563.0,2024-08-24,32,simule_distributions_ademe_2023
62252,G,E,appartement,1962,35.4,451.0,2024-08-24,32,simule_distributions_ademe_2023
59274,C,D,maison,2006,151.6,184.0,2024-08-24,32,simule_distributions_ademe_2023
60129,E,F,maison,1994,53.2,466.0,2024-08-24,32,simule_distributions_ademe_2023
60240,F,E,appartement,1954,40.0,459.0,2024-08-25,32,simule_distributions_ademe_2023
59365,F,E,immeuble,1937,142.6,674.0,2024-08-25,32,simule_distributions_ademe_2023
62217,D,D,maison,1988,30.1,239.0,2024-08-25,32,simule_distributions_ademe_2023
62345,F,B,maison,1940,53.8,399.0,2024-08-25,32,simule_distributions_ademe_2023
80290,E,B,appartement,1982,50.4,414.0,2024-08-26,32,simule_distributions_ademe_2023
02179,F,C,appartement,1924,34.4,421.0,2024-08-26,32,simule_distributions_ademe_2023
60326,D,D,appartement,1979,75.2,175.0,2024-08-26,32,simule_distributions_ademe_2023
62231,C,F,maison,2003,75.2,187.0,2024-08-26,32,simule_distributions_ademe_2023
59284,E,E,appartement,1969,80.4,678.0,2024-08-27,32,simule_distributions_ademe_2023
80209,G,E,appartement,1958,106.9,470.0,2024-08-27,32,simule_distributions_ademe_2023
59308,F,D,appartement,1924,93.5,481.0,2024-08-27,32,simule_distributions_ademe_2023
80126,F,C,appartement,1973,60.2,498.0,2024-08-27,32,simule_distributions_ademe_2023
59001,D,F,maison,1972,154.1,158.0,2024-08-28,32,simule_distributions_ademe_2023
02032,B,D,appartement,2012,48.0,137.0,2024-08-28,32,simule_distributions_ademe_2023
59173,B,G,appartement,2000,36.8,123.0,2024-08-28,32,simule_distributions_ademe_2023
02147,E,F,appartement,1977,104.0,469.0,2024-08-28,32,simule_distributions_ademe_2023
60368,F,G,maison,1966,56.5,335.0,2024-08-29,32,simule_distributions_ademe_2023
02397,D,G,maison,1977,149.7,180.0,2024-08-29,32,simule_distributions_ademe_2023
02178,F,G,appartement,1927,119.1,531.0,2024-08-29,32,simule_distributions_ademe_2023
02071,C,D,maison,2002,18.0,197.0,2024-08-29,32,simule_distributions_ademe_2023
02132,E,B,appartement,1988,61.4,688.0,2024-08-30,32,simule_distributions_ademe_2023
02371,B,D,appartement,1987,92.0,98.0,2024-08-30,32,simule_distributions_ademe_2023
02305,G,D,appartement,1954,74.6,524.0,2024-08-30,32,simule_distributions_ademe_2023
02075,E,G,maison,1973,52.6,462.0,2024-08-30,32,simule_distributions_ademe_2023
60063,D,E,appartement,1979,193.3,227.0,2024-08-31,32,simule_distributions_ademe_2023
62074,B,F,appartement,2001,59.3,125.0,2024-08-31,32,simule_distributions_ademe_2023
62083,E,E,appartement,1984,121.6,563.0,2024-08-31,32,simule_distributions_ademe_2023
62199,E,G,appartement,1982,236.8,386.0,2024-08-31,32,simule_distributions_ademe_2023
59294,B,F,maison,2017,60.3,107.0,2024-09-01,32,simule_distributions_ademe_2023
60267,F,D,appartement,1955,56.9,537.0,2024-09-01,32,simule_distributions_ademe_2023
80183,E,G,maison,1980,106.7,475.0,2024-09-01,32,simule_distributions_ademe_2023
59143,D,B,appartement,1971,90.4,249.0,2024-09-02,32,simule_distributions_ademe_2023
02041,C,F,appartement,2011,53.4,224.0,2024-09-02,32,simule_distributions_ademe_2023
80157,G,F,maison,1973,65.2,568.0,2024-09-02,32,simule_distributions_ademe_2023
80180,F,F,maison,1945,69.1,380.0,2024-09-02,32,simule_distributions_ademe_2023
80088,D,D,appartement,1987,70.0,278.0,2024-09-03,32,simule_distributions_ademe_2023
59096,C,E,maison,2000,80.7,248.0,2024-09-03,32,simule_distributions_ademe_2023
60058,D,F,maison,1986,46.6,263.0,2024-09-03,32,simule_distributions_ademe_2023
02278,D,D,immeuble,1985,51.6,281.0,2024-09-03,32,simule_distributions_ademe_2023
59372,E,F,appartement,1989,40.3,565.0,2024-09-04,32,simule_distributions_ademe_2023
62059,G,F,appartement,1942,117.0,471.0,2024-09-04,32,simule_distributions_ademe_2023
80392,C,B,maison,2001,61.3,330.0,2024-09-04,32,simule_distributions_ademe_2023
62259,B,E,maison,2019,23.2,114.0,2024-09-04,32,simule_distributions_ademe_2023
59394,B,E,maison,1992,137.5,148.0,2024-09-05,32,simule_distributions_ademe_2023
62355,E,F,maison,1976,92.7,548.0,2024-09-05,32,simule_distributions_ademe_2023
60285,C,D,maison,2005,75.4,163.0,2024-09-05,32,simule_distributions_ademe_2023
80176,D,G,maison,1972,90.9,253.0,2024-09-05,32,simule_distributions_ademe_2023
02335,D,E,maison,1970,67.9,253.0,2024-09-06,32,simule_distributions_ademe_2023
60384,E,D,immeuble,1976,40.1,375.0,2024-09-06,32,simule_distributions_ademe_2023
59036,G,D,maison,1953,139.9,650.0,2024-09-06,32,simule_distributions_ademe_2023
62074,G,C,appartement,1948,54.3,470.0,2024-09-06,32,simule_distributions_ademe_2023
02339,G,F,maison,1920,96.4,421.0,2024-09-07,32,simule_distributions_ademe_2023
80194,D,E,maison,1974,69.5,164.0,2024-09-07,32,simule_distributions_ademe_2023
60101,D,G,maison,1992,57.7,293.0,2024-09-07,32,simule_distributions_ademe_2023
80212,E,E,appartement,1965,33.6,452.0,2024-09-07,32,simule_distributions_ademe_2023
60244,D,E,maison,1974,56.9,326.0,2024-09-08,32,simule_distributions_ademe_2023
59351,E,D,maison,1982,65.9,528.0,2024-09-08,32,simule_distributions_ademe_2023
02062,F,E,maison,1953,84.5,626.0,2024-09-08,32,simule_distributions_ademe_2023
02383,G,C,maison,1965,84.3,498.0,2024-09-08,32,simule_distributions_ademe_2023
60331,D,C,appartement,1971,59.2,162.0,2024-09-09,32,simule_distributions_ademe_2023
60234,D,G,maison,1967,18.0,292.0,2024-09-09,32,simule_distributions_ademe_2023
80108,E,E,appartement,1983,42.3,687.0,2024-09-09,32,simule_distributions_ademe_2023
59189,D,E,appartement,1990,75.3,241.0,2024-09-09,32,simule_distributions_ademe_2023
60207,D,G,maison,1991,135.3,284.0,2024-09-10,32,simule_distributions_ademe_2023
80130,D,D,maison,1991,32.0,264.0,2024-09-10,32,simule_distributions_ademe_2023
80052,C,E,appartement,2008,63.9,257.0,2024-09-10,32,simule_distributions_ademe_2023
62059,E,D,appartement,1983,36.3,358.0,2024-09-10,32,simule_distributions_ademe_2023
60148,G,G,appartement,1935,83.2,358.0,2024-09-11,32,simule_distributions_ademe_2023
80001,D,G,appartement,1979,69.0,200.0,2024-09-11,32,simule_distributions_ademe_2023
62382,D,G,immeuble,1973,107.0,317.0,2024-09-11,32,simule_distributions_ademe_2023
02042,F,D,appartement,1960,50.4,442.0,2024-09-11,32,simule_distributions_ademe_2023
60190,D,D,appartement,1975,57.4,152.0,2024-09-12,32,simule_distributions_ademe_2023
80327,E,G,appartement,1978,60.2,542.0,2024-09-12,32,simule_distributions_ademe_2023
62200,G,E,appartement,1950,76.3,634.0,2024-09-12,32,simule_distributions_ademe_2023
02236,F,E,appartement,1942,35.4,505.0,2024-09-13,32,simule_distributions_ademe_2023
60022,D,C,maison,1966,92.3,244.0,2024-09-13,32,simule_distributions_ademe_2023
60007,D,F,maison,1976,31.9,168.0,2024-09-13,32,simule_distributions_ademe_2023
59095,G,F,maison,1953,75.1,466.0,2024-09-13,32,simule_distributions_ademe_2023
60179,D,G,appartement,1968,73.2,215.0,2024-09-14,32,simule_distributions_ademe_2023
80014,F,A,appartement,1957,73.2,689.0,2024-09-14,32,simule_distributions_ademe_2023
80075,B,E,maison,2000,38.2,100.0,2024-09-14,32,simule_distributions_ademe_2023
62186,F,A,appartement,1922,71.5,452.0,2024-09-14,32,simule_distributions_ademe_2023
60349,F,F,maison,1935,42.5,419.0,2024-09-15,32,simule_distributions_ademe_2023
02052,D,F,maison,1988,42.9,196.0,2024-09-15,32,simule_distributions_ademe_2023
62304,G,C,immeuble,1936,51.8,528.0,2024-09-15,32,simule_distributions_ademe_2023
80094,E,E,maison,1966,50.7,433.0,2024-09-15,32,simule_distributions_ademe_2023
60387,A,F,appartement,1987,150.6,86.0,2024-09-16,32,simule_distributions_ademe_2023
62323,E,D,appartement,1967,132.1,614.0,2024-09-16,32,simule_distributions_ademe_2023
02201,D,F,maison,1975,158.9,324.0,2024-09-16,32,simule_distributions_ademe_2023
62045,E,D,maison,1976,31.9,338.0,2024-09-16,32,simule_distributions_ademe_2023
62116,D,C,maison,1968,34.1,268.0,2024-09-17,32,simule_distributions_ademe_2023
02070,D,G,appartement,1991,174.9,174.0,2024-09-17,32,simule_distributions_ademe_2023
62156,A,F,appartement,2006,49.1,110.0,2024-09-17,32,simule_distributions_ademe_2023
59332,C,D,appartement,2006,69.5,236.0,2024-09-17,32,simule_distributions_ademe_2023
59153,G,F,maison,1972,54.8,428.0,2024-09-18,32,simule_distributions_ademe_2023
80039,B,F,maison,1993,36.5,62.0,2024-09-18,32,simule_distributions_ademe_2023
62155,B,G,maison,2013,78.5,96.0,2024-09-18,32,simule_distributions_ademe_2023
80243,F,G,maison,1939,145.0,389.0,2024-09-18,32,simule_distributions_ademe_2023
60286,C,B,maison,1987,88.0,284.0,2024-09-19,32,simule_distributions_ademe_2023
60379,E,D,appartement,1990,47.3,333.0,2024-09-19,32,simule_distributions_ademe_2023
62033,G,B,appartement,1937,53.6,392.0,2024-09-19,32,simule_distributions_ademe_2023
80293,C,G,appartement,1997,86.5,296.0,2024-09-19,32,simule_distributions_ademe_2023
59331,B,D,appartement,1993,102.8,137.0,2024-09-20,32,simule_distributions_ademe_2023
62089,B,D,appartement,2016,59.0,113.0,2024-09-20,32,simule_distributions_ademe_2023
60206,D,F,appartement,1991,78.8,179.0,2024-09-20,32,simule_distributions_ademe_2023
80116,F,F,appartement,1933,55.9,541.0,2024-09-20,32,simule_distributions_ademe_2023
80288,E,B,maison,1972,47.6,580.0,2024-09-21,32,simule_distributions_ademe_2023
02330,C,C,appartement,1992,67.8,238.0,2024-09-21,32,simule_distributions_ademe_2023
59230,C,F,maison,2000,52.1,182.0,2024-09-21,32,simule_distributions_ademe_2023
02168,F,C,appartement,1929,70.6,347.0,2024-09-21,32,simule_distributions_ademe_2023
59147,D,D,maison,1966,174.6,165.0,2024-09-22,32,simule_distributions_ademe_2023
02003,D,D,maison,1993,53.0,315.0,2024-09-22,32,simule_distributions_ademe_2023
80326,G,G,appartement,1937,116.4,662.0,2024-09-22,32,simule_distributions_ademe_2023
02285,E,D,maison,1980,88.3,687.0,2024-09-22,32,simule_distributions_ademe_2023
02369,D,C,maison,1978,47.9,246.0,2024-09-23,32,simule_distributions_ademe_2023
80264,D,B,appartement,1978,87.8,239.0,2024-09-23,32,simule_distributions_ademe_2023
60299,E,E,appartement,1980,58.5,670.0,2024-09-23,32,simule_distributions_ademe_2023
59114,G,G,maison,1973,25.5,522.0,2024-09-24,32,simule_distributions_ademe_2023
60020,D,B,maison,1990,87.9,296.0,2024-09-24,32,simule_distributions_ademe_2023
59385,G,F,appartement,1964,84.7,680.0,2024-09-24,32,simule_distributions_ademe_2023
02240,F,D,appartement,1936,146.0,410.0,2024-09-24,32,simule_distributions_ademe_2023
02257,D,F,maison,1990,85.7,319.0,2024-09-25,32,simule_distributions_ademe_2023
59378,G,F,appartement,1936,78.2,568.0,2024-09-25,32,simule_distributions_ademe_2023
62272,D,C,maison,1982,67.3,177.0,2024-09-25,32,simule_distributions_ademe_2023
59339,D,B,maison,1969,43.2,193.0,2024-09-25,32,simule_distributions_ademe_2023
59095,F,G,maison,1939,49.7,547.0,2024-09-26,32,simule_distributions_ademe_2023
80147,B,E,maison,2019,111.1,99.0,2024-09-26,32,simule_distributions_ademe_2023
59094,F,E,appartement,1921,62.3,628.0,2024-09-26,32,simule_distributions_ademe_2023
59123,E,E,immeuble,1990,44.8,534.0,2024-09-26,32,simule_distributions_ademe_2023
59108,G,F,appartement,1922,80.6,462.0,2024-09-27,32,simule_distributions_ademe_2023
80207,E,F,maison,1976,60.7,695.0,2024-09-27,32,simule_distributions_ademe_2023
59057,D,E,maison,1968,68.9,324.0,2024-09-27,32,simule_distributions_ademe_2023
59378,F,A,maison,1927,65.0,626.0,2024-09-27,32,simule_distributions_ademe_2023
60116,E,C,maison,1969,65.5,624.0,2024-09-28,32,simule_distributions_ademe_2023
59062,D,E,appartement,1994,22.8,175.0,2024-09-28,32,simule_distributions_ademe_2023
60220,D,E,maison,1974,30.3,162.0,2024-09-28,32,simule_distributions_ademe_2023
59052,E,E,maison,1989,30.5,522.0,2024-09-28,32,simule_distributions_ademe_2023
59195,E,D,maison,1992,70.8,600.0,2024-09-29,32,simule_distributions_ademe_2023
59161,E,E,maison,1967,164.4,471.0,2024-09-29,32,simule_distributions_ademe_2023
59080,G,D,immeuble,1935,47.8,488.0,2024-09-29,32,simule_distributions_ademe_2023
59078,C,C,appartement,2012,73.0,319.0,2024-09-29,32,simule_distributions_ademe_2023
80141,F,G,maison,1956,48.0,532.0,2024-09-30,32,simule_distributions_ademe_2023
60388,B,B,appartement,2011,29.7,111.0,2024-09-30,32,simule_distributions_ademe_2023
59107,C,D,appartement,2002,97.9,172.0,2024-09-30,32,simule_distributions_ademe_2023
62072,G,D,appartement,1970,74.8,550.0,2024-09-30,32,simule_distributions_ademe_2023
60335,C,F,appartement,2009,61.1,174.0,2024-10-01,32,simule_distributions_ademe_2023
60022,C,F,maison,1985,79.8,195.0,2024-10-01,32,simule_distributions_ademe_2023
62276,E,D,maison,1992,66.2,508.0,2024-10-01,32,simule_distributions_ademe_2023
62275,G,F,maison,1940,37.9,512.0,2024-10-01,32,simule_distributions_ademe_2023
02118,D,G,maison,1972,30.2,174.0,2024-10-02,32,simule_distributions_ademe_2023
02296,B,D,appartement,1985,25.2,103.0,2024-10-02,32,simule_distributions_ademe_2023
60140,E,D,appartement,1975,47.6,449.0,2024-10-02,32,simule_distributions_ademe_2023
02003,G,D,maison,1957,43.0,638.0,2024-10-02,32,simule_distributions_ademe_2023
80272,E,C,maison,1971,45.9,332.0,2024-10-03,32,simule_distributions_ademe_2023
02271,F,C,appartement,1965,29.3,611.0,2024-10-03,32,simule_distributions_ademe_2023
02277,D,E,appartement,1993,102.8,151.0,2024-10-03,32,simule_distributions_ademe_2023
02272,G,C,maison,1947,48.6,661.0,2024-10-03,32,simule_distributions_ademe_2023
62190,D,D,maison,1988,118.4,275.0,2024-10-04,32,simule_distributions_ademe_2023
62077,E,A,appartement,1983,39.1,680.0,2024-10-04,32,simule_distributions_ademe_2023
60353,G,D,maison,1940,76.9,401.0,2024-10-04,32,simule_distributions_ademe_2023
60253,F,B,maison,1962,80.3,444.0,2024-10-05,32,simule_distributions_ademe_2023
59204,E,A,immeuble,1993,50.2,467.0,2024-10-05,32,simule_distributions_ademe_2023
60038,G,A,maison,1961,26.1,354.0,2024-10-05,32,simule_distributions_ademe_2023
80123,E,C,maison,1981,109.5,560.0,2024-10-05,32,simule_distributions_ademe_2023
62296,D,E,maison,1967,55.7,230.0,2024-10-06,32,simule_distributions_ademe_2023
60392,G,D,appartement,1953,92.4,360.0,2024-10-06,32,simule_distributions_ademe_2023
62184,F,B,maison,1943,131.2,442.0,2024-10-06,32,simule_distributions_ademe_2023
80112,E,G,maison,1980,44.1,421.0,2024-10-06,32,simule_distributions_ademe_2023
60365,E,F,maison,1990,87.0,469.0,2024-10-07,32,simule_distributions_ademe_2023
80063,B,E,appartement,2009,57.9,81.0,2024-10-07,32,simule_distributions_ademe_2023
60362,E,F,maison,1975,83.0,601.0,2024-10-07,32,simule_distributions_ademe_2023
80273,F,C,maison,1951,126.0,681.0,2024-10-07,32,simule_distributions_ademe_2023
62172,E,C,appartement,1987,33.8,580.0,2024-10-08,32,simule_distributions_ademe_2023
80040,G,E,maison,1937,90.8,580.0,2024-10-08,32,simule_distributions_ademe_2023
02182,C,E,maison,2008,100.3,308.0,2024-10-08,32,simule_distributions_ademe_2023
60346,C,E,maison,2008,56.3,277.0,2024-10-08,32,simule_distributions_ademe_2023
62318,B,F,appartement,1995,79.7,130.0,2024-10-09,32,simule_distributions_ademe_2023
60233,D,G,maison,1969,45.4,229.0,2024-10-09,32,simule_distributions_ademe_2023
02264,D,F,appartement,1992,40.2,207.0,2024-10-09,32,simule_distributions_ademe_2023
80362,D,E,appartement,1991,51.1,213.0,2024-10-09,32,simule_distributions_ademe_2023
60233,D,D,maison,1969,88.7,322.0,2024-10-10,32,simule_distributions_ademe_2023
60110,F,C,appartement,1968,68.5,614.0,2024-10-10,32,simule_distributions_ademe_2023
59093,C,E,appartement,2013,44.6,321.0,2024-10-10,32,simule_distributions_ademe_2023
62023,D,E,maison,1978,133.8,223.0,2024-10-10,32,simule_distributions_ademe_2023
80156,F,F,maison,1920,44.7,472.0,2024-10-11,32,simule_distributions_ademe_2023
62266,C,G,maison,2015,43.1,215.0,2024-10-11,32,simule_distributions_ademe_2023
62225,F,D,maison,1927,73.6,384.0,2024-10-11,32,simule_distributions_ademe_2023
80310,F,F,maison,1968,80.2,359.0,2024-10-11,32,simule_distributions_ademe_2023
60210,F,D,maison,1922,33.2,562.0,2024-10-12,32,simule_distributions_ademe_2023
59251,D,F,maison,1981,62.3,205.0,2024-10-12,32,simule_distributions_ademe_2023
62004,E,F,maison,1988,111.7,493.0,2024-10-12,32,simule_distributions_ademe_2023
60165,F,D,immeuble,1951,150.9,492.0,2024-10-12,32,simule_distributions_ademe_2023
60292,E,E,maison,1967,58.1,370.0,2024-10-13,32,simule_distributions_ademe_2023
62252,G,F,appartement,1936,71.6,629.0,2024-10-13,32,simule_distributions_ademe_2023
62230,D,D,maison,1979,51.1,234.0,2024-10-13,32,simule_distributions_ademe_2023
02136,E,D,appartement,1966,53.2,415.0,2024-10-13,32,simule_distributions_ademe_2023
02364,E,D,appartement,1971,22.1,449.0,2024-10-14,32,simule_distributions_ademe_2023
62079,D,D,appartement,1979,52.5,296.0,2024-10-14,32,simule_distributions_ademe_2023
62196,F,F,appartement,1966,54.4,463.0,2024-10-14,32,simule_distributions_ademe_2023
59225,G,D,maison,1922,79.9,334.0,2024-10-14,32,simule_distributions_ademe_2023
59187,F,E,maison,1930,133.8,528.0,2024-10-15,32,simule_distributions_ademe_2023
62239,A,F,maison,1988,61.0,84.0,2024-10-15,32,simule_distributions_ademe_2023
60011,D,F,appartement,1984,23.2,263.0,2024-10-15,32,simule_distributions_ademe_2023
62278,C,E,maison,2019,65.4,319.0,2024-10-16,32,simule_distributions_ademe_2023
80357,C,C,maison,1992,64.5,160.0,2024-10-16,32,simule_distributions_ademe_2023
60146,D,C,maison,1993,148.9,230.0,2024-10-16,32,simule_distributions_ademe_2023
80055,G,B,appartement,1934,160.1,670.0,2024-10-16,32,simule_distributions_ademe_2023
62019,E,C,appartement,1965,64.4,577.0,2024-10-17,32,simule_distributions_ademe_2023
80329,G,D,appartement,1942,110.2,603.0,2024-10-17,32,simule_distributions_ademe_2023
62238,D,F,appartement,1973,54.4,215.0,2024-10-17,32,simule_distributions_ademe_2023
59190,G,D,appartement,1953,116.5,493.0,2024-10-17,32,simule_distributions_ademe_2023
59056,E,F,immeuble,1971,34.6,422.0,2024-10-18,32,simule_distributions_ademe_2023
60260,E,C,appartement,1983,139.1,437.0,2024-10-18,32,simule_distributions_ademe_2023
62285,F,E,appartement,1974,45.7,575.0,2024-10-18,32,simule_distributions_ademe_2023
02039,D,E,appartement,1985,48.9,279.0,2024-10-18,32,simule_distributions_ademe_2023
59106,C,B,maison,1997,152.1,268.0,2024-10-19,32,simule_distributions_ademe_2023
80332,E,E,maison,1989,87.7,633.0,2024-10-19,32,simule_distributions_ademe_2023
02060,G,G,appartement,1968,119.0,697.0,2024-10-19,32,simule_distributions_ademe_2023
62201,G,B,appartement,1972,166.3,422.0,2024-10-19,32,simule_distributions_ademe_2023
02259,B,F,maison,1997,93.8,56.0,2024-10-20,32,simule_distributions_ademe_2023
62066,E,E,maison,1980,25.7,479.0,2024-10-20,32,simule_distributions_ademe_2023
02349,F,G,maison,1921,96.3,643.0,2024-10-20,32,simule_distributions_ademe_2023
02224,F,E,appartement,1953,121.4,670.0,2024-10-20,32,simule_distributions_ademe_2023
60163,C,C,appartement,2009,71.5,282.0,2024-10-21,32,simule_distributions_ademe_2023
62219,A,F,appartement,1986,59.1,147.0,2024-10-21,32,simule_distributions_ademe_2023
02194,D,G,maison,1968,19.2,277.0,2024-10-21,32,simule_distributions_ademe_2023
62077,E,G,appartement,1976,97.4,446.0,2024-10-21,32,simule_distributions_ademe_2023
62098,F,F,appartement,1959,39.1,383.0,2024-10-22,32,simule_distributions_ademe_2023
02396,E,D,maison,1978,45.6,695.0,2024-10-22,32,simule_distributions_ademe_2023
02270,F,B,appartement,1923,90.3,373.0,2024-10-22,32,simule_distributions_ademe_2023
02261,G,E,maison,1937,18.7,565.0,2024-10-22,32,simule_distributions_ademe_2023
59085,F,C,immeuble,1930,53.6,364.0,2024-10-23,32,simule_distributions_ademe_2023
59248,D,D,appartement,1966,72.3,287.0,2024-10-23,32,simule_distributions_ademe_2023
62379,A,D,immeuble,1988,56.3,75.0,2024-10-23,32,simule_distributions_ademe_2023
59372,G,C,maison,1921,56.5,535.0,2024-10-23,32,simule_distributions_ademe_2023
80215,C,E,maison,2001,73.7,204.0,2024-10-24,32,simule_distributions_ademe_2023
59242,G,C,immeuble,1973,69.0,495.0,2024-10-24,32,simule_distributions_ademe_2023
60083,F,E,maison,1965,89.6,566.0,2024-10-24,32,simule_distributions_ademe_2023
02270,C,D,appartement,2007,80.0,152.0,2024-10-24,32,simule_distributions_ademe_2023
02016,G,F,maison,1971,63.9,618.0,2024-10-25,32,simule_distributions_ademe_2023
60355,F,E,maison,1925,126.2,493.0,2024-10-25,32,simule_distributions_ademe_2023
59374,F,D,maison,1965,41.0,482.0,2024-10-25,32,simule_distributions_ademe_2023
60271,F,F,appartement,1951,85.7,576.0,2024-10-25,32,simule_distributions_ademe_2023
59035,A,F,appartement,2012,218.1,146.0,2024-10-26,32,simule_distributions_ademe_2023
60176,F,E,maison,1952,73.2,593.0,2024-10-26,32,simule_distributions_ademe_2023
60144,G,E,maison,1966,50.9,365.0,2024-10-26,32,simule_distributions_ademe_2023
59027,G,E,maison,1930,109.3,339.0,2024-10-27,32,simule_distributions_ademe_2023
02184,F,C,appartement,1928,76.2,382.0,2024-10-27,32,simule_distributions_ademe_2023
80056,F,G,appartement,1965,77.3,614.0,2024-10-27,32,simule_distributions_ademe_2023
62164,G,F,appartement,1927,40.5,473.0,2024-10-27,32,simule_distributions_ademe_2023
59007,D,B,maison,1979,84.2,307.0,2024-10-28,32,simule_distributions_ademe_2023
60301,E,F,maison,1985,73.2,395.0,2024-10-28,32,simule_distributions_ademe_2023
80120,E,B,maison,1977,56.0,366.0,2024-10-28,32,simule_distributions_ademe_2023
60398,G,C,maison,1967,53.6,417.0,2024-10-28,32,simule_distributions_ademe_2023
02217,F,F,appartement,1964,52.5,608.0,2024-10-29,32,simule_distributions_ademe_2023
80163,E,E,appartement,1984,88.8,511.0,2024-10-29,32,simule_distributions_ademe_2023
62300,C,D,maison,1990,26.2,222.0,2024-10-29,32,simule_distributions_ademe_2023
80383,C,E,maison,1994,37.5,261.0,2024-10-29,32,simule_distributions_ademe_2023
80181,G,D,appartement,1945,113.1,425.0,2024-10-30,32,simule_distributions_ademe_2023
80180,G,C,maison,1951,64.2,397.0,2024-10-30,32,simule_distributions_ademe_2023
02236,F,E,appartement,1963,61.8,661.0,2024-10-30,32,simule_distributions_ademe_2023
59099,C,D,immeuble,2000,32.6,324.0,2024-10-30,32,simule_distributions_ademe_2023
62211,D,G,appartement,1976,86.3,222.0,2024-10-31,32,simule_distributions_ademe_2023
62294,F,E,appartement,1953,19.9,684.0,2024-10-31,32,simule_distributions_ademe_2023
59085,A,F,maison,2013,35.3,108.0,2024-10-31,32,simule_distributions_ademe_2023
62300,G,G,maison,1943,39.5,558.0,2024-10-31,32,simule_distributions_ademe_2023
59279,F,F,maison,1971,83.0,333.0,2024-11-01,32,simule_distributions_ademe_2023
62187,G,C,maison,1928,53.3,645.0,2024-11-01,32,simule_distributions_ademe_2023
62254,D,D,maison,1992,82.8,261.0,2024-11-01,32,simule_distributions_ademe_2023
62143,D,D,maison,1991,30.0,195.0,2024-11-01,32,simule_distributions_ademe_2023
80391,D,E,maison,1973,68.3,308.0,2024-11-02,32,simule_distributions_ademe_2023
59238,F,F,appartement,1944,88.8,652.0,2024-11-02,32,simule_distributions_ademe_2023
80164,G,E,maison,1939,35.1,516.0,2024-11-02,32,simule_distributions_ademe_2023
02100,A,D,maison,1992,127.8,99.0,2024-11-02,32,simule_distributions_ademe_2023
62062,F,E,maison,1942,110.1,629.0,2024-11-03,32,simule_distributions_ademe_2023
80310,F,D,appartement,1961,103.2,536.0,2024-11-03,32,simule_distributions_ademe_2023
02273,G,F,maison,1973,172.1,513.0,2024-11-03,32,simule_distributions_ademe_2023
80175,B,A,appartement,2015,24.6,91.0,2024-11-03,32,simule_distributions_ademe_2023
60266,G,D,maison,1955,106.9,534.0,2024-11-04,32,simule_distributions_ademe_2023
59202,B,D,appartement,2018,79.9,128.0,2024-11-04,32,simule_distributions_ademe_2023
60103,G,F,maison,1965,61.7,451.0,2024-11-04,32,simule_distributions_ademe_2023
02237,E,E,appartement,1988,92.4,431.0,2024-11-04,32,simule_distributions_ademe_2023
02284,D,D,appartement,1992,59.9,154.0,2024-11-05,32,simule_distributions_ademe_2023
80382,G,D,maison,1941,39.5,425.0,2024-11-05,32,simule_distributions_ademe_2023
60133,F,D,maison,1963,87.8,593.0,2024-11-05,32,simule_distributions_ademe_2023
60364,G,G,maison,1962,98.1,358.0,2024-11-05,32,simule_distributions_ademe_2023
62320,F,D,maison,1925,40.9,432.0,2024-11-06,32,simule_distributions_ademe_2023
60389,D,E,appartement,1989,110.0,330.0,2024-11-06,32,simule_distributions_ademe_2023
60275,G,D,appartement,1958,83.0,539.0,2024-11-06,32,simule_distributions_ademe_2023
62137,D,F,appartement,1985,81.4,254.0,2024-11-07,32,simule_distributions_ademe_2023
02256,C,E,maison,1997,110.2,290.0,2024-11-07,32,simule_distributions_ademe_2023
02159,F,E,appartement,1929,81.8,534.0,2024-11-07,32,simule_distributions_ademe_2023
60118,E,G,appartement,1984,64.0,394.0,2024-11-07,32,simule_distributions_ademe_2023
62355,C,F,maison,1988,52.6,266.0,2024-11-08,32,simule_distributions_ademe_2023
80061,E,D,appartement,1971,24.0,366.0,2024-11-08,32,simule_distributions_ademe_2023
62078,G,E,appartement,1963,78.6,462.0,2024-11-08,32,simule_distributions_ademe_2023
62241,F,D,appartement,1924,59.4,551.0,2024-11-08,32,simule_distributions_ademe_2023
60305,E,E,appartement,1971,48.7,532.0,2024-11-09,32,simule_distributions_ademe_2023
59370,G,E,appartement,1951,89.9,365.0,2024-11-09,32,simule_distributions_ademe_2023
80320,C,E,maison,1994,71.4,253.0,2024-11-09,32,simule_distributions_ademe_2023
80117,E,B,maison,1983,49.9,456.0,2024-11-09,32,simule_distributions_ademe_2023
60094,C,C,appartement,1997,124.8,299.0,2024-11-10,32,simule_distributions_ademe_2023
62068,E,E,maison,1973,211.1,627.0,2024-11-10,32,simule_distributions_ademe_2023
80088,E,E,appartement,1985,62.7,655.0,2024-11-10,32,simule_distributions_ademe_2023
62176,F,C,appartement,1938,53.7,568.0,2024-11-10,32,simule_distributions_ademe_2023
02354,D,B,maison,1982,45.3,168.0,2024-11-11,32,simule_distributions_ademe_2023
60266,E,F,maison,1973,55.6,652.0,2024-11-11,32,simule_distributions_ademe_2023
80121,D,F,appartement,1969,29.7,230.0,2024-11-11,32,simule_distributions_ademe_2023
60014,D,E,appartement,1989,70.1,303.0,2024-11-11,32,simule_distributions_ademe_2023
62263,F,B,maison,1936,76.0,437.0,2024-11-12,32,simule_distributions_ademe_2023
62357,D,C,maison,1966,65.4,277.0,2024-11-12,32,simule_distributions_ademe_2023
02062,E,B,appartement,1971,43.0,449.0,2024-11-12,32,simule_distributions_ademe_2023
02186,G,C,maison,1938,94.1,512.0,2024-11-12,32,simule_distributions_ademe_2023
60081,F,E,appartement,1936,48.5,483.0,2024-11-13,32,simule_distributions_ademe_2023
60139,G,G,maison,1953,65.4,690.0,2024-11-13,32,simule_distributions_ademe_2023
80309,D,C,appartement,1990,111.5,308.0,2024-11-13,32,simule_distributions_ademe_2023
60209,D,D,maison,1983,35.6,245.0,2024-11-13,32,simule_distributions_ademe_2023
02181,D,F,appartement,1980,84.5,281.0,2024-11-14,32,simule_distributions_ademe_2023
59231,E,E,appartement,1991,78.1,569.0,2024-11-14,32,simule_distributions_ademe_2023
59221,F,C,maison,1936,34.3,395.0,2024-11-14,32,simule_distributions_ademe_2023
60001,D,F,maison,1978,197.2,276.0,2024-11-14,32,simule_distributions_ademe_2023
60064,E,E,appartement,1993,89.4,425.0,2024-11-15,32,simule_distributions_ademe_2023
02145,D,C,maison,1981,120.3,275.0,2024-11-15,32,simule_distributions_ademe_2023
60125,C,E,maison,1986,47.4,245.0,2024-11-15,32,simule_distributions_ademe_2023
02049,E,D,maison,1968,70.1,654.0,2024-11-15,32,simule_distributions_ademe_2023
62284,G,D,immeuble,1936,78.0,619.0,2024-11-16,32,simule_distributions_ademe_2023
60029,F,E,immeuble,1967,45.9,460.0,2024-11-16,32,simule_distributions_ademe_2023
80065,E,E,appartement,1972,44.3,657.0,2024-11-16,32,simule_distributions_ademe_2023
59055,G,C,immeuble,1941,50.5,555.0,2024-11-16,32,simule_distributions_ademe_2023
60076,G,D,maison,1927,60.9,692.0,2024-11-17,32,simule_distributions_ademe_2023
59377,F,B,appartement,1959,47.3,344.0,2024-11-17,32,simule_distributions_ademe_2023
02390,F,D,appartement,1959,74.9,468.0,2024-11-17,32,simule_distributions_ademe_2023
62322,C,D,maison,2005,100.4,261.0,2024-11-18,32,simule_distributions_ademe_2023
80161,F,G,appartement,1958,89.0,561.0,2024-11-18,32,simule_distributions_ademe_2023
59155,F,F,maison,1949,120.6,397.0,2024-11-18,32,simule_distributions_ademe_2023
62098,F,A,maison,1966,120.3,606.0,2024-11-18,32,simule_distributions_ademe_2023
02094,D,D,appartement,1978,45.0,221.0,2024-11-19,32,simule_distributions_ademe_2023
59049,D,E,maison,1969,25.3,315.0,2024-11-19,32,simule_distributions_ademe_2023
62019,C,F,maison,1996,84.7,238.0,2024-11-19,32,simule_distributions_ademe_2023
80240,B,G,maison,2019,75.2,50.0,2024-11-19,32,simule_distributions_ademe_2023
62274,E,C,appartement,1992,138.8,516.0,2024-11-20,32,simule_distributions_ademe_2023
60116,F,D,appartement,1939,52.3,505.0,2024-11-20,32,simule_distributions_ademe_2023
02166,E,D,maison,1975,24.5,619.0,2024-11-20,32,simule_distributions_ademe_2023
62365,C,D,maison,1993,30.0,162.0,2024-11-20,32,simule_distributions_ademe_2023
60006,E,G,maison,1978,54.5,641.0,2024-11-21,32,simule_distributions_ademe_2023
60331,F,C,immeuble,1963,55.5,641.0,2024-11-21,32,simule_distributions_ademe_2023
62167,C,F,appartement,1992,63.8,245.0,2024-11-21,32,simule_distributions_ademe_2023
02331,D,E,maison,1984,67.2,165.0,2024-11-21,32,simule_distributions_ademe_2023
60340,E,F,immeuble,1985,24.2,441.0,2024-11-22,32,simule_distributions_ademe_2023
80119,C,F,maison,1987,74.1,213.0,2024-11-22,32,simule_distributions_ademe_2023
80202,F,E,maison,1933,35.7,448.0,2024-11-22,32,simule_distributions_ademe_2023
60326,D,F,maison,1971,45.0,278.0,2024-11-22,32,simule_distributions_ademe_2023
60032,D,D,maison,1982,50.3,228.0,2024-11-23,32,simule_distributions_ademe_2023
02230,C,B,maison,2007,56.5,218.0,2024-11-23,32,simule_distributions_ademe_2023
62011,F,F,appartement,1949,58.3,394.0,2024-11-23,32,simule_distributions_ademe_2023
80180,E,E,maison,1974,93.4,644.0,2024-11-23,32,simule_distributions_ademe_2023
59299,G,G,appartement,1939,67.8,539.0,2024-11-24,32,simule_distributions_ademe_2023
62288,E,E,maison,1983,160.1,409.0,2024-11-24,32,simule_distributions_ademe_2023
80042,E,G,maison,1969,50.3,694.0,2024-11-24,32,simule_distributions_ademe_2023
80332,E,D,maison,1968,77.7,615.0,2024-11-24,32,simule_distributions_ademe_2023
60109,D,F,maison,1985,73.1,221.0,2024-11-25,32,simule_distributions_ademe_2023
60002,F,F,appartement,1955,122.6,406.0,2024-11-25,32,simule_distributions_ademe_2023
80082,F,C,maison,1921,35.7,651.0,2024-11-25,32,simule_distributions_ademe_2023
62155,C,D,appartement,2015,27.1,255.0,2024-11-25,32,simule_distributions_ademe_2023
60300,G,D,maison,1922,58.8,664.0,2024-11-26,32,simule_distributions_ademe_2023
60008,D,B,maison,1979,130.9,324.0,2024-11-26,32,simule_distributions_ademe_2023
80090,D,A,appartement,1988,45.1,218.0,2024-11-26,32,simule_distributions_ademe_2023
60371,E,D,immeuble,1983,76.5,398.0,2024-11-26,32,simule_distributions_ademe_2023
62008,D,E,maison,1992,107.0,274.0,2024-11-27,32,simule_distributions_ademe_2023
80050,D,E,appartement,1984,24.6,195.0,2024-11-27,32,simule_distributions_ademe_2023
62298,D,E,maison,1972,118.9,219.0,2024-11-27,32,simule_distributions_ademe_2023
59124,E,C,maison,1980,47.0,636.0,2024-11-27,32,simule_distributions_ademe_2023
80183,E,G,appartement,1972,34.9,552.0,2024-11-28,32,simule_distributions_ademe_2023
60114,C,F,appartement,1985,103.1,274.0,2024-11-28,32,simule_distributions_ademe_2023
02152,A,E,appartement,2014,104.9,68.0,2024-11-28,32,simule_distributions_ademe_2023
80356,G,E,appartement,1935,50.9,346.0,2024-11-29,32,simule_distributions_ademe_2023
59251,G,E,appartement,1944,160.2,374.0,2024-11-29,32,simule_distributions_ademe_2023
62042,E,F,maison,1972,104.1,535.0,2024-11-29,32,simule_distributions_ademe_2023
60288,F,C,maison,1946,80.9,360.0,2024-11-29,32,simule_distributions_ademe_2023
60399,D,D,appartement,1991,111.3,270.0,2024-11-30,32,simule_distributions_ademe_2023
80223,D,E,maison,1976,61.8,280.0,2024-11-30,32,simule_distributions_ademe_2023
62167,F,D,appartement,1952,79.4,643.0,2024-11-30,32,simule_distributions_ademe_2023
62131,E,E,maison,1975,183.7,499.0,2024-11-30,32,simule_distributions_ademe_2023
02270,F,F,appartement,1928,81.2,469.0,2024-12-01,32,simule_distributions_ademe_2023
02300,A,E,appartement,1995,49.8,143.0,2024-12-01,32,simule_distributions_ademe_2023
02012,C,C,maison,2018,77.1,272.0,2024-12-01,32,simule_distributions_ademe_2023
62071,F,E,appartement,1959,305.1,594.0,2024-12-01,32,simule_distributions_ademe_2023
59187,C,D,maison,2009,43.8,321.0,2024-12-02,32,simule_distributions_ademe_2023
02322,G,B,appartement,1948,158.1,700.0,2024-12-02,32,simule_distributions_ademe_2023
60233,G,D,maison,1924,126.1,570.0,2024-12-02,32,simule_distributions_ademe_2023
80240,F,G,maison,1955,52.0,369.0,2024-12-02,32,simule_distributions_ademe_2023
59085,E,E,appartement,1991,44.1,573.0,2024-12-03,32,simule_distributions_ademe_2023
80229,G,E,maison,1953,124.9,454.0,2024-12-03,32,simule_distributions_ademe_2023
60196,B,D,maison,2000,71.0,80.0,2024-12-03,32,simule_distributions_ademe_2023
60097,D,F,appartement,1982,106.1,302.0,2024-12-03,32,simule_distributions_ademe_2023
62358,F,B,appartement,1957,40.0,380.0,2024-12-04,32,simule_distributions_ademe_2023
02146,G,F,appartement,1933,76.8,507.0,2024-12-04,32,simule_distributions_ademe_2023
62249,E,F,appartement,1991,138.3,426.0,2024-12-04,32,simule_distributions_ademe_2023
80039,D,E,maison,1992,79.0,254.0,2024-12-04,32,simule_distributions_ademe_2023
60072,D,E,maison,1973,108.8,296.0,2024-12-05,32,simule_distributions_ademe_2023
60297,D,E,appartement,1994,245.4,283.0,2024-12-05,32,simule_distributions_ademe_2023
62171,E,D,appartement,1986,85.4,492.0,2024-12-05,32,simule_distributions_ademe_2023
80238,G,F,appartement,1933,63.8,537.0,2024-12-05,32,simule_distributions_ademe_2023
02356,D,F,maison,1987,44.0,186.0,2024-12-06,32,simule_distributions_ademe_2023
80262,D,C,appartement,1990,113.3,191.0,2024-12-06,32,simule_distributions_ademe_2023
60204,C,G,maison,2014,179.4,297.0,2024-12-06,32,simule_distributions_ademe_2023
59333,D,E,maison,1977,62.5,174.0,2024-12-06,32,simule_distributions_ademe_2023
62302,F,F,immeuble,1960,45.8,343.0,2024-12-07,32,simule_distributions_ademe_2023
60339,F,E,maison,1920,85.5,545.0,2024-12-07,32,simule_distributions_ademe_2023
60166,E,E,appartement,1978,110.0,474.0,2024-12-07,32,simule_distributions_ademe_2023
02363,E,G,appartement,1979,107.1,604.0,2024-12-07,32,simule_distributions_ademe_2023
62067,G,D,maison,1955,30.3,619.0,2024-12-08,32,simule_distributions_ademe_2023
59120,G,E,appartement,1954,47.4,412.0,2024-12-08,32,simule_distributions_ademe_2023
80134,G,E,appartement,1927,34.5,582.0,2024-12-08,32,simule_distributions_ademe_2023
80071,F,D,appartement,1926,56.6,429.0,2024-12-08,32,simule_distributions_ademe_2023
02303,B,D,appartement,2019,21.8,129.0,2024-12-09,32,simule_distributions_ademe_2023
60105,G,D,appartement,1974,134.3,431.0,2024-12-09,32,simule_distributions_ademe_2023
62293,G,B,maison,1931,53.7,488.0,2024-12-09,32,simule_distributions_ademe_2023
80118,C,C,maison,1989,65.2,320.0,2024-12-10,32,simule_distributions_ademe_2023
80292,D,F,maison,1989,67.5,240.0,2024-12-10,32,simule_distributions_ademe_2023
59143,C,F,appartement,1985,89.3,241.0,2024-12-10,32,simule_distributions_ademe_2023
59054,F,C,appartement,1966,65.8,471.0,2024-12-10,32,simule_distributions_ademe_2023
02262,D,D,appartement,1983,81.9,231.0,2024-12-11,32,simule_distributions_ademe_2023
62037,G,E,appartement,1935,174.3,634.0,2024-12-11,32,simule_distributions_ademe_2023
80371,G,D,maison,1958,69.6,474.0,2024-12-11,32,simule_distributions_ademe_2023
80277,D,D,appartement,1987,74.3,236.0,2024-12-11,32,simule_distributions_ademe_2023
59065,E,G,maison,1977,92.3,338.0,2024-12-12,32,simule_distributions_ademe_2023
59086,E,F,appartement,1966,68.7,449.0,2024-12-12,32,simule_distributions_ademe_2023
02292,G,F,appartement,1968,68.0,595.0,2024-12-12,32,simule_distributions_ademe_2023
80341,D,F,appartement,1971,74.5,179.0,2024-12-12,32,simule_distributions_ademe_2023
02152,E,C,maison,1991,83.5,510.0,2024-12-13,32,simule_distributions_ademe_2023
60315,F,D,appartement,1931,140.5,387.0,2024-12-13,32,simule_distributions_ademe_2023
02073,D,D,appartement,1978,54.1,263.0,2024-12-13,32,simule_distributions_ademe_2023
80335,E,D,appartement,1976,69.4,593.0,2024-12-13,32,simule_distributions_ademe_2023
02003,F,D,appartement,1934,130.4,535.0,2024-12-14,32,simule_distributions_ademe_2023
59170,E,D,immeuble,1968,44.8,338.0,2024-12-14,32,simule_distributions_ademe_2023
80169,B,C,appartement,1991,65.1,118.0,2024-12-14,32,simule_distributions_ademe_2023
02193,E,E,appartement,1967,37.4,660.0,2024-12-14,32,simule_distributions_ademe_2023
62180,F,E,maison,1932,63.6,546.0,2024-12-15,32,simule_distributions_ademe_2023
60007,D,E,appartement,1978,245.2,237.0,2024-12-15,32,simule_distributions_ademe_2023
80060,C,B,appartement,2003,126.9,280.0,2024-12-15,32,simule_distributions_ademe_2023
80322,E,E,maison,1974,208.4,394.0,2024-12-15,32,simule_distributions_ademe_2023
59372,F,E,appartement,1930,105.8,342.0,2024-12-16,32,simule_distributions_ademe_2023
59093,G,G,maison,1965,22.7,625.0,2024-12-16,32,simule_distributions_ademe_2023
80142,G,C,maison,1921,81.0,557.0,2024-12-16,32,simule_distributions_ademe_2023
59111,F,F,appartement,1920,41.2,553.0,2024-12-16,32,simule_distributions_ademe_2023
60230,G,E,appartement,1946,58.9,487.0,2024-12-17,32,simule_distributions_ademe_2023
59146,E,D,maison,1982,94.1,626.0,2024-12-17,32,simule_distributions_ademe_2023
80019,E,F,appartement,1983,57.2,690.0,2024-12-17,32,simule_distributions_ademe_2023
59200,E,B,immeuble,1978,29.7,657.0,2024-12-17,32,simule_distributions_ademe_2023
62362,F,D,appartement,1962,103.7,595.0,2024-12-18,32,simule_distributions_ademe_2023
59307,B,F,maison,2015,47.8,89.0,2024-12-18,32,simule_distributions_ademe_2023
02152,G,D,appartement,1945,37.7,433.0,2024-12-18,32,simule_distributions_ademe_2023
60037,E,D,maison,1985,51.5,494.0,2024-12-18,32,simule_distributions_ademe_2023
62026,F,F,maison,1961,68.6,585.0,2024-12-19,32,simule_distributions_ademe_2023
59143,D,F,appartement,1973,68.1,213.0,2024-12-19,32,simule_distributions_ademe_2023
62164,E,D,maison,1979,42.7,440.0,2024-12-19,32,simule_distributions_ademe_2023
62391,E,D,appartement,1987,80.6,402.0,2024-12-19,32,simule_distributions_ademe_2023
02256,F,F,appartement,1968,44.4,562.0,2024-12-20,32,simule_distributions_ademe_2023
60248,F,C,appartement,1943,23.6,619.0,2024-12-20,32,simule_distributions_ademe_2023
02367,F,F,maison,1934,47.7,631.0,2024-12-20,32,simule_distributions_ademe_2023
02261,G,G,appartement,1922,64.8,428.0,2024-12-21,32,simule_distributions_ademe_2023
02064,E,E,maison,1993,58.9,627.0,2024-12-21,32,simule_distributions_ademe_2023
62255,G,F,maison,1968,69.2,444.0,2024-12-21,32,simule_distributions_ademe_2023
80006,E,G,appartement,1979,50.4,535.0,2024-12-21,32,simule_distributions_ademe_2023
59203,C,E,maison,2017,42.6,273.0,2024-12-22,32,simule_distributions_ademe_2023
60053,D,D,maison,1987,57.1,155.0,2024-12-22,32,simule_distributions_ademe_2023
80382,F,D,maison,1933,85.9,478.0,2024-12-22,32,simule_distributions_ademe_2023
80181,G,E,maison,1956,48.8,542.0,2024-12-22,32,simule_distributions_ademe_2023
59284,C,D,appartement,2003,79.7,216.0,2024-12-23,32,simule_distributions_ademe_2023
60004,D,E,appartement,1989,83.7,152.0,2024-12-23,32,simule_distributions_ademe_2023
62042,E,G,appartement,1979,55.1,381.0,2024-12-23,32,simule_distributions_ademe_2023
02190,E,F,maison,1987,68.6,491.0,2024-12-23,32,simule_distributions_ademe_2023
60034,B,B,appartement,2012,45.1,54.0,2024-12-24,32,simule_distributions_ademe_2023
02118,F,F,maison,1920,185.2,461.0,2024-12-24,32,simule_distributions_ademe_2023
62017,C,D,appartement,2015,75.6,181.0,2024-12-24,32,simule_distributions_ademe_2023
02051,G,F,appartement,1939,52.1,688.0,2024-12-24,32,simule_distributions_ademe_2023
60390,C,F,appartement,1987,126.3,326.0,2024-12-25,32,simule_distributions_ademe_2023
60133,D,G,maison,1986,82.4,319.0,2024-12-25,32,simule_distributions_ademe_2023
02148,B,E,appartement,2001,37.8,53.0,2024-12-25,32,simule_distributions_ademe_2023
59317,E,F,maison,1975,39.1,483.0,2024-12-25,32,simule_distributions_ademe_2023
60041,D,A,maison,1968,143.5,209.0,2024-12-26,32,simule_distributions_ademe_2023
80049,A,F,appartement,1998,39.9,93.0,2024-12-26,32,simule_distributions_ademe_2023
80123,E,D,appartement,1982,212.8,522.0,2024-12-26,32,simule_distributions_ademe_2023
60161,D,D,appartement,1972,65.0,287.0,2024-12-26,32,simule_distributions_ademe_2023
60198,F,E,maison,1932,74.9,332.0,2024-12-27,32,simule_distributions_ademe_2023
60068,F,D,appartement,1943,63.5,612.0,2024-12-27,32,simule_distributions_ademe_2023
80368,F,F,maison,1955,52.3,537.0,2024-12-27,32,simule_distributions_ademe_2023
02262,D,B,appartement,1994,83.5,257.0,2024-12-27,32,simule_distributions_ademe_2023
80347,G,C,maison,1947,74.0,365.0,2024-12-28,32,simule_distributions_ademe_2023
62320,E,D,maison,1986,73.8,657.0,2024-12-28,32,simule_distributions_ademe_2023
59267,F,F,appartement,1955,56.1,490.0,2024-12-28,32,simule_distributions_ademe_2023
02083,C,E,maison,1988,64.7,214.0,2024-12-28,32,simule_distributions_ademe_2023
62323,G,C,immeuble,1927,212.9,690.0,2024-12-29,32,simule_distributions_ademe_2023
80326,B,F,appartement,2014,51.6,65.0,2024-12-29,32,simule_distributions_ademe_2023
60292,D,F,maison,1970,92.4,166.0,2024-12-29,32,simule_distributions_ademe_2023
60367,E,E,maison,1977,126.2,637.0,2024-12-29,32,simule_distributions_ademe_2023
80069,F,G,maison,1958,63.8,685.0,2024-12-30,32,simule_distributions_ademe_2023
59130,F,D,maison,1966,103.1,395.0,2024-12-30,32,simule_distributions_ademe_2023
62349,C,B,appartement,2011,71.9,162.0,2024-12-30,32,simule_distributions_ademe_2023
62105,F,B,maison,1968,128.9,453.0,2024-12-31,32,simule_distributions_ademe_2023
